# best solutions
1, 17, 19, 8, 11, 21, 34, 32, 22, 20, 23, 4, 7, 3, 28, 27, 5, 13, 6, 31, 14, 2, 10, 24, 15, 30, 33, 29, 25, 12, 16, 9, 26, 18, 1,7.03428
1, 31, 24, 20, 4, 2, 34, 6, 19, 27, 17, 26, 13, 8, 15, 32, 5, 25, 28, 11, 3, 29, 22, 7, 12, 16, 10, 9, 21, 33, 30, 23, 14, 18, 1,7.15022
1, 31, 18, 26, 24, 20, 4, 2, 34, 6, 19, 27, 17, 13, 8, 15, 32, 5, 25, 28, 11, 3, 22, 30, 29, 7, 9, 14, 12, 16, 10, 21, 33, 23, 1,7.75859
1, 31, 18, 26, 15, 19, 33, 22, 32, 2, 5, 17, 21, 4, 7, 23, 3, 14, 20, 16, 24, 8, 28, 11, 34, 12, 30, 13, 6, 27, 25, 29, 9, 10, 1,5.58111
1, 31, 18, 26, 24, 20, 5, 25, 28, 11, 3, 15, 19, 33, 22, 32, 2, 17, 21, 4, 7, 23, 14, 16, 8, 34, 12, 30, 13, 6, 27, 29, 9, 10, 1,5.90167
1, 31, 18, 26, 8, 9, 34, 15, 21, 4, 20, 3, 12, 11, 24, 28, 25, 5, 19, 16, 10, 14, 27, 33, 32, 17, 29, 6, 13, 30, 2, 22, 7, 23, 1,5.23366
1, 31, 18, 26, 8, 9, 34, 15, 21, 4, 20, 3, 12, 11, 24, 28, 25, 19, 33, 22, 32, 2, 5, 16, 10, 14, 27, 17, 29, 6, 13, 30, 7, 23, 1,5.06397
1, 31, 18, 26, 8, 9, 34, 15, 21, 4, 20, 3, 12, 11, 24, 28, 25, 5, 19, 33, 22, 32, 2, 16, 10, 14, 27, 17, 29, 6, 13, 30, 7, 23, 1,4.69927
1, 31, 18, 26, 8, 9, 34, 15, 21, 4, 20, 3, 12, 11, 24, 28, 25, 5, 19, 33, 22, 32, 2, 16, 10, 14, 17, 27, 29, 6, 13, 30, 7, 23, 1,4.22087
1, 31, 18, 26, 8, 9, 34, 15, 21, 4, 20, 3, 12, 11, 24, 28, 25, 5, 19, 33, 22, 32, 2, 16, 10, 14, 17, 27, 29, 6, 13, 30, 7, 23, 1,4.22087
1, 31, 18, 26, 8, 9, 34, 15, 21, 4, 32, 2, 16, 10, 17, 14, 27, 29, 6, 13, 22, 20, 3, 12, 11, 24, 28, 25, 5, 19, 33, 30, 7, 23, 1,4.19489
1, 31, 18, 26, 8, 9, 10, 34, 15, 21, 4, 20, 3, 12, 11, 24, 28, 25, 5, 19, 33, 22, 32, 2, 16, 14, 17, 27, 29, 6, 13, 30, 7, 23, 1,3.95997
1, 31, 18, 26, 8, 9, 34, 15, 21, 4, 20, 3, 12, 10, 11, 24, 28, 25, 5, 19, 33, 22, 32, 2, 16, 14, 17, 27, 29, 6, 13, 30, 7, 23, 1,3.6881
1, 31, 18, 26, 8, 9, 34, 15, 21, 4, 20, 3, 12, 10, 11, 24, 28, 25, 5, 19, 33, 22, 32, 2, 16, 14, 17, 27, 29, 6, 13, 30, 7, 23, 1,3.6881
1, 31, 18, 26, 8, 9, 34, 15, 21, 4, 20, 3, 12, 10, 11, 24, 28, 25, 5, 19, 33, 22, 32, 2, 14, 16, 17, 27, 29, 6, 13, 30, 7, 23, 1,3.64125
1, 31, 18, 26, 8, 9, 34, 15, 21, 4, 20, 3, 12, 10, 11, 24, 28, 25, 5, 19, 33, 22, 30, 7, 32, 2, 14, 16, 17, 27, 29, 6, 13, 23, 1,3.5079
1, 31, 18, 26, 8, 3, 12, 10, 11, 24, 28, 25, 5, 19, 33, 22, 32, 2, 14, 16, 17, 27, 29, 6, 13, 9, 34, 15, 21, 4, 20, 30, 7, 23, 1,2.96293
1, 31, 18, 26, 8, 3, 12, 10, 11, 24, 28, 25, 5, 19, 33, 22, 32, 2, 14, 16, 17, 27, 29, 6, 13, 9, 34, 15, 21, 4, 20, 7, 30, 23, 1,2.95026
1, 31, 18, 26, 8, 3, 12, 10, 11, 24, 28, 25, 5, 19, 33, 22, 32, 2, 14, 16, 17, 27, 29, 6, 13, 9, 34, 15, 21, 4, 20, 30, 7, 23, 1,2.96293
1, 31, 18, 26, 8, 3, 12, 10, 11, 24, 28, 25, 5, 19, 33, 22, 32, 21, 14, 16, 17, 27, 29, 6, 13, 9, 34, 15, 2, 4, 20, 30, 7, 23, 1,2.96153
1, 15, 31, 18, 26, 8, 3, 21, 4, 20, 30, 7, 23, 12, 10, 11, 24, 28, 25, 5, 19, 33, 22, 32, 2, 14, 16, 17, 27, 29, 6, 13, 9, 34, 1,2.62597
1, 15, 31, 18, 26, 8, 3, 21, 4, 20, 30, 7, 23, 12, 10, 11, 24, 28, 25, 5, 19, 33, 22, 32, 2, 14, 16, 17, 27, 29, 6, 13, 9, 34, 1,2.62597
1, 15, 31, 18, 26, 8, 3, 21, 4, 20, 30, 7, 23, 12, 10, 11, 24, 28, 25, 5, 19, 33, 22, 32, 2, 14, 16, 17, 27, 29, 6, 13, 9, 34, 1,2.62597
1, 31, 18, 26, 8, 3, 14, 16, 17, 27, 29, 25, 5, 19, 33, 22, 32, 2, 15, 21, 4, 20, 30, 7, 23, 12, 10, 11, 24, 28, 6, 13, 9, 34, 1,2.54515
1, 31, 18, 26, 8, 3, 14, 16, 17, 27, 29, 25, 5, 19, 33, 22, 32, 2, 15, 12, 10, 11, 24, 28, 6, 13, 9, 21, 4, 20, 30, 7, 23, 34, 1,2.43825
1, 15, 31, 18, 26, 8, 3, 14, 16, 17, 27, 29, 25, 5, 19, 33, 22, 32, 2, 21, 4, 20, 30, 7, 23, 12, 10, 11, 24, 28, 6, 13, 9, 34, 1,2.17664
1, 15, 31, 18, 26, 8, 3, 14, 16, 17, 27, 29, 25, 5, 19, 33, 22, 32, 2, 21, 4, 20, 30, 7, 23, 12, 10, 11, 24, 28, 6, 13, 9, 34, 1,2.17664
1, 15, 31, 18, 26, 8, 3, 14, 16, 17, 27, 29, 25, 5, 19, 33, 22, 32, 2, 21, 4, 20, 30, 7, 23, 12, 10, 11, 24, 28, 6, 13, 9, 34, 1,2.17664
1, 15, 31, 18, 26, 8, 3, 14, 16, 17, 27, 29, 25, 5, 19, 33, 22, 32, 2, 21, 4, 20, 30, 7, 23, 12, 10, 11, 24, 28, 6, 13, 9, 34, 1,2.17664
1, 15, 31, 18, 26, 8, 3, 14, 16, 17, 27, 29, 25, 5, 19, 33, 22, 32, 2, 21, 4, 20, 30, 7, 23, 12, 10, 11, 24, 28, 6, 13, 9, 34, 1,2.17664
1, 15, 31, 18, 26, 8, 3, 14, 16, 17, 27, 29, 25, 5, 19, 33, 22, 32, 2, 21, 4, 20, 30, 7, 23, 12, 10, 11, 24, 28, 6, 13, 9, 34, 1,2.17664
1, 15, 31, 18, 26, 8, 3, 14, 16, 17, 27, 29, 25, 5, 19, 33, 22, 32, 2, 21, 4, 20, 30, 7, 23, 12, 10, 11, 24, 28, 6, 13, 9, 34, 1,2.17664
1, 15, 31, 18, 26, 8, 3, 14, 16, 17, 27, 29, 25, 5, 19, 33, 4, 32, 2, 21, 22, 20, 30, 7, 23, 12, 10, 11, 24, 28, 6, 13, 9, 34, 1,2.15235
1, 15, 34, 9, 13, 6, 28, 24, 11, 10, 12, 23, 7, 30, 20, 4, 21, 2, 32, 22, 33, 19, 5, 25, 29, 27, 17, 16, 14, 3, 8, 26, 18, 31, 1,2.11161
1, 18, 31, 15, 26, 8, 3, 14, 16, 17, 27, 29, 25, 5, 19, 33, 22, 32, 2, 21, 4, 23, 30, 7, 20, 12, 10, 11, 24, 28, 6, 13, 9, 34, 1,1.99217
1, 18, 31, 15, 26, 8, 3, 14, 16, 17, 27, 29, 25, 5, 19, 33, 22, 32, 2, 21, 4, 23, 30, 7, 20, 12, 10, 11, 24, 28, 6, 13, 9, 34, 1,1.99217
1, 18, 31, 15, 26, 8, 3, 14, 16, 17, 27, 29, 25, 5, 19, 33, 22, 32, 2, 21, 4, 23, 30, 7, 20, 12, 10, 11, 24, 28, 6, 13, 9, 34, 1,1.99217
1, 18, 31, 15, 26, 8, 3, 14, 16, 17, 27, 29, 25, 5, 19, 33, 22, 32, 2, 21, 4, 23, 30, 7, 20, 12, 10, 11, 24, 28, 6, 13, 9, 34, 1,1.99217
1, 15, 31, 18, 26, 8, 3, 14, 16, 17, 29, 27, 25, 5, 19, 33, 22, 32, 2, 21, 4, 23, 30, 7, 20, 12, 10, 11, 24, 28, 6, 13, 9, 34, 1,1.98536
1, 15, 31, 18, 26, 8, 3, 14, 16, 17, 29, 27, 25, 5, 19, 33, 22, 32, 2, 21, 4, 23, 30, 7, 20, 12, 10, 11, 24, 28, 6, 13, 9, 34, 1,1.98536
1, 18, 31, 15, 26, 8, 3, 14, 16, 17, 29, 27, 25, 5, 19, 33, 22, 32, 2, 21, 4, 23, 30, 7, 20, 12, 10, 11, 24, 28, 6, 13, 9, 34, 1,1.96429
1, 15, 26, 8, 3, 14, 16, 17, 29, 27, 25, 5, 19, 33, 22, 32, 2, 21, 4, 23, 30, 7, 20, 12, 31, 18, 10, 11, 24, 28, 6, 13, 9, 34, 1,1.95083
1, 18, 31, 15, 26, 8, 3, 14, 16, 17, 29, 27, 25, 5, 19, 33, 22, 32, 2, 21, 4, 23, 30, 7, 20, 12, 10, 11, 24, 28, 6, 13, 9, 34, 1,1.96429
1, 18, 31, 15, 26, 8, 3, 14, 16, 17, 29, 27, 25, 5, 19, 33, 22, 32, 21, 2, 4, 23, 30, 7, 20, 12, 10, 11, 24, 28, 6, 13, 9, 34, 1,1.96306
1, 18, 31, 15, 26, 8, 13, 6, 28, 24, 11, 10, 12, 20, 7, 30, 23, 4, 21, 2, 32, 22, 33, 19, 5, 25, 27, 29, 17, 16, 14, 3, 9, 34, 1,1.95807
1, 18, 31, 15, 26, 8, 13, 6, 28, 24, 11, 10, 12, 20, 7, 30, 23, 4, 21, 2, 32, 22, 33, 19, 5, 25, 27, 29, 17, 16, 14, 3, 9, 34, 1,1.95807
1, 18, 31, 15, 26, 8, 3, 13, 6, 28, 24, 11, 10, 12, 20, 7, 30, 23, 4, 21, 2, 32, 22, 33, 19, 5, 25, 27, 29, 17, 16, 14, 9, 34, 1,1.94511
1, 18, 31, 15, 26, 8, 13, 6, 28, 24, 11, 10, 12, 20, 7, 30, 23, 4, 21, 2, 32, 22, 33, 19, 5, 29, 27, 25, 17, 16, 14, 3, 9, 34, 1,1.86637
1, 18, 31, 15, 26, 8, 13, 6, 28, 24, 11, 10, 12, 20, 7, 30, 23, 4, 21, 2, 32, 22, 33, 19, 5, 29, 27, 25, 17, 16, 3, 14, 9, 34, 1,1.86109
1, 18, 31, 15, 26, 8, 3, 13, 6, 28, 24, 11, 10, 12, 20, 7, 30, 23, 4, 21, 2, 32, 22, 33, 19, 5, 29, 27, 25, 17, 16, 14, 9, 34, 1,1.85341
1, 18, 31, 15, 26, 8, 3, 13, 6, 28, 24, 11, 10, 12, 20, 7, 30, 23, 4, 21, 2, 32, 22, 33, 19, 5, 29, 27, 25, 17, 16, 14, 9, 34, 1,1.85341
1, 18, 31, 15, 26, 8, 3, 13, 6, 28, 24, 11, 10, 12, 20, 7, 30, 23, 4, 21, 2, 32, 22, 33, 19, 5, 29, 27, 25, 17, 16, 14, 9, 34, 1,1.85341
1, 18, 31, 15, 26, 8, 3, 13, 6, 28, 11, 24, 10, 12, 20, 7, 30, 23, 4, 21, 2, 32, 22, 33, 19, 5, 29, 27, 25, 17, 16, 14, 9, 34, 1,1.81561
1, 18, 31, 15, 26, 8, 3, 13, 6, 28, 11, 24, 10, 12, 20, 7, 30, 23, 4, 21, 2, 32, 22, 33, 19, 5, 29, 27, 25, 17, 16, 14, 9, 34, 1,1.81561
1, 18, 31, 15, 26, 8, 3, 13, 6, 28, 11, 24, 10, 12, 20, 7, 30, 23, 4, 21, 2, 32, 22, 33, 19, 5, 29, 27, 25, 17, 16, 14, 9, 34, 1,1.81561
1, 18, 31, 15, 26, 8, 3, 13, 6, 28, 11, 24, 10, 12, 20, 7, 30, 23, 4, 21, 2, 32, 22, 33, 19, 29, 5, 27, 25, 17, 16, 14, 9, 34, 1,1.74317
1, 18, 31, 15, 26, 8, 3, 13, 6, 28, 11, 24, 10, 12, 20, 7, 30, 23, 4, 21, 2, 32, 22, 33, 19, 29, 5, 27, 25, 17, 16, 14, 9, 34, 1,1.74317
1, 18, 31, 15, 26, 8, 3, 13, 6, 28, 11, 24, 10, 12, 20, 7, 30, 23, 4, 21, 2, 32, 22, 33, 19, 29, 5, 27, 25, 17, 16, 14, 9, 34, 1,1.74317
1, 18, 31, 15, 34, 9, 14, 16, 17, 25, 27, 5, 29, 19, 33, 22, 32, 2, 21, 4, 23, 30, 7, 20, 12, 10, 24, 11, 28, 6, 13, 3, 8, 26, 1,1.7117
1, 18, 31, 15, 26, 8, 3, 13, 6, 28, 11, 24, 10, 34, 9, 14, 16, 17, 25, 27, 5, 29, 19, 33, 22, 32, 2, 21, 4, 23, 30, 7, 20, 12, 1,1.70351
1, 18, 31, 15, 26, 8, 3, 13, 6, 28, 11, 24, 10, 34, 9, 14, 16, 17, 25, 27, 5, 29, 19, 33, 22, 32, 2, 21, 4, 23, 30, 7, 20, 12, 1,1.70351
1, 18, 31, 15, 26, 8, 3, 13, 6, 28, 11, 24, 10, 34, 9, 14, 16, 17, 25, 27, 5, 29, 19, 33, 22, 32, 2, 21, 4, 23, 30, 7, 20, 12, 1,1.70351
1, 18, 31, 15, 26, 8, 3, 13, 6, 28, 11, 24, 10, 34, 9, 14, 16, 17, 25, 27, 5, 29, 19, 33, 22, 32, 2, 21, 4, 23, 30, 7, 20, 12, 1,1.70351
1, 18, 31, 15, 26, 8, 3, 13, 6, 28, 11, 24, 10, 34, 9, 14, 16, 17, 25, 27, 5, 29, 19, 33, 22, 32, 2, 21, 4, 23, 30, 7, 20, 12, 1,1.70351
1, 18, 31, 15, 26, 8, 3, 13, 6, 28, 11, 24, 10, 34, 9, 14, 16, 17, 25, 27, 5, 29, 19, 33, 22, 32, 2, 21, 4, 23, 30, 7, 20, 12, 1,1.70351
1, 18, 31, 15, 26, 8, 3, 13, 6, 28, 11, 24, 10, 34, 9, 14, 16, 17, 25, 27, 5, 29, 19, 33, 22, 32, 2, 21, 4, 23, 30, 7, 20, 12, 1,1.70351
1, 18, 31, 12, 20, 7, 30, 23, 4, 21, 2, 32, 22, 33, 19, 29, 5, 27, 25, 17, 16, 14, 9, 34, 10, 24, 11, 28, 6, 13, 3, 8, 26, 15, 1,1.69336
1, 18, 31, 12, 20, 7, 30, 23, 4, 21, 2, 32, 22, 33, 19, 29, 5, 27, 25, 17, 16, 14, 9, 34, 10, 24, 11, 28, 6, 13, 3, 8, 26, 15, 1,1.69336
1, 18, 31, 12, 20, 7, 30, 23, 4, 21, 2, 32, 22, 33, 19, 29, 5, 27, 25, 17, 16, 14, 9, 34, 10, 24, 11, 28, 6, 13, 3, 8, 26, 15, 1,1.69336
1, 18, 31, 15, 12, 20, 7, 30, 23, 4, 21, 2, 32, 22, 33, 19, 29, 5, 27, 25, 17, 16, 14, 9, 34, 10, 24, 11, 28, 6, 13, 3, 8, 26, 1,1.69081
1, 18, 31, 12, 15, 20, 7, 30, 23, 4, 21, 2, 32, 22, 33, 19, 29, 5, 27, 25, 17, 16, 14, 9, 34, 10, 24, 11, 28, 6, 13, 3, 8, 26, 1,1.67529
1, 18, 31, 12, 15, 20, 7, 30, 23, 4, 21, 2, 32, 22, 33, 19, 29, 5, 27, 25, 17, 16, 14, 9, 34, 10, 24, 11, 28, 6, 13, 3, 8, 26, 1,1.67529
1, 18, 31, 15, 12, 20, 7, 30, 23, 4, 21, 22, 32, 2, 33, 19, 29, 5, 27, 25, 17, 16, 14, 9, 34, 10, 24, 11, 28, 6, 13, 3, 8, 26, 1,1.63731
1, 18, 31, 15, 12, 20, 7, 30, 23, 4, 21, 22, 32, 2, 33, 19, 29, 5, 27, 25, 17, 16, 14, 9, 34, 10, 24, 11, 28, 6, 13, 3, 8, 26, 1,1.63731
1, 18, 31, 12, 15, 20, 7, 30, 23, 4, 21, 22, 32, 2, 33, 19, 29, 5, 27, 25, 17, 16, 14, 9, 34, 10, 24, 11, 28, 6, 13, 3, 8, 26, 1,1.62179
1, 18, 31, 12, 15, 20, 7, 30, 23, 4, 21, 22, 32, 2, 33, 19, 29, 5, 27, 25, 17, 16, 14, 9, 34, 10, 24, 11, 28, 6, 13, 3, 8, 26, 1,1.62179
1, 18, 31, 12, 15, 20, 7, 30, 23, 4, 21, 22, 32, 2, 33, 19, 29, 5, 27, 25, 17, 16, 14, 9, 34, 10, 24, 11, 28, 6, 13, 3, 8, 26, 1,1.62179
1, 18, 31, 12, 15, 20, 7, 30, 23, 4, 21, 22, 32, 2, 33, 19, 29, 5, 27, 25, 17, 3, 13, 6, 28, 11, 24, 10, 34, 9, 14, 16, 8, 26, 1,1.61723
1, 18, 31, 12, 15, 20, 7, 30, 23, 4, 21, 22, 32, 2, 33, 19, 29, 5, 27, 25, 17, 16, 14, 3, 13, 6, 28, 11, 24, 10, 34, 9, 8, 26, 1,1.50284
1, 18, 31, 12, 15, 20, 7, 30, 23, 4, 21, 22, 32, 2, 33, 19, 29, 5, 27, 25, 17, 16, 14, 3, 13, 6, 28, 11, 24, 10, 34, 9, 8, 26, 1,1.50284
1, 18, 31, 12, 15, 20, 7, 30, 23, 4, 21, 22, 32, 2, 33, 19, 29, 5, 27, 25, 17, 16, 14, 3, 13, 6, 28, 11, 24, 10, 34, 9, 8, 26, 1,1.50284
1, 18, 31, 12, 15, 20, 7, 30, 23, 4, 21, 22, 32, 2, 33, 19, 29, 5, 27, 25, 17, 16, 14, 3, 13, 6, 28, 11, 24, 10, 34, 9, 8, 26, 1,1.50284
1, 18, 31, 12, 15, 20, 7, 30, 23, 4, 21, 22, 32, 2, 33, 19, 29, 5, 27, 25, 17, 16, 14, 3, 13, 6, 28, 11, 24, 10, 34, 9, 8, 26, 1,1.50284
1, 18, 31, 12, 15, 20, 7, 30, 23, 4, 21, 22, 32, 2, 33, 19, 29, 5, 27, 25, 17, 16, 14, 3, 13, 6, 28, 11, 24, 10, 9, 8, 34, 26, 1,1.48647
1, 18, 31, 12, 15, 20, 7, 30, 23, 4, 21, 22, 32, 2, 33, 19, 29, 5, 27, 25, 17, 16, 14, 3, 13, 6, 28, 11, 24, 10, 9, 8, 34, 26, 1,1.48647
1, 18, 31, 12, 15, 20, 7, 30, 23, 4, 21, 22, 32, 2, 33, 19, 29, 27, 5, 25, 17, 16, 14, 3, 13, 6, 28, 11, 24, 10, 9, 8, 34, 26, 1,1.39856
1, 18, 31, 12, 15, 20, 7, 30, 23, 4, 21, 22, 32, 2, 33, 19, 29, 27, 5, 25, 17, 16, 14, 3, 13, 6, 28, 11, 24, 10, 9, 8, 34, 26, 1,1.39856
1, 18, 31, 12, 15, 20, 7, 30, 23, 4, 21, 22, 32, 2, 33, 19, 29, 27, 5, 25, 17, 16, 14, 3, 13, 6, 28, 11, 24, 10, 9, 8, 34, 26, 1,1.39856
1, 18, 31, 12, 15, 20, 7, 30, 23, 4, 21, 22, 32, 2, 33, 19, 29, 27, 5, 25, 17, 16, 14, 3, 13, 6, 28, 11, 24, 10, 9, 8, 34, 26, 1,1.39856
1, 18, 31, 12, 15, 20, 7, 30, 23, 4, 21, 22, 32, 2, 33, 19, 29, 27, 5, 25, 17, 16, 14, 3, 13, 6, 28, 11, 24, 10, 9, 8, 34, 26, 1,1.39856
1, 18, 31, 12, 15, 20, 7, 30, 23, 4, 21, 22, 32, 2, 33, 19, 29, 27, 5, 25, 17, 16, 14, 3, 13, 6, 28, 11, 24, 10, 9, 8, 34, 26, 1,1.39856
1, 18, 31, 12, 15, 20, 7, 30, 23, 4, 21, 22, 32, 2, 33, 19, 29, 27, 5, 25, 17, 16, 14, 3, 13, 6, 28, 11, 24, 10, 9, 8, 34, 26, 1,1.39856
1, 18, 31, 12, 15, 20, 7, 30, 23, 22, 21, 4, 32, 2, 33, 19, 29, 27, 5, 25, 17, 16, 14, 3, 13, 6, 28, 11, 24, 10, 9, 8, 34, 26, 1,1.3983
1, 18, 31, 12, 15, 20, 7, 30, 23, 22, 21, 4, 32, 2, 33, 19, 29, 27, 5, 25, 17, 16, 14, 3, 13, 6, 28, 11, 24, 10, 9, 8, 34, 26, 1,1.3983
1, 18, 31, 12, 15, 20, 23, 30, 7, 4, 21, 22, 32, 2, 33, 19, 29, 27, 5, 25, 17, 16, 14, 3, 13, 6, 28, 11, 24, 10, 9, 8, 34, 26, 1,1.36838
1, 18, 31, 12, 15, 20, 23, 30, 7, 4, 22, 21, 32, 2, 33, 19, 29, 27, 5, 25, 17, 16, 14, 3, 13, 6, 28, 11, 24, 10, 9, 8, 34, 26, 1,1.3598
1, 18, 31, 12, 15, 20, 23, 30, 7, 4, 22, 21, 32, 2, 33, 19, 29, 27, 5, 25, 17, 16, 14, 3, 13, 6, 28, 11, 24, 10, 9, 8, 34, 26, 1,1.3598
1, 18, 31, 12, 15, 20, 23, 30, 7, 4, 32, 21, 22, 2, 33, 19, 29, 27, 5, 25, 17, 16, 14, 3, 13, 6, 28, 11, 24, 10, 9, 8, 34, 26, 1,1.31278
1, 18, 31, 12, 15, 20, 23, 30, 7, 4, 32, 21, 22, 2, 33, 19, 29, 27, 5, 25, 17, 16, 14, 3, 13, 6, 28, 11, 24, 10, 9, 8, 34, 26, 1,1.31278
1, 18, 31, 12, 15, 20, 23, 30, 7, 4, 32, 21, 22, 2, 33, 19, 29, 27, 5, 25, 17, 16, 14, 3, 13, 6, 28, 11, 24, 10, 9, 8, 34, 26, 1,1.31278
1, 18, 31, 12, 15, 20, 23, 30, 7, 4, 32, 21, 22, 2, 33, 19, 29, 27, 5, 25, 17, 16, 14, 3, 13, 6, 28, 11, 24, 10, 8, 9, 34, 26, 1,1.23847
1, 18, 31, 12, 15, 20, 23, 30, 7, 4, 32, 21, 22, 2, 33, 19, 29, 27, 5, 25, 17, 16, 14, 3, 13, 6, 28, 11, 24, 10, 8, 9, 34, 26, 1,1.23847
1, 18, 31, 12, 15, 20, 23, 30, 7, 4, 32, 21, 22, 2, 33, 19, 29, 27, 5, 25, 17, 16, 14, 3, 13, 6, 28, 11, 24, 10, 8, 9, 34, 26, 1,1.23847
1, 18, 31, 12, 15, 20, 23, 30, 7, 4, 32, 21, 22, 2, 33, 19, 29, 27, 5, 25, 17, 16, 14, 3, 13, 6, 28, 11, 24, 10, 8, 9, 34, 26, 1,1.23847
1, 18, 31, 12, 15, 20, 23, 30, 7, 4, 32, 21, 22, 2, 33, 19, 29, 27, 5, 25, 17, 16, 14, 3, 13, 6, 28, 11, 24, 10, 8, 9, 34, 26, 1,1.23847
1, 18, 31, 12, 15, 20, 23, 30, 7, 4, 32, 21, 22, 2, 33, 19, 29, 27, 5, 25, 17, 16, 14, 3, 13, 6, 28, 11, 24, 10, 8, 9, 34, 26, 1,1.23847
1, 18, 31, 12, 15, 20, 23, 30, 7, 4, 32, 21, 22, 2, 33, 19, 29, 27, 5, 25, 17, 16, 14, 3, 13, 6, 28, 11, 24, 10, 8, 9, 34, 26, 1,1.23847
1, 18, 31, 12, 15, 20, 23, 30, 7, 4, 32, 21, 22, 2, 33, 19, 29, 27, 5, 25, 17, 16, 14, 3, 13, 6, 28, 11, 24, 10, 8, 9, 34, 26, 1,1.23847
1, 18, 31, 12, 15, 20, 23, 30, 7, 4, 32, 21, 22, 2, 33, 19, 29, 27, 5, 25, 17, 16, 14, 3, 13, 6, 28, 11, 24, 10, 8, 9, 34, 26, 1,1.23847
1, 18, 31, 12, 15, 20, 23, 30, 7, 4, 32, 21, 22, 2, 33, 19, 29, 27, 5, 25, 17, 16, 14, 3, 13, 6, 28, 11, 24, 10, 8, 9, 34, 26, 1,1.23847
1, 18, 31, 12, 15, 20, 23, 30, 7, 4, 32, 21, 22, 2, 33, 19, 29, 27, 5, 25, 17, 16, 14, 3, 13, 6, 28, 11, 24, 10, 8, 9, 34, 26, 1,1.23847
1, 18, 31, 12, 15, 20, 23, 30, 7, 4, 32, 21, 22, 2, 33, 19, 29, 27, 5, 25, 17, 16, 14, 3, 13, 6, 28, 11, 24, 10, 8, 9, 34, 26, 1,1.23847
1, 18, 31, 12, 15, 20, 23, 30, 7, 4, 32, 22, 21, 2, 33, 19, 29, 27, 5, 25, 17, 16, 14, 3, 13, 6, 28, 11, 24, 10, 8, 9, 34, 26, 1,1.16914
1, 18, 31, 12, 15, 20, 23, 30, 7, 4, 32, 22, 21, 2, 33, 19, 29, 27, 5, 25, 17, 16, 14, 3, 13, 6, 28, 11, 24, 10, 8, 9, 34, 26, 1,1.16914
1, 18, 31, 12, 15, 20, 23, 30, 7, 4, 32, 22, 21, 2, 33, 19, 29, 27, 5, 25, 17, 16, 14, 3, 13, 6, 28, 11, 24, 10, 8, 9, 34, 26, 1,1.16914
1, 18, 31, 12, 15, 20, 23, 30, 7, 4, 32, 22, 21, 2, 33, 19, 29, 27, 5, 25, 17, 16, 14, 3, 13, 6, 28, 11, 24, 10, 8, 9, 26, 34, 1,1.08605
1, 18, 31, 12, 15, 20, 23, 30, 7, 4, 32, 22, 21, 2, 33, 19, 29, 27, 5, 25, 17, 16, 14, 3, 13, 6, 28, 11, 24, 10, 8, 9, 34, 26, 1,1.16914
1, 18, 31, 12, 15, 20, 23, 30, 7, 4, 32, 22, 21, 2, 33, 19, 29, 27, 5, 25, 17, 16, 14, 3, 13, 6, 28, 11, 24, 10, 8, 9, 26, 34, 1,1.08605
1, 18, 31, 12, 15, 20, 23, 30, 7, 4, 32, 22, 21, 2, 33, 19, 29, 27, 5, 25, 17, 16, 14, 3, 13, 6, 28, 11, 24, 10, 8, 9, 26, 34, 1,1.08605
1, 18, 31, 12, 15, 20, 23, 30, 7, 4, 32, 22, 21, 2, 33, 19, 29, 27, 5, 25, 17, 16, 14, 3, 13, 6, 28, 11, 24, 10, 8, 9, 26, 34, 1,1.08605
1, 18, 31, 12, 15, 20, 23, 30, 7, 4, 32, 22, 21, 2, 33, 19, 29, 27, 5, 25, 17, 16, 14, 3, 13, 6, 28, 11, 24, 10, 8, 9, 26, 34, 1,1.08605
1, 18, 31, 12, 15, 20, 23, 30, 7, 4, 32, 22, 21, 2, 33, 19, 29, 27, 5, 25, 17, 16, 14, 3, 13, 6, 28, 11, 24, 10, 8, 9, 26, 34, 1,1.08605
1, 18, 31, 12, 15, 20, 23, 30, 7, 4, 32, 22, 21, 2, 33, 19, 29, 27, 5, 25, 17, 16, 14, 3, 13, 6, 28, 11, 24, 10, 8, 9, 26, 34, 1,1.08605
1, 18, 31, 12, 15, 20, 23, 30, 7, 4, 32, 22, 21, 2, 33, 19, 29, 27, 5, 25, 17, 16, 14, 3, 13, 6, 28, 11, 24, 10, 8, 9, 26, 34, 1,1.08605
1, 18, 31, 12, 15, 20, 23, 30, 7, 4, 32, 22, 21, 2, 33, 19, 29, 27, 5, 25, 17, 16, 14, 3, 13, 6, 28, 11, 24, 10, 8, 9, 26, 34, 1,1.08605
1, 18, 31, 12, 15, 26, 9, 8, 10, 24, 11, 28, 6, 13, 3, 14, 16, 17, 25, 5, 27, 29, 19, 33, 2, 21, 22, 32, 4, 7, 30, 23, 20, 34, 1,1.08309
1, 18, 31, 12, 15, 26, 9, 8, 10, 24, 11, 28, 6, 13, 3, 14, 16, 17, 25, 5, 27, 29, 19, 33, 2, 21, 22, 32, 4, 7, 30, 23, 20, 34, 1,1.08309
1, 18, 31, 12, 15, 26, 9, 8, 10, 24, 11, 28, 6, 13, 3, 14, 16, 17, 25, 5, 27, 29, 19, 33, 2, 21, 22, 32, 4, 7, 30, 23, 20, 34, 1,1.08309
1, 18, 31, 12, 15, 26, 9, 8, 10, 24, 11, 28, 6, 13, 3, 14, 16, 17, 25, 5, 27, 29, 19, 33, 2, 21, 22, 32, 4, 7, 30, 23, 20, 34, 1,1.08309
1, 18, 31, 12, 15, 26, 9, 8, 10, 24, 11, 28, 6, 13, 3, 14, 16, 17, 25, 5, 27, 29, 19, 33, 2, 21, 22, 32, 4, 7, 30, 23, 20, 34, 1,1.08309
1, 18, 31, 12, 15, 26, 9, 8, 10, 24, 11, 28, 6, 13, 3, 14, 16, 17, 25, 5, 27, 29, 19, 33, 2, 21, 22, 32, 4, 7, 30, 23, 20, 34, 1,1.08309
1, 18, 31, 12, 15, 26, 9, 8, 10, 24, 11, 28, 6, 13, 3, 14, 16, 17, 25, 5, 27, 29, 19, 33, 2, 21, 22, 32, 4, 7, 30, 23, 20, 34, 1,1.08309
1, 18, 31, 12, 15, 26, 9, 8, 10, 24, 11, 28, 6, 13, 3, 14, 16, 17, 25, 5, 27, 29, 19, 33, 2, 21, 22, 32, 4, 7, 30, 23, 20, 34, 1,1.08309
1, 18, 31, 12, 15, 26, 9, 8, 10, 24, 11, 28, 6, 13, 3, 14, 16, 17, 25, 5, 27, 29, 19, 33, 2, 21, 22, 32, 4, 7, 30, 23, 20, 34, 1,1.08309
1, 18, 31, 12, 15, 26, 9, 8, 10, 24, 11, 28, 6, 13, 3, 14, 16, 17, 25, 5, 27, 29, 19, 33, 2, 21, 22, 32, 4, 7, 30, 23, 20, 34, 1,1.08309
1, 18, 31, 12, 15, 26, 9, 8, 10, 24, 11, 28, 6, 13, 3, 14, 16, 17, 25, 5, 27, 29, 19, 33, 2, 21, 22, 32, 4, 7, 30, 23, 20, 34, 1,1.08309
1, 18, 31, 12, 15, 26, 9, 8, 10, 24, 11, 28, 6, 13, 3, 14, 16, 17, 25, 5, 27, 29, 19, 33, 2, 21, 22, 32, 4, 7, 30, 23, 20, 34, 1,1.08309
1, 18, 31, 12, 34, 20, 23, 30, 7, 4, 32, 22, 21, 2, 33, 19, 29, 27, 5, 25, 17, 16, 14, 3, 13, 6, 28, 11, 24, 10, 8, 9, 26, 15, 1,1.07924
1, 18, 31, 12, 15, 26, 9, 8, 10, 24, 11, 28, 6, 13, 3, 14, 16, 17, 25, 5, 27, 29, 19, 33, 2, 21, 22, 32, 4, 7, 30, 23, 20, 34, 1,1.08309
1, 18, 31, 12, 15, 26, 9, 8, 10, 24, 11, 28, 6, 13, 3, 14, 16, 17, 25, 5, 27, 29, 19, 33, 2, 21, 22, 32, 4, 7, 30, 23, 20, 34, 1,1.08309
1, 18, 31, 12, 15, 26, 9, 8, 10, 24, 11, 28, 6, 13, 3, 14, 16, 17, 25, 5, 27, 29, 19, 33, 2, 21, 22, 32, 4, 7, 30, 23, 20, 34, 1,1.08309
1, 18, 31, 12, 15, 26, 9, 8, 10, 24, 11, 28, 6, 13, 3, 14, 16, 17, 25, 5, 27, 29, 19, 33, 2, 21, 22, 32, 4, 7, 30, 23, 20, 34, 1,1.08309
1, 18, 31, 12, 15, 26, 9, 8, 10, 24, 11, 28, 6, 13, 3, 14, 16, 17, 25, 5, 27, 29, 19, 33, 2, 21, 22, 32, 4, 7, 30, 23, 20, 34, 1,1.08309
1, 18, 31, 12, 15, 26, 9, 8, 10, 24, 11, 28, 6, 13, 3, 14, 16, 17, 25, 5, 27, 29, 19, 33, 2, 21, 22, 32, 4, 7, 30, 23, 20, 34, 1,1.08309
1, 18, 31, 12, 15, 26, 9, 8, 10, 24, 11, 28, 6, 13, 3, 14, 16, 17, 25, 5, 27, 29, 19, 33, 2, 21, 22, 32, 4, 7, 30, 23, 20, 34, 1,1.08309
1, 18, 31, 12, 15, 26, 9, 8, 10, 24, 11, 28, 6, 13, 3, 14, 16, 17, 25, 5, 27, 29, 19, 33, 2, 21, 22, 32, 4, 7, 30, 23, 20, 34, 1,1.08309
1, 18, 31, 12, 15, 26, 9, 8, 10, 24, 11, 28, 6, 13, 3, 14, 16, 17, 25, 5, 27, 29, 19, 33, 2, 21, 22, 32, 4, 7, 30, 23, 20, 34, 1,1.08309
1, 18, 31, 12, 15, 26, 9, 8, 10, 24, 11, 28, 6, 13, 3, 14, 16, 17, 25, 5, 27, 29, 19, 33, 2, 21, 22, 32, 4, 7, 30, 23, 20, 34, 1,1.08309
1, 18, 31, 12, 15, 26, 9, 8, 10, 24, 11, 28, 6, 13, 3, 14, 16, 17, 25, 5, 27, 29, 19, 33, 2, 21, 22, 32, 30, 7, 4, 23, 20, 34, 1,1.07734
1, 18, 31, 12, 15, 26, 9, 8, 10, 24, 11, 28, 6, 13, 3, 14, 16, 17, 25, 5, 27, 29, 19, 33, 2, 21, 22, 32, 30, 7, 4, 23, 20, 34, 1,1.07734
1, 18, 31, 12, 15, 26, 9, 8, 10, 24, 11, 28, 6, 13, 3, 14, 16, 17, 25, 5, 27, 29, 19, 33, 2, 21, 22, 32, 30, 7, 4, 23, 20, 34, 1,1.07734
1, 18, 31, 12, 15, 26, 9, 8, 10, 24, 11, 28, 6, 13, 3, 14, 16, 17, 25, 5, 27, 29, 19, 33, 2, 21, 22, 32, 30, 7, 4, 23, 20, 34, 1,1.07734
1, 18, 31, 12, 15, 26, 9, 8, 10, 24, 11, 28, 6, 13, 16, 14, 3, 17, 25, 5, 27, 29, 19, 33, 2, 21, 22, 32, 30, 7, 4, 23, 20, 34, 1,1.07144
1, 18, 31, 12, 15, 26, 9, 8, 10, 24, 11, 28, 6, 13, 16, 14, 3, 17, 25, 5, 27, 29, 19, 33, 2, 21, 22, 32, 30, 7, 4, 23, 20, 34, 1,1.07144
1, 18, 31, 12, 15, 26, 9, 8, 10, 24, 11, 28, 6, 13, 16, 14, 3, 17, 25, 5, 27, 29, 19, 33, 2, 21, 22, 32, 30, 7, 4, 23, 20, 34, 1,1.07144
1, 18, 31, 12, 15, 26, 9, 8, 10, 24, 11, 28, 6, 13, 16, 14, 3, 17, 25, 5, 27, 29, 19, 33, 2, 21, 22, 32, 30, 7, 4, 23, 20, 34, 1,1.07144
1, 18, 31, 12, 15, 26, 9, 8, 10, 24, 11, 28, 6, 13, 16, 14, 3, 17, 25, 5, 27, 29, 19, 33, 2, 21, 22, 32, 30, 7, 4, 23, 20, 34, 1,1.07144
1, 18, 31, 12, 15, 34, 20, 23, 4, 7, 30, 32, 22, 21, 2, 33, 19, 29, 27, 5, 25, 17, 3, 14, 16, 13, 6, 28, 11, 24, 10, 8, 9, 26, 1,1.03997
1, 18, 31, 12, 15, 26, 9, 8, 10, 24, 11, 28, 6, 13, 16, 14, 3, 17, 25, 5, 27, 29, 19, 33, 2, 21, 22, 32, 30, 7, 4, 23, 20, 34, 1,1.07144
1, 18, 31, 12, 15, 26, 9, 8, 10, 24, 11, 28, 6, 13, 16, 14, 3, 17, 25, 5, 27, 29, 19, 33, 2, 21, 22, 32, 30, 7, 4, 23, 20, 34, 1,1.07144
1, 18, 31, 12, 15, 26, 9, 8, 10, 24, 11, 28, 6, 13, 16, 14, 3, 17, 25, 5, 27, 29, 19, 33, 2, 21, 22, 32, 30, 7, 4, 23, 20, 34, 1,1.07144
1, 18, 31, 12, 15, 26, 9, 8, 10, 24, 11, 28, 6, 13, 16, 14, 3, 17, 25, 5, 27, 29, 19, 33, 2, 21, 22, 32, 30, 7, 4, 23, 20, 34, 1,1.07144
1, 18, 31, 12, 20, 23, 4, 7, 30, 32, 22, 21, 2, 33, 19, 29, 27, 5, 25, 17, 3, 14, 16, 13, 6, 28, 11, 24, 10, 8, 9, 26, 15, 34, 1,1.06579
1, 18, 31, 12, 15, 26, 9, 8, 10, 24, 11, 28, 6, 13, 16, 14, 3, 17, 25, 5, 27, 29, 19, 33, 2, 21, 22, 32, 30, 7, 4, 23, 20, 34, 1,1.07144
1, 18, 31, 12, 15, 26, 9, 8, 10, 24, 11, 28, 6, 13, 16, 14, 3, 17, 25, 5, 27, 29, 19, 33, 2, 21, 22, 32, 30, 7, 4, 23, 20, 34, 1,1.07144
1, 18, 31, 12, 15, 26, 9, 8, 10, 24, 11, 28, 6, 13, 16, 14, 3, 17, 25, 5, 27, 29, 19, 33, 2, 21, 22, 32, 30, 7, 4, 23, 20, 34, 1,1.07144
1, 18, 31, 12, 34, 20, 23, 4, 7, 30, 32, 22, 21, 2, 33, 19, 29, 27, 5, 25, 17, 3, 14, 16, 13, 6, 28, 11, 24, 10, 8, 9, 26, 15, 1,1.06759
1, 18, 31, 12, 34, 20, 23, 4, 7, 30, 32, 22, 21, 2, 33, 19, 29, 27, 5, 25, 17, 3, 14, 16, 13, 6, 28, 11, 24, 10, 8, 9, 26, 15, 1,1.06759
1, 18, 31, 12, 15, 26, 9, 8, 10, 24, 11, 28, 6, 13, 16, 14, 3, 17, 25, 5, 27, 29, 19, 33, 2, 21, 22, 32, 30, 7, 4, 23, 20, 34, 1,1.07144
1, 18, 31, 12, 15, 26, 9, 8, 10, 24, 11, 28, 6, 13, 16, 3, 14, 17, 25, 5, 27, 29, 19, 33, 2, 21, 22, 32, 30, 7, 4, 23, 20, 34, 1,1.07016
1, 18, 31, 12, 15, 26, 9, 8, 10, 24, 11, 28, 6, 13, 16, 3, 14, 17, 25, 5, 27, 29, 19, 33, 2, 21, 22, 32, 30, 7, 4, 23, 20, 34, 1,1.07016
1, 18, 31, 12, 15, 26, 9, 8, 10, 24, 11, 28, 6, 13, 16, 3, 14, 17, 25, 5, 27, 29, 19, 33, 2, 21, 22, 32, 30, 7, 4, 23, 20, 34, 1,1.07016
1, 18, 31, 12, 15, 34, 20, 23, 4, 7, 30, 32, 22, 21, 2, 33, 19, 29, 27, 5, 25, 17, 14, 3, 16, 13, 6, 28, 11, 24, 10, 8, 9, 26, 1,1.03869
1, 18, 31, 12, 15, 26, 9, 8, 10, 24, 11, 28, 6, 13, 16, 3, 14, 17, 25, 5, 27, 29, 19, 33, 2, 21, 22, 32, 30, 7, 4, 23, 20, 34, 1,1.07016
1, 18, 31, 12, 15, 34, 20, 23, 4, 7, 30, 32, 22, 21, 2, 33, 19, 29, 27, 5, 25, 17, 14, 3, 16, 13, 6, 28, 11, 24, 10, 8, 9, 26, 1,1.03869
1, 18, 31, 12, 15, 26, 10, 8, 9, 24, 11, 28, 6, 13, 16, 3, 14, 17, 25, 5, 27, 29, 19, 33, 2, 21, 22, 32, 30, 7, 4, 23, 20, 34, 1,1.05135
1, 18, 31, 12, 15, 26, 10, 8, 9, 24, 11, 28, 6, 13, 16, 3, 14, 17, 25, 5, 27, 29, 19, 33, 2, 21, 22, 32, 30, 7, 4, 23, 20, 34, 1,1.05135
1, 18, 31, 12, 15, 34, 20, 23, 4, 7, 30, 32, 22, 21, 2, 33, 19, 29, 27, 5, 25, 17, 14, 3, 16, 13, 6, 28, 11, 24, 10, 8, 9, 26, 1,1.03869
1, 18, 31, 12, 15, 34, 20, 23, 4, 7, 30, 32, 22, 21, 2, 33, 19, 29, 27, 5, 25, 17, 14, 3, 16, 13, 6, 28, 11, 24, 10, 8, 9, 26, 1,1.03869
1, 18, 31, 12, 15, 26, 10, 8, 9, 24, 11, 28, 6, 13, 16, 3, 14, 17, 25, 5, 27, 29, 19, 33, 2, 21, 22, 32, 30, 7, 4, 23, 20, 34, 1,1.05135
1, 18, 31, 12, 15, 26, 10, 8, 9, 24, 11, 28, 6, 13, 16, 3, 14, 17, 25, 5, 27, 29, 19, 33, 2, 21, 22, 32, 30, 7, 4, 23, 20, 34, 1,1.05135
1, 18, 31, 12, 15, 26, 10, 8, 9, 24, 11, 28, 6, 13, 16, 3, 14, 17, 25, 5, 27, 29, 19, 33, 2, 21, 22, 32, 30, 7, 4, 23, 20, 34, 1,1.05135
1, 18, 31, 12, 15, 26, 10, 8, 9, 24, 11, 28, 6, 13, 16, 3, 14, 17, 25, 5, 27, 29, 19, 33, 2, 21, 22, 32, 30, 7, 4, 23, 20, 34, 1,1.05135
1, 18, 31, 12, 15, 26, 10, 8, 9, 24, 11, 28, 6, 13, 16, 3, 14, 17, 25, 5, 27, 29, 19, 33, 2, 21, 22, 32, 30, 7, 4, 23, 20, 34, 1,1.05135
1, 18, 31, 12, 15, 26, 10, 8, 9, 24, 11, 28, 6, 13, 16, 3, 14, 17, 25, 5, 27, 29, 19, 33, 2, 21, 22, 32, 30, 7, 4, 23, 20, 34, 1,1.05135
1, 18, 31, 12, 15, 26, 10, 8, 9, 24, 11, 28, 6, 13, 16, 3, 14, 17, 25, 5, 27, 29, 19, 33, 2, 21, 22, 32, 30, 7, 4, 23, 20, 34, 1,1.05135
1, 18, 31, 12, 15, 26, 10, 8, 9, 24, 11, 28, 6, 13, 16, 3, 14, 17, 25, 5, 27, 29, 19, 33, 2, 21, 22, 32, 30, 7, 4, 23, 20, 34, 1,1.05135
1, 18, 31, 12, 20, 23, 4, 7, 30, 32, 22, 21, 2, 33, 19, 29, 27, 5, 25, 17, 14, 3, 16, 13, 6, 28, 11, 24, 9, 8, 10, 26, 15, 34, 1,1.0457
1, 18, 31, 12, 15, 26, 10, 8, 9, 24, 11, 28, 6, 13, 16, 3, 14, 17, 25, 5, 27, 29, 19, 33, 2, 21, 22, 32, 30, 7, 4, 23, 20, 34, 1,1.05135
1, 18, 31, 12, 15, 26, 10, 8, 9, 24, 11, 28, 6, 13, 16, 3, 14, 17, 25, 5, 27, 29, 19, 33, 2, 21, 22, 32, 30, 7, 4, 23, 20, 34, 1,1.05135
1, 18, 31, 12, 15, 26, 10, 8, 9, 24, 11, 28, 6, 13, 16, 3, 14, 17, 25, 5, 27, 29, 19, 33, 2, 21, 22, 32, 30, 7, 4, 23, 20, 34, 1,1.05135
1, 18, 31, 12, 15, 26, 10, 8, 9, 24, 11, 28, 6, 13, 16, 3, 14, 17, 25, 5, 27, 29, 19, 33, 2, 21, 22, 32, 30, 7, 4, 23, 20, 34, 1,1.05135
1, 18, 31, 12, 34, 20, 23, 4, 7, 30, 32, 22, 21, 2, 33, 19, 29, 27, 5, 25, 17, 14, 3, 16, 13, 6, 28, 11, 24, 9, 8, 10, 26, 15, 1,1.0475
1, 18, 31, 12, 34, 20, 23, 4, 7, 30, 32, 22, 21, 2, 33, 19, 29, 27, 5, 25, 17, 14, 3, 16, 13, 6, 28, 11, 24, 9, 8, 10, 26, 15, 1,1.0475
1, 18, 31, 12, 15, 34, 20, 23, 4, 7, 30, 32, 22, 21, 2, 33, 19, 29, 27, 5, 25, 17, 14, 3, 16, 13, 6, 28, 11, 24, 9, 8, 10, 26, 1,1.01988
1, 18, 31, 12, 15, 34, 20, 23, 4, 7, 30, 32, 22, 21, 2, 33, 19, 29, 27, 5, 25, 17, 14, 3, 16, 13, 6, 28, 11, 24, 9, 8, 10, 26, 1,1.01988
1, 18, 31, 12, 15, 34, 20, 23, 4, 7, 30, 32, 22, 21, 2, 33, 19, 29, 27, 5, 25, 17, 14, 3, 16, 13, 6, 28, 11, 24, 9, 8, 10, 26, 1,1.01988
1, 18, 31, 12, 15, 34, 20, 23, 4, 7, 30, 32, 22, 21, 2, 33, 19, 29, 27, 5, 25, 17, 14, 3, 16, 13, 6, 28, 11, 24, 9, 8, 10, 26, 1,1.01988
1, 18, 31, 12, 15, 34, 20, 23, 4, 7, 30, 32, 22, 21, 2, 33, 19, 29, 27, 5, 25, 17, 14, 3, 16, 13, 6, 28, 11, 24, 9, 8, 10, 26, 1,1.01988
1, 18, 31, 12, 15, 34, 20, 23, 4, 7, 30, 32, 22, 21, 2, 33, 19, 29, 27, 5, 25, 17, 14, 3, 16, 13, 6, 28, 11, 24, 9, 8, 10, 26, 1,1.01988
1, 18, 31, 12, 15, 34, 20, 23, 4, 7, 30, 32, 22, 21, 2, 33, 19, 29, 27, 5, 25, 17, 14, 3, 16, 13, 6, 28, 11, 24, 9, 8, 10, 26, 1,1.01988
1, 18, 31, 12, 15, 34, 20, 23, 4, 7, 30, 32, 22, 21, 2, 33, 19, 29, 27, 5, 25, 17, 14, 3, 16, 13, 6, 28, 11, 24, 9, 8, 10, 26, 1,1.01988
1, 18, 31, 12, 15, 34, 20, 23, 4, 7, 30, 32, 22, 21, 2, 33, 19, 29, 27, 5, 25, 17, 14, 3, 16, 13, 6, 28, 11, 24, 9, 8, 10, 26, 1,1.01988
1, 18, 31, 12, 15, 34, 20, 23, 4, 7, 30, 32, 22, 21, 2, 33, 19, 29, 27, 5, 25, 17, 14, 3, 16, 13, 6, 28, 11, 24, 9, 8, 10, 26, 1,1.01988
1, 18, 31, 12, 15, 34, 20, 23, 4, 7, 30, 32, 22, 21, 2, 33, 19, 29, 27, 5, 25, 17, 14, 3, 16, 13, 6, 28, 11, 24, 9, 8, 10, 26, 1,1.01988
1, 18, 31, 12, 15, 34, 20, 23, 4, 7, 30, 32, 22, 21, 2, 33, 19, 29, 27, 5, 25, 17, 14, 3, 16, 13, 6, 28, 11, 24, 9, 8, 10, 26, 1,1.01988
1, 18, 31, 12, 15, 34, 20, 23, 4, 7, 30, 32, 22, 21, 2, 33, 19, 29, 27, 5, 25, 17, 14, 3, 16, 13, 6, 28, 11, 24, 9, 8, 10, 26, 1,1.01988
1, 18, 31, 12, 15, 34, 20, 23, 4, 7, 30, 32, 22, 21, 2, 33, 19, 29, 27, 5, 25, 17, 14, 3, 16, 13, 6, 28, 11, 24, 9, 8, 10, 26, 1,1.01988
1, 18, 31, 12, 15, 34, 20, 23, 4, 7, 30, 32, 22, 21, 2, 33, 19, 29, 27, 5, 25, 17, 14, 3, 16, 13, 6, 28, 11, 24, 9, 8, 10, 26, 1,1.01988
1, 18, 31, 12, 15, 34, 20, 23, 4, 7, 30, 32, 22, 21, 2, 33, 19, 29, 27, 5, 25, 17, 14, 3, 16, 13, 6, 28, 11, 24, 9, 8, 10, 26, 1,1.01988
1, 18, 31, 12, 15, 34, 20, 23, 4, 7, 30, 32, 22, 21, 2, 33, 19, 29, 27, 5, 25, 17, 14, 3, 16, 13, 6, 28, 11, 24, 9, 8, 10, 26, 1,1.01988
1, 18, 31, 12, 15, 34, 20, 23, 4, 7, 30, 32, 22, 21, 2, 33, 19, 29, 27, 5, 25, 17, 14, 3, 16, 13, 6, 28, 11, 24, 9, 8, 10, 26, 1,1.01988
1, 18, 31, 12, 15, 34, 20, 23, 4, 7, 30, 32, 22, 21, 2, 33, 19, 29, 27, 5, 25, 17, 14, 3, 16, 13, 6, 28, 11, 24, 9, 8, 10, 26, 1,1.01988
1, 18, 31, 12, 15, 34, 20, 23, 4, 7, 30, 32, 22, 21, 2, 33, 19, 29, 27, 5, 25, 17, 14, 3, 16, 13, 6, 28, 11, 24, 9, 8, 10, 26, 1,1.01988
1, 18, 31, 12, 15, 34, 20, 23, 4, 7, 30, 32, 22, 21, 2, 33, 19, 29, 27, 5, 25, 17, 14, 3, 16, 13, 6, 28, 11, 24, 9, 8, 10, 26, 1,1.01988
1, 18, 31, 12, 15, 34, 20, 23, 4, 7, 30, 32, 22, 21, 2, 33, 19, 29, 27, 5, 25, 17, 14, 3, 16, 13, 6, 28, 11, 24, 9, 8, 10, 26, 1,1.01988
1, 18, 31, 12, 15, 34, 20, 23, 4, 7, 30, 32, 22, 21, 2, 33, 19, 29, 27, 5, 25, 17, 14, 3, 16, 13, 6, 28, 11, 24, 9, 8, 10, 26, 1,1.01988
1, 18, 31, 12, 15, 34, 20, 23, 4, 7, 30, 32, 22, 21, 2, 33, 19, 29, 27, 5, 25, 17, 14, 3, 16, 13, 6, 28, 11, 24, 9, 8, 10, 26, 1,1.01988
1, 18, 31, 12, 15, 34, 20, 23, 4, 7, 30, 32, 22, 21, 2, 33, 19, 29, 27, 5, 25, 17, 14, 3, 16, 13, 6, 28, 11, 24, 9, 8, 10, 26, 1,1.01988
1, 18, 31, 12, 15, 34, 20, 23, 4, 7, 30, 32, 22, 21, 2, 33, 19, 29, 27, 5, 25, 17, 14, 3, 16, 13, 6, 28, 11, 24, 9, 8, 10, 26, 1,1.01988
1, 18, 31, 12, 15, 34, 20, 23, 4, 7, 30, 32, 22, 21, 2, 33, 19, 29, 27, 5, 25, 17, 14, 3, 16, 13, 6, 28, 11, 24, 9, 8, 10, 26, 1,1.01988
1, 18, 31, 12, 15, 34, 20, 23, 4, 7, 30, 32, 22, 21, 2, 33, 19, 29, 27, 5, 25, 17, 14, 3, 16, 13, 6, 28, 11, 24, 9, 8, 10, 26, 1,1.01988
1, 18, 31, 12, 15, 34, 20, 23, 4, 7, 30, 32, 22, 21, 2, 33, 19, 29, 27, 5, 25, 17, 14, 3, 16, 13, 6, 28, 11, 24, 9, 8, 10, 26, 1,1.01988
1, 18, 31, 12, 15, 34, 20, 23, 4, 7, 30, 32, 22, 21, 2, 33, 19, 29, 27, 5, 25, 17, 14, 3, 16, 13, 6, 28, 11, 24, 9, 8, 10, 26, 1,1.01988
1, 18, 31, 12, 15, 34, 20, 23, 4, 7, 30, 32, 22, 21, 2, 33, 19, 29, 27, 5, 25, 17, 14, 3, 16, 13, 6, 28, 11, 24, 9, 8, 10, 26, 1,1.01988
1, 18, 31, 12, 15, 34, 20, 23, 4, 7, 30, 32, 22, 21, 2, 33, 19, 29, 27, 5, 25, 17, 14, 3, 16, 13, 6, 28, 11, 24, 9, 8, 10, 26, 1,1.01988
1, 18, 31, 12, 15, 34, 20, 23, 4, 7, 30, 32, 22, 21, 2, 33, 19, 29, 27, 5, 25, 17, 14, 3, 16, 13, 6, 28, 11, 24, 9, 8, 10, 26, 1,1.01988
1, 18, 31, 12, 15, 34, 20, 23, 4, 7, 30, 32, 22, 21, 2, 33, 19, 29, 27, 5, 25, 17, 14, 3, 16, 13, 6, 28, 11, 24, 9, 8, 10, 26, 1,1.01988
1, 18, 31, 12, 15, 34, 20, 23, 4, 7, 30, 32, 22, 21, 2, 33, 19, 29, 27, 5, 25, 17, 14, 3, 16, 13, 6, 28, 11, 24, 9, 8, 10, 26, 1,1.01988
1, 18, 31, 12, 15, 34, 20, 23, 4, 7, 30, 32, 22, 21, 2, 33, 19, 29, 27, 5, 25, 17, 14, 3, 16, 13, 6, 28, 11, 24, 9, 8, 10, 26, 1,1.01988
1, 18, 31, 12, 15, 34, 20, 23, 4, 7, 30, 32, 22, 21, 2, 33, 19, 29, 27, 5, 25, 17, 14, 3, 16, 13, 6, 28, 11, 24, 9, 8, 10, 26, 1,1.01988
1, 18, 31, 12, 15, 34, 20, 23, 4, 7, 30, 32, 22, 21, 2, 33, 19, 29, 27, 5, 25, 17, 14, 3, 16, 13, 6, 28, 11, 24, 9, 8, 10, 26, 1,1.01988
1, 18, 31, 12, 15, 34, 20, 23, 4, 7, 30, 32, 22, 21, 2, 33, 19, 29, 27, 5, 25, 17, 14, 3, 16, 13, 6, 28, 11, 24, 9, 8, 10, 26, 1,1.01988
1, 18, 31, 12, 15, 34, 20, 23, 4, 7, 30, 32, 22, 21, 2, 33, 19, 29, 27, 5, 25, 17, 14, 3, 16, 13, 6, 28, 11, 24, 9, 8, 10, 26, 1,1.01988
1, 18, 31, 12, 15, 34, 20, 23, 4, 7, 30, 32, 22, 21, 2, 33, 19, 29, 27, 5, 25, 17, 14, 3, 16, 13, 6, 28, 11, 24, 9, 8, 10, 26, 1,1.01988
1, 18, 31, 12, 15, 34, 20, 23, 4, 7, 30, 32, 22, 21, 2, 33, 19, 29, 27, 5, 25, 17, 14, 3, 16, 13, 6, 28, 11, 24, 9, 8, 10, 26, 1,1.01988
1, 18, 31, 12, 15, 34, 20, 23, 4, 7, 30, 32, 22, 21, 2, 33, 19, 29, 27, 5, 25, 17, 14, 3, 16, 13, 6, 28, 11, 24, 9, 8, 10, 26, 1,1.01988
1, 18, 31, 12, 15, 34, 20, 23, 4, 7, 30, 32, 22, 21, 2, 33, 19, 29, 27, 5, 25, 17, 14, 3, 16, 13, 6, 28, 11, 24, 9, 8, 10, 26, 1,1.01988
1, 18, 31, 12, 15, 34, 20, 23, 4, 7, 30, 32, 22, 21, 2, 33, 19, 29, 27, 5, 25, 17, 14, 3, 16, 13, 6, 28, 11, 24, 9, 8, 10, 26, 1,1.01988
1, 18, 31, 12, 15, 34, 20, 23, 4, 7, 30, 32, 22, 21, 2, 33, 19, 29, 27, 5, 25, 17, 14, 3, 16, 13, 6, 28, 11, 24, 9, 8, 10, 26, 1,1.01988
1, 18, 31, 12, 15, 34, 20, 23, 4, 7, 30, 32, 22, 21, 2, 33, 19, 29, 27, 5, 25, 17, 14, 3, 16, 13, 6, 28, 11, 24, 9, 8, 10, 26, 1,1.01988
1, 18, 31, 12, 15, 34, 20, 23, 4, 7, 30, 32, 22, 21, 2, 33, 19, 29, 27, 5, 25, 17, 14, 3, 16, 13, 6, 28, 11, 24, 9, 8, 10, 26, 1,1.01988
1, 18, 31, 12, 15, 34, 20, 23, 4, 7, 30, 32, 22, 21, 2, 33, 19, 29, 27, 5, 25, 17, 14, 3, 16, 13, 6, 28, 11, 24, 9, 8, 10, 26, 1,1.01988
1, 18, 31, 12, 15, 34, 20, 23, 4, 7, 30, 32, 22, 21, 2, 33, 19, 29, 27, 5, 25, 17, 14, 3, 16, 13, 6, 28, 11, 24, 9, 8, 10, 26, 1,1.01988
1, 18, 31, 12, 15, 34, 20, 23, 4, 7, 30, 32, 22, 21, 2, 33, 19, 29, 27, 5, 25, 17, 14, 3, 16, 13, 6, 28, 11, 24, 9, 8, 10, 26, 1,1.01988
1, 18, 31, 12, 15, 34, 20, 23, 4, 7, 30, 32, 22, 21, 2, 33, 19, 29, 27, 5, 25, 17, 14, 3, 16, 13, 6, 28, 11, 24, 9, 8, 10, 26, 1,1.01988
1, 18, 31, 12, 15, 34, 20, 23, 4, 7, 30, 32, 22, 21, 2, 33, 19, 29, 27, 5, 25, 17, 14, 3, 16, 13, 6, 28, 11, 24, 9, 8, 10, 26, 1,1.01988
1, 18, 31, 12, 15, 34, 20, 23, 4, 7, 30, 32, 22, 21, 2, 33, 19, 29, 27, 5, 25, 17, 14, 3, 16, 13, 6, 28, 11, 24, 9, 8, 10, 26, 1,1.01988
1, 18, 31, 12, 15, 34, 20, 23, 4, 7, 30, 32, 22, 21, 2, 33, 19, 29, 27, 5, 25, 17, 14, 3, 16, 13, 6, 28, 11, 24, 9, 8, 10, 26, 1,1.01988
1, 18, 31, 12, 15, 34, 20, 23, 4, 7, 30, 32, 22, 21, 2, 33, 19, 29, 27, 5, 25, 17, 14, 3, 16, 13, 6, 28, 11, 24, 9, 8, 10, 26, 1,1.01988
1, 18, 31, 12, 15, 34, 20, 23, 4, 7, 30, 32, 22, 21, 2, 33, 19, 29, 27, 5, 25, 17, 14, 3, 16, 13, 6, 28, 11, 24, 9, 8, 10, 26, 1,1.01988
1, 18, 31, 12, 15, 34, 20, 23, 4, 7, 30, 32, 22, 21, 2, 33, 19, 29, 27, 5, 25, 17, 14, 3, 16, 13, 6, 28, 11, 24, 9, 8, 10, 26, 1,1.01988
1, 18, 31, 12, 15, 34, 20, 23, 4, 7, 30, 32, 22, 21, 2, 33, 19, 29, 27, 5, 25, 17, 14, 3, 16, 13, 6, 28, 11, 24, 9, 8, 10, 26, 1,1.01988
1, 18, 31, 12, 15, 34, 20, 23, 4, 7, 30, 32, 22, 21, 2, 33, 19, 29, 27, 5, 25, 17, 14, 3, 16, 13, 6, 28, 11, 24, 9, 8, 10, 26, 1,1.01988
1, 18, 31, 12, 15, 34, 20, 23, 4, 7, 30, 32, 22, 21, 2, 33, 19, 29, 27, 5, 25, 17, 14, 3, 16, 13, 6, 28, 11, 24, 9, 8, 10, 26, 1,1.01988
1, 18, 31, 12, 15, 34, 20, 23, 4, 7, 30, 32, 22, 21, 2, 33, 19, 29, 27, 5, 25, 17, 14, 3, 16, 13, 6, 28, 11, 24, 9, 8, 10, 26, 1,1.01988
1, 18, 31, 12, 15, 34, 20, 23, 4, 7, 30, 32, 22, 21, 2, 33, 19, 29, 27, 5, 25, 17, 14, 3, 16, 13, 6, 28, 11, 24, 9, 8, 10, 26, 1,1.01988
1, 18, 31, 12, 15, 34, 20, 23, 4, 7, 30, 32, 22, 21, 2, 33, 19, 29, 27, 5, 25, 17, 14, 3, 16, 13, 6, 28, 11, 24, 9, 8, 10, 26, 1,1.01988
1, 18, 31, 12, 15, 34, 20, 23, 4, 7, 30, 32, 22, 21, 2, 33, 19, 29, 27, 5, 25, 17, 14, 3, 16, 13, 6, 28, 11, 24, 9, 8, 10, 26, 1,1.01988
1, 18, 31, 12, 15, 34, 20, 23, 4, 7, 30, 32, 22, 21, 2, 33, 19, 29, 27, 5, 25, 17, 14, 3, 16, 13, 6, 28, 11, 24, 9, 8, 10, 26, 1,1.01988
1, 18, 31, 12, 15, 34, 20, 23, 4, 7, 30, 32, 22, 21, 2, 33, 19, 29, 27, 5, 25, 17, 14, 3, 16, 13, 6, 28, 11, 24, 9, 8, 10, 26, 1,1.01988
1, 18, 31, 12, 15, 34, 20, 23, 4, 7, 30, 32, 22, 21, 2, 33, 19, 29, 27, 5, 25, 17, 14, 3, 16, 13, 6, 28, 11, 24, 9, 8, 10, 26, 1,1.01988
1, 18, 31, 12, 15, 34, 20, 23, 4, 7, 30, 32, 22, 21, 2, 33, 19, 29, 27, 5, 25, 17, 14, 3, 16, 13, 6, 28, 11, 24, 9, 8, 10, 26, 1,1.01988
1, 18, 31, 12, 15, 34, 20, 23, 4, 7, 30, 32, 22, 21, 2, 33, 19, 29, 27, 5, 25, 17, 14, 3, 16, 13, 6, 28, 11, 24, 9, 8, 10, 26, 1,1.01988
1, 18, 31, 12, 15, 34, 20, 23, 4, 7, 30, 32, 22, 21, 2, 33, 19, 29, 27, 5, 25, 17, 14, 3, 16, 13, 6, 28, 11, 24, 9, 8, 10, 26, 1,1.01988
1, 18, 31, 12, 15, 34, 20, 23, 4, 7, 30, 32, 22, 21, 2, 33, 19, 29, 27, 5, 25, 17, 14, 3, 16, 13, 6, 28, 11, 24, 9, 8, 10, 26, 1,1.01988
1, 18, 31, 12, 15, 34, 20, 23, 4, 7, 30, 32, 22, 21, 2, 33, 19, 29, 27, 5, 25, 17, 14, 3, 16, 13, 6, 28, 11, 24, 9, 8, 10, 26, 1,1.01988
1, 18, 31, 12, 15, 34, 20, 23, 4, 7, 30, 32, 22, 21, 2, 33, 19, 29, 27, 5, 25, 17, 14, 3, 16, 13, 6, 28, 11, 24, 9, 8, 10, 26, 1,1.01988
1, 18, 31, 12, 15, 34, 20, 23, 4, 7, 30, 32, 22, 21, 2, 33, 19, 29, 27, 5, 25, 17, 14, 3, 16, 13, 6, 28, 11, 24, 9, 8, 10, 26, 1,1.01988
1, 18, 31, 12, 15, 34, 20, 23, 4, 7, 30, 32, 22, 21, 2, 33, 19, 29, 27, 5, 25, 17, 14, 3, 16, 13, 6, 28, 11, 24, 9, 8, 10, 26, 1,1.01988
1, 18, 31, 12, 15, 34, 20, 23, 4, 7, 30, 32, 22, 21, 2, 33, 19, 29, 27, 5, 25, 17, 14, 3, 16, 13, 6, 28, 11, 24, 9, 8, 10, 26, 1,1.01988
1, 18, 31, 12, 15, 34, 20, 23, 4, 7, 30, 32, 22, 21, 2, 33, 19, 29, 27, 5, 25, 17, 14, 3, 16, 13, 6, 28, 11, 24, 9, 8, 10, 26, 1,1.01988
1, 18, 31, 12, 15, 34, 20, 23, 4, 7, 30, 32, 22, 21, 2, 33, 19, 29, 27, 5, 25, 17, 14, 3, 16, 13, 6, 28, 11, 24, 9, 8, 10, 26, 1,1.01988
1, 18, 31, 12, 15, 34, 20, 23, 4, 7, 30, 32, 22, 21, 2, 33, 19, 29, 27, 5, 25, 17, 14, 3, 16, 13, 6, 28, 11, 24, 9, 8, 10, 26, 1,1.01988
1, 18, 31, 12, 15, 34, 20, 23, 4, 7, 30, 32, 22, 21, 2, 33, 19, 29, 27, 5, 25, 17, 14, 3, 16, 13, 6, 28, 11, 24, 9, 8, 10, 26, 1,1.01988
1, 18, 31, 12, 15, 34, 20, 23, 4, 7, 30, 32, 22, 21, 2, 33, 19, 29, 27, 5, 25, 17, 14, 3, 16, 13, 6, 28, 11, 24, 9, 8, 10, 26, 1,1.01988
1, 18, 31, 12, 15, 34, 20, 23, 4, 7, 30, 32, 22, 21, 2, 33, 19, 29, 27, 5, 25, 17, 14, 3, 16, 13, 6, 28, 11, 24, 9, 8, 10, 26, 1,1.01988
1, 18, 31, 12, 15, 34, 20, 23, 4, 7, 30, 32, 22, 21, 2, 33, 19, 29, 27, 5, 25, 17, 14, 3, 16, 13, 6, 28, 11, 24, 9, 8, 10, 26, 1,1.01988
1, 18, 31, 12, 15, 34, 20, 23, 4, 7, 30, 32, 22, 21, 2, 33, 19, 29, 27, 5, 25, 17, 14, 3, 16, 13, 6, 28, 11, 24, 9, 8, 10, 26, 1,1.01988
1, 18, 31, 12, 15, 34, 20, 23, 4, 7, 30, 32, 22, 21, 2, 33, 19, 29, 27, 5, 25, 17, 14, 3, 16, 13, 6, 28, 11, 24, 9, 8, 10, 26, 1,1.01988
1, 18, 31, 12, 15, 34, 20, 23, 4, 7, 30, 32, 22, 21, 2, 33, 19, 29, 27, 5, 25, 17, 14, 3, 16, 13, 6, 28, 11, 24, 9, 8, 10, 26, 1,1.01988
1, 18, 31, 12, 15, 34, 20, 23, 4, 7, 30, 32, 22, 21, 2, 33, 19, 29, 27, 5, 25, 17, 14, 3, 16, 13, 6, 28, 11, 24, 9, 8, 10, 26, 1,1.01988
1, 18, 31, 12, 15, 34, 20, 23, 4, 7, 30, 32, 22, 21, 2, 33, 19, 29, 27, 5, 25, 17, 14, 3, 16, 13, 6, 28, 11, 24, 9, 8, 10, 26, 1,1.01988
1, 18, 31, 12, 15, 34, 20, 23, 4, 7, 30, 32, 22, 21, 2, 33, 19, 29, 27, 5, 25, 17, 14, 3, 16, 13, 6, 28, 11, 24, 9, 8, 10, 26, 1,1.01988
1, 18, 31, 12, 15, 34, 20, 23, 4, 7, 30, 32, 22, 21, 2, 33, 19, 29, 27, 5, 25, 17, 14, 3, 16, 13, 6, 28, 11, 24, 9, 8, 10, 26, 1,1.01988
1, 18, 31, 12, 15, 34, 20, 23, 4, 7, 30, 32, 22, 21, 2, 33, 19, 29, 27, 5, 25, 17, 14, 3, 16, 13, 6, 28, 11, 24, 9, 8, 10, 26, 1,1.01988
1, 18, 31, 12, 15, 34, 20, 23, 4, 7, 30, 32, 22, 21, 2, 33, 19, 29, 27, 5, 25, 17, 14, 3, 16, 13, 6, 28, 11, 24, 9, 8, 10, 26, 1,1.01988
1, 18, 31, 12, 15, 34, 20, 23, 4, 7, 30, 32, 22, 21, 2, 33, 19, 29, 27, 5, 25, 17, 14, 3, 16, 13, 6, 28, 11, 24, 9, 8, 10, 26, 1,1.01988
1, 18, 31, 12, 15, 34, 20, 23, 4, 7, 30, 32, 22, 21, 2, 33, 19, 29, 27, 5, 25, 17, 14, 3, 16, 13, 6, 28, 11, 24, 9, 8, 10, 26, 1,1.01988
1, 18, 31, 12, 15, 34, 20, 23, 4, 7, 30, 32, 22, 21, 2, 33, 19, 29, 27, 5, 25, 17, 14, 3, 16, 13, 6, 28, 11, 24, 9, 8, 10, 26, 1,1.01988
1, 18, 31, 12, 15, 34, 20, 23, 4, 7, 30, 32, 22, 21, 2, 33, 19, 29, 27, 5, 25, 17, 14, 3, 16, 13, 6, 28, 11, 24, 9, 8, 10, 26, 1,1.01988
1, 18, 31, 12, 15, 34, 20, 23, 4, 7, 30, 32, 22, 21, 2, 33, 19, 29, 27, 5, 25, 17, 14, 3, 16, 13, 6, 28, 11, 24, 9, 8, 10, 26, 1,1.01988
1, 18, 31, 12, 15, 34, 20, 23, 4, 7, 30, 32, 22, 21, 2, 33, 19, 29, 27, 5, 25, 17, 14, 3, 16, 13, 6, 28, 11, 24, 9, 8, 10, 26, 1,1.01988
1, 18, 31, 12, 15, 34, 20, 23, 4, 7, 30, 32, 22, 21, 2, 33, 19, 29, 27, 5, 25, 17, 14, 3, 16, 13, 6, 28, 11, 24, 9, 8, 10, 26, 1,1.01988
1, 18, 31, 12, 15, 34, 20, 23, 4, 7, 30, 32, 22, 21, 2, 33, 19, 29, 27, 5, 25, 17, 14, 3, 16, 13, 6, 28, 11, 24, 9, 8, 10, 26, 1,1.01988
1, 18, 31, 12, 15, 34, 20, 23, 4, 7, 30, 32, 22, 21, 2, 33, 19, 29, 27, 5, 25, 17, 14, 3, 16, 13, 6, 28, 11, 24, 9, 8, 10, 26, 1,1.01988
1, 18, 31, 12, 15, 34, 20, 23, 4, 7, 30, 32, 22, 21, 2, 33, 19, 29, 27, 5, 25, 17, 14, 3, 16, 13, 6, 28, 11, 24, 9, 8, 10, 26, 1,1.01988
1, 18, 31, 12, 15, 34, 20, 23, 4, 7, 30, 32, 22, 21, 2, 33, 19, 29, 27, 5, 25, 17, 14, 3, 16, 13, 6, 28, 11, 24, 9, 8, 10, 26, 1,1.01988
1, 18, 31, 12, 15, 34, 20, 23, 4, 7, 30, 32, 22, 21, 2, 33, 19, 29, 27, 5, 25, 17, 14, 3, 16, 13, 6, 28, 11, 24, 9, 8, 10, 26, 1,1.01988
1, 18, 31, 12, 15, 34, 20, 23, 4, 7, 30, 32, 22, 21, 2, 33, 19, 29, 27, 5, 25, 17, 14, 3, 16, 13, 6, 28, 11, 24, 9, 8, 10, 26, 1,1.01988
1, 18, 31, 12, 15, 34, 20, 23, 4, 7, 30, 32, 22, 21, 2, 33, 19, 29, 27, 5, 25, 17, 14, 3, 16, 13, 6, 28, 11, 24, 9, 8, 10, 26, 1,1.01988
1, 18, 31, 12, 15, 34, 20, 23, 4, 7, 30, 32, 22, 21, 2, 33, 19, 29, 27, 5, 25, 17, 14, 3, 16, 13, 6, 28, 11, 24, 9, 8, 10, 26, 1,1.01988
1, 18, 31, 12, 15, 34, 20, 23, 4, 7, 30, 32, 22, 21, 2, 33, 19, 29, 27, 5, 25, 17, 14, 3, 16, 13, 6, 28, 11, 24, 9, 8, 10, 26, 1,1.01988
1, 18, 31, 12, 15, 34, 20, 23, 4, 7, 30, 32, 22, 21, 2, 33, 19, 29, 27, 5, 25, 17, 14, 3, 16, 13, 6, 28, 11, 24, 9, 8, 10, 26, 1,1.01988
1, 18, 31, 12, 15, 34, 20, 23, 4, 7, 30, 32, 22, 21, 2, 33, 19, 29, 27, 5, 25, 17, 14, 3, 16, 13, 6, 28, 11, 24, 9, 8, 10, 26, 1,1.01988
1, 18, 31, 12, 15, 34, 20, 23, 4, 7, 30, 32, 22, 21, 2, 33, 19, 29, 27, 5, 25, 17, 14, 3, 16, 13, 6, 28, 11, 24, 9, 8, 10, 26, 1,1.01988
1, 18, 31, 12, 15, 34, 20, 23, 4, 7, 30, 32, 22, 21, 2, 33, 19, 29, 27, 5, 25, 17, 14, 3, 16, 13, 6, 28, 11, 24, 9, 8, 10, 26, 1,1.01988
1, 18, 31, 12, 15, 34, 20, 23, 4, 7, 30, 32, 22, 21, 2, 33, 19, 29, 27, 5, 25, 17, 14, 3, 16, 13, 6, 28, 11, 24, 9, 8, 10, 26, 1,1.01988
1, 18, 31, 12, 15, 34, 20, 23, 4, 7, 30, 32, 22, 21, 2, 33, 19, 29, 27, 5, 25, 17, 14, 3, 16, 13, 6, 28, 11, 24, 9, 8, 10, 26, 1,1.01988
1, 18, 31, 12, 15, 34, 20, 23, 4, 7, 30, 32, 22, 21, 2, 33, 19, 29, 27, 5, 25, 17, 14, 3, 16, 13, 6, 28, 11, 24, 9, 8, 10, 26, 1,1.01988
1, 18, 31, 12, 15, 34, 20, 23, 4, 7, 30, 32, 22, 21, 2, 33, 19, 29, 27, 5, 25, 17, 14, 3, 16, 13, 6, 28, 11, 24, 9, 8, 10, 26, 1,1.01988
1, 18, 31, 12, 15, 34, 20, 23, 4, 7, 30, 32, 22, 21, 2, 33, 19, 29, 27, 5, 25, 17, 14, 3, 16, 13, 6, 28, 11, 24, 9, 8, 10, 26, 1,1.01988
1, 18, 31, 12, 15, 34, 20, 23, 4, 7, 30, 32, 22, 21, 2, 33, 19, 29, 27, 5, 25, 17, 14, 3, 16, 13, 6, 28, 11, 24, 9, 8, 10, 26, 1,1.01988
1, 18, 31, 12, 15, 34, 20, 23, 4, 7, 30, 32, 22, 21, 2, 33, 19, 29, 27, 5, 25, 17, 14, 3, 16, 13, 6, 28, 11, 24, 9, 8, 10, 26, 1,1.01988
1, 18, 31, 12, 15, 34, 20, 23, 4, 7, 30, 32, 22, 21, 2, 33, 19, 29, 27, 5, 25, 17, 14, 3, 16, 13, 6, 28, 11, 24, 9, 8, 10, 26, 1,1.01988
1, 18, 31, 12, 15, 34, 20, 23, 4, 7, 30, 32, 22, 21, 2, 33, 19, 29, 27, 5, 25, 17, 14, 3, 16, 13, 6, 28, 11, 24, 9, 8, 10, 26, 1,1.01988
1, 18, 31, 12, 15, 34, 20, 23, 4, 7, 30, 32, 22, 21, 2, 33, 19, 29, 27, 5, 25, 17, 14, 3, 16, 13, 6, 28, 11, 24, 9, 8, 10, 26, 1,1.01988
1, 18, 31, 12, 15, 34, 20, 23, 4, 7, 30, 32, 22, 21, 2, 33, 19, 29, 27, 5, 25, 17, 14, 3, 16, 13, 6, 28, 11, 24, 9, 8, 10, 26, 1,1.01988
1, 18, 31, 12, 15, 34, 20, 23, 4, 7, 30, 32, 22, 21, 2, 33, 19, 29, 27, 5, 25, 17, 14, 3, 16, 13, 6, 28, 11, 24, 9, 8, 10, 26, 1,1.01988
1, 18, 31, 12, 15, 34, 20, 23, 4, 7, 30, 32, 22, 21, 2, 33, 19, 29, 27, 5, 25, 17, 14, 3, 16, 13, 6, 28, 11, 24, 9, 8, 10, 26, 1,1.01988
1, 18, 31, 12, 15, 34, 20, 23, 4, 7, 30, 32, 22, 21, 2, 33, 19, 29, 27, 5, 25, 17, 14, 3, 16, 13, 6, 28, 11, 24, 9, 8, 10, 26, 1,1.01988
1, 18, 31, 12, 15, 34, 20, 23, 4, 7, 30, 32, 22, 21, 2, 33, 19, 29, 27, 5, 25, 17, 14, 3, 16, 13, 6, 28, 11, 24, 9, 8, 10, 26, 1,1.01988
1, 18, 31, 12, 15, 34, 20, 23, 4, 7, 30, 32, 22, 21, 2, 33, 19, 29, 27, 5, 25, 17, 14, 3, 16, 13, 6, 28, 11, 24, 9, 8, 10, 26, 1,1.01988
1, 18, 31, 12, 15, 34, 20, 23, 4, 7, 30, 32, 22, 21, 2, 33, 19, 29, 27, 5, 25, 17, 14, 3, 16, 13, 6, 28, 11, 24, 9, 8, 10, 26, 1,1.01988
1, 18, 31, 12, 15, 34, 20, 23, 4, 7, 30, 32, 22, 21, 2, 33, 19, 29, 27, 5, 25, 17, 14, 3, 16, 13, 6, 28, 11, 24, 9, 8, 10, 26, 1,1.01988
1, 18, 31, 12, 15, 34, 20, 23, 4, 7, 30, 32, 22, 21, 2, 33, 19, 29, 27, 5, 25, 17, 14, 3, 16, 13, 6, 28, 11, 24, 9, 8, 10, 26, 1,1.01988
1, 18, 31, 12, 15, 34, 20, 23, 4, 7, 30, 32, 22, 21, 2, 33, 19, 29, 27, 5, 25, 17, 14, 3, 16, 13, 6, 28, 11, 24, 9, 8, 10, 26, 1,1.01988
1, 18, 31, 12, 15, 34, 20, 23, 4, 7, 30, 32, 22, 21, 2, 33, 19, 29, 27, 5, 25, 17, 14, 3, 16, 13, 6, 28, 11, 24, 9, 8, 10, 26, 1,1.01988
1, 12, 15, 34, 20, 23, 4, 7, 30, 32, 22, 21, 2, 33, 19, 29, 27, 5, 25, 17, 14, 3, 16, 13, 6, 28, 11, 24, 9, 8, 10, 26, 18, 31, 1,1.01754
1, 18, 31, 12, 15, 34, 20, 23, 4, 7, 30, 32, 22, 21, 2, 33, 19, 29, 27, 5, 25, 17, 14, 3, 16, 13, 6, 28, 11, 24, 9, 8, 10, 26, 1,1.01988
1, 18, 31, 12, 15, 34, 20, 23, 4, 7, 30, 32, 22, 21, 2, 33, 19, 29, 27, 5, 25, 17, 14, 3, 16, 13, 6, 28, 11, 24, 9, 8, 10, 26, 1,1.01988
1, 18, 31, 12, 15, 34, 20, 23, 4, 7, 30, 32, 22, 21, 2, 33, 19, 29, 27, 5, 25, 17, 14, 3, 16, 13, 6, 28, 11, 24, 9, 8, 10, 26, 1,1.01988
1, 18, 31, 12, 15, 34, 20, 23, 4, 7, 30, 32, 22, 21, 2, 33, 19, 29, 27, 5, 25, 17, 14, 3, 16, 13, 6, 28, 11, 24, 9, 8, 10, 26, 1,1.01988
1, 18, 31, 12, 15, 34, 20, 23, 4, 7, 30, 32, 22, 21, 2, 33, 19, 29, 27, 5, 25, 17, 14, 3, 16, 13, 6, 28, 11, 24, 9, 8, 10, 26, 1,1.01988
1, 18, 31, 12, 15, 34, 20, 23, 4, 7, 30, 32, 22, 21, 2, 33, 19, 29, 27, 5, 25, 17, 14, 3, 16, 13, 6, 28, 11, 24, 9, 8, 10, 26, 1,1.01988
1, 18, 31, 12, 15, 34, 20, 23, 4, 7, 30, 32, 22, 21, 2, 33, 19, 29, 27, 5, 25, 17, 14, 3, 16, 13, 6, 28, 11, 24, 9, 8, 10, 26, 1,1.01988
1, 18, 31, 12, 15, 34, 20, 23, 4, 7, 30, 32, 22, 21, 2, 33, 19, 29, 27, 5, 25, 17, 14, 3, 16, 13, 6, 28, 11, 24, 9, 8, 10, 26, 1,1.01988
1, 18, 31, 12, 15, 34, 20, 23, 4, 7, 30, 32, 22, 21, 2, 33, 19, 29, 27, 5, 25, 17, 14, 3, 16, 13, 6, 28, 11, 24, 9, 8, 10, 26, 1,1.01988
1, 18, 31, 12, 15, 34, 20, 23, 4, 7, 30, 32, 22, 21, 2, 33, 19, 29, 27, 5, 25, 17, 14, 3, 16, 13, 6, 28, 11, 24, 9, 8, 10, 26, 1,1.01988
1, 18, 31, 12, 15, 34, 20, 23, 4, 7, 30, 32, 22, 21, 2, 33, 19, 29, 27, 5, 25, 17, 14, 3, 16, 13, 6, 28, 11, 24, 9, 8, 10, 26, 1,1.01988
1, 18, 31, 12, 15, 34, 20, 23, 4, 7, 30, 32, 22, 21, 2, 33, 19, 29, 27, 5, 25, 17, 14, 3, 16, 13, 6, 28, 11, 24, 9, 8, 10, 26, 1,1.01988
1, 18, 31, 12, 15, 34, 20, 23, 4, 7, 30, 32, 22, 21, 2, 33, 19, 29, 27, 5, 25, 17, 14, 3, 16, 13, 6, 28, 11, 24, 9, 8, 10, 26, 1,1.01988
1, 18, 31, 12, 15, 34, 20, 23, 4, 7, 30, 32, 22, 21, 2, 33, 19, 29, 27, 5, 25, 17, 14, 3, 16, 13, 6, 28, 11, 24, 9, 8, 10, 26, 1,1.01988
1, 18, 31, 12, 15, 34, 20, 23, 4, 7, 30, 32, 22, 21, 2, 33, 19, 29, 27, 5, 25, 17, 14, 3, 16, 13, 6, 28, 11, 24, 9, 8, 10, 26, 1,1.01988
1, 18, 31, 12, 15, 34, 20, 23, 4, 7, 30, 32, 22, 21, 2, 33, 19, 29, 27, 5, 25, 17, 14, 3, 16, 13, 6, 28, 11, 24, 9, 8, 10, 26, 1,1.01988
1, 18, 31, 12, 15, 34, 20, 23, 4, 7, 30, 32, 22, 21, 2, 33, 19, 29, 27, 5, 25, 17, 14, 3, 16, 13, 6, 28, 11, 24, 9, 8, 10, 26, 1,1.01988
1, 18, 31, 12, 15, 34, 20, 23, 4, 7, 30, 32, 22, 21, 2, 33, 19, 29, 27, 5, 25, 17, 14, 3, 16, 13, 6, 28, 11, 24, 9, 8, 10, 26, 1,1.01988
1, 18, 31, 12, 15, 34, 20, 23, 4, 7, 30, 32, 22, 21, 2, 33, 19, 29, 27, 5, 25, 17, 14, 3, 16, 13, 6, 28, 11, 24, 9, 8, 10, 26, 1,1.01988
1, 18, 31, 12, 15, 34, 20, 23, 4, 7, 30, 32, 22, 21, 2, 33, 19, 29, 27, 5, 25, 17, 14, 3, 16, 13, 6, 28, 11, 24, 9, 8, 10, 26, 1,1.01988
1, 18, 31, 12, 15, 34, 20, 23, 4, 7, 30, 32, 22, 21, 2, 33, 19, 29, 27, 5, 25, 17, 14, 3, 16, 13, 6, 28, 11, 24, 9, 8, 10, 26, 1,1.01988
1, 18, 31, 12, 15, 34, 20, 23, 4, 7, 30, 32, 22, 21, 2, 33, 19, 29, 27, 5, 25, 17, 14, 3, 16, 13, 6, 28, 11, 24, 9, 8, 10, 26, 1,1.01988
1, 18, 31, 12, 15, 34, 20, 23, 4, 7, 30, 32, 22, 21, 2, 33, 19, 29, 27, 5, 25, 17, 14, 3, 16, 13, 6, 28, 11, 24, 9, 8, 10, 26, 1,1.01988
1, 18, 31, 12, 15, 34, 20, 23, 4, 7, 30, 32, 22, 21, 2, 33, 19, 29, 27, 5, 25, 17, 14, 3, 16, 13, 6, 28, 11, 24, 9, 8, 10, 26, 1,1.01988
1, 18, 31, 12, 15, 34, 20, 23, 4, 7, 30, 32, 22, 21, 2, 33, 19, 29, 27, 5, 25, 17, 14, 3, 16, 13, 6, 28, 11, 24, 9, 8, 10, 26, 1,1.01988
1, 18, 31, 12, 15, 34, 20, 23, 4, 7, 30, 32, 22, 21, 2, 33, 19, 29, 27, 5, 25, 17, 14, 3, 16, 13, 6, 28, 11, 24, 9, 8, 10, 26, 1,1.01988
1, 18, 31, 12, 15, 34, 20, 23, 4, 7, 30, 32, 22, 21, 2, 33, 19, 29, 27, 5, 25, 17, 14, 3, 16, 13, 6, 28, 11, 24, 9, 8, 10, 26, 1,1.01988
1, 18, 31, 12, 15, 34, 20, 23, 4, 7, 30, 32, 22, 21, 2, 33, 19, 29, 27, 5, 25, 17, 14, 3, 16, 13, 6, 28, 11, 24, 9, 8, 10, 26, 1,1.01988
1, 18, 31, 12, 15, 34, 20, 23, 4, 7, 30, 32, 22, 21, 2, 33, 19, 29, 27, 5, 25, 17, 14, 3, 16, 13, 6, 28, 11, 24, 9, 8, 10, 26, 1,1.01988
1, 18, 31, 12, 15, 34, 20, 23, 4, 7, 30, 32, 22, 21, 2, 33, 19, 29, 27, 5, 25, 17, 14, 3, 16, 13, 6, 28, 11, 24, 9, 8, 10, 26, 1,1.01988
1, 18, 31, 12, 15, 34, 20, 23, 4, 7, 30, 32, 22, 21, 2, 33, 19, 29, 27, 5, 25, 17, 14, 3, 16, 13, 6, 28, 11, 24, 9, 8, 10, 26, 1,1.01988
1, 18, 31, 12, 15, 34, 20, 23, 4, 7, 30, 32, 22, 21, 2, 33, 19, 29, 27, 5, 25, 17, 14, 3, 16, 13, 6, 28, 11, 24, 9, 8, 10, 26, 1,1.01988
1, 18, 31, 12, 15, 34, 20, 23, 4, 7, 30, 32, 22, 21, 2, 33, 19, 29, 27, 5, 25, 17, 14, 3, 16, 13, 6, 28, 11, 24, 9, 8, 10, 26, 1,1.01988
1, 18, 31, 12, 15, 34, 20, 23, 4, 7, 30, 32, 22, 21, 2, 33, 19, 29, 27, 5, 25, 17, 14, 3, 16, 13, 6, 28, 11, 24, 9, 8, 10, 26, 1,1.01988
1, 18, 31, 12, 15, 34, 20, 23, 4, 7, 30, 32, 22, 21, 2, 33, 19, 29, 27, 5, 25, 17, 14, 3, 16, 13, 6, 28, 11, 24, 9, 8, 10, 26, 1,1.01988
1, 18, 31, 12, 15, 34, 20, 23, 4, 7, 30, 32, 22, 21, 2, 33, 19, 29, 27, 5, 25, 17, 14, 3, 16, 13, 6, 28, 11, 24, 9, 8, 10, 26, 1,1.01988
1, 18, 31, 12, 15, 34, 20, 23, 4, 7, 30, 32, 22, 21, 2, 33, 19, 29, 27, 5, 25, 17, 14, 3, 16, 13, 6, 28, 11, 24, 9, 8, 10, 26, 1,1.01988
1, 18, 31, 12, 15, 34, 20, 23, 4, 7, 30, 32, 22, 21, 2, 33, 19, 29, 27, 5, 25, 17, 14, 3, 16, 13, 6, 28, 11, 24, 9, 8, 10, 26, 1,1.01988
1, 18, 31, 12, 15, 34, 20, 23, 4, 7, 30, 32, 22, 21, 2, 33, 19, 29, 27, 5, 25, 17, 14, 3, 16, 13, 6, 28, 11, 24, 9, 8, 10, 26, 1,1.01988
1, 18, 31, 12, 15, 34, 20, 23, 4, 7, 30, 32, 22, 21, 2, 33, 19, 29, 27, 5, 25, 17, 14, 3, 16, 13, 6, 28, 11, 24, 9, 8, 10, 26, 1,1.01988
1, 18, 31, 12, 15, 34, 20, 23, 4, 7, 30, 32, 22, 21, 2, 33, 19, 29, 27, 5, 25, 17, 14, 3, 16, 13, 6, 28, 11, 24, 9, 8, 10, 26, 1,1.01988
1, 18, 31, 12, 15, 34, 20, 23, 4, 7, 30, 32, 22, 21, 2, 33, 19, 29, 27, 5, 25, 17, 14, 3, 16, 13, 6, 28, 11, 24, 9, 8, 10, 26, 1,1.01988
1, 18, 31, 12, 15, 34, 20, 23, 4, 7, 30, 32, 22, 21, 2, 33, 19, 29, 27, 5, 25, 17, 14, 3, 16, 13, 6, 28, 11, 24, 9, 8, 10, 26, 1,1.01988
1, 18, 31, 12, 15, 34, 20, 23, 4, 7, 30, 32, 22, 21, 2, 33, 19, 29, 27, 5, 25, 17, 14, 3, 16, 13, 6, 28, 11, 24, 9, 8, 10, 26, 1,1.01988
1, 18, 31, 12, 15, 34, 20, 23, 4, 7, 30, 32, 22, 21, 2, 33, 19, 29, 27, 5, 25, 17, 14, 3, 16, 13, 6, 28, 11, 24, 9, 8, 10, 26, 1,1.01988
1, 18, 31, 12, 15, 34, 20, 23, 4, 7, 30, 32, 22, 21, 2, 33, 19, 29, 27, 5, 25, 17, 14, 3, 16, 13, 6, 28, 11, 24, 9, 8, 10, 26, 1,1.01988
1, 18, 31, 12, 15, 34, 20, 23, 4, 7, 30, 32, 22, 21, 2, 33, 19, 29, 27, 5, 25, 17, 14, 3, 16, 13, 6, 28, 11, 24, 9, 8, 10, 26, 1,1.01988
1, 18, 31, 12, 15, 34, 20, 23, 4, 7, 30, 32, 22, 21, 2, 33, 19, 29, 27, 5, 25, 17, 14, 3, 16, 13, 6, 28, 11, 24, 9, 8, 10, 26, 1,1.01988
1, 18, 31, 12, 15, 34, 20, 23, 4, 7, 30, 32, 22, 21, 2, 33, 19, 29, 27, 5, 25, 17, 14, 3, 16, 13, 6, 28, 11, 24, 9, 8, 10, 26, 1,1.01988
1, 18, 31, 12, 15, 34, 20, 23, 4, 7, 30, 32, 22, 21, 2, 33, 19, 29, 27, 5, 25, 17, 14, 3, 16, 13, 6, 28, 11, 24, 9, 8, 10, 26, 1,1.01988
1, 18, 31, 12, 15, 34, 20, 23, 4, 7, 30, 32, 22, 21, 2, 33, 19, 29, 27, 5, 25, 17, 14, 3, 16, 13, 6, 28, 11, 24, 9, 8, 10, 26, 1,1.01988
1, 18, 31, 12, 15, 34, 20, 23, 4, 7, 30, 32, 22, 21, 2, 33, 19, 29, 27, 5, 25, 17, 14, 3, 16, 13, 6, 28, 11, 24, 9, 8, 10, 26, 1,1.01988
1, 18, 31, 12, 15, 34, 20, 23, 4, 7, 30, 32, 22, 21, 2, 33, 19, 29, 27, 5, 25, 17, 14, 3, 16, 13, 6, 28, 11, 24, 9, 8, 10, 26, 1,1.01988
1, 18, 31, 12, 15, 34, 20, 23, 4, 7, 30, 32, 22, 21, 2, 33, 19, 29, 27, 5, 25, 17, 14, 3, 16, 13, 6, 28, 11, 24, 9, 8, 10, 26, 1,1.01988
1, 18, 31, 12, 15, 34, 20, 23, 4, 7, 30, 32, 22, 21, 2, 33, 19, 29, 27, 5, 25, 17, 14, 3, 16, 13, 6, 28, 11, 24, 9, 8, 10, 26, 1,1.01988
1, 18, 31, 12, 15, 34, 20, 23, 4, 7, 30, 32, 22, 21, 2, 33, 19, 29, 27, 5, 25, 17, 14, 3, 16, 13, 6, 28, 11, 24, 9, 8, 10, 26, 1,1.01988
1, 12, 15, 34, 20, 23, 4, 7, 30, 32, 22, 21, 2, 33, 19, 29, 27, 5, 25, 17, 14, 3, 16, 13, 6, 28, 11, 24, 9, 8, 10, 26, 18, 31, 1,1.01754
1, 18, 31, 12, 15, 34, 20, 23, 4, 7, 30, 32, 22, 21, 2, 33, 19, 29, 27, 5, 25, 17, 14, 3, 16, 13, 6, 28, 11, 24, 9, 8, 10, 26, 1,1.01988
1, 18, 31, 12, 15, 34, 20, 23, 4, 7, 30, 32, 22, 21, 2, 33, 19, 29, 27, 5, 25, 17, 14, 3, 16, 13, 6, 28, 11, 24, 9, 8, 10, 26, 1,1.01988
1, 18, 31, 12, 15, 34, 20, 23, 4, 7, 30, 32, 22, 21, 2, 33, 19, 29, 27, 5, 25, 17, 14, 3, 16, 13, 6, 28, 11, 24, 9, 8, 10, 26, 1,1.01988
1, 18, 31, 12, 15, 34, 20, 23, 4, 7, 30, 32, 22, 21, 2, 33, 19, 29, 27, 5, 25, 17, 14, 3, 16, 13, 6, 28, 11, 24, 9, 8, 10, 26, 1,1.01988
1, 18, 31, 12, 15, 34, 20, 23, 4, 7, 30, 32, 22, 21, 2, 33, 19, 29, 27, 5, 25, 17, 14, 3, 16, 13, 6, 28, 11, 24, 9, 8, 10, 26, 1,1.01988
1, 18, 31, 12, 15, 34, 20, 23, 4, 7, 30, 32, 22, 21, 2, 33, 19, 29, 27, 5, 25, 17, 14, 3, 16, 13, 6, 28, 11, 24, 9, 8, 10, 26, 1,1.01988
1, 18, 31, 12, 15, 34, 20, 23, 4, 7, 30, 32, 22, 21, 2, 33, 19, 29, 27, 5, 25, 17, 14, 3, 16, 13, 6, 28, 11, 24, 9, 8, 10, 26, 1,1.01988
1, 18, 31, 12, 15, 34, 20, 23, 4, 7, 30, 32, 22, 21, 2, 33, 19, 29, 27, 5, 25, 17, 14, 3, 16, 13, 6, 28, 11, 24, 9, 8, 10, 26, 1,1.01988
1, 18, 31, 12, 15, 34, 20, 23, 4, 7, 30, 32, 22, 21, 2, 33, 19, 29, 27, 5, 25, 17, 14, 3, 16, 13, 6, 28, 11, 24, 9, 8, 10, 26, 1,1.01988
1, 18, 31, 12, 15, 34, 20, 23, 4, 7, 30, 32, 22, 21, 2, 33, 19, 29, 27, 5, 25, 17, 14, 3, 16, 13, 6, 28, 11, 24, 9, 8, 10, 26, 1,1.01988
1, 18, 31, 12, 15, 34, 20, 23, 4, 7, 30, 32, 22, 21, 2, 33, 19, 29, 27, 5, 25, 17, 14, 3, 16, 13, 6, 28, 11, 24, 9, 8, 10, 26, 1,1.01988
1, 18, 31, 12, 15, 34, 20, 23, 4, 7, 30, 32, 22, 21, 2, 33, 19, 29, 27, 5, 25, 17, 14, 3, 16, 13, 6, 28, 11, 24, 9, 8, 10, 26, 1,1.01988
1, 18, 31, 12, 15, 34, 20, 23, 4, 7, 30, 32, 22, 21, 2, 33, 19, 29, 27, 5, 25, 17, 14, 3, 16, 13, 6, 28, 11, 24, 9, 8, 10, 26, 1,1.01988
1, 18, 31, 12, 15, 34, 20, 23, 4, 7, 30, 32, 22, 21, 2, 33, 19, 29, 27, 5, 25, 17, 14, 3, 16, 13, 6, 28, 11, 24, 9, 8, 10, 26, 1,1.01988
1, 18, 31, 12, 15, 34, 20, 23, 4, 7, 30, 32, 22, 21, 2, 33, 19, 29, 27, 5, 25, 17, 14, 3, 16, 13, 6, 28, 11, 24, 9, 8, 10, 26, 1,1.01988
1, 18, 31, 12, 15, 34, 20, 23, 4, 7, 30, 32, 22, 21, 2, 33, 19, 29, 27, 5, 25, 17, 14, 3, 16, 13, 6, 28, 11, 24, 9, 8, 10, 26, 1,1.01988
1, 18, 31, 12, 15, 34, 20, 23, 4, 7, 30, 32, 22, 21, 2, 33, 19, 29, 27, 5, 25, 17, 14, 3, 16, 13, 6, 28, 11, 24, 9, 8, 10, 26, 1,1.01988
1, 18, 31, 12, 15, 34, 20, 23, 4, 7, 30, 32, 22, 21, 2, 33, 19, 29, 27, 5, 25, 17, 14, 3, 16, 13, 6, 28, 11, 24, 9, 8, 10, 26, 1,1.01988
1, 18, 31, 12, 15, 34, 20, 23, 4, 7, 30, 32, 22, 21, 2, 33, 19, 29, 27, 5, 25, 17, 14, 3, 16, 13, 6, 28, 11, 24, 9, 8, 10, 26, 1,1.01988
1, 18, 31, 12, 15, 34, 20, 23, 4, 7, 30, 32, 22, 21, 2, 33, 19, 29, 27, 5, 25, 17, 14, 3, 16, 13, 6, 28, 11, 24, 9, 8, 10, 26, 1,1.01988
1, 18, 31, 12, 15, 34, 20, 23, 4, 7, 30, 32, 22, 21, 2, 33, 19, 29, 27, 5, 25, 17, 14, 3, 16, 13, 6, 28, 11, 24, 9, 8, 10, 26, 1,1.01988
1, 18, 31, 12, 15, 34, 20, 23, 4, 7, 30, 32, 22, 21, 2, 33, 19, 29, 27, 5, 25, 17, 14, 3, 16, 13, 6, 28, 11, 24, 9, 8, 10, 26, 1,1.01988
1, 18, 31, 12, 15, 34, 20, 23, 4, 7, 30, 32, 22, 21, 2, 33, 19, 29, 27, 5, 25, 17, 14, 3, 16, 13, 6, 28, 11, 24, 9, 8, 10, 26, 1,1.01988
1, 18, 31, 12, 15, 34, 20, 23, 4, 7, 30, 32, 22, 21, 2, 33, 19, 29, 27, 5, 25, 17, 14, 3, 16, 13, 6, 28, 11, 24, 9, 8, 10, 26, 1,1.01988
1, 18, 31, 12, 15, 34, 20, 23, 4, 7, 30, 32, 22, 21, 2, 33, 19, 29, 27, 5, 25, 17, 14, 3, 16, 13, 6, 28, 11, 24, 9, 8, 10, 26, 1,1.01988
1, 18, 31, 12, 15, 34, 20, 23, 4, 7, 30, 32, 22, 21, 2, 33, 19, 29, 27, 5, 25, 17, 14, 3, 16, 13, 6, 28, 11, 24, 9, 8, 10, 26, 1,1.01988
1, 26, 10, 8, 9, 24, 11, 28, 6, 13, 16, 3, 14, 17, 25, 5, 27, 29, 19, 33, 2, 21, 22, 32, 30, 7, 4, 23, 20, 34, 15, 12, 31, 18, 1,1.01988
1, 18, 31, 12, 15, 34, 20, 23, 4, 7, 30, 32, 22, 21, 2, 33, 19, 29, 27, 5, 25, 17, 14, 3, 16, 13, 6, 28, 11, 24, 9, 8, 10, 26, 1,1.01988
1, 18, 31, 12, 15, 34, 20, 23, 4, 7, 30, 32, 22, 21, 2, 33, 19, 29, 27, 5, 25, 17, 14, 3, 16, 13, 6, 28, 11, 24, 9, 8, 10, 26, 1,1.01988
1, 18, 31, 12, 15, 34, 20, 23, 4, 7, 30, 32, 22, 21, 2, 33, 19, 29, 27, 5, 25, 17, 14, 3, 16, 13, 6, 28, 11, 24, 9, 8, 10, 26, 1,1.01988
1, 18, 31, 12, 15, 34, 20, 23, 4, 7, 30, 32, 22, 21, 2, 33, 19, 29, 27, 5, 25, 17, 14, 3, 16, 13, 6, 28, 11, 24, 9, 8, 10, 26, 1,1.01988
1, 26, 10, 8, 9, 24, 11, 28, 6, 13, 16, 3, 14, 17, 25, 5, 27, 29, 19, 33, 2, 21, 22, 32, 30, 7, 4, 23, 20, 34, 15, 12, 31, 18, 1,1.01988
1, 18, 31, 12, 15, 34, 20, 23, 4, 7, 30, 32, 22, 21, 2, 33, 19, 29, 27, 5, 25, 17, 14, 3, 16, 13, 6, 28, 11, 24, 9, 8, 10, 26, 1,1.01988
1, 18, 31, 12, 15, 34, 20, 23, 4, 7, 30, 32, 22, 21, 2, 33, 19, 29, 27, 5, 25, 17, 14, 3, 16, 13, 6, 28, 11, 24, 9, 8, 10, 26, 1,1.01988
1, 18, 31, 12, 15, 34, 20, 23, 4, 7, 30, 32, 22, 21, 2, 33, 19, 29, 27, 5, 25, 17, 14, 3, 16, 13, 6, 28, 11, 24, 9, 8, 10, 26, 1,1.01988
1, 18, 31, 12, 15, 34, 20, 23, 4, 7, 30, 32, 22, 21, 2, 33, 19, 29, 27, 5, 25, 17, 14, 3, 16, 13, 6, 28, 11, 24, 9, 8, 10, 26, 1,1.01988
1, 18, 31, 12, 15, 34, 20, 23, 4, 7, 30, 32, 22, 21, 2, 33, 19, 29, 27, 5, 25, 17, 14, 3, 16, 13, 6, 28, 11, 24, 9, 8, 10, 26, 1,1.01988
1, 18, 31, 12, 15, 34, 20, 23, 4, 7, 30, 32, 22, 21, 2, 33, 19, 29, 27, 5, 25, 17, 14, 3, 16, 13, 6, 28, 11, 24, 9, 8, 10, 26, 1,1.01988
1, 18, 31, 12, 15, 34, 20, 23, 4, 7, 30, 32, 22, 21, 2, 33, 19, 29, 27, 5, 25, 17, 14, 3, 16, 13, 6, 28, 11, 24, 9, 8, 10, 26, 1,1.01988
1, 18, 31, 12, 15, 34, 20, 23, 4, 7, 30, 32, 22, 21, 2, 33, 19, 29, 27, 5, 25, 17, 14, 3, 16, 13, 6, 28, 11, 24, 9, 8, 10, 26, 1,1.01988
1, 18, 31, 12, 15, 34, 20, 23, 4, 7, 30, 32, 22, 21, 2, 33, 19, 29, 27, 5, 25, 17, 14, 3, 16, 13, 6, 28, 11, 24, 9, 8, 10, 26, 1,1.01988
1, 18, 31, 12, 15, 34, 20, 23, 4, 7, 30, 32, 22, 21, 2, 33, 19, 29, 27, 5, 25, 17, 14, 3, 16, 13, 6, 28, 11, 24, 9, 8, 10, 26, 1,1.01988
1, 18, 31, 12, 15, 34, 20, 23, 4, 7, 30, 32, 22, 21, 2, 33, 19, 29, 27, 5, 25, 17, 14, 3, 16, 13, 6, 28, 11, 24, 9, 8, 10, 26, 1,1.01988
1, 18, 31, 12, 15, 34, 20, 23, 4, 7, 30, 32, 22, 21, 2, 33, 19, 29, 27, 5, 25, 17, 14, 3, 16, 13, 6, 28, 11, 24, 9, 8, 10, 26, 1,1.01988
1, 18, 31, 12, 15, 34, 20, 23, 4, 7, 30, 32, 22, 21, 2, 33, 19, 29, 27, 5, 25, 17, 14, 3, 16, 13, 6, 28, 11, 24, 9, 8, 10, 26, 1,1.01988
1, 18, 31, 12, 15, 34, 20, 23, 4, 7, 30, 32, 22, 21, 2, 33, 19, 29, 27, 5, 25, 17, 14, 3, 16, 13, 6, 28, 11, 24, 9, 8, 10, 26, 1,1.01988
1, 18, 31, 12, 15, 34, 20, 23, 4, 7, 30, 32, 22, 21, 2, 33, 19, 29, 27, 5, 25, 17, 14, 3, 16, 13, 6, 28, 11, 24, 9, 8, 10, 26, 1,1.01988
1, 18, 31, 12, 15, 34, 20, 23, 4, 7, 30, 32, 22, 21, 2, 33, 19, 29, 27, 5, 25, 17, 14, 3, 16, 13, 6, 28, 11, 24, 9, 8, 10, 26, 1,1.01988
1, 18, 31, 12, 15, 34, 20, 23, 4, 7, 30, 32, 22, 21, 2, 33, 19, 29, 27, 5, 25, 17, 14, 3, 16, 13, 6, 28, 11, 24, 9, 8, 10, 26, 1,1.01988
1, 18, 31, 12, 15, 34, 20, 23, 4, 7, 30, 32, 22, 21, 2, 33, 19, 29, 27, 5, 25, 17, 14, 3, 16, 13, 6, 28, 11, 24, 9, 8, 10, 26, 1,1.01988
1, 18, 31, 12, 15, 34, 20, 23, 4, 7, 30, 32, 22, 21, 2, 33, 19, 29, 27, 5, 25, 17, 14, 3, 16, 13, 6, 28, 11, 24, 9, 8, 10, 26, 1,1.01988
1, 18, 31, 12, 15, 34, 20, 23, 4, 7, 30, 32, 22, 21, 2, 33, 19, 29, 27, 5, 25, 17, 14, 3, 16, 13, 6, 28, 11, 24, 9, 8, 10, 26, 1,1.01988
1, 18, 31, 12, 15, 34, 20, 23, 4, 7, 30, 32, 22, 21, 2, 33, 19, 29, 27, 5, 25, 17, 14, 3, 16, 13, 6, 28, 11, 24, 9, 8, 10, 26, 1,1.01988
1, 18, 31, 12, 15, 34, 20, 23, 4, 7, 30, 32, 22, 21, 2, 33, 19, 29, 27, 5, 25, 17, 14, 3, 16, 13, 6, 28, 11, 24, 9, 8, 10, 26, 1,1.01988
1, 18, 31, 12, 15, 34, 20, 23, 4, 7, 30, 32, 22, 21, 2, 33, 19, 29, 27, 5, 25, 17, 14, 3, 16, 13, 6, 28, 11, 24, 9, 8, 10, 26, 1,1.01988
1, 18, 31, 12, 15, 34, 20, 23, 4, 7, 30, 32, 22, 21, 2, 33, 19, 29, 27, 5, 25, 17, 14, 3, 16, 13, 6, 28, 11, 24, 9, 8, 10, 26, 1,1.01988
1, 18, 31, 12, 15, 34, 20, 23, 4, 7, 30, 32, 22, 21, 2, 33, 19, 29, 27, 5, 25, 17, 14, 3, 16, 13, 6, 28, 11, 24, 9, 8, 10, 26, 1,1.01988
1, 18, 31, 12, 15, 34, 20, 23, 4, 7, 30, 32, 22, 21, 2, 33, 19, 29, 27, 5, 25, 17, 14, 3, 16, 13, 6, 28, 11, 24, 9, 8, 10, 26, 1,1.01988
1, 18, 31, 12, 15, 34, 20, 23, 4, 7, 30, 32, 22, 21, 2, 33, 19, 29, 27, 5, 25, 17, 14, 3, 16, 13, 6, 28, 11, 24, 9, 8, 10, 26, 1,1.01988
1, 18, 31, 12, 15, 34, 20, 23, 4, 7, 30, 32, 22, 21, 2, 33, 19, 29, 27, 5, 25, 17, 14, 3, 16, 13, 6, 28, 11, 24, 9, 8, 10, 26, 1,1.01988
1, 18, 31, 12, 15, 34, 20, 23, 4, 7, 30, 32, 22, 21, 2, 33, 19, 29, 27, 5, 25, 17, 14, 3, 16, 13, 6, 28, 11, 24, 9, 8, 10, 26, 1,1.01988
1, 18, 31, 12, 15, 34, 20, 23, 4, 7, 30, 32, 22, 21, 2, 33, 19, 29, 27, 5, 25, 17, 14, 3, 16, 13, 6, 28, 11, 24, 9, 8, 10, 26, 1,1.01988
1, 12, 15, 34, 20, 23, 4, 7, 30, 32, 22, 21, 2, 33, 19, 29, 27, 5, 25, 17, 14, 3, 16, 13, 6, 28, 11, 24, 9, 8, 10, 26, 18, 31, 1,1.01754
1, 12, 15, 34, 20, 23, 4, 7, 30, 32, 22, 21, 2, 33, 19, 29, 27, 5, 25, 17, 14, 3, 16, 13, 6, 28, 11, 24, 9, 8, 10, 26, 18, 31, 1,1.01754
1, 12, 15, 34, 20, 23, 4, 7, 30, 32, 22, 21, 2, 33, 19, 29, 27, 5, 25, 17, 14, 3, 16, 13, 6, 28, 11, 24, 9, 8, 10, 26, 18, 31, 1,1.01754
1, 18, 31, 12, 15, 34, 20, 23, 4, 7, 30, 32, 22, 21, 2, 33, 19, 29, 27, 5, 25, 17, 14, 3, 16, 13, 6, 28, 11, 24, 9, 8, 10, 26, 1,1.01988
1, 18, 31, 12, 15, 34, 20, 23, 4, 7, 30, 32, 22, 21, 2, 33, 19, 29, 27, 5, 25, 17, 14, 3, 16, 13, 6, 28, 11, 24, 9, 8, 10, 26, 1,1.01988
1, 18, 31, 12, 15, 34, 20, 23, 4, 7, 30, 32, 22, 21, 2, 33, 19, 29, 27, 5, 25, 17, 14, 3, 16, 13, 6, 28, 11, 24, 9, 8, 10, 26, 1,1.01988
1, 18, 31, 12, 15, 34, 20, 23, 4, 7, 30, 32, 22, 21, 2, 33, 19, 29, 27, 5, 25, 17, 14, 3, 16, 13, 6, 28, 11, 24, 9, 8, 10, 26, 1,1.01988
1, 18, 31, 12, 15, 34, 20, 23, 4, 7, 30, 32, 22, 21, 2, 33, 19, 29, 27, 5, 25, 17, 14, 3, 16, 13, 6, 28, 11, 24, 9, 8, 10, 26, 1,1.01988
1, 18, 31, 12, 15, 34, 20, 23, 4, 7, 30, 32, 22, 21, 2, 33, 19, 29, 27, 5, 25, 17, 14, 3, 16, 13, 6, 28, 11, 24, 9, 8, 10, 26, 1,1.01988
1, 18, 31, 12, 15, 34, 20, 23, 4, 7, 30, 32, 22, 21, 2, 33, 19, 29, 27, 5, 25, 17, 14, 3, 16, 13, 6, 28, 11, 24, 9, 8, 10, 26, 1,1.01988
1, 18, 31, 12, 15, 34, 20, 23, 4, 7, 30, 32, 22, 21, 2, 33, 19, 29, 27, 5, 25, 17, 14, 3, 16, 13, 6, 28, 11, 24, 9, 8, 10, 26, 1,1.01988
1, 18, 31, 12, 15, 34, 20, 23, 4, 7, 30, 32, 22, 21, 2, 33, 19, 29, 27, 5, 25, 17, 14, 3, 16, 13, 6, 28, 11, 24, 9, 8, 10, 26, 1,1.01988
1, 18, 31, 12, 15, 34, 20, 23, 4, 7, 30, 32, 22, 21, 2, 33, 19, 29, 27, 5, 25, 17, 14, 3, 16, 13, 6, 28, 11, 24, 9, 8, 10, 26, 1,1.01988
1, 18, 31, 12, 15, 34, 20, 23, 4, 7, 30, 32, 22, 21, 2, 33, 19, 29, 27, 5, 25, 17, 14, 3, 16, 13, 6, 28, 11, 24, 9, 8, 10, 26, 1,1.01988
1, 18, 31, 12, 15, 34, 20, 23, 4, 7, 30, 32, 22, 21, 2, 33, 19, 29, 27, 5, 25, 17, 14, 3, 16, 13, 6, 28, 11, 24, 9, 8, 10, 26, 1,1.01988
1, 18, 31, 12, 15, 34, 20, 23, 4, 7, 30, 32, 22, 21, 2, 33, 19, 29, 27, 5, 25, 17, 14, 3, 16, 13, 6, 28, 11, 24, 9, 8, 10, 26, 1,1.01988
1, 18, 31, 12, 15, 34, 20, 23, 4, 7, 30, 32, 22, 21, 2, 33, 19, 29, 27, 5, 25, 17, 14, 3, 16, 13, 6, 28, 11, 24, 9, 8, 10, 26, 1,1.01988
1, 18, 31, 12, 15, 34, 20, 23, 4, 7, 30, 32, 22, 21, 2, 33, 19, 29, 27, 5, 25, 17, 14, 3, 16, 13, 6, 28, 11, 24, 9, 8, 10, 26, 1,1.01988
1, 18, 31, 12, 15, 34, 20, 23, 4, 7, 30, 32, 22, 21, 2, 33, 19, 29, 27, 5, 25, 17, 14, 3, 16, 13, 6, 28, 11, 24, 9, 8, 10, 26, 1,1.01988
1, 18, 31, 12, 15, 34, 20, 23, 4, 7, 30, 32, 22, 21, 2, 33, 19, 29, 27, 5, 25, 17, 14, 3, 16, 13, 6, 28, 11, 24, 9, 8, 10, 26, 1,1.01988
1, 18, 31, 12, 15, 34, 20, 23, 4, 7, 30, 32, 22, 21, 2, 33, 19, 29, 27, 5, 25, 17, 14, 3, 16, 13, 6, 28, 11, 24, 9, 8, 10, 26, 1,1.01988
1, 18, 31, 12, 15, 34, 20, 23, 4, 7, 30, 32, 22, 21, 2, 33, 19, 29, 27, 5, 25, 17, 14, 3, 16, 13, 6, 28, 11, 24, 9, 8, 10, 26, 1,1.01988
1, 18, 31, 12, 15, 34, 20, 23, 4, 7, 30, 32, 22, 21, 2, 33, 19, 29, 27, 5, 25, 17, 14, 3, 16, 13, 6, 28, 11, 24, 9, 8, 10, 26, 1,1.01988
1, 18, 31, 12, 15, 34, 20, 23, 4, 7, 30, 32, 22, 21, 2, 33, 19, 29, 27, 5, 25, 17, 14, 3, 16, 13, 6, 28, 11, 24, 9, 8, 10, 26, 1,1.01988
1, 18, 31, 12, 15, 34, 20, 23, 4, 7, 30, 32, 22, 21, 2, 33, 19, 29, 27, 5, 25, 17, 14, 3, 16, 13, 6, 28, 11, 24, 9, 8, 10, 26, 1,1.01988
1, 18, 31, 12, 15, 34, 20, 23, 4, 7, 30, 32, 22, 21, 2, 33, 19, 29, 27, 5, 25, 17, 14, 3, 16, 13, 6, 28, 11, 24, 9, 8, 10, 26, 1,1.01988
1, 18, 31, 12, 15, 34, 20, 23, 4, 7, 30, 32, 22, 21, 2, 33, 19, 29, 27, 5, 25, 17, 14, 3, 16, 13, 6, 28, 11, 24, 9, 8, 10, 26, 1,1.01988
1, 18, 31, 12, 15, 34, 20, 23, 4, 7, 30, 32, 22, 21, 2, 33, 19, 29, 27, 5, 25, 17, 14, 3, 16, 13, 6, 28, 11, 24, 9, 8, 10, 26, 1,1.01988
1, 18, 31, 12, 15, 34, 20, 23, 4, 7, 30, 32, 22, 21, 2, 33, 19, 29, 27, 5, 25, 17, 14, 3, 16, 13, 6, 28, 11, 24, 9, 8, 10, 26, 1,1.01988
1, 18, 31, 12, 15, 34, 20, 23, 4, 7, 30, 32, 22, 21, 2, 33, 19, 29, 27, 5, 25, 17, 14, 3, 16, 13, 6, 28, 11, 24, 9, 8, 10, 26, 1,1.01988
1, 18, 31, 12, 15, 34, 20, 23, 4, 7, 30, 32, 22, 21, 2, 33, 19, 29, 27, 5, 25, 17, 14, 3, 16, 13, 6, 28, 11, 24, 9, 8, 10, 26, 1,1.01988
1, 18, 31, 12, 15, 34, 20, 23, 4, 7, 30, 32, 22, 21, 2, 33, 19, 29, 27, 5, 25, 17, 14, 3, 16, 13, 6, 28, 11, 24, 9, 8, 10, 26, 1,1.01988
1, 18, 31, 12, 15, 34, 20, 23, 4, 7, 30, 32, 22, 21, 2, 33, 19, 29, 27, 5, 25, 17, 14, 3, 16, 13, 6, 28, 11, 24, 9, 8, 10, 26, 1,1.01988
1, 18, 31, 12, 15, 34, 20, 23, 4, 7, 30, 32, 22, 21, 2, 33, 19, 29, 27, 5, 25, 17, 14, 3, 16, 13, 6, 28, 11, 24, 9, 8, 10, 26, 1,1.01988
1, 18, 31, 12, 15, 34, 20, 23, 4, 7, 30, 32, 22, 21, 2, 33, 19, 29, 27, 5, 25, 17, 14, 3, 16, 13, 6, 28, 11, 24, 9, 8, 10, 26, 1,1.01988
1, 18, 31, 12, 15, 34, 20, 23, 4, 7, 30, 32, 22, 21, 2, 33, 19, 29, 27, 5, 25, 17, 14, 3, 16, 13, 6, 28, 11, 24, 9, 8, 10, 26, 1,1.01988
1, 18, 31, 12, 15, 34, 20, 23, 4, 7, 30, 32, 22, 21, 2, 33, 19, 29, 27, 5, 25, 17, 14, 3, 16, 13, 6, 28, 11, 24, 9, 8, 10, 26, 1,1.01988
1, 18, 31, 12, 15, 34, 20, 23, 4, 7, 30, 32, 22, 21, 2, 33, 19, 29, 27, 5, 25, 17, 14, 3, 16, 13, 6, 28, 11, 24, 9, 8, 10, 26, 1,1.01988
1, 18, 31, 12, 15, 34, 20, 23, 4, 7, 30, 32, 22, 21, 2, 33, 19, 29, 27, 5, 25, 17, 14, 3, 16, 13, 6, 28, 11, 24, 9, 8, 10, 26, 1,1.01988
1, 18, 31, 12, 15, 34, 20, 23, 4, 7, 30, 32, 22, 21, 2, 33, 19, 29, 27, 5, 25, 17, 14, 3, 16, 13, 6, 28, 11, 24, 9, 8, 10, 26, 1,1.01988
1, 18, 31, 12, 15, 34, 20, 23, 4, 7, 30, 32, 22, 21, 2, 33, 19, 29, 27, 5, 25, 17, 14, 3, 16, 13, 6, 28, 11, 24, 9, 8, 10, 26, 1,1.01988
1, 18, 31, 12, 15, 34, 20, 23, 4, 7, 30, 32, 22, 21, 2, 33, 19, 29, 27, 5, 25, 17, 14, 3, 16, 13, 6, 28, 11, 24, 9, 8, 10, 26, 1,1.01988
1, 18, 31, 12, 15, 34, 20, 23, 4, 7, 30, 32, 22, 21, 2, 33, 19, 29, 27, 5, 25, 17, 14, 3, 16, 13, 6, 28, 11, 24, 9, 8, 10, 26, 1,1.01988
1, 18, 31, 12, 15, 34, 20, 23, 4, 7, 30, 32, 22, 21, 2, 33, 19, 29, 27, 5, 25, 17, 14, 3, 16, 13, 6, 28, 11, 24, 9, 8, 10, 26, 1,1.01988
1, 18, 31, 12, 15, 34, 20, 23, 4, 7, 30, 32, 22, 21, 2, 33, 19, 29, 27, 5, 25, 17, 14, 3, 16, 13, 6, 28, 11, 24, 9, 8, 10, 26, 1,1.01988
1, 18, 31, 12, 15, 34, 20, 23, 4, 7, 30, 32, 22, 21, 2, 33, 19, 29, 27, 5, 25, 17, 14, 3, 16, 13, 6, 28, 11, 24, 9, 8, 10, 26, 1,1.01988
1, 18, 31, 12, 15, 34, 20, 23, 4, 7, 30, 32, 22, 21, 2, 33, 19, 29, 27, 5, 25, 17, 14, 3, 16, 13, 6, 28, 11, 24, 9, 8, 10, 26, 1,1.01988
1, 18, 31, 12, 15, 34, 20, 23, 4, 7, 30, 32, 22, 21, 2, 33, 19, 29, 27, 5, 25, 17, 14, 3, 16, 13, 6, 28, 11, 24, 9, 8, 10, 26, 1,1.01988
1, 18, 31, 12, 15, 34, 20, 23, 4, 7, 30, 32, 22, 21, 2, 33, 19, 29, 27, 5, 25, 17, 14, 3, 16, 13, 6, 28, 11, 24, 9, 8, 10, 26, 1,1.01988
1, 18, 31, 12, 15, 34, 20, 23, 4, 7, 30, 32, 22, 21, 2, 33, 19, 29, 27, 5, 25, 17, 14, 3, 16, 13, 6, 28, 11, 24, 9, 8, 10, 26, 1,1.01988
1, 18, 31, 12, 15, 34, 20, 23, 4, 7, 30, 32, 22, 21, 2, 33, 19, 29, 27, 5, 25, 17, 14, 3, 16, 13, 6, 28, 11, 24, 9, 8, 10, 26, 1,1.01988
1, 18, 31, 12, 15, 34, 20, 23, 4, 7, 30, 32, 22, 21, 2, 33, 19, 29, 27, 5, 25, 17, 14, 3, 16, 13, 6, 28, 11, 24, 9, 8, 10, 26, 1,1.01988
1, 18, 31, 12, 15, 34, 20, 23, 4, 7, 30, 32, 22, 21, 2, 33, 19, 29, 27, 5, 25, 17, 14, 3, 16, 13, 6, 28, 11, 24, 9, 8, 10, 26, 1,1.01988
1, 18, 31, 12, 15, 34, 20, 23, 4, 7, 30, 32, 22, 21, 2, 33, 19, 29, 27, 5, 25, 17, 14, 3, 16, 13, 6, 28, 11, 24, 9, 8, 10, 26, 1,1.01988
1, 18, 31, 12, 15, 34, 20, 23, 4, 7, 30, 32, 22, 21, 2, 33, 19, 29, 27, 5, 25, 17, 14, 3, 16, 13, 6, 28, 11, 24, 9, 8, 10, 26, 1,1.01988
1, 18, 31, 12, 15, 34, 20, 23, 4, 7, 30, 32, 22, 21, 2, 33, 19, 29, 27, 5, 25, 17, 14, 3, 16, 13, 6, 28, 11, 24, 9, 8, 10, 26, 1,1.01988
1, 18, 31, 12, 15, 34, 20, 23, 4, 7, 30, 32, 22, 21, 2, 33, 19, 29, 27, 5, 25, 17, 14, 3, 16, 13, 6, 28, 11, 24, 9, 8, 10, 26, 1,1.01988
1, 18, 31, 12, 15, 34, 20, 23, 4, 7, 30, 32, 22, 21, 2, 33, 19, 29, 27, 5, 25, 17, 14, 3, 16, 13, 6, 28, 11, 24, 9, 8, 10, 26, 1,1.01988
1, 12, 15, 34, 20, 23, 4, 7, 30, 32, 22, 21, 2, 33, 19, 29, 27, 5, 25, 17, 14, 3, 16, 13, 6, 28, 11, 24, 9, 8, 10, 26, 18, 31, 1,1.01754
1, 18, 31, 12, 15, 34, 20, 23, 4, 7, 30, 32, 22, 21, 2, 33, 19, 29, 27, 5, 25, 17, 14, 3, 16, 13, 6, 28, 11, 24, 9, 8, 10, 26, 1,1.01988
1, 18, 31, 12, 15, 34, 20, 23, 4, 7, 30, 32, 22, 21, 2, 33, 19, 29, 27, 5, 25, 17, 14, 3, 16, 13, 6, 28, 11, 24, 9, 8, 10, 26, 1,1.01988
1, 18, 31, 12, 15, 34, 20, 23, 4, 7, 30, 32, 22, 21, 2, 33, 19, 29, 27, 5, 25, 17, 14, 3, 16, 13, 6, 28, 11, 24, 9, 8, 10, 26, 1,1.01988
1, 18, 31, 12, 15, 34, 20, 23, 4, 7, 30, 32, 22, 21, 2, 33, 19, 29, 27, 5, 25, 17, 14, 3, 16, 13, 6, 28, 11, 24, 9, 8, 10, 26, 1,1.01988
1, 18, 31, 12, 15, 34, 20, 23, 4, 7, 30, 32, 22, 21, 2, 33, 19, 29, 27, 5, 25, 17, 14, 3, 16, 13, 6, 28, 11, 24, 9, 8, 10, 26, 1,1.01988
1, 12, 15, 34, 20, 23, 4, 7, 30, 32, 22, 21, 2, 33, 19, 29, 27, 5, 25, 17, 14, 3, 16, 13, 6, 28, 11, 24, 9, 8, 10, 26, 18, 31, 1,1.01754
1, 18, 31, 12, 15, 34, 20, 23, 4, 7, 30, 32, 22, 21, 2, 33, 19, 29, 27, 5, 25, 17, 14, 3, 16, 13, 6, 28, 11, 24, 9, 8, 10, 26, 1,1.01988
1, 18, 31, 12, 15, 34, 20, 23, 4, 7, 30, 32, 22, 21, 2, 33, 19, 29, 27, 5, 25, 17, 14, 3, 16, 13, 6, 28, 11, 24, 9, 8, 10, 26, 1,1.01988
1, 12, 15, 34, 20, 23, 4, 7, 30, 32, 22, 21, 2, 33, 19, 29, 27, 5, 25, 17, 14, 3, 16, 13, 6, 28, 11, 24, 9, 8, 10, 26, 18, 31, 1,1.01754
1, 12, 15, 34, 20, 23, 4, 7, 30, 32, 22, 21, 2, 33, 19, 29, 27, 5, 25, 17, 14, 3, 16, 13, 6, 28, 11, 24, 9, 8, 10, 26, 18, 31, 1,1.01754
1, 12, 15, 34, 20, 23, 4, 7, 30, 32, 22, 21, 2, 33, 19, 29, 27, 5, 25, 17, 14, 3, 16, 13, 6, 28, 11, 24, 9, 8, 10, 26, 18, 31, 1,1.01754
1, 18, 31, 12, 15, 34, 20, 23, 4, 7, 30, 32, 22, 21, 2, 33, 19, 29, 27, 5, 25, 17, 14, 3, 16, 13, 6, 28, 11, 24, 9, 8, 10, 26, 1,1.01988
1, 18, 31, 12, 15, 34, 20, 23, 4, 7, 30, 32, 22, 21, 2, 33, 19, 29, 27, 5, 25, 17, 14, 3, 16, 13, 6, 28, 11, 24, 9, 8, 10, 26, 1,1.01988
1, 18, 31, 12, 15, 34, 20, 23, 4, 7, 30, 32, 22, 21, 2, 33, 19, 29, 27, 5, 25, 17, 14, 3, 16, 13, 6, 28, 11, 24, 9, 8, 10, 26, 1,1.01988
1, 18, 31, 12, 15, 34, 20, 23, 4, 7, 30, 32, 22, 21, 2, 33, 19, 29, 27, 5, 25, 17, 14, 3, 16, 13, 6, 28, 11, 24, 9, 8, 10, 26, 1,1.01988
1, 18, 31, 12, 15, 34, 20, 23, 4, 7, 30, 32, 22, 21, 2, 33, 19, 29, 27, 5, 25, 17, 14, 3, 16, 13, 6, 28, 11, 24, 9, 8, 10, 26, 1,1.01988
1, 18, 31, 12, 15, 34, 20, 23, 4, 7, 30, 32, 22, 21, 2, 33, 19, 29, 27, 5, 25, 17, 14, 3, 16, 13, 6, 28, 11, 24, 9, 8, 10, 26, 1,1.01988
1, 18, 31, 12, 15, 34, 20, 23, 4, 7, 30, 32, 22, 21, 2, 33, 19, 29, 27, 5, 25, 17, 14, 3, 16, 13, 6, 28, 11, 24, 9, 8, 10, 26, 1,1.01988
1, 18, 31, 12, 15, 34, 20, 23, 4, 7, 30, 32, 22, 21, 2, 33, 19, 29, 27, 5, 25, 17, 14, 3, 16, 13, 6, 28, 11, 24, 9, 8, 10, 26, 1,1.01988
1, 18, 31, 12, 15, 34, 20, 23, 4, 7, 30, 32, 22, 21, 2, 33, 19, 29, 27, 5, 25, 17, 14, 3, 16, 13, 6, 28, 11, 24, 9, 8, 10, 26, 1,1.01988
1, 18, 31, 12, 15, 34, 20, 23, 4, 7, 30, 32, 22, 21, 2, 33, 19, 29, 27, 5, 25, 17, 14, 3, 16, 13, 6, 28, 11, 24, 9, 8, 10, 26, 1,1.01988
1, 18, 31, 12, 15, 34, 20, 23, 4, 7, 30, 32, 22, 21, 2, 33, 19, 29, 27, 5, 25, 17, 14, 3, 16, 13, 6, 28, 11, 24, 9, 8, 10, 26, 1,1.01988
1, 26, 10, 8, 9, 24, 11, 28, 6, 13, 16, 3, 14, 17, 25, 5, 27, 29, 19, 33, 2, 21, 22, 32, 30, 7, 4, 23, 20, 34, 15, 12, 31, 18, 1,1.01988
1, 18, 31, 12, 15, 34, 20, 23, 4, 7, 30, 32, 22, 21, 2, 33, 19, 29, 27, 5, 25, 17, 14, 3, 16, 13, 6, 28, 11, 24, 9, 8, 10, 26, 1,1.01988
1, 18, 31, 12, 15, 34, 20, 23, 4, 7, 30, 32, 22, 21, 2, 33, 19, 29, 27, 5, 25, 17, 14, 3, 16, 13, 6, 28, 11, 24, 9, 8, 10, 26, 1,1.01988
1, 18, 31, 12, 15, 34, 20, 23, 4, 7, 30, 32, 22, 21, 2, 33, 19, 29, 27, 5, 25, 17, 14, 3, 16, 13, 6, 28, 11, 24, 9, 8, 10, 26, 1,1.01988
1, 18, 31, 12, 15, 34, 20, 23, 4, 7, 30, 32, 22, 21, 2, 33, 19, 29, 27, 5, 25, 17, 14, 3, 16, 13, 6, 28, 11, 24, 9, 8, 10, 26, 1,1.01988
1, 18, 31, 12, 15, 34, 20, 23, 4, 7, 30, 32, 22, 21, 2, 33, 19, 29, 27, 5, 25, 17, 14, 3, 16, 13, 6, 28, 11, 24, 9, 8, 10, 26, 1,1.01988
1, 18, 31, 12, 15, 34, 20, 23, 4, 7, 30, 32, 22, 21, 2, 33, 19, 29, 27, 5, 25, 17, 14, 3, 16, 13, 6, 28, 11, 24, 9, 8, 10, 26, 1,1.01988
1, 18, 31, 12, 15, 34, 20, 23, 4, 7, 30, 32, 22, 21, 2, 33, 19, 29, 27, 5, 25, 17, 14, 3, 16, 13, 6, 28, 11, 24, 9, 8, 10, 26, 1,1.01988
1, 18, 31, 12, 15, 34, 20, 23, 4, 7, 30, 32, 22, 21, 2, 33, 19, 29, 27, 5, 25, 17, 14, 3, 16, 13, 6, 28, 11, 24, 9, 8, 10, 26, 1,1.01988
1, 18, 31, 12, 15, 34, 20, 23, 4, 7, 30, 32, 22, 21, 2, 33, 19, 29, 27, 5, 25, 17, 14, 3, 16, 13, 6, 28, 11, 24, 9, 8, 10, 26, 1,1.01988
1, 18, 31, 12, 15, 34, 20, 23, 4, 7, 30, 32, 22, 21, 2, 33, 19, 29, 27, 5, 25, 17, 14, 3, 16, 13, 6, 28, 11, 24, 9, 8, 10, 26, 1,1.01988
1, 18, 31, 12, 15, 34, 20, 23, 4, 7, 30, 32, 22, 21, 2, 33, 19, 29, 27, 5, 25, 17, 14, 3, 16, 13, 6, 28, 11, 24, 9, 8, 10, 26, 1,1.01988
1, 18, 31, 12, 15, 34, 20, 23, 4, 7, 30, 32, 22, 21, 2, 33, 19, 29, 27, 5, 25, 17, 14, 3, 16, 13, 6, 28, 11, 24, 9, 8, 10, 26, 1,1.01988
1, 18, 31, 12, 15, 34, 20, 23, 4, 7, 30, 32, 22, 21, 2, 33, 19, 29, 27, 5, 25, 17, 14, 3, 16, 13, 6, 28, 11, 24, 9, 8, 10, 26, 1,1.01988
1, 18, 31, 12, 15, 34, 20, 23, 4, 7, 30, 32, 22, 21, 2, 33, 19, 29, 27, 5, 25, 17, 14, 3, 16, 13, 6, 28, 11, 24, 9, 8, 10, 26, 1,1.01988
1, 18, 31, 12, 15, 34, 20, 23, 4, 7, 30, 32, 22, 21, 2, 33, 19, 29, 27, 5, 25, 17, 14, 3, 16, 13, 6, 28, 11, 24, 9, 8, 10, 26, 1,1.01988
1, 18, 31, 12, 15, 34, 20, 23, 4, 7, 30, 32, 22, 21, 2, 33, 19, 29, 27, 5, 25, 17, 14, 3, 16, 13, 6, 28, 11, 24, 9, 8, 10, 26, 1,1.01988
1, 18, 31, 12, 15, 34, 20, 23, 4, 7, 30, 32, 22, 21, 2, 33, 19, 29, 27, 5, 25, 17, 14, 3, 16, 13, 6, 28, 11, 24, 9, 8, 10, 26, 1,1.01988
1, 18, 31, 12, 15, 34, 20, 23, 4, 7, 30, 32, 22, 21, 2, 33, 19, 29, 27, 5, 25, 17, 14, 3, 16, 13, 6, 28, 11, 24, 9, 8, 10, 26, 1,1.01988
1, 18, 31, 12, 15, 34, 20, 23, 4, 7, 30, 32, 22, 21, 2, 33, 19, 29, 27, 5, 25, 17, 14, 3, 16, 13, 6, 28, 11, 24, 9, 8, 10, 26, 1,1.01988
1, 18, 31, 12, 15, 34, 20, 23, 4, 7, 30, 32, 22, 21, 2, 33, 19, 29, 27, 5, 25, 17, 14, 3, 16, 13, 6, 28, 11, 24, 9, 8, 10, 26, 1,1.01988
1, 18, 31, 12, 15, 34, 20, 23, 4, 7, 30, 32, 22, 21, 2, 33, 19, 29, 27, 5, 25, 17, 14, 3, 16, 13, 6, 28, 11, 24, 9, 8, 10, 26, 1,1.01988
1, 18, 31, 12, 15, 34, 20, 23, 4, 7, 30, 32, 22, 21, 2, 33, 19, 29, 27, 5, 25, 17, 14, 3, 16, 13, 6, 28, 11, 24, 9, 8, 10, 26, 1,1.01988
1, 18, 31, 12, 15, 34, 20, 23, 4, 7, 30, 32, 22, 21, 2, 33, 19, 29, 27, 5, 25, 17, 14, 3, 16, 13, 6, 28, 11, 24, 9, 8, 10, 26, 1,1.01988
1, 18, 31, 12, 15, 34, 20, 23, 4, 7, 30, 32, 22, 21, 2, 33, 19, 29, 27, 5, 25, 17, 14, 3, 16, 13, 6, 28, 11, 24, 9, 8, 10, 26, 1,1.01988
1, 18, 31, 12, 15, 34, 20, 23, 4, 7, 30, 32, 22, 21, 2, 33, 19, 29, 27, 5, 25, 17, 14, 3, 16, 13, 6, 28, 11, 24, 9, 8, 10, 26, 1,1.01988
1, 18, 31, 12, 15, 34, 20, 23, 4, 7, 30, 32, 22, 21, 2, 33, 19, 29, 27, 5, 25, 17, 14, 3, 16, 13, 6, 28, 11, 24, 9, 8, 10, 26, 1,1.01988
1, 18, 31, 12, 15, 34, 20, 23, 4, 7, 30, 32, 22, 21, 2, 33, 19, 29, 27, 5, 25, 17, 14, 3, 16, 13, 6, 28, 11, 24, 9, 8, 10, 26, 1,1.01988
1, 26, 10, 8, 9, 24, 11, 28, 6, 13, 16, 3, 14, 17, 25, 5, 27, 29, 19, 33, 2, 21, 22, 32, 30, 7, 4, 23, 20, 34, 15, 12, 31, 18, 1,1.01988
1, 18, 31, 12, 15, 34, 20, 23, 4, 7, 30, 32, 22, 21, 2, 33, 19, 29, 27, 5, 25, 17, 14, 3, 16, 13, 6, 28, 11, 24, 9, 8, 10, 26, 1,1.01988
1, 18, 31, 12, 15, 34, 20, 23, 4, 7, 30, 32, 22, 21, 2, 33, 19, 29, 27, 5, 25, 17, 14, 3, 16, 13, 6, 28, 11, 24, 9, 8, 10, 26, 1,1.01988
1, 18, 31, 12, 15, 34, 20, 23, 4, 7, 30, 32, 22, 21, 2, 33, 19, 29, 27, 5, 25, 17, 14, 3, 16, 13, 6, 28, 11, 24, 9, 8, 10, 26, 1,1.01988
1, 18, 31, 12, 15, 34, 20, 23, 4, 7, 30, 32, 22, 21, 2, 33, 19, 29, 27, 5, 25, 17, 14, 3, 16, 13, 6, 28, 11, 24, 9, 8, 10, 26, 1,1.01988
1, 18, 31, 12, 15, 34, 20, 23, 4, 7, 30, 32, 22, 21, 2, 33, 19, 29, 27, 5, 25, 17, 14, 3, 16, 13, 6, 28, 11, 24, 9, 8, 10, 26, 1,1.01988
1, 18, 31, 12, 15, 34, 20, 23, 4, 7, 30, 32, 22, 21, 2, 33, 19, 29, 27, 5, 25, 17, 14, 3, 16, 13, 6, 28, 11, 24, 9, 8, 10, 26, 1,1.01988
1, 18, 31, 12, 15, 34, 20, 23, 4, 7, 30, 32, 22, 21, 2, 33, 19, 29, 27, 5, 25, 17, 14, 3, 16, 13, 6, 28, 11, 24, 9, 8, 10, 26, 1,1.01988
1, 18, 31, 12, 15, 34, 20, 23, 4, 7, 30, 32, 22, 21, 2, 33, 19, 29, 27, 5, 25, 17, 14, 3, 16, 13, 6, 28, 11, 24, 9, 8, 10, 26, 1,1.01988
1, 18, 31, 12, 15, 34, 20, 23, 4, 7, 30, 32, 22, 21, 2, 33, 19, 29, 27, 5, 25, 17, 14, 3, 16, 13, 6, 28, 11, 24, 9, 8, 10, 26, 1,1.01988
1, 18, 31, 12, 15, 34, 20, 23, 4, 7, 30, 32, 22, 21, 2, 33, 19, 29, 27, 5, 25, 17, 14, 3, 16, 13, 6, 28, 11, 24, 9, 8, 10, 26, 1,1.01988
1, 18, 31, 12, 15, 34, 20, 23, 4, 7, 30, 32, 22, 21, 2, 33, 19, 29, 27, 5, 25, 17, 14, 3, 16, 13, 6, 28, 11, 24, 9, 8, 10, 26, 1,1.01988
1, 18, 31, 12, 15, 34, 20, 23, 4, 7, 30, 32, 22, 21, 2, 33, 19, 29, 27, 5, 25, 17, 14, 3, 16, 13, 6, 28, 11, 24, 9, 8, 10, 26, 1,1.01988
1, 18, 31, 12, 15, 34, 20, 23, 4, 7, 30, 32, 22, 21, 2, 33, 19, 29, 27, 5, 25, 17, 14, 3, 16, 13, 6, 28, 11, 24, 9, 8, 10, 26, 1,1.01988
1, 12, 15, 34, 20, 23, 4, 7, 30, 32, 22, 21, 2, 33, 19, 29, 27, 5, 25, 17, 14, 3, 16, 13, 6, 28, 11, 24, 9, 8, 10, 26, 18, 31, 1,1.01754
1, 12, 15, 34, 20, 23, 4, 7, 30, 32, 22, 21, 2, 33, 19, 29, 27, 5, 25, 17, 14, 3, 16, 13, 6, 28, 11, 24, 9, 8, 10, 26, 18, 31, 1,1.01754
1, 18, 31, 12, 15, 34, 20, 23, 4, 7, 30, 32, 22, 21, 2, 33, 19, 29, 27, 5, 25, 17, 14, 3, 16, 13, 6, 28, 11, 24, 9, 8, 10, 26, 1,1.01988
1, 18, 31, 12, 15, 34, 20, 23, 4, 7, 30, 32, 22, 21, 2, 33, 19, 29, 27, 5, 25, 17, 14, 3, 16, 13, 6, 28, 11, 24, 9, 8, 10, 26, 1,1.01988
1, 18, 31, 12, 15, 34, 20, 23, 4, 7, 30, 32, 22, 21, 2, 33, 19, 29, 27, 5, 25, 17, 14, 3, 16, 13, 6, 28, 11, 24, 9, 8, 10, 26, 1,1.01988
1, 18, 31, 12, 15, 34, 20, 23, 4, 7, 30, 32, 22, 21, 2, 33, 19, 29, 27, 5, 25, 17, 14, 3, 16, 13, 6, 28, 11, 24, 9, 8, 10, 26, 1,1.01988
1, 18, 31, 12, 15, 34, 20, 23, 4, 7, 30, 32, 22, 21, 2, 33, 19, 29, 27, 5, 25, 17, 14, 3, 16, 13, 6, 28, 11, 24, 9, 8, 10, 26, 1,1.01988
1, 18, 31, 12, 15, 34, 20, 23, 4, 7, 30, 32, 22, 21, 2, 33, 19, 29, 27, 5, 25, 17, 14, 3, 16, 13, 6, 28, 11, 24, 9, 8, 10, 26, 1,1.01988
1, 18, 31, 12, 15, 34, 20, 23, 4, 7, 30, 32, 22, 21, 2, 33, 19, 29, 27, 5, 25, 17, 14, 3, 16, 13, 6, 28, 11, 24, 9, 8, 10, 26, 1,1.01988
1, 18, 31, 12, 15, 34, 20, 23, 4, 7, 30, 32, 22, 21, 2, 33, 19, 29, 27, 5, 25, 17, 14, 3, 16, 13, 6, 28, 11, 24, 9, 8, 10, 26, 1,1.01988
1, 18, 31, 12, 15, 34, 20, 23, 4, 7, 30, 32, 22, 21, 2, 33, 19, 29, 27, 5, 25, 17, 14, 3, 16, 13, 6, 28, 11, 24, 9, 8, 10, 26, 1,1.01988
1, 18, 31, 12, 15, 34, 20, 23, 4, 7, 30, 32, 22, 21, 2, 33, 19, 29, 27, 5, 25, 17, 14, 3, 16, 13, 6, 28, 11, 24, 9, 8, 10, 26, 1,1.01988
1, 18, 31, 12, 15, 34, 20, 23, 4, 7, 30, 32, 22, 21, 2, 33, 19, 29, 27, 5, 25, 17, 14, 3, 16, 13, 6, 28, 11, 24, 9, 8, 10, 26, 1,1.01988
1, 18, 31, 12, 15, 34, 20, 23, 4, 7, 30, 32, 22, 21, 2, 33, 19, 29, 27, 5, 25, 17, 14, 3, 16, 13, 6, 28, 11, 24, 9, 8, 10, 26, 1,1.01988
1, 18, 31, 12, 15, 34, 20, 23, 4, 7, 30, 32, 22, 21, 2, 33, 19, 29, 27, 5, 25, 17, 14, 3, 16, 13, 6, 28, 11, 24, 9, 8, 10, 26, 1,1.01988
1, 18, 31, 12, 15, 34, 20, 23, 4, 7, 30, 32, 22, 21, 2, 33, 19, 29, 27, 5, 25, 17, 14, 3, 16, 13, 6, 28, 11, 24, 9, 8, 10, 26, 1,1.01988
1, 18, 31, 12, 15, 34, 20, 23, 4, 7, 30, 32, 22, 21, 2, 33, 19, 29, 27, 5, 25, 17, 14, 3, 16, 13, 6, 28, 11, 24, 9, 8, 10, 26, 1,1.01988
1, 18, 31, 12, 15, 34, 20, 23, 4, 7, 30, 32, 22, 21, 2, 33, 19, 29, 27, 5, 25, 17, 14, 3, 16, 13, 6, 28, 11, 24, 9, 8, 10, 26, 1,1.01988
1, 18, 31, 12, 15, 34, 20, 23, 4, 7, 30, 32, 22, 21, 2, 33, 19, 29, 27, 5, 25, 17, 14, 3, 16, 13, 6, 28, 11, 24, 9, 8, 10, 26, 1,1.01988
1, 18, 31, 12, 15, 34, 20, 23, 4, 7, 30, 32, 22, 21, 2, 33, 19, 29, 27, 5, 25, 17, 14, 3, 16, 13, 6, 28, 11, 24, 9, 8, 10, 26, 1,1.01988
1, 18, 31, 12, 15, 34, 20, 23, 4, 7, 30, 32, 22, 21, 2, 33, 19, 29, 27, 5, 25, 17, 14, 3, 16, 13, 6, 28, 11, 24, 9, 8, 10, 26, 1,1.01988
1, 18, 31, 12, 15, 34, 20, 23, 4, 7, 30, 32, 22, 21, 2, 33, 19, 29, 27, 5, 25, 17, 14, 3, 16, 13, 6, 28, 11, 24, 9, 8, 10, 26, 1,1.01988
1, 18, 31, 12, 15, 34, 20, 23, 4, 7, 30, 32, 22, 21, 2, 33, 19, 29, 27, 5, 25, 17, 14, 3, 16, 13, 6, 28, 11, 24, 9, 8, 10, 26, 1,1.01988
1, 18, 31, 12, 15, 34, 20, 23, 4, 7, 30, 32, 22, 21, 2, 33, 19, 29, 27, 5, 25, 17, 14, 3, 16, 13, 6, 28, 11, 24, 9, 8, 10, 26, 1,1.01988
1, 18, 31, 12, 15, 34, 20, 23, 4, 7, 30, 32, 22, 21, 2, 33, 19, 29, 27, 5, 25, 17, 14, 3, 16, 13, 6, 28, 11, 24, 9, 8, 10, 26, 1,1.01988
1, 18, 31, 12, 15, 34, 20, 23, 4, 7, 30, 32, 22, 21, 2, 33, 19, 29, 27, 5, 25, 17, 14, 3, 16, 13, 6, 28, 11, 24, 9, 8, 10, 26, 1,1.01988
1, 18, 31, 12, 15, 34, 20, 23, 4, 7, 30, 32, 22, 21, 2, 33, 19, 29, 27, 5, 25, 17, 14, 3, 16, 13, 6, 28, 11, 24, 9, 8, 10, 26, 1,1.01988
1, 18, 31, 12, 15, 34, 20, 23, 4, 7, 30, 32, 22, 21, 2, 33, 19, 29, 27, 5, 25, 17, 14, 3, 16, 13, 6, 28, 11, 24, 9, 8, 10, 26, 1,1.01988
1, 18, 31, 12, 15, 34, 20, 23, 4, 7, 30, 32, 22, 21, 2, 33, 19, 29, 27, 5, 25, 17, 14, 3, 16, 13, 6, 28, 11, 24, 9, 8, 10, 26, 1,1.01988
1, 18, 31, 12, 15, 34, 20, 23, 4, 7, 30, 32, 22, 21, 2, 33, 19, 29, 27, 5, 25, 17, 14, 3, 16, 13, 6, 28, 11, 24, 9, 8, 10, 26, 1,1.01988
1, 18, 31, 12, 15, 34, 20, 23, 4, 7, 30, 32, 22, 21, 2, 33, 19, 29, 27, 5, 25, 17, 14, 3, 16, 13, 6, 28, 11, 24, 9, 8, 10, 26, 1,1.01988
1, 18, 31, 12, 15, 34, 20, 23, 4, 7, 30, 32, 22, 21, 2, 33, 19, 29, 27, 5, 25, 17, 14, 3, 16, 13, 6, 28, 11, 24, 9, 8, 10, 26, 1,1.01988
1, 18, 31, 12, 15, 34, 20, 23, 4, 7, 30, 32, 22, 21, 2, 33, 19, 29, 27, 5, 25, 17, 14, 3, 16, 13, 6, 28, 11, 24, 9, 8, 10, 26, 1,1.01988
1, 18, 31, 12, 15, 34, 20, 23, 4, 7, 30, 32, 22, 21, 2, 33, 19, 29, 27, 5, 25, 17, 14, 3, 16, 13, 6, 28, 11, 24, 9, 8, 10, 26, 1,1.01988
1, 18, 31, 12, 15, 34, 20, 23, 4, 7, 30, 32, 22, 21, 2, 33, 19, 29, 27, 5, 25, 17, 14, 3, 16, 13, 6, 28, 11, 24, 9, 8, 10, 26, 1,1.01988
1, 18, 31, 12, 15, 34, 20, 23, 4, 7, 30, 32, 22, 21, 2, 33, 19, 29, 27, 5, 25, 17, 14, 3, 16, 13, 6, 28, 11, 24, 9, 8, 10, 26, 1,1.01988
1, 18, 31, 12, 15, 34, 20, 23, 4, 7, 30, 32, 22, 21, 2, 33, 19, 29, 27, 5, 25, 17, 14, 3, 16, 13, 6, 28, 11, 24, 9, 8, 10, 26, 1,1.01988
1, 18, 31, 12, 15, 34, 20, 23, 4, 7, 30, 32, 22, 21, 2, 33, 19, 29, 27, 5, 25, 17, 14, 3, 16, 13, 6, 28, 11, 24, 9, 8, 10, 26, 1,1.01988
1, 18, 31, 12, 15, 34, 20, 23, 4, 7, 30, 32, 22, 21, 2, 33, 19, 29, 27, 5, 25, 17, 14, 3, 16, 13, 6, 28, 11, 24, 9, 8, 10, 26, 1,1.01988
1, 18, 31, 12, 15, 34, 20, 23, 4, 7, 30, 32, 22, 21, 2, 33, 19, 29, 27, 5, 25, 17, 14, 3, 16, 13, 6, 28, 11, 24, 9, 8, 10, 26, 1,1.01988
1, 18, 31, 12, 15, 34, 20, 23, 4, 7, 30, 32, 22, 21, 2, 33, 19, 29, 27, 5, 25, 17, 14, 3, 16, 13, 6, 28, 11, 24, 9, 8, 10, 26, 1,1.01988
1, 18, 31, 12, 15, 34, 20, 23, 4, 7, 30, 32, 22, 21, 2, 33, 19, 29, 27, 5, 25, 17, 14, 3, 16, 13, 6, 28, 11, 24, 9, 8, 10, 26, 1,1.01988
1, 18, 31, 12, 15, 34, 20, 23, 4, 7, 30, 32, 22, 21, 2, 33, 19, 29, 27, 5, 25, 17, 14, 3, 16, 13, 6, 28, 11, 24, 9, 8, 10, 26, 1,1.01988
1, 18, 31, 12, 15, 34, 20, 23, 4, 7, 30, 32, 22, 21, 2, 33, 19, 29, 27, 5, 25, 17, 14, 3, 16, 13, 6, 28, 11, 24, 9, 8, 10, 26, 1,1.01988
1, 18, 31, 12, 15, 34, 20, 23, 4, 7, 30, 32, 22, 21, 2, 33, 19, 29, 27, 5, 25, 17, 14, 3, 16, 13, 6, 28, 11, 24, 9, 8, 10, 26, 1,1.01988
1, 18, 31, 12, 15, 34, 20, 23, 4, 7, 30, 32, 22, 21, 2, 33, 19, 29, 27, 5, 25, 17, 14, 3, 16, 13, 6, 28, 11, 24, 9, 8, 10, 26, 1,1.01988
1, 18, 31, 12, 15, 34, 20, 23, 4, 7, 30, 32, 22, 21, 2, 33, 19, 29, 27, 5, 25, 17, 14, 3, 16, 13, 6, 28, 11, 24, 9, 8, 10, 26, 1,1.01988
1, 18, 31, 12, 15, 34, 20, 23, 4, 7, 30, 32, 22, 21, 2, 33, 19, 29, 27, 5, 25, 17, 14, 3, 16, 13, 6, 28, 11, 24, 9, 8, 10, 26, 1,1.01988
1, 18, 31, 12, 15, 34, 20, 23, 4, 7, 30, 32, 22, 21, 2, 33, 19, 29, 27, 5, 25, 17, 14, 3, 16, 13, 6, 28, 11, 24, 9, 8, 10, 26, 1,1.01988
1, 18, 31, 12, 15, 34, 20, 23, 4, 7, 30, 32, 22, 21, 2, 33, 19, 29, 27, 5, 25, 17, 14, 3, 16, 13, 6, 28, 11, 24, 9, 8, 10, 26, 1,1.01988
1, 18, 31, 12, 15, 34, 20, 23, 4, 7, 30, 32, 22, 21, 2, 33, 19, 29, 27, 5, 25, 17, 14, 3, 16, 13, 6, 28, 11, 24, 9, 8, 10, 26, 1,1.01988
1, 18, 31, 12, 15, 34, 20, 23, 4, 7, 30, 32, 22, 21, 2, 33, 19, 29, 27, 5, 25, 17, 14, 3, 16, 13, 6, 28, 11, 24, 9, 8, 10, 26, 1,1.01988
1, 18, 31, 12, 15, 34, 20, 23, 4, 7, 30, 32, 22, 21, 2, 33, 19, 29, 27, 5, 25, 17, 14, 3, 16, 13, 6, 28, 11, 24, 9, 8, 10, 26, 1,1.01988
1, 18, 31, 12, 15, 34, 20, 23, 4, 7, 30, 32, 22, 21, 2, 33, 19, 29, 27, 5, 25, 17, 14, 3, 16, 13, 6, 28, 11, 24, 9, 8, 10, 26, 1,1.01988
1, 18, 31, 12, 15, 34, 20, 23, 4, 7, 30, 32, 22, 21, 2, 33, 19, 29, 27, 5, 25, 17, 14, 3, 16, 13, 6, 28, 11, 24, 9, 8, 10, 26, 1,1.01988
1, 18, 31, 12, 15, 34, 20, 23, 4, 7, 30, 32, 22, 21, 2, 33, 19, 29, 27, 5, 25, 17, 14, 3, 16, 13, 6, 28, 11, 24, 9, 8, 10, 26, 1,1.01988
1, 12, 15, 34, 20, 23, 4, 7, 30, 32, 22, 21, 2, 33, 19, 29, 27, 5, 25, 17, 14, 3, 16, 13, 6, 28, 11, 24, 9, 8, 10, 26, 18, 31, 1,1.01754
1, 18, 31, 12, 15, 34, 20, 23, 4, 7, 30, 32, 22, 21, 2, 33, 19, 29, 27, 5, 25, 17, 14, 3, 16, 13, 6, 28, 11, 24, 9, 8, 10, 26, 1,1.01988
1, 18, 31, 12, 15, 34, 20, 23, 4, 7, 30, 32, 22, 21, 2, 33, 19, 29, 27, 5, 25, 17, 14, 3, 16, 13, 6, 28, 11, 24, 9, 8, 10, 26, 1,1.01988
1, 18, 31, 12, 15, 34, 20, 23, 4, 7, 30, 32, 22, 21, 2, 33, 19, 29, 27, 5, 25, 17, 14, 3, 16, 13, 6, 28, 11, 24, 9, 8, 10, 26, 1,1.01988
1, 18, 31, 12, 15, 34, 20, 23, 4, 7, 30, 32, 22, 21, 2, 33, 19, 29, 27, 5, 25, 17, 14, 3, 16, 13, 6, 28, 11, 24, 9, 8, 10, 26, 1,1.01988
1, 18, 31, 12, 15, 34, 20, 23, 4, 7, 30, 32, 22, 21, 2, 33, 19, 29, 27, 5, 25, 17, 14, 3, 16, 13, 6, 28, 11, 24, 9, 8, 10, 26, 1,1.01988
1, 18, 31, 12, 15, 34, 20, 23, 4, 7, 30, 32, 22, 21, 2, 33, 19, 29, 27, 5, 25, 17, 14, 3, 16, 13, 6, 28, 11, 24, 9, 8, 10, 26, 1,1.01988
1, 18, 31, 12, 15, 34, 20, 23, 4, 7, 30, 32, 22, 21, 2, 33, 19, 29, 27, 5, 25, 17, 14, 3, 16, 13, 6, 28, 11, 24, 9, 8, 10, 26, 1,1.01988
1, 18, 31, 12, 15, 34, 20, 23, 4, 7, 30, 32, 22, 21, 2, 33, 19, 29, 27, 5, 25, 17, 14, 3, 16, 13, 6, 28, 11, 24, 9, 8, 10, 26, 1,1.01988
1, 18, 31, 12, 15, 34, 20, 23, 4, 7, 30, 32, 22, 21, 2, 33, 19, 29, 27, 5, 25, 17, 14, 3, 16, 13, 6, 28, 11, 24, 9, 8, 10, 26, 1,1.01988
1, 18, 31, 12, 15, 34, 20, 23, 4, 7, 30, 32, 22, 21, 2, 33, 19, 29, 27, 5, 25, 17, 14, 3, 16, 13, 6, 28, 11, 24, 9, 8, 10, 26, 1,1.01988
1, 18, 31, 12, 15, 34, 20, 23, 4, 7, 30, 32, 22, 21, 2, 33, 19, 29, 27, 5, 25, 17, 14, 3, 16, 13, 6, 28, 11, 24, 9, 8, 10, 26, 1,1.01988
1, 18, 31, 12, 15, 34, 20, 23, 4, 7, 30, 32, 22, 21, 2, 33, 19, 29, 27, 5, 25, 17, 14, 3, 16, 13, 6, 28, 11, 24, 9, 8, 10, 26, 1,1.01988
1, 18, 31, 12, 15, 34, 20, 23, 4, 7, 30, 32, 22, 21, 2, 33, 19, 29, 27, 5, 25, 17, 14, 3, 16, 13, 6, 28, 11, 24, 9, 8, 10, 26, 1,1.01988
1, 18, 31, 12, 15, 34, 20, 23, 4, 7, 30, 32, 22, 21, 2, 33, 19, 29, 27, 5, 25, 17, 14, 3, 16, 13, 6, 28, 11, 24, 9, 8, 10, 26, 1,1.01988
1, 18, 31, 12, 15, 34, 20, 23, 4, 7, 30, 32, 22, 21, 2, 33, 19, 29, 27, 5, 25, 17, 14, 3, 16, 13, 6, 28, 11, 24, 9, 8, 10, 26, 1,1.01988
1, 18, 31, 12, 15, 34, 20, 23, 4, 7, 30, 32, 22, 21, 2, 33, 19, 29, 27, 5, 25, 17, 14, 3, 16, 13, 6, 28, 11, 24, 9, 8, 10, 26, 1,1.01988
1, 18, 31, 12, 15, 34, 20, 23, 4, 7, 30, 32, 22, 21, 2, 33, 19, 29, 27, 5, 25, 17, 14, 3, 16, 13, 6, 28, 11, 24, 9, 8, 10, 26, 1,1.01988
1, 18, 31, 12, 15, 34, 20, 23, 4, 7, 30, 32, 22, 21, 2, 33, 19, 29, 27, 5, 25, 17, 14, 3, 16, 13, 6, 28, 11, 24, 9, 8, 10, 26, 1,1.01988
1, 18, 31, 12, 15, 34, 20, 23, 4, 7, 30, 32, 22, 21, 2, 33, 19, 29, 27, 5, 25, 17, 14, 3, 16, 13, 6, 28, 11, 24, 9, 8, 10, 26, 1,1.01988
1, 12, 15, 34, 20, 23, 4, 7, 30, 32, 22, 21, 2, 33, 19, 29, 27, 5, 25, 17, 14, 3, 16, 13, 6, 28, 11, 24, 9, 8, 10, 26, 18, 31, 1,1.01754
1, 18, 31, 12, 15, 34, 20, 23, 4, 7, 30, 32, 22, 21, 2, 33, 19, 29, 27, 5, 25, 17, 14, 3, 16, 13, 6, 28, 11, 24, 9, 8, 10, 26, 1,1.01988
1, 18, 31, 12, 15, 34, 20, 23, 4, 7, 30, 32, 22, 21, 2, 33, 19, 29, 27, 5, 25, 17, 14, 3, 16, 13, 6, 28, 11, 24, 9, 8, 10, 26, 1,1.01988
1, 18, 31, 12, 15, 34, 20, 23, 4, 7, 30, 32, 22, 21, 2, 33, 19, 29, 27, 5, 25, 17, 14, 3, 16, 13, 6, 28, 11, 24, 9, 8, 10, 26, 1,1.01988
1, 18, 31, 12, 15, 34, 20, 23, 4, 7, 30, 32, 22, 21, 2, 33, 19, 29, 27, 5, 25, 17, 14, 3, 16, 13, 6, 28, 11, 24, 9, 8, 10, 26, 1,1.01988
1, 18, 31, 12, 15, 34, 20, 23, 4, 7, 30, 32, 22, 21, 2, 33, 19, 29, 27, 5, 25, 17, 14, 3, 16, 13, 6, 28, 11, 24, 9, 8, 10, 26, 1,1.01988
1, 18, 31, 12, 15, 34, 20, 23, 4, 7, 30, 32, 22, 21, 2, 33, 19, 29, 27, 5, 25, 17, 14, 3, 16, 13, 6, 28, 11, 24, 9, 8, 10, 26, 1,1.01988
1, 18, 31, 12, 15, 34, 20, 23, 4, 7, 30, 32, 22, 21, 2, 33, 19, 29, 27, 5, 25, 17, 14, 3, 16, 13, 6, 28, 11, 24, 9, 8, 10, 26, 1,1.01988
1, 18, 31, 12, 15, 34, 20, 23, 4, 7, 30, 32, 22, 21, 2, 33, 19, 29, 27, 5, 25, 17, 14, 3, 16, 13, 6, 28, 11, 24, 9, 8, 10, 26, 1,1.01988
1, 18, 31, 12, 15, 34, 20, 23, 4, 7, 30, 32, 22, 21, 2, 33, 19, 29, 27, 5, 25, 17, 14, 3, 16, 13, 6, 28, 11, 24, 9, 8, 10, 26, 1,1.01988
1, 18, 31, 12, 15, 34, 20, 23, 4, 7, 30, 32, 22, 21, 2, 33, 19, 29, 27, 5, 25, 17, 14, 3, 16, 13, 6, 28, 11, 24, 9, 8, 10, 26, 1,1.01988
1, 18, 31, 12, 15, 34, 20, 23, 4, 7, 30, 32, 22, 21, 2, 33, 19, 29, 27, 5, 25, 17, 14, 3, 16, 13, 6, 28, 11, 24, 9, 8, 10, 26, 1,1.01988
1, 18, 31, 12, 15, 34, 20, 23, 4, 7, 30, 32, 22, 21, 2, 33, 19, 29, 27, 5, 25, 17, 14, 3, 16, 13, 6, 28, 11, 24, 9, 8, 10, 26, 1,1.01988
1, 18, 31, 12, 15, 34, 20, 23, 4, 7, 30, 32, 22, 21, 2, 33, 19, 29, 27, 5, 25, 17, 14, 3, 16, 13, 6, 28, 11, 24, 9, 8, 10, 26, 1,1.01988
1, 18, 31, 12, 15, 34, 20, 23, 4, 7, 30, 32, 22, 21, 2, 33, 19, 29, 27, 5, 25, 17, 14, 3, 16, 13, 6, 28, 11, 24, 9, 8, 10, 26, 1,1.01988
1, 18, 31, 12, 15, 34, 20, 23, 4, 7, 30, 32, 22, 21, 2, 33, 19, 29, 27, 5, 25, 17, 14, 3, 16, 13, 6, 28, 11, 24, 9, 8, 10, 26, 1,1.01988
1, 18, 31, 12, 15, 34, 20, 23, 4, 7, 30, 32, 22, 21, 2, 33, 19, 29, 27, 5, 25, 17, 14, 3, 16, 13, 6, 28, 11, 24, 9, 8, 10, 26, 1,1.01988
1, 18, 31, 12, 15, 34, 20, 23, 4, 7, 30, 32, 22, 21, 2, 33, 19, 29, 27, 5, 25, 17, 14, 3, 16, 13, 6, 28, 11, 24, 9, 8, 10, 26, 1,1.01988
1, 18, 31, 12, 15, 34, 20, 23, 4, 7, 30, 32, 22, 21, 2, 33, 19, 29, 27, 5, 25, 17, 14, 3, 16, 13, 6, 28, 11, 24, 9, 8, 10, 26, 1,1.01988
1, 18, 31, 12, 15, 34, 20, 23, 4, 7, 30, 32, 22, 21, 2, 33, 19, 29, 27, 5, 25, 17, 14, 3, 16, 13, 6, 28, 11, 24, 9, 8, 10, 26, 1,1.01988
1, 18, 31, 12, 15, 34, 20, 23, 4, 7, 30, 32, 22, 21, 2, 33, 19, 29, 27, 5, 25, 17, 14, 3, 16, 13, 6, 28, 11, 24, 9, 8, 10, 26, 1,1.01988
1, 18, 31, 12, 15, 34, 20, 23, 4, 7, 30, 32, 22, 21, 2, 33, 19, 29, 27, 5, 25, 17, 14, 3, 16, 13, 6, 28, 11, 24, 9, 8, 10, 26, 1,1.01988
1, 18, 31, 12, 15, 34, 20, 23, 4, 7, 30, 32, 22, 21, 2, 33, 19, 29, 27, 5, 25, 17, 14, 3, 16, 13, 6, 28, 11, 24, 9, 8, 10, 26, 1,1.01988
1, 18, 31, 12, 15, 34, 20, 23, 4, 7, 30, 32, 22, 21, 2, 33, 19, 29, 27, 5, 25, 17, 14, 3, 16, 13, 6, 28, 11, 24, 9, 8, 10, 26, 1,1.01988
1, 18, 31, 12, 15, 34, 20, 23, 4, 7, 30, 32, 22, 21, 2, 33, 19, 29, 27, 5, 25, 17, 14, 3, 16, 13, 6, 28, 11, 24, 9, 8, 10, 26, 1,1.01988
1, 18, 31, 12, 15, 34, 20, 23, 4, 7, 30, 32, 22, 21, 2, 33, 19, 29, 27, 5, 25, 17, 14, 3, 16, 13, 6, 28, 11, 24, 9, 8, 10, 26, 1,1.01988
1, 18, 31, 12, 15, 34, 20, 23, 4, 7, 30, 32, 22, 21, 2, 33, 19, 29, 27, 5, 25, 17, 14, 3, 16, 13, 6, 28, 11, 24, 9, 8, 10, 26, 1,1.01988
1, 18, 31, 12, 15, 34, 20, 23, 4, 7, 30, 32, 22, 21, 2, 33, 19, 29, 27, 5, 25, 17, 14, 3, 16, 13, 6, 28, 11, 24, 9, 8, 10, 26, 1,1.01988
1, 18, 31, 12, 15, 34, 20, 23, 4, 7, 30, 32, 22, 21, 2, 33, 19, 29, 27, 5, 25, 17, 14, 3, 16, 13, 6, 28, 11, 24, 9, 8, 10, 26, 1,1.01988
1, 18, 31, 12, 15, 34, 20, 23, 4, 7, 30, 32, 22, 21, 2, 33, 19, 29, 27, 5, 25, 17, 14, 3, 16, 13, 6, 28, 11, 24, 9, 8, 10, 26, 1,1.01988
1, 18, 31, 12, 15, 34, 20, 23, 4, 7, 30, 32, 22, 21, 2, 33, 19, 29, 27, 5, 25, 17, 14, 3, 16, 13, 6, 28, 11, 24, 9, 8, 10, 26, 1,1.01988
1, 18, 31, 12, 15, 34, 20, 23, 4, 7, 30, 32, 22, 21, 2, 33, 19, 29, 27, 5, 25, 17, 14, 3, 16, 13, 6, 28, 11, 24, 9, 8, 10, 26, 1,1.01988
1, 18, 31, 12, 15, 34, 20, 23, 4, 7, 30, 32, 22, 21, 2, 33, 19, 29, 27, 5, 25, 17, 14, 3, 16, 13, 6, 28, 11, 24, 9, 8, 10, 26, 1,1.01988
1, 18, 31, 12, 15, 34, 20, 23, 4, 7, 30, 32, 22, 21, 2, 33, 19, 29, 27, 5, 25, 17, 14, 3, 16, 13, 6, 28, 11, 24, 9, 8, 10, 26, 1,1.01988
1, 18, 31, 12, 15, 34, 20, 23, 4, 7, 30, 32, 22, 21, 2, 33, 19, 29, 27, 5, 25, 17, 14, 3, 16, 13, 6, 28, 11, 24, 9, 8, 10, 26, 1,1.01988
1, 18, 31, 12, 15, 34, 20, 23, 4, 7, 30, 32, 22, 21, 2, 33, 19, 29, 27, 5, 25, 17, 14, 3, 16, 13, 6, 28, 11, 24, 9, 8, 10, 26, 1,1.01988
1, 18, 31, 12, 15, 34, 20, 23, 4, 7, 30, 32, 22, 21, 2, 33, 19, 29, 27, 5, 25, 17, 14, 3, 16, 13, 6, 28, 11, 24, 9, 8, 10, 26, 1,1.01988
1, 18, 31, 12, 15, 34, 20, 23, 4, 7, 30, 32, 22, 21, 2, 33, 19, 29, 27, 5, 25, 17, 14, 3, 16, 13, 6, 28, 11, 24, 9, 8, 10, 26, 1,1.01988
1, 18, 31, 12, 15, 34, 20, 23, 4, 7, 30, 32, 22, 21, 2, 33, 19, 29, 27, 5, 25, 17, 14, 3, 16, 13, 6, 28, 11, 24, 9, 8, 10, 26, 1,1.01988
1, 18, 31, 12, 15, 34, 20, 23, 4, 7, 30, 32, 22, 21, 2, 33, 19, 29, 27, 5, 25, 17, 14, 3, 16, 13, 6, 28, 11, 24, 9, 8, 10, 26, 1,1.01988
1, 18, 31, 12, 15, 34, 20, 23, 4, 7, 30, 32, 22, 21, 2, 33, 19, 29, 27, 5, 25, 17, 14, 3, 16, 13, 6, 28, 11, 24, 9, 8, 10, 26, 1,1.01988
1, 18, 31, 12, 15, 34, 20, 23, 4, 7, 30, 32, 22, 21, 2, 33, 19, 29, 27, 5, 25, 17, 14, 3, 16, 13, 6, 28, 11, 24, 9, 8, 10, 26, 1,1.01988
1, 18, 31, 12, 15, 34, 20, 23, 4, 7, 30, 32, 22, 21, 2, 33, 19, 29, 27, 5, 25, 17, 14, 3, 16, 13, 6, 28, 11, 24, 9, 8, 10, 26, 1,1.01988
1, 18, 31, 12, 15, 34, 20, 23, 4, 7, 30, 32, 22, 21, 2, 33, 19, 29, 27, 5, 25, 17, 14, 3, 16, 13, 6, 28, 11, 24, 9, 8, 10, 26, 1,1.01988
1, 18, 31, 12, 15, 34, 20, 23, 4, 7, 30, 32, 22, 21, 2, 33, 19, 29, 27, 5, 25, 17, 14, 3, 16, 13, 6, 28, 11, 24, 9, 8, 10, 26, 1,1.01988
1, 18, 31, 12, 15, 34, 20, 23, 4, 7, 30, 32, 22, 21, 2, 33, 19, 29, 27, 5, 25, 17, 14, 3, 16, 13, 6, 28, 11, 24, 9, 8, 10, 26, 1,1.01988
1, 18, 31, 12, 15, 34, 20, 23, 4, 7, 30, 32, 22, 21, 2, 33, 19, 29, 27, 5, 25, 17, 14, 3, 16, 13, 6, 28, 11, 24, 9, 8, 10, 26, 1,1.01988
1, 18, 31, 12, 15, 34, 20, 23, 4, 7, 30, 32, 22, 21, 2, 33, 19, 29, 27, 5, 25, 17, 14, 3, 16, 13, 6, 28, 11, 24, 9, 8, 10, 26, 1,1.01988
1, 18, 31, 12, 15, 34, 20, 23, 4, 7, 30, 32, 22, 21, 2, 33, 19, 29, 27, 5, 25, 17, 14, 3, 16, 13, 6, 28, 11, 24, 9, 8, 10, 26, 1,1.01988
1, 18, 31, 12, 15, 34, 20, 23, 4, 7, 30, 32, 22, 21, 2, 33, 19, 29, 27, 5, 25, 17, 14, 3, 16, 13, 6, 28, 11, 24, 9, 8, 10, 26, 1,1.01988
1, 18, 31, 12, 15, 34, 20, 23, 4, 7, 30, 32, 22, 21, 2, 33, 19, 29, 27, 5, 25, 17, 14, 3, 16, 13, 6, 28, 11, 24, 9, 8, 10, 26, 1,1.01988
1, 18, 31, 12, 15, 34, 20, 23, 4, 7, 30, 32, 22, 21, 2, 33, 19, 29, 27, 5, 25, 17, 14, 3, 16, 13, 6, 28, 11, 24, 9, 8, 10, 26, 1,1.01988
1, 18, 31, 12, 15, 34, 20, 23, 4, 7, 30, 32, 22, 21, 2, 33, 19, 29, 27, 5, 25, 17, 14, 3, 16, 13, 6, 28, 11, 24, 9, 8, 10, 26, 1,1.01988
1, 18, 31, 12, 15, 34, 20, 23, 4, 7, 30, 32, 22, 21, 2, 33, 19, 29, 27, 5, 25, 17, 14, 3, 16, 13, 6, 28, 11, 24, 9, 8, 10, 26, 1,1.01988
1, 18, 31, 12, 15, 34, 20, 23, 4, 7, 30, 32, 22, 21, 2, 33, 19, 29, 27, 5, 25, 17, 14, 3, 16, 13, 6, 28, 11, 24, 9, 8, 10, 26, 1,1.01988
1, 18, 31, 12, 15, 34, 20, 23, 4, 7, 30, 32, 22, 21, 2, 33, 19, 29, 27, 5, 25, 17, 14, 3, 16, 13, 6, 28, 11, 24, 9, 8, 10, 26, 1,1.01988
1, 18, 31, 12, 15, 34, 20, 23, 4, 7, 30, 32, 22, 21, 2, 33, 19, 29, 27, 5, 25, 17, 14, 3, 16, 13, 6, 28, 11, 24, 9, 8, 10, 26, 1,1.01988
1, 18, 31, 12, 15, 34, 20, 23, 4, 7, 30, 32, 22, 21, 2, 33, 19, 29, 27, 5, 25, 17, 14, 3, 16, 13, 6, 28, 11, 24, 9, 8, 10, 26, 1,1.01988
1, 18, 31, 12, 15, 34, 20, 23, 4, 7, 30, 32, 22, 21, 2, 33, 19, 29, 27, 5, 25, 17, 14, 3, 16, 13, 6, 28, 11, 24, 9, 8, 10, 26, 1,1.01988
1, 18, 31, 12, 15, 34, 20, 23, 4, 7, 30, 32, 22, 21, 2, 33, 19, 29, 27, 5, 25, 17, 14, 3, 16, 13, 6, 28, 11, 24, 9, 8, 10, 26, 1,1.01988
1, 18, 31, 12, 15, 34, 20, 23, 4, 7, 30, 32, 22, 21, 2, 33, 19, 29, 27, 5, 25, 17, 14, 3, 16, 13, 6, 28, 11, 24, 9, 8, 10, 26, 1,1.01988
1, 18, 31, 12, 15, 34, 20, 23, 4, 7, 30, 32, 22, 21, 2, 33, 19, 29, 27, 5, 25, 17, 14, 3, 16, 13, 6, 28, 11, 24, 9, 8, 10, 26, 1,1.01988
1, 18, 31, 12, 15, 34, 20, 23, 4, 7, 30, 32, 22, 21, 2, 33, 19, 29, 27, 5, 25, 17, 14, 3, 16, 13, 6, 28, 11, 24, 9, 8, 10, 26, 1,1.01988
1, 18, 31, 12, 15, 34, 20, 23, 4, 7, 30, 32, 22, 21, 2, 33, 19, 29, 27, 5, 25, 17, 14, 3, 16, 13, 6, 28, 11, 24, 9, 8, 10, 26, 1,1.01988
1, 18, 31, 12, 15, 34, 20, 23, 4, 7, 30, 32, 22, 21, 2, 33, 19, 29, 27, 5, 25, 17, 14, 3, 16, 13, 6, 28, 11, 24, 9, 8, 10, 26, 1,1.01988
1, 18, 31, 12, 15, 34, 20, 23, 4, 7, 30, 32, 22, 21, 2, 33, 19, 29, 27, 5, 25, 17, 14, 3, 16, 13, 6, 28, 11, 24, 9, 8, 10, 26, 1,1.01988
1, 18, 31, 12, 15, 34, 20, 23, 4, 7, 30, 32, 22, 21, 2, 33, 19, 29, 27, 5, 25, 17, 14, 3, 16, 13, 6, 28, 11, 24, 9, 8, 10, 26, 1,1.01988
1, 18, 31, 12, 15, 34, 20, 23, 4, 7, 30, 32, 22, 21, 2, 33, 19, 29, 27, 5, 25, 17, 14, 3, 16, 13, 6, 28, 11, 24, 9, 8, 10, 26, 1,1.01988
1, 18, 31, 12, 15, 34, 20, 23, 4, 7, 30, 32, 22, 21, 2, 33, 19, 29, 27, 5, 25, 17, 14, 3, 16, 13, 6, 28, 11, 24, 9, 8, 10, 26, 1,1.01988
1, 18, 31, 12, 15, 34, 20, 23, 4, 7, 30, 32, 22, 21, 2, 33, 19, 29, 27, 5, 25, 17, 14, 3, 16, 13, 6, 28, 11, 24, 9, 8, 10, 26, 1,1.01988
1, 12, 15, 34, 20, 23, 4, 7, 30, 32, 22, 21, 2, 33, 19, 29, 27, 5, 25, 17, 14, 3, 16, 13, 6, 28, 11, 24, 9, 8, 10, 26, 18, 31, 1,1.01754
1, 18, 31, 12, 15, 34, 20, 23, 4, 7, 30, 32, 22, 21, 2, 33, 19, 29, 27, 5, 25, 17, 14, 3, 16, 13, 6, 28, 11, 24, 9, 8, 10, 26, 1,1.01988
1, 18, 31, 12, 15, 34, 20, 23, 4, 7, 30, 32, 22, 21, 2, 33, 19, 29, 27, 5, 25, 17, 14, 3, 16, 13, 6, 28, 11, 24, 9, 8, 10, 26, 1,1.01988
1, 18, 31, 12, 15, 34, 20, 23, 4, 7, 30, 32, 22, 21, 2, 33, 19, 29, 27, 5, 25, 17, 14, 3, 16, 13, 6, 28, 11, 24, 9, 8, 10, 26, 1,1.01988
1, 18, 31, 12, 15, 34, 20, 23, 4, 7, 30, 32, 22, 21, 2, 33, 19, 29, 27, 5, 25, 17, 14, 3, 16, 13, 6, 28, 11, 24, 9, 8, 10, 26, 1,1.01988
1, 18, 31, 12, 15, 34, 20, 23, 4, 7, 30, 32, 22, 21, 2, 33, 19, 29, 27, 5, 25, 17, 14, 3, 16, 13, 6, 28, 11, 24, 9, 8, 10, 26, 1,1.01988
1, 18, 31, 12, 15, 34, 20, 23, 4, 7, 30, 32, 22, 21, 2, 33, 19, 29, 27, 5, 25, 17, 14, 3, 16, 13, 6, 28, 11, 24, 9, 8, 10, 26, 1,1.01988
1, 12, 15, 34, 20, 23, 4, 7, 30, 32, 22, 21, 2, 33, 19, 29, 27, 5, 25, 17, 14, 3, 16, 13, 6, 28, 11, 24, 9, 8, 10, 26, 18, 31, 1,1.01754
1, 18, 31, 12, 15, 34, 20, 23, 4, 7, 30, 32, 22, 21, 2, 33, 19, 29, 27, 5, 25, 17, 14, 3, 16, 13, 6, 28, 11, 24, 9, 8, 10, 26, 1,1.01988
1, 18, 31, 12, 15, 34, 20, 23, 4, 7, 30, 32, 22, 21, 2, 33, 19, 29, 27, 5, 25, 17, 14, 3, 16, 13, 6, 28, 11, 24, 9, 8, 10, 26, 1,1.01988
1, 18, 31, 12, 15, 34, 20, 23, 4, 7, 30, 32, 22, 21, 2, 33, 19, 29, 27, 5, 25, 17, 14, 3, 16, 13, 6, 28, 11, 24, 9, 8, 10, 26, 1,1.01988
1, 18, 31, 12, 15, 34, 20, 23, 4, 7, 30, 32, 22, 21, 2, 33, 19, 29, 27, 5, 25, 17, 14, 3, 16, 13, 6, 28, 11, 24, 9, 8, 10, 26, 1,1.01988
1, 18, 31, 12, 15, 34, 20, 23, 4, 7, 30, 32, 22, 21, 2, 33, 19, 29, 27, 5, 25, 17, 14, 3, 16, 13, 6, 28, 11, 24, 9, 8, 10, 26, 1,1.01988
1, 18, 31, 12, 15, 34, 20, 23, 4, 7, 30, 32, 22, 21, 2, 33, 19, 29, 27, 5, 25, 17, 14, 3, 16, 13, 6, 28, 11, 24, 9, 8, 10, 26, 1,1.01988
1, 18, 31, 12, 15, 34, 20, 23, 4, 7, 30, 32, 22, 21, 2, 33, 19, 29, 27, 5, 25, 17, 14, 3, 16, 13, 6, 28, 11, 24, 9, 8, 10, 26, 1,1.01988
1, 18, 31, 12, 15, 34, 20, 23, 4, 7, 30, 32, 22, 21, 2, 33, 19, 29, 27, 5, 25, 17, 14, 3, 16, 13, 6, 28, 11, 24, 9, 8, 10, 26, 1,1.01988
1, 18, 31, 12, 15, 34, 20, 23, 4, 7, 30, 32, 22, 21, 2, 33, 19, 29, 27, 5, 25, 17, 14, 3, 16, 13, 6, 28, 11, 24, 9, 8, 10, 26, 1,1.01988
1, 18, 31, 12, 15, 34, 20, 23, 4, 7, 30, 32, 22, 21, 2, 33, 19, 29, 27, 5, 25, 17, 14, 3, 16, 13, 6, 28, 11, 24, 9, 8, 10, 26, 1,1.01988
1, 18, 31, 12, 15, 34, 20, 23, 4, 7, 30, 32, 22, 21, 2, 33, 19, 29, 27, 5, 25, 17, 14, 3, 16, 13, 6, 28, 11, 24, 9, 8, 10, 26, 1,1.01988
1, 18, 31, 12, 15, 34, 20, 23, 4, 7, 30, 32, 22, 21, 2, 33, 19, 29, 27, 5, 25, 17, 14, 3, 16, 13, 6, 28, 11, 24, 9, 8, 10, 26, 1,1.01988
1, 18, 31, 12, 15, 34, 20, 23, 4, 7, 30, 32, 22, 21, 2, 33, 19, 29, 27, 5, 25, 17, 14, 3, 16, 13, 6, 28, 11, 24, 9, 8, 10, 26, 1,1.01988
1, 18, 31, 12, 15, 34, 20, 23, 4, 7, 30, 32, 22, 21, 2, 33, 19, 29, 27, 5, 25, 17, 14, 3, 16, 13, 6, 28, 11, 24, 9, 8, 10, 26, 1,1.01988
1, 18, 31, 12, 15, 34, 20, 23, 4, 7, 30, 32, 22, 21, 2, 33, 19, 29, 27, 5, 25, 17, 14, 3, 16, 13, 6, 28, 11, 24, 9, 8, 10, 26, 1,1.01988
1, 18, 31, 12, 15, 34, 20, 23, 4, 7, 30, 32, 22, 21, 2, 33, 19, 29, 27, 5, 25, 17, 14, 3, 16, 13, 6, 28, 11, 24, 9, 8, 10, 26, 1,1.01988
1, 18, 31, 12, 15, 34, 20, 23, 4, 7, 30, 32, 22, 21, 2, 33, 19, 29, 27, 5, 25, 17, 14, 3, 16, 13, 6, 28, 11, 24, 9, 8, 10, 26, 1,1.01988
1, 18, 31, 12, 15, 34, 20, 23, 4, 7, 30, 32, 22, 21, 2, 33, 19, 29, 27, 5, 25, 17, 14, 3, 16, 13, 6, 28, 11, 24, 9, 8, 10, 26, 1,1.01988
1, 18, 31, 12, 15, 34, 20, 23, 4, 7, 30, 32, 22, 21, 2, 33, 19, 29, 27, 5, 25, 17, 14, 3, 16, 13, 6, 28, 11, 24, 9, 8, 10, 26, 1,1.01988
1, 18, 31, 12, 15, 34, 20, 23, 4, 7, 30, 32, 22, 21, 2, 33, 19, 29, 27, 5, 25, 17, 14, 3, 16, 13, 6, 28, 11, 24, 9, 8, 10, 26, 1,1.01988
1, 18, 31, 12, 15, 34, 20, 23, 4, 7, 30, 32, 22, 21, 2, 33, 19, 29, 27, 5, 25, 17, 14, 3, 16, 13, 6, 28, 11, 24, 9, 8, 10, 26, 1,1.01988
1, 18, 31, 12, 15, 34, 20, 23, 4, 7, 30, 32, 22, 21, 2, 33, 19, 29, 27, 5, 25, 17, 14, 3, 16, 13, 6, 28, 11, 24, 9, 8, 10, 26, 1,1.01988
1, 18, 31, 12, 15, 34, 20, 23, 4, 7, 30, 32, 22, 21, 2, 33, 19, 29, 27, 5, 25, 17, 14, 3, 16, 13, 6, 28, 11, 24, 9, 8, 10, 26, 1,1.01988
1, 18, 31, 12, 15, 34, 20, 23, 4, 7, 30, 32, 22, 21, 2, 33, 19, 29, 27, 5, 25, 17, 14, 3, 16, 13, 6, 28, 11, 24, 9, 8, 10, 26, 1,1.01988
1, 18, 31, 12, 15, 34, 20, 23, 4, 7, 30, 32, 22, 21, 2, 33, 19, 29, 27, 5, 25, 17, 14, 3, 16, 13, 6, 28, 11, 24, 9, 8, 10, 26, 1,1.01988
1, 18, 31, 12, 15, 34, 20, 23, 4, 7, 30, 32, 22, 21, 2, 33, 19, 29, 27, 5, 25, 17, 14, 3, 16, 13, 6, 28, 11, 24, 9, 8, 10, 26, 1,1.01988
1, 18, 31, 12, 15, 34, 20, 23, 4, 7, 30, 32, 22, 21, 2, 33, 19, 29, 27, 5, 25, 17, 14, 3, 16, 13, 6, 28, 11, 24, 9, 8, 10, 26, 1,1.01988
1, 18, 31, 12, 15, 34, 20, 23, 4, 7, 30, 32, 22, 21, 2, 33, 19, 29, 27, 5, 25, 17, 14, 3, 16, 13, 6, 28, 11, 24, 9, 8, 10, 26, 1,1.01988
1, 18, 31, 12, 15, 34, 20, 23, 4, 7, 30, 32, 22, 21, 2, 33, 19, 29, 27, 5, 25, 17, 14, 3, 16, 13, 6, 28, 11, 24, 9, 8, 10, 26, 1,1.01988
1, 12, 15, 34, 20, 23, 4, 7, 30, 32, 22, 21, 2, 33, 19, 29, 27, 5, 25, 17, 14, 3, 16, 13, 6, 28, 11, 24, 9, 8, 10, 26, 18, 31, 1,1.01754
1, 12, 15, 34, 20, 23, 4, 7, 30, 32, 22, 21, 2, 33, 19, 29, 27, 5, 25, 17, 14, 3, 16, 13, 6, 28, 11, 24, 9, 8, 10, 26, 18, 31, 1,1.01754
1, 18, 31, 12, 15, 34, 20, 23, 4, 7, 30, 32, 22, 21, 2, 33, 19, 29, 27, 5, 25, 17, 14, 3, 16, 13, 6, 28, 11, 24, 9, 8, 10, 26, 1,1.01988
1, 18, 31, 12, 15, 34, 20, 23, 4, 7, 30, 32, 22, 21, 2, 33, 19, 29, 27, 5, 25, 17, 14, 3, 16, 13, 6, 28, 11, 24, 9, 8, 10, 26, 1,1.01988
1, 18, 31, 12, 15, 34, 20, 23, 4, 7, 30, 32, 22, 21, 2, 33, 19, 29, 27, 5, 25, 17, 14, 3, 16, 13, 6, 28, 11, 24, 9, 8, 10, 26, 1,1.01988
1, 18, 31, 12, 15, 34, 20, 23, 4, 7, 30, 32, 22, 21, 2, 33, 19, 29, 27, 5, 25, 17, 14, 3, 16, 13, 6, 28, 11, 24, 9, 8, 10, 26, 1,1.01988
1, 18, 31, 12, 15, 34, 20, 23, 4, 7, 30, 32, 22, 21, 2, 33, 19, 29, 27, 5, 25, 17, 14, 3, 16, 13, 6, 28, 11, 24, 9, 8, 10, 26, 1,1.01988
1, 12, 15, 34, 20, 23, 4, 7, 30, 32, 22, 21, 2, 33, 19, 29, 27, 5, 25, 17, 14, 3, 16, 13, 6, 28, 11, 24, 9, 8, 10, 26, 18, 31, 1,1.01754
1, 18, 31, 12, 15, 34, 20, 23, 4, 7, 30, 32, 22, 21, 2, 33, 19, 29, 27, 5, 25, 17, 14, 3, 16, 13, 6, 28, 11, 24, 9, 8, 10, 26, 1,1.01988
1, 18, 31, 12, 15, 34, 20, 23, 4, 7, 30, 32, 22, 21, 2, 33, 19, 29, 27, 5, 25, 17, 14, 3, 16, 13, 6, 28, 11, 24, 9, 8, 10, 26, 1,1.01988
1, 18, 31, 12, 15, 34, 20, 23, 4, 7, 30, 32, 22, 21, 2, 33, 19, 29, 27, 5, 25, 17, 14, 3, 16, 13, 6, 28, 11, 24, 9, 8, 10, 26, 1,1.01988
1, 18, 31, 12, 15, 34, 20, 23, 4, 7, 30, 32, 22, 21, 2, 33, 19, 29, 27, 5, 25, 17, 14, 3, 16, 13, 6, 28, 11, 24, 9, 8, 10, 26, 1,1.01988
1, 18, 31, 12, 15, 34, 20, 23, 4, 7, 30, 32, 22, 21, 2, 33, 19, 29, 27, 5, 25, 17, 14, 3, 16, 13, 6, 28, 11, 24, 9, 8, 10, 26, 1,1.01988
1, 18, 31, 12, 15, 34, 20, 23, 4, 7, 30, 32, 22, 21, 2, 33, 19, 29, 27, 5, 25, 17, 14, 3, 16, 13, 6, 28, 11, 24, 9, 8, 10, 26, 1,1.01988
1, 18, 31, 12, 15, 34, 20, 23, 4, 7, 30, 32, 22, 21, 2, 33, 19, 29, 27, 5, 25, 17, 14, 3, 16, 13, 6, 28, 11, 24, 9, 8, 10, 26, 1,1.01988
1, 18, 31, 12, 15, 34, 20, 23, 4, 7, 30, 32, 22, 21, 2, 33, 19, 29, 27, 5, 25, 17, 14, 3, 16, 13, 6, 28, 11, 24, 9, 8, 10, 26, 1,1.01988
1, 18, 31, 12, 15, 34, 20, 23, 4, 7, 30, 32, 22, 21, 2, 33, 19, 29, 27, 5, 25, 17, 14, 3, 16, 13, 6, 28, 11, 24, 9, 8, 10, 26, 1,1.01988
1, 18, 31, 12, 15, 34, 20, 23, 4, 7, 30, 32, 22, 21, 2, 33, 19, 29, 27, 5, 25, 17, 14, 3, 16, 13, 6, 28, 11, 24, 9, 8, 10, 26, 1,1.01988
1, 18, 31, 12, 15, 34, 20, 23, 4, 7, 30, 32, 22, 21, 2, 33, 19, 29, 27, 5, 25, 17, 14, 3, 16, 13, 6, 28, 11, 24, 9, 8, 10, 26, 1,1.01988
1, 18, 31, 12, 15, 34, 20, 23, 4, 7, 30, 32, 22, 21, 2, 33, 19, 29, 27, 5, 25, 17, 14, 3, 16, 13, 6, 28, 11, 24, 9, 8, 10, 26, 1,1.01988
1, 18, 31, 12, 15, 34, 20, 23, 4, 7, 30, 32, 22, 21, 2, 33, 19, 29, 27, 5, 25, 17, 14, 3, 16, 13, 6, 28, 11, 24, 9, 8, 10, 26, 1,1.01988
1, 18, 31, 12, 15, 34, 20, 23, 4, 7, 30, 32, 22, 21, 2, 33, 19, 29, 27, 5, 25, 17, 14, 3, 16, 13, 6, 28, 11, 24, 9, 8, 10, 26, 1,1.01988
1, 18, 31, 12, 15, 34, 20, 23, 4, 7, 30, 32, 22, 21, 2, 33, 19, 29, 27, 5, 25, 17, 14, 3, 16, 13, 6, 28, 11, 24, 9, 8, 10, 26, 1,1.01988
1, 18, 31, 12, 15, 34, 20, 23, 4, 7, 30, 32, 22, 21, 2, 33, 19, 29, 27, 5, 25, 17, 14, 3, 16, 13, 6, 28, 11, 24, 9, 8, 10, 26, 1,1.01988
1, 18, 31, 12, 15, 34, 20, 23, 4, 7, 30, 32, 22, 21, 2, 33, 19, 29, 27, 5, 25, 17, 14, 3, 16, 13, 6, 28, 11, 24, 9, 8, 10, 26, 1,1.01988
1, 18, 31, 12, 15, 34, 20, 23, 4, 7, 30, 32, 22, 21, 2, 33, 19, 29, 27, 5, 25, 17, 14, 3, 16, 13, 6, 28, 11, 24, 9, 8, 10, 26, 1,1.01988
1, 18, 31, 12, 15, 34, 20, 23, 4, 7, 30, 32, 22, 21, 2, 33, 19, 29, 27, 5, 25, 17, 14, 3, 16, 13, 6, 28, 11, 24, 9, 8, 10, 26, 1,1.01988
1, 18, 31, 12, 15, 34, 20, 23, 4, 7, 30, 32, 22, 21, 2, 33, 19, 29, 27, 5, 25, 17, 14, 3, 16, 13, 6, 28, 11, 24, 9, 8, 10, 26, 1,1.01988
1, 18, 31, 12, 15, 34, 20, 23, 4, 7, 30, 32, 22, 21, 2, 33, 19, 29, 27, 5, 25, 17, 14, 3, 16, 13, 6, 28, 11, 24, 9, 8, 10, 26, 1,1.01988
1, 18, 31, 12, 15, 34, 20, 23, 4, 7, 30, 32, 22, 21, 2, 33, 19, 29, 27, 5, 25, 17, 14, 3, 16, 13, 6, 28, 11, 24, 9, 8, 10, 26, 1,1.01988
1, 18, 31, 12, 15, 34, 20, 23, 4, 7, 30, 32, 22, 21, 2, 33, 19, 29, 27, 5, 25, 17, 14, 3, 16, 13, 6, 28, 11, 24, 9, 8, 10, 26, 1,1.01988
1, 18, 31, 12, 15, 34, 20, 23, 4, 7, 30, 32, 22, 21, 2, 33, 19, 29, 27, 5, 25, 17, 14, 3, 16, 13, 6, 28, 11, 24, 9, 8, 10, 26, 1,1.01988
1, 18, 31, 12, 15, 34, 20, 23, 4, 7, 30, 32, 22, 21, 2, 33, 19, 29, 27, 5, 25, 17, 14, 3, 16, 13, 6, 28, 11, 24, 9, 8, 10, 26, 1,1.01988
1, 12, 15, 34, 20, 23, 4, 7, 30, 32, 22, 21, 2, 33, 19, 29, 27, 5, 25, 17, 14, 3, 16, 13, 6, 28, 11, 24, 9, 8, 10, 26, 18, 31, 1,1.01754
1, 18, 31, 12, 15, 34, 20, 23, 4, 7, 30, 32, 22, 21, 2, 33, 19, 29, 27, 5, 25, 17, 14, 3, 16, 13, 6, 28, 11, 24, 9, 8, 10, 26, 1,1.01988
1, 18, 31, 12, 15, 34, 20, 23, 4, 7, 30, 32, 22, 21, 2, 33, 19, 29, 27, 5, 25, 17, 14, 3, 16, 13, 6, 28, 11, 24, 9, 8, 10, 26, 1,1.01988
1, 18, 31, 12, 15, 34, 20, 23, 4, 7, 30, 32, 22, 21, 2, 33, 19, 29, 27, 5, 25, 17, 14, 3, 16, 13, 6, 28, 11, 24, 9, 8, 10, 26, 1,1.01988
1, 18, 31, 12, 15, 34, 20, 23, 4, 7, 30, 32, 22, 21, 2, 33, 19, 29, 27, 5, 25, 17, 14, 3, 16, 13, 6, 28, 11, 24, 9, 8, 10, 26, 1,1.01988
1, 18, 31, 12, 15, 34, 20, 23, 4, 7, 30, 32, 22, 21, 2, 33, 19, 29, 27, 5, 25, 17, 14, 3, 16, 13, 6, 28, 11, 24, 9, 8, 10, 26, 1,1.01988
1, 18, 31, 12, 15, 34, 20, 23, 4, 7, 30, 32, 22, 21, 2, 33, 19, 29, 27, 5, 25, 17, 14, 3, 16, 13, 6, 28, 11, 24, 9, 8, 10, 26, 1,1.01988
1, 18, 31, 12, 15, 34, 20, 23, 4, 7, 30, 32, 22, 21, 2, 33, 19, 29, 27, 5, 25, 17, 14, 3, 16, 13, 6, 28, 11, 24, 9, 8, 10, 26, 1,1.01988
1, 18, 31, 12, 15, 34, 20, 23, 4, 7, 30, 32, 22, 21, 2, 33, 19, 29, 27, 5, 25, 17, 14, 3, 16, 13, 6, 28, 11, 24, 9, 8, 10, 26, 1,1.01988
1, 18, 31, 12, 15, 34, 20, 23, 4, 7, 30, 32, 22, 21, 2, 33, 19, 29, 27, 5, 25, 17, 14, 3, 16, 13, 6, 28, 11, 24, 9, 8, 10, 26, 1,1.01988
1, 18, 31, 12, 15, 34, 20, 23, 4, 7, 30, 32, 22, 21, 2, 33, 19, 29, 27, 5, 25, 17, 14, 3, 16, 13, 6, 28, 11, 24, 9, 8, 10, 26, 1,1.01988
1, 18, 31, 12, 15, 34, 20, 23, 4, 7, 30, 32, 22, 21, 2, 33, 19, 29, 27, 5, 25, 17, 14, 3, 16, 13, 6, 28, 11, 24, 9, 8, 10, 26, 1,1.01988
1, 18, 31, 12, 15, 34, 20, 23, 4, 7, 30, 32, 22, 21, 2, 33, 19, 29, 27, 5, 25, 17, 14, 3, 16, 13, 6, 28, 11, 24, 9, 8, 10, 26, 1,1.01988
1, 18, 31, 12, 15, 34, 20, 23, 4, 7, 30, 32, 22, 21, 2, 33, 19, 29, 27, 5, 25, 17, 14, 3, 16, 13, 6, 28, 11, 24, 9, 8, 10, 26, 1,1.01988
1, 18, 31, 12, 15, 34, 20, 23, 4, 7, 30, 32, 22, 21, 2, 33, 19, 29, 27, 5, 25, 17, 14, 3, 16, 13, 6, 28, 11, 24, 9, 8, 10, 26, 1,1.01988
1, 18, 31, 12, 15, 34, 20, 23, 4, 7, 30, 32, 22, 21, 2, 33, 19, 29, 27, 5, 25, 17, 14, 3, 16, 13, 6, 28, 11, 24, 9, 8, 10, 26, 1,1.01988
1, 18, 31, 12, 15, 34, 20, 23, 4, 7, 30, 32, 22, 21, 2, 33, 19, 29, 27, 5, 25, 17, 14, 3, 16, 13, 6, 28, 11, 24, 9, 8, 10, 26, 1,1.01988
1, 18, 31, 12, 15, 34, 20, 23, 4, 7, 30, 32, 22, 21, 2, 33, 19, 29, 27, 5, 25, 17, 14, 3, 16, 13, 6, 28, 11, 24, 9, 8, 10, 26, 1,1.01988
1, 18, 31, 12, 15, 34, 20, 23, 4, 7, 30, 32, 22, 21, 2, 33, 19, 29, 27, 5, 25, 17, 14, 3, 16, 13, 6, 28, 11, 24, 9, 8, 10, 26, 1,1.01988
1, 18, 31, 12, 15, 34, 20, 23, 4, 7, 30, 32, 22, 21, 2, 33, 19, 29, 27, 5, 25, 17, 14, 3, 16, 13, 6, 28, 11, 24, 9, 8, 10, 26, 1,1.01988
1, 18, 31, 12, 15, 34, 20, 23, 4, 7, 30, 32, 22, 21, 2, 33, 19, 29, 27, 5, 25, 17, 14, 3, 16, 13, 6, 28, 11, 24, 9, 8, 10, 26, 1,1.01988
1, 18, 31, 12, 15, 34, 20, 23, 4, 7, 30, 32, 22, 21, 2, 33, 19, 29, 27, 5, 25, 17, 14, 3, 16, 13, 6, 28, 11, 24, 9, 8, 10, 26, 1,1.01988
1, 18, 31, 12, 15, 34, 20, 23, 4, 7, 30, 32, 22, 21, 2, 33, 19, 29, 27, 5, 25, 17, 14, 3, 16, 13, 6, 28, 11, 24, 9, 8, 10, 26, 1,1.01988
1, 18, 31, 12, 15, 34, 20, 23, 4, 7, 30, 32, 22, 21, 2, 33, 19, 29, 27, 5, 25, 17, 14, 3, 16, 13, 6, 28, 11, 24, 9, 8, 10, 26, 1,1.01988
1, 18, 31, 12, 15, 34, 20, 23, 4, 7, 30, 32, 22, 21, 2, 33, 19, 29, 27, 5, 25, 17, 14, 3, 16, 13, 6, 28, 11, 24, 9, 8, 10, 26, 1,1.01988
1, 18, 31, 12, 15, 34, 20, 23, 4, 7, 30, 32, 22, 21, 2, 33, 19, 29, 27, 5, 25, 17, 14, 3, 16, 13, 6, 28, 11, 24, 9, 8, 10, 26, 1,1.01988
1, 18, 31, 12, 15, 34, 20, 23, 4, 7, 30, 32, 22, 21, 2, 33, 19, 29, 27, 5, 25, 17, 14, 3, 16, 13, 6, 28, 11, 24, 9, 8, 10, 26, 1,1.01988
1, 18, 31, 12, 15, 34, 20, 23, 4, 7, 30, 32, 22, 21, 2, 33, 19, 29, 27, 5, 25, 17, 14, 3, 16, 13, 6, 28, 11, 24, 9, 8, 10, 26, 1,1.01988
1, 18, 31, 12, 15, 34, 20, 23, 4, 7, 30, 32, 22, 21, 2, 33, 19, 29, 27, 5, 25, 17, 14, 3, 16, 13, 6, 28, 11, 24, 9, 8, 10, 26, 1,1.01988
1, 18, 31, 12, 15, 34, 20, 23, 4, 7, 30, 32, 22, 21, 2, 33, 19, 29, 27, 5, 25, 17, 14, 3, 16, 13, 6, 28, 11, 24, 9, 8, 10, 26, 1,1.01988
1, 18, 31, 12, 15, 34, 20, 23, 4, 7, 30, 32, 22, 21, 2, 33, 19, 29, 27, 5, 25, 17, 14, 3, 16, 13, 6, 28, 11, 24, 9, 8, 10, 26, 1,1.01988
1, 18, 31, 12, 15, 34, 20, 23, 4, 7, 30, 32, 22, 21, 2, 33, 19, 29, 27, 5, 25, 17, 14, 3, 16, 13, 6, 28, 11, 24, 9, 8, 10, 26, 1,1.01988
1, 18, 31, 12, 15, 34, 20, 23, 4, 7, 30, 32, 22, 21, 2, 33, 19, 29, 27, 5, 25, 17, 14, 3, 16, 13, 6, 28, 11, 24, 9, 8, 10, 26, 1,1.01988
1, 18, 31, 12, 15, 34, 20, 23, 4, 7, 30, 32, 22, 21, 2, 33, 19, 29, 27, 5, 25, 17, 14, 3, 16, 13, 6, 28, 11, 24, 9, 8, 10, 26, 1,1.01988
1, 18, 31, 12, 15, 34, 20, 23, 4, 7, 30, 32, 22, 21, 2, 33, 19, 29, 27, 5, 25, 17, 14, 3, 16, 13, 6, 28, 11, 24, 9, 8, 10, 26, 1,1.01988
1, 18, 31, 12, 15, 34, 20, 23, 4, 7, 30, 32, 22, 21, 2, 33, 19, 29, 27, 5, 25, 17, 14, 3, 16, 13, 6, 28, 11, 24, 9, 8, 10, 26, 1,1.01988
1, 18, 31, 12, 15, 34, 20, 23, 4, 7, 30, 32, 22, 21, 2, 33, 19, 29, 27, 5, 25, 17, 14, 3, 16, 13, 6, 28, 11, 24, 9, 8, 10, 26, 1,1.01988
1, 18, 31, 12, 15, 34, 20, 23, 4, 7, 30, 32, 22, 21, 2, 33, 19, 29, 27, 5, 25, 17, 14, 3, 16, 13, 6, 28, 11, 24, 9, 8, 10, 26, 1,1.01988
1, 18, 31, 12, 15, 34, 20, 23, 4, 7, 30, 32, 22, 21, 2, 33, 19, 29, 27, 5, 25, 17, 14, 3, 16, 13, 6, 28, 11, 24, 9, 8, 10, 26, 1,1.01988
1, 18, 31, 12, 15, 34, 20, 23, 4, 7, 30, 32, 22, 21, 2, 33, 19, 29, 27, 5, 25, 17, 14, 3, 16, 13, 6, 28, 11, 24, 9, 8, 10, 26, 1,1.01988
1, 18, 31, 12, 15, 34, 20, 23, 4, 7, 30, 32, 22, 21, 2, 33, 19, 29, 27, 5, 25, 17, 14, 3, 16, 13, 6, 28, 11, 24, 9, 8, 10, 26, 1,1.01988
1, 18, 31, 12, 15, 34, 20, 23, 4, 7, 30, 32, 22, 21, 2, 33, 19, 29, 27, 5, 25, 17, 14, 3, 16, 13, 6, 28, 11, 24, 9, 8, 10, 26, 1,1.01988
1, 18, 31, 12, 15, 34, 20, 23, 4, 7, 30, 32, 22, 21, 2, 33, 19, 29, 27, 5, 25, 17, 14, 3, 16, 13, 6, 28, 11, 24, 9, 8, 10, 26, 1,1.01988
1, 18, 31, 12, 15, 34, 20, 23, 4, 7, 30, 32, 22, 21, 2, 33, 19, 29, 27, 5, 25, 17, 14, 3, 16, 13, 6, 28, 11, 24, 9, 8, 10, 26, 1,1.01988
1, 18, 31, 12, 15, 34, 20, 23, 4, 7, 30, 32, 22, 21, 2, 33, 19, 29, 27, 5, 25, 17, 14, 3, 16, 13, 6, 28, 11, 24, 9, 8, 10, 26, 1,1.01988
1, 18, 31, 12, 15, 34, 20, 23, 4, 7, 30, 32, 22, 21, 2, 33, 19, 29, 27, 5, 25, 17, 14, 3, 16, 13, 6, 28, 11, 24, 9, 8, 10, 26, 1,1.01988
1, 18, 31, 12, 15, 34, 20, 23, 4, 7, 30, 32, 22, 21, 2, 33, 19, 29, 27, 5, 25, 17, 14, 3, 16, 13, 6, 28, 11, 24, 9, 8, 10, 26, 1,1.01988
1, 18, 31, 12, 15, 34, 20, 23, 4, 7, 30, 32, 22, 21, 2, 33, 19, 29, 27, 5, 25, 17, 14, 3, 16, 13, 6, 28, 11, 24, 9, 8, 10, 26, 1,1.01988
1, 18, 31, 12, 15, 34, 20, 23, 4, 7, 30, 32, 22, 21, 2, 33, 19, 29, 27, 5, 25, 17, 14, 3, 16, 13, 6, 28, 11, 24, 9, 8, 10, 26, 1,1.01988
1, 18, 31, 12, 15, 34, 20, 23, 4, 7, 30, 32, 22, 21, 2, 33, 19, 29, 27, 5, 25, 17, 14, 3, 16, 13, 6, 28, 11, 24, 9, 8, 10, 26, 1,1.01988
1, 18, 31, 12, 15, 34, 20, 23, 4, 7, 30, 32, 22, 21, 2, 33, 19, 29, 27, 5, 25, 17, 14, 3, 16, 13, 6, 28, 11, 24, 9, 8, 10, 26, 1,1.01988
1, 18, 31, 12, 15, 34, 20, 23, 4, 7, 30, 32, 22, 21, 2, 33, 19, 29, 27, 5, 25, 17, 14, 3, 16, 13, 6, 28, 11, 24, 9, 8, 10, 26, 1,1.01988
1, 18, 31, 12, 15, 34, 20, 23, 4, 7, 30, 32, 22, 21, 2, 33, 19, 29, 27, 5, 25, 17, 14, 3, 16, 13, 6, 28, 11, 24, 9, 8, 10, 26, 1,1.01988
1, 18, 31, 12, 15, 34, 20, 23, 4, 7, 30, 32, 22, 21, 2, 33, 19, 29, 27, 5, 25, 17, 14, 3, 16, 13, 6, 28, 11, 24, 9, 8, 10, 26, 1,1.01988
1, 18, 31, 12, 15, 34, 20, 23, 4, 7, 30, 32, 22, 21, 2, 33, 19, 29, 27, 5, 25, 17, 14, 3, 16, 13, 6, 28, 11, 24, 9, 8, 10, 26, 1,1.01988
1, 18, 31, 12, 15, 34, 20, 23, 4, 7, 30, 32, 22, 21, 2, 33, 19, 29, 27, 5, 25, 17, 14, 3, 16, 13, 6, 28, 11, 24, 9, 8, 10, 26, 1,1.01988
1, 18, 31, 12, 15, 34, 20, 23, 4, 7, 30, 32, 22, 21, 2, 33, 19, 29, 27, 5, 25, 17, 14, 3, 16, 13, 6, 28, 11, 24, 9, 8, 10, 26, 1,1.01988
1, 18, 31, 12, 15, 34, 20, 23, 4, 7, 30, 32, 22, 21, 2, 33, 19, 29, 27, 5, 25, 17, 14, 3, 16, 13, 6, 28, 11, 24, 9, 8, 10, 26, 1,1.01988
1, 18, 31, 12, 15, 34, 20, 23, 4, 7, 30, 32, 22, 21, 2, 33, 19, 29, 27, 5, 25, 17, 14, 3, 16, 13, 6, 28, 11, 24, 9, 8, 10, 26, 1,1.01988
1, 18, 31, 12, 15, 34, 20, 23, 4, 7, 30, 32, 22, 21, 2, 33, 19, 29, 27, 5, 25, 17, 14, 3, 16, 13, 6, 28, 11, 24, 9, 8, 10, 26, 1,1.01988
1, 18, 31, 12, 15, 34, 20, 23, 4, 7, 30, 32, 22, 21, 2, 33, 19, 29, 27, 5, 25, 17, 14, 3, 16, 13, 6, 28, 11, 24, 9, 8, 10, 26, 1,1.01988
1, 18, 31, 12, 15, 34, 20, 23, 4, 7, 30, 32, 22, 21, 2, 33, 19, 29, 27, 5, 25, 17, 14, 3, 16, 13, 6, 28, 11, 24, 9, 8, 10, 26, 1,1.01988
1, 18, 31, 12, 15, 34, 20, 23, 4, 7, 30, 32, 22, 21, 2, 33, 19, 29, 27, 5, 25, 17, 14, 3, 16, 13, 6, 28, 11, 24, 9, 8, 10, 26, 1,1.01988
1, 18, 31, 12, 15, 34, 20, 23, 4, 7, 30, 32, 22, 21, 2, 33, 19, 29, 27, 5, 25, 17, 14, 3, 16, 13, 6, 28, 11, 24, 9, 8, 10, 26, 1,1.01988
1, 18, 31, 12, 15, 34, 20, 23, 4, 7, 30, 32, 22, 21, 2, 33, 19, 29, 27, 5, 25, 17, 14, 3, 16, 13, 6, 28, 11, 24, 9, 8, 10, 26, 1,1.01988
1, 18, 31, 12, 15, 34, 20, 23, 4, 7, 30, 32, 22, 21, 2, 33, 19, 29, 27, 5, 25, 17, 14, 3, 16, 13, 6, 28, 11, 24, 9, 8, 10, 26, 1,1.01988
1, 18, 31, 12, 15, 34, 20, 23, 4, 7, 30, 32, 22, 21, 2, 33, 19, 29, 27, 5, 25, 17, 14, 3, 16, 13, 6, 28, 11, 24, 9, 8, 10, 26, 1,1.01988
1, 18, 31, 12, 15, 34, 20, 23, 4, 7, 30, 32, 22, 21, 2, 33, 19, 29, 27, 5, 25, 17, 14, 3, 16, 13, 6, 28, 11, 24, 9, 8, 10, 26, 1,1.01988
1, 18, 31, 12, 15, 34, 20, 23, 4, 7, 30, 32, 22, 21, 2, 33, 19, 29, 27, 5, 25, 17, 14, 3, 16, 13, 6, 28, 11, 24, 9, 8, 10, 26, 1,1.01988
1, 18, 31, 12, 15, 34, 20, 23, 4, 7, 30, 32, 22, 21, 2, 33, 19, 29, 27, 5, 25, 17, 14, 3, 16, 13, 6, 28, 11, 24, 9, 8, 10, 26, 1,1.01988
1, 18, 31, 12, 15, 34, 20, 23, 4, 7, 30, 32, 22, 21, 2, 33, 19, 29, 27, 5, 25, 17, 14, 3, 16, 13, 6, 28, 11, 24, 9, 8, 10, 26, 1,1.01988
1, 18, 31, 12, 15, 34, 20, 23, 4, 7, 30, 32, 22, 21, 2, 33, 19, 29, 27, 5, 25, 17, 14, 3, 16, 13, 6, 28, 11, 24, 9, 8, 10, 26, 1,1.01988
1, 18, 31, 12, 15, 34, 20, 23, 4, 7, 30, 32, 22, 21, 2, 33, 19, 29, 27, 5, 25, 17, 14, 3, 16, 13, 6, 28, 11, 24, 9, 8, 10, 26, 1,1.01988
1, 18, 31, 12, 15, 34, 20, 23, 4, 7, 30, 32, 22, 21, 2, 33, 19, 29, 27, 5, 25, 17, 14, 3, 16, 13, 6, 28, 11, 24, 9, 8, 10, 26, 1,1.01988
1, 18, 31, 12, 15, 34, 20, 23, 4, 7, 30, 32, 22, 21, 2, 33, 19, 29, 27, 5, 25, 17, 14, 3, 16, 13, 6, 28, 11, 24, 9, 8, 10, 26, 1,1.01988
1, 18, 31, 12, 15, 34, 20, 23, 4, 7, 30, 32, 22, 21, 2, 33, 19, 29, 27, 5, 25, 17, 14, 3, 16, 13, 6, 28, 11, 24, 9, 8, 10, 26, 1,1.01988
1, 18, 31, 12, 15, 34, 20, 23, 4, 7, 30, 32, 22, 21, 2, 33, 19, 29, 27, 5, 25, 17, 14, 3, 16, 13, 6, 28, 11, 24, 9, 8, 10, 26, 1,1.01988
1, 18, 31, 12, 15, 34, 20, 23, 4, 7, 30, 32, 22, 21, 2, 33, 19, 29, 27, 5, 25, 17, 14, 3, 16, 13, 6, 28, 11, 24, 9, 8, 10, 26, 1,1.01988
1, 18, 31, 12, 15, 34, 20, 23, 4, 7, 30, 32, 22, 21, 2, 33, 19, 29, 27, 5, 25, 17, 14, 3, 16, 13, 6, 28, 11, 24, 9, 8, 10, 26, 1,1.01988
1, 18, 31, 12, 15, 34, 20, 23, 4, 7, 30, 32, 22, 21, 2, 33, 19, 29, 27, 5, 25, 17, 14, 3, 16, 13, 6, 28, 11, 24, 9, 8, 10, 26, 1,1.01988
1, 12, 15, 34, 20, 23, 4, 7, 30, 32, 22, 21, 2, 33, 19, 29, 27, 5, 25, 17, 14, 3, 16, 13, 6, 28, 11, 24, 9, 8, 10, 26, 18, 31, 1,1.01754
1, 18, 31, 12, 15, 34, 20, 23, 4, 7, 30, 32, 22, 21, 2, 33, 19, 29, 27, 5, 25, 17, 14, 3, 16, 13, 6, 28, 11, 24, 9, 8, 10, 26, 1,1.01988
1, 18, 31, 12, 15, 34, 20, 23, 4, 7, 30, 32, 22, 21, 2, 33, 19, 29, 27, 5, 25, 17, 14, 3, 16, 13, 6, 28, 11, 24, 9, 8, 10, 26, 1,1.01988
1, 18, 31, 12, 15, 34, 20, 23, 4, 7, 30, 32, 22, 21, 2, 33, 19, 29, 27, 5, 25, 17, 14, 3, 16, 13, 6, 28, 11, 24, 9, 8, 10, 26, 1,1.01988
1, 18, 31, 12, 15, 34, 20, 23, 4, 7, 30, 32, 22, 21, 2, 33, 19, 29, 27, 5, 25, 17, 14, 3, 16, 13, 6, 28, 11, 24, 9, 8, 10, 26, 1,1.01988
1, 18, 31, 12, 15, 34, 20, 23, 4, 7, 30, 32, 22, 21, 2, 33, 19, 29, 27, 5, 25, 17, 14, 3, 16, 13, 6, 28, 11, 24, 9, 8, 10, 26, 1,1.01988
1, 18, 31, 12, 15, 34, 20, 23, 4, 7, 30, 32, 22, 21, 2, 33, 19, 29, 27, 5, 25, 17, 14, 3, 16, 13, 6, 28, 11, 24, 9, 8, 10, 26, 1,1.01988
1, 18, 31, 12, 15, 34, 20, 23, 4, 7, 30, 32, 22, 21, 2, 33, 19, 29, 27, 5, 25, 17, 14, 3, 16, 13, 6, 28, 11, 24, 9, 8, 10, 26, 1,1.01988
1, 18, 31, 12, 15, 34, 20, 23, 4, 7, 30, 32, 22, 21, 2, 33, 19, 29, 27, 5, 25, 17, 14, 3, 16, 13, 6, 28, 11, 24, 9, 8, 10, 26, 1,1.01988
1, 18, 31, 12, 15, 34, 20, 23, 4, 7, 30, 32, 22, 21, 2, 33, 19, 29, 27, 5, 25, 17, 14, 3, 16, 13, 6, 28, 11, 24, 9, 8, 10, 26, 1,1.01988
1, 18, 31, 12, 15, 34, 20, 23, 4, 7, 30, 32, 22, 21, 2, 33, 19, 29, 27, 5, 25, 17, 14, 3, 16, 13, 6, 28, 11, 24, 9, 8, 10, 26, 1,1.01988
1, 18, 31, 12, 15, 34, 20, 23, 4, 7, 30, 32, 22, 21, 2, 33, 19, 29, 27, 5, 25, 17, 14, 3, 16, 13, 6, 28, 11, 24, 9, 8, 10, 26, 1,1.01988
1, 18, 31, 12, 15, 34, 20, 23, 4, 7, 30, 32, 22, 21, 2, 33, 19, 29, 27, 5, 25, 17, 14, 3, 16, 13, 6, 28, 11, 24, 9, 8, 10, 26, 1,1.01988
1, 18, 31, 12, 15, 34, 20, 23, 4, 7, 30, 32, 22, 21, 2, 33, 19, 29, 27, 5, 25, 17, 14, 3, 16, 13, 6, 28, 11, 24, 9, 8, 10, 26, 1,1.01988
1, 18, 31, 12, 15, 34, 20, 23, 4, 7, 30, 32, 22, 21, 2, 33, 19, 29, 27, 5, 25, 17, 14, 3, 16, 13, 6, 28, 11, 24, 9, 8, 10, 26, 1,1.01988
1, 18, 31, 12, 15, 34, 20, 23, 4, 7, 30, 32, 22, 21, 2, 33, 19, 29, 27, 5, 25, 17, 14, 3, 16, 13, 6, 28, 11, 24, 9, 8, 10, 26, 1,1.01988
1, 18, 31, 12, 15, 34, 20, 23, 4, 7, 30, 32, 22, 21, 2, 33, 19, 29, 27, 5, 25, 17, 14, 3, 16, 13, 6, 28, 11, 24, 9, 8, 10, 26, 1,1.01988
1, 18, 31, 12, 15, 34, 20, 23, 4, 7, 30, 32, 22, 21, 2, 33, 19, 29, 27, 5, 25, 17, 14, 3, 16, 13, 6, 28, 11, 24, 9, 8, 10, 26, 1,1.01988
1, 18, 31, 12, 15, 34, 20, 23, 4, 7, 30, 32, 22, 21, 2, 33, 19, 29, 27, 5, 25, 17, 14, 3, 16, 13, 6, 28, 11, 24, 9, 8, 10, 26, 1,1.01988
1, 18, 31, 12, 15, 34, 20, 23, 4, 7, 30, 32, 22, 21, 2, 33, 19, 29, 27, 5, 25, 17, 14, 3, 16, 13, 6, 28, 11, 24, 9, 8, 10, 26, 1,1.01988
1, 18, 31, 12, 15, 34, 20, 23, 4, 7, 30, 32, 22, 21, 2, 33, 19, 29, 27, 5, 25, 17, 14, 3, 16, 13, 6, 28, 11, 24, 9, 8, 10, 26, 1,1.01988
1, 18, 31, 12, 15, 34, 20, 23, 4, 7, 30, 32, 22, 21, 2, 33, 19, 29, 27, 5, 25, 17, 14, 3, 16, 13, 6, 28, 11, 24, 9, 8, 10, 26, 1,1.01988
1, 18, 31, 12, 15, 34, 20, 23, 4, 7, 30, 32, 22, 21, 2, 33, 19, 29, 27, 5, 25, 17, 14, 3, 16, 13, 6, 28, 11, 24, 9, 8, 10, 26, 1,1.01988
1, 18, 31, 12, 15, 34, 20, 23, 4, 7, 30, 32, 22, 21, 2, 33, 19, 29, 27, 5, 25, 17, 14, 3, 16, 13, 6, 28, 11, 24, 9, 8, 10, 26, 1,1.01988
1, 18, 31, 12, 15, 34, 20, 23, 4, 7, 30, 32, 22, 21, 2, 33, 19, 29, 27, 5, 25, 17, 14, 3, 16, 13, 6, 28, 11, 24, 9, 8, 10, 26, 1,1.01988
1, 18, 31, 12, 15, 34, 20, 23, 4, 7, 30, 32, 22, 21, 2, 33, 19, 29, 27, 5, 25, 17, 14, 3, 16, 13, 6, 28, 11, 24, 9, 8, 10, 26, 1,1.01988
1, 18, 31, 12, 15, 34, 20, 23, 4, 7, 30, 32, 22, 21, 2, 33, 19, 29, 27, 5, 25, 17, 14, 3, 16, 13, 6, 28, 11, 24, 9, 8, 10, 26, 1,1.01988
1, 18, 31, 12, 15, 34, 20, 23, 4, 7, 30, 32, 22, 21, 2, 33, 19, 29, 27, 5, 25, 17, 14, 3, 16, 13, 6, 28, 11, 24, 9, 8, 10, 26, 1,1.01988
1, 18, 31, 12, 15, 34, 20, 23, 4, 7, 30, 32, 22, 21, 2, 33, 19, 29, 27, 5, 25, 17, 14, 3, 16, 13, 6, 28, 11, 24, 9, 8, 10, 26, 1,1.01988
1, 18, 31, 12, 15, 34, 20, 23, 4, 7, 30, 32, 22, 21, 2, 33, 19, 29, 27, 5, 25, 17, 14, 3, 16, 13, 6, 28, 11, 24, 9, 8, 10, 26, 1,1.01988
1, 18, 31, 12, 15, 34, 20, 23, 4, 7, 30, 32, 22, 21, 2, 33, 19, 29, 27, 5, 25, 17, 14, 3, 16, 13, 6, 28, 11, 24, 9, 8, 10, 26, 1,1.01988
1, 18, 31, 12, 15, 34, 20, 23, 4, 7, 30, 32, 22, 21, 2, 33, 19, 29, 27, 5, 25, 17, 14, 3, 16, 13, 6, 28, 11, 24, 9, 8, 10, 26, 1,1.01988
1, 18, 31, 12, 15, 34, 20, 23, 4, 7, 30, 32, 22, 21, 2, 33, 19, 29, 27, 5, 25, 17, 14, 3, 16, 13, 6, 28, 11, 24, 9, 8, 10, 26, 1,1.01988
1, 18, 31, 12, 15, 34, 20, 23, 4, 7, 30, 32, 22, 21, 2, 33, 19, 29, 27, 5, 25, 17, 14, 3, 16, 13, 6, 28, 11, 24, 9, 8, 10, 26, 1,1.01988
1, 18, 31, 12, 15, 34, 20, 23, 4, 7, 30, 32, 22, 21, 2, 33, 19, 29, 27, 5, 25, 17, 14, 3, 16, 13, 6, 28, 11, 24, 9, 8, 10, 26, 1,1.01988
1, 18, 31, 12, 15, 34, 20, 23, 4, 7, 30, 32, 22, 21, 2, 33, 19, 29, 27, 5, 25, 17, 14, 3, 16, 13, 6, 28, 11, 24, 9, 8, 10, 26, 1,1.01988
1, 18, 31, 12, 15, 34, 20, 23, 4, 7, 30, 32, 22, 21, 2, 33, 19, 29, 27, 5, 25, 17, 14, 3, 16, 13, 6, 28, 11, 24, 9, 8, 10, 26, 1,1.01988
1, 18, 31, 12, 15, 34, 20, 23, 4, 7, 30, 32, 22, 21, 2, 33, 19, 29, 27, 5, 25, 17, 14, 3, 16, 13, 6, 28, 11, 24, 9, 8, 10, 26, 1,1.01988
1, 18, 31, 12, 15, 34, 20, 23, 4, 7, 30, 32, 22, 21, 2, 33, 19, 29, 27, 5, 25, 17, 14, 3, 16, 13, 6, 28, 11, 24, 9, 8, 10, 26, 1,1.01988
1, 18, 31, 12, 15, 34, 20, 23, 4, 7, 30, 32, 22, 21, 2, 33, 19, 29, 27, 5, 25, 17, 14, 3, 16, 13, 6, 28, 11, 24, 9, 8, 10, 26, 1,1.01988
1, 18, 31, 12, 15, 34, 20, 23, 4, 7, 30, 32, 22, 21, 2, 33, 19, 29, 27, 5, 25, 17, 14, 3, 16, 13, 6, 28, 11, 24, 9, 8, 10, 26, 1,1.01988
1, 18, 31, 12, 15, 34, 20, 23, 4, 7, 30, 32, 22, 21, 2, 33, 19, 29, 27, 5, 25, 17, 14, 3, 16, 13, 6, 28, 11, 24, 9, 8, 10, 26, 1,1.01988
1, 18, 31, 12, 15, 34, 20, 23, 4, 7, 30, 32, 22, 21, 2, 33, 19, 29, 27, 5, 25, 17, 14, 3, 16, 13, 6, 28, 11, 24, 9, 8, 10, 26, 1,1.01988
1, 18, 31, 12, 15, 34, 20, 23, 4, 7, 30, 32, 22, 21, 2, 33, 19, 29, 27, 5, 25, 17, 14, 3, 16, 13, 6, 28, 11, 24, 9, 8, 10, 26, 1,1.01988
1, 18, 31, 12, 15, 34, 20, 23, 4, 7, 30, 32, 22, 21, 2, 33, 19, 29, 27, 5, 25, 17, 14, 3, 16, 13, 6, 28, 11, 24, 9, 8, 10, 26, 1,1.01988
1, 18, 31, 12, 15, 34, 20, 23, 4, 7, 30, 32, 22, 21, 2, 33, 19, 29, 27, 5, 25, 17, 14, 3, 16, 13, 6, 28, 11, 24, 9, 8, 10, 26, 1,1.01988
1, 18, 31, 12, 15, 34, 20, 23, 4, 7, 30, 32, 22, 21, 2, 33, 19, 29, 27, 5, 25, 17, 14, 3, 16, 13, 6, 28, 11, 24, 9, 8, 10, 26, 1,1.01988
1, 18, 31, 12, 15, 34, 20, 23, 4, 7, 30, 32, 22, 21, 2, 33, 19, 29, 27, 5, 25, 17, 14, 3, 16, 13, 6, 28, 11, 24, 9, 8, 10, 26, 1,1.01988
1, 18, 31, 12, 15, 34, 20, 23, 4, 7, 30, 32, 22, 21, 2, 33, 19, 29, 27, 5, 25, 17, 14, 3, 16, 13, 6, 28, 11, 24, 9, 8, 10, 26, 1,1.01988
1, 18, 31, 12, 15, 34, 20, 23, 4, 7, 30, 32, 22, 21, 2, 33, 19, 29, 27, 5, 25, 17, 14, 3, 16, 13, 6, 28, 11, 24, 9, 8, 10, 26, 1,1.01988
1, 18, 31, 12, 15, 34, 20, 23, 4, 7, 30, 32, 22, 21, 2, 33, 19, 29, 27, 5, 25, 17, 14, 3, 16, 13, 6, 28, 11, 24, 9, 8, 10, 26, 1,1.01988
1, 18, 31, 12, 15, 34, 20, 23, 4, 7, 30, 32, 22, 21, 2, 33, 19, 29, 27, 5, 25, 17, 14, 3, 16, 13, 6, 28, 11, 24, 9, 8, 10, 26, 1,1.01988
1, 18, 31, 12, 15, 34, 20, 23, 4, 7, 30, 32, 22, 21, 2, 33, 19, 29, 27, 5, 25, 17, 14, 3, 16, 13, 6, 28, 11, 24, 9, 8, 10, 26, 1,1.01988
1, 18, 31, 12, 15, 34, 20, 23, 4, 7, 30, 32, 22, 21, 2, 33, 19, 29, 27, 5, 25, 17, 14, 3, 16, 13, 6, 28, 11, 24, 9, 8, 10, 26, 1,1.01988
1, 18, 31, 12, 15, 34, 20, 23, 4, 7, 30, 32, 22, 21, 2, 33, 19, 29, 27, 5, 25, 17, 14, 3, 16, 13, 6, 28, 11, 24, 9, 8, 10, 26, 1,1.01988
1, 18, 31, 12, 15, 34, 20, 23, 4, 7, 30, 32, 22, 21, 2, 33, 19, 29, 27, 5, 25, 17, 14, 3, 16, 13, 6, 28, 11, 24, 9, 8, 10, 26, 1,1.01988
1, 18, 31, 12, 15, 34, 20, 23, 4, 7, 30, 32, 22, 21, 2, 33, 19, 29, 27, 5, 25, 17, 14, 3, 16, 13, 6, 28, 11, 24, 9, 8, 10, 26, 1,1.01988
1, 18, 31, 12, 15, 34, 20, 23, 4, 7, 30, 32, 22, 21, 2, 33, 19, 29, 27, 5, 25, 17, 14, 3, 16, 13, 6, 28, 11, 24, 9, 8, 10, 26, 1,1.01988
1, 18, 31, 12, 15, 34, 20, 23, 4, 7, 30, 32, 22, 21, 2, 33, 19, 29, 27, 5, 25, 17, 14, 3, 16, 13, 6, 28, 11, 24, 9, 8, 10, 26, 1,1.01988
1, 18, 31, 12, 15, 34, 20, 23, 4, 7, 30, 32, 22, 21, 2, 33, 19, 29, 27, 5, 25, 17, 14, 3, 16, 13, 6, 28, 11, 24, 9, 8, 10, 26, 1,1.01988
1, 18, 31, 12, 15, 34, 20, 23, 4, 7, 30, 32, 22, 21, 2, 33, 19, 29, 27, 5, 25, 17, 14, 3, 16, 13, 6, 28, 11, 24, 9, 8, 10, 26, 1,1.01988
1, 18, 31, 12, 15, 34, 20, 23, 4, 7, 30, 32, 22, 21, 2, 33, 19, 29, 27, 5, 25, 17, 14, 3, 16, 13, 6, 28, 11, 24, 9, 8, 10, 26, 1,1.01988
1, 18, 31, 12, 15, 34, 20, 23, 4, 7, 30, 32, 22, 21, 2, 33, 19, 29, 27, 5, 25, 17, 14, 3, 16, 13, 6, 28, 11, 24, 9, 8, 10, 26, 1,1.01988
1, 18, 31, 12, 15, 34, 20, 23, 4, 7, 30, 32, 22, 21, 2, 33, 19, 29, 27, 5, 25, 17, 14, 3, 16, 13, 6, 28, 11, 24, 9, 8, 10, 26, 1,1.01988
1, 18, 31, 12, 15, 34, 20, 23, 4, 7, 30, 32, 22, 21, 2, 33, 19, 29, 27, 5, 25, 17, 14, 3, 16, 13, 6, 28, 11, 24, 9, 8, 10, 26, 1,1.01988
1, 18, 31, 12, 15, 34, 20, 23, 4, 7, 30, 32, 22, 21, 2, 33, 19, 29, 27, 5, 25, 17, 14, 3, 16, 13, 6, 28, 11, 24, 9, 8, 10, 26, 1,1.01988
1, 18, 31, 12, 15, 34, 20, 23, 4, 7, 30, 32, 22, 21, 2, 33, 19, 29, 27, 5, 25, 17, 14, 3, 16, 13, 6, 28, 11, 24, 9, 8, 10, 26, 1,1.01988
1, 18, 31, 12, 15, 34, 20, 23, 4, 7, 30, 32, 22, 21, 2, 33, 19, 29, 27, 5, 25, 17, 14, 3, 16, 13, 6, 28, 11, 24, 9, 8, 10, 26, 1,1.01988
1, 18, 31, 12, 15, 34, 20, 23, 4, 7, 30, 32, 22, 21, 2, 33, 19, 29, 27, 5, 25, 17, 14, 3, 16, 13, 6, 28, 11, 24, 9, 8, 10, 26, 1,1.01988
1, 18, 31, 12, 15, 34, 20, 23, 4, 7, 30, 32, 22, 21, 2, 33, 19, 29, 27, 5, 25, 17, 14, 3, 16, 13, 6, 28, 11, 24, 9, 8, 10, 26, 1,1.01988
1, 18, 31, 12, 15, 34, 20, 23, 4, 7, 30, 32, 22, 21, 2, 33, 19, 29, 27, 5, 25, 17, 14, 3, 16, 13, 6, 28, 11, 24, 9, 8, 10, 26, 1,1.01988
1, 18, 31, 12, 15, 34, 20, 23, 4, 7, 30, 32, 22, 21, 2, 33, 19, 29, 27, 5, 25, 17, 14, 3, 16, 13, 6, 28, 11, 24, 9, 8, 10, 26, 1,1.01988
1, 18, 31, 12, 15, 34, 20, 23, 4, 7, 30, 32, 22, 21, 2, 33, 19, 29, 27, 5, 25, 17, 14, 3, 16, 13, 6, 28, 11, 24, 9, 8, 10, 26, 1,1.01988
1, 18, 31, 12, 15, 34, 20, 23, 4, 7, 30, 32, 22, 21, 2, 33, 19, 29, 27, 5, 25, 17, 14, 3, 16, 13, 6, 28, 11, 24, 9, 8, 10, 26, 1,1.01988
1, 18, 31, 12, 15, 34, 20, 23, 4, 7, 30, 32, 22, 21, 2, 33, 19, 29, 27, 5, 25, 17, 14, 3, 16, 13, 6, 28, 11, 24, 9, 8, 10, 26, 1,1.01988
1, 18, 31, 12, 15, 34, 20, 23, 4, 7, 30, 32, 22, 21, 2, 33, 19, 29, 27, 5, 25, 17, 14, 3, 16, 13, 6, 28, 11, 24, 9, 8, 10, 26, 1,1.01988
1, 18, 31, 12, 15, 34, 20, 23, 4, 7, 30, 32, 22, 21, 2, 33, 19, 29, 27, 5, 25, 17, 14, 3, 16, 13, 6, 28, 11, 24, 9, 8, 10, 26, 1,1.01988
1, 18, 31, 12, 15, 34, 20, 23, 4, 7, 30, 32, 22, 21, 2, 33, 19, 29, 27, 5, 25, 17, 14, 3, 16, 13, 6, 28, 11, 24, 9, 8, 10, 26, 1,1.01988
1, 18, 31, 12, 15, 34, 20, 23, 4, 7, 30, 32, 22, 21, 2, 33, 19, 29, 27, 5, 25, 17, 14, 3, 16, 13, 6, 28, 11, 24, 9, 8, 10, 26, 1,1.01988
1, 18, 31, 12, 15, 34, 20, 23, 4, 7, 30, 32, 22, 21, 2, 33, 19, 29, 27, 5, 25, 17, 14, 3, 16, 13, 6, 28, 11, 24, 9, 8, 10, 26, 1,1.01988
1, 18, 31, 12, 15, 34, 20, 23, 4, 7, 30, 32, 22, 21, 2, 33, 19, 29, 27, 5, 25, 17, 14, 3, 16, 13, 6, 28, 11, 24, 9, 8, 10, 26, 1,1.01988
1, 18, 31, 12, 15, 34, 20, 23, 4, 7, 30, 32, 22, 21, 2, 33, 19, 29, 27, 5, 25, 17, 14, 3, 16, 13, 6, 28, 11, 24, 9, 8, 10, 26, 1,1.01988
1, 18, 31, 12, 15, 34, 20, 23, 4, 7, 30, 32, 22, 21, 2, 33, 19, 29, 27, 5, 25, 17, 14, 3, 16, 13, 6, 28, 11, 24, 9, 8, 10, 26, 1,1.01988
1, 18, 31, 12, 15, 34, 20, 23, 4, 7, 30, 32, 22, 21, 2, 33, 19, 29, 27, 5, 25, 17, 14, 3, 16, 13, 6, 28, 11, 24, 9, 8, 10, 26, 1,1.01988
1, 18, 31, 12, 15, 34, 20, 23, 4, 7, 30, 32, 22, 21, 2, 33, 19, 29, 27, 5, 25, 17, 14, 3, 16, 13, 6, 28, 11, 24, 9, 8, 10, 26, 1,1.01988
1, 18, 31, 12, 15, 34, 20, 23, 4, 7, 30, 32, 22, 21, 2, 33, 19, 29, 27, 5, 25, 17, 14, 3, 16, 13, 6, 28, 11, 24, 9, 8, 10, 26, 1,1.01988
1, 18, 31, 12, 15, 34, 20, 23, 4, 7, 30, 32, 22, 21, 2, 33, 19, 29, 27, 5, 25, 17, 14, 3, 16, 13, 6, 28, 11, 24, 9, 8, 10, 26, 1,1.01988
1, 18, 31, 12, 15, 34, 20, 23, 4, 7, 30, 32, 22, 21, 2, 33, 19, 29, 27, 5, 25, 17, 14, 3, 16, 13, 6, 28, 11, 24, 9, 8, 10, 26, 1,1.01988
1, 18, 31, 12, 15, 34, 20, 23, 4, 7, 30, 32, 22, 21, 2, 33, 19, 29, 27, 5, 25, 17, 14, 3, 16, 13, 6, 28, 11, 24, 9, 8, 10, 26, 1,1.01988
1, 18, 31, 12, 15, 34, 20, 23, 4, 7, 30, 32, 22, 21, 2, 33, 19, 29, 27, 5, 25, 17, 14, 3, 16, 13, 6, 28, 11, 24, 9, 8, 10, 26, 1,1.01988
1, 18, 31, 12, 15, 34, 20, 23, 4, 7, 30, 32, 22, 21, 2, 33, 19, 29, 27, 5, 25, 17, 14, 3, 16, 13, 6, 28, 11, 24, 9, 8, 10, 26, 1,1.01988
1, 18, 31, 12, 15, 34, 20, 23, 4, 7, 30, 32, 22, 21, 2, 33, 19, 29, 27, 5, 25, 17, 14, 3, 16, 13, 6, 28, 11, 24, 9, 8, 10, 26, 1,1.01988
1, 18, 31, 12, 15, 34, 20, 23, 4, 7, 30, 32, 22, 21, 2, 33, 19, 29, 27, 5, 25, 17, 14, 3, 16, 13, 6, 28, 11, 24, 9, 8, 10, 26, 1,1.01988
1, 18, 31, 12, 15, 34, 20, 23, 4, 7, 30, 32, 22, 21, 2, 33, 19, 29, 27, 5, 25, 17, 14, 3, 16, 13, 6, 28, 11, 24, 9, 8, 10, 26, 1,1.01988
1, 18, 31, 12, 15, 34, 20, 23, 4, 7, 30, 32, 22, 21, 2, 33, 19, 29, 27, 5, 25, 17, 14, 3, 16, 13, 6, 28, 11, 24, 9, 8, 10, 26, 1,1.01988
1, 18, 31, 12, 15, 34, 20, 23, 4, 7, 30, 32, 22, 21, 2, 33, 19, 29, 27, 5, 25, 17, 14, 3, 16, 13, 6, 28, 11, 24, 9, 8, 10, 26, 1,1.01988
1, 18, 31, 12, 15, 34, 20, 23, 4, 7, 30, 32, 22, 21, 2, 33, 19, 29, 27, 5, 25, 17, 14, 3, 16, 13, 6, 28, 11, 24, 9, 8, 10, 26, 1,1.01988
1, 18, 31, 12, 15, 34, 20, 23, 4, 7, 30, 32, 22, 21, 2, 33, 19, 29, 27, 5, 25, 17, 14, 3, 16, 13, 6, 28, 11, 24, 9, 8, 10, 26, 1,1.01988
1, 18, 31, 12, 15, 34, 20, 23, 4, 7, 30, 32, 22, 21, 2, 33, 19, 29, 27, 5, 25, 17, 14, 3, 16, 13, 6, 28, 11, 24, 9, 8, 10, 26, 1,1.01988
1, 18, 31, 12, 15, 34, 20, 23, 4, 7, 30, 32, 22, 21, 2, 33, 19, 29, 27, 5, 25, 17, 14, 3, 16, 13, 6, 28, 11, 24, 9, 8, 10, 26, 1,1.01988
1, 18, 31, 12, 15, 34, 20, 23, 4, 7, 30, 32, 22, 21, 2, 33, 19, 29, 27, 5, 25, 17, 14, 3, 16, 13, 6, 28, 11, 24, 9, 8, 10, 26, 1,1.01988
1, 18, 31, 12, 15, 34, 20, 23, 4, 7, 30, 32, 22, 21, 2, 33, 19, 29, 27, 5, 25, 17, 14, 3, 16, 13, 6, 28, 11, 24, 9, 8, 10, 26, 1,1.01988
1, 18, 31, 12, 15, 34, 20, 23, 4, 7, 30, 32, 22, 21, 2, 33, 19, 29, 27, 5, 25, 17, 14, 3, 16, 13, 6, 28, 11, 24, 9, 8, 10, 26, 1,1.01988
1, 18, 31, 12, 15, 34, 20, 23, 4, 7, 30, 32, 22, 21, 2, 33, 19, 29, 27, 5, 25, 17, 14, 3, 16, 13, 6, 28, 11, 24, 9, 8, 10, 26, 1,1.01988
1, 18, 31, 12, 15, 34, 20, 23, 4, 7, 30, 32, 22, 21, 2, 33, 19, 29, 27, 5, 25, 17, 14, 3, 16, 13, 6, 28, 11, 24, 9, 8, 10, 26, 1,1.01988
1, 18, 31, 12, 15, 34, 20, 23, 4, 7, 30, 32, 22, 21, 2, 33, 19, 29, 27, 5, 25, 17, 14, 3, 16, 13, 6, 28, 11, 24, 9, 8, 10, 26, 1,1.01988
1, 18, 31, 12, 15, 34, 20, 23, 4, 7, 30, 32, 22, 21, 2, 33, 19, 29, 27, 5, 25, 17, 14, 3, 16, 13, 6, 28, 11, 24, 9, 8, 10, 26, 1,1.01988
1, 18, 31, 12, 15, 34, 20, 23, 4, 7, 30, 32, 22, 21, 2, 33, 19, 29, 27, 5, 25, 17, 14, 3, 16, 13, 6, 28, 11, 24, 9, 8, 10, 26, 1,1.01988
1, 18, 31, 12, 15, 34, 20, 23, 4, 7, 30, 32, 22, 21, 2, 33, 19, 29, 27, 5, 25, 17, 14, 3, 16, 13, 6, 28, 11, 24, 9, 8, 10, 26, 1,1.01988
1, 18, 31, 12, 15, 34, 20, 23, 4, 7, 30, 32, 22, 21, 2, 33, 19, 29, 27, 5, 25, 17, 14, 3, 16, 13, 6, 28, 11, 24, 9, 8, 10, 26, 1,1.01988
1, 18, 31, 12, 15, 34, 20, 23, 4, 7, 30, 32, 22, 21, 2, 33, 19, 29, 27, 5, 25, 17, 14, 3, 16, 13, 6, 28, 11, 24, 9, 8, 10, 26, 1,1.01988
1, 18, 31, 12, 15, 34, 20, 23, 4, 7, 30, 32, 22, 21, 2, 33, 19, 29, 27, 5, 25, 17, 14, 3, 16, 13, 6, 28, 11, 24, 9, 8, 10, 26, 1,1.01988
1, 18, 31, 12, 15, 34, 20, 23, 4, 7, 30, 32, 22, 21, 2, 33, 19, 29, 27, 5, 25, 17, 14, 3, 16, 13, 6, 28, 11, 24, 9, 8, 10, 26, 1,1.01988
1, 12, 15, 34, 20, 23, 4, 7, 30, 32, 22, 21, 2, 33, 19, 29, 27, 5, 25, 17, 14, 3, 16, 13, 6, 28, 11, 24, 9, 8, 10, 26, 18, 31, 1,1.01754
1, 12, 15, 34, 20, 23, 4, 7, 30, 32, 22, 21, 2, 33, 19, 29, 27, 5, 25, 17, 14, 3, 16, 13, 6, 28, 11, 24, 9, 8, 10, 26, 18, 31, 1,1.01754
1, 18, 31, 12, 15, 34, 20, 23, 4, 7, 30, 32, 22, 21, 2, 33, 19, 29, 27, 5, 25, 17, 14, 3, 16, 13, 6, 28, 11, 24, 9, 8, 10, 26, 1,1.01988
1, 18, 31, 12, 15, 34, 20, 23, 4, 7, 30, 32, 22, 21, 2, 33, 19, 29, 27, 5, 25, 17, 14, 3, 16, 13, 6, 28, 11, 24, 9, 8, 10, 26, 1,1.01988
1, 18, 31, 12, 15, 34, 20, 23, 4, 7, 30, 32, 22, 21, 2, 33, 19, 29, 27, 5, 25, 17, 14, 3, 16, 13, 6, 28, 11, 24, 9, 8, 10, 26, 1,1.01988
1, 18, 31, 12, 15, 34, 20, 23, 4, 7, 30, 32, 22, 21, 2, 33, 19, 29, 27, 5, 25, 17, 14, 3, 16, 13, 6, 28, 11, 24, 9, 8, 10, 26, 1,1.01988
1, 18, 31, 12, 15, 34, 20, 23, 4, 7, 30, 32, 22, 21, 2, 33, 19, 29, 27, 5, 25, 17, 14, 3, 16, 13, 6, 28, 11, 24, 9, 8, 10, 26, 1,1.01988
1, 18, 31, 12, 15, 34, 20, 23, 4, 7, 30, 32, 22, 21, 2, 33, 19, 29, 27, 5, 25, 17, 14, 3, 16, 13, 6, 28, 11, 24, 9, 8, 10, 26, 1,1.01988
1, 18, 31, 12, 15, 34, 20, 23, 4, 7, 30, 32, 22, 21, 2, 33, 19, 29, 27, 5, 25, 17, 14, 3, 16, 13, 6, 28, 11, 24, 9, 8, 10, 26, 1,1.01988
1, 18, 31, 12, 15, 34, 20, 23, 4, 7, 30, 32, 22, 21, 2, 33, 19, 29, 27, 5, 25, 17, 14, 3, 16, 13, 6, 28, 11, 24, 9, 8, 10, 26, 1,1.01988
1, 18, 31, 12, 15, 34, 20, 23, 4, 7, 30, 32, 22, 21, 2, 33, 19, 29, 27, 5, 25, 17, 14, 3, 16, 13, 6, 28, 11, 24, 9, 8, 10, 26, 1,1.01988
1, 18, 31, 12, 15, 34, 20, 23, 4, 7, 30, 32, 22, 21, 2, 33, 19, 29, 27, 5, 25, 17, 14, 3, 16, 13, 6, 28, 11, 24, 9, 8, 10, 26, 1,1.01988
1, 18, 31, 12, 15, 34, 20, 23, 4, 7, 30, 32, 22, 21, 2, 33, 19, 29, 27, 5, 25, 17, 14, 3, 16, 13, 6, 28, 11, 24, 9, 8, 10, 26, 1,1.01988
1, 18, 31, 12, 15, 34, 20, 23, 4, 7, 30, 32, 22, 21, 2, 33, 19, 29, 27, 5, 25, 17, 14, 3, 16, 13, 6, 28, 11, 24, 9, 8, 10, 26, 1,1.01988
1, 18, 31, 12, 15, 34, 20, 23, 4, 7, 30, 32, 22, 21, 2, 33, 19, 29, 27, 5, 25, 17, 14, 3, 16, 13, 6, 28, 11, 24, 9, 8, 10, 26, 1,1.01988
1, 18, 31, 12, 15, 34, 20, 23, 4, 7, 30, 32, 22, 21, 2, 33, 19, 29, 27, 5, 25, 17, 14, 3, 16, 13, 6, 28, 11, 24, 9, 8, 10, 26, 1,1.01988
1, 18, 31, 12, 15, 34, 20, 23, 4, 7, 30, 32, 22, 21, 2, 33, 19, 29, 27, 5, 25, 17, 14, 3, 16, 13, 6, 28, 11, 24, 9, 8, 10, 26, 1,1.01988
1, 18, 31, 12, 15, 34, 20, 23, 4, 7, 30, 32, 22, 21, 2, 33, 19, 29, 27, 5, 25, 17, 14, 3, 16, 13, 6, 28, 11, 24, 9, 8, 10, 26, 1,1.01988
1, 18, 31, 12, 15, 34, 20, 23, 4, 7, 30, 32, 22, 21, 2, 33, 19, 29, 27, 5, 25, 17, 14, 3, 16, 13, 6, 28, 11, 24, 9, 8, 10, 26, 1,1.01988
1, 18, 31, 12, 15, 34, 20, 23, 4, 7, 30, 32, 22, 21, 2, 33, 19, 29, 27, 5, 25, 17, 14, 3, 16, 13, 6, 28, 11, 24, 9, 8, 10, 26, 1,1.01988
