0,43.3552,44.9234,44.9234,44.9234,45.0039,46.7839,48.1438,49.1737,49.3545,50.0124,50.0218,50.2844,50.3329,51.1992,51.558,51.7691,51.7691,51.7691,51.8267,52.479,52.7229,52.9277,53.0259,53.5611,53.9225,54.0863,54.5283,54.5988,54.9781,55.0824,55.0958,55.1081,55.1683,55.1738,56.4539,56.5216,56.5216,56.5216,56.5844,57.0624,57.1765,57.2595,57.2911,57.4584,57.6362,57.8165,57.8165,57.8749,57.9061,57.9237
1,42.4329,42.8723,43.4018,43.4939,43.8679,43.9886,44.431,44.727,44.8187,44.9234,44.9234,44.9234,44.9234,44.9234,45.0039,45.0039,45.0039,45.0039,45.0039,45.0039,45.0039,45.0039,45.0039,45.0039,45.0039,45.0039,45.0161,45.2313,45.7019,46.6924,46.7839,46.7839,46.8427,46.9765,47.0755,47.3173,47.35,47.657,47.9339,47.9435,47.9617,48.4034,48.4212,48.5571,48.8407,48.8461,48.9955,49.1737,49.1737,49.1737
2,39.5703,39.6374,40.1033,41.1062,42.0189,42.1235,42.208,42.222,42.3096,42.4329,42.4329,42.4329,42.4329,42.4329,42.4715,42.5831,42.7852,42.8723,43.1225,43.4939,43.4939,43.4939,43.7383,43.8112,43.861,43.9886,43.9886,43.9886,43.9886,44.0351,44.1366,44.3021,44.3152,44.319,44.3423,44.3819,44.431,44.431,44.4556,44.5137,44.727,44.727,44.8187,44.8187,44.8773,44.9234,44.9234,44.9234,44.9234,44.9234
3,34.6454,37.5237,37.5841,37.8745,38.7879,38.7879,38.9467,39.3797,39.5703,39.5703,39.6374,39.6374,39.931,40.0012,40.073,40.1033,40.2299,40.6514,40.7024,40.7385,41.0897,41.1062,41.1062,41.1062,41.1062,41.1062,41.1062,41.134,41.4573,41.4968,41.6052,41.7129,41.8005,41.9605,41.978,42.0189,42.0189,42.208,42.208,42.208,42.2242,42.3096,42.3337,42.4329,42.4329,42.4329,42.4329,42.4329,42.4329,42.4329
4,31.5821,33.3655,34.171,34.429,35.8477,35.959,36.2903,36.8951,36.9182,37.3095,37.3095,37.3412,37.5237,37.5237,37.5237,37.5237,37.5841,37.5841,37.5841,37.5841,37.5888,37.755,38.4271,38.5021,38.5931,38.5993,38.7879,38.7879,38.7879,38.7879,38.7879,38.7879,38.7879,38.7879,39.2184,39.3797,39.3797,39.3797,39.3797,39.4743,39.5703,39.5703,39.5703,39.5703,39.5703,39.6893,39.9632,40.0729,40.1566,40.3679
5,31.569,31.5821,31.5821,31.5821,32.6516,33.3655,33.3655,33.3655,33.3655,34.9744,35.111,35.1751,35.2086,35.4089,35.5838,35.5882,35.5897,35.6992,35.8477,35.8477,35.8477,35.8986,36.2903,36.3082,36.5306,36.6231,36.6697,36.8756,36.8951,36.8951,36.8951,36.9182,36.9382,37.0613,37.3095,37.3095,37.3095,37.3095,37.3095,37.427,37.5142,37.529,37.7145,37.9286,38.0879,38.2552,38.3548,38.3561,38.7139,38.9476
6,26.5001,26.8978,30.8269,31.1415,31.569,31.569,31.569,31.569,31.5821,31.5821,31.5821,31.5821,31.5821,31.5831,31.8045,32.1993,32.6101,32.6516,32.9245,33.3225,33.3655,33.3655,33.3655,33.3655,33.3655,33.3655,33.3655,33.3655,33.3655,33.3655,33.3655,33.3655,33.3655,33.3655,33.3655,33.3655,33.3655,33.3655,33.3655,33.3655,33.4268,33.8109,33.8404,33.8699,33.9309,34.3469,34.4497,34.9415,34.9744,34.9744
7,26.5001,26.517,26.7559,26.8978,28.6762,29.5733,30.2336,30.4105,30.8269,30.8269,30.9958,31.1415,31.1415,31.1415,31.215,31.569,31.569,31.569,31.569,31.569,31.569,31.569,31.569,31.569,31.569,31.569,31.569,31.569,31.569,31.569,31.569,31.569,31.569,31.569,31.569,31.569,31.569,31.5821,31.5821,31.5821,31.5821,31.5821,31.5821,31.5821,31.5821,31.5821,31.5821,31.5821,31.5821,31.5821
8,25.1516,25.994,26.3905,26.5001,26.5001,26.517,26.517,26.7559,26.8354,26.8978,26.8978,26.8978,26.9864,27.6576,27.8549,27.9959,28.3077,28.6762,28.6972,28.7394,28.7902,29.5733,29.5733,29.6248,29.8696,30.0841,30.2336,30.2336,30.2336,30.248,30.4105,30.4105,30.6374,30.7145,30.7179,30.8269,30.8269,30.9958,30.9958,30.9958,30.9958,30.9958,31.0313,31.0952,31.1223,31.5838,31.5967,31.6894,31.7175,31.7626
9,25.1516,25.4074,25.4074,25.5268,25.8696,25.9864,25.994,25.994,25.994,25.994,26.0189,26.0768,26.1978,26.2362,26.3297,26.3493,26.3609,26.3905,26.3905,26.3905,26.5001,26.5001,26.5001,26.5001,26.5001,26.5001,26.5001,26.5001,26.5001,26.517,26.517,26.517,26.517,26.5388,26.6694,26.7492,26.7559,26.7914,26.8354,26.8354,26.8978,26.8978,26.8978,26.8978,26.8978,26.8978,26.8978,26.8978,26.8978,26.8978
10,23.8216,25.1516,25.1516,25.1516,25.1516,25.1516,25.1516,25.1516,25.1516,25.1516,25.1516,25.4074,25.4074,25.4074,25.4074,25.4074,25.5268,25.5268,25.5268,25.5268,25.5268,25.8696,25.9864,25.9864,25.994,25.994,25.994,25.994,25.994,25.994,25.994,25.994,26.0189,26.0189,26.0189,26.0189,26.0768,26.2096,26.2499,26.4825,26.8614,27.2202,27.2826,27.3248,27.4397,27.509,27.7969,28.2242,28.2271,28.2639
11,23.4089,23.5441,23.8216,24.1574,24.1574,24.1616,24.226,25.1516,25.1516,25.1516,25.1516,25.1516,25.1516,25.1516,25.1516,25.1516,25.1516,25.1516,25.1516,25.1516,25.1516,25.1516,25.1516,25.1516,25.1516,25.1516,25.1516,25.1516,25.1516,25.1516,25.1516,25.1516,25.1516,25.1516,25.1516,25.1516,25.1516,25.1516,25.1516,25.1516,25.1516,25.1516,25.1516,25.1516,25.1516,25.1516,25.1516,25.1516,25.1516,25.1516
12,21.8868,23.2275,23.2331,23.315,23.4089,23.4089,23.4089,23.4089,23.4089,23.5441,23.5441,23.5441,23.8216,23.8216,23.8216,23.8216,23.8216,23.8216,24.1574,24.1574,24.1574,24.1574,24.1574,24.1574,24.1574,24.1574,24.1616,24.1616,24.1616,24.226,24.226,24.226,24.226,25.1516,25.1516,25.1516,25.1516,25.1516,25.1516,25.1516,25.1516,25.1516,25.1516,25.1516,25.1516,25.1516,25.1516,25.1516,25.1516,25.1516
13,21.8868,21.8868,21.8868,21.8868,21.934,22.4167,22.9535,23.074,23.2275,23.2275,23.2275,23.2331,23.2331,23.2331,23.2331,23.2331,23.2911,23.315,23.315,23.315,23.315,23.315,23.315,23.3642,23.4089,23.4089,23.4089,23.4089,23.4089,23.4089,23.4089,23.4089,23.4089,23.5441,23.5441,23.5441,23.5441,23.5441,23.5441,23.5441,23.5441,23.5441,23.5441,23.5441,23.5441,23.5441,23.7999,23.9511,24.0036,24.0218
14,21.5468,21.5519,21.8868,21.8868,21.8868,21.8868,21.8868,21.8868,21.8868,21.8868,21.8868,21.8868,21.8868,21.8868,21.8868,21.934,21.934,22.1426,22.3205,22.4167,22.4167,22.4167,22.8056,22.8983,22.9535,22.9535,22.9535,22.9535,22.9535,22.9599,23.074,23.074,23.074,23.074,23.074,23.074,23.074,23.2275,23.2275,23.2275,23.2275,23.2275,23.2331,23.2331,23.2331,23.2331,23.2331,23.2331,23.2331,23.2331
15,20.526,20.8452,21.0202,21.0992,21.5468,21.5468,21.5468,21.5468,21.5468,21.5468,21.5468,21.5519,21.5519,21.5519,21.5519,21.5519,21.5519,21.5519,21.5519,21.8868,21.8868,21.8868,21.8868,21.8868,21.8868,21.8868,21.8868,21.8868,21.8868,21.8868,21.8868,21.8868,21.8868,21.8868,21.8868,21.8868,21.8868,21.8868,21.8868,21.8868,21.8868,21.8868,21.8868,21.8868,21.8868,21.8868,21.8868,21.8868,21.8868,21.8868
16,19.4917,20.526,20.526,20.526,20.5592,20.6322,20.8452,20.8452,20.8452,20.8452,20.8452,20.8452,21.0202,21.0202,21.0202,21.0202,21.0202,21.0992,21.0992,21.0992,21.3293,21.4016,21.5468,21.5468,21.5468,21.5468,21.5468,21.5468,21.5468,21.5468,21.5468,21.5468,21.5468,21.5468,21.5468,21.5468,21.5468,21.5468,21.5468,21.5468,21.5468,21.5468,21.5468,21.5468,21.5468,21.5468,21.5468,21.5468,21.5468,21.5468
17,18.3753,18.7901,19.4917,19.4917,20.0441,20.3419,20.3984,20.418,20.526,20.526,20.526,20.526,20.526,20.526,20.526,20.526,20.526,20.526,20.526,20.5592,20.5592,20.5592,20.5592,20.5592,20.5592,20.5592,20.6322,20.6322,20.6322,20.6322,20.7679,20.8452,20.8452,20.8452,20.8452,20.8452,20.8452,20.8452,20.8452,20.8452,20.8452,20.8452,20.8452,20.8452,20.8452,20.8452,20.8452,20.8452,20.8452,20.8452
18,17.8914,18.3365,18.3753,18.7267,18.7837,18.7901,18.7901,18.7901,18.7901,18.7901,19.1625,19.1721,19.4917,19.4917,19.4917,19.4917,20.0441,20.0441,20.0441,20.3419,20.3419,20.3984,20.3984,20.3984,20.418,20.526,20.526,20.526,20.526,20.526,20.526,20.526,20.526,20.526,20.526,20.526,20.526,20.526,20.526,20.526,20.526,20.526,20.526,20.5928,20.8459,21.0565,21.2001,21.2625,21.5338,21.5389
19,17.0453,17.0764,17.0764,17.325,17.8914,17.8914,17.8914,17.8914,17.8914,17.8914,17.8914,17.8914,17.8914,18.0424,18.3365,18.3365,18.3365,18.3365,18.3677,18.3753,18.3753,18.3753,18.3753,18.5048,18.7267,18.7837,18.7837,18.7837,18.7837,18.7837,18.7837,18.7867,18.7867,18.7867,18.7901,18.7901,18.7901,18.7901,18.7901,18.7901,18.7901,18.7901,18.7901,18.7901,18.7901,18.7901,18.7901,18.7901,18.7901,18.8516
20,14.4021,15.4513,15.6107,16.41,16.4708,16.6112,17.0453,17.0453,17.0453,17.0764,17.0764,17.0764,17.0764,17.0764,17.0764,17.0764,17.0764,17.0764,17.0764,17.1029,17.325,17.325,17.325,17.326,17.6756,17.8184,17.8914,17.8914,17.8914,17.8914,17.8914,17.8914,17.8914,17.8914,17.8914,17.8914,17.8914,17.8914,17.8914,17.8914,17.8914,17.8914,17.8914,17.8914,17.8914,17.8914,17.8914,17.8914,17.8914,17.8914
21,12.977,13.2376,14.1167,14.4021,14.4021,14.4021,14.4021,14.4021,14.4021,14.5886,15.005,15.1474,15.4058,15.4513,15.4513,15.4513,15.4513,15.6107,15.6107,15.6107,15.6107,15.6107,15.6107,15.6107,15.6107,15.6107,16.0145,16.41,16.4708,16.4708,16.5336,16.6014,16.6112,16.6112,16.6112,16.6112,16.6112,16.6112,16.8269,16.8453,16.8685,16.8703,17.0453,17.0453,17.0453,17.0453,17.0453,17.0453,17.0453,17.0453
22,12.9364,12.977,12.977,12.977,12.977,12.977,12.977,12.977,12.977,13.0376,13.2376,13.5579,13.8754,14.1167,14.1942,14.1942,14.3566,14.3702,14.4021,14.4021,14.4021,14.4021,14.4021,14.4021,14.4021,14.4021,14.4021,14.4021,14.4021,14.4021,14.4021,14.4021,14.4021,14.4021,14.4021,14.4021,14.4021,14.4021,14.4021,14.4021,14.4021,14.4021,14.4021,14.4021,14.4021,14.4021,14.4021,14.4021,14.5886,14.5886
23,11.8246,12.7771,12.9364,12.9379,12.977,12.977,12.977,12.977,12.977,12.977,12.977,12.977,12.977,12.977,12.977,12.977,12.977,12.977,12.977,12.977,12.977,12.977,12.977,12.977,12.977,12.977,12.977,12.977,12.977,12.977,12.977,12.977,12.977,12.977,12.977,12.977,12.977,12.977,12.977,12.977,12.977,13.0376,13.0376,13.0376,13.0376,13.2376,13.2376,13.2376,13.2376,13.2376
24,11.8246,11.8246,11.8246,11.8246,11.8246,12.3816,12.7771,12.7771,12.7771,12.7771,12.7771,12.9362,12.9364,12.9364,12.9364,12.9379,12.9379,12.9379,12.9379,12.9379,12.9474,12.977,12.977,12.977,12.977,12.977,12.977,12.977,12.977,12.977,12.977,12.977,12.977,12.977,12.977,12.977,12.977,12.977,12.977,12.977,12.977,12.977,12.977,12.977,12.977,12.977,12.977,12.977,12.977,12.977
25,11.651,11.7501,11.8173,11.8246,11.8246,11.8246,11.8246,11.8246,11.8246,11.8246,11.8246,11.8246,11.8246,11.8246,11.8246,11.8246,11.8246,11.8246,11.8246,11.8246,11.8246,11.8246,11.8246,11.8246,11.8246,11.8246,11.8246,11.8246,11.8246,11.8246,11.8448,11.9463,12.0505,12.2371,12.2877,12.3816,12.4959,12.5035,12.7405,12.7771,12.7771,12.7771,12.7771,12.7771,12.7771,12.7771,12.7771,12.7771,12.7771,12.7771
26,10.9839,11.0555,11.4117,11.651,11.651,11.651,11.651,11.651,11.651,11.7501,11.7501,11.7501,11.8173,11.8173,11.8173,11.8246,11.8246,11.8246,11.8246,11.8246,11.8246,11.8246,11.8246,11.8246,11.8246,11.8246,11.8246,11.8246,11.8246,11.8246,11.8246,11.8246,11.8246,11.8246,11.8246,11.8246,11.8246,11.8246,11.8246,11.8246,11.8246,11.8246,11.8246,11.8246,11.8246,11.8246,11.8246,11.8246,11.8246,11.8246
27,10.8353,10.8353,10.9839,10.9839,10.9839,10.9929,11.0555,11.0555,11.0555,11.0555,11.0555,11.0555,11.0555,11.1041,11.536,11.578,11.651,11.651,11.651,11.651,11.651,11.651,11.651,11.651,11.651,11.651,11.651,11.651,11.651,11.651,11.651,11.651,11.651,11.651,11.651,11.651,11.651,11.651,11.651,11.651,11.651,11.651,11.651,11.651,11.651,11.651,11.651,11.651,11.651,11.7141
28,10.3885,10.6862,10.8293,10.8353,10.8353,10.8353,10.9839,10.9839,10.9839,10.9839,10.9839,10.9839,10.9839,10.9839,10.9839,10.9839,10.9839,10.9839,10.9839,10.9839,10.9929,10.9929,10.9929,10.9929,11.0056,11.0555,11.0555,11.0555,11.0555,11.0555,11.0555,11.0555,11.0555,11.0555,11.0555,11.0555,11.0555,11.0555,11.0555,11.0555,11.0555,11.0555,11.0555,11.0555,11.0555,11.0555,11.0555,11.0555,11.0555,11.0555
29,9.97455,10.3885,10.3885,10.3885,10.6862,10.8267,10.8293,10.8293,10.8293,10.8293,10.8293,10.8293,10.8353,10.8353,10.8353,10.8353,10.8353,10.8353,10.8353,10.8353,10.8353,10.8353,10.8353,10.8353,10.8353,10.8353,10.8353,10.8353,10.8447,10.8447,10.9151,10.9839,10.9839,10.9839,10.9839,10.9839,10.9839,10.9839,10.9839,10.9839,10.9839,10.9839,10.9839,10.9839,10.9839,10.9839,10.9839,10.9839,10.9839,10.9839
30,9.97455,9.97455,10.112,10.1622,10.1622,10.2313,10.3885,10.3885,10.3885,10.3885,10.3885,10.3885,10.3885,10.3885,10.3885,10.3885,10.3885,10.3885,10.3885,10.3885,10.3885,10.3885,10.3885,10.3885,10.432,10.6649,10.6862,10.6862,10.6862,10.6862,10.7599,10.7666,10.779,10.779,10.8267,10.8267,10.8267,10.8267,10.8293,10.8293,10.8293,10.8293,10.8293,10.8293,10.8293,10.8293,10.8293,10.8293,10.8293,10.8293
31,9.79135,9.79135,9.97455,9.97455,9.97455,9.97455,10.0039,10.0039,10.005,10.0331,10.0331,10.1004,10.112,10.112,10.112,10.112,10.1622,10.1622,10.1622,10.1622,10.1622,10.1622,10.1622,10.1622,10.1622,10.1622,10.1622,10.1622,10.1622,10.1941,10.2313,10.2313,10.2313,10.2313,10.2313,10.2313,10.3885,10.3885,10.3885,10.3885,10.3885,10.3885,10.3885,10.3885,10.3885,10.3885,10.3885,10.3885,10.3885,10.3885
32,9.61544,9.65394,9.79135,9.79135,9.79135,9.79135,9.79135,9.79135,9.79135,9.84162,9.91779,9.97455,9.97455,9.97455,9.97455,9.97455,9.97455,9.97455,9.97455,9.97455,9.97455,9.97455,9.97455,9.97455,9.97455,9.97455,10.0039,10.0039,10.0039,10.0039,10.0039,10.0039,10.0039,10.0039,10.0039,10.0039,10.0039,10.0039,10.005,10.005,10.0248,10.0248,10.0331,10.0331,10.0331,10.0331,10.0331,10.1004,10.1004,10.1004
33,8.65262,9.19701,9.42578,9.55868,9.57335,9.61544,9.61544,9.61544,9.61544,9.65394,9.65394,9.65394,9.65394,9.65394,9.65394,9.79135,9.79135,9.79135,9.79135,9.79135,9.79135,9.79135,9.79135,9.79135,9.79135,9.79135,9.79135,9.79135,9.79135,9.79135,9.79135,9.79135,9.79135,9.79135,9.79135,9.79135,9.79135,9.79135,9.79135,9.79135,9.84162,9.84162,9.84162,9.84162,9.84162,9.90377,9.90377,9.90377,9.97455,9.97455
34,8.09422,8.35906,8.46856,8.51521,8.64638,8.65262,8.67428,8.76505,8.82203,9.1457,9.1457,9.19701,9.19701,9.19701,9.42578,9.42578,9.42578,9.42578,9.42578,9.42578,9.54405,9.55868,9.55868,9.57335,9.57335,9.57335,9.57335,9.57335,9.57335,9.57335,9.57335,9.57335,9.57335,9.57335,9.57335,9.61544,9.61544,9.61544,9.61544,9.61544,9.61544,9.61544,9.61544,9.61544,9.61544,9.61544,9.65394,9.65394,9.65394,9.65394
35,7.53507,7.65872,7.66671,7.82667,7.85734,7.96976,8.09422,8.09422,8.35906,8.35906,8.35906,8.35906,8.35906,8.35906,8.35906,8.46856,8.46856,8.46856,8.46856,8.46856,8.46856,8.51521,8.57863,8.58635,8.64638,8.65262,8.65262,8.65262,8.65262,8.65262,8.67428,8.67428,8.76505,8.76505,8.76505,8.76505,8.78379,8.82203,8.82203,8.85578,8.89383,8.95944,9.03086,9.05634,9.1457,9.1457,9.1457,9.1457,9.1457,9.1457
36,7.53507,7.53507,7.53507,7.65872,7.65872,7.65872,7.65872,7.66671,7.66671,7.66671,7.68688,7.70012,7.74537,7.77914,7.82667,7.82667,7.82667,7.82667,7.85734,7.85734,7.85734,7.85734,7.85734,7.87841,7.96976,7.96976,7.96976,7.96976,8.09422,8.09422,8.09422,8.09422,8.32976,8.35906,8.35906,8.35906,8.35906,8.35906,8.35906,8.35906,8.35906,8.35906,8.35906,8.35906,8.35906,8.35906,8.35906,8.35906,8.35906,8.35906
37,7.41269,7.50949,7.50949,7.5293,7.53507,7.53507,7.53507,7.53507,7.53507,7.53507,7.53507,7.6475,7.65872,7.65872,7.65872,7.65872,7.65872,7.65872,7.65872,7.65872,7.65872,7.65872,7.65872,7.65872,7.65872,7.65872,7.65872,7.66671,7.66671,7.66671,7.66671,7.66671,7.66671,7.66671,7.66671,7.68688,7.68688,7.68688,7.68688,7.68688,7.70012,7.70012,7.70012,7.70012,7.72119,7.73814,7.74537,7.74537,7.74537,7.74537
38,6.99811,7.25635,7.39766,7.39766,7.41269,7.41269,7.41269,7.41269,7.50949,7.50949,7.50949,7.50949,7.5293,7.5293,7.5293,7.5293,7.5293,7.5293,7.5293,7.53507,7.53507,7.53507,7.53507,7.53507,7.53507,7.53507,7.53507,7.53507,7.53507,7.53507,7.53507,7.53507,7.53507,7.53507,7.53507,7.53507,7.53507,7.53507,7.53507,7.53507,7.53507,7.53507,7.53507,7.53507,7.6475,7.6475,7.6475,7.6475,7.6475,7.6475
39,6.99811,6.99811,6.99811,6.99811,6.99811,6.99811,7.34105,7.37785,7.39288,7.39766,7.39766,7.39766,7.39766,7.39766,7.39766,7.39766,7.41269,7.41269,7.41269,7.41269,7.41269,7.41269,7.41269,7.41269,7.41269,7.41269,7.49648,7.50949,7.50949,7.50949,7.50949,7.50949,7.50949,7.50949,7.50949,7.50949,7.50949,7.50949,7.50949,7.5293,7.5293,7.5293,7.5293,7.5293,7.5293,7.5293,7.5293,7.5293,7.5293,7.5293
40,6.70629,6.99811,6.99811,6.99811,6.99811,6.99811,6.99811,6.99811,6.99811,6.99811,6.99811,6.99811,6.99811,6.99811,6.99811,6.99811,6.99811,6.99811,7.17137,7.18471,7.3113,7.34105,7.34105,7.34105,7.34105,7.37785,7.37785,7.37785,7.37785,7.39288,7.39288,7.39766,7.39766,7.39766,7.39766,7.39766,7.39766,7.39766,7.39766,7.39766,7.39766,7.39766,7.39766,7.39766,7.39766,7.39766,7.39766,7.39766,7.39766,7.41269
41,6.28487,6.7261,6.9783,6.99811,6.99811,6.99811,6.99811,6.99811,6.99811,6.99811,6.99811,6.99811,6.99811,6.99811,6.99811,6.99811,6.99811,6.99811,6.99811,6.99811,6.99811,6.99811,6.99811,6.99811,6.99811,6.99811,6.99811,6.99811,6.99811,6.99811,6.99811,6.99811,6.99811,6.99811,6.99811,6.99811,6.99811,6.99811,6.99811,6.99811,6.99811,6.99811,6.99811,6.99811,6.99811,6.99811,6.99811,6.99811,6.99811,6.99811
42,6.28487,6.56315,6.7261,6.7261,6.7261,6.9783,6.9783,6.9783,6.9783,6.9783,6.99811,6.99811,6.99811,6.99811,6.99811,6.99811,6.99811,6.99811,6.99811,6.99811,6.99811,6.99811,6.99811,6.99811,6.99811,6.99811,6.99811,6.99811,6.99811,6.99811,6.99811,6.99811,6.99811,6.99811,6.99811,6.99811,6.99811,6.99811,6.99811,6.99811,6.99811,6.99811,6.99811,6.99811,6.99811,6.99811,6.99811,6.99811,6.99811,6.99811
43,6.07345,6.28487,6.28487,6.30468,6.54334,6.56315,6.56315,6.56315,6.70629,6.7261,6.7261,6.7261,6.7261,6.7261,6.7261,6.7261,6.74388,6.97683,6.9783,6.9783,6.9783,6.9783,6.9783,6.9783,6.9783,6.9783,6.9783,6.9783,6.9783,6.9783,6.99811,6.99811,6.99811,6.99811,6.99811,6.99811,6.99811,6.99811,6.99811,6.99811,6.99811,6.99811,6.99811,6.99811,6.99811,6.99811,6.99811,6.99811,6.99811,6.99811
44,6.07345,6.1529,6.28487,6.28487,6.28487,6.28487,6.28487,6.28487,6.28487,6.28487,6.30468,6.30468,6.30468,6.30468,6.30468,6.35726,6.46752,6.54334,6.54334,6.54334,6.54334,6.54334,6.56174,6.56315,6.56315,6.56315,6.56315,6.56315,6.56315,6.56315,6.56315,6.56315,6.56315,6.70629,6.70629,6.70629,6.70629,6.70629,6.7261,6.7261,6.7261,6.7261,6.7261,6.7261,6.7261,6.7261,6.7261,6.7261,6.7261,6.7261
45,5.52814,5.89442,6.07345,6.07345,6.1529,6.1529,6.1529,6.26358,6.28345,6.28487,6.28487,6.28487,6.28487,6.28487,6.28487,6.28487,6.28487,6.28487,6.28487,6.28487,6.28487,6.28487,6.28487,6.28487,6.28487,6.28487,6.28487,6.28487,6.28487,6.28487,6.28487,6.28487,6.28487,6.28487,6.29251,6.30468,6.30468,6.30468,6.30468,6.30468,6.30468,6.30468,6.30468,6.30468,6.30468,6.30468,6.30468,6.30468,6.30468,6.30468
46,5.47714,5.52814,5.52814,5.52814,5.52814,5.52814,5.52814,5.893,5.89442,5.89442,5.89442,5.89442,5.89442,6.12579,6.1529,6.1529,6.1529,6.1529,6.1529,6.1529,6.1529,6.1529,6.1529,6.1529,6.1529,6.26217,6.26358,6.26358,6.26358,6.26358,6.26358,6.26358,6.26358,6.28345,6.28345,6.28345,6.28345,6.28487,6.28487,6.28487,6.28487,6.28487,6.28487,6.28487,6.28487,6.28487,6.28487,6.28487,6.28487,6.28487
47,5.01373,5.47714,5.47714,5.47714,5.47714,5.47714,5.51018,5.52814,5.52814,5.52814,5.52814,5.52814,5.52814,5.52814,5.52814,5.52814,5.52814,5.52814,5.52814,5.52814,5.52814,5.52814,5.52814,5.52814,5.52814,5.52814,5.57465,5.78939,5.78939,5.893,5.893,5.893,5.89442,5.89442,5.89442,5.89442,5.89442,5.89442,5.89442,5.89442,5.89442,5.89442,5.89442,5.89442,5.89442,5.89442,5.89442,5.89442,5.89442,5.96514
48,5.01373,5.18792,5.47714,5.47714,5.47714,5.47714,5.47714,5.47714,5.47714,5.47714,5.47714,5.47714,5.47714,5.47714,5.51018,5.51018,5.51018,5.52147,5.52814,5.52814,5.52814,5.52814,5.52814,5.52814,5.52814,5.52814,5.52814,5.52814,5.52814,5.52814,5.52814,5.52814,5.52814,5.52814,5.52814,5.52814,5.52814,5.52814,5.52814,5.52814,5.52814,5.52814,5.52814,5.52814,5.52814,5.52814,5.52814,5.52814,5.52814,5.52814
49,4.63329,5.18792,5.18792,5.18792,5.2421,5.47714,5.47714,5.47714,5.47714,5.47714,5.47714,5.47714,5.47714,5.47714,5.47714,5.47714,5.47714,5.47714,5.47714,5.47714,5.47714,5.47714,5.47714,5.47714,5.47714,5.47714,5.47714,5.47714,5.47714,5.47714,5.47714,5.47714,5.47714,5.47714,5.47714,5.47714,5.47714,5.47714,5.47714,5.47714,5.47714,5.47714,5.47714,5.47714,5.47714,5.47714,5.47714,5.51018,5.51018,5.51018
50,4.29306,4.58229,4.63329,5.18792,5.18792,5.18792,5.18792,5.18792,5.18792,5.18792,5.18792,5.18792,5.18792,5.18792,5.18792,5.18792,5.18792,5.18792,5.18901,5.2421,5.2421,5.39994,5.47714,5.47714,5.47714,5.47714,5.47714,5.47714,5.47714,5.47714,5.47714,5.47714,5.47714,5.47714,5.47714,5.47714,5.47714,5.47714,5.47714,5.47714,5.47714,5.47714,5.47714,5.47714,5.47714,5.47714,5.47714,5.47714,5.47714,5.47714
51,4.29306,4.29306,4.29306,4.29306,4.29306,4.58229,4.58229,4.58229,4.63329,4.63329,4.94572,5.18792,5.18792,5.18792,5.18792,5.18792,5.18792,5.18792,5.18792,5.18792,5.18792,5.18792,5.18792,5.18792,5.18792,5.18792,5.18792,5.18792,5.18792,5.18792,5.18792,5.18792,5.18792,5.18792,5.18792,5.18792,5.18792,5.18792,5.18792,5.18792,5.18792,5.18792,5.18792,5.18792,5.18792,5.18792,5.18792,5.18792,5.18792,5.18792
52,4.29306,4.29306,4.29306,4.29306,4.29306,4.29306,4.29306,4.29306,4.29306,4.29306,4.29306,4.29306,4.29306,4.29306,4.29306,4.29306,4.29306,4.29306,4.29306,4.29306,4.58229,4.58229,4.58229,4.58229,4.58229,4.58229,4.58229,4.58229,4.58229,4.58229,4.58229,4.63329,4.63329,4.63329,4.63329,4.63329,4.63329,4.80878,4.94572,5.00938,5.09879,5.13581,5.14437,5.18792,5.18792,5.18792,5.18792,5.18792,5.18792,5.18792
53,4.29306,4.29306,4.29306,4.29306,4.29306,4.29306,4.29306,4.29306,4.29306,4.29306,4.29306,4.29306,4.29306,4.29306,4.29306,4.29306,4.29306,4.29306,4.29306,4.29306,4.29306,4.29306,4.29306,4.29306,4.29306,4.29306,4.29306,4.29306,4.29306,4.29306,4.29306,4.29306,4.29306,4.29306,4.29306,4.29306,4.29306,4.29306,4.29306,4.29306,4.29306,4.29306,4.29306,4.29306,4.29306,4.29306,4.29306,4.29306,4.29306,4.29306
54,4.29306,4.29306,4.29306,4.29306,4.29306,4.29306,4.29306,4.29306,4.29306,4.29306,4.29306,4.29306,4.29306,4.29306,4.29306,4.29306,4.29306,4.29306,4.29306,4.29306,4.29306,4.29306,4.29306,4.29306,4.29306,4.29306,4.29306,4.29306,4.29306,4.29306,4.29306,4.29306,4.29306,4.29306,4.29306,4.29306,4.29306,4.29306,4.29306,4.29306,4.29306,4.29306,4.29306,4.29306,4.29306,4.29306,4.29306,4.29306,4.29306,4.29306
55,4.29306,4.29306,4.29306,4.29306,4.29306,4.29306,4.29306,4.29306,4.29306,4.29306,4.29306,4.29306,4.29306,4.29306,4.29306,4.29306,4.29306,4.29306,4.29306,4.29306,4.29306,4.29306,4.29306,4.29306,4.29306,4.29306,4.29306,4.29306,4.29306,4.29306,4.29306,4.29306,4.29306,4.29306,4.29306,4.29306,4.29306,4.29306,4.29306,4.29306,4.29306,4.29306,4.29306,4.29306,4.29306,4.29306,4.29306,4.29306,4.29306,4.29306
56,4.21586,4.29165,4.29306,4.29306,4.29306,4.29306,4.29306,4.29306,4.29306,4.29306,4.29306,4.29306,4.29306,4.29306,4.29306,4.29306,4.29306,4.29306,4.29306,4.29306,4.29306,4.29306,4.29306,4.29306,4.29306,4.29306,4.29306,4.29306,4.29306,4.29306,4.29306,4.29306,4.29306,4.29306,4.29306,4.29306,4.29306,4.29306,4.29306,4.29306,4.29306,4.29306,4.29306,4.29306,4.29306,4.29306,4.29306,4.29306,4.29306,4.29306
57,4.29165,4.29165,4.29165,4.29306,4.29306,4.29306,4.29306,4.29306,4.29306,4.29306,4.29306,4.29306,4.29306,4.29306,4.29306,4.29306,4.29306,4.29306,4.29306,4.29306,4.29306,4.29306,4.29306,4.29306,4.29306,4.29306,4.29306,4.29306,4.29306,4.29306,4.29306,4.29306,4.29306,4.29306,4.29306,4.29306,4.29306,4.29306,4.29306,4.29306,4.29306,4.29306,4.29306,4.29306,4.29306,4.29306,4.29306,4.29306,4.29306,4.29306
58,4.29165,4.29165,4.29165,4.29165,4.29165,4.29165,4.29165,4.29165,4.29306,4.29306,4.29306,4.29306,4.29306,4.29306,4.29306,4.29306,4.29306,4.29306,4.29306,4.29306,4.29306,4.29306,4.29306,4.29306,4.29306,4.29306,4.29306,4.29306,4.29306,4.29306,4.29306,4.29306,4.29306,4.29306,4.29306,4.29306,4.29306,4.29306,4.29306,4.29306,4.29306,4.29306,4.29306,4.29306,4.29306,4.29306,4.29306,4.29306,4.29306,4.29306
59,4.29165,4.29165,4.29165,4.29165,4.29165,4.29165,4.29165,4.29165,4.29165,4.29165,4.29165,4.29165,4.29165,4.29165,4.29165,4.29165,4.29165,4.29165,4.29165,4.29165,4.29165,4.29165,4.29165,4.29165,4.29165,4.29165,4.29165,4.29165,4.29165,4.29165,4.29165,4.29165,4.29306,4.29306,4.29306,4.29306,4.29306,4.29306,4.29306,4.29306,4.29306,4.29306,4.29306,4.29306,4.29306,4.29306,4.29306,4.29306,4.29306,4.29306
60,4.21444,4.29165,4.29165,4.29165,4.29165,4.29165,4.29165,4.29165,4.29165,4.29165,4.29165,4.29165,4.29165,4.29165,4.29165,4.29165,4.29165,4.29165,4.29165,4.29165,4.29165,4.29165,4.29165,4.29165,4.29165,4.29165,4.29165,4.29165,4.29165,4.29165,4.29165,4.29165,4.29165,4.29165,4.29165,4.29165,4.29165,4.29165,4.29165,4.29165,4.29165,4.29165,4.29165,4.29165,4.29165,4.29165,4.29165,4.29165,4.29165,4.29165
61,4.21444,4.29165,4.29165,4.29165,4.29165,4.29165,4.29165,4.29165,4.29165,4.29165,4.29165,4.29165,4.29165,4.29165,4.29165,4.29165,4.29165,4.29165,4.29165,4.29165,4.29165,4.29165,4.29165,4.29165,4.29165,4.29165,4.29165,4.29165,4.29165,4.29165,4.29165,4.29165,4.29165,4.29165,4.29165,4.29165,4.29165,4.29165,4.29165,4.29165,4.29165,4.29165,4.29165,4.29165,4.29165,4.29165,4.29165,4.29165,4.29165,4.29165
62,4.29165,4.29165,4.29165,4.29165,4.29165,4.29165,4.29165,4.29165,4.29165,4.29165,4.29165,4.29165,4.29165,4.29165,4.29165,4.29165,4.29165,4.29165,4.29165,4.29165,4.29165,4.29165,4.29165,4.29165,4.29165,4.29165,4.29165,4.29165,4.29165,4.29165,4.29165,4.29165,4.29165,4.29165,4.29165,4.29165,4.29165,4.29165,4.29165,4.29165,4.29165,4.29165,4.29165,4.29165,4.29165,4.29165,4.29165,4.29165,4.29165,4.29165
63,4.21444,4.26239,4.29165,4.29165,4.29165,4.29165,4.29165,4.29165,4.29165,4.29165,4.29165,4.29165,4.29165,4.29165,4.29165,4.29165,4.29165,4.29165,4.29165,4.29165,4.29165,4.29165,4.29165,4.29165,4.29165,4.29165,4.29165,4.29165,4.29165,4.29165,4.29165,4.29165,4.29165,4.29165,4.29165,4.29165,4.29165,4.29165,4.29165,4.29165,4.29165,4.29165,4.29165,4.29165,4.29165,4.29165,4.29165,4.29165,4.29165,4.29165
64,4.21444,4.21444,4.21444,4.21444,4.26239,4.26239,4.29165,4.29165,4.29165,4.29165,4.29165,4.29165,4.29165,4.29165,4.29165,4.29165,4.29165,4.29165,4.29165,4.29165,4.29165,4.29165,4.29165,4.29165,4.29165,4.29165,4.29165,4.29165,4.29165,4.29165,4.29165,4.29165,4.29165,4.29165,4.29165,4.29165,4.29165,4.29165,4.29165,4.29165,4.32096,4.51985,4.72847,4.79302,5.11721,5.11721,5.95303,6.17806,6.28224,7.02944
65,4.01087,4.21444,4.21444,4.21444,4.21444,4.21444,4.21444,4.21444,4.21444,4.21444,4.21444,4.26239,4.26239,4.29129,4.29165,4.29165,4.29165,4.29165,4.29165,4.29165,4.29165,4.29165,4.29165,4.29165,4.29165,4.29165,4.29165,4.29165,4.29165,4.29165,4.29165,4.29165,4.29165,4.29165,4.29165,4.29165,4.29165,4.29165,4.29165,4.29165,4.29165,4.29165,4.29165,4.29165,4.29165,4.29165,4.29165,4.29165,4.29165,4.29165
66,4.01087,4.21444,4.21444,4.21444,4.21444,4.21444,4.21444,4.21444,4.21444,4.21444,4.21444,4.21444,4.21444,4.21444,4.21444,4.21444,4.21444,4.21444,4.21444,4.21444,4.21444,4.21444,4.21444,4.21444,4.21444,4.21444,4.26239,4.26239,4.26239,4.26239,4.26239,4.26239,4.26239,4.26239,4.26239,4.26239,4.29165,4.29165,4.29165,4.29165,4.29165,4.29165,4.29165,4.29165,4.29165,4.29165,4.29388,4.34249,4.34249,4.54339
67,4.01087,4.01087,4.01087,4.21444,4.21444,4.21444,4.21444,4.21444,4.21444,4.21444,4.21444,4.21444,4.21444,4.21444,4.21444,4.21444,4.21444,4.21444,4.21444,4.21444,4.21444,4.21444,4.21444,4.21444,4.21444,4.21444,4.21444,4.21444,4.21444,4.21444,4.21444,4.21444,4.21444,4.21444,4.21444,4.21444,4.21444,4.21444,4.21444,4.21444,4.21444,4.21444,4.21444,4.21444,4.21444,4.21444,4.21444,4.21444,4.21444,4.21444
68,4.01087,4.01087,4.01087,4.01087,4.01087,4.01087,4.01087,4.01087,4.01087,4.01087,4.01087,4.01087,4.01087,4.19631,4.20938,4.21444,4.21444,4.21444,4.21444,4.21444,4.21444,4.21444,4.21444,4.21444,4.21444,4.21444,4.21444,4.21444,4.21444,4.21444,4.21444,4.21444,4.21444,4.21444,4.21444,4.21444,4.21444,4.21444,4.21444,4.21444,4.21444,4.21444,4.21444,4.21444,4.21444,4.21444,4.21444,4.21444,4.21444,4.21444
69,4.01087,4.01087,4.01087,4.01087,4.01087,4.01087,4.01087,4.01087,4.01087,4.01087,4.01087,4.01087,4.01087,4.01087,4.01087,4.01087,4.01087,4.01087,4.01087,4.01087,4.01087,4.01087,4.01087,4.01087,4.01087,4.01087,4.01087,4.01087,4.01087,4.01087,4.01087,4.01087,4.01087,4.01087,4.01087,4.01087,4.01087,4.15994,4.19124,4.19631,4.19631,4.19631,4.19631,4.20938,4.20938,4.20938,4.21444,4.21444,4.21444,4.21444
70,4.01087,4.01087,4.01087,4.01087,4.01087,4.01087,4.01087,4.01087,4.01087,4.01087,4.01087,4.01087,4.01087,4.01087,4.01087,4.01087,4.01087,4.01087,4.01087,4.01087,4.01087,4.01087,4.01087,4.01087,4.01087,4.01087,4.01087,4.01087,4.01087,4.01087,4.01087,4.01087,4.01087,4.01087,4.01087,4.01087,4.01087,4.01087,4.01087,4.01087,4.01087,4.01087,4.01087,4.01087,4.01087,4.01087,4.01087,4.01087,4.01087,4.01087
71,4.01087,4.01087,4.01087,4.01087,4.01087,4.01087,4.01087,4.01087,4.01087,4.01087,4.01087,4.01087,4.01087,4.01087,4.01087,4.01087,4.01087,4.01087,4.01087,4.01087,4.01087,4.01087,4.01087,4.01087,4.01087,4.01087,4.01087,4.01087,4.01087,4.01087,4.01087,4.01087,4.01087,4.01087,4.01087,4.01087,4.01087,4.01087,4.01087,4.01087,4.01087,4.01087,4.01087,4.01087,4.01087,4.01087,4.01087,4.01087,4.01087,4.01087
72,4.01087,4.01087,4.01087,4.01087,4.01087,4.01087,4.01087,4.01087,4.01087,4.01087,4.01087,4.01087,4.01087,4.01087,4.01087,4.01087,4.01087,4.01087,4.01087,4.01087,4.01087,4.01087,4.01087,4.01087,4.01087,4.01087,4.01087,4.01087,4.01087,4.01087,4.01087,4.01087,4.01087,4.01087,4.01087,4.01087,4.01087,4.01087,4.01087,4.01087,4.01087,4.01087,4.01087,4.01087,4.01087,4.01087,4.01087,4.01087,4.01087,4.01087
73,4.01087,4.01087,4.01087,4.01087,4.01087,4.01087,4.01087,4.01087,4.01087,4.01087,4.01087,4.01087,4.01087,4.01087,4.01087,4.01087,4.01087,4.01087,4.01087,4.01087,4.01087,4.01087,4.01087,4.01087,4.01087,4.01087,4.01087,4.01087,4.01087,4.01087,4.01087,4.01087,4.01087,4.01087,4.01087,4.01087,4.01087,4.01087,4.01087,4.01087,4.01087,4.01087,4.01087,4.01087,4.01087,4.01087,4.01087,4.01087,4.01087,4.01087
74,4.01087,4.01087,4.01087,4.01087,4.01087,4.01087,4.01087,4.01087,4.01087,4.01087,4.01087,4.01087,4.01087,4.01087,4.01087,4.01087,4.01087,4.01087,4.01087,4.01087,4.01087,4.01087,4.01087,4.01087,4.01087,4.01087,4.01087,4.01087,4.01087,4.01087,4.01087,4.01087,4.01087,4.01087,4.01087,4.01087,4.01087,4.01087,4.01087,4.01087,4.01087,4.01087,4.01087,4.01087,4.01087,4.01087,4.01087,4.01087,4.01087,4.01087
75,3.45206,4.01087,4.01087,4.01087,4.01087,4.01087,4.01087,4.01087,4.01087,4.01087,4.01087,4.01087,4.01087,4.01087,4.01087,4.01087,4.01087,4.01087,4.01087,4.01087,4.01087,4.01087,4.01087,4.01087,4.01087,4.01087,4.01087,4.01087,4.01087,4.01087,4.01087,4.01087,4.01087,4.01087,4.01087,4.01087,4.01087,4.01087,4.01087,4.01087,4.01087,4.01087,4.01087,4.01087,4.01087,4.01087,4.01087,4.01087,4.01087,4.01087
76,3.45206,3.45206,4.01087,4.01087,4.01087,4.01087,4.01087,4.01087,4.01087,4.01087,4.01087,4.01087,4.01087,4.01087,4.01087,4.01087,4.01087,4.01087,4.01087,4.01087,4.01087,4.01087,4.01087,4.01087,4.01087,4.01087,4.01087,4.01087,4.01087,4.01087,4.01087,4.01087,4.01087,4.01087,4.01087,4.01087,4.01087,4.01087,4.01087,4.01087,4.01087,4.01087,4.01087,4.01087,4.01087,4.01087,4.01087,4.01087,4.01087,4.01087
77,3.45206,3.45206,3.45206,4.01087,4.01087,4.01087,4.01087,4.01087,4.01087,4.01087,4.01087,4.01087,4.01087,4.01087,4.01087,4.01087,4.01087,4.01087,4.01087,4.01087,4.01087,4.01087,4.01087,4.01087,4.01087,4.01087,4.01087,4.01087,4.01087,4.01087,4.01087,4.01087,4.01087,4.01087,4.01087,4.01087,4.01087,4.01087,4.01087,4.01087,4.01087,4.01087,4.01087,4.01087,4.01087,4.01087,4.01087,4.01087,4.01087,4.01087
78,3.45206,3.45206,3.45206,3.45206,3.45206,3.87609,4.01087,4.01087,4.01087,4.01087,4.01087,4.01087,4.01087,4.01087,4.01087,4.01087,4.01087,4.01087,4.01087,4.01087,4.01087,4.01087,4.01087,4.01087,4.01087,4.01087,4.01087,4.01087,4.01087,4.01087,4.01087,4.01087,4.01087,4.01087,4.01087,4.01087,4.01087,4.01087,4.01087,4.01087,4.01087,4.01087,4.01087,4.01087,4.01087,4.01087,4.01087,4.01087,4.01087,4.01087
79,3.45206,3.45206,3.45206,3.45206,3.45206,3.45206,3.45206,3.45206,3.45206,3.55023,3.55023,3.87609,3.87609,4.00543,4.01087,4.01087,4.01087,4.01087,4.01087,4.01087,4.01087,4.01087,4.01087,4.01087,4.01087,4.01087,4.01087,4.01087,4.01087,4.01087,4.01087,4.01087,4.01087,4.01087,4.01087,4.01087,4.01087,4.01087,4.01087,4.01087,4.01087,4.01087,4.01087,4.01087,4.01087,4.01087,4.01087,4.01087,4.01087,4.01087
80,3.45206,3.45206,3.45206,3.45206,3.45206,3.45206,3.45206,3.45206,3.45206,3.45206,3.45206,3.45206,3.45206,3.45206,3.45206,3.45206,3.45206,3.45206,3.45206,3.55023,3.55023,3.55023,3.55023,3.87609,3.87609,3.87609,4.00543,4.00543,4.00543,4.00543,4.00543,4.01087,4.01087,4.01087,4.01087,4.01087,4.01087,4.01087,4.01087,4.01087,4.01087,4.01087,4.01087,4.01087,4.01087,4.01087,4.01087,4.01087,4.01087,4.01087
81,3.45206,3.45206,3.45206,3.45206,3.45206,3.45206,3.45206,3.45206,3.45206,3.45206,3.45206,3.45206,3.45206,3.45206,3.45206,3.45206,3.45206,3.45206,3.45206,3.45206,3.45206,3.45206,3.45206,3.45206,3.45206,3.45206,3.45206,3.45206,3.45206,3.45206,3.45206,3.45206,3.45206,3.45206,3.45206,3.45206,3.45206,3.45206,3.45206,3.45206,3.45206,3.45206,3.45206,3.45206,3.45206,3.45206,3.45206,3.45206,3.45206,3.45206
82,3.45206,3.45206,3.45206,3.45206,3.45206,3.45206,3.45206,3.45206,3.45206,3.45206,3.45206,3.45206,3.45206,3.45206,3.45206,3.45206,3.45206,3.45206,3.45206,3.45206,3.45206,3.45206,3.45206,3.45206,3.45206,3.45206,3.45206,3.45206,3.45206,3.45206,3.45206,3.45206,3.45206,3.45206,3.45206,3.45206,3.45206,3.45206,3.45206,3.45206,3.45206,3.45206,3.45206,3.45206,3.45206,3.45206,3.45206,3.45206,3.45206,3.45206
83,3.45206,3.45206,3.45206,3.45206,3.45206,3.45206,3.45206,3.45206,3.45206,3.45206,3.45206,3.45206,3.45206,3.45206,3.45206,3.45206,3.45206,3.45206,3.45206,3.45206,3.45206,3.45206,3.45206,3.45206,3.45206,3.45206,3.45206,3.45206,3.45206,3.45206,3.45206,3.45206,3.45206,3.45206,3.45206,3.45206,3.45206,3.45206,3.45206,3.45206,3.45206,3.45206,3.45206,3.45206,3.45206,3.45206,3.45206,3.45206,3.45206,3.45206
84,3.45206,3.45206,3.45206,3.45206,3.45206,3.45206,3.45206,3.45206,3.45206,3.45206,3.45206,3.45206,3.45206,3.45206,3.45206,3.45206,3.45206,3.45206,3.45206,3.45206,3.45206,3.45206,3.45206,3.45206,3.45206,3.45206,3.45206,3.45206,3.45206,3.45206,3.45206,3.45206,3.45206,3.45206,3.45206,3.45206,3.45206,3.45206,3.45206,3.45206,3.45206,3.45206,3.45206,3.45206,3.45206,3.45206,3.45206,3.45206,3.45206,3.45206
85,3.45206,3.45206,3.45206,3.45206,3.45206,3.45206,3.45206,3.45206,3.45206,3.45206,3.45206,3.45206,3.45206,3.45206,3.45206,3.45206,3.45206,3.45206,3.45206,3.45206,3.45206,3.45206,3.45206,3.45206,3.45206,3.45206,3.45206,3.45206,3.45206,3.45206,3.45206,3.45206,3.45206,3.45206,3.45206,3.45206,3.45206,3.45206,3.45206,3.45206,3.45206,3.45206,3.45206,3.45206,3.45206,3.45206,3.45206,3.45206,3.45206,3.45206
86,3.45206,3.45206,3.45206,3.45206,3.45206,3.45206,3.45206,3.45206,3.45206,3.45206,3.45206,3.45206,3.45206,3.45206,3.45206,3.45206,3.45206,3.45206,3.45206,3.45206,3.45206,3.45206,3.45206,3.45206,3.45206,3.45206,3.45206,3.45206,3.45206,3.45206,3.45206,3.45206,3.45206,3.45206,3.45206,3.45206,3.45206,3.45206,3.45206,3.45206,3.45206,3.45206,3.45206,3.45206,3.45206,3.45206,3.45206,3.45206,3.45206,3.45206
87,3.45206,3.45206,3.45206,3.45206,3.45206,3.45206,3.45206,3.45206,3.45206,3.45206,3.45206,3.45206,3.45206,3.45206,3.45206,3.45206,3.45206,3.45206,3.45206,3.45206,3.45206,3.45206,3.45206,3.45206,3.45206,3.45206,3.45206,3.45206,3.45206,3.45206,3.45206,3.45206,3.45206,3.45206,3.45206,3.45206,3.45206,3.45206,3.45206,3.45206,3.45206,3.45206,3.45206,3.45206,3.45206,3.45206,3.45206,3.45206,3.45206,3.45206
88,3.45206,3.45206,3.45206,3.45206,3.45206,3.45206,3.45206,3.45206,3.45206,3.45206,3.45206,3.45206,3.45206,3.45206,3.45206,3.45206,3.45206,3.45206,3.45206,3.45206,3.45206,3.45206,3.45206,3.45206,3.45206,3.45206,3.45206,3.45206,3.45206,3.45206,3.45206,3.45206,3.45206,3.45206,3.45206,3.45206,3.45206,3.45206,3.45206,3.45206,3.45206,3.45206,3.45206,3.45206,3.45206,3.45206,3.45206,3.45206,3.45206,3.45206
89,3.43099,3.45206,3.45206,3.45206,3.45206,3.45206,3.45206,3.45206,3.45206,3.45206,3.45206,3.45206,3.45206,3.45206,3.45206,3.45206,3.45206,3.45206,3.45206,3.45206,3.45206,3.45206,3.45206,3.45206,3.45206,3.45206,3.45206,3.45206,3.45206,3.45206,3.45206,3.45206,3.45206,3.45206,3.45206,3.45206,3.45206,3.45206,3.45206,3.45206,3.45206,3.45206,3.45206,3.45206,3.45206,3.45206,3.45206,3.45206,3.45206,3.45206
90,3.43099,3.43099,3.43099,3.43099,3.43099,3.45206,3.45206,3.45206,3.45206,3.45206,3.45206,3.45206,3.45206,3.45206,3.45206,3.45206,3.45206,3.45206,3.45206,3.45206,3.45206,3.45206,3.45206,3.45206,3.45206,3.45206,3.45206,3.45206,3.45206,3.45206,3.45206,3.45206,3.45206,3.45206,3.45206,3.45206,3.45206,3.45206,3.45206,3.45206,3.45206,3.45206,3.45206,3.45206,3.45206,3.45206,3.45206,3.45206,3.45206,3.45206
91,3.43099,3.43099,3.43099,3.43099,3.43099,3.43099,3.43099,3.45206,3.45206,3.45206,3.45206,3.45206,3.45206,3.45206,3.45206,3.45206,3.45206,3.45206,3.45206,3.45206,3.45206,3.45206,3.45206,3.45206,3.45206,3.45206,3.45206,3.45206,3.45206,3.45206,3.45206,3.45206,3.45206,3.45206,3.45206,3.45206,3.45206,3.45206,3.45206,3.45206,3.45206,3.45206,3.45206,3.45206,3.45206,3.45206,3.45206,3.45206,3.45206,3.45206
92,3.43099,3.43099,3.43099,3.43099,3.43099,3.43099,3.43099,3.43099,3.43099,3.43099,3.43099,3.45206,3.45206,3.45206,3.45206,3.45206,3.45206,3.45206,3.45206,3.45206,3.45206,3.45206,3.45206,3.45206,3.45206,3.45206,3.45206,3.45206,3.45206,3.45206,3.45206,3.45206,3.45206,3.45206,3.45206,3.45206,3.45206,3.45206,3.45206,3.45206,3.45206,3.45206,3.45206,3.45206,3.45206,3.52927,3.69654,3.75747,3.78166,3.82242
93,3.42672,3.43099,3.43099,3.43099,3.43099,3.43099,3.43099,3.43099,3.43099,3.43099,3.43099,3.43099,3.45206,3.45206,3.45206,3.45206,3.45206,3.45206,3.45206,3.45206,3.45206,3.45206,3.45206,3.45206,3.45206,3.45206,3.45206,3.45206,3.45206,3.45206,3.45206,3.45206,3.45206,3.45206,3.45206,3.45206,3.45206,3.45206,3.45206,3.45206,3.45206,3.45206,3.45206,3.45206,3.45206,3.60113,3.60764,3.70252,3.97317,4.07959
94,3.43099,3.43099,3.43099,3.43099,3.43099,3.43099,3.43099,3.43099,3.43099,3.43099,3.43099,3.43099,3.43099,3.45206,3.45206,3.45206,3.45206,3.45206,3.45206,3.45206,3.45206,3.45206,3.45206,3.45206,3.45206,3.45206,3.45206,3.45206,3.45206,3.45206,3.45206,3.45206,3.45206,3.45206,3.45206,3.45206,3.45206,3.45206,3.45206,3.45206,3.45206,3.45206,3.45206,3.60764,3.76422,3.76422,4.17236,4.21838,4.4879,4.60813
95,3.43099,3.43099,3.43099,3.43099,3.43099,3.43099,3.43099,3.43099,3.43099,3.43099,3.43099,3.43099,3.43099,3.43099,3.43099,3.43099,3.43099,3.43099,3.43099,3.43099,3.43099,3.43099,3.45206,3.45206,3.45206,3.45206,3.45206,3.45206,3.45206,3.45206,3.45206,3.45206,3.45206,3.45206,3.45206,3.45206,3.45206,3.45206,3.58005,3.58005,3.58635,3.68145,3.74315,4.24351,4.24499,4.30905,4.5365,4.56971,4.61898,4.79184
96,3.42387,3.43099,3.43099,3.43099,3.43099,3.43099,3.43099,3.43099,3.43099,3.43099,3.43099,3.43099,3.43099,3.43099,3.43099,3.43099,3.43099,3.43099,3.43099,3.43099,3.43099,3.43099,3.43099,3.43099,3.43099,3.43099,3.43099,3.43099,3.43099,3.43099,3.43099,3.43099,3.43099,3.43099,3.43099,3.43099,3.43099,3.43099,3.43099,3.43099,3.43099,3.43099,3.43099,3.43099,3.43099,3.43099,3.43099,3.43099,3.43099,3.43099
97,3.42387,3.42387,3.42387,3.42387,3.42387,3.42387,3.43099,3.43099,3.43099,3.43099,3.43099,3.43099,3.43099,3.43099,3.43099,3.43099,3.43099,3.43099,3.43099,3.43099,3.43099,3.43099,3.43099,3.43099,3.43099,3.43099,3.43099,3.43099,3.43099,3.43099,3.43099,3.43099,3.43099,3.43099,3.43099,3.43099,3.43099,3.43099,3.43099,3.43099,3.43099,3.43099,3.43099,3.43099,3.43099,3.43099,3.43099,3.43099,3.43099,3.43099
98,3.42387,3.42387,3.42387,3.42387,3.42387,3.42387,3.42387,3.43099,3.43099,3.43099,3.43099,3.43099,3.43099,3.43099,3.43099,3.43099,3.43099,3.43099,3.43099,3.43099,3.43099,3.43099,3.43099,3.43099,3.43099,3.43099,3.43099,3.43099,3.43099,3.43099,3.43099,3.43099,3.43099,3.43099,3.43099,3.43099,3.43099,3.43099,3.43099,3.43099,3.43099,3.43099,3.43099,3.43099,3.43099,3.43099,3.43099,3.43099,3.43099,3.43099
99,3.42387,3.42387,3.42387,3.42387,3.42387,3.42387,3.42387,3.43099,3.43099,3.43099,3.43099,3.43099,3.43099,3.43099,3.43099,3.43099,3.43099,3.43099,3.43099,3.43099,3.43099,3.43099,3.43099,3.43099,3.43099,3.43099,3.43099,3.43099,3.43099,3.43099,3.43099,3.43099,3.43099,3.43099,3.43099,3.43099,3.43099,3.43099,3.43099,3.43099,3.43099,3.43099,3.43099,3.43099,3.43099,3.43099,3.43099,3.43099,3.43099,3.43099
100,3.35287,3.42387,3.42387,3.42387,3.42387,3.42387,3.42387,3.42387,3.42387,3.42387,3.43099,3.43099,3.43099,3.43099,3.43099,3.43099,3.43099,3.43099,3.43099,3.43099,3.43099,3.43099,3.43099,3.43099,3.43099,3.43099,3.43099,3.43099,3.43099,3.43099,3.43099,3.43099,3.43099,3.43099,3.43099,3.43099,3.43099,3.43099,3.43099,3.43099,3.43099,3.43099,3.43099,3.43099,3.43099,3.43099,3.43099,3.43099,3.43099,3.43099
101,3.35287,3.35287,3.35287,3.35287,3.42387,3.42387,3.42387,3.42387,3.42387,3.42387,3.42387,3.42387,3.42387,3.42387,3.42387,3.42387,3.42387,3.42387,3.42387,3.42387,3.42387,3.42387,3.42387,3.42387,3.42387,3.42387,3.42387,3.42387,3.42387,3.43099,3.43099,3.43099,3.43099,3.43099,3.43099,3.43099,3.43099,3.43099,3.43099,3.43099,3.43099,3.43099,3.43099,3.43099,3.43099,3.43099,3.43099,3.43099,3.43099,3.43099
102,3.35287,3.35287,3.35287,3.35287,3.35287,3.35287,3.35287,3.35287,3.35287,3.35287,3.35287,3.35287,3.35287,3.35287,3.35287,3.35287,3.4196,3.42387,3.42387,3.42387,3.42387,3.42387,3.42387,3.42387,3.42387,3.42387,3.42387,3.42387,3.42387,3.42387,3.42387,3.42387,3.42387,3.42387,3.42387,3.42387,3.42387,3.42387,3.42387,3.42387,3.42387,3.42387,3.42387,3.42387,3.42387,3.42387,3.42387,3.42387,3.42387,3.42387
103,3.35287,3.35287,3.35287,3.35287,3.35287,3.35287,3.35287,3.35287,3.35287,3.35287,3.35287,3.35287,3.35287,3.35287,3.35287,3.35287,3.35287,3.35287,3.35287,3.35287,3.35287,3.35287,3.35287,3.35287,3.35287,3.35287,3.35287,3.35287,3.35287,3.35287,3.35287,3.35287,3.35287,3.35287,3.35287,3.35287,3.35287,3.35287,3.35287,3.35287,3.35287,3.35287,3.35287,3.35287,3.35287,3.35287,3.35287,3.35287,3.35287,3.35287
104,3.35287,3.35287,3.35287,3.35287,3.35287,3.35287,3.35287,3.35287,3.35287,3.35287,3.35287,3.35287,3.35287,3.35287,3.35287,3.35287,3.35287,3.35287,3.35287,3.35287,3.35287,3.35287,3.35287,3.35287,3.35287,3.35287,3.35287,3.35287,3.35287,3.35287,3.35287,3.35287,3.35287,3.35287,3.35287,3.35287,3.35287,3.35287,3.35287,3.35287,3.35287,3.35287,3.35287,3.35287,3.35287,3.35287,3.35287,3.35287,3.35287,3.35287
105,3.07739,3.35287,3.35287,3.35287,3.35287,3.35287,3.35287,3.35287,3.35287,3.35287,3.35287,3.35287,3.35287,3.35287,3.35287,3.35287,3.35287,3.35287,3.35287,3.35287,3.35287,3.35287,3.35287,3.35287,3.35287,3.35287,3.35287,3.35287,3.35287,3.35287,3.35287,3.35287,3.35287,3.35287,3.35287,3.35287,3.35287,3.35287,3.35287,3.35287,3.35287,3.35287,3.35287,3.35287,3.35287,3.35287,3.35287,3.35287,3.35287,3.35287
106,3.07739,3.07739,3.07739,3.35287,3.35287,3.35287,3.35287,3.35287,3.35287,3.35287,3.35287,3.35287,3.35287,3.35287,3.35287,3.35287,3.35287,3.35287,3.35287,3.35287,3.35287,3.35287,3.35287,3.35287,3.35287,3.35287,3.35287,3.35287,3.35287,3.35287,3.35287,3.35287,3.35287,3.35287,3.35287,3.35287,3.35287,3.35287,3.35287,3.35287,3.35287,3.35287,3.35287,3.35287,3.35287,3.35287,3.35287,3.35287,3.35287,3.35287
107,2.38359,3.07739,3.07739,3.07739,3.07739,3.07739,3.07739,3.21167,3.35287,3.35287,3.35287,3.35287,3.35287,3.35287,3.35287,3.35287,3.35287,3.35287,3.35287,3.35287,3.35287,3.35287,3.35287,3.35287,3.35287,3.35287,3.35287,3.35287,3.35287,3.35287,3.35287,3.35287,3.35287,3.35287,3.35287,3.35287,3.35287,3.35287,3.35287,3.35287,3.35287,3.35287,3.35287,3.35287,3.35287,3.35287,3.35287,3.35287,3.35287,3.35287
108,2.38359,2.38359,2.38359,2.53917,2.57126,2.57126,3.07739,3.07739,3.07739,3.07739,3.07739,3.07739,3.07739,3.07739,3.07739,3.07739,3.07739,3.07739,3.07739,3.07739,3.07739,3.07739,3.21167,3.21167,3.35287,3.35287,3.35287,3.35287,3.35287,3.35287,3.35287,3.35287,3.35287,3.35287,3.35287,3.35287,3.35287,3.35287,3.35287,3.35287,3.35287,3.35287,3.35287,3.35287,3.35287,3.35287,3.35287,3.35287,3.35287,3.35287
109,2.38359,2.38359,2.38359,2.38359,2.38359,2.38359,2.57126,2.57126,2.57126,2.57126,2.57126,2.57126,2.57126,3.07739,3.07739,3.07739,3.07739,3.07739,3.07739,3.07739,3.07739,3.07739,3.07739,3.07739,3.07739,3.07739,3.07739,3.07739,3.07739,3.07739,3.07739,3.07739,3.07739,3.07739,3.07739,3.07739,3.07739,3.07739,3.07739,3.07739,3.07739,3.07739,3.07739,3.07739,3.07739,3.07739,3.07739,3.07739,3.07739,3.07739
110,2.38359,2.38359,2.38359,2.38359,2.38359,2.38359,2.38359,2.38359,2.38359,2.38359,2.57126,2.57126,2.57126,2.57126,2.57126,2.57126,2.57126,2.57126,2.57126,2.57126,2.57126,2.57126,2.57126,2.57126,2.57126,2.57126,2.57126,2.57126,2.57126,2.57126,2.57126,2.57126,2.57126,2.57126,2.57126,2.57604,3.07739,3.07739,3.07739,3.07739,3.07739,3.07739,3.07739,3.07739,3.07739,3.07739,3.07739,3.07739,3.07739,3.07739
111,2.38359,2.38359,2.38359,2.38359,2.38359,2.38359,2.38359,2.38359,2.38359,2.38359,2.38359,2.38359,2.38359,2.38359,2.38359,2.38359,2.38359,2.38359,2.38359,2.38359,2.38359,2.38359,2.38359,2.57126,2.57126,2.57126,2.57126,2.57126,2.57126,2.57126,2.57126,2.57126,2.57126,2.57126,2.57126,2.57126,2.57126,2.57126,2.57126,2.57126,2.57126,2.57126,2.57126,2.57126,2.57126,2.57126,2.57126,2.57126,2.57126,2.57126
112,2.38359,2.38359,2.38359,2.38359,2.38359,2.38359,2.38359,2.38359,2.38359,2.38359,2.38359,2.38359,2.38359,2.38359,2.38359,2.38359,2.38359,2.38359,2.38359,2.38359,2.38359,2.38359,2.38359,2.38359,2.38359,2.38359,2.38359,2.38359,2.38359,2.38359,2.38359,2.38359,2.38359,2.38359,2.38359,2.38359,2.38359,2.38359,2.38359,2.38359,2.38359,2.38359,2.38359,2.38359,2.38359,2.38359,2.38359,2.38359,2.38359,2.43153
113,2.38359,2.38359,2.38359,2.38359,2.38359,2.38359,2.38359,2.38359,2.38359,2.38359,2.38359,2.38359,2.38359,2.38359,2.38359,2.38359,2.38359,2.38359,2.38359,2.38359,2.38359,2.38359,2.38359,2.38359,2.38359,2.38359,2.38359,2.38359,2.38359,2.38359,2.38359,2.38359,2.38359,2.38359,2.38359,2.38359,2.38359,2.38359,2.38359,2.38359,2.38359,2.38359,2.38359,2.38359,2.38359,2.38359,2.38359,2.38359,2.38359,2.38359
114,2.38359,2.38359,2.38359,2.38359,2.38359,2.38359,2.38359,2.38359,2.38359,2.38359,2.38359,2.38359,2.38359,2.38359,2.38359,2.38359,2.38359,2.38359,2.38359,2.38359,2.38359,2.38359,2.38359,2.38359,2.38359,2.38359,2.38359,2.38359,2.38359,2.38359,2.38359,2.38359,2.38359,2.38359,2.38359,2.38359,2.38359,2.38359,2.38359,2.38359,2.38359,2.38359,2.38359,2.38359,2.38359,2.38359,2.38359,2.38359,2.38359,2.38359
115,2.38359,2.38359,2.38359,2.38359,2.38359,2.38359,2.38359,2.38359,2.38359,2.38359,2.38359,2.38359,2.38359,2.38359,2.38359,2.38359,2.38359,2.38359,2.38359,2.38359,2.38359,2.38359,2.38359,2.38359,2.38359,2.38359,2.38359,2.38359,2.38359,2.38359,2.38359,2.38359,2.38359,2.38359,2.38359,2.38359,2.38359,2.38359,2.38359,2.38359,2.38359,2.38359,2.38359,2.38359,2.38359,2.38359,2.38359,2.38359,2.38359,2.38359
116,2.38359,2.38359,2.38359,2.38359,2.38359,2.38359,2.38359,2.38359,2.38359,2.38359,2.38359,2.38359,2.38359,2.38359,2.38359,2.38359,2.38359,2.38359,2.38359,2.38359,2.38359,2.38359,2.38359,2.38359,2.38359,2.38359,2.38359,2.38359,2.38359,2.38359,2.38359,2.38359,2.38359,2.38359,2.38359,2.38359,2.38359,2.38359,2.38359,2.38359,2.38359,2.38359,2.38359,2.38359,2.38359,2.38359,2.38359,2.38359,2.38359,2.38359
117,2.38359,2.38359,2.38359,2.38359,2.38359,2.38359,2.38359,2.38359,2.38359,2.38359,2.38359,2.38359,2.38359,2.38359,2.38359,2.38359,2.38359,2.38359,2.38359,2.38359,2.38359,2.38359,2.38359,2.38359,2.38359,2.38359,2.38359,2.38359,2.38359,2.38359,2.38359,2.38359,2.38359,2.38359,2.38359,2.38359,2.38359,2.38359,2.38359,2.38359,2.38359,2.38359,2.38359,2.38359,2.38359,2.38359,2.38359,2.38359,2.38359,2.38359
118,2.38359,2.38359,2.38359,2.38359,2.38359,2.38359,2.38359,2.38359,2.38359,2.38359,2.38359,2.38359,2.38359,2.38359,2.38359,2.38359,2.38359,2.38359,2.38359,2.38359,2.38359,2.38359,2.38359,2.38359,2.38359,2.38359,2.38359,2.38359,2.38359,2.38359,2.38359,2.38359,2.38359,2.38359,2.38359,2.38359,2.38359,2.38359,2.38359,2.38359,2.38359,2.38359,2.38359,2.38359,2.38359,2.38359,2.38359,2.38359,2.38359,2.38359
119,2.38359,2.38359,2.38359,2.38359,2.38359,2.38359,2.38359,2.38359,2.38359,2.38359,2.38359,2.38359,2.38359,2.38359,2.38359,2.38359,2.38359,2.38359,2.38359,2.38359,2.38359,2.38359,2.38359,2.38359,2.38359,2.38359,2.38359,2.38359,2.38359,2.38359,2.38359,2.38359,2.38359,2.38359,2.38359,2.38359,2.38359,2.38359,2.38359,2.38359,2.38359,2.38359,2.38359,2.38359,2.38359,2.38359,2.38359,2.38359,2.38359,2.38359
120,2.38359,2.38359,2.38359,2.38359,2.38359,2.38359,2.38359,2.38359,2.38359,2.38359,2.38359,2.38359,2.38359,2.38359,2.38359,2.38359,2.38359,2.38359,2.38359,2.38359,2.38359,2.38359,2.38359,2.38359,2.38359,2.38359,2.38359,2.38359,2.38359,2.38359,2.38359,2.38359,2.38359,2.38359,2.38359,2.38359,2.38359,2.38359,2.38359,2.38359,2.38359,2.38359,2.38359,2.38359,2.38359,2.38359,2.38359,2.38359,2.38359,2.38359
121,2.38359,2.38359,2.38359,2.38359,2.38359,2.38359,2.38359,2.38359,2.38359,2.38359,2.38359,2.38359,2.38359,2.38359,2.38359,2.38359,2.38359,2.38359,2.38359,2.38359,2.38359,2.38359,2.38359,2.38359,2.38359,2.38359,2.38359,2.38359,2.38359,2.38359,2.38359,2.38359,2.38359,2.38359,2.38359,2.38359,2.38359,2.38359,2.38359,2.38359,2.38359,2.38359,2.38359,2.38359,2.38359,2.38359,2.38359,2.38359,2.38359,2.38359
122,2.38359,2.38359,2.38359,2.38359,2.38359,2.38359,2.38359,2.38359,2.38359,2.38359,2.38359,2.38359,2.38359,2.38359,2.38359,2.38359,2.38359,2.38359,2.38359,2.38359,2.38359,2.38359,2.38359,2.38359,2.38359,2.38359,2.38359,2.38359,2.38359,2.38359,2.38359,2.38359,2.38359,2.38359,2.38359,2.38359,2.38359,2.38359,2.38359,2.38359,2.38359,2.38359,2.38359,2.38359,2.38359,2.38359,2.38359,2.38359,2.38359,2.38359
123,2.38359,2.38359,2.38359,2.38359,2.38359,2.38359,2.38359,2.38359,2.38359,2.38359,2.38359,2.38359,2.38359,2.38359,2.38359,2.38359,2.38359,2.38359,2.38359,2.38359,2.38359,2.38359,2.38359,2.38359,2.38359,2.38359,2.38359,2.38359,2.38359,2.38359,2.38359,2.38359,2.38359,2.38359,2.38359,2.38359,2.38359,2.38359,2.38359,2.38359,2.38359,2.38359,2.38359,2.38359,2.38359,2.38359,2.38359,2.38359,2.38359,2.38359
124,2.38359,2.38359,2.38359,2.38359,2.38359,2.38359,2.38359,2.38359,2.38359,2.38359,2.38359,2.38359,2.38359,2.38359,2.38359,2.38359,2.38359,2.38359,2.38359,2.38359,2.38359,2.38359,2.38359,2.38359,2.38359,2.38359,2.38359,2.38359,2.38359,2.38359,2.38359,2.38359,2.38359,2.38359,2.38359,2.38359,2.38359,2.38359,2.38359,2.38359,2.38359,2.38359,2.38359,2.38359,2.38359,2.38359,2.38359,2.38359,2.38359,2.38359
125,2.38359,2.38359,2.38359,2.38359,2.38359,2.38359,2.38359,2.38359,2.38359,2.38359,2.38359,2.38359,2.38359,2.38359,2.38359,2.38359,2.38359,2.38359,2.38359,2.38359,2.38359,2.38359,2.38359,2.38359,2.38359,2.38359,2.38359,2.38359,2.38359,2.38359,2.38359,2.38359,2.38359,2.38359,2.38359,2.38359,2.38359,2.38359,2.38359,2.38359,2.38359,2.38359,2.38359,2.38359,2.38359,2.38359,2.38359,2.38359,2.38359,2.38359
126,2.38359,2.38359,2.38359,2.38359,2.38359,2.38359,2.38359,2.38359,2.38359,2.38359,2.38359,2.38359,2.38359,2.38359,2.38359,2.38359,2.38359,2.38359,2.38359,2.38359,2.38359,2.38359,2.38359,2.38359,2.38359,2.38359,2.38359,2.38359,2.38359,2.38359,2.38359,2.38359,2.38359,2.38359,2.38359,2.38359,2.38359,2.38359,2.38359,2.38359,2.38359,2.38359,2.38359,2.38359,2.38359,2.38359,2.38359,2.38359,2.38359,2.38359
127,2.38359,2.38359,2.38359,2.38359,2.38359,2.38359,2.38359,2.38359,2.38359,2.38359,2.38359,2.38359,2.38359,2.38359,2.38359,2.38359,2.38359,2.38359,2.38359,2.38359,2.38359,2.38359,2.38359,2.38359,2.38359,2.38359,2.38359,2.38359,2.38359,2.38359,2.38359,2.38359,2.38359,2.38359,2.38359,2.38359,2.38359,2.38359,2.38359,2.38359,2.38359,2.38359,2.38359,2.38359,2.38359,2.38359,2.38359,2.38359,2.38359,2.38359
128,2.38359,2.38359,2.38359,2.38359,2.38359,2.38359,2.38359,2.38359,2.38359,2.38359,2.38359,2.38359,2.38359,2.38359,2.38359,2.38359,2.38359,2.38359,2.38359,2.38359,2.38359,2.38359,2.38359,2.38359,2.38359,2.38359,2.38359,2.38359,2.38359,2.38359,2.38359,2.38359,2.38359,2.38359,2.38359,2.38359,2.38359,2.38359,2.38359,2.38359,2.38359,2.38359,2.38359,2.38359,2.38359,2.38359,2.38359,2.38359,2.38359,2.38359
129,2.38359,2.38359,2.38359,2.38359,2.38359,2.38359,2.38359,2.38359,2.38359,2.38359,2.38359,2.38359,2.38359,2.38359,2.38359,2.38359,2.38359,2.38359,2.38359,2.38359,2.38359,2.38359,2.38359,2.38359,2.38359,2.38359,2.38359,2.38359,2.38359,2.38359,2.38359,2.38359,2.38359,2.38359,2.38359,2.38359,2.38359,2.38359,2.38359,2.38359,2.38359,2.38359,2.38359,2.38359,2.38359,2.38359,2.38359,2.38359,2.38359,2.38359
130,2.38359,2.38359,2.38359,2.38359,2.38359,2.38359,2.38359,2.38359,2.38359,2.38359,2.38359,2.38359,2.38359,2.38359,2.38359,2.38359,2.38359,2.38359,2.38359,2.38359,2.38359,2.38359,2.38359,2.38359,2.38359,2.38359,2.38359,2.38359,2.38359,2.38359,2.38359,2.38359,2.38359,2.38359,2.38359,2.38359,2.38359,2.38359,2.38359,2.38359,2.38359,2.38359,2.38359,2.38359,2.38359,2.38359,2.38359,2.38359,2.38359,2.38359
131,2.38359,2.38359,2.38359,2.38359,2.38359,2.38359,2.38359,2.38359,2.38359,2.38359,2.38359,2.38359,2.38359,2.38359,2.38359,2.38359,2.38359,2.38359,2.38359,2.38359,2.38359,2.38359,2.38359,2.38359,2.38359,2.38359,2.38359,2.38359,2.38359,2.38359,2.38359,2.38359,2.38359,2.38359,2.38359,2.38359,2.38359,2.38359,2.38359,2.38359,2.38359,2.38359,2.38359,2.38359,2.38359,2.38359,2.38359,2.38359,2.38359,2.38359
132,2.38359,2.38359,2.38359,2.38359,2.38359,2.38359,2.38359,2.38359,2.38359,2.38359,2.38359,2.38359,2.38359,2.38359,2.38359,2.38359,2.38359,2.38359,2.38359,2.38359,2.38359,2.38359,2.38359,2.38359,2.38359,2.38359,2.38359,2.38359,2.38359,2.38359,2.38359,2.38359,2.38359,2.38359,2.38359,2.38359,2.38359,2.38359,2.38359,2.38359,2.38359,2.38359,2.38359,2.38359,2.38359,2.38359,2.38359,2.38359,2.38359,2.38359
133,2.38359,2.38359,2.38359,2.38359,2.38359,2.38359,2.38359,2.38359,2.38359,2.38359,2.38359,2.38359,2.38359,2.38359,2.38359,2.38359,2.38359,2.38359,2.38359,2.38359,2.38359,2.38359,2.38359,2.38359,2.38359,2.38359,2.38359,2.38359,2.38359,2.38359,2.38359,2.38359,2.38359,2.38359,2.38359,2.38359,2.38359,2.38359,2.38359,2.38359,2.38359,2.38359,2.38359,2.38359,2.38359,2.38359,2.38359,2.38359,2.38359,2.38359
134,2.38359,2.38359,2.38359,2.38359,2.38359,2.38359,2.38359,2.38359,2.38359,2.38359,2.38359,2.38359,2.38359,2.38359,2.38359,2.38359,2.38359,2.38359,2.38359,2.38359,2.38359,2.38359,2.38359,2.38359,2.38359,2.38359,2.38359,2.38359,2.38359,2.38359,2.38359,2.38359,2.38359,2.38359,2.38359,2.38359,2.38359,2.38359,2.38359,2.38359,2.38359,2.38359,2.38359,2.38359,2.38359,2.38359,2.38359,2.38359,2.38359,2.38359
135,2.38359,2.38359,2.38359,2.38359,2.38359,2.38359,2.38359,2.38359,2.38359,2.38359,2.38359,2.38359,2.38359,2.38359,2.38359,2.38359,2.38359,2.38359,2.38359,2.38359,2.38359,2.38359,2.38359,2.38359,2.38359,2.38359,2.38359,2.38359,2.38359,2.38359,2.38359,2.38359,2.38359,2.38359,2.38359,2.38359,2.38359,2.38359,2.38359,2.38359,2.38359,2.38359,2.38359,2.38359,2.38359,2.38359,2.38359,2.38359,2.38359,2.38359
136,2.38359,2.38359,2.38359,2.38359,2.38359,2.38359,2.38359,2.38359,2.38359,2.38359,2.38359,2.38359,2.38359,2.38359,2.38359,2.38359,2.38359,2.38359,2.38359,2.38359,2.38359,2.38359,2.38359,2.38359,2.38359,2.38359,2.38359,2.38359,2.38359,2.38359,2.38359,2.38359,2.38359,2.38359,2.38359,2.38359,2.38359,2.38359,2.38359,2.38359,2.38359,2.38359,2.38359,2.38359,2.38359,2.38359,2.38359,2.38359,2.38359,2.38359
137,2.38359,2.38359,2.38359,2.38359,2.38359,2.38359,2.38359,2.38359,2.38359,2.38359,2.38359,2.38359,2.38359,2.38359,2.38359,2.38359,2.38359,2.38359,2.38359,2.38359,2.38359,2.38359,2.38359,2.38359,2.38359,2.38359,2.38359,2.38359,2.38359,2.38359,2.38359,2.38359,2.38359,2.38359,2.38359,2.38359,2.38359,2.38359,2.38359,2.38359,2.38359,2.38359,2.38359,2.38359,2.38359,2.38359,2.38359,2.38359,2.38359,2.38359
138,2.38359,2.38359,2.38359,2.38359,2.38359,2.38359,2.38359,2.38359,2.38359,2.38359,2.38359,2.38359,2.38359,2.38359,2.38359,2.38359,2.38359,2.38359,2.38359,2.38359,2.38359,2.38359,2.38359,2.38359,2.38359,2.38359,2.38359,2.38359,2.38359,2.38359,2.38359,2.38359,2.38359,2.38359,2.38359,2.38359,2.38359,2.38359,2.38359,2.38359,2.38359,2.38359,2.38359,2.38359,2.38359,2.38359,2.38359,2.38359,2.38359,2.38359
139,2.38359,2.38359,2.38359,2.38359,2.38359,2.38359,2.38359,2.38359,2.38359,2.38359,2.38359,2.38359,2.38359,2.38359,2.38359,2.38359,2.38359,2.38359,2.38359,2.38359,2.38359,2.38359,2.38359,2.38359,2.38359,2.38359,2.38359,2.38359,2.38359,2.38359,2.38359,2.38359,2.38359,2.38359,2.38359,2.38359,2.38359,2.38359,2.38359,2.38359,2.38359,2.38359,2.38359,2.38359,2.38359,2.38359,2.38359,2.38359,2.38359,2.38359
140,2.38359,2.38359,2.38359,2.38359,2.38359,2.38359,2.38359,2.38359,2.38359,2.38359,2.38359,2.38359,2.38359,2.38359,2.38359,2.38359,2.38359,2.38359,2.38359,2.38359,2.38359,2.38359,2.38359,2.38359,2.38359,2.38359,2.38359,2.38359,2.38359,2.38359,2.38359,2.38359,2.38359,2.38359,2.38359,2.38359,2.38359,2.38359,2.38359,2.38359,2.38359,2.38359,2.38359,2.38359,2.38359,2.38359,2.38359,2.38359,2.38359,2.38359
141,2.38359,2.38359,2.38359,2.38359,2.38359,2.38359,2.38359,2.38359,2.38359,2.38359,2.38359,2.38359,2.38359,2.38359,2.38359,2.38359,2.38359,2.38359,2.38359,2.38359,2.38359,2.38359,2.38359,2.38359,2.38359,2.38359,2.38359,2.38359,2.38359,2.38359,2.38359,2.38359,2.38359,2.38359,2.38359,2.38359,2.38359,2.38359,2.38359,2.38359,2.38359,2.38359,2.38359,2.38359,2.38359,2.38359,2.38359,2.38359,2.38359,2.38359
142,2.37246,2.38359,2.38359,2.38359,2.38359,2.38359,2.38359,2.38359,2.38359,2.38359,2.38359,2.38359,2.38359,2.38359,2.38359,2.38359,2.38359,2.38359,2.38359,2.38359,2.38359,2.38359,2.38359,2.38359,2.38359,2.38359,2.38359,2.38359,2.38359,2.38359,2.38359,2.38359,2.38359,2.38359,2.38359,2.38359,2.38359,2.38359,2.38359,2.38359,2.38359,2.38359,2.38359,2.38359,2.38359,2.38359,2.38359,2.38359,2.38359,2.38359
143,2.37246,2.37246,2.38359,2.38359,2.38359,2.38359,2.38359,2.38359,2.38359,2.38359,2.38359,2.38359,2.38359,2.38359,2.38359,2.38359,2.38359,2.38359,2.38359,2.38359,2.38359,2.38359,2.38359,2.38359,2.38359,2.38359,2.38359,2.38359,2.38359,2.38359,2.38359,2.38359,2.38359,2.38359,2.38359,2.38359,2.38359,2.38359,2.38359,2.38359,2.38359,2.38359,2.38359,2.38359,2.38359,2.38359,2.38359,2.38359,2.38359,2.38359
144,2.37246,2.37246,2.37246,2.37246,2.37246,2.37246,2.38359,2.38359,2.38359,2.38359,2.38359,2.38359,2.38359,2.38359,2.38359,2.38359,2.38359,2.38359,2.38359,2.38359,2.38359,2.38359,2.38359,2.38359,2.38359,2.38359,2.38359,2.38359,2.38359,2.38359,2.38359,2.38359,2.38359,2.38359,2.38359,2.38359,2.38359,2.38359,2.38359,2.38359,2.38359,2.38359,2.38359,2.38359,2.38359,2.38359,2.38359,2.38359,2.38359,2.38359
145,2.37246,2.37246,2.37246,2.37246,2.37246,2.37246,2.37246,2.37246,2.37246,2.37246,2.37246,2.37246,2.37246,2.37246,2.37246,2.37246,2.37246,2.38359,2.38359,2.38359,2.38359,2.38359,2.38359,2.38359,2.38359,2.38359,2.38359,2.38359,2.38359,2.38359,2.38359,2.38359,2.38359,2.38359,2.38359,2.38359,2.38359,2.38359,2.38359,2.38359,2.38359,2.38359,2.38359,2.38359,2.38359,2.38359,2.38359,2.38359,2.38359,2.38359
146,2.37246,2.37246,2.37246,2.37246,2.37246,2.37246,2.37246,2.37246,2.37246,2.37246,2.37246,2.37246,2.37246,2.37246,2.37246,2.37246,2.37246,2.37246,2.37246,2.37246,2.37246,2.37246,2.37246,2.37246,2.37246,2.37246,2.37246,2.37246,2.37246,2.37246,2.37246,2.37246,2.37246,2.37246,2.37246,2.37246,2.38359,2.38359,2.38359,2.38359,2.38359,2.38359,2.38359,2.38359,2.38359,2.38359,2.38359,2.38359,2.38359,2.38359
147,2.37246,2.37246,2.37246,2.37246,2.37246,2.37246,2.37246,2.37246,2.37246,2.37246,2.37246,2.37246,2.37246,2.37246,2.37246,2.37246,2.37246,2.37246,2.37246,2.37246,2.37246,2.37246,2.37246,2.37246,2.37246,2.37246,2.37246,2.37246,2.37246,2.37246,2.37246,2.37246,2.37246,2.37246,2.37246,2.37246,2.37246,2.37246,2.37246,2.37246,2.37246,2.37246,2.37246,2.37246,2.37246,2.37246,2.37246,2.37246,2.37246,2.37246
148,2.37246,2.37246,2.37246,2.37246,2.37246,2.37246,2.37246,2.37246,2.37246,2.37246,2.37246,2.37246,2.37246,2.37246,2.37246,2.37246,2.37246,2.37246,2.37246,2.37246,2.37246,2.37246,2.37246,2.37246,2.37246,2.37246,2.37246,2.37246,2.37246,2.37246,2.37246,2.37246,2.37246,2.37246,2.37246,2.37246,2.37246,2.37246,2.37246,2.37246,2.37246,2.37246,2.37246,2.37246,2.37246,2.37246,2.37246,2.37246,2.37246,2.37246
149,2.37246,2.37246,2.37246,2.37246,2.37246,2.37246,2.37246,2.37246,2.37246,2.37246,2.37246,2.37246,2.37246,2.37246,2.37246,2.37246,2.37246,2.37246,2.37246,2.37246,2.37246,2.37246,2.37246,2.37246,2.37246,2.37246,2.37246,2.37246,2.37246,2.37246,2.37246,2.37246,2.37246,2.37246,2.37246,2.37246,2.37246,2.37246,2.37246,2.37246,2.37246,2.37246,2.37246,2.37246,2.37246,2.37246,2.37246,2.37246,2.37246,2.37246
150,2.37246,2.37246,2.37246,2.37246,2.37246,2.37246,2.37246,2.37246,2.37246,2.37246,2.37246,2.37246,2.37246,2.37246,2.37246,2.37246,2.37246,2.37246,2.37246,2.37246,2.37246,2.37246,2.37246,2.37246,2.37246,2.37246,2.37246,2.37246,2.37246,2.37246,2.37246,2.37246,2.37246,2.37246,2.37246,2.37246,2.37246,2.37246,2.37246,2.37246,2.37246,2.37246,2.37246,2.37246,2.37246,2.37246,2.37246,2.37246,2.37246,2.37246
151,2.37246,2.37246,2.37246,2.37246,2.37246,2.37246,2.37246,2.37246,2.37246,2.37246,2.37246,2.37246,2.37246,2.37246,2.37246,2.37246,2.37246,2.37246,2.37246,2.37246,2.37246,2.37246,2.37246,2.37246,2.37246,2.37246,2.37246,2.37246,2.37246,2.37246,2.37246,2.37246,2.37246,2.37246,2.37246,2.37246,2.37246,2.37246,2.37246,2.37246,2.37246,2.37246,2.37246,2.37246,2.37246,2.37246,2.37246,2.37246,2.37246,2.37246
152,2.37246,2.37246,2.37246,2.37246,2.37246,2.37246,2.37246,2.37246,2.37246,2.37246,2.37246,2.37246,2.37246,2.37246,2.37246,2.37246,2.37246,2.37246,2.37246,2.37246,2.37246,2.37246,2.37246,2.37246,2.37246,2.37246,2.37246,2.37246,2.37246,2.37246,2.37246,2.37246,2.37246,2.37246,2.37246,2.37246,2.37246,2.37246,2.37246,2.37246,2.37246,2.37246,2.37246,2.37246,2.37246,2.37246,2.37246,2.37246,2.37246,2.37246
153,2.37246,2.37246,2.37246,2.37246,2.37246,2.37246,2.37246,2.37246,2.37246,2.37246,2.37246,2.37246,2.37246,2.37246,2.37246,2.37246,2.37246,2.37246,2.37246,2.37246,2.37246,2.37246,2.37246,2.37246,2.37246,2.37246,2.37246,2.37246,2.37246,2.37246,2.37246,2.37246,2.37246,2.37246,2.37246,2.37246,2.37246,2.37246,2.37246,2.37246,2.37246,2.37246,2.37246,2.37246,2.37246,2.37246,2.37246,2.37246,2.37246,2.37246
154,2.37246,2.37246,2.37246,2.37246,2.37246,2.37246,2.37246,2.37246,2.37246,2.37246,2.37246,2.37246,2.37246,2.37246,2.37246,2.37246,2.37246,2.37246,2.37246,2.37246,2.37246,2.37246,2.37246,2.37246,2.37246,2.37246,2.37246,2.37246,2.37246,2.37246,2.37246,2.37246,2.37246,2.37246,2.37246,2.37246,2.37246,2.37246,2.37246,2.37246,2.37246,2.37246,2.37246,2.37246,2.37246,2.37246,2.37246,2.37246,2.37246,2.37246
155,2.37246,2.37246,2.37246,2.37246,2.37246,2.37246,2.37246,2.37246,2.37246,2.37246,2.37246,2.37246,2.37246,2.37246,2.37246,2.37246,2.37246,2.37246,2.37246,2.37246,2.37246,2.37246,2.37246,2.37246,2.37246,2.37246,2.37246,2.37246,2.37246,2.37246,2.37246,2.37246,2.37246,2.37246,2.37246,2.37246,2.37246,2.37246,2.37246,2.37246,2.37246,2.37246,2.37246,2.37246,2.37246,2.37246,2.37246,2.37246,2.37246,2.37246
156,2.37246,2.37246,2.37246,2.37246,2.37246,2.37246,2.37246,2.37246,2.37246,2.37246,2.37246,2.37246,2.37246,2.37246,2.37246,2.37246,2.37246,2.37246,2.37246,2.37246,2.37246,2.37246,2.37246,2.37246,2.37246,2.37246,2.37246,2.37246,2.37246,2.37246,2.37246,2.37246,2.37246,2.37246,2.37246,2.37246,2.37246,2.37246,2.37246,2.37246,2.37246,2.37246,2.37246,2.37246,2.37246,2.37246,2.37246,2.37246,2.37246,2.37246
157,2.37246,2.37246,2.37246,2.37246,2.37246,2.37246,2.37246,2.37246,2.37246,2.37246,2.37246,2.37246,2.37246,2.37246,2.37246,2.37246,2.37246,2.37246,2.37246,2.37246,2.37246,2.37246,2.37246,2.37246,2.37246,2.37246,2.37246,2.37246,2.37246,2.37246,2.37246,2.37246,2.37246,2.37246,2.37246,2.37246,2.37246,2.37246,2.37246,2.37246,2.37246,2.37246,2.37246,2.37246,2.37246,2.37246,2.37246,2.37246,2.37246,2.37246
158,2.36416,2.37246,2.37246,2.37246,2.37246,2.37246,2.37246,2.37246,2.37246,2.37246,2.37246,2.37246,2.37246,2.37246,2.37246,2.37246,2.37246,2.37246,2.37246,2.37246,2.37246,2.37246,2.37246,2.37246,2.37246,2.37246,2.37246,2.37246,2.37246,2.37246,2.37246,2.37246,2.37246,2.37246,2.37246,2.37246,2.37246,2.37246,2.37246,2.37246,2.37246,2.37246,2.37246,2.37246,2.37246,2.37246,2.37246,2.37246,2.37246,2.37246
159,2.35445,2.36416,2.36416,2.36416,2.37246,2.37246,2.37246,2.37246,2.37246,2.37246,2.37246,2.37246,2.37246,2.37246,2.37246,2.37246,2.37246,2.37246,2.37246,2.37246,2.37246,2.37246,2.37246,2.37246,2.37246,2.37246,2.37246,2.37246,2.37246,2.37246,2.37246,2.37246,2.37246,2.37246,2.37246,2.37246,2.37246,2.37246,2.37246,2.37246,2.37246,2.37246,2.37246,2.37246,2.37246,2.37246,2.37246,2.37246,2.37246,2.37246
160,2.36416,2.36416,2.37246,2.37246,2.37246,2.37246,2.37246,2.37246,2.37246,2.37246,2.37246,2.37246,2.37246,2.37246,2.37246,2.37246,2.37246,2.37246,2.37246,2.37246,2.37246,2.37246,2.37246,2.37246,2.37246,2.37246,2.37246,2.37246,2.37246,2.37246,2.37246,2.37246,2.37246,2.37246,2.37246,2.37246,2.37246,2.37246,2.37246,2.37246,2.37246,2.37246,2.37246,2.37246,2.37246,2.37246,2.37246,2.37246,2.37246,2.37246
161,2.17393,2.36416,2.36416,2.36416,2.36416,2.36416,2.36416,2.37246,2.37246,2.37246,2.37246,2.37246,2.37246,2.37246,2.37246,2.37246,2.37246,2.37246,2.37246,2.37246,2.37246,2.37246,2.37246,2.37246,2.37246,2.37246,2.37246,2.37246,2.37246,2.37246,2.37246,2.37246,2.37246,2.37246,2.37246,2.37246,2.37246,2.37246,2.37246,2.37246,2.37246,2.37246,2.37246,2.37246,2.37246,2.37246,2.37246,2.37246,2.37246,2.37246
162,2.17393,2.17393,2.29643,2.35846,2.36416,2.36416,2.36416,2.36416,2.36416,2.36416,2.36416,2.36416,2.36416,2.36416,2.36416,2.36416,2.36416,2.36416,2.36416,2.36416,2.36416,2.36416,2.36529,2.36529,2.37246,2.37246,2.37246,2.37246,2.37246,2.37246,2.37246,2.37246,2.37246,2.37246,2.37246,2.37246,2.37246,2.37246,2.37246,2.37246,2.37246,2.37246,2.37246,2.37246,2.37246,2.37246,2.37246,2.37246,2.37246,2.37246
163,2.17393,2.17393,2.29643,2.29643,2.35846,2.35846,2.35846,2.35846,2.36416,2.36416,2.36416,2.36416,2.36416,2.36416,2.36416,2.36416,2.36416,2.36416,2.36416,2.36416,2.36416,2.36416,2.36416,2.36416,2.36416,2.36416,2.36416,2.36416,2.36416,2.36416,2.36416,2.36416,2.36416,2.36416,2.36416,2.36416,2.36416,2.36416,2.36416,2.36416,2.36529,2.36529,2.36529,2.36529,2.36529,2.36529,2.36529,2.37246,2.37246,2.37246
164,2.17393,2.29643,2.29643,2.29643,2.29643,2.29643,2.35846,2.35846,2.35846,2.35846,2.35846,2.35846,2.35846,2.35846,2.35846,2.35846,2.35846,2.35846,2.35846,2.35846,2.36416,2.36416,2.36416,2.36416,2.36416,2.36416,2.36416,2.36416,2.36416,2.36416,2.36416,2.36416,2.36416,2.36416,2.36416,2.36416,2.36416,2.36416,2.36416,2.36416,2.36416,2.36416,2.36416,2.36416,2.36416,2.36416,2.36416,2.36416,2.36416,2.36416
165,2.17393,2.17393,2.17393,2.17393,2.29643,2.29643,2.29643,2.29643,2.29643,2.29643,2.29643,2.29643,2.29643,2.29643,2.29643,2.29643,2.29643,2.35846,2.35846,2.35846,2.35846,2.35846,2.35846,2.35846,2.35846,2.35846,2.35846,2.35846,2.35846,2.35846,2.35846,2.35846,2.35846,2.35846,2.35846,2.35846,2.35846,2.35846,2.35846,2.35846,2.35846,2.35846,2.35846,2.35846,2.35846,2.35846,2.35846,2.35846,2.35846,2.36416
166,2.11444,2.17393,2.17393,2.17393,2.17393,2.17393,2.17393,2.17393,2.17393,2.29643,2.29643,2.29643,2.29643,2.29643,2.29643,2.29643,2.29643,2.29643,2.29643,2.29643,2.29643,2.29643,2.29643,2.29643,2.29643,2.29643,2.29643,2.29643,2.29643,2.29643,2.29643,2.29643,2.29643,2.29643,2.29643,2.29643,2.29643,2.29643,2.35846,2.35846,2.35846,2.35846,2.35846,2.35846,2.35846,2.35846,2.35846,2.35846,2.35846,2.35846
167,2.0979,2.11444,2.11444,2.11444,2.11444,2.11444,2.17393,2.17393,2.17393,2.17393,2.17393,2.17393,2.17393,2.17393,2.17393,2.17393,2.17393,2.17393,2.17393,2.17393,2.17393,2.29643,2.29643,2.29643,2.29643,2.29643,2.29643,2.29643,2.29643,2.29643,2.29643,2.29643,2.29643,2.29643,2.29643,2.29643,2.29643,2.29643,2.29643,2.29643,2.29643,2.29643,2.29643,2.29643,2.29643,2.29643,2.29643,2.29643,2.29643,2.29643
168,2.0979,2.11444,2.11444,2.11444,2.11444,2.11444,2.11444,2.11444,2.11444,2.11444,2.11444,2.11444,2.11444,2.11444,2.11444,2.11444,2.11444,2.17393,2.17393,2.17393,2.17393,2.17393,2.17393,2.17393,2.17393,2.17393,2.17393,2.17393,2.17393,2.17393,2.17393,2.17393,2.17393,2.17393,2.17393,2.17393,2.17393,2.17393,2.17393,2.17393,2.17393,2.17393,2.17393,2.17393,2.17393,2.17393,2.17393,2.17393,2.17393,2.17393
169,2.0979,2.0979,2.0979,2.11444,2.11444,2.11444,2.11444,2.11444,2.11444,2.11444,2.11444,2.11444,2.11444,2.11444,2.11444,2.11444,2.11444,2.11444,2.11444,2.11444,2.11444,2.11444,2.11444,2.11444,2.11444,2.11444,2.11444,2.11444,2.11444,2.11444,2.11444,2.11444,2.11444,2.11444,2.11444,2.11444,2.11444,2.11444,2.11444,2.11444,2.11444,2.11444,2.11444,2.11444,2.11444,2.11444,2.11444,2.11444,2.11444,2.11444
170,2.0979,2.0979,2.0979,2.0979,2.11444,2.11444,2.11444,2.11444,2.11444,2.11444,2.11444,2.11444,2.11444,2.11444,2.11444,2.11444,2.11444,2.11444,2.11444,2.11444,2.11444,2.11444,2.11444,2.11444,2.11444,2.11444,2.11444,2.11444,2.11444,2.11444,2.11444,2.11444,2.11444,2.11444,2.11444,2.11444,2.11444,2.11444,2.11444,2.11444,2.11444,2.11444,2.11444,2.11444,2.11444,2.11444,2.11444,2.11444,2.11444,2.11444
171,2.07598,2.0979,2.0979,2.0979,2.0979,2.0979,2.0979,2.11444,2.11444,2.11444,2.11444,2.11444,2.11444,2.11444,2.11444,2.11444,2.11444,2.11444,2.11444,2.11444,2.11444,2.11444,2.11444,2.11444,2.11444,2.11444,2.11444,2.11444,2.11444,2.11444,2.11444,2.11444,2.11444,2.11444,2.11444,2.11444,2.11444,2.11444,2.11444,2.11444,2.11444,2.11444,2.11444,2.11444,2.11444,2.11444,2.11444,2.11444,2.11444,2.11444
172,2.0979,2.0979,2.0979,2.0979,2.0979,2.0979,2.0979,2.0979,2.11444,2.11444,2.11444,2.11444,2.11444,2.11444,2.11444,2.11444,2.11444,2.11444,2.11444,2.11444,2.11444,2.11444,2.11444,2.11444,2.11444,2.11444,2.11444,2.11444,2.11444,2.11444,2.11444,2.11444,2.11444,2.11444,2.11444,2.11444,2.11444,2.11444,2.11444,2.11444,2.11444,2.11444,2.11444,2.11444,2.11444,2.11444,2.11444,2.11444,2.11444,2.11444
173,2.0979,2.0979,2.0979,2.0979,2.0979,2.0979,2.0979,2.0979,2.0979,2.0979,2.0979,2.0979,2.0979,2.11444,2.11444,2.11444,2.11444,2.11444,2.11444,2.11444,2.11444,2.11444,2.11444,2.11444,2.11444,2.11444,2.11444,2.11444,2.11444,2.11444,2.11444,2.11444,2.11444,2.11444,2.11444,2.11444,2.11444,2.11444,2.11444,2.11444,2.11444,2.11444,2.11444,2.11444,2.11444,2.11444,2.11444,2.11444,2.11444,2.11444
174,2.0979,2.0979,2.0979,2.0979,2.0979,2.0979,2.0979,2.0979,2.0979,2.0979,2.0979,2.0979,2.0979,2.0979,2.0979,2.0979,2.0979,2.0979,2.11444,2.11444,2.11444,2.11444,2.11444,2.11444,2.11444,2.11444,2.11444,2.11444,2.11444,2.11444,2.11444,2.11444,2.11444,2.11444,2.11444,2.11444,2.11444,2.11444,2.11444,2.11444,2.11444,2.11444,2.11444,2.11444,2.11444,2.11444,2.11444,2.11444,2.11444,2.13144
175,2.0979,2.0979,2.0979,2.0979,2.0979,2.0979,2.0979,2.0979,2.0979,2.0979,2.0979,2.0979,2.0979,2.0979,2.0979,2.0979,2.0979,2.0979,2.0979,2.0979,2.0979,2.0979,2.0979,2.0979,2.0979,2.0979,2.0979,2.0979,2.0979,2.0979,2.11444,2.11444,2.11444,2.11444,2.11444,2.11444,2.11444,2.11444,2.11444,2.11444,2.11444,2.11444,2.11444,2.11444,2.11444,2.11444,2.11444,2.11444,2.11444,2.11444
176,2.0979,2.0979,2.0979,2.0979,2.0979,2.0979,2.0979,2.0979,2.0979,2.0979,2.0979,2.0979,2.0979,2.0979,2.0979,2.0979,2.0979,2.0979,2.0979,2.0979,2.0979,2.0979,2.0979,2.0979,2.0979,2.0979,2.0979,2.0979,2.0979,2.0979,2.0979,2.0979,2.0979,2.0979,2.0979,2.0979,2.0979,2.0979,2.0979,2.0979,2.0979,2.0979,2.0979,2.0979,2.0979,2.0979,2.0979,2.0979,2.0979,2.0979
177,2.0979,2.0979,2.0979,2.0979,2.0979,2.0979,2.0979,2.0979,2.0979,2.0979,2.0979,2.0979,2.0979,2.0979,2.0979,2.0979,2.0979,2.0979,2.0979,2.0979,2.0979,2.0979,2.0979,2.0979,2.0979,2.0979,2.0979,2.0979,2.0979,2.0979,2.0979,2.0979,2.0979,2.0979,2.0979,2.0979,2.0979,2.0979,2.0979,2.0979,2.0979,2.0979,2.0979,2.0979,2.0979,2.0979,2.0979,2.0979,2.0979,2.0979
178,2.0979,2.0979,2.0979,2.0979,2.0979,2.0979,2.0979,2.0979,2.0979,2.0979,2.0979,2.0979,2.0979,2.0979,2.0979,2.0979,2.0979,2.0979,2.0979,2.0979,2.0979,2.0979,2.0979,2.0979,2.0979,2.0979,2.0979,2.0979,2.0979,2.0979,2.0979,2.0979,2.0979,2.0979,2.0979,2.0979,2.0979,2.0979,2.0979,2.0979,2.0979,2.0979,2.0979,2.0979,2.0979,2.0979,2.0979,2.0979,2.0979,2.0979
179,2.0979,2.0979,2.0979,2.0979,2.0979,2.0979,2.0979,2.0979,2.0979,2.0979,2.0979,2.0979,2.0979,2.0979,2.0979,2.0979,2.0979,2.0979,2.0979,2.0979,2.0979,2.0979,2.0979,2.0979,2.0979,2.0979,2.0979,2.0979,2.0979,2.0979,2.0979,2.0979,2.0979,2.0979,2.0979,2.0979,2.0979,2.0979,2.0979,2.0979,2.0979,2.0979,2.0979,2.0979,2.0979,2.0979,2.0979,2.0979,2.0979,2.0979
180,2.0979,2.0979,2.0979,2.0979,2.0979,2.0979,2.0979,2.0979,2.0979,2.0979,2.0979,2.0979,2.0979,2.0979,2.0979,2.0979,2.0979,2.0979,2.0979,2.0979,2.0979,2.0979,2.0979,2.0979,2.0979,2.0979,2.0979,2.0979,2.0979,2.0979,2.0979,2.0979,2.0979,2.0979,2.0979,2.0979,2.0979,2.0979,2.0979,2.0979,2.0979,2.0979,2.0979,2.0979,2.0979,2.0979,2.0979,2.0979,2.0979,2.0979
181,2.0979,2.0979,2.0979,2.0979,2.0979,2.0979,2.0979,2.0979,2.0979,2.0979,2.0979,2.0979,2.0979,2.0979,2.0979,2.0979,2.0979,2.0979,2.0979,2.0979,2.0979,2.0979,2.0979,2.0979,2.0979,2.0979,2.0979,2.0979,2.0979,2.0979,2.0979,2.0979,2.0979,2.0979,2.0979,2.0979,2.0979,2.0979,2.0979,2.0979,2.0979,2.0979,2.0979,2.0979,2.0979,2.0979,2.0979,2.0979,2.0979,2.0979
182,2.0979,2.0979,2.0979,2.0979,2.0979,2.0979,2.0979,2.0979,2.0979,2.0979,2.0979,2.0979,2.0979,2.0979,2.0979,2.0979,2.0979,2.0979,2.0979,2.0979,2.0979,2.0979,2.0979,2.0979,2.0979,2.0979,2.0979,2.0979,2.0979,2.0979,2.0979,2.0979,2.0979,2.0979,2.0979,2.0979,2.0979,2.0979,2.0979,2.0979,2.0979,2.0979,2.0979,2.0979,2.0979,2.0979,2.0979,2.0979,2.0979,2.0979
183,2.0979,2.0979,2.0979,2.0979,2.0979,2.0979,2.0979,2.0979,2.0979,2.0979,2.0979,2.0979,2.0979,2.0979,2.0979,2.0979,2.0979,2.0979,2.0979,2.0979,2.0979,2.0979,2.0979,2.0979,2.0979,2.0979,2.0979,2.0979,2.0979,2.0979,2.0979,2.0979,2.0979,2.0979,2.0979,2.0979,2.0979,2.0979,2.0979,2.0979,2.0979,2.0979,2.0979,2.0979,2.0979,2.0979,2.0979,2.0979,2.0979,2.0979
184,2.0979,2.0979,2.0979,2.0979,2.0979,2.0979,2.0979,2.0979,2.0979,2.0979,2.0979,2.0979,2.0979,2.0979,2.0979,2.0979,2.0979,2.0979,2.0979,2.0979,2.0979,2.0979,2.0979,2.0979,2.0979,2.0979,2.0979,2.0979,2.0979,2.0979,2.0979,2.0979,2.0979,2.0979,2.0979,2.0979,2.0979,2.0979,2.0979,2.0979,2.0979,2.0979,2.0979,2.0979,2.0979,2.0979,2.0979,2.0979,2.0979,2.0979
185,2.0979,2.0979,2.0979,2.0979,2.0979,2.0979,2.0979,2.0979,2.0979,2.0979,2.0979,2.0979,2.0979,2.0979,2.0979,2.0979,2.0979,2.0979,2.0979,2.0979,2.0979,2.0979,2.0979,2.0979,2.0979,2.0979,2.0979,2.0979,2.0979,2.0979,2.0979,2.0979,2.0979,2.0979,2.0979,2.0979,2.0979,2.0979,2.0979,2.0979,2.0979,2.0979,2.0979,2.0979,2.0979,2.0979,2.0979,2.0979,2.0979,2.0979
186,2.0979,2.0979,2.0979,2.0979,2.0979,2.0979,2.0979,2.0979,2.0979,2.0979,2.0979,2.0979,2.0979,2.0979,2.0979,2.0979,2.0979,2.0979,2.0979,2.0979,2.0979,2.0979,2.0979,2.0979,2.0979,2.0979,2.0979,2.0979,2.0979,2.0979,2.0979,2.0979,2.0979,2.0979,2.0979,2.0979,2.0979,2.0979,2.0979,2.0979,2.0979,2.0979,2.0979,2.0979,2.0979,2.0979,2.0979,2.0979,2.0979,2.0979
187,2.0979,2.0979,2.0979,2.0979,2.0979,2.0979,2.0979,2.0979,2.0979,2.0979,2.0979,2.0979,2.0979,2.0979,2.0979,2.0979,2.0979,2.0979,2.0979,2.0979,2.0979,2.0979,2.0979,2.0979,2.0979,2.0979,2.0979,2.0979,2.0979,2.0979,2.0979,2.0979,2.0979,2.0979,2.0979,2.0979,2.0979,2.0979,2.0979,2.0979,2.0979,2.0979,2.0979,2.0979,2.0979,2.0979,2.0979,2.0979,2.0979,2.0979
188,2.0979,2.0979,2.0979,2.0979,2.0979,2.0979,2.0979,2.0979,2.0979,2.0979,2.0979,2.0979,2.0979,2.0979,2.0979,2.0979,2.0979,2.0979,2.0979,2.0979,2.0979,2.0979,2.0979,2.0979,2.0979,2.0979,2.0979,2.0979,2.0979,2.0979,2.0979,2.0979,2.0979,2.0979,2.0979,2.0979,2.0979,2.0979,2.0979,2.0979,2.0979,2.0979,2.0979,2.0979,2.0979,2.0979,2.0979,2.0979,2.0979,2.0979
189,2.0979,2.0979,2.0979,2.0979,2.0979,2.0979,2.0979,2.0979,2.0979,2.0979,2.0979,2.0979,2.0979,2.0979,2.0979,2.0979,2.0979,2.0979,2.0979,2.0979,2.0979,2.0979,2.0979,2.0979,2.0979,2.0979,2.0979,2.0979,2.0979,2.0979,2.0979,2.0979,2.0979,2.0979,2.0979,2.0979,2.0979,2.0979,2.0979,2.0979,2.0979,2.0979,2.0979,2.0979,2.0979,2.0979,2.0979,2.0979,2.0979,2.0979
190,2.0979,2.0979,2.0979,2.0979,2.0979,2.0979,2.0979,2.0979,2.0979,2.0979,2.0979,2.0979,2.0979,2.0979,2.0979,2.0979,2.0979,2.0979,2.0979,2.0979,2.0979,2.0979,2.0979,2.0979,2.0979,2.0979,2.0979,2.0979,2.0979,2.0979,2.0979,2.0979,2.0979,2.0979,2.0979,2.0979,2.0979,2.0979,2.0979,2.0979,2.0979,2.0979,2.0979,2.0979,2.0979,2.0979,2.0979,2.0979,2.0979,2.0979
191,2.0979,2.0979,2.0979,2.0979,2.0979,2.0979,2.0979,2.0979,2.0979,2.0979,2.0979,2.0979,2.0979,2.0979,2.0979,2.0979,2.0979,2.0979,2.0979,2.0979,2.0979,2.0979,2.0979,2.0979,2.0979,2.0979,2.0979,2.0979,2.0979,2.0979,2.0979,2.0979,2.0979,2.0979,2.0979,2.0979,2.0979,2.0979,2.0979,2.0979,2.0979,2.0979,2.0979,2.0979,2.0979,2.0979,2.0979,2.0979,2.0979,2.0979
192,2.0979,2.0979,2.0979,2.0979,2.0979,2.0979,2.0979,2.0979,2.0979,2.0979,2.0979,2.0979,2.0979,2.0979,2.0979,2.0979,2.0979,2.0979,2.0979,2.0979,2.0979,2.0979,2.0979,2.0979,2.0979,2.0979,2.0979,2.0979,2.0979,2.0979,2.0979,2.0979,2.0979,2.0979,2.0979,2.0979,2.0979,2.0979,2.0979,2.0979,2.0979,2.0979,2.0979,2.0979,2.0979,2.0979,2.0979,2.0979,2.0979,2.0979
193,2.0979,2.0979,2.0979,2.0979,2.0979,2.0979,2.0979,2.0979,2.0979,2.0979,2.0979,2.0979,2.0979,2.0979,2.0979,2.0979,2.0979,2.0979,2.0979,2.0979,2.0979,2.0979,2.0979,2.0979,2.0979,2.0979,2.0979,2.0979,2.0979,2.0979,2.0979,2.0979,2.0979,2.0979,2.0979,2.0979,2.0979,2.0979,2.0979,2.0979,2.0979,2.0979,2.0979,2.0979,2.0979,2.0979,2.0979,2.0979,2.0979,2.0979
194,2.0979,2.0979,2.0979,2.0979,2.0979,2.0979,2.0979,2.0979,2.0979,2.0979,2.0979,2.0979,2.0979,2.0979,2.0979,2.0979,2.0979,2.0979,2.0979,2.0979,2.0979,2.0979,2.0979,2.0979,2.0979,2.0979,2.0979,2.0979,2.0979,2.0979,2.0979,2.0979,2.0979,2.0979,2.0979,2.0979,2.0979,2.0979,2.0979,2.0979,2.0979,2.0979,2.0979,2.0979,2.0979,2.0979,2.0979,2.0979,2.0979,2.0979
195,2.0979,2.0979,2.0979,2.0979,2.0979,2.0979,2.0979,2.0979,2.0979,2.0979,2.0979,2.0979,2.0979,2.0979,2.0979,2.0979,2.0979,2.0979,2.0979,2.0979,2.0979,2.0979,2.0979,2.0979,2.0979,2.0979,2.0979,2.0979,2.0979,2.0979,2.0979,2.0979,2.0979,2.0979,2.0979,2.0979,2.0979,2.0979,2.0979,2.0979,2.0979,2.0979,2.0979,2.0979,2.0979,2.0979,2.0979,2.0979,2.0979,2.0979
196,2.0979,2.0979,2.0979,2.0979,2.0979,2.0979,2.0979,2.0979,2.0979,2.0979,2.0979,2.0979,2.0979,2.0979,2.0979,2.0979,2.0979,2.0979,2.0979,2.0979,2.0979,2.0979,2.0979,2.0979,2.0979,2.0979,2.0979,2.0979,2.0979,2.0979,2.0979,2.0979,2.0979,2.0979,2.0979,2.0979,2.0979,2.0979,2.0979,2.0979,2.0979,2.0979,2.0979,2.0979,2.0979,2.0979,2.0979,2.0979,2.0979,2.0979
197,2.0979,2.0979,2.0979,2.0979,2.0979,2.0979,2.0979,2.0979,2.0979,2.0979,2.0979,2.0979,2.0979,2.0979,2.0979,2.0979,2.0979,2.0979,2.0979,2.0979,2.0979,2.0979,2.0979,2.0979,2.0979,2.0979,2.0979,2.0979,2.0979,2.0979,2.0979,2.0979,2.0979,2.0979,2.0979,2.0979,2.0979,2.0979,2.0979,2.0979,2.0979,2.0979,2.0979,2.0979,2.0979,2.0979,2.0979,2.0979,2.0979,2.0979
198,2.0979,2.0979,2.0979,2.0979,2.0979,2.0979,2.0979,2.0979,2.0979,2.0979,2.0979,2.0979,2.0979,2.0979,2.0979,2.0979,2.0979,2.0979,2.0979,2.0979,2.0979,2.0979,2.0979,2.0979,2.0979,2.0979,2.0979,2.0979,2.0979,2.0979,2.0979,2.0979,2.0979,2.0979,2.0979,2.0979,2.0979,2.0979,2.0979,2.0979,2.0979,2.0979,2.0979,2.0979,2.0979,2.0979,2.0979,2.0979,2.0979,2.0979
199,2.0979,2.0979,2.0979,2.0979,2.0979,2.0979,2.0979,2.0979,2.0979,2.0979,2.0979,2.0979,2.0979,2.0979,2.0979,2.0979,2.0979,2.0979,2.0979,2.0979,2.0979,2.0979,2.0979,2.0979,2.0979,2.0979,2.0979,2.0979,2.0979,2.0979,2.0979,2.0979,2.0979,2.0979,2.0979,2.0979,2.0979,2.0979,2.0979,2.0979,2.0979,2.0979,2.0979,2.0979,2.0979,2.0979,2.0979,2.0979,2.0979,2.0979
200,2.0979,2.0979,2.0979,2.0979,2.0979,2.0979,2.0979,2.0979,2.0979,2.0979,2.0979,2.0979,2.0979,2.0979,2.0979,2.0979,2.0979,2.0979,2.0979,2.0979,2.0979,2.0979,2.0979,2.0979,2.0979,2.0979,2.0979,2.0979,2.0979,2.0979,2.0979,2.0979,2.0979,2.0979,2.0979,2.0979,2.0979,2.0979,2.0979,2.0979,2.0979,2.0979,2.0979,2.0979,2.0979,2.0979,2.0979,2.0979,2.0979,2.0979
201,2.0979,2.0979,2.0979,2.0979,2.0979,2.0979,2.0979,2.0979,2.0979,2.0979,2.0979,2.0979,2.0979,2.0979,2.0979,2.0979,2.0979,2.0979,2.0979,2.0979,2.0979,2.0979,2.0979,2.0979,2.0979,2.0979,2.0979,2.0979,2.0979,2.0979,2.0979,2.0979,2.0979,2.0979,2.0979,2.0979,2.0979,2.0979,2.0979,2.0979,2.0979,2.0979,2.0979,2.0979,2.0979,2.0979,2.0979,2.0979,2.0979,2.0979
202,2.0979,2.0979,2.0979,2.0979,2.0979,2.0979,2.0979,2.0979,2.0979,2.0979,2.0979,2.0979,2.0979,2.0979,2.0979,2.0979,2.0979,2.0979,2.0979,2.0979,2.0979,2.0979,2.0979,2.0979,2.0979,2.0979,2.0979,2.0979,2.0979,2.0979,2.0979,2.0979,2.0979,2.0979,2.0979,2.0979,2.0979,2.0979,2.0979,2.0979,2.0979,2.0979,2.0979,2.0979,2.0979,2.0979,2.0979,2.0979,2.0979,2.0979
203,2.0979,2.0979,2.0979,2.0979,2.0979,2.0979,2.0979,2.0979,2.0979,2.0979,2.0979,2.0979,2.0979,2.0979,2.0979,2.0979,2.0979,2.0979,2.0979,2.0979,2.0979,2.0979,2.0979,2.0979,2.0979,2.0979,2.0979,2.0979,2.0979,2.0979,2.0979,2.0979,2.0979,2.0979,2.0979,2.0979,2.0979,2.0979,2.0979,2.0979,2.0979,2.0979,2.0979,2.0979,2.0979,2.0979,2.0979,2.0979,2.0979,2.0979
204,2.0979,2.0979,2.0979,2.0979,2.0979,2.0979,2.0979,2.0979,2.0979,2.0979,2.0979,2.0979,2.0979,2.0979,2.0979,2.0979,2.0979,2.0979,2.0979,2.0979,2.0979,2.0979,2.0979,2.0979,2.0979,2.0979,2.0979,2.0979,2.0979,2.0979,2.0979,2.0979,2.0979,2.0979,2.0979,2.0979,2.0979,2.0979,2.0979,2.0979,2.0979,2.0979,2.0979,2.0979,2.0979,2.0979,2.0979,2.0979,2.0979,2.0979
205,2.0979,2.0979,2.0979,2.0979,2.0979,2.0979,2.0979,2.0979,2.0979,2.0979,2.0979,2.0979,2.0979,2.0979,2.0979,2.0979,2.0979,2.0979,2.0979,2.0979,2.0979,2.0979,2.0979,2.0979,2.0979,2.0979,2.0979,2.0979,2.0979,2.0979,2.0979,2.0979,2.0979,2.0979,2.0979,2.0979,2.0979,2.0979,2.0979,2.0979,2.0979,2.0979,2.0979,2.0979,2.0979,2.0979,2.0979,2.0979,2.0979,2.0979
206,2.0979,2.0979,2.0979,2.0979,2.0979,2.0979,2.0979,2.0979,2.0979,2.0979,2.0979,2.0979,2.0979,2.0979,2.0979,2.0979,2.0979,2.0979,2.0979,2.0979,2.0979,2.0979,2.0979,2.0979,2.0979,2.0979,2.0979,2.0979,2.0979,2.0979,2.0979,2.0979,2.0979,2.0979,2.0979,2.0979,2.0979,2.0979,2.0979,2.0979,2.0979,2.0979,2.0979,2.0979,2.0979,2.0979,2.0979,2.0979,2.0979,2.0979
207,2.0979,2.0979,2.0979,2.0979,2.0979,2.0979,2.0979,2.0979,2.0979,2.0979,2.0979,2.0979,2.0979,2.0979,2.0979,2.0979,2.0979,2.0979,2.0979,2.0979,2.0979,2.0979,2.0979,2.0979,2.0979,2.0979,2.0979,2.0979,2.0979,2.0979,2.0979,2.0979,2.0979,2.0979,2.0979,2.0979,2.0979,2.0979,2.0979,2.0979,2.0979,2.0979,2.0979,2.0979,2.0979,2.0979,2.0979,2.0979,2.0979,2.0979
208,2.0979,2.0979,2.0979,2.0979,2.0979,2.0979,2.0979,2.0979,2.0979,2.0979,2.0979,2.0979,2.0979,2.0979,2.0979,2.0979,2.0979,2.0979,2.0979,2.0979,2.0979,2.0979,2.0979,2.0979,2.0979,2.0979,2.0979,2.0979,2.0979,2.0979,2.0979,2.0979,2.0979,2.0979,2.0979,2.0979,2.0979,2.0979,2.0979,2.0979,2.0979,2.0979,2.0979,2.0979,2.0979,2.0979,2.0979,2.0979,2.0979,2.0979
209,2.0979,2.0979,2.0979,2.0979,2.0979,2.0979,2.0979,2.0979,2.0979,2.0979,2.0979,2.0979,2.0979,2.0979,2.0979,2.0979,2.0979,2.0979,2.0979,2.0979,2.0979,2.0979,2.0979,2.0979,2.0979,2.0979,2.0979,2.0979,2.0979,2.0979,2.0979,2.0979,2.0979,2.0979,2.0979,2.0979,2.0979,2.0979,2.0979,2.0979,2.0979,2.0979,2.0979,2.0979,2.0979,2.0979,2.0979,2.0979,2.0979,2.0979
210,2.0979,2.0979,2.0979,2.0979,2.0979,2.0979,2.0979,2.0979,2.0979,2.0979,2.0979,2.0979,2.0979,2.0979,2.0979,2.0979,2.0979,2.0979,2.0979,2.0979,2.0979,2.0979,2.0979,2.0979,2.0979,2.0979,2.0979,2.0979,2.0979,2.0979,2.0979,2.0979,2.0979,2.0979,2.0979,2.0979,2.0979,2.0979,2.0979,2.0979,2.0979,2.0979,2.0979,2.0979,2.0979,2.0979,2.0979,2.0979,2.0979,2.0979
211,2.0979,2.0979,2.0979,2.0979,2.0979,2.0979,2.0979,2.0979,2.0979,2.0979,2.0979,2.0979,2.0979,2.0979,2.0979,2.0979,2.0979,2.0979,2.0979,2.0979,2.0979,2.0979,2.0979,2.0979,2.0979,2.0979,2.0979,2.0979,2.0979,2.0979,2.0979,2.0979,2.0979,2.0979,2.0979,2.0979,2.0979,2.0979,2.0979,2.0979,2.0979,2.0979,2.0979,2.0979,2.0979,2.0979,2.0979,2.0979,2.0979,2.0979
212,2.0979,2.0979,2.0979,2.0979,2.0979,2.0979,2.0979,2.0979,2.0979,2.0979,2.0979,2.0979,2.0979,2.0979,2.0979,2.0979,2.0979,2.0979,2.0979,2.0979,2.0979,2.0979,2.0979,2.0979,2.0979,2.0979,2.0979,2.0979,2.0979,2.0979,2.0979,2.0979,2.0979,2.0979,2.0979,2.0979,2.0979,2.0979,2.0979,2.0979,2.0979,2.0979,2.0979,2.0979,2.0979,2.0979,2.0979,2.0979,2.0979,2.0979
213,2.0979,2.0979,2.0979,2.0979,2.0979,2.0979,2.0979,2.0979,2.0979,2.0979,2.0979,2.0979,2.0979,2.0979,2.0979,2.0979,2.0979,2.0979,2.0979,2.0979,2.0979,2.0979,2.0979,2.0979,2.0979,2.0979,2.0979,2.0979,2.0979,2.0979,2.0979,2.0979,2.0979,2.0979,2.0979,2.0979,2.0979,2.0979,2.0979,2.0979,2.0979,2.0979,2.0979,2.0979,2.0979,2.0979,2.0979,2.0979,2.0979,2.0979
214,2.0979,2.0979,2.0979,2.0979,2.0979,2.0979,2.0979,2.0979,2.0979,2.0979,2.0979,2.0979,2.0979,2.0979,2.0979,2.0979,2.0979,2.0979,2.0979,2.0979,2.0979,2.0979,2.0979,2.0979,2.0979,2.0979,2.0979,2.0979,2.0979,2.0979,2.0979,2.0979,2.0979,2.0979,2.0979,2.0979,2.0979,2.0979,2.0979,2.0979,2.0979,2.0979,2.0979,2.0979,2.0979,2.0979,2.0979,2.0979,2.0979,2.0979
215,2.0979,2.0979,2.0979,2.0979,2.0979,2.0979,2.0979,2.0979,2.0979,2.0979,2.0979,2.0979,2.0979,2.0979,2.0979,2.0979,2.0979,2.0979,2.0979,2.0979,2.0979,2.0979,2.0979,2.0979,2.0979,2.0979,2.0979,2.0979,2.0979,2.0979,2.0979,2.0979,2.0979,2.0979,2.0979,2.0979,2.0979,2.0979,2.0979,2.0979,2.0979,2.0979,2.0979,2.0979,2.0979,2.0979,2.0979,2.0979,2.0979,2.0979
216,2.0979,2.0979,2.0979,2.0979,2.0979,2.0979,2.0979,2.0979,2.0979,2.0979,2.0979,2.0979,2.0979,2.0979,2.0979,2.0979,2.0979,2.0979,2.0979,2.0979,2.0979,2.0979,2.0979,2.0979,2.0979,2.0979,2.0979,2.0979,2.0979,2.0979,2.0979,2.0979,2.0979,2.0979,2.0979,2.0979,2.0979,2.0979,2.0979,2.0979,2.0979,2.0979,2.0979,2.0979,2.0979,2.0979,2.0979,2.0979,2.0979,2.0979
217,2.0979,2.0979,2.0979,2.0979,2.0979,2.0979,2.0979,2.0979,2.0979,2.0979,2.0979,2.0979,2.0979,2.0979,2.0979,2.0979,2.0979,2.0979,2.0979,2.0979,2.0979,2.0979,2.0979,2.0979,2.0979,2.0979,2.0979,2.0979,2.0979,2.0979,2.0979,2.0979,2.0979,2.0979,2.0979,2.0979,2.0979,2.0979,2.0979,2.0979,2.0979,2.0979,2.0979,2.0979,2.0979,2.0979,2.0979,2.0979,2.0979,2.0979
218,2.0979,2.0979,2.0979,2.0979,2.0979,2.0979,2.0979,2.0979,2.0979,2.0979,2.0979,2.0979,2.0979,2.0979,2.0979,2.0979,2.0979,2.0979,2.0979,2.0979,2.0979,2.0979,2.0979,2.0979,2.0979,2.0979,2.0979,2.0979,2.0979,2.0979,2.0979,2.0979,2.0979,2.0979,2.0979,2.0979,2.0979,2.0979,2.0979,2.0979,2.0979,2.0979,2.0979,2.0979,2.0979,2.0979,2.0979,2.0979,2.0979,2.0979
219,2.0979,2.0979,2.0979,2.0979,2.0979,2.0979,2.0979,2.0979,2.0979,2.0979,2.0979,2.0979,2.0979,2.0979,2.0979,2.0979,2.0979,2.0979,2.0979,2.0979,2.0979,2.0979,2.0979,2.0979,2.0979,2.0979,2.0979,2.0979,2.0979,2.0979,2.0979,2.0979,2.0979,2.0979,2.0979,2.0979,2.0979,2.0979,2.0979,2.0979,2.0979,2.0979,2.0979,2.0979,2.0979,2.0979,2.0979,2.0979,2.0979,2.0979
220,2.0979,2.0979,2.0979,2.0979,2.0979,2.0979,2.0979,2.0979,2.0979,2.0979,2.0979,2.0979,2.0979,2.0979,2.0979,2.0979,2.0979,2.0979,2.0979,2.0979,2.0979,2.0979,2.0979,2.0979,2.0979,2.0979,2.0979,2.0979,2.0979,2.0979,2.0979,2.0979,2.0979,2.0979,2.0979,2.0979,2.0979,2.0979,2.0979,2.0979,2.0979,2.0979,2.0979,2.0979,2.0979,2.0979,2.0979,2.0979,2.0979,2.0979
221,2.0979,2.0979,2.0979,2.0979,2.0979,2.0979,2.0979,2.0979,2.0979,2.0979,2.0979,2.0979,2.0979,2.0979,2.0979,2.0979,2.0979,2.0979,2.0979,2.0979,2.0979,2.0979,2.0979,2.0979,2.0979,2.0979,2.0979,2.0979,2.0979,2.0979,2.0979,2.0979,2.0979,2.0979,2.0979,2.0979,2.0979,2.0979,2.0979,2.0979,2.0979,2.0979,2.0979,2.0979,2.0979,2.0979,2.0979,2.0979,2.0979,2.0979
222,2.0979,2.0979,2.0979,2.0979,2.0979,2.0979,2.0979,2.0979,2.0979,2.0979,2.0979,2.0979,2.0979,2.0979,2.0979,2.0979,2.0979,2.0979,2.0979,2.0979,2.0979,2.0979,2.0979,2.0979,2.0979,2.0979,2.0979,2.0979,2.0979,2.0979,2.0979,2.0979,2.0979,2.0979,2.0979,2.0979,2.0979,2.0979,2.0979,2.0979,2.0979,2.0979,2.0979,2.0979,2.0979,2.0979,2.0979,2.0979,2.0979,2.0979
223,2.0979,2.0979,2.0979,2.0979,2.0979,2.0979,2.0979,2.0979,2.0979,2.0979,2.0979,2.0979,2.0979,2.0979,2.0979,2.0979,2.0979,2.0979,2.0979,2.0979,2.0979,2.0979,2.0979,2.0979,2.0979,2.0979,2.0979,2.0979,2.0979,2.0979,2.0979,2.0979,2.0979,2.0979,2.0979,2.0979,2.0979,2.0979,2.0979,2.0979,2.0979,2.0979,2.0979,2.0979,2.0979,2.0979,2.0979,2.0979,2.0979,2.0979
224,2.0979,2.0979,2.0979,2.0979,2.0979,2.0979,2.0979,2.0979,2.0979,2.0979,2.0979,2.0979,2.0979,2.0979,2.0979,2.0979,2.0979,2.0979,2.0979,2.0979,2.0979,2.0979,2.0979,2.0979,2.0979,2.0979,2.0979,2.0979,2.0979,2.0979,2.0979,2.0979,2.0979,2.0979,2.0979,2.0979,2.0979,2.0979,2.0979,2.0979,2.0979,2.0979,2.0979,2.0979,2.0979,2.0979,2.0979,2.0979,2.0979,2.0979
225,2.0979,2.0979,2.0979,2.0979,2.0979,2.0979,2.0979,2.0979,2.0979,2.0979,2.0979,2.0979,2.0979,2.0979,2.0979,2.0979,2.0979,2.0979,2.0979,2.0979,2.0979,2.0979,2.0979,2.0979,2.0979,2.0979,2.0979,2.0979,2.0979,2.0979,2.0979,2.0979,2.0979,2.0979,2.0979,2.0979,2.0979,2.0979,2.0979,2.0979,2.0979,2.0979,2.0979,2.0979,2.0979,2.0979,2.0979,2.0979,2.0979,2.0979
226,2.0979,2.0979,2.0979,2.0979,2.0979,2.0979,2.0979,2.0979,2.0979,2.0979,2.0979,2.0979,2.0979,2.0979,2.0979,2.0979,2.0979,2.0979,2.0979,2.0979,2.0979,2.0979,2.0979,2.0979,2.0979,2.0979,2.0979,2.0979,2.0979,2.0979,2.0979,2.0979,2.0979,2.0979,2.0979,2.0979,2.0979,2.0979,2.0979,2.0979,2.0979,2.0979,2.0979,2.0979,2.0979,2.0979,2.0979,2.0979,2.0979,2.0979
227,2.0979,2.0979,2.0979,2.0979,2.0979,2.0979,2.0979,2.0979,2.0979,2.0979,2.0979,2.0979,2.0979,2.0979,2.0979,2.0979,2.0979,2.0979,2.0979,2.0979,2.0979,2.0979,2.0979,2.0979,2.0979,2.0979,2.0979,2.0979,2.0979,2.0979,2.0979,2.0979,2.0979,2.0979,2.0979,2.0979,2.0979,2.0979,2.0979,2.0979,2.0979,2.0979,2.0979,2.0979,2.0979,2.0979,2.0979,2.0979,2.0979,2.0979
228,2.0979,2.0979,2.0979,2.0979,2.0979,2.0979,2.0979,2.0979,2.0979,2.0979,2.0979,2.0979,2.0979,2.0979,2.0979,2.0979,2.0979,2.0979,2.0979,2.0979,2.0979,2.0979,2.0979,2.0979,2.0979,2.0979,2.0979,2.0979,2.0979,2.0979,2.0979,2.0979,2.0979,2.0979,2.0979,2.0979,2.0979,2.0979,2.0979,2.0979,2.0979,2.0979,2.0979,2.0979,2.0979,2.0979,2.0979,2.0979,2.0979,2.0979
229,2.0979,2.0979,2.0979,2.0979,2.0979,2.0979,2.0979,2.0979,2.0979,2.0979,2.0979,2.0979,2.0979,2.0979,2.0979,2.0979,2.0979,2.0979,2.0979,2.0979,2.0979,2.0979,2.0979,2.0979,2.0979,2.0979,2.0979,2.0979,2.0979,2.0979,2.0979,2.0979,2.0979,2.0979,2.0979,2.0979,2.0979,2.0979,2.0979,2.0979,2.0979,2.0979,2.0979,2.0979,2.0979,2.0979,2.0979,2.0979,2.0979,2.0979
230,2.0979,2.0979,2.0979,2.0979,2.0979,2.0979,2.0979,2.0979,2.0979,2.0979,2.0979,2.0979,2.0979,2.0979,2.0979,2.0979,2.0979,2.0979,2.0979,2.0979,2.0979,2.0979,2.0979,2.0979,2.0979,2.0979,2.0979,2.0979,2.0979,2.0979,2.0979,2.0979,2.0979,2.0979,2.15994,2.25348,2.26578,2.40331,2.93816,3.05943,3.09452,3.14498,3.22454,3.26916,3.50565,4.41356,4.5008,4.60242,4.82008,5.05544
231,2.0979,2.0979,2.0979,2.0979,2.0979,2.0979,2.0979,2.0979,2.0979,2.0979,2.0979,2.0979,2.0979,2.0979,2.0979,2.0979,2.0979,2.0979,2.0979,2.0979,2.0979,2.0979,2.0979,2.0979,2.0979,2.0979,2.0979,2.0979,2.0979,2.0979,2.0979,2.0979,2.0979,2.0979,2.0979,2.0979,2.0979,2.0979,2.0979,2.15994,2.15994,2.15994,2.54915,2.61193,2.88529,2.93816,2.93816,3.04063,3.04156,3.05943
232,2.0979,2.0979,2.0979,2.0979,2.0979,2.0979,2.0979,2.0979,2.0979,2.0979,2.0979,2.0979,2.0979,2.0979,2.0979,2.0979,2.0979,2.0979,2.0979,2.0979,2.0979,2.0979,2.0979,2.0979,2.0979,2.0979,2.0979,2.0979,2.0979,2.0979,2.0979,2.0979,2.0979,2.0979,2.0979,2.0979,2.0979,2.0979,2.0979,2.0979,2.0979,2.0979,2.0979,2.0979,2.0979,2.0979,2.0979,2.0979,2.0979,2.0979
233,2.0979,2.0979,2.0979,2.0979,2.0979,2.0979,2.0979,2.0979,2.0979,2.0979,2.0979,2.0979,2.0979,2.0979,2.0979,2.0979,2.0979,2.0979,2.0979,2.0979,2.0979,2.0979,2.0979,2.0979,2.0979,2.0979,2.0979,2.0979,2.0979,2.0979,2.0979,2.0979,2.0979,2.0979,2.0979,2.0979,2.0979,2.0979,2.0979,2.0979,2.0979,2.0979,2.0979,2.0979,2.0979,2.0979,2.0979,2.0979,2.0979,2.0979
234,2.0979,2.0979,2.0979,2.0979,2.0979,2.0979,2.0979,2.0979,2.0979,2.0979,2.0979,2.0979,2.0979,2.0979,2.0979,2.0979,2.0979,2.0979,2.0979,2.0979,2.0979,2.0979,2.0979,2.0979,2.0979,2.0979,2.0979,2.0979,2.0979,2.0979,2.0979,2.0979,2.0979,2.0979,2.0979,2.0979,2.0979,2.0979,2.0979,2.0979,2.0979,2.0979,2.0979,2.0979,2.0979,2.0979,2.0979,2.0979,2.0979,2.0979
235,2.0979,2.0979,2.0979,2.0979,2.0979,2.0979,2.0979,2.0979,2.0979,2.0979,2.0979,2.0979,2.0979,2.0979,2.0979,2.0979,2.0979,2.0979,2.0979,2.0979,2.0979,2.0979,2.0979,2.0979,2.0979,2.0979,2.0979,2.0979,2.0979,2.0979,2.0979,2.0979,2.0979,2.0979,2.0979,2.0979,2.0979,2.0979,2.0979,2.0979,2.0979,2.0979,2.0979,2.0979,2.0979,2.0979,2.0979,2.0979,2.0979,2.0979
236,2.0979,2.0979,2.0979,2.0979,2.0979,2.0979,2.0979,2.0979,2.0979,2.0979,2.0979,2.0979,2.0979,2.0979,2.0979,2.0979,2.0979,2.0979,2.0979,2.0979,2.0979,2.0979,2.0979,2.0979,2.0979,2.0979,2.0979,2.0979,2.0979,2.0979,2.0979,2.0979,2.0979,2.0979,2.0979,2.0979,2.0979,2.0979,2.0979,2.0979,2.0979,2.0979,2.0979,2.0979,2.0979,2.0979,2.0979,2.0979,2.0979,2.0979
237,2.0979,2.0979,2.0979,2.0979,2.0979,2.0979,2.0979,2.0979,2.0979,2.0979,2.0979,2.0979,2.0979,2.0979,2.0979,2.0979,2.0979,2.0979,2.0979,2.0979,2.0979,2.0979,2.0979,2.0979,2.0979,2.0979,2.0979,2.0979,2.0979,2.0979,2.0979,2.0979,2.0979,2.0979,2.0979,2.0979,2.0979,2.0979,2.0979,2.0979,2.0979,2.0979,2.0979,2.0979,2.0979,2.0979,2.0979,2.0979,2.0979,2.0979
238,2.0979,2.0979,2.0979,2.0979,2.0979,2.0979,2.0979,2.0979,2.0979,2.0979,2.0979,2.0979,2.0979,2.0979,2.0979,2.0979,2.0979,2.0979,2.0979,2.0979,2.0979,2.0979,2.0979,2.0979,2.0979,2.0979,2.0979,2.0979,2.0979,2.0979,2.0979,2.0979,2.0979,2.0979,2.0979,2.0979,2.0979,2.0979,2.0979,2.0979,2.0979,2.0979,2.0979,2.0979,2.0979,2.0979,2.0979,2.0979,2.0979,2.0979
239,2.0979,2.0979,2.0979,2.0979,2.0979,2.0979,2.0979,2.0979,2.0979,2.0979,2.0979,2.0979,2.0979,2.0979,2.0979,2.0979,2.0979,2.0979,2.0979,2.0979,2.0979,2.0979,2.0979,2.0979,2.0979,2.0979,2.0979,2.0979,2.0979,2.0979,2.0979,2.0979,2.0979,2.0979,2.0979,2.0979,2.0979,2.0979,2.0979,2.0979,2.0979,2.0979,2.0979,2.0979,2.0979,2.0979,2.0979,2.0979,2.0979,2.0979
240,2.0979,2.0979,2.0979,2.0979,2.0979,2.0979,2.0979,2.0979,2.0979,2.0979,2.0979,2.0979,2.0979,2.0979,2.0979,2.0979,2.0979,2.0979,2.0979,2.0979,2.0979,2.0979,2.0979,2.0979,2.0979,2.0979,2.0979,2.0979,2.0979,2.0979,2.0979,2.0979,2.0979,2.0979,2.0979,2.0979,2.0979,2.0979,2.0979,2.0979,2.0979,2.0979,2.0979,2.0979,2.0979,2.0979,2.0979,2.0979,2.0979,2.0979
241,2.0979,2.0979,2.0979,2.0979,2.0979,2.0979,2.0979,2.0979,2.0979,2.0979,2.0979,2.0979,2.0979,2.0979,2.0979,2.0979,2.0979,2.0979,2.0979,2.0979,2.0979,2.0979,2.0979,2.0979,2.0979,2.0979,2.0979,2.0979,2.0979,2.0979,2.0979,2.0979,2.0979,2.0979,2.0979,2.0979,2.0979,2.0979,2.0979,2.0979,2.0979,2.0979,2.0979,2.0979,2.0979,2.0979,2.0979,2.0979,2.0979,2.0979
242,2.0979,2.0979,2.0979,2.0979,2.0979,2.0979,2.0979,2.0979,2.0979,2.0979,2.0979,2.0979,2.0979,2.0979,2.0979,2.0979,2.0979,2.0979,2.0979,2.0979,2.0979,2.0979,2.0979,2.0979,2.0979,2.0979,2.0979,2.0979,2.0979,2.0979,2.0979,2.0979,2.0979,2.0979,2.0979,2.0979,2.0979,2.0979,2.0979,2.0979,2.0979,2.0979,2.0979,2.0979,2.0979,2.0979,2.0979,2.0979,2.0979,2.0979
243,1.92008,2.0979,2.0979,2.0979,2.0979,2.0979,2.0979,2.0979,2.0979,2.0979,2.0979,2.0979,2.0979,2.0979,2.0979,2.0979,2.0979,2.0979,2.0979,2.0979,2.0979,2.0979,2.0979,2.0979,2.0979,2.0979,2.0979,2.0979,2.0979,2.0979,2.0979,2.0979,2.0979,2.0979,2.0979,2.0979,2.0979,2.0979,2.0979,2.0979,2.0979,2.0979,2.0979,2.0979,2.0979,2.0979,2.0979,2.0979,2.0979,2.0979
244,1.92008,2.0979,2.0979,2.0979,2.0979,2.0979,2.0979,2.0979,2.0979,2.0979,2.0979,2.0979,2.0979,2.0979,2.0979,2.0979,2.0979,2.0979,2.0979,2.0979,2.0979,2.0979,2.0979,2.0979,2.0979,2.0979,2.0979,2.0979,2.0979,2.0979,2.0979,2.0979,2.0979,2.0979,2.0979,2.0979,2.0979,2.0979,2.0979,2.0979,2.0979,2.0979,2.0979,2.0979,2.0979,2.0979,2.0979,2.0979,2.0979,2.0979
245,1.92008,1.92008,1.92008,2.0979,2.0979,2.0979,2.0979,2.0979,2.0979,2.0979,2.0979,2.0979,2.0979,2.0979,2.0979,2.0979,2.0979,2.0979,2.0979,2.0979,2.0979,2.0979,2.0979,2.0979,2.0979,2.0979,2.0979,2.0979,2.0979,2.0979,2.0979,2.0979,2.0979,2.0979,2.0979,2.0979,2.0979,2.0979,2.0979,2.0979,2.0979,2.0979,2.0979,2.0979,2.0979,2.0979,2.0979,2.0979,2.0979,2.0979
246,1.92008,1.92008,1.92008,1.92008,1.92008,1.92008,1.92008,2.0979,2.0979,2.0979,2.0979,2.0979,2.0979,2.0979,2.0979,2.0979,2.0979,2.0979,2.0979,2.0979,2.0979,2.0979,2.0979,2.0979,2.0979,2.0979,2.0979,2.0979,2.0979,2.0979,2.0979,2.0979,2.0979,2.0979,2.0979,2.0979,2.0979,2.0979,2.0979,2.0979,2.0979,2.0979,2.0979,2.0979,2.0979,2.0979,2.0979,2.0979,2.0979,2.0979
247,1.92008,1.92008,1.92008,1.92008,1.92008,1.92008,1.92008,1.92008,1.92008,1.92008,1.92008,2.0979,2.0979,2.0979,2.0979,2.0979,2.0979,2.0979,2.0979,2.0979,2.0979,2.0979,2.0979,2.0979,2.0979,2.0979,2.0979,2.0979,2.0979,2.0979,2.0979,2.0979,2.0979,2.0979,2.0979,2.0979,2.0979,2.0979,2.0979,2.0979,2.0979,2.0979,2.0979,2.0979,2.0979,2.0979,2.0979,2.0979,2.0979,2.0979
248,1.92008,1.92008,1.92008,1.92008,1.92008,1.92008,1.92008,1.92008,1.92008,1.92008,1.92008,1.92008,1.92008,1.92008,1.92008,1.92008,1.92008,1.92008,1.92008,2.00694,2.06915,2.0979,2.0979,2.0979,2.0979,2.0979,2.0979,2.0979,2.0979,2.0979,2.0979,2.0979,2.0979,2.0979,2.0979,2.0979,2.0979,2.0979,2.0979,2.0979,2.0979,2.0979,2.0979,2.0979,2.0979,2.0979,2.0979,2.0979,2.0979,2.0979
249,1.92008,1.92008,1.92008,1.92008,1.92008,1.92008,1.92008,1.92008,1.92008,1.92008,1.92008,1.92008,1.92008,1.92008,1.92008,1.92008,1.92008,1.92008,1.92008,1.92008,1.92008,1.92008,1.92008,2.00694,2.00694,2.0979,2.0979,2.0979,2.0979,2.0979,2.0979,2.0979,2.0979,2.0979,2.0979,2.0979,2.0979,2.0979,2.0979,2.0979,2.0979,2.0979,2.0979,2.0979,2.0979,2.0979,2.0979,2.0979,2.0979,2.0979
250,1.92008,1.92008,1.92008,1.92008,1.92008,1.92008,1.92008,1.92008,1.92008,1.92008,1.92008,1.92008,1.92008,1.92008,1.92008,1.92008,1.92008,1.92008,1.92008,1.92008,1.92008,1.92008,1.92008,1.92008,1.92008,1.92008,1.92008,1.92008,1.92008,1.92008,1.92008,1.92008,1.92008,1.92008,1.92008,1.92008,1.92008,1.92008,1.92008,1.9855,2.00694,2.00694,2.00694,2.06915,2.0979,2.0979,2.0979,2.0979,2.0979,2.0979
251,1.92008,1.92008,1.92008,1.92008,1.92008,1.92008,1.92008,1.92008,1.92008,1.92008,1.92008,1.92008,1.92008,1.92008,1.92008,1.92008,1.92008,1.92008,1.92008,1.92008,1.92008,1.92008,1.92008,1.92008,1.92008,1.92008,1.92008,1.92008,1.92008,1.92008,1.92008,1.92008,1.92008,1.92008,1.92008,1.92008,1.92008,1.92008,1.92008,1.92008,1.92008,1.92008,1.92008,1.92008,1.92008,1.92008,1.92008,1.92008,1.92008,1.92008
252,1.92008,1.92008,1.92008,1.92008,1.92008,1.92008,1.92008,1.92008,1.92008,1.92008,1.92008,1.92008,1.92008,1.92008,1.92008,1.92008,1.92008,1.92008,1.92008,1.92008,1.92008,1.92008,1.92008,1.92008,1.92008,1.92008,1.92008,1.92008,1.92008,1.92008,1.92008,1.92008,1.92008,1.92008,1.92008,1.92008,1.92008,1.92008,1.92008,1.92008,1.92008,1.92008,1.92008,1.92008,1.92008,1.92008,1.92008,1.92008,1.92008,1.92008
253,1.92008,1.92008,1.92008,1.92008,1.92008,1.92008,1.92008,1.92008,1.92008,1.92008,1.92008,1.92008,1.92008,1.92008,1.92008,1.92008,1.92008,1.92008,1.92008,1.92008,1.92008,1.92008,1.92008,1.92008,1.92008,1.92008,1.92008,1.92008,1.92008,1.92008,1.92008,1.92008,1.92008,1.92008,1.92008,1.92008,1.92008,1.92008,1.92008,1.92008,1.92008,1.92008,1.92008,1.92008,1.92008,1.92008,1.92008,1.92008,1.92008,1.92008
254,1.92008,1.92008,1.92008,1.92008,1.92008,1.92008,1.92008,1.92008,1.92008,1.92008,1.92008,1.92008,1.92008,1.92008,1.92008,1.92008,1.92008,1.92008,1.92008,1.92008,1.92008,1.92008,1.92008,1.92008,1.92008,1.92008,1.92008,1.92008,1.92008,1.92008,1.92008,1.92008,1.92008,1.92008,1.92008,1.92008,1.92008,1.92008,1.92008,1.92008,1.92008,1.92008,1.92008,1.92008,1.92008,1.92008,1.92008,1.92008,1.92008,1.92008
255,1.92008,1.92008,1.92008,1.92008,1.92008,1.92008,1.92008,1.92008,1.92008,1.92008,1.92008,1.92008,1.92008,1.92008,1.92008,1.92008,1.92008,1.92008,1.92008,1.92008,1.92008,1.92008,1.92008,1.92008,1.92008,1.92008,1.92008,1.92008,1.92008,1.92008,1.92008,1.92008,1.92008,1.92008,1.92008,1.92008,1.92008,1.92008,1.92008,1.92008,1.92008,1.92008,1.92008,1.92008,1.92008,1.92008,1.92008,1.92008,1.92008,1.92008
256,1.92008,1.92008,1.92008,1.92008,1.92008,1.92008,1.92008,1.92008,1.92008,1.92008,1.92008,1.92008,1.92008,1.92008,1.92008,1.92008,1.92008,1.92008,1.92008,1.92008,1.92008,1.92008,1.92008,1.92008,1.92008,1.92008,1.92008,1.92008,1.92008,1.92008,1.92008,1.92008,1.92008,1.92008,1.92008,1.92008,1.92008,1.92008,1.92008,1.92008,1.92008,1.92008,1.92008,1.92008,1.92008,1.92008,1.92008,1.92008,1.92008,1.92008
257,1.92008,1.92008,1.92008,1.92008,1.92008,1.92008,1.92008,1.92008,1.92008,1.92008,1.92008,1.92008,1.92008,1.92008,1.92008,1.92008,1.92008,1.92008,1.92008,1.92008,1.92008,1.92008,1.92008,1.92008,1.92008,1.92008,1.92008,1.92008,1.92008,1.92008,1.92008,1.92008,1.92008,1.92008,1.92008,1.92008,1.92008,1.92008,1.92008,1.92008,1.92008,1.92008,1.92008,1.92008,1.92008,1.92008,1.92008,1.92008,1.92008,1.92008
258,1.92008,1.92008,1.92008,1.92008,1.92008,1.92008,1.92008,1.92008,1.92008,1.92008,1.92008,1.92008,1.92008,1.92008,1.92008,1.92008,1.92008,1.92008,1.92008,1.92008,1.92008,1.92008,1.92008,1.92008,1.92008,1.92008,1.92008,1.92008,1.92008,1.92008,1.92008,1.92008,1.92008,1.92008,1.92008,1.92008,1.92008,1.92008,1.92008,1.92008,1.92008,1.92008,1.92008,1.92008,1.92008,1.92008,1.92008,1.92008,1.92008,1.92008
259,1.92008,1.92008,1.92008,1.92008,1.92008,1.92008,1.92008,1.92008,1.92008,1.92008,1.92008,1.92008,1.92008,1.92008,1.92008,1.92008,1.92008,1.92008,1.92008,1.92008,1.92008,1.92008,1.92008,1.92008,1.92008,1.92008,1.92008,1.92008,1.92008,1.92008,1.92008,1.92008,1.92008,1.92008,1.92008,1.92008,1.92008,1.92008,1.92008,1.92008,1.92008,1.92008,1.92008,1.92008,1.92008,1.92008,1.92008,1.92008,1.92008,1.92008
260,1.92008,1.92008,1.92008,1.92008,1.92008,1.92008,1.92008,1.92008,1.92008,1.92008,1.92008,1.92008,1.92008,1.92008,1.92008,1.92008,1.92008,1.92008,1.92008,1.92008,1.92008,1.92008,1.92008,1.92008,1.92008,1.92008,1.92008,1.92008,1.92008,1.92008,1.92008,1.92008,1.92008,1.92008,1.92008,1.92008,1.92008,1.92008,1.92008,1.92008,1.92008,1.92008,1.92008,1.92008,1.92008,1.92008,1.92008,1.92008,1.92008,1.92008
261,1.92008,1.92008,1.92008,1.92008,1.92008,1.92008,1.92008,1.92008,1.92008,1.92008,1.92008,1.92008,1.92008,1.92008,1.92008,1.92008,1.92008,1.92008,1.92008,1.92008,1.92008,1.92008,1.92008,1.92008,1.92008,1.92008,1.92008,1.92008,1.92008,1.92008,1.92008,1.92008,1.92008,1.92008,1.92008,1.92008,1.92008,1.92008,1.92008,1.92008,1.92008,1.92008,1.92008,1.92008,1.92008,1.92008,1.92008,1.92008,1.92008,1.92008
262,1.92008,1.92008,1.92008,1.92008,1.92008,1.92008,1.92008,1.92008,1.92008,1.92008,1.92008,1.92008,1.92008,1.92008,1.92008,1.92008,1.92008,1.92008,1.92008,1.92008,1.92008,1.92008,1.92008,1.92008,1.92008,1.92008,1.92008,1.92008,1.92008,1.92008,1.92008,1.92008,1.92008,1.92008,1.92008,1.92008,1.92008,1.92008,1.92008,1.92008,1.92008,1.92008,1.92008,1.92008,1.92008,1.92008,1.92008,1.92008,1.92008,1.92008
263,1.92008,1.92008,1.92008,1.92008,1.92008,1.92008,1.92008,1.92008,1.92008,1.92008,1.92008,1.92008,1.92008,1.92008,1.92008,1.92008,1.92008,1.92008,1.92008,1.92008,1.92008,1.92008,1.92008,1.92008,1.92008,1.92008,1.92008,1.92008,1.92008,1.92008,1.92008,1.92008,1.92008,1.92008,1.92008,1.92008,1.92008,1.92008,1.92008,1.92008,1.92008,1.92008,1.92008,1.92008,1.92008,1.92008,1.92008,1.92008,1.92008,1.92008
264,1.92008,1.92008,1.92008,1.92008,1.92008,1.92008,1.92008,1.92008,1.92008,1.92008,1.92008,1.92008,1.92008,1.92008,1.92008,1.92008,1.92008,1.92008,1.92008,1.92008,1.92008,1.92008,1.92008,1.92008,1.92008,1.92008,1.92008,1.92008,1.92008,1.92008,1.92008,1.92008,1.92008,1.92008,1.92008,1.92008,1.92008,1.92008,1.92008,1.92008,1.92008,1.92008,1.92008,1.92008,1.92008,1.92008,1.92008,1.92008,1.92008,1.92008
265,1.92008,1.92008,1.92008,1.92008,1.92008,1.92008,1.92008,1.92008,1.92008,1.92008,1.92008,1.92008,1.92008,1.92008,1.92008,1.92008,1.92008,1.92008,1.92008,1.92008,1.92008,1.92008,1.92008,1.92008,1.92008,1.92008,1.92008,1.92008,1.92008,1.92008,1.92008,1.92008,1.92008,1.92008,1.92008,1.92008,1.92008,1.92008,1.92008,1.92008,1.92008,1.92008,1.92008,1.92008,1.92008,1.92008,1.92008,1.92008,1.92008,1.92008
266,1.92008,1.92008,1.92008,1.92008,1.92008,1.92008,1.92008,1.92008,1.92008,1.92008,1.92008,1.92008,1.92008,1.92008,1.92008,1.92008,1.92008,1.92008,1.92008,1.92008,1.92008,1.92008,1.92008,1.92008,1.92008,1.92008,1.92008,1.92008,1.92008,1.92008,1.92008,1.92008,1.92008,1.92008,1.92008,1.92008,1.92008,1.92008,1.92008,1.92008,1.92008,1.92008,1.92008,1.92008,1.92008,1.92008,1.92008,1.92008,1.92008,1.92008
267,1.92008,1.92008,1.92008,1.92008,1.92008,1.92008,1.92008,1.92008,1.92008,1.92008,1.92008,1.92008,1.92008,1.92008,1.92008,1.92008,1.92008,1.92008,1.92008,1.92008,1.92008,1.92008,1.92008,1.92008,1.92008,1.92008,1.92008,1.92008,1.92008,1.92008,1.92008,1.92008,1.92008,1.92008,1.92008,1.92008,1.92008,1.92008,1.92008,1.92008,1.92008,1.92008,1.92008,1.92008,1.92008,1.92008,1.92008,1.92008,1.92008,1.92008
268,1.92008,1.92008,1.92008,1.92008,1.92008,1.92008,1.92008,1.92008,1.92008,1.92008,1.92008,1.92008,1.92008,1.92008,1.92008,1.92008,1.92008,1.92008,1.92008,1.92008,1.92008,1.92008,1.92008,1.92008,1.92008,1.92008,1.92008,1.92008,1.92008,1.92008,1.92008,1.92008,1.92008,1.92008,1.92008,1.92008,1.92008,1.92008,1.92008,1.92008,1.92008,1.92008,1.92008,1.92008,1.92008,1.92008,1.92008,1.92008,1.92008,1.92008
269,1.92008,1.92008,1.92008,1.92008,1.92008,1.92008,1.92008,1.92008,1.92008,1.92008,1.92008,1.92008,1.92008,1.92008,1.92008,1.92008,1.92008,1.92008,1.92008,1.92008,1.92008,1.92008,1.92008,1.92008,1.92008,1.92008,1.92008,1.92008,1.92008,1.92008,1.92008,1.92008,1.92008,1.92008,1.92008,1.92008,1.92008,1.92008,1.92008,1.92008,1.92008,1.92008,1.92008,1.92008,1.92008,1.92008,1.92008,1.92008,1.92008,1.92008
270,1.92008,1.92008,1.92008,1.92008,1.92008,1.92008,1.92008,1.92008,1.92008,1.92008,1.92008,1.92008,1.92008,1.92008,1.92008,1.92008,1.92008,1.92008,1.92008,1.92008,1.92008,1.92008,1.92008,1.92008,1.92008,1.92008,1.92008,1.92008,1.92008,1.92008,1.92008,1.92008,1.92008,1.92008,1.92008,1.92008,1.92008,1.92008,1.92008,1.92008,1.92008,1.92008,1.92008,1.92008,1.92008,1.92008,1.92008,1.92008,1.92008,1.92008
271,1.92008,1.92008,1.92008,1.92008,1.92008,1.92008,1.92008,1.92008,1.92008,1.92008,1.92008,1.92008,1.92008,1.92008,1.92008,1.92008,1.92008,1.92008,1.92008,1.92008,1.92008,1.92008,1.92008,1.92008,1.92008,1.92008,1.92008,1.92008,1.92008,1.92008,1.92008,1.92008,1.92008,1.92008,1.92008,1.92008,1.92008,1.92008,1.92008,1.92008,1.92008,1.92008,1.92008,1.92008,1.92008,1.92008,1.92008,1.92008,1.92008,1.92008
272,1.92008,1.92008,1.92008,1.92008,1.92008,1.92008,1.92008,1.92008,1.92008,1.92008,1.92008,1.92008,1.92008,1.92008,1.92008,1.92008,1.92008,1.92008,1.92008,1.92008,1.92008,1.92008,1.92008,1.92008,1.92008,1.92008,1.92008,1.92008,1.92008,1.92008,1.92008,1.92008,1.92008,1.92008,1.92008,1.92008,1.92008,1.92008,1.92008,1.92008,1.92008,1.92008,1.92008,1.92008,1.92008,1.92008,1.92008,1.92008,1.92008,1.92008
273,1.92008,1.92008,1.92008,1.92008,1.92008,1.92008,1.92008,1.92008,1.92008,1.92008,1.92008,1.92008,1.92008,1.92008,1.92008,1.92008,1.92008,1.92008,1.92008,1.92008,1.92008,1.92008,1.92008,1.92008,1.92008,1.92008,1.92008,1.92008,1.92008,1.92008,1.92008,1.92008,1.92008,1.92008,1.92008,1.92008,1.92008,1.92008,1.92008,1.92008,1.92008,1.92008,1.92008,1.92008,1.92008,1.92008,1.92008,1.92008,1.92008,1.92008
274,1.92008,1.92008,1.92008,1.92008,1.92008,1.92008,1.92008,1.92008,1.92008,1.92008,1.92008,1.92008,1.92008,1.92008,1.92008,1.92008,1.92008,1.92008,1.92008,1.92008,1.92008,1.92008,1.92008,1.92008,1.92008,1.92008,1.92008,1.92008,1.92008,1.92008,1.92008,1.92008,1.92008,1.92008,1.92008,1.92008,1.92008,1.92008,1.92008,1.92008,1.92008,1.92008,1.92008,1.92008,1.92008,1.92008,1.92008,1.92008,1.92008,1.92008
275,1.92008,1.92008,1.92008,1.92008,1.92008,1.92008,1.92008,1.92008,1.92008,1.92008,1.92008,1.92008,1.92008,1.92008,1.92008,1.92008,1.92008,1.92008,1.92008,1.92008,1.92008,1.92008,1.92008,1.92008,1.92008,1.92008,1.92008,1.92008,1.92008,1.92008,1.92008,1.92008,1.92008,1.92008,1.92008,1.92008,1.92008,1.92008,1.92008,1.92008,1.92008,1.92008,1.92008,1.92008,1.92008,1.92008,1.92008,1.92008,1.92008,1.92008
276,1.92008,1.92008,1.92008,1.92008,1.92008,1.92008,1.92008,1.92008,1.92008,1.92008,1.92008,1.92008,1.92008,1.92008,1.92008,1.92008,1.92008,1.92008,1.92008,1.92008,1.92008,1.92008,1.92008,1.92008,1.92008,1.92008,1.92008,1.92008,1.92008,1.92008,1.92008,1.92008,1.92008,1.92008,1.92008,1.92008,1.92008,1.92008,1.92008,1.92008,1.92008,1.92008,1.92008,1.92008,1.92008,1.92008,1.92008,1.92008,1.92008,1.92008
277,1.92008,1.92008,1.92008,1.92008,1.92008,1.92008,1.92008,1.92008,1.92008,1.92008,1.92008,1.92008,1.92008,1.92008,1.92008,1.92008,1.92008,1.92008,1.92008,1.92008,1.92008,1.92008,1.92008,1.92008,1.92008,1.92008,1.92008,1.92008,1.92008,1.92008,1.92008,1.92008,1.92008,1.92008,1.92008,1.92008,1.92008,1.92008,1.92008,1.92008,1.92008,1.92008,1.92008,1.92008,1.92008,1.92008,1.92008,1.92008,1.92008,1.92008
278,1.92008,1.92008,1.92008,1.92008,1.92008,1.92008,1.92008,1.92008,1.92008,1.92008,1.92008,1.92008,1.92008,1.92008,1.92008,1.92008,1.92008,1.92008,1.92008,1.92008,1.92008,1.92008,1.92008,1.92008,1.92008,1.92008,1.92008,1.92008,1.92008,1.92008,1.92008,1.92008,1.92008,1.92008,1.92008,1.92008,1.92008,1.92008,1.92008,1.92008,1.92008,1.92008,1.92008,1.92008,1.92008,1.92008,1.92008,1.92008,1.92008,1.92008
279,1.92008,1.92008,1.92008,1.92008,1.92008,1.92008,1.92008,1.92008,1.92008,1.92008,1.92008,1.92008,1.92008,1.92008,1.92008,1.92008,1.92008,1.92008,1.92008,1.92008,1.92008,1.92008,1.92008,1.92008,1.92008,1.92008,1.92008,1.92008,1.92008,1.92008,1.92008,1.92008,1.92008,1.92008,1.92008,1.92008,1.92008,1.92008,1.92008,1.92008,1.92008,1.92008,1.92008,1.92008,1.92008,1.92008,1.92008,1.92008,1.92008,1.92008
280,1.92008,1.92008,1.92008,1.92008,1.92008,1.92008,1.92008,1.92008,1.92008,1.92008,1.92008,1.92008,1.92008,1.92008,1.92008,1.92008,1.92008,1.92008,1.92008,1.92008,1.92008,1.92008,1.92008,1.92008,1.92008,1.92008,1.92008,1.92008,1.92008,1.92008,1.92008,1.92008,1.92008,1.92008,1.92008,1.92008,1.92008,1.92008,1.92008,1.92008,1.92008,1.92008,1.92008,1.92008,1.92008,1.92008,1.92008,1.92008,1.92008,1.92008
281,1.92008,1.92008,1.92008,1.92008,1.92008,1.92008,1.92008,1.92008,1.92008,1.92008,1.92008,1.92008,1.92008,1.92008,1.92008,1.92008,1.92008,1.92008,1.92008,1.92008,1.92008,1.92008,1.92008,1.92008,1.92008,1.92008,1.92008,1.92008,1.92008,1.92008,1.92008,1.92008,1.92008,1.92008,1.92008,1.92008,1.92008,1.92008,1.92008,1.92008,1.92008,1.92008,1.92008,1.92008,1.92008,1.92008,1.92008,1.92008,1.92008,1.92008
282,1.92008,1.92008,1.92008,1.92008,1.92008,1.92008,1.92008,1.92008,1.92008,1.92008,1.92008,1.92008,1.92008,1.92008,1.92008,1.92008,1.92008,1.92008,1.92008,1.92008,1.92008,1.92008,1.92008,1.92008,1.92008,1.92008,1.92008,1.92008,1.92008,1.92008,1.92008,1.92008,1.92008,1.92008,1.92008,1.92008,1.92008,1.92008,1.92008,1.92008,1.92008,1.92008,1.92008,1.92008,1.92008,1.92008,1.92008,1.92008,1.92008,1.92008
283,1.92008,1.92008,1.92008,1.92008,1.92008,1.92008,1.92008,1.92008,1.92008,1.92008,1.92008,1.92008,1.92008,1.92008,1.92008,1.92008,1.92008,1.92008,1.92008,1.92008,1.92008,1.92008,1.92008,1.92008,1.92008,1.92008,1.92008,1.92008,1.92008,1.92008,1.92008,1.92008,1.92008,1.92008,1.92008,1.92008,1.92008,1.92008,1.92008,1.92008,1.92008,1.92008,1.92008,1.92008,1.92008,1.92008,1.92008,1.92008,1.92008,1.92008
284,1.92008,1.92008,1.92008,1.92008,1.92008,1.92008,1.92008,1.92008,1.92008,1.92008,1.92008,1.92008,1.92008,1.92008,1.92008,1.92008,1.92008,1.92008,1.92008,1.92008,1.92008,1.92008,1.92008,1.92008,1.92008,1.92008,1.92008,1.92008,1.92008,1.92008,1.92008,1.92008,1.92008,1.92008,1.92008,1.92008,1.92008,1.92008,1.92008,1.92008,1.92008,1.92008,1.92008,1.92008,1.92008,1.92008,1.92008,1.92008,1.92008,1.92008
285,1.92008,1.92008,1.92008,1.92008,1.92008,1.92008,1.92008,1.92008,1.92008,1.92008,1.92008,1.92008,1.92008,1.92008,1.92008,1.92008,1.92008,1.92008,1.92008,1.92008,1.92008,1.92008,1.92008,1.92008,1.92008,1.92008,1.92008,1.92008,1.92008,1.92008,1.92008,1.92008,1.92008,1.92008,1.92008,1.92008,1.92008,1.92008,1.92008,1.92008,1.92008,1.92008,1.92008,1.92008,1.92008,1.92008,1.92008,1.92008,1.92008,1.92008
286,1.92008,1.92008,1.92008,1.92008,1.92008,1.92008,1.92008,1.92008,1.92008,1.92008,1.92008,1.92008,1.92008,1.92008,1.92008,1.92008,1.92008,1.92008,1.92008,1.92008,1.92008,1.92008,1.92008,1.92008,1.92008,1.92008,1.92008,1.92008,1.92008,1.92008,1.92008,1.92008,1.92008,1.92008,1.92008,1.92008,1.92008,1.92008,1.92008,1.92008,1.92008,1.92008,1.92008,1.92008,1.92008,1.92008,1.92008,1.92008,1.92008,1.92008
287,1.92008,1.92008,1.92008,1.92008,1.92008,1.92008,1.92008,1.92008,1.92008,1.92008,1.92008,1.92008,1.92008,1.92008,1.92008,1.92008,1.92008,1.92008,1.92008,1.92008,1.92008,1.92008,1.92008,1.92008,1.92008,1.92008,1.92008,1.92008,1.92008,1.92008,1.92008,1.92008,1.92008,1.92008,1.92008,1.92008,1.92008,1.92008,1.92008,1.92008,1.92008,1.92008,1.92008,1.92008,1.92008,1.92008,1.92008,1.92008,1.92008,1.92008
288,1.92008,1.92008,1.92008,1.92008,1.92008,1.92008,1.92008,1.92008,1.92008,1.92008,1.92008,1.92008,1.92008,1.92008,1.92008,1.92008,1.92008,1.92008,1.92008,1.92008,1.92008,1.92008,1.92008,1.92008,1.92008,1.92008,1.92008,1.92008,1.92008,1.92008,1.92008,1.92008,1.92008,1.92008,1.92008,1.92008,1.92008,1.92008,1.92008,1.92008,1.92008,1.92008,1.92008,1.92008,1.92008,1.92008,1.92008,1.92008,1.92008,1.92008
289,1.92008,1.92008,1.92008,1.92008,1.92008,1.92008,1.92008,1.92008,1.92008,1.92008,1.92008,1.92008,1.92008,1.92008,1.92008,1.92008,1.92008,1.92008,1.92008,1.92008,1.92008,1.92008,1.92008,1.92008,1.92008,1.92008,1.92008,1.92008,1.92008,1.92008,1.92008,1.92008,1.92008,1.92008,1.92008,1.92008,1.92008,1.92008,1.92008,1.92008,1.92008,1.92008,1.92008,1.92008,1.92008,1.92008,1.92008,1.92008,1.92008,1.92008
290,1.92008,1.92008,1.92008,1.92008,1.92008,1.92008,1.92008,1.92008,1.92008,1.92008,1.92008,1.92008,1.92008,1.92008,1.92008,1.92008,1.92008,1.92008,1.92008,1.92008,1.92008,1.92008,1.92008,1.92008,1.92008,1.92008,1.92008,1.92008,1.92008,1.92008,1.92008,1.92008,1.92008,1.92008,1.92008,1.92008,1.92008,1.92008,1.92008,1.92008,1.92008,1.92008,1.92008,1.92008,1.92008,1.92008,1.92008,1.92008,1.92008,1.92008
291,1.92008,1.92008,1.92008,1.92008,1.92008,1.92008,1.92008,1.92008,1.92008,1.92008,1.92008,1.92008,1.92008,1.92008,1.92008,1.92008,1.92008,1.92008,1.92008,1.92008,1.92008,1.92008,1.92008,1.92008,1.92008,1.92008,1.92008,1.92008,1.92008,1.92008,1.92008,1.92008,1.92008,1.92008,1.92008,1.92008,1.92008,1.92008,1.92008,1.92008,1.92008,1.92008,1.92008,1.92008,1.92008,1.92008,1.92008,1.92008,1.92008,1.92008
292,1.92008,1.92008,1.92008,1.92008,1.92008,1.92008,1.92008,1.92008,1.92008,1.92008,1.92008,1.92008,1.92008,1.92008,1.92008,1.92008,1.92008,1.92008,1.92008,1.92008,1.92008,1.92008,1.92008,1.92008,1.92008,1.92008,1.92008,1.92008,1.92008,1.92008,1.92008,1.92008,1.92008,1.92008,1.92008,1.92008,1.92008,1.92008,1.92008,1.92008,1.92008,1.92008,1.92008,1.92008,1.92008,1.92008,1.92008,1.92008,1.92008,1.92008
293,1.92008,1.92008,1.92008,1.92008,1.92008,1.92008,1.92008,1.92008,1.92008,1.92008,1.92008,1.92008,1.92008,1.92008,1.92008,1.92008,1.92008,1.92008,1.92008,1.92008,1.92008,1.92008,1.92008,1.92008,1.92008,1.92008,1.92008,1.92008,1.92008,1.92008,1.92008,1.92008,1.92008,1.92008,1.92008,1.92008,1.92008,1.92008,1.92008,1.92008,1.92008,1.92008,1.92008,1.92008,1.92008,1.92008,1.92008,1.92008,1.92008,1.92008
294,1.92008,1.92008,1.92008,1.92008,1.92008,1.92008,1.92008,1.92008,1.92008,1.92008,1.92008,1.92008,1.92008,1.92008,1.92008,1.92008,1.92008,1.92008,1.92008,1.92008,1.92008,1.92008,1.92008,1.92008,1.92008,1.92008,1.92008,1.92008,1.92008,1.92008,1.92008,1.92008,1.92008,1.92008,1.92008,1.92008,1.92008,1.92008,1.92008,1.92008,1.92008,1.92008,1.92008,1.92008,1.92008,1.92008,1.92008,1.92008,1.92008,1.92008
295,1.92008,1.92008,1.92008,1.92008,1.92008,1.92008,1.92008,1.92008,1.92008,1.92008,1.92008,1.92008,1.92008,1.92008,1.92008,1.92008,1.92008,1.92008,1.92008,1.92008,1.92008,1.92008,1.92008,1.92008,1.92008,1.92008,1.92008,1.92008,1.92008,1.92008,1.92008,1.92008,1.92008,1.92008,1.92008,1.92008,1.92008,1.92008,1.92008,1.92008,1.92008,1.92008,1.92008,1.92008,1.92008,1.92008,1.92008,1.92008,1.92008,1.92008
296,1.92008,1.92008,1.92008,1.92008,1.92008,1.92008,1.92008,1.92008,1.92008,1.92008,1.92008,1.92008,1.92008,1.92008,1.92008,1.92008,1.92008,1.92008,1.92008,1.92008,1.92008,1.92008,1.92008,1.92008,1.92008,1.92008,1.92008,1.92008,1.92008,1.92008,1.92008,1.92008,1.92008,1.92008,1.92008,1.92008,1.92008,1.92008,1.92008,1.92008,1.92008,1.92008,1.92008,1.92008,1.92008,1.92008,1.92008,1.92008,1.92008,1.92008
297,1.92008,1.92008,1.92008,1.92008,1.92008,1.92008,1.92008,1.92008,1.92008,1.92008,1.92008,1.92008,1.92008,1.92008,1.92008,1.92008,1.92008,1.92008,1.92008,1.92008,1.92008,1.92008,1.92008,1.92008,1.92008,1.92008,1.92008,1.92008,1.92008,1.92008,1.92008,1.92008,1.92008,1.92008,1.92008,1.92008,1.92008,1.92008,1.92008,1.92008,1.92008,1.92008,1.92008,1.92008,1.92008,1.92008,1.92008,1.92008,1.92008,1.92008
298,1.92008,1.92008,1.92008,1.92008,1.92008,1.92008,1.92008,1.92008,1.92008,1.92008,1.92008,1.92008,1.92008,1.92008,1.92008,1.92008,1.92008,1.92008,1.92008,1.92008,1.92008,1.92008,1.92008,1.92008,1.92008,1.92008,1.92008,1.92008,1.92008,1.92008,1.92008,1.92008,1.92008,1.92008,1.92008,1.92008,1.92008,1.92008,1.92008,1.92008,1.92008,1.92008,1.92008,1.92008,1.92008,1.92008,1.92008,1.92008,1.92008,1.92008
299,1.92008,1.92008,1.92008,1.92008,1.92008,1.92008,1.92008,1.92008,1.92008,1.92008,1.92008,1.92008,1.92008,1.92008,1.92008,1.92008,1.92008,1.92008,1.92008,1.92008,1.92008,1.92008,1.92008,1.92008,1.92008,1.92008,1.92008,1.92008,1.92008,1.92008,1.92008,1.92008,1.92008,1.92008,1.92008,1.92008,1.92008,1.92008,1.92008,1.92008,1.92008,1.92008,1.92008,1.92008,1.92008,1.92008,1.92008,1.92008,1.92008,1.92008
300,1.92008,1.92008,1.92008,1.92008,1.92008,1.92008,1.92008,1.92008,1.92008,1.92008,1.92008,1.92008,1.92008,1.92008,1.92008,1.92008,1.92008,1.92008,1.92008,1.92008,1.92008,1.92008,1.92008,1.92008,1.92008,1.92008,1.92008,1.92008,1.92008,1.92008,1.92008,1.92008,1.92008,1.92008,1.92008,1.92008,1.92008,1.92008,1.92008,1.92008,1.92008,1.92008,1.92008,1.92008,1.92008,1.92008,1.92008,1.92008,1.92008,1.92008
301,1.92008,1.92008,1.92008,1.92008,1.92008,1.92008,1.92008,1.92008,1.92008,1.92008,1.92008,1.92008,1.92008,1.92008,1.92008,1.92008,1.92008,1.92008,1.92008,1.92008,1.92008,1.92008,1.92008,1.92008,1.92008,1.92008,1.92008,1.92008,1.92008,1.92008,1.92008,1.92008,1.92008,1.92008,1.92008,1.92008,1.92008,1.92008,1.92008,1.92008,1.92008,1.92008,1.92008,1.92008,1.92008,1.92008,1.92008,1.92008,1.92008,1.92008
302,1.92008,1.92008,1.92008,1.92008,1.92008,1.92008,1.92008,1.92008,1.92008,1.92008,1.92008,1.92008,1.92008,1.92008,1.92008,1.92008,1.92008,1.92008,1.92008,1.92008,1.92008,1.92008,1.92008,1.92008,1.92008,1.92008,1.92008,1.92008,1.92008,1.92008,1.92008,1.92008,1.92008,1.92008,1.92008,1.92008,1.92008,1.92008,1.92008,1.92008,1.92008,1.92008,1.92008,1.92008,1.92008,1.92008,1.92008,1.92008,1.92008,1.92008
303,1.92008,1.92008,1.92008,1.92008,1.92008,1.92008,1.92008,1.92008,1.92008,1.92008,1.92008,1.92008,1.92008,1.92008,1.92008,1.92008,1.92008,1.92008,1.92008,1.92008,1.92008,1.92008,1.92008,1.92008,1.92008,1.92008,1.92008,1.92008,1.92008,1.92008,1.92008,1.92008,1.92008,1.92008,1.92008,1.92008,1.92008,1.92008,1.92008,1.92008,1.92008,1.92008,1.92008,1.92008,1.92008,1.92008,1.92008,1.92008,1.92008,1.92008
304,1.92008,1.92008,1.92008,1.92008,1.92008,1.92008,1.92008,1.92008,1.92008,1.92008,1.92008,1.92008,1.92008,1.92008,1.92008,1.92008,1.92008,1.92008,1.92008,1.92008,1.92008,1.92008,1.92008,1.92008,1.92008,1.92008,1.92008,1.92008,1.92008,1.92008,1.92008,1.92008,1.92008,1.92008,1.92008,1.92008,1.92008,1.92008,1.92008,1.92008,1.92008,1.92008,1.92008,1.92008,1.92008,1.92008,1.92008,1.92008,1.92008,1.92008
305,1.92008,1.92008,1.92008,1.92008,1.92008,1.92008,1.92008,1.92008,1.92008,1.92008,1.92008,1.92008,1.92008,1.92008,1.92008,1.92008,1.92008,1.92008,1.92008,1.92008,1.92008,1.92008,1.92008,1.92008,1.92008,1.92008,1.92008,1.92008,1.92008,1.92008,1.92008,1.92008,1.92008,1.92008,1.92008,1.92008,1.92008,1.92008,1.92008,1.92008,1.92008,1.92008,1.92008,1.92008,1.92008,1.92008,1.92008,1.92008,1.92008,1.92008
306,1.92008,1.92008,1.92008,1.92008,1.92008,1.92008,1.92008,1.92008,1.92008,1.92008,1.92008,1.92008,1.92008,1.92008,1.92008,1.92008,1.92008,1.92008,1.92008,1.92008,1.92008,1.92008,1.92008,1.92008,1.92008,1.92008,1.92008,1.92008,1.92008,1.92008,1.92008,1.92008,1.92008,1.92008,1.92008,1.92008,1.92008,1.92008,1.92008,1.92008,1.92008,1.92008,1.92008,1.92008,1.92008,1.92008,1.92008,1.92008,1.92008,1.92008
307,1.92008,1.92008,1.92008,1.92008,1.92008,1.92008,1.92008,1.92008,1.92008,1.92008,1.92008,1.92008,1.92008,1.92008,1.92008,1.92008,1.92008,1.92008,1.92008,1.92008,1.92008,1.92008,1.92008,1.92008,1.92008,1.92008,1.92008,1.92008,1.92008,1.92008,1.92008,1.92008,1.92008,1.92008,1.92008,1.92008,1.92008,1.92008,1.92008,1.92008,1.92008,1.92008,1.92008,1.92008,1.92008,1.92008,1.92008,1.92008,1.92008,1.92008
308,1.92008,1.92008,1.92008,1.92008,1.92008,1.92008,1.92008,1.92008,1.92008,1.92008,1.92008,1.92008,1.92008,1.92008,1.92008,1.92008,1.92008,1.92008,1.92008,1.92008,1.92008,1.92008,1.92008,1.92008,1.92008,1.92008,1.92008,1.92008,1.92008,1.92008,1.92008,1.92008,1.92008,1.92008,1.92008,1.92008,1.92008,1.92008,1.92008,1.92008,1.92008,1.92008,1.92008,1.92008,1.92008,1.92008,1.92008,1.92008,1.92008,1.92008
309,1.92008,1.92008,1.92008,1.92008,1.92008,1.92008,1.92008,1.92008,1.92008,1.92008,1.92008,1.92008,1.92008,1.92008,1.92008,1.92008,1.92008,1.92008,1.92008,1.92008,1.92008,1.92008,1.92008,1.92008,1.92008,1.92008,1.92008,1.92008,1.92008,1.92008,1.92008,1.92008,1.92008,1.92008,1.92008,1.92008,1.92008,1.92008,1.92008,1.92008,1.92008,1.92008,1.92008,1.92008,1.92008,1.92008,1.92008,1.92008,1.92008,1.92008
310,1.92008,1.92008,1.92008,1.92008,1.92008,1.92008,1.92008,1.92008,1.92008,1.92008,1.92008,1.92008,1.92008,1.92008,1.92008,1.92008,1.92008,1.92008,1.92008,1.92008,1.92008,1.92008,1.92008,1.92008,1.92008,1.92008,1.92008,1.92008,1.92008,1.92008,1.92008,1.92008,1.92008,1.92008,1.92008,1.92008,1.92008,1.92008,1.92008,1.92008,1.92008,1.92008,1.92008,1.92008,1.92008,1.92008,1.92008,1.92008,1.92008,1.92008
311,1.92008,1.92008,1.92008,1.92008,1.92008,1.92008,1.92008,1.92008,1.92008,1.92008,1.92008,1.92008,1.92008,1.92008,1.92008,1.92008,1.92008,1.92008,1.92008,1.92008,1.92008,1.92008,1.92008,1.92008,1.92008,1.92008,1.92008,1.92008,1.92008,1.92008,1.92008,1.92008,1.92008,1.92008,1.92008,1.92008,1.92008,1.92008,1.92008,1.92008,1.92008,1.92008,1.92008,1.92008,1.92008,1.92008,1.92008,1.92008,1.92008,1.92008
312,1.92008,1.92008,1.92008,1.92008,1.92008,1.92008,1.92008,1.92008,1.92008,1.92008,1.92008,1.92008,1.92008,1.92008,1.92008,1.92008,1.92008,1.92008,1.92008,1.92008,1.92008,1.92008,1.92008,1.92008,1.92008,1.92008,1.92008,1.92008,1.92008,1.92008,1.92008,1.92008,1.92008,1.92008,1.92008,1.92008,1.92008,1.92008,1.92008,1.92008,1.92008,1.92008,1.92008,1.92008,1.92008,1.92008,1.92008,1.92008,1.92008,1.92008
313,1.92008,1.92008,1.92008,1.92008,1.92008,1.92008,1.92008,1.92008,1.92008,1.92008,1.92008,1.92008,1.92008,1.92008,1.92008,1.92008,1.92008,1.92008,1.92008,1.92008,1.92008,1.92008,1.92008,1.92008,1.92008,1.92008,1.92008,1.92008,1.92008,1.92008,1.92008,1.92008,1.92008,1.92008,1.92008,1.92008,1.92008,1.92008,1.92008,1.92008,1.92008,1.92008,1.92008,1.92008,1.92008,1.92008,1.92008,1.92008,1.92008,1.92008
314,1.92008,1.92008,1.92008,1.92008,1.92008,1.92008,1.92008,1.92008,1.92008,1.92008,1.92008,1.92008,1.92008,1.92008,1.92008,1.92008,1.92008,1.92008,1.92008,1.92008,1.92008,1.92008,1.92008,1.92008,1.92008,1.92008,1.92008,1.92008,1.92008,1.92008,1.92008,1.92008,1.92008,1.92008,1.92008,1.92008,1.92008,1.92008,1.92008,1.92008,1.92008,1.92008,1.92008,1.92008,1.92008,1.92008,1.92008,1.92008,1.92008,1.92008
315,1.92008,1.92008,1.92008,1.92008,1.92008,1.92008,1.92008,1.92008,1.92008,1.92008,1.92008,1.92008,1.92008,1.92008,1.92008,1.92008,1.92008,1.92008,1.92008,1.92008,1.92008,1.92008,1.92008,1.92008,1.92008,1.92008,1.92008,1.92008,1.92008,1.92008,1.92008,1.92008,1.92008,1.92008,1.92008,1.92008,1.92008,1.92008,1.92008,1.92008,1.92008,1.92008,1.92008,1.92008,1.92008,1.92008,1.92008,1.92008,1.92008,1.92008
316,1.92008,1.92008,1.92008,1.92008,1.92008,1.92008,1.92008,1.92008,1.92008,1.92008,1.92008,1.92008,1.92008,1.92008,1.92008,1.92008,1.92008,1.92008,1.92008,1.92008,1.92008,1.92008,1.92008,1.92008,1.92008,1.92008,1.92008,1.92008,1.92008,1.92008,1.92008,1.92008,1.92008,1.92008,1.92008,1.92008,1.92008,1.92008,1.92008,1.92008,1.92008,1.92008,1.92008,1.92008,1.92008,1.92008,1.92008,1.92008,1.92008,1.92008
317,1.92008,1.92008,1.92008,1.92008,1.92008,1.92008,1.92008,1.92008,1.92008,1.92008,1.92008,1.92008,1.92008,1.92008,1.92008,1.92008,1.92008,1.92008,1.92008,1.92008,1.92008,1.92008,1.92008,1.92008,1.92008,1.92008,1.92008,1.92008,1.92008,1.92008,1.92008,1.92008,1.92008,1.92008,1.92008,1.92008,1.92008,1.92008,1.92008,1.92008,1.92008,1.92008,1.92008,1.92008,1.92008,1.92008,1.92008,1.92008,1.92008,1.92008
318,1.92008,1.92008,1.92008,1.92008,1.92008,1.92008,1.92008,1.92008,1.92008,1.92008,1.92008,1.92008,1.92008,1.92008,1.92008,1.92008,1.92008,1.92008,1.92008,1.92008,1.92008,1.92008,1.92008,1.92008,1.92008,1.92008,1.92008,1.92008,1.92008,1.92008,1.92008,1.92008,1.92008,1.92008,1.92008,1.92008,1.92008,1.92008,1.92008,1.92008,1.92008,1.92008,1.92008,1.92008,1.92008,1.92008,1.92008,1.92008,1.92008,1.92008
319,1.92008,1.92008,1.92008,1.92008,1.92008,1.92008,1.92008,1.92008,1.92008,1.92008,1.92008,1.92008,1.92008,1.92008,1.92008,1.92008,1.92008,1.92008,1.92008,1.92008,1.92008,1.92008,1.92008,1.92008,1.92008,1.92008,1.92008,1.92008,1.92008,1.92008,1.92008,1.92008,1.92008,1.92008,1.92008,1.92008,1.92008,1.92008,1.92008,1.92008,1.92008,1.92008,1.92008,1.92008,1.92008,1.92008,1.92008,1.92008,1.92008,1.92008
320,1.92008,1.92008,1.92008,1.92008,1.92008,1.92008,1.92008,1.92008,1.92008,1.92008,1.92008,1.92008,1.92008,1.92008,1.92008,1.92008,1.92008,1.92008,1.92008,1.92008,1.92008,1.92008,1.92008,1.92008,1.92008,1.92008,1.92008,1.92008,1.92008,1.92008,1.92008,1.92008,1.92008,1.92008,1.92008,1.92008,1.92008,1.92008,1.92008,1.92008,1.92008,1.92008,1.92008,1.92008,1.92008,1.92008,1.92008,1.92008,1.92008,1.92008
321,1.92008,1.92008,1.92008,1.92008,1.92008,1.92008,1.92008,1.92008,1.92008,1.92008,1.92008,1.92008,1.92008,1.92008,1.92008,1.92008,1.92008,1.92008,1.92008,1.92008,1.92008,1.92008,1.92008,1.92008,1.92008,1.92008,1.92008,1.92008,1.92008,1.92008,1.92008,1.92008,1.92008,1.92008,1.92008,1.92008,1.92008,1.92008,1.92008,1.92008,1.92008,1.92008,1.92008,1.92008,1.92008,1.92008,1.92008,1.92008,1.92008,1.92008
322,1.92008,1.92008,1.92008,1.92008,1.92008,1.92008,1.92008,1.92008,1.92008,1.92008,1.92008,1.92008,1.92008,1.92008,1.92008,1.92008,1.92008,1.92008,1.92008,1.92008,1.92008,1.92008,1.92008,1.92008,1.92008,1.92008,1.92008,1.92008,1.92008,1.92008,1.92008,1.92008,1.92008,1.92008,1.92008,1.92008,1.92008,1.92008,1.92008,1.92008,1.92008,1.92008,1.92008,1.92008,1.92008,1.92008,1.92008,1.92008,1.92008,1.92008
323,1.92008,1.92008,1.92008,1.92008,1.92008,1.92008,1.92008,1.92008,1.92008,1.92008,1.92008,1.92008,1.92008,1.92008,1.92008,1.92008,1.92008,1.92008,1.92008,1.92008,1.92008,1.92008,1.92008,1.92008,1.92008,1.92008,1.92008,1.92008,1.92008,1.92008,1.92008,1.92008,1.92008,1.92008,1.92008,1.92008,1.92008,1.92008,1.92008,1.92008,1.92008,1.92008,1.92008,1.92008,1.92008,1.92008,1.92008,1.92008,1.92008,1.92008
324,1.92008,1.92008,1.92008,1.92008,1.92008,1.92008,1.92008,1.92008,1.92008,1.92008,1.92008,1.92008,1.92008,1.92008,1.92008,1.92008,1.92008,1.92008,1.92008,1.92008,1.92008,1.92008,1.92008,1.92008,1.92008,1.92008,1.92008,1.92008,1.92008,1.92008,1.92008,1.92008,1.92008,1.92008,1.92008,1.92008,1.92008,1.92008,1.92008,1.92008,1.92008,1.92008,1.92008,1.92008,1.92008,1.92008,1.92008,1.92008,1.92008,1.92008
325,1.92008,1.92008,1.92008,1.92008,1.92008,1.92008,1.92008,1.92008,1.92008,1.92008,1.92008,1.92008,1.92008,1.92008,1.92008,1.92008,1.92008,1.92008,1.92008,1.92008,1.92008,1.92008,1.92008,1.92008,1.92008,1.92008,1.92008,1.92008,1.92008,1.92008,1.92008,1.92008,1.92008,1.92008,1.92008,1.92008,1.92008,1.92008,1.92008,1.92008,1.92008,1.92008,1.92008,1.92008,1.92008,1.92008,1.92008,1.92008,1.92008,1.92008
326,1.92008,1.92008,1.92008,1.92008,1.92008,1.92008,1.92008,1.92008,1.92008,1.92008,1.92008,1.92008,1.92008,1.92008,1.92008,1.92008,1.92008,1.92008,1.92008,1.92008,1.92008,1.92008,1.92008,1.92008,1.92008,1.92008,1.92008,1.92008,1.92008,1.92008,1.92008,1.92008,1.92008,1.92008,1.92008,1.92008,1.92008,1.92008,1.92008,1.92008,1.92008,1.92008,1.92008,1.92008,1.92008,1.92008,1.92008,1.92008,1.92008,1.92008
327,1.92008,1.92008,1.92008,1.92008,1.92008,1.92008,1.92008,1.92008,1.92008,1.92008,1.92008,1.92008,1.92008,1.92008,1.92008,1.92008,1.92008,1.92008,1.92008,1.92008,1.92008,1.92008,1.92008,1.92008,1.92008,1.92008,1.92008,1.92008,1.92008,1.92008,1.92008,1.92008,1.92008,1.92008,1.92008,1.92008,1.92008,1.92008,1.92008,1.92008,1.92008,1.92008,1.92008,1.92008,1.92008,1.92008,1.92008,1.92008,1.92008,1.92008
328,1.92008,1.92008,1.92008,1.92008,1.92008,1.92008,1.92008,1.92008,1.92008,1.92008,1.92008,1.92008,1.92008,1.92008,1.92008,1.92008,1.92008,1.92008,1.92008,1.92008,1.92008,1.92008,1.92008,1.92008,1.92008,1.92008,1.92008,1.92008,1.92008,1.92008,1.92008,1.92008,1.92008,1.92008,1.92008,1.92008,1.92008,1.92008,1.92008,1.92008,1.92008,1.92008,1.92008,1.92008,1.92008,1.92008,1.92008,1.92008,1.92008,1.92008
329,1.92008,1.92008,1.92008,1.92008,1.92008,1.92008,1.92008,1.92008,1.92008,1.92008,1.92008,1.92008,1.92008,1.92008,1.92008,1.92008,1.92008,1.92008,1.92008,1.92008,1.92008,1.92008,1.92008,1.92008,1.92008,1.92008,1.92008,1.92008,1.92008,1.92008,1.92008,1.92008,1.92008,1.92008,1.92008,1.92008,1.92008,1.92008,1.92008,1.92008,1.92008,1.92008,1.92008,1.92008,1.92008,1.92008,1.92008,1.92008,1.92008,1.92008
330,1.92008,1.92008,1.92008,1.92008,1.92008,1.92008,1.92008,1.92008,1.92008,1.92008,1.92008,1.92008,1.92008,1.92008,1.92008,1.92008,1.92008,1.92008,1.92008,1.92008,1.92008,1.92008,1.92008,1.92008,1.92008,1.92008,1.92008,1.92008,1.92008,1.92008,1.92008,1.92008,1.92008,1.92008,1.92008,1.92008,1.92008,1.92008,1.92008,1.92008,1.92008,1.92008,1.92008,1.92008,1.92008,1.92008,1.92008,1.92008,1.92008,1.92008
331,1.92008,1.92008,1.92008,1.92008,1.92008,1.92008,1.92008,1.92008,1.92008,1.92008,1.92008,1.92008,1.92008,1.92008,1.92008,1.92008,1.92008,1.92008,1.92008,1.92008,1.92008,1.92008,1.92008,1.92008,1.92008,1.92008,1.92008,1.92008,1.92008,1.92008,1.92008,1.92008,1.92008,1.92008,1.92008,1.92008,1.92008,1.92008,1.92008,1.92008,1.92008,1.92008,1.92008,1.92008,1.92008,1.92008,1.92008,1.92008,1.92008,1.92008
332,1.92008,1.92008,1.92008,1.92008,1.92008,1.92008,1.92008,1.92008,1.92008,1.92008,1.92008,1.92008,1.92008,1.92008,1.92008,1.92008,1.92008,1.92008,1.92008,1.92008,1.92008,1.92008,1.92008,1.92008,1.92008,1.92008,1.92008,1.92008,1.92008,1.92008,1.92008,1.92008,1.92008,1.92008,1.92008,1.92008,1.92008,1.92008,1.92008,1.92008,1.92008,1.92008,1.92008,1.92008,1.92008,1.92008,1.92008,1.92008,1.92008,1.92008
333,1.92008,1.92008,1.92008,1.92008,1.92008,1.92008,1.92008,1.92008,1.92008,1.92008,1.92008,1.92008,1.92008,1.92008,1.92008,1.92008,1.92008,1.92008,1.92008,1.92008,1.92008,1.92008,1.92008,1.92008,1.92008,1.92008,1.92008,1.92008,1.92008,1.92008,1.92008,1.92008,1.92008,1.92008,1.92008,1.92008,1.92008,1.92008,1.92008,1.92008,1.92008,1.92008,1.92008,1.92008,1.92008,1.92008,1.92008,1.92008,1.92008,1.92008
334,1.92008,1.92008,1.92008,1.92008,1.92008,1.92008,1.92008,1.92008,1.92008,1.92008,1.92008,1.92008,1.92008,1.92008,1.92008,1.92008,1.92008,1.92008,1.92008,1.92008,1.92008,1.92008,1.92008,1.92008,1.92008,1.92008,1.92008,1.92008,1.92008,1.92008,1.92008,1.92008,1.92008,1.92008,1.92008,1.92008,1.92008,1.92008,1.92008,1.92008,1.92008,1.92008,1.92008,1.92008,1.92008,1.92008,1.92008,1.92008,1.92008,1.92008
335,1.92008,1.92008,1.92008,1.92008,1.92008,1.92008,1.92008,1.92008,1.92008,1.92008,1.92008,1.92008,1.92008,1.92008,1.92008,1.92008,1.92008,1.92008,1.92008,1.92008,1.92008,1.92008,1.92008,1.92008,1.92008,1.92008,1.92008,1.92008,1.92008,1.92008,1.92008,1.92008,1.92008,1.92008,1.92008,1.92008,1.92008,1.92008,1.92008,1.92008,1.92008,1.92008,1.92008,1.92008,1.92008,1.92008,1.92008,1.92008,1.92008,1.92008
336,1.92008,1.92008,1.92008,1.92008,1.92008,1.92008,1.92008,1.92008,1.92008,1.92008,1.92008,1.92008,1.92008,1.92008,1.92008,1.92008,1.92008,1.92008,1.92008,1.92008,1.92008,1.92008,1.92008,1.92008,1.92008,1.92008,1.92008,1.92008,1.92008,1.92008,1.92008,1.92008,1.92008,1.92008,1.92008,1.92008,1.92008,1.92008,1.92008,1.92008,1.92008,1.92008,1.92008,1.92008,1.92008,1.92008,1.92008,1.92008,1.92008,1.92008
337,1.92008,1.92008,1.92008,1.92008,1.92008,1.92008,1.92008,1.92008,1.92008,1.92008,1.92008,1.92008,1.92008,1.92008,1.92008,1.92008,1.92008,1.92008,1.92008,1.92008,1.92008,1.92008,1.92008,1.92008,1.92008,1.92008,1.92008,1.92008,1.92008,1.92008,1.92008,1.92008,1.92008,1.92008,1.92008,1.92008,1.92008,1.92008,1.92008,1.92008,1.92008,1.92008,1.92008,1.92008,1.92008,1.92008,1.92008,1.92008,1.92008,1.92008
338,1.92008,1.92008,1.92008,1.92008,1.92008,1.92008,1.92008,1.92008,1.92008,1.92008,1.92008,1.92008,1.92008,1.92008,1.92008,1.92008,1.92008,1.92008,1.92008,1.92008,1.92008,1.92008,1.92008,1.92008,1.92008,1.92008,1.92008,1.92008,1.92008,1.92008,1.92008,1.92008,1.92008,1.92008,1.92008,1.92008,1.92008,1.92008,1.92008,1.92008,1.92008,1.92008,1.92008,1.92008,1.92008,1.92008,1.92008,1.92008,1.92008,1.92008
339,1.92008,1.92008,1.92008,1.92008,1.92008,1.92008,1.92008,1.92008,1.92008,1.92008,1.92008,1.92008,1.92008,1.92008,1.92008,1.92008,1.92008,1.92008,1.92008,1.92008,1.92008,1.92008,1.92008,1.92008,1.92008,1.92008,1.92008,1.92008,1.92008,1.92008,1.92008,1.92008,1.92008,1.92008,1.92008,1.92008,1.92008,1.92008,1.92008,1.92008,1.92008,1.92008,1.92008,1.92008,1.92008,1.92008,1.92008,1.92008,1.92008,1.92008
340,1.92008,1.92008,1.92008,1.92008,1.92008,1.92008,1.92008,1.92008,1.92008,1.92008,1.92008,1.92008,1.92008,1.92008,1.92008,1.92008,1.92008,1.92008,1.92008,1.92008,1.92008,1.92008,1.92008,1.92008,1.92008,1.92008,1.92008,1.92008,1.92008,1.92008,1.92008,1.92008,1.92008,1.92008,1.92008,1.92008,1.92008,1.92008,1.92008,1.92008,1.92008,1.92008,1.92008,1.92008,1.92008,1.92008,1.92008,1.92008,1.92008,1.92008
341,1.92008,1.92008,1.92008,1.92008,1.92008,1.92008,1.92008,1.92008,1.92008,1.92008,1.92008,1.92008,1.92008,1.92008,1.92008,1.92008,1.92008,1.92008,1.92008,1.92008,1.92008,1.92008,1.92008,1.92008,1.92008,1.92008,1.92008,1.92008,1.92008,1.92008,1.92008,1.92008,1.92008,1.92008,1.92008,1.92008,1.92008,1.92008,1.92008,1.92008,1.92008,1.92008,1.92008,1.92008,1.92008,1.92008,1.92008,1.92008,1.92008,1.92008
342,1.92008,1.92008,1.92008,1.92008,1.92008,1.92008,1.92008,1.92008,1.92008,1.92008,1.92008,1.92008,1.92008,1.92008,1.92008,1.92008,1.92008,1.92008,1.92008,1.92008,1.92008,1.92008,1.92008,1.92008,1.92008,1.92008,1.92008,1.92008,1.92008,1.92008,1.92008,1.92008,1.92008,1.92008,1.92008,1.92008,1.92008,1.92008,1.92008,1.92008,1.92008,1.92008,1.92008,1.92008,1.92008,1.92008,1.92008,1.92008,1.92008,1.92008
343,1.92008,1.92008,1.92008,1.92008,1.92008,1.92008,1.92008,1.92008,1.92008,1.92008,1.92008,1.92008,1.92008,1.92008,1.92008,1.92008,1.92008,1.92008,1.92008,1.92008,1.92008,1.92008,1.92008,1.92008,1.92008,1.92008,1.92008,1.92008,1.92008,1.92008,1.92008,1.92008,1.92008,1.92008,1.92008,1.92008,1.92008,1.92008,1.92008,1.92008,1.92008,1.92008,1.92008,1.92008,1.92008,1.92008,1.92008,1.92008,1.92008,1.92008
344,1.92008,1.92008,1.92008,1.92008,1.92008,1.92008,1.92008,1.92008,1.92008,1.92008,1.92008,1.92008,1.92008,1.92008,1.92008,1.92008,1.92008,1.92008,1.92008,1.92008,1.92008,1.92008,1.92008,1.92008,1.92008,1.92008,1.92008,1.92008,1.92008,1.92008,1.92008,1.92008,1.92008,1.92008,1.92008,1.92008,1.92008,1.92008,1.92008,1.92008,1.92008,1.92008,1.92008,1.92008,1.92008,1.92008,1.92008,1.92008,1.92008,1.92008
345,1.92008,1.92008,1.92008,1.92008,1.92008,1.92008,1.92008,1.92008,1.92008,1.92008,1.92008,1.92008,1.92008,1.92008,1.92008,1.92008,1.92008,1.92008,1.92008,1.92008,1.92008,1.92008,1.92008,1.92008,1.92008,1.92008,1.92008,1.92008,1.92008,1.92008,1.92008,1.92008,1.92008,1.92008,1.92008,1.92008,1.92008,1.92008,1.92008,1.92008,1.92008,1.92008,1.92008,1.92008,1.92008,1.92008,1.92008,1.92008,1.92008,1.92008
346,1.92008,1.92008,1.92008,1.92008,1.92008,1.92008,1.92008,1.92008,1.92008,1.92008,1.92008,1.92008,1.92008,1.92008,1.92008,1.92008,1.92008,1.92008,1.92008,1.92008,1.92008,1.92008,1.92008,1.92008,1.92008,1.92008,1.92008,1.92008,1.92008,1.92008,1.92008,1.92008,1.92008,1.92008,1.92008,1.92008,1.92008,1.92008,1.92008,1.92008,1.92008,1.92008,1.92008,1.92008,1.92008,1.92008,1.92008,1.92008,1.92008,1.92008
347,1.92008,1.92008,1.92008,1.92008,1.92008,1.92008,1.92008,1.92008,1.92008,1.92008,1.92008,1.92008,1.92008,1.92008,1.92008,1.92008,1.92008,1.92008,1.92008,1.92008,1.92008,1.92008,1.92008,1.92008,1.92008,1.92008,1.92008,1.92008,1.92008,1.92008,1.92008,1.92008,1.92008,1.92008,1.92008,1.92008,1.92008,1.92008,1.92008,1.92008,1.92008,1.92008,1.92008,1.92008,1.92008,1.92008,1.92008,1.92008,1.92008,1.92008
348,1.92008,1.92008,1.92008,1.92008,1.92008,1.92008,1.92008,1.92008,1.92008,1.92008,1.92008,1.92008,1.92008,1.92008,1.92008,1.92008,1.92008,1.92008,1.92008,1.92008,1.92008,1.92008,1.92008,1.92008,1.92008,1.92008,1.92008,1.92008,1.92008,1.92008,1.92008,1.92008,1.92008,1.92008,1.92008,1.92008,1.92008,1.92008,1.92008,1.92008,1.92008,1.92008,1.92008,1.92008,1.92008,1.92008,1.92008,1.92008,1.92008,1.92008
349,1.92008,1.92008,1.92008,1.92008,1.92008,1.92008,1.92008,1.92008,1.92008,1.92008,1.92008,1.92008,1.92008,1.92008,1.92008,1.92008,1.92008,1.92008,1.92008,1.92008,1.92008,1.92008,1.92008,1.92008,1.92008,1.92008,1.92008,1.92008,1.92008,1.92008,1.92008,1.92008,1.92008,1.92008,1.92008,1.92008,1.92008,1.92008,1.92008,1.92008,1.92008,1.92008,1.92008,1.92008,1.92008,1.92008,1.92008,1.92008,1.92008,1.92008
350,1.92008,1.92008,1.92008,1.92008,1.92008,1.92008,1.92008,1.92008,1.92008,1.92008,1.92008,1.92008,1.92008,1.92008,1.92008,1.92008,1.92008,1.92008,1.92008,1.92008,1.92008,1.92008,1.92008,1.92008,1.92008,1.92008,1.92008,1.92008,1.92008,1.92008,1.92008,1.92008,1.92008,1.92008,1.92008,1.92008,1.92008,1.92008,1.92008,1.92008,1.92008,1.92008,1.92008,1.92008,1.92008,1.92008,1.92008,1.92008,1.92008,1.92008
351,1.92008,1.92008,1.92008,1.92008,1.92008,1.92008,1.92008,1.92008,1.92008,1.92008,1.92008,1.92008,1.92008,1.92008,1.92008,1.92008,1.92008,1.92008,1.92008,1.92008,1.92008,1.92008,1.92008,1.92008,1.92008,1.92008,1.92008,1.92008,1.92008,1.92008,1.92008,1.92008,1.92008,1.92008,1.92008,1.92008,1.92008,1.92008,1.92008,1.92008,1.92008,1.92008,1.92008,1.92008,1.92008,1.92008,1.92008,1.92008,1.92008,1.92008
352,1.92008,1.92008,1.92008,1.92008,1.92008,1.92008,1.92008,1.92008,1.92008,1.92008,1.92008,1.92008,1.92008,1.92008,1.92008,1.92008,1.92008,1.92008,1.92008,1.92008,1.92008,1.92008,1.92008,1.92008,1.92008,1.92008,1.92008,1.92008,1.92008,1.92008,1.92008,1.92008,1.92008,1.92008,1.92008,1.92008,1.92008,1.92008,1.92008,1.92008,1.92008,1.92008,1.92008,1.92008,1.92008,1.92008,1.92008,1.92008,1.92008,1.92008
353,1.92008,1.92008,1.92008,1.92008,1.92008,1.92008,1.92008,1.92008,1.92008,1.92008,1.92008,1.92008,1.92008,1.92008,1.92008,1.92008,1.92008,1.92008,1.92008,1.92008,1.92008,1.92008,1.92008,1.92008,1.92008,1.92008,1.92008,1.92008,1.92008,1.92008,1.92008,1.92008,1.92008,1.92008,1.92008,1.92008,1.92008,1.92008,1.92008,1.92008,1.92008,1.92008,1.92008,1.92008,1.92008,1.92008,1.92008,1.92008,1.92008,1.92008
354,1.92008,1.92008,1.92008,1.92008,1.92008,1.92008,1.92008,1.92008,1.92008,1.92008,1.92008,1.92008,1.92008,1.92008,1.92008,1.92008,1.92008,1.92008,1.92008,1.92008,1.92008,1.92008,1.92008,1.92008,1.92008,1.92008,1.92008,1.92008,1.92008,1.92008,1.92008,1.92008,1.92008,1.92008,1.92008,1.92008,1.92008,1.92008,1.92008,1.92008,1.92008,1.92008,1.92008,1.92008,1.92008,1.92008,1.92008,1.92008,1.92008,1.92008
355,1.92008,1.92008,1.92008,1.92008,1.92008,1.92008,1.92008,1.92008,1.92008,1.92008,1.92008,1.92008,1.92008,1.92008,1.92008,1.92008,1.92008,1.92008,1.92008,1.92008,1.92008,1.92008,1.92008,1.92008,1.92008,1.92008,1.92008,1.92008,1.92008,1.92008,1.92008,1.92008,1.92008,1.92008,1.92008,1.92008,1.92008,1.92008,1.92008,1.92008,1.92008,1.92008,1.92008,1.92008,1.92008,1.92008,1.92008,1.92008,1.92008,1.92008
356,1.92008,1.92008,1.92008,1.92008,1.92008,1.92008,1.92008,1.92008,1.92008,1.92008,1.92008,1.92008,1.92008,1.92008,1.92008,1.92008,1.92008,1.92008,1.92008,1.92008,1.92008,1.92008,1.92008,1.92008,1.92008,1.92008,1.92008,1.92008,1.92008,1.92008,1.92008,1.92008,1.92008,1.92008,1.92008,1.92008,1.92008,1.92008,1.92008,1.92008,1.92008,1.92008,1.92008,1.92008,1.92008,1.92008,1.92008,1.92008,1.92008,1.92008
357,1.92008,1.92008,1.92008,1.92008,1.92008,1.92008,1.92008,1.92008,1.92008,1.92008,1.92008,1.92008,1.92008,1.92008,1.92008,1.92008,1.92008,1.92008,1.92008,1.92008,1.92008,1.92008,1.92008,1.92008,1.92008,1.92008,1.92008,1.92008,1.92008,1.92008,1.92008,1.92008,1.92008,1.92008,1.92008,1.92008,1.92008,1.92008,1.92008,1.92008,1.92008,1.92008,1.92008,1.92008,1.92008,1.92008,1.92008,1.92008,1.92008,1.92008
358,1.92008,1.92008,1.92008,1.92008,1.92008,1.92008,1.92008,1.92008,1.92008,1.92008,1.92008,1.92008,1.92008,1.92008,1.92008,1.92008,1.92008,1.92008,1.92008,1.92008,1.92008,1.92008,1.92008,1.92008,1.92008,1.92008,1.92008,1.92008,1.92008,1.92008,1.92008,1.92008,1.92008,1.92008,1.92008,1.92008,1.92008,1.92008,1.92008,1.92008,1.92008,1.92008,1.92008,1.92008,1.92008,1.92008,1.92008,1.92008,1.92008,1.92008
359,1.92008,1.92008,1.92008,1.92008,1.92008,1.92008,1.92008,1.92008,1.92008,1.92008,1.92008,1.92008,1.92008,1.92008,1.92008,1.92008,1.92008,1.92008,1.92008,1.92008,1.92008,1.92008,1.92008,1.92008,1.92008,1.92008,1.92008,1.92008,1.92008,1.92008,1.92008,1.92008,1.92008,1.92008,1.92008,1.92008,1.92008,1.92008,1.92008,1.92008,1.92008,1.92008,1.92008,1.92008,1.92008,1.92008,1.92008,1.92008,1.92008,1.92008
360,1.92008,1.92008,1.92008,1.92008,1.92008,1.92008,1.92008,1.92008,1.92008,1.92008,1.92008,1.92008,1.92008,1.92008,1.92008,1.92008,1.92008,1.92008,1.92008,1.92008,1.92008,1.92008,1.92008,1.92008,1.92008,1.92008,1.92008,1.92008,1.92008,1.92008,1.92008,1.92008,1.92008,1.92008,1.92008,1.92008,1.92008,1.92008,1.92008,1.92008,1.92008,1.92008,1.92008,1.92008,1.92008,1.92008,1.92008,1.92008,1.92008,1.92008
361,1.92008,1.92008,1.92008,1.92008,1.92008,1.92008,1.92008,1.92008,1.92008,1.92008,1.92008,1.92008,1.92008,1.92008,1.92008,1.92008,1.92008,1.92008,1.92008,1.92008,1.92008,1.92008,1.92008,1.92008,1.92008,1.92008,1.92008,1.92008,1.92008,1.92008,1.92008,1.92008,1.92008,1.92008,1.92008,1.92008,1.92008,1.92008,1.92008,1.92008,1.92008,1.92008,1.92008,1.92008,1.92008,1.92008,1.92008,1.92008,1.92008,1.92008
362,1.92008,1.92008,1.92008,1.92008,1.92008,1.92008,1.92008,1.92008,1.92008,1.92008,1.92008,1.92008,1.92008,1.92008,1.92008,1.92008,1.92008,1.92008,1.92008,1.92008,1.92008,1.92008,1.92008,1.92008,1.92008,1.92008,1.92008,1.92008,1.92008,1.92008,1.92008,1.92008,1.92008,1.92008,1.92008,1.92008,1.92008,1.92008,1.92008,1.92008,1.92008,1.92008,1.92008,1.92008,1.92008,1.92008,1.92008,1.92008,1.92008,1.92008
363,1.92008,1.92008,1.92008,1.92008,1.92008,1.92008,1.92008,1.92008,1.92008,1.92008,1.92008,1.92008,1.92008,1.92008,1.92008,1.92008,1.92008,1.92008,1.92008,1.92008,1.92008,1.92008,1.92008,1.92008,1.92008,1.92008,1.92008,1.92008,1.92008,1.92008,1.92008,1.92008,1.92008,1.92008,1.92008,1.92008,1.92008,1.92008,1.92008,1.92008,1.92008,1.92008,1.92008,1.92008,1.92008,1.92008,1.92008,1.92008,1.92008,1.92008
364,1.92008,1.92008,1.92008,1.92008,1.92008,1.92008,1.92008,1.92008,1.92008,1.92008,1.92008,1.92008,1.92008,1.92008,1.92008,1.92008,1.92008,1.92008,1.92008,1.92008,1.92008,1.92008,1.92008,1.92008,1.92008,1.92008,1.92008,1.92008,1.92008,1.92008,1.92008,1.92008,1.92008,1.92008,1.92008,1.92008,1.92008,1.92008,1.92008,1.92008,1.92008,1.92008,1.92008,1.92008,1.92008,1.92008,1.92008,1.92008,1.92008,1.92008
365,1.92008,1.92008,1.92008,1.92008,1.92008,1.92008,1.92008,1.92008,1.92008,1.92008,1.92008,1.92008,1.92008,1.92008,1.92008,1.92008,1.92008,1.92008,1.92008,1.92008,1.92008,1.92008,1.92008,1.92008,1.92008,1.92008,1.92008,1.92008,1.92008,1.92008,1.92008,1.92008,1.92008,1.92008,1.92008,1.92008,1.92008,1.92008,1.92008,1.92008,1.92008,1.92008,1.92008,1.92008,1.92008,1.92008,1.92008,1.92008,1.92008,1.92008
366,1.92008,1.92008,1.92008,1.92008,1.92008,1.92008,1.92008,1.92008,1.92008,1.92008,1.92008,1.92008,1.92008,1.92008,1.92008,1.92008,1.92008,1.92008,1.92008,1.92008,1.92008,1.92008,1.92008,1.92008,1.92008,1.92008,1.92008,1.92008,1.92008,1.92008,1.92008,1.92008,1.92008,1.92008,1.92008,1.92008,1.92008,1.92008,1.92008,1.92008,1.92008,1.92008,1.92008,1.92008,1.92008,1.92008,1.92008,1.92008,1.92008,1.92008
367,1.92008,1.92008,1.92008,1.92008,1.92008,1.92008,1.92008,1.92008,1.92008,1.92008,1.92008,1.92008,1.92008,1.92008,1.92008,1.92008,1.92008,1.92008,1.92008,1.92008,1.92008,1.92008,1.92008,1.92008,1.92008,1.92008,1.92008,1.92008,1.92008,1.92008,1.92008,1.92008,1.92008,1.92008,1.92008,1.92008,1.92008,1.92008,1.92008,1.92008,1.92008,1.92008,1.92008,1.92008,1.92008,1.92008,1.92008,1.92008,1.92008,1.92008
368,1.92008,1.92008,1.92008,1.92008,1.92008,1.92008,1.92008,1.92008,1.92008,1.92008,1.92008,1.92008,1.92008,1.92008,1.92008,1.92008,1.92008,1.92008,1.92008,1.92008,1.92008,1.92008,1.92008,1.92008,1.92008,1.92008,1.92008,1.92008,1.92008,1.92008,1.92008,1.92008,1.92008,1.92008,1.92008,1.92008,1.92008,1.92008,1.92008,1.92008,1.92008,1.92008,1.92008,1.92008,1.92008,1.92008,1.92008,1.92008,1.92008,1.92008
369,1.92008,1.92008,1.92008,1.92008,1.92008,1.92008,1.92008,1.92008,1.92008,1.92008,1.92008,1.92008,1.92008,1.92008,1.92008,1.92008,1.92008,1.92008,1.92008,1.92008,1.92008,1.92008,1.92008,1.92008,1.92008,1.92008,1.92008,1.92008,1.92008,1.92008,1.92008,1.92008,1.92008,1.92008,1.92008,1.92008,1.92008,1.92008,1.92008,1.92008,1.92008,1.92008,1.92008,1.92008,1.92008,1.92008,1.92008,1.92008,1.92008,1.92008
370,1.92008,1.92008,1.92008,1.92008,1.92008,1.92008,1.92008,1.92008,1.92008,1.92008,1.92008,1.92008,1.92008,1.92008,1.92008,1.92008,1.92008,1.92008,1.92008,1.92008,1.92008,1.92008,1.92008,1.92008,1.92008,1.92008,1.92008,1.92008,1.92008,1.92008,1.92008,1.92008,1.92008,1.92008,1.92008,1.92008,1.92008,1.92008,1.92008,1.92008,1.92008,1.92008,1.92008,1.92008,1.92008,1.92008,1.92008,1.92008,1.92008,1.92008
371,1.92008,1.92008,1.92008,1.92008,1.92008,1.92008,1.92008,1.92008,1.92008,1.92008,1.92008,1.92008,1.92008,1.92008,1.92008,1.92008,1.92008,1.92008,1.92008,1.92008,1.92008,1.92008,1.92008,1.92008,1.92008,1.92008,1.92008,1.92008,1.92008,1.92008,1.92008,1.92008,1.92008,1.92008,1.92008,1.92008,1.92008,1.92008,1.92008,1.92008,1.92008,1.92008,1.92008,1.92008,1.92008,1.92008,1.92008,1.92008,1.92008,1.92008
372,1.92008,1.92008,1.92008,1.92008,1.92008,1.92008,1.92008,1.92008,1.92008,1.92008,1.92008,1.92008,1.92008,1.92008,1.92008,1.92008,1.92008,1.92008,1.92008,1.92008,1.92008,1.92008,1.92008,1.92008,1.92008,1.92008,1.92008,1.92008,1.92008,1.92008,1.92008,1.92008,1.92008,1.92008,1.92008,1.92008,1.92008,1.92008,1.92008,1.92008,1.92008,1.92008,1.92008,1.92008,1.92008,1.92008,1.92008,1.92008,1.92008,1.92008
373,1.92008,1.92008,1.92008,1.92008,1.92008,1.92008,1.92008,1.92008,1.92008,1.92008,1.92008,1.92008,1.92008,1.92008,1.92008,1.92008,1.92008,1.92008,1.92008,1.92008,1.92008,1.92008,1.92008,1.92008,1.92008,1.92008,1.92008,1.92008,1.92008,1.92008,1.92008,1.92008,1.92008,1.92008,1.92008,1.92008,1.92008,1.92008,1.92008,1.92008,1.92008,1.92008,1.92008,1.92008,1.92008,1.92008,1.92008,1.92008,1.92008,1.92008
374,1.92008,1.92008,1.92008,1.92008,1.92008,1.92008,1.92008,1.92008,1.92008,1.92008,1.92008,1.92008,1.92008,1.92008,1.92008,1.92008,1.92008,1.92008,1.92008,1.92008,1.92008,1.92008,1.92008,1.92008,1.92008,1.92008,1.92008,1.92008,1.92008,1.92008,1.92008,1.92008,1.92008,1.92008,1.92008,1.92008,1.92008,1.92008,1.92008,1.92008,1.92008,1.92008,1.92008,1.92008,1.92008,1.92008,1.92008,1.92008,1.92008,1.92008
375,1.92008,1.92008,1.92008,1.92008,1.92008,1.92008,1.92008,1.92008,1.92008,1.92008,1.92008,1.92008,1.92008,1.92008,1.92008,1.92008,1.92008,1.92008,1.92008,1.92008,1.92008,1.92008,1.92008,1.92008,1.92008,1.92008,1.92008,1.92008,1.92008,1.92008,1.92008,1.92008,1.92008,1.92008,1.92008,1.92008,1.92008,1.92008,1.92008,1.92008,1.92008,1.92008,1.92008,1.92008,1.92008,1.92008,1.92008,1.92008,1.92008,1.92008
376,1.92008,1.92008,1.92008,1.92008,1.92008,1.92008,1.92008,1.92008,1.92008,1.92008,1.92008,1.92008,1.92008,1.92008,1.92008,1.92008,1.92008,1.92008,1.92008,1.92008,1.92008,1.92008,1.92008,1.92008,1.92008,1.92008,1.92008,1.92008,1.92008,1.92008,1.92008,1.92008,1.92008,1.92008,1.92008,1.92008,1.92008,1.92008,1.92008,1.92008,1.92008,1.92008,1.92008,1.92008,1.92008,1.92008,1.92008,1.92008,1.92008,1.92008
377,1.92008,1.92008,1.92008,1.92008,1.92008,1.92008,1.92008,1.92008,1.92008,1.92008,1.92008,1.92008,1.92008,1.92008,1.92008,1.92008,1.92008,1.92008,1.92008,1.92008,1.92008,1.92008,1.92008,1.92008,1.92008,1.92008,1.92008,1.92008,1.92008,1.92008,1.92008,1.92008,1.92008,1.92008,1.92008,1.92008,1.92008,1.92008,1.92008,1.92008,1.92008,1.92008,1.92008,1.92008,1.92008,1.92008,1.92008,1.92008,1.92008,1.92008
378,1.92008,1.92008,1.92008,1.92008,1.92008,1.92008,1.92008,1.92008,1.92008,1.92008,1.92008,1.92008,1.92008,1.92008,1.92008,1.92008,1.92008,1.92008,1.92008,1.92008,1.92008,1.92008,1.92008,1.92008,1.92008,1.92008,1.92008,1.92008,1.92008,1.92008,1.92008,1.92008,1.92008,1.92008,1.92008,1.92008,1.92008,1.92008,1.92008,1.92008,1.92008,1.92008,1.92008,1.92008,1.92008,1.92008,1.92008,1.92008,1.92008,1.92008
379,1.92008,1.92008,1.92008,1.92008,1.92008,1.92008,1.92008,1.92008,1.92008,1.92008,1.92008,1.92008,1.92008,1.92008,1.92008,1.92008,1.92008,1.92008,1.92008,1.92008,1.92008,1.92008,1.92008,1.92008,1.92008,1.92008,1.92008,1.92008,1.92008,1.92008,1.92008,1.92008,1.92008,1.92008,1.92008,1.92008,1.92008,1.92008,1.92008,1.92008,1.92008,1.92008,1.92008,1.92008,1.92008,1.92008,1.92008,1.92008,1.92008,1.92008
380,1.92008,1.92008,1.92008,1.92008,1.92008,1.92008,1.92008,1.92008,1.92008,1.92008,1.92008,1.92008,1.92008,1.92008,1.92008,1.92008,1.92008,1.92008,1.92008,1.92008,1.92008,1.92008,1.92008,1.92008,1.92008,1.92008,1.92008,1.92008,1.92008,1.92008,1.92008,1.92008,1.92008,1.92008,1.92008,1.92008,1.92008,1.92008,1.92008,1.92008,1.92008,1.92008,1.92008,1.92008,1.92008,1.92008,1.92008,1.92008,1.92008,1.92008
381,1.92008,1.92008,1.92008,1.92008,1.92008,1.92008,1.92008,1.92008,1.92008,1.92008,1.92008,1.92008,1.92008,1.92008,1.92008,1.92008,1.92008,1.92008,1.92008,1.92008,1.92008,1.92008,1.92008,1.92008,1.92008,1.92008,1.92008,1.92008,1.92008,1.92008,1.92008,1.92008,1.92008,1.92008,1.92008,1.92008,1.92008,1.92008,1.92008,1.92008,1.92008,1.92008,1.92008,1.92008,1.92008,1.92008,1.92008,1.92008,1.92008,1.92008
382,1.92008,1.92008,1.92008,1.92008,1.92008,1.92008,1.92008,1.92008,1.92008,1.92008,1.92008,1.92008,1.92008,1.92008,1.92008,1.92008,1.92008,1.92008,1.92008,1.92008,1.92008,1.92008,1.92008,1.92008,1.92008,1.92008,1.92008,1.92008,1.92008,1.92008,1.92008,1.92008,1.92008,1.92008,1.92008,1.92008,1.92008,1.92008,1.92008,1.92008,1.92008,1.92008,1.92008,1.92008,1.92008,1.92008,1.92008,1.92008,1.92008,1.92008
383,1.92008,1.92008,1.92008,1.92008,1.92008,1.92008,1.92008,1.92008,1.92008,1.92008,1.92008,1.92008,1.92008,1.92008,1.92008,1.92008,1.92008,1.92008,1.92008,1.92008,1.92008,1.92008,1.92008,1.92008,1.92008,1.92008,1.92008,1.92008,1.92008,1.92008,1.92008,1.92008,1.92008,1.92008,1.92008,1.92008,1.92008,1.92008,1.92008,1.92008,1.92008,1.92008,1.92008,1.92008,1.92008,1.92008,1.92008,1.92008,1.92008,1.92008
384,1.92008,1.92008,1.92008,1.92008,1.92008,1.92008,1.92008,1.92008,1.92008,1.92008,1.92008,1.92008,1.92008,1.92008,1.92008,1.92008,1.92008,1.92008,1.92008,1.92008,1.92008,1.92008,1.92008,1.92008,1.92008,1.92008,1.92008,1.92008,1.92008,1.92008,1.92008,1.92008,1.92008,1.92008,1.92008,1.92008,1.92008,1.92008,1.92008,1.92008,1.92008,1.92008,1.92008,1.92008,1.92008,1.92008,1.92008,1.92008,1.92008,1.92008
385,1.92008,1.92008,1.92008,1.92008,1.92008,1.92008,1.92008,1.92008,1.92008,1.92008,1.92008,1.92008,1.92008,1.92008,1.92008,1.92008,1.92008,1.92008,1.92008,1.92008,1.92008,1.92008,1.92008,1.92008,1.92008,1.92008,1.92008,1.92008,1.92008,1.92008,1.92008,1.92008,1.92008,1.92008,1.92008,1.92008,1.92008,1.92008,1.92008,1.92008,1.92008,1.92008,1.92008,1.92008,1.92008,1.92008,1.92008,1.92008,1.92008,1.92008
386,1.92008,1.92008,1.92008,1.92008,1.92008,1.92008,1.92008,1.92008,1.92008,1.92008,1.92008,1.92008,1.92008,1.92008,1.92008,1.92008,1.92008,1.92008,1.92008,1.92008,1.92008,1.92008,1.92008,1.92008,1.92008,1.92008,1.92008,1.92008,1.92008,1.92008,1.92008,1.92008,1.92008,1.92008,1.92008,1.92008,1.92008,1.92008,1.92008,1.92008,1.92008,1.92008,1.92008,1.92008,1.92008,1.92008,1.92008,1.92008,1.92008,1.92008
387,1.92008,1.92008,1.92008,1.92008,1.92008,1.92008,1.92008,1.92008,1.92008,1.92008,1.92008,1.92008,1.92008,1.92008,1.92008,1.92008,1.92008,1.92008,1.92008,1.92008,1.92008,1.92008,1.92008,1.92008,1.92008,1.92008,1.92008,1.92008,1.92008,1.92008,1.92008,1.92008,1.92008,1.92008,1.92008,1.92008,1.92008,1.92008,1.92008,1.92008,1.92008,1.92008,1.92008,1.92008,1.92008,1.92008,1.92008,1.92008,1.92008,1.92008
388,1.92008,1.92008,1.92008,1.92008,1.92008,1.92008,1.92008,1.92008,1.92008,1.92008,1.92008,1.92008,1.92008,1.92008,1.92008,1.92008,1.92008,1.92008,1.92008,1.92008,1.92008,1.92008,1.92008,1.92008,1.92008,1.92008,1.92008,1.92008,1.92008,1.92008,1.92008,1.92008,1.92008,1.92008,1.92008,1.92008,1.92008,1.92008,1.92008,1.92008,1.92008,1.92008,1.92008,1.92008,1.92008,1.92008,1.92008,1.92008,1.92008,1.92008
389,1.92008,1.92008,1.92008,1.92008,1.92008,1.92008,1.92008,1.92008,1.92008,1.92008,1.92008,1.92008,1.92008,1.92008,1.92008,1.92008,1.92008,1.92008,1.92008,1.92008,1.92008,1.92008,1.92008,1.92008,1.92008,1.92008,1.92008,1.92008,1.92008,1.92008,1.92008,1.92008,1.92008,1.92008,1.92008,1.92008,1.92008,1.92008,1.92008,1.92008,1.92008,1.92008,1.92008,1.92008,1.92008,1.92008,1.92008,1.92008,1.92008,1.92008
390,1.92008,1.92008,1.92008,1.92008,1.92008,1.92008,1.92008,1.92008,1.92008,1.92008,1.92008,1.92008,1.92008,1.92008,1.92008,1.92008,1.92008,1.92008,1.92008,1.92008,1.92008,1.92008,1.92008,1.92008,1.92008,1.92008,1.92008,1.92008,1.92008,1.92008,1.92008,1.92008,1.92008,1.92008,1.92008,1.92008,1.92008,1.92008,1.92008,1.92008,1.92008,1.92008,1.92008,1.92008,1.92008,1.92008,1.92008,1.92008,1.92008,1.92008
391,1.92008,1.92008,1.92008,1.92008,1.92008,1.92008,1.92008,1.92008,1.92008,1.92008,1.92008,1.92008,1.92008,1.92008,1.92008,1.92008,1.92008,1.92008,1.92008,1.92008,1.92008,1.92008,1.92008,1.92008,1.92008,1.92008,1.92008,1.92008,1.92008,1.92008,1.92008,1.92008,1.92008,1.92008,1.92008,1.92008,1.92008,1.92008,1.92008,1.92008,1.92008,1.92008,1.92008,1.92008,1.92008,1.92008,1.92008,1.92008,1.92008,1.92008
392,1.92008,1.92008,1.92008,1.92008,1.92008,1.92008,1.92008,1.92008,1.92008,1.92008,1.92008,1.92008,1.92008,1.92008,1.92008,1.92008,1.92008,1.92008,1.92008,1.92008,1.92008,1.92008,1.92008,1.92008,1.92008,1.92008,1.92008,1.92008,1.92008,1.92008,1.92008,1.92008,1.92008,1.92008,1.92008,1.92008,1.92008,1.92008,1.92008,1.92008,1.92008,1.92008,1.92008,1.92008,1.92008,1.92008,1.92008,1.92008,1.92008,1.92008
393,1.92008,1.92008,1.92008,1.92008,1.92008,1.92008,1.92008,1.92008,1.92008,1.92008,1.92008,1.92008,1.92008,1.92008,1.92008,1.92008,1.92008,1.92008,1.92008,1.92008,1.92008,1.92008,1.92008,1.92008,1.92008,1.92008,1.92008,1.92008,1.92008,1.92008,1.92008,1.92008,1.92008,1.92008,1.92008,1.92008,1.92008,1.92008,1.92008,1.92008,1.92008,1.92008,1.92008,1.92008,1.92008,1.92008,1.92008,1.92008,1.92008,1.92008
394,1.92008,1.92008,1.92008,1.92008,1.92008,1.92008,1.92008,1.92008,1.92008,1.92008,1.92008,1.92008,1.92008,1.92008,1.92008,1.92008,1.92008,1.92008,1.92008,1.92008,1.92008,1.92008,1.92008,1.92008,1.92008,1.92008,1.92008,1.92008,1.92008,1.92008,1.92008,1.92008,1.92008,1.92008,1.92008,1.92008,1.92008,1.92008,1.92008,1.92008,1.92008,1.92008,1.92008,1.92008,1.92008,1.92008,1.92008,1.92008,1.92008,1.92008
395,1.92008,1.92008,1.92008,1.92008,1.92008,1.92008,1.92008,1.92008,1.92008,1.92008,1.92008,1.92008,1.92008,1.92008,1.92008,1.92008,1.92008,1.92008,1.92008,1.92008,1.92008,1.92008,1.92008,1.92008,1.92008,1.92008,1.92008,1.92008,1.92008,1.92008,1.92008,1.92008,1.92008,1.92008,1.92008,1.92008,1.92008,1.92008,1.92008,1.92008,1.92008,1.92008,1.92008,1.92008,1.92008,1.92008,1.92008,1.92008,1.92008,1.92008
396,1.92008,1.92008,1.92008,1.92008,1.92008,1.92008,1.92008,1.92008,1.92008,1.92008,1.92008,1.92008,1.92008,1.92008,1.92008,1.92008,1.92008,1.92008,1.92008,1.92008,1.92008,1.92008,1.92008,1.92008,1.92008,1.92008,1.92008,1.92008,1.92008,1.92008,1.92008,1.92008,1.92008,1.92008,1.92008,1.92008,1.92008,1.92008,1.92008,1.92008,1.92008,1.92008,1.92008,1.92008,1.92008,1.92008,1.92008,1.92008,1.92008,1.92008
397,1.92008,1.92008,1.92008,1.92008,1.92008,1.92008,1.92008,1.92008,1.92008,1.92008,1.92008,1.92008,1.92008,1.92008,1.92008,1.92008,1.92008,1.92008,1.92008,1.92008,1.92008,1.92008,1.92008,1.92008,1.92008,1.92008,1.92008,1.92008,1.92008,1.92008,1.92008,1.92008,1.92008,1.92008,1.92008,1.92008,1.92008,1.92008,1.92008,1.92008,1.92008,1.92008,1.92008,1.92008,1.92008,1.92008,1.92008,1.92008,1.92008,1.92008
398,1.92008,1.92008,1.92008,1.92008,1.92008,1.92008,1.92008,1.92008,1.92008,1.92008,1.92008,1.92008,1.92008,1.92008,1.92008,1.92008,1.92008,1.92008,1.92008,1.92008,1.92008,1.92008,1.92008,1.92008,1.92008,1.92008,1.92008,1.92008,1.92008,1.92008,1.92008,1.92008,1.92008,1.92008,1.92008,1.92008,1.92008,1.92008,1.92008,1.92008,1.92008,1.92008,1.92008,1.92008,1.92008,1.92008,1.92008,1.92008,1.92008,1.92008
399,1.92008,1.92008,1.92008,1.92008,1.92008,1.92008,1.92008,1.92008,1.92008,1.92008,1.92008,1.92008,1.92008,1.92008,1.92008,1.92008,1.92008,1.92008,1.92008,1.92008,1.92008,1.92008,1.92008,1.92008,1.92008,1.92008,1.92008,1.92008,1.92008,1.92008,1.92008,1.92008,1.92008,1.92008,1.92008,1.92008,1.92008,1.92008,1.92008,1.92008,1.92008,1.92008,1.92008,1.92008,1.92008,1.92008,1.92008,1.92008,1.92008,1.92008
400,1.92008,1.92008,1.92008,1.92008,1.92008,1.92008,1.92008,1.92008,1.92008,1.92008,1.92008,1.92008,1.92008,1.92008,1.92008,1.92008,1.92008,1.92008,1.92008,1.92008,1.92008,1.92008,1.92008,1.92008,1.92008,1.92008,1.92008,1.92008,1.92008,1.92008,1.92008,1.92008,1.92008,1.92008,1.92008,1.92008,1.92008,1.92008,1.92008,1.92008,1.92008,1.92008,1.92008,1.92008,1.92008,1.92008,1.92008,1.92008,1.92008,1.92008
401,1.92008,1.92008,1.92008,1.92008,1.92008,1.92008,1.92008,1.92008,1.92008,1.92008,1.92008,1.92008,1.92008,1.92008,1.92008,1.92008,1.92008,1.92008,1.92008,1.92008,1.92008,1.92008,1.92008,1.92008,1.92008,1.92008,1.92008,1.92008,1.92008,1.92008,1.92008,1.92008,1.92008,1.92008,1.92008,1.92008,1.92008,1.92008,1.92008,1.92008,1.92008,1.92008,1.92008,1.92008,1.92008,1.92008,1.92008,1.92008,1.92008,1.92008
402,1.92008,1.92008,1.92008,1.92008,1.92008,1.92008,1.92008,1.92008,1.92008,1.92008,1.92008,1.92008,1.92008,1.92008,1.92008,1.92008,1.92008,1.92008,1.92008,1.92008,1.92008,1.92008,1.92008,1.92008,1.92008,1.92008,1.92008,1.92008,1.92008,1.92008,1.92008,1.92008,1.92008,1.92008,1.92008,1.92008,1.92008,1.92008,1.92008,1.92008,1.92008,1.92008,1.92008,1.92008,1.92008,1.92008,1.92008,1.92008,1.92008,1.92008
403,1.92008,1.92008,1.92008,1.92008,1.92008,1.92008,1.92008,1.92008,1.92008,1.92008,1.92008,1.92008,1.92008,1.92008,1.92008,1.92008,1.92008,1.92008,1.92008,1.92008,1.92008,1.92008,1.92008,1.92008,1.92008,1.92008,1.92008,1.92008,1.92008,1.92008,1.92008,1.92008,1.92008,1.92008,1.92008,1.92008,1.92008,1.92008,1.92008,1.92008,1.92008,1.92008,1.92008,1.92008,1.92008,1.92008,1.92008,1.92008,1.92008,1.92008
404,1.92008,1.92008,1.92008,1.92008,1.92008,1.92008,1.92008,1.92008,1.92008,1.92008,1.92008,1.92008,1.92008,1.92008,1.92008,1.92008,1.92008,1.92008,1.92008,1.92008,1.92008,1.92008,1.92008,1.92008,1.92008,1.92008,1.92008,1.92008,1.92008,1.92008,1.92008,1.92008,1.92008,1.92008,1.92008,1.92008,1.92008,1.92008,1.92008,1.92008,1.92008,1.92008,1.92008,1.92008,1.92008,1.92008,1.92008,1.92008,1.92008,1.92008
405,1.92008,1.92008,1.92008,1.92008,1.92008,1.92008,1.92008,1.92008,1.92008,1.92008,1.92008,1.92008,1.92008,1.92008,1.92008,1.92008,1.92008,1.92008,1.92008,1.92008,1.92008,1.92008,1.92008,1.92008,1.92008,1.92008,1.92008,1.92008,1.92008,1.92008,1.92008,1.92008,1.92008,1.92008,1.92008,1.92008,1.92008,1.92008,1.92008,1.92008,1.92008,1.92008,1.92008,1.92008,1.92008,1.92008,1.92008,1.92008,1.92008,1.92008
406,1.92008,1.92008,1.92008,1.92008,1.92008,1.92008,1.92008,1.92008,1.92008,1.92008,1.92008,1.92008,1.92008,1.92008,1.92008,1.92008,1.92008,1.92008,1.92008,1.92008,1.92008,1.92008,1.92008,1.92008,1.92008,1.92008,1.92008,1.92008,1.92008,1.92008,1.92008,1.92008,1.92008,1.92008,1.92008,1.92008,1.92008,1.92008,1.92008,1.92008,1.92008,1.92008,1.92008,1.92008,1.92008,1.92008,1.92008,1.92008,1.92008,1.92008
407,1.92008,1.92008,1.92008,1.92008,1.92008,1.92008,1.92008,1.92008,1.92008,1.92008,1.92008,1.92008,1.92008,1.92008,1.92008,1.92008,1.92008,1.92008,1.92008,1.92008,1.92008,1.92008,1.92008,1.92008,1.92008,1.92008,1.92008,1.92008,1.92008,1.92008,1.92008,1.92008,1.92008,1.92008,1.92008,1.92008,1.92008,1.92008,1.92008,1.92008,1.92008,1.92008,1.92008,1.92008,1.92008,1.92008,1.92008,1.92008,1.92008,1.92008
408,1.92008,1.92008,1.92008,1.92008,1.92008,1.92008,1.92008,1.92008,1.92008,1.92008,1.92008,1.92008,1.92008,1.92008,1.92008,1.92008,1.92008,1.92008,1.92008,1.92008,1.92008,1.92008,1.92008,1.92008,1.92008,1.92008,1.92008,1.92008,1.92008,1.92008,1.92008,1.92008,1.92008,1.92008,1.92008,1.92008,1.92008,1.92008,1.92008,1.92008,1.92008,1.92008,1.92008,1.92008,1.92008,1.92008,1.92008,1.92008,1.92008,1.92008
409,1.92008,1.92008,1.92008,1.92008,1.92008,1.92008,1.92008,1.92008,1.92008,1.92008,1.92008,1.92008,1.92008,1.92008,1.92008,1.92008,1.92008,1.92008,1.92008,1.92008,1.92008,1.92008,1.92008,1.92008,1.92008,1.92008,1.92008,1.92008,1.92008,1.92008,1.92008,1.92008,1.92008,1.92008,1.92008,1.92008,1.92008,1.92008,1.92008,1.92008,1.92008,1.92008,1.92008,1.92008,1.92008,1.92008,1.92008,1.92008,1.92008,1.92008
410,1.92008,1.92008,1.92008,1.92008,1.92008,1.92008,1.92008,1.92008,1.92008,1.92008,1.92008,1.92008,1.92008,1.92008,1.92008,1.92008,1.92008,1.92008,1.92008,1.92008,1.92008,1.92008,1.92008,1.92008,1.92008,1.92008,1.92008,1.92008,1.92008,1.92008,1.92008,1.92008,1.92008,1.92008,1.92008,1.92008,1.92008,1.92008,1.92008,1.92008,1.92008,1.92008,1.92008,1.92008,1.92008,1.92008,1.92008,1.92008,1.92008,1.92008
411,1.92008,1.92008,1.92008,1.92008,1.92008,1.92008,1.92008,1.92008,1.92008,1.92008,1.92008,1.92008,1.92008,1.92008,1.92008,1.92008,1.92008,1.92008,1.92008,1.92008,1.92008,1.92008,1.92008,1.92008,1.92008,1.92008,1.92008,1.92008,1.92008,1.92008,1.92008,1.92008,1.92008,1.92008,1.92008,1.92008,1.92008,1.92008,1.92008,1.92008,1.92008,1.92008,1.92008,1.92008,1.92008,1.92008,1.92008,1.92008,1.92008,1.92008
412,1.92008,1.92008,1.92008,1.92008,1.92008,1.92008,1.92008,1.92008,1.92008,1.92008,1.92008,1.92008,1.92008,1.92008,1.92008,1.92008,1.92008,1.92008,1.92008,1.92008,1.92008,1.92008,1.92008,1.92008,1.92008,1.92008,1.92008,1.92008,1.92008,1.92008,1.92008,1.92008,1.92008,1.92008,1.92008,1.92008,1.92008,1.92008,1.92008,1.92008,1.92008,1.92008,1.92008,1.92008,1.92008,1.92008,1.92008,1.92008,1.92008,1.92008
413,1.92008,1.92008,1.92008,1.92008,1.92008,1.92008,1.92008,1.92008,1.92008,1.92008,1.92008,1.92008,1.92008,1.92008,1.92008,1.92008,1.92008,1.92008,1.92008,1.92008,1.92008,1.92008,1.92008,1.92008,1.92008,1.92008,1.92008,1.92008,1.92008,1.92008,1.92008,1.92008,1.92008,1.92008,1.92008,1.92008,1.92008,1.92008,1.92008,1.92008,1.92008,1.92008,1.92008,1.92008,1.92008,1.92008,1.92008,1.92008,1.92008,1.92008
414,1.92008,1.92008,1.92008,1.92008,1.92008,1.92008,1.92008,1.92008,1.92008,1.92008,1.92008,1.92008,1.92008,1.92008,1.92008,1.92008,1.92008,1.92008,1.92008,1.92008,1.92008,1.92008,1.92008,1.92008,1.92008,1.92008,1.92008,1.92008,1.92008,1.92008,1.92008,1.92008,1.92008,1.92008,1.92008,1.92008,1.92008,1.92008,1.92008,1.92008,1.92008,1.92008,1.92008,1.92008,1.92008,1.92008,1.92008,1.92008,1.92008,1.92008
415,1.92008,1.92008,1.92008,1.92008,1.92008,1.92008,1.92008,1.92008,1.92008,1.92008,1.92008,1.92008,1.92008,1.92008,1.92008,1.92008,1.92008,1.92008,1.92008,1.92008,1.92008,1.92008,1.92008,1.92008,1.92008,1.92008,1.92008,1.92008,1.92008,1.92008,1.92008,1.92008,1.92008,1.92008,1.92008,1.92008,1.92008,1.92008,1.92008,1.92008,1.92008,1.92008,1.92008,1.92008,1.92008,1.92008,1.92008,1.92008,1.92008,1.92008
416,1.92008,1.92008,1.92008,1.92008,1.92008,1.92008,1.92008,1.92008,1.92008,1.92008,1.92008,1.92008,1.92008,1.92008,1.92008,1.92008,1.92008,1.92008,1.92008,1.92008,1.92008,1.92008,1.92008,1.92008,1.92008,1.92008,1.92008,1.92008,1.92008,1.92008,1.92008,1.92008,1.92008,1.92008,1.92008,1.92008,1.92008,1.92008,1.92008,1.92008,1.92008,1.92008,1.92008,1.92008,1.92008,1.92008,1.92008,1.92008,1.92008,1.92008
417,1.92008,1.92008,1.92008,1.92008,1.92008,1.92008,1.92008,1.92008,1.92008,1.92008,1.92008,1.92008,1.92008,1.92008,1.92008,1.92008,1.92008,1.92008,1.92008,1.92008,1.92008,1.92008,1.92008,1.92008,1.92008,1.92008,1.92008,1.92008,1.92008,1.92008,1.92008,1.92008,1.92008,1.92008,1.92008,1.92008,1.92008,1.92008,1.92008,1.92008,1.92008,1.92008,1.92008,1.92008,1.92008,1.92008,1.92008,1.92008,1.92008,1.92008
418,1.92008,1.92008,1.92008,1.92008,1.92008,1.92008,1.92008,1.92008,1.92008,1.92008,1.92008,1.92008,1.92008,1.92008,1.92008,1.92008,1.92008,1.92008,1.92008,1.92008,1.92008,1.92008,1.92008,1.92008,1.92008,1.92008,1.92008,1.92008,1.92008,1.92008,1.92008,1.92008,1.92008,1.92008,1.92008,1.92008,1.92008,1.92008,1.92008,1.92008,1.92008,1.92008,1.92008,1.92008,1.92008,1.92008,1.92008,1.92008,1.92008,1.92008
419,1.92008,1.92008,1.92008,1.92008,1.92008,1.92008,1.92008,1.92008,1.92008,1.92008,1.92008,1.92008,1.92008,1.92008,1.92008,1.92008,1.92008,1.92008,1.92008,1.92008,1.92008,1.92008,1.92008,1.92008,1.92008,1.92008,1.92008,1.92008,1.92008,1.92008,1.92008,1.92008,1.92008,1.92008,1.92008,1.92008,1.92008,1.92008,1.92008,1.92008,1.92008,1.92008,1.92008,1.92008,1.92008,1.92008,1.92008,1.92008,1.92008,1.92008
420,1.92008,1.92008,1.92008,1.92008,1.92008,1.92008,1.92008,1.92008,1.92008,1.92008,1.92008,1.92008,1.92008,1.92008,1.92008,1.92008,1.92008,1.92008,1.92008,1.92008,1.92008,1.92008,1.92008,1.92008,1.92008,1.92008,1.92008,1.92008,1.92008,1.92008,1.92008,1.92008,1.92008,1.92008,1.92008,1.92008,1.92008,1.92008,1.92008,1.92008,1.92008,1.92008,1.92008,1.92008,1.92008,1.92008,1.92008,1.92008,1.92008,1.92008
421,1.92008,1.92008,1.92008,1.92008,1.92008,1.92008,1.92008,1.92008,1.92008,1.92008,1.92008,1.92008,1.92008,1.92008,1.92008,1.92008,1.92008,1.92008,1.92008,1.92008,1.92008,1.92008,1.92008,1.92008,1.92008,1.92008,1.92008,1.92008,1.92008,1.92008,1.92008,1.92008,1.92008,1.92008,1.92008,1.92008,1.92008,1.92008,1.92008,1.92008,1.92008,1.92008,1.92008,1.92008,1.92008,1.92008,1.92008,1.92008,1.92008,1.92008
422,1.92008,1.92008,1.92008,1.92008,1.92008,1.92008,1.92008,1.92008,1.92008,1.92008,1.92008,1.92008,1.92008,1.92008,1.92008,1.92008,1.92008,1.92008,1.92008,1.92008,1.92008,1.92008,1.92008,1.92008,1.92008,1.92008,1.92008,1.92008,1.92008,1.92008,1.92008,1.92008,1.92008,1.92008,1.92008,1.92008,1.92008,1.92008,1.92008,1.92008,1.92008,1.92008,1.92008,1.92008,1.92008,1.92008,1.92008,1.92008,1.92008,1.92008
423,1.92008,1.92008,1.92008,1.92008,1.92008,1.92008,1.92008,1.92008,1.92008,1.92008,1.92008,1.92008,1.92008,1.92008,1.92008,1.92008,1.92008,1.92008,1.92008,1.92008,1.92008,1.92008,1.92008,1.92008,1.92008,1.92008,1.92008,1.92008,1.92008,1.92008,1.92008,1.92008,1.92008,1.92008,1.92008,1.92008,1.92008,1.92008,1.92008,1.92008,1.92008,1.92008,1.92008,1.92008,1.92008,1.92008,1.92008,1.92008,1.92008,1.92008
424,1.92008,1.92008,1.92008,1.92008,1.92008,1.92008,1.92008,1.92008,1.92008,1.92008,1.92008,1.92008,1.92008,1.92008,1.92008,1.92008,1.92008,1.92008,1.92008,1.92008,1.92008,1.92008,1.92008,1.92008,1.92008,1.92008,1.92008,1.92008,1.92008,1.92008,1.92008,1.92008,1.92008,1.92008,1.92008,1.92008,1.92008,1.92008,1.92008,1.92008,1.92008,1.92008,1.92008,1.92008,1.92008,1.92008,1.92008,1.92008,1.92008,1.92008
425,1.92008,1.92008,1.92008,1.92008,1.92008,1.92008,1.92008,1.92008,1.92008,1.92008,1.92008,1.92008,1.92008,1.92008,1.92008,1.92008,1.92008,1.92008,1.92008,1.92008,1.92008,1.92008,1.92008,1.92008,1.92008,1.92008,1.92008,1.92008,1.92008,1.92008,1.92008,1.92008,1.92008,1.92008,1.92008,1.92008,1.92008,1.92008,1.92008,1.92008,1.92008,1.92008,1.92008,1.92008,1.92008,1.92008,1.92008,1.92008,1.92008,1.92008
426,1.92008,1.92008,1.92008,1.92008,1.92008,1.92008,1.92008,1.92008,1.92008,1.92008,1.92008,1.92008,1.92008,1.92008,1.92008,1.92008,1.92008,1.92008,1.92008,1.92008,1.92008,1.92008,1.92008,1.92008,1.92008,1.92008,1.92008,1.92008,1.92008,1.92008,1.92008,1.92008,1.92008,1.92008,1.92008,1.92008,1.92008,1.92008,1.92008,1.92008,1.92008,1.92008,1.92008,1.92008,1.92008,1.92008,1.92008,1.92008,1.92008,1.92008
427,1.92008,1.92008,1.92008,1.92008,1.92008,1.92008,1.92008,1.92008,1.92008,1.92008,1.92008,1.92008,1.92008,1.92008,1.92008,1.92008,1.92008,1.92008,1.92008,1.92008,1.92008,1.92008,1.92008,1.92008,1.92008,1.92008,1.92008,1.92008,1.92008,1.92008,1.92008,1.92008,1.92008,1.92008,1.92008,1.92008,1.92008,1.92008,1.92008,1.92008,1.92008,1.92008,1.92008,1.92008,1.92008,1.92008,1.92008,1.92008,1.92008,1.92008
428,1.92008,1.92008,1.92008,1.92008,1.92008,1.92008,1.92008,1.92008,1.92008,1.92008,1.92008,1.92008,1.92008,1.92008,1.92008,1.92008,1.92008,1.92008,1.92008,1.92008,1.92008,1.92008,1.92008,1.92008,1.92008,1.92008,1.92008,1.92008,1.92008,1.92008,1.92008,1.92008,1.92008,1.92008,1.92008,1.92008,1.92008,1.92008,1.92008,1.92008,1.92008,1.92008,1.92008,1.92008,1.92008,1.92008,1.92008,1.92008,1.92008,1.92008
429,1.92008,1.92008,1.92008,1.92008,1.92008,1.92008,1.92008,1.92008,1.92008,1.92008,1.92008,1.92008,1.92008,1.92008,1.92008,1.92008,1.92008,1.92008,1.92008,1.92008,1.92008,1.92008,1.92008,1.92008,1.92008,1.92008,1.92008,1.92008,1.92008,1.92008,1.92008,1.92008,1.92008,1.92008,1.92008,1.92008,1.92008,1.92008,1.92008,1.92008,1.92008,1.92008,1.92008,1.92008,1.92008,1.92008,1.92008,1.92008,1.92008,1.92008
430,1.92008,1.92008,1.92008,1.92008,1.92008,1.92008,1.92008,1.92008,1.92008,1.92008,1.92008,1.92008,1.92008,1.92008,1.92008,1.92008,1.92008,1.92008,1.92008,1.92008,1.92008,1.92008,1.92008,1.92008,1.92008,1.92008,1.92008,1.92008,1.92008,1.92008,1.92008,1.92008,1.92008,1.92008,1.92008,1.92008,1.92008,1.92008,1.92008,1.92008,1.92008,1.92008,1.92008,1.92008,1.92008,1.92008,1.92008,1.92008,1.92008,1.92008
431,1.92008,1.92008,1.92008,1.92008,1.92008,1.92008,1.92008,1.92008,1.92008,1.92008,1.92008,1.92008,1.92008,1.92008,1.92008,1.92008,1.92008,1.92008,1.92008,1.92008,1.92008,1.92008,1.92008,1.92008,1.92008,1.92008,1.92008,1.92008,1.92008,1.92008,1.92008,1.92008,1.92008,1.92008,1.92008,1.92008,1.92008,1.92008,1.92008,1.92008,1.92008,1.92008,1.92008,1.92008,1.92008,1.92008,1.92008,1.92008,1.92008,1.92008
432,1.92008,1.92008,1.92008,1.92008,1.92008,1.92008,1.92008,1.92008,1.92008,1.92008,1.92008,1.92008,1.92008,1.92008,1.92008,1.92008,1.92008,1.92008,1.92008,1.92008,1.92008,1.92008,1.92008,1.92008,1.92008,1.92008,1.92008,1.92008,1.92008,1.92008,1.92008,1.92008,1.92008,1.92008,1.92008,1.92008,1.92008,1.92008,1.92008,1.92008,1.92008,1.92008,1.92008,1.92008,1.92008,1.92008,1.92008,1.92008,1.92008,1.92008
433,1.92008,1.92008,1.92008,1.92008,1.92008,1.92008,1.92008,1.92008,1.92008,1.92008,1.92008,1.92008,1.92008,1.92008,1.92008,1.92008,1.92008,1.92008,1.92008,1.92008,1.92008,1.92008,1.92008,1.92008,1.92008,1.92008,1.92008,1.92008,1.92008,1.92008,1.92008,1.92008,1.92008,1.92008,1.92008,1.92008,1.92008,1.92008,1.92008,1.92008,1.92008,1.92008,1.92008,1.92008,1.92008,1.92008,1.92008,1.92008,1.92008,1.92008
434,1.92008,1.92008,1.92008,1.92008,1.92008,1.92008,1.92008,1.92008,1.92008,1.92008,1.92008,1.92008,1.92008,1.92008,1.92008,1.92008,1.92008,1.92008,1.92008,1.92008,1.92008,1.92008,1.92008,1.92008,1.92008,1.92008,1.92008,1.92008,1.92008,1.92008,1.92008,1.92008,1.92008,1.92008,1.92008,1.92008,1.92008,1.92008,1.92008,1.92008,1.92008,1.92008,1.92008,1.92008,1.92008,1.92008,1.92008,1.92008,1.92008,1.92008
435,1.92008,1.92008,1.92008,1.92008,1.92008,1.92008,1.92008,1.92008,1.92008,1.92008,1.92008,1.92008,1.92008,1.92008,1.92008,1.92008,1.92008,1.92008,1.92008,1.92008,1.92008,1.92008,1.92008,1.92008,1.92008,1.92008,1.92008,1.92008,1.92008,1.92008,1.92008,1.92008,1.92008,1.92008,1.92008,1.92008,1.92008,1.92008,1.92008,1.92008,1.92008,1.92008,1.92008,1.92008,1.92008,1.92008,1.92008,1.92008,1.92008,1.92008
436,1.92008,1.92008,1.92008,1.92008,1.92008,1.92008,1.92008,1.92008,1.92008,1.92008,1.92008,1.92008,1.92008,1.92008,1.92008,1.92008,1.92008,1.92008,1.92008,1.92008,1.92008,1.92008,1.92008,1.92008,1.92008,1.92008,1.92008,1.92008,1.92008,1.92008,1.92008,1.92008,1.92008,1.92008,1.92008,1.92008,1.92008,1.92008,1.92008,1.92008,1.92008,1.92008,1.92008,1.92008,1.92008,1.92008,1.92008,1.92008,1.92008,1.92008
437,1.92008,1.92008,1.92008,1.92008,1.92008,1.92008,1.92008,1.92008,1.92008,1.92008,1.92008,1.92008,1.92008,1.92008,1.92008,1.92008,1.92008,1.92008,1.92008,1.92008,1.92008,1.92008,1.92008,1.92008,1.92008,1.92008,1.92008,1.92008,1.92008,1.92008,1.92008,1.92008,1.92008,1.92008,1.92008,1.92008,1.92008,1.92008,1.92008,1.92008,1.92008,1.92008,1.92008,1.92008,1.92008,1.92008,1.92008,1.92008,1.92008,1.92008
438,1.92008,1.92008,1.92008,1.92008,1.92008,1.92008,1.92008,1.92008,1.92008,1.92008,1.92008,1.92008,1.92008,1.92008,1.92008,1.92008,1.92008,1.92008,1.92008,1.92008,1.92008,1.92008,1.92008,1.92008,1.92008,1.92008,1.92008,1.92008,1.92008,1.92008,1.92008,1.92008,1.92008,1.92008,1.92008,1.92008,1.92008,1.92008,1.92008,1.92008,1.92008,1.92008,1.92008,1.92008,1.92008,1.92008,1.92008,1.92008,1.92008,1.92008
439,1.92008,1.92008,1.92008,1.92008,1.92008,1.92008,1.92008,1.92008,1.92008,1.92008,1.92008,1.92008,1.92008,1.92008,1.92008,1.92008,1.92008,1.92008,1.92008,1.92008,1.92008,1.92008,1.92008,1.92008,1.92008,1.92008,1.92008,1.92008,1.92008,1.92008,1.92008,1.92008,1.92008,1.92008,1.92008,1.92008,1.92008,1.92008,1.92008,1.92008,1.92008,1.92008,1.92008,1.92008,1.92008,1.92008,1.92008,1.92008,1.92008,1.92008
440,1.92008,1.92008,1.92008,1.92008,1.92008,1.92008,1.92008,1.92008,1.92008,1.92008,1.92008,1.92008,1.92008,1.92008,1.92008,1.92008,1.92008,1.92008,1.92008,1.92008,1.92008,1.92008,1.92008,1.92008,1.92008,1.92008,1.92008,1.92008,1.92008,1.92008,1.92008,1.92008,1.92008,1.92008,1.92008,1.92008,1.92008,1.92008,1.92008,1.92008,1.92008,1.92008,1.92008,1.92008,1.92008,1.92008,1.92008,1.92008,1.92008,1.92008
441,1.92008,1.92008,1.92008,1.92008,1.92008,1.92008,1.92008,1.92008,1.92008,1.92008,1.92008,1.92008,1.92008,1.92008,1.92008,1.92008,1.92008,1.92008,1.92008,1.92008,1.92008,1.92008,1.92008,1.92008,1.92008,1.92008,1.92008,1.92008,1.92008,1.92008,1.92008,1.92008,1.92008,1.92008,1.92008,1.92008,1.92008,1.92008,1.92008,1.92008,1.92008,1.92008,1.92008,1.92008,1.92008,1.92008,1.92008,1.92008,1.92008,1.92008
442,1.92008,1.92008,1.92008,1.92008,1.92008,1.92008,1.92008,1.92008,1.92008,1.92008,1.92008,1.92008,1.92008,1.92008,1.92008,1.92008,1.92008,1.92008,1.92008,1.92008,1.92008,1.92008,1.92008,1.92008,1.92008,1.92008,1.92008,1.92008,1.92008,1.92008,1.92008,1.92008,1.92008,1.92008,1.92008,1.92008,1.92008,1.92008,1.92008,1.92008,1.92008,1.92008,1.92008,1.92008,1.92008,1.92008,1.92008,1.92008,1.92008,1.92008
443,1.92008,1.92008,1.92008,1.92008,1.92008,1.92008,1.92008,1.92008,1.92008,1.92008,1.92008,1.92008,1.92008,1.92008,1.92008,1.92008,1.92008,1.92008,1.92008,1.92008,1.92008,1.92008,1.92008,1.92008,1.92008,1.92008,1.92008,1.92008,1.92008,1.92008,1.92008,1.92008,1.92008,1.92008,1.92008,1.92008,1.92008,1.92008,1.92008,1.92008,1.92008,1.92008,1.92008,1.92008,1.92008,1.92008,1.92008,1.92008,1.92008,1.92008
444,1.92008,1.92008,1.92008,1.92008,1.92008,1.92008,1.92008,1.92008,1.92008,1.92008,1.92008,1.92008,1.92008,1.92008,1.92008,1.92008,1.92008,1.92008,1.92008,1.92008,1.92008,1.92008,1.92008,1.92008,1.92008,1.92008,1.92008,1.92008,1.92008,1.92008,1.92008,1.92008,1.92008,1.92008,1.92008,1.92008,1.92008,1.92008,1.92008,1.92008,1.92008,1.92008,1.92008,1.92008,1.92008,1.92008,1.92008,1.92008,1.92008,1.92008
445,1.92008,1.92008,1.92008,1.92008,1.92008,1.92008,1.92008,1.92008,1.92008,1.92008,1.92008,1.92008,1.92008,1.92008,1.92008,1.92008,1.92008,1.92008,1.92008,1.92008,1.92008,1.92008,1.92008,1.92008,1.92008,1.92008,1.92008,1.92008,1.92008,1.92008,1.92008,1.92008,1.92008,1.92008,1.92008,1.92008,1.92008,1.92008,1.92008,1.92008,1.92008,1.92008,1.92008,1.92008,1.92008,1.92008,1.92008,1.92008,1.92008,1.92008
446,1.92008,1.92008,1.92008,1.92008,1.92008,1.92008,1.92008,1.92008,1.92008,1.92008,1.92008,1.92008,1.92008,1.92008,1.92008,1.92008,1.92008,1.92008,1.92008,1.92008,1.92008,1.92008,1.92008,1.92008,1.92008,1.92008,1.92008,1.92008,1.92008,1.92008,1.92008,1.92008,1.92008,1.92008,1.92008,1.92008,1.92008,1.92008,1.92008,1.92008,1.92008,1.92008,1.92008,1.92008,1.92008,1.92008,1.92008,1.92008,1.92008,1.92008
447,1.92008,1.92008,1.92008,1.92008,1.92008,1.92008,1.92008,1.92008,1.92008,1.92008,1.92008,1.92008,1.92008,1.92008,1.92008,1.92008,1.92008,1.92008,1.92008,1.92008,1.92008,1.92008,1.92008,1.92008,1.92008,1.92008,1.92008,1.92008,1.92008,1.92008,1.92008,1.92008,1.92008,1.92008,1.92008,1.92008,1.92008,1.92008,1.92008,1.92008,1.92008,1.92008,1.92008,1.92008,1.92008,1.92008,1.92008,1.92008,1.92008,1.92008
448,1.92008,1.92008,1.92008,1.92008,1.92008,1.92008,1.92008,1.92008,1.92008,1.92008,1.92008,1.92008,1.92008,1.92008,1.92008,1.92008,1.92008,1.92008,1.92008,1.92008,1.92008,1.92008,1.92008,1.92008,1.92008,1.92008,1.92008,1.92008,1.92008,1.92008,1.92008,1.92008,1.92008,1.92008,1.92008,1.92008,1.92008,1.92008,1.92008,1.92008,1.92008,1.92008,1.92008,1.92008,1.92008,1.92008,1.92008,1.92008,1.92008,1.92008
449,1.92008,1.92008,1.92008,1.92008,1.92008,1.92008,1.92008,1.92008,1.92008,1.92008,1.92008,1.92008,1.92008,1.92008,1.92008,1.92008,1.92008,1.92008,1.92008,1.92008,1.92008,1.92008,1.92008,1.92008,1.92008,1.92008,1.92008,1.92008,1.92008,1.92008,1.92008,1.92008,1.92008,1.92008,1.92008,1.92008,1.92008,1.92008,1.92008,1.92008,1.92008,1.92008,1.92008,1.92008,1.92008,1.92008,1.92008,1.92008,1.92008,1.92008
450,1.92008,1.92008,1.92008,1.92008,1.92008,1.92008,1.92008,1.92008,1.92008,1.92008,1.92008,1.92008,1.92008,1.92008,1.92008,1.92008,1.92008,1.92008,1.92008,1.92008,1.92008,1.92008,1.92008,1.92008,1.92008,1.92008,1.92008,1.92008,1.92008,1.92008,1.92008,1.92008,1.92008,1.92008,1.92008,1.92008,1.92008,1.92008,1.92008,1.92008,1.92008,1.92008,1.92008,1.92008,1.92008,1.92008,1.92008,1.92008,1.92008,1.92008
451,1.92008,1.92008,1.92008,1.92008,1.92008,1.92008,1.92008,1.92008,1.92008,1.92008,1.92008,1.92008,1.92008,1.92008,1.92008,1.92008,1.92008,1.92008,1.92008,1.92008,1.92008,1.92008,1.92008,1.92008,1.92008,1.92008,1.92008,1.92008,1.92008,1.92008,1.92008,1.92008,1.92008,1.92008,1.92008,1.92008,1.92008,1.92008,1.92008,1.92008,1.92008,1.92008,1.92008,1.92008,1.92008,1.92008,1.92008,1.92008,1.92008,1.92008
452,1.92008,1.92008,1.92008,1.92008,1.92008,1.92008,1.92008,1.92008,1.92008,1.92008,1.92008,1.92008,1.92008,1.92008,1.92008,1.92008,1.92008,1.92008,1.92008,1.92008,1.92008,1.92008,1.92008,1.92008,1.92008,1.92008,1.92008,1.92008,1.92008,1.92008,1.92008,1.92008,1.92008,1.92008,1.92008,1.92008,1.92008,1.92008,1.92008,1.92008,1.92008,1.92008,1.92008,1.92008,1.92008,1.92008,1.92008,1.92008,1.92008,1.92008
453,1.92008,1.92008,1.92008,1.92008,1.92008,1.92008,1.92008,1.92008,1.92008,1.92008,1.92008,1.92008,1.92008,1.92008,1.92008,1.92008,1.92008,1.92008,1.92008,1.92008,1.92008,1.92008,1.92008,1.92008,1.92008,1.92008,1.92008,1.92008,1.92008,1.92008,1.92008,1.92008,1.92008,1.92008,1.92008,1.92008,1.92008,1.92008,1.92008,1.92008,1.92008,1.92008,1.92008,1.92008,1.92008,1.92008,1.92008,1.92008,1.92008,1.92008
454,1.92008,1.92008,1.92008,1.92008,1.92008,1.92008,1.92008,1.92008,1.92008,1.92008,1.92008,1.92008,1.92008,1.92008,1.92008,1.92008,1.92008,1.92008,1.92008,1.92008,1.92008,1.92008,1.92008,1.92008,1.92008,1.92008,1.92008,1.92008,1.92008,1.92008,1.92008,1.92008,1.92008,1.92008,1.92008,1.92008,1.92008,1.92008,1.92008,1.92008,1.92008,1.92008,1.92008,1.92008,1.92008,1.92008,1.92008,1.92008,1.92008,1.92008
455,1.92008,1.92008,1.92008,1.92008,1.92008,1.92008,1.92008,1.92008,1.92008,1.92008,1.92008,1.92008,1.92008,1.92008,1.92008,1.92008,1.92008,1.92008,1.92008,1.92008,1.92008,1.92008,1.92008,1.92008,1.92008,1.92008,1.92008,1.92008,1.92008,1.92008,1.92008,1.92008,1.92008,1.92008,1.92008,1.92008,1.92008,1.92008,1.92008,1.92008,1.92008,1.92008,1.92008,1.92008,1.92008,1.92008,1.92008,1.92008,1.92008,1.92008
456,1.92008,1.92008,1.92008,1.92008,1.92008,1.92008,1.92008,1.92008,1.92008,1.92008,1.92008,1.92008,1.92008,1.92008,1.92008,1.92008,1.92008,1.92008,1.92008,1.92008,1.92008,1.92008,1.92008,1.92008,1.92008,1.92008,1.92008,1.92008,1.92008,1.92008,1.92008,1.92008,1.92008,1.92008,1.92008,1.92008,1.92008,1.92008,1.92008,1.92008,1.92008,1.92008,1.92008,1.92008,1.92008,1.92008,1.92008,1.92008,1.92008,1.92008
457,1.92008,1.92008,1.92008,1.92008,1.92008,1.92008,1.92008,1.92008,1.92008,1.92008,1.92008,1.92008,1.92008,1.92008,1.92008,1.92008,1.92008,1.92008,1.92008,1.92008,1.92008,1.92008,1.92008,1.92008,1.92008,1.92008,1.92008,1.92008,1.92008,1.92008,1.92008,1.92008,1.92008,1.92008,1.92008,1.92008,1.92008,1.92008,1.92008,1.92008,1.92008,1.92008,1.92008,1.92008,1.92008,1.92008,1.92008,1.92008,1.92008,1.92008
458,1.92008,1.92008,1.92008,1.92008,1.92008,1.92008,1.92008,1.92008,1.92008,1.92008,1.92008,1.92008,1.92008,1.92008,1.92008,1.92008,1.92008,1.92008,1.92008,1.92008,1.92008,1.92008,1.92008,1.92008,1.92008,1.92008,1.92008,1.92008,1.92008,1.92008,1.92008,1.92008,1.92008,1.92008,1.92008,1.92008,1.92008,1.92008,1.92008,1.92008,1.92008,1.92008,1.92008,1.92008,1.92008,1.92008,1.92008,1.92008,1.92008,1.92008
459,1.92008,1.92008,1.92008,1.92008,1.92008,1.92008,1.92008,1.92008,1.92008,1.92008,1.92008,1.92008,1.92008,1.92008,1.92008,1.92008,1.92008,1.92008,1.92008,1.92008,1.92008,1.92008,1.92008,1.92008,1.92008,1.92008,1.92008,1.92008,1.92008,1.92008,1.92008,1.92008,1.92008,1.92008,1.92008,1.92008,1.92008,1.92008,1.92008,1.92008,1.92008,1.92008,1.92008,1.92008,1.92008,1.92008,1.92008,1.92008,1.92008,1.92008
460,1.92008,1.92008,1.92008,1.92008,1.92008,1.92008,1.92008,1.92008,1.92008,1.92008,1.92008,1.92008,1.92008,1.92008,1.92008,1.92008,1.92008,1.92008,1.92008,1.92008,1.92008,1.92008,1.92008,1.92008,1.92008,1.92008,1.92008,1.92008,1.92008,1.92008,1.92008,1.92008,1.92008,1.92008,1.92008,1.92008,1.92008,1.92008,1.92008,1.92008,1.92008,1.92008,1.92008,1.92008,1.92008,1.92008,1.92008,1.92008,1.92008,1.92008
461,1.92008,1.92008,1.92008,1.92008,1.92008,1.92008,1.92008,1.92008,1.92008,1.92008,1.92008,1.92008,1.92008,1.92008,1.92008,1.92008,1.92008,1.92008,1.92008,1.92008,1.92008,1.92008,1.92008,1.92008,1.92008,1.92008,1.92008,1.92008,1.92008,1.92008,1.92008,1.92008,1.92008,1.92008,1.92008,1.92008,1.92008,1.92008,1.92008,1.92008,1.92008,1.92008,1.92008,1.92008,1.92008,1.92008,1.92008,1.92008,1.92008,1.92008
462,1.92008,1.92008,1.92008,1.92008,1.92008,1.92008,1.92008,1.92008,1.92008,1.92008,1.92008,1.92008,1.92008,1.92008,1.92008,1.92008,1.92008,1.92008,1.92008,1.92008,1.92008,1.92008,1.92008,1.92008,1.92008,1.92008,1.92008,1.92008,1.92008,1.92008,1.92008,1.92008,1.92008,1.92008,1.92008,1.92008,1.92008,1.92008,1.92008,1.92008,1.92008,1.92008,1.92008,1.92008,1.92008,1.92008,1.92008,1.92008,1.92008,1.92008
463,1.92008,1.92008,1.92008,1.92008,1.92008,1.92008,1.92008,1.92008,1.92008,1.92008,1.92008,1.92008,1.92008,1.92008,1.92008,1.92008,1.92008,1.92008,1.92008,1.92008,1.92008,1.92008,1.92008,1.92008,1.92008,1.92008,1.92008,1.92008,1.92008,1.92008,1.92008,1.92008,1.92008,1.92008,1.92008,1.92008,1.92008,1.92008,1.92008,1.92008,1.92008,1.92008,1.92008,1.92008,1.92008,1.92008,1.92008,1.92008,1.92008,1.92008
464,1.92008,1.92008,1.92008,1.92008,1.92008,1.92008,1.92008,1.92008,1.92008,1.92008,1.92008,1.92008,1.92008,1.92008,1.92008,1.92008,1.92008,1.92008,1.92008,1.92008,1.92008,1.92008,1.92008,1.92008,1.92008,1.92008,1.92008,1.92008,1.92008,1.92008,1.92008,1.92008,1.92008,1.92008,1.92008,1.92008,1.92008,1.92008,1.92008,1.92008,1.92008,1.92008,1.92008,1.92008,1.92008,1.92008,1.92008,1.92008,1.92008,1.92008
465,1.92008,1.92008,1.92008,1.92008,1.92008,1.92008,1.92008,1.92008,1.92008,1.92008,1.92008,1.92008,1.92008,1.92008,1.92008,1.92008,1.92008,1.92008,1.92008,1.92008,1.92008,1.92008,1.92008,1.92008,1.92008,1.92008,1.92008,1.92008,1.92008,1.92008,1.92008,1.92008,1.92008,1.92008,1.92008,1.92008,1.92008,1.92008,1.92008,1.92008,1.92008,1.92008,1.92008,1.92008,1.92008,1.92008,1.92008,1.92008,1.92008,1.92008
466,1.92008,1.92008,1.92008,1.92008,1.92008,1.92008,1.92008,1.92008,1.92008,1.92008,1.92008,1.92008,1.92008,1.92008,1.92008,1.92008,1.92008,1.92008,1.92008,1.92008,1.92008,1.92008,1.92008,1.92008,1.92008,1.92008,1.92008,1.92008,1.92008,1.92008,1.92008,1.92008,1.92008,1.92008,1.92008,1.92008,1.92008,1.92008,1.92008,1.92008,1.92008,1.92008,1.92008,1.92008,1.92008,1.92008,1.92008,1.92008,1.92008,1.92008
467,1.92008,1.92008,1.92008,1.92008,1.92008,1.92008,1.92008,1.92008,1.92008,1.92008,1.92008,1.92008,1.92008,1.92008,1.92008,1.92008,1.92008,1.92008,1.92008,1.92008,1.92008,1.92008,1.92008,1.92008,1.92008,1.92008,1.92008,1.92008,1.92008,1.92008,1.92008,1.92008,1.92008,1.92008,1.92008,1.92008,1.92008,1.92008,1.92008,1.92008,1.92008,1.92008,1.92008,1.92008,1.92008,1.92008,1.92008,1.92008,1.92008,1.92008
468,1.92008,1.92008,1.92008,1.92008,1.92008,1.92008,1.92008,1.92008,1.92008,1.92008,1.92008,1.92008,1.92008,1.92008,1.92008,1.92008,1.92008,1.92008,1.92008,1.92008,1.92008,1.92008,1.92008,1.92008,1.92008,1.92008,1.92008,1.92008,1.92008,1.92008,1.92008,1.92008,1.92008,1.92008,1.92008,1.92008,1.92008,1.92008,1.92008,1.92008,1.92008,1.92008,1.92008,1.92008,1.92008,1.92008,1.92008,1.92008,1.92008,1.92008
469,1.92008,1.92008,1.92008,1.92008,1.92008,1.92008,1.92008,1.92008,1.92008,1.92008,1.92008,1.92008,1.92008,1.92008,1.92008,1.92008,1.92008,1.92008,1.92008,1.92008,1.92008,1.92008,1.92008,1.92008,1.92008,1.92008,1.92008,1.92008,1.92008,1.92008,1.92008,1.92008,1.92008,1.92008,1.92008,1.92008,1.92008,1.92008,1.92008,1.92008,1.92008,1.92008,1.92008,1.92008,1.92008,1.92008,1.92008,1.92008,1.92008,1.92008
470,1.92008,1.92008,1.92008,1.92008,1.92008,1.92008,1.92008,1.92008,1.92008,1.92008,1.92008,1.92008,1.92008,1.92008,1.92008,1.92008,1.92008,1.92008,1.92008,1.92008,1.92008,1.92008,1.92008,1.92008,1.92008,1.92008,1.92008,1.92008,1.92008,1.92008,1.92008,1.92008,1.92008,1.92008,1.92008,1.92008,1.92008,1.92008,1.92008,1.92008,1.92008,1.92008,1.92008,1.92008,1.92008,1.92008,1.92008,1.92008,1.92008,1.92008
471,1.92008,1.92008,1.92008,1.92008,1.92008,1.92008,1.92008,1.92008,1.92008,1.92008,1.92008,1.92008,1.92008,1.92008,1.92008,1.92008,1.92008,1.92008,1.92008,1.92008,1.92008,1.92008,1.92008,1.92008,1.92008,1.92008,1.92008,1.92008,1.92008,1.92008,1.92008,1.92008,1.92008,1.92008,1.92008,1.92008,1.92008,1.92008,1.92008,1.92008,1.92008,1.92008,1.92008,1.92008,1.92008,1.92008,1.92008,1.92008,1.92008,1.92008
472,1.92008,1.92008,1.92008,1.92008,1.92008,1.92008,1.92008,1.92008,1.92008,1.92008,1.92008,1.92008,1.92008,1.92008,1.92008,1.92008,1.92008,1.92008,1.92008,1.92008,1.92008,1.92008,1.92008,1.92008,1.92008,1.92008,1.92008,1.92008,1.92008,1.92008,1.92008,1.92008,1.92008,1.92008,1.92008,1.92008,1.92008,1.92008,1.92008,1.92008,1.92008,1.92008,1.92008,1.92008,1.92008,1.92008,1.92008,1.92008,1.92008,1.92008
473,1.92008,1.92008,1.92008,1.92008,1.92008,1.92008,1.92008,1.92008,1.92008,1.92008,1.92008,1.92008,1.92008,1.92008,1.92008,1.92008,1.92008,1.92008,1.92008,1.92008,1.92008,1.92008,1.92008,1.92008,1.92008,1.92008,1.92008,1.92008,1.92008,1.92008,1.92008,1.92008,1.92008,1.92008,1.92008,1.92008,1.92008,1.92008,1.92008,1.92008,1.92008,1.92008,1.92008,1.92008,1.92008,1.92008,1.92008,1.92008,1.92008,1.92008
474,1.92008,1.92008,1.92008,1.92008,1.92008,1.92008,1.92008,1.92008,1.92008,1.92008,1.92008,1.92008,1.92008,1.92008,1.92008,1.92008,1.92008,1.92008,1.92008,1.92008,1.92008,1.92008,1.92008,1.92008,1.92008,1.92008,1.92008,1.92008,1.92008,1.92008,1.92008,1.92008,1.92008,1.92008,1.92008,1.92008,1.92008,1.92008,1.92008,1.92008,1.92008,1.92008,1.92008,1.92008,1.92008,1.92008,1.92008,1.92008,1.92008,1.92008
475,1.92008,1.92008,1.92008,1.92008,1.92008,1.92008,1.92008,1.92008,1.92008,1.92008,1.92008,1.92008,1.92008,1.92008,1.92008,1.92008,1.92008,1.92008,1.92008,1.92008,1.92008,1.92008,1.92008,1.92008,1.92008,1.92008,1.92008,1.92008,1.92008,1.92008,1.92008,1.92008,1.92008,1.92008,1.92008,1.92008,1.92008,1.92008,1.92008,1.92008,1.92008,1.92008,1.92008,1.92008,1.92008,1.92008,1.92008,1.92008,1.92008,1.92008
476,1.92008,1.92008,1.92008,1.92008,1.92008,1.92008,1.92008,1.92008,1.92008,1.92008,1.92008,1.92008,1.92008,1.92008,1.92008,1.92008,1.92008,1.92008,1.92008,1.92008,1.92008,1.92008,1.92008,1.92008,1.92008,1.92008,1.92008,1.92008,1.92008,1.92008,1.92008,1.92008,1.92008,1.92008,1.92008,1.92008,1.92008,1.92008,1.92008,1.92008,1.92008,1.92008,1.92008,1.92008,1.92008,1.92008,1.92008,1.92008,1.92008,1.92008
477,1.92008,1.92008,1.92008,1.92008,1.92008,1.92008,1.92008,1.92008,1.92008,1.92008,1.92008,1.92008,1.92008,1.92008,1.92008,1.92008,1.92008,1.92008,1.92008,1.92008,1.92008,1.92008,1.92008,1.92008,1.92008,1.92008,1.92008,1.92008,1.92008,1.92008,1.92008,1.92008,1.92008,1.92008,1.92008,1.92008,1.92008,1.92008,1.92008,1.92008,1.92008,1.92008,1.92008,1.92008,1.92008,1.92008,1.92008,1.92008,1.92008,1.92008
478,1.92008,1.92008,1.92008,1.92008,1.92008,1.92008,1.92008,1.92008,1.92008,1.92008,1.92008,1.92008,1.92008,1.92008,1.92008,1.92008,1.92008,1.92008,1.92008,1.92008,1.92008,1.92008,1.92008,1.92008,1.92008,1.92008,1.92008,1.92008,1.92008,1.92008,1.92008,1.92008,1.92008,1.92008,1.92008,1.92008,1.92008,1.92008,1.92008,1.92008,1.92008,1.92008,1.92008,1.92008,1.92008,1.92008,1.92008,1.92008,1.92008,1.92008
479,1.92008,1.92008,1.92008,1.92008,1.92008,1.92008,1.92008,1.92008,1.92008,1.92008,1.92008,1.92008,1.92008,1.92008,1.92008,1.92008,1.92008,1.92008,1.92008,1.92008,1.92008,1.92008,1.92008,1.92008,1.92008,1.92008,1.92008,1.92008,1.92008,1.92008,1.92008,1.92008,1.92008,1.92008,1.92008,1.92008,1.92008,1.92008,1.92008,1.92008,1.92008,1.92008,1.92008,1.92008,1.92008,1.92008,1.92008,1.92008,1.92008,1.92008
480,1.92008,1.92008,1.92008,1.92008,1.92008,1.92008,1.92008,1.92008,1.92008,1.92008,1.92008,1.92008,1.92008,1.92008,1.92008,1.92008,1.92008,1.92008,1.92008,1.92008,1.92008,1.92008,1.92008,1.92008,1.92008,1.92008,1.92008,1.92008,1.92008,1.92008,1.92008,1.92008,1.92008,1.92008,1.92008,1.92008,1.92008,1.92008,1.92008,1.92008,1.92008,1.92008,1.92008,1.92008,1.92008,1.92008,1.92008,1.92008,1.92008,1.92008
481,1.92008,1.92008,1.92008,1.92008,1.92008,1.92008,1.92008,1.92008,1.92008,1.92008,1.92008,1.92008,1.92008,1.92008,1.92008,1.92008,1.92008,1.92008,1.92008,1.92008,1.92008,1.92008,1.92008,1.92008,1.92008,1.92008,1.92008,1.92008,1.92008,1.92008,1.92008,1.92008,1.92008,1.92008,1.92008,1.92008,1.92008,1.92008,1.92008,1.92008,1.92008,1.92008,1.92008,1.92008,1.92008,1.92008,1.92008,1.92008,1.92008,1.92008
482,1.92008,1.92008,1.92008,1.92008,1.92008,1.92008,1.92008,1.92008,1.92008,1.92008,1.92008,1.92008,1.92008,1.92008,1.92008,1.92008,1.92008,1.92008,1.92008,1.92008,1.92008,1.92008,1.92008,1.92008,1.92008,1.92008,1.92008,1.92008,1.92008,1.92008,1.92008,1.92008,1.92008,1.92008,1.92008,1.92008,1.92008,1.92008,1.92008,1.92008,1.92008,1.92008,1.92008,1.92008,1.92008,1.92008,1.92008,1.92008,1.92008,1.92008
483,1.92008,1.92008,1.92008,1.92008,1.92008,1.92008,1.92008,1.92008,1.92008,1.92008,1.92008,1.92008,1.92008,1.92008,1.92008,1.92008,1.92008,1.92008,1.92008,1.92008,1.92008,1.92008,1.92008,1.92008,1.92008,1.92008,1.92008,1.92008,1.92008,1.92008,1.92008,1.92008,1.92008,1.92008,1.92008,1.92008,1.92008,1.92008,1.92008,1.92008,1.92008,1.92008,1.92008,1.92008,1.92008,1.92008,1.92008,1.92008,1.92008,1.92008
484,1.92008,1.92008,1.92008,1.92008,1.92008,1.92008,1.92008,1.92008,1.92008,1.92008,1.92008,1.92008,1.92008,1.92008,1.92008,1.92008,1.92008,1.92008,1.92008,1.92008,1.92008,1.92008,1.92008,1.92008,1.92008,1.92008,1.92008,1.92008,1.92008,1.92008,1.92008,1.92008,1.92008,1.92008,1.92008,1.92008,1.92008,1.92008,1.92008,1.92008,1.92008,1.92008,1.92008,1.92008,1.92008,1.92008,1.92008,1.92008,1.92008,1.92008
485,1.92008,1.92008,1.92008,1.92008,1.92008,1.92008,1.92008,1.92008,1.92008,1.92008,1.92008,1.92008,1.92008,1.92008,1.92008,1.92008,1.92008,1.92008,1.92008,1.92008,1.92008,1.92008,1.92008,1.92008,1.92008,1.92008,1.92008,1.92008,1.92008,1.92008,1.92008,1.92008,1.92008,1.92008,1.92008,1.92008,1.92008,1.92008,1.92008,1.92008,1.92008,1.92008,1.92008,1.92008,1.92008,1.92008,1.92008,1.92008,1.92008,1.92008
486,1.92008,1.92008,1.92008,1.92008,1.92008,1.92008,1.92008,1.92008,1.92008,1.92008,1.92008,1.92008,1.92008,1.92008,1.92008,1.92008,1.92008,1.92008,1.92008,1.92008,1.92008,1.92008,1.92008,1.92008,1.92008,1.92008,1.92008,1.92008,1.92008,1.92008,1.92008,1.92008,1.92008,1.92008,1.92008,1.92008,1.92008,1.92008,1.92008,1.92008,1.92008,1.92008,1.92008,1.92008,1.92008,1.92008,1.92008,1.92008,1.92008,1.92008
487,1.92008,1.92008,1.92008,1.92008,1.92008,1.92008,1.92008,1.92008,1.92008,1.92008,1.92008,1.92008,1.92008,1.92008,1.92008,1.92008,1.92008,1.92008,1.92008,1.92008,1.92008,1.92008,1.92008,1.92008,1.92008,1.92008,1.92008,1.92008,1.92008,1.92008,1.92008,1.92008,1.92008,1.92008,1.92008,1.92008,1.92008,1.92008,1.92008,1.92008,1.92008,1.92008,1.92008,1.92008,1.92008,1.92008,1.92008,1.92008,1.92008,1.92008
488,1.92008,1.92008,1.92008,1.92008,1.92008,1.92008,1.92008,1.92008,1.92008,1.92008,1.92008,1.92008,1.92008,1.92008,1.92008,1.92008,1.92008,1.92008,1.92008,1.92008,1.92008,1.92008,1.92008,1.92008,1.92008,1.92008,1.92008,1.92008,1.92008,1.92008,1.92008,1.92008,1.92008,1.92008,1.92008,1.92008,1.92008,1.92008,1.92008,1.92008,1.92008,1.92008,1.92008,1.92008,1.92008,1.92008,1.92008,1.92008,1.92008,1.92008
489,1.92008,1.92008,1.92008,1.92008,1.92008,1.92008,1.92008,1.92008,1.92008,1.92008,1.92008,1.92008,1.92008,1.92008,1.92008,1.92008,1.92008,1.92008,1.92008,1.92008,1.92008,1.92008,1.92008,1.92008,1.92008,1.92008,1.92008,1.92008,1.92008,1.92008,1.92008,1.92008,1.92008,1.92008,1.92008,1.92008,1.92008,1.92008,1.92008,1.92008,1.92008,1.92008,1.92008,1.92008,1.92008,1.92008,1.92008,1.92008,1.92008,1.92008
490,1.92008,1.92008,1.92008,1.92008,1.92008,1.92008,1.92008,1.92008,1.92008,1.92008,1.92008,1.92008,1.92008,1.92008,1.92008,1.92008,1.92008,1.92008,1.92008,1.92008,1.92008,1.92008,1.92008,1.92008,1.92008,1.92008,1.92008,1.92008,1.92008,1.92008,1.92008,1.92008,1.92008,1.92008,1.92008,1.92008,1.92008,1.92008,1.92008,1.92008,1.92008,1.92008,1.92008,1.92008,1.92008,1.92008,1.92008,1.92008,1.92008,1.92008
491,1.92008,1.92008,1.92008,1.92008,1.92008,1.92008,1.92008,1.92008,1.92008,1.92008,1.92008,1.92008,1.92008,1.92008,1.92008,1.92008,1.92008,1.92008,1.92008,1.92008,1.92008,1.92008,1.92008,1.92008,1.92008,1.92008,1.92008,1.92008,1.92008,1.92008,1.92008,1.92008,1.92008,1.92008,1.92008,1.92008,1.92008,1.92008,1.92008,1.92008,1.92008,1.92008,1.92008,1.92008,1.92008,1.92008,1.92008,1.92008,1.92008,1.92008
492,1.92008,1.92008,1.92008,1.92008,1.92008,1.92008,1.92008,1.92008,1.92008,1.92008,1.92008,1.92008,1.92008,1.92008,1.92008,1.92008,1.92008,1.92008,1.92008,1.92008,1.92008,1.92008,1.92008,1.92008,1.92008,1.92008,1.92008,1.92008,1.92008,1.92008,1.92008,1.92008,1.92008,1.92008,1.92008,1.92008,1.92008,1.92008,1.92008,1.92008,1.92008,1.92008,1.92008,1.92008,1.92008,1.92008,1.92008,1.92008,1.92008,1.92008
493,1.92008,1.92008,1.92008,1.92008,1.92008,1.92008,1.92008,1.92008,1.92008,1.92008,1.92008,1.92008,1.92008,1.92008,1.92008,1.92008,1.92008,1.92008,1.92008,1.92008,1.92008,1.92008,1.92008,1.92008,1.92008,1.92008,1.92008,1.92008,1.92008,1.92008,1.92008,1.92008,1.92008,1.92008,1.92008,1.92008,1.92008,1.92008,1.92008,1.92008,1.92008,1.92008,1.92008,1.92008,1.92008,1.92008,1.92008,1.92008,1.92008,1.92008
494,1.92008,1.92008,1.92008,1.92008,1.92008,1.92008,1.92008,1.92008,1.92008,1.92008,1.92008,1.92008,1.92008,1.92008,1.92008,1.92008,1.92008,1.92008,1.92008,1.92008,1.92008,1.92008,1.92008,1.92008,1.92008,1.92008,1.92008,1.92008,1.92008,1.92008,1.92008,1.92008,1.92008,1.92008,1.92008,1.92008,1.92008,1.92008,1.92008,1.92008,1.92008,1.92008,1.92008,1.92008,1.92008,1.92008,1.92008,1.92008,1.92008,1.92008
495,1.92008,1.92008,1.92008,1.92008,1.92008,1.92008,1.92008,1.92008,1.92008,1.92008,1.92008,1.92008,1.92008,1.92008,1.92008,1.92008,1.92008,1.92008,1.92008,1.92008,1.92008,1.92008,1.92008,1.92008,1.92008,1.92008,1.92008,1.92008,1.92008,1.92008,1.92008,1.92008,1.92008,1.92008,1.92008,1.92008,1.92008,1.92008,1.92008,1.92008,1.92008,1.92008,1.92008,1.92008,1.92008,1.92008,1.92008,1.92008,1.92008,1.92008
496,1.92008,1.92008,1.92008,1.92008,1.92008,1.92008,1.92008,1.92008,1.92008,1.92008,1.92008,1.92008,1.92008,1.92008,1.92008,1.92008,1.92008,1.92008,1.92008,1.92008,1.92008,1.92008,1.92008,1.92008,1.92008,1.92008,1.92008,1.92008,1.92008,1.92008,1.92008,1.92008,1.92008,1.92008,1.92008,1.92008,1.92008,1.92008,1.92008,1.92008,1.92008,1.92008,1.92008,1.92008,1.92008,1.92008,1.92008,1.92008,1.92008,1.92008
497,1.92008,1.92008,1.92008,1.92008,1.92008,1.92008,1.92008,1.92008,1.92008,1.92008,1.92008,1.92008,1.92008,1.92008,1.92008,1.92008,1.92008,1.92008,1.92008,1.92008,1.92008,1.92008,1.92008,1.92008,1.92008,1.92008,1.92008,1.92008,1.92008,1.92008,1.92008,1.92008,1.92008,1.92008,1.92008,1.92008,1.92008,1.92008,1.92008,1.92008,1.92008,1.92008,1.92008,1.92008,1.92008,1.92008,1.92008,1.92008,1.92008,1.92008
498,1.92008,1.92008,1.92008,1.92008,1.92008,1.92008,1.92008,1.92008,1.92008,1.92008,1.92008,1.92008,1.92008,1.92008,1.92008,1.92008,1.92008,1.92008,1.92008,1.92008,1.92008,1.92008,1.92008,1.92008,1.92008,1.92008,1.92008,1.92008,1.92008,1.92008,1.92008,1.92008,1.92008,1.92008,1.92008,1.92008,1.92008,1.92008,1.92008,1.92008,1.92008,1.92008,1.92008,1.92008,1.92008,1.92008,1.92008,1.92008,1.92008,1.92008
499,1.92008,1.92008,1.92008,1.92008,1.92008,1.92008,1.92008,1.92008,1.92008,1.92008,1.92008,1.92008,1.92008,1.92008,1.92008,1.92008,1.92008,1.92008,1.92008,1.92008,1.92008,1.92008,1.92008,1.92008,1.92008,1.92008,1.92008,1.92008,1.92008,1.92008,1.92008,1.92008,1.92008,1.92008,1.92008,1.92008,1.92008,1.92008,1.92008,1.92008,1.92008,1.92008,1.92008,1.92008,1.92008,1.92008,1.92008,1.92008,1.92008,1.92008
500,1.92008,1.92008,1.92008,1.92008,1.92008,1.92008,1.92008,1.92008,1.92008,1.92008,1.92008,1.92008,1.92008,1.92008,1.92008,1.92008,1.92008,1.92008,1.92008,1.92008,1.92008,1.92008,1.92008,1.92008,1.92008,1.92008,1.92008,1.92008,1.92008,1.92008,1.92008,1.92008,1.92008,1.92008,1.92008,1.92008,1.92008,1.92008,1.92008,1.92008,1.92008,1.92008,1.92008,1.92008,1.92008,1.92008,1.92008,1.92008,1.92008,1.92008
501,1.92008,1.92008,1.92008,1.92008,1.92008,1.92008,1.92008,1.92008,1.92008,1.92008,1.92008,1.92008,1.92008,1.92008,1.92008,1.92008,1.92008,1.92008,1.92008,1.92008,1.92008,1.92008,1.92008,1.92008,1.92008,1.92008,1.92008,1.92008,1.92008,1.92008,1.92008,1.92008,1.92008,1.92008,1.92008,1.92008,1.92008,1.92008,1.92008,1.92008,1.92008,1.92008,1.92008,1.92008,1.92008,1.92008,1.92008,1.92008,1.92008,1.92008
502,1.92008,1.92008,1.92008,1.92008,1.92008,1.92008,1.92008,1.92008,1.92008,1.92008,1.92008,1.92008,1.92008,1.92008,1.92008,1.92008,1.92008,1.92008,1.92008,1.92008,1.92008,1.92008,1.92008,1.92008,1.92008,1.92008,1.92008,1.92008,1.92008,1.92008,1.92008,1.92008,1.92008,1.92008,1.92008,1.92008,1.92008,1.92008,1.92008,1.92008,1.92008,1.92008,1.92008,1.92008,1.92008,1.92008,1.92008,1.92008,1.92008,1.92008
503,1.92008,1.92008,1.92008,1.92008,1.92008,1.92008,1.92008,1.92008,1.92008,1.92008,1.92008,1.92008,1.92008,1.92008,1.92008,1.92008,1.92008,1.92008,1.92008,1.92008,1.92008,1.92008,1.92008,1.92008,1.92008,1.92008,1.92008,1.92008,1.92008,1.92008,1.92008,1.92008,1.92008,1.92008,1.92008,1.92008,1.92008,1.92008,1.92008,1.92008,1.92008,1.92008,1.92008,1.92008,1.92008,1.92008,1.92008,1.92008,1.92008,1.92008
504,1.92008,1.92008,1.92008,1.92008,1.92008,1.92008,1.92008,1.92008,1.92008,1.92008,1.92008,1.92008,1.92008,1.92008,1.92008,1.92008,1.92008,1.92008,1.92008,1.92008,1.92008,1.92008,1.92008,1.92008,1.92008,1.92008,1.92008,1.92008,1.92008,1.92008,1.92008,1.92008,1.92008,1.92008,1.92008,1.92008,1.92008,1.92008,1.92008,1.92008,1.92008,1.92008,1.92008,1.92008,1.92008,1.92008,1.92008,1.92008,1.92008,1.92008
505,1.92008,1.92008,1.92008,1.92008,1.92008,1.92008,1.92008,1.92008,1.92008,1.92008,1.92008,1.92008,1.92008,1.92008,1.92008,1.92008,1.92008,1.92008,1.92008,1.92008,1.92008,1.92008,1.92008,1.92008,1.92008,1.92008,1.92008,1.92008,1.92008,1.92008,1.92008,1.92008,1.92008,1.92008,1.92008,1.92008,1.92008,1.92008,1.92008,1.92008,1.92008,1.92008,1.92008,1.92008,1.92008,1.92008,1.92008,1.92008,1.92008,1.92008
506,1.92008,1.92008,1.92008,1.92008,1.92008,1.92008,1.92008,1.92008,1.92008,1.92008,1.92008,1.92008,1.92008,1.92008,1.92008,1.92008,1.92008,1.92008,1.92008,1.92008,1.92008,1.92008,1.92008,1.92008,1.92008,1.92008,1.92008,1.92008,1.92008,1.92008,1.92008,1.92008,1.92008,1.92008,1.92008,1.92008,1.92008,1.92008,1.92008,1.92008,1.92008,1.92008,1.92008,1.92008,1.92008,1.92008,1.92008,1.92008,1.92008,1.92008
507,1.92008,1.92008,1.92008,1.92008,1.92008,1.92008,1.92008,1.92008,1.92008,1.92008,1.92008,1.92008,1.92008,1.92008,1.92008,1.92008,1.92008,1.92008,1.92008,1.92008,1.92008,1.92008,1.92008,1.92008,1.92008,1.92008,1.92008,1.92008,1.92008,1.92008,1.92008,1.92008,1.92008,1.92008,1.92008,1.92008,1.92008,1.92008,1.92008,1.92008,1.92008,1.92008,1.92008,1.92008,1.92008,1.92008,1.92008,1.92008,1.92008,1.92008
508,1.92008,1.92008,1.92008,1.92008,1.92008,1.92008,1.92008,1.92008,1.92008,1.92008,1.92008,1.92008,1.92008,1.92008,1.92008,1.92008,1.92008,1.92008,1.92008,1.92008,1.92008,1.92008,1.92008,1.92008,1.92008,1.92008,1.92008,1.92008,1.92008,1.92008,1.92008,1.92008,1.92008,1.92008,1.92008,1.92008,1.92008,1.92008,1.92008,1.92008,1.92008,1.92008,1.92008,1.92008,1.92008,1.92008,1.92008,1.92008,1.92008,1.92008
509,1.92008,1.92008,1.92008,1.92008,1.92008,1.92008,1.92008,1.92008,1.92008,1.92008,1.92008,1.92008,1.92008,1.92008,1.92008,1.92008,1.92008,1.92008,1.92008,1.92008,1.92008,1.92008,1.92008,1.92008,1.92008,1.92008,1.92008,1.92008,1.92008,1.92008,1.92008,1.92008,1.92008,1.92008,1.92008,1.92008,1.92008,1.92008,1.92008,1.92008,1.92008,1.92008,1.92008,1.92008,1.92008,1.92008,1.92008,1.92008,1.92008,1.92008
510,1.92008,1.92008,1.92008,1.92008,1.92008,1.92008,1.92008,1.92008,1.92008,1.92008,1.92008,1.92008,1.92008,1.92008,1.92008,1.92008,1.92008,1.92008,1.92008,1.92008,1.92008,1.92008,1.92008,1.92008,1.92008,1.92008,1.92008,1.92008,1.92008,1.92008,1.92008,1.92008,1.92008,1.92008,1.92008,1.92008,1.92008,1.92008,1.92008,1.92008,1.92008,1.92008,1.92008,1.92008,1.92008,1.92008,1.92008,1.92008,1.92008,1.92008
511,1.92008,1.92008,1.92008,1.92008,1.92008,1.92008,1.92008,1.92008,1.92008,1.92008,1.92008,1.92008,1.92008,1.92008,1.92008,1.92008,1.92008,1.92008,1.92008,1.92008,1.92008,1.92008,1.92008,1.92008,1.92008,1.92008,1.92008,1.92008,1.92008,1.92008,1.92008,1.92008,1.92008,1.92008,1.92008,1.92008,1.92008,1.92008,1.92008,1.92008,1.92008,1.92008,1.92008,1.92008,1.92008,1.92008,1.92008,1.92008,1.92008,1.92008
512,1.92008,1.92008,1.92008,1.92008,1.92008,1.92008,1.92008,1.92008,1.92008,1.92008,1.92008,1.92008,1.92008,1.92008,1.92008,1.92008,1.92008,1.92008,1.92008,1.92008,1.92008,1.92008,1.92008,1.92008,1.92008,1.92008,1.92008,1.92008,1.92008,1.92008,1.92008,1.92008,1.92008,1.92008,1.92008,1.92008,1.92008,1.92008,1.92008,1.92008,1.92008,1.92008,1.92008,1.92008,1.92008,1.92008,1.92008,1.92008,1.92008,1.92008
513,1.92008,1.92008,1.92008,1.92008,1.92008,1.92008,1.92008,1.92008,1.92008,1.92008,1.92008,1.92008,1.92008,1.92008,1.92008,1.92008,1.92008,1.92008,1.92008,1.92008,1.92008,1.92008,1.92008,1.92008,1.92008,1.92008,1.92008,1.92008,1.92008,1.92008,1.92008,1.92008,1.92008,1.92008,1.92008,1.92008,1.92008,1.92008,1.92008,1.92008,1.92008,1.92008,1.92008,1.92008,1.92008,1.92008,1.92008,1.92008,1.92008,1.92008
514,1.92008,1.92008,1.92008,1.92008,1.92008,1.92008,1.92008,1.92008,1.92008,1.92008,1.92008,1.92008,1.92008,1.92008,1.92008,1.92008,1.92008,1.92008,1.92008,1.92008,1.92008,1.92008,1.92008,1.92008,1.92008,1.92008,1.92008,1.92008,1.92008,1.92008,1.92008,1.92008,1.92008,1.92008,1.92008,1.92008,1.92008,1.92008,1.92008,1.92008,1.92008,1.92008,1.92008,1.92008,1.92008,1.92008,1.92008,1.92008,1.92008,1.92008
515,1.92008,1.92008,1.92008,1.92008,1.92008,1.92008,1.92008,1.92008,1.92008,1.92008,1.92008,1.92008,1.92008,1.92008,1.92008,1.92008,1.92008,1.92008,1.92008,1.92008,1.92008,1.92008,1.92008,1.92008,1.92008,1.92008,1.92008,1.92008,1.92008,1.92008,1.92008,1.92008,1.92008,1.92008,1.92008,1.92008,1.92008,1.92008,1.92008,1.92008,1.92008,1.92008,1.92008,1.92008,1.92008,1.92008,1.92008,1.92008,1.92008,1.92008
516,1.92008,1.92008,1.92008,1.92008,1.92008,1.92008,1.92008,1.92008,1.92008,1.92008,1.92008,1.92008,1.92008,1.92008,1.92008,1.92008,1.92008,1.92008,1.92008,1.92008,1.92008,1.92008,1.92008,1.92008,1.92008,1.92008,1.92008,1.92008,1.92008,1.92008,1.92008,1.92008,1.92008,1.92008,1.92008,1.92008,1.92008,1.92008,1.92008,1.92008,1.92008,1.92008,1.92008,1.92008,1.92008,1.92008,1.92008,1.92008,1.92008,1.92008
517,1.92008,1.92008,1.92008,1.92008,1.92008,1.92008,1.92008,1.92008,1.92008,1.92008,1.92008,1.92008,1.92008,1.92008,1.92008,1.92008,1.92008,1.92008,1.92008,1.92008,1.92008,1.92008,1.92008,1.92008,1.92008,1.92008,1.92008,1.92008,1.92008,1.92008,1.92008,1.92008,1.92008,1.92008,1.92008,1.92008,1.92008,1.92008,1.92008,1.92008,1.92008,1.92008,1.92008,1.92008,1.92008,1.92008,1.92008,1.92008,1.92008,1.92008
518,1.92008,1.92008,1.92008,1.92008,1.92008,1.92008,1.92008,1.92008,1.92008,1.92008,1.92008,1.92008,1.92008,1.92008,1.92008,1.92008,1.92008,1.92008,1.92008,1.92008,1.92008,1.92008,1.92008,1.92008,1.92008,1.92008,1.92008,1.92008,1.92008,1.92008,1.92008,1.92008,1.92008,1.92008,1.92008,1.92008,1.92008,1.92008,1.92008,1.92008,1.92008,1.92008,1.92008,1.92008,1.92008,1.92008,1.92008,1.92008,1.92008,1.92008
519,1.92008,1.92008,1.92008,1.92008,1.92008,1.92008,1.92008,1.92008,1.92008,1.92008,1.92008,1.92008,1.92008,1.92008,1.92008,1.92008,1.92008,1.92008,1.92008,1.92008,1.92008,1.92008,1.92008,1.92008,1.92008,1.92008,1.92008,1.92008,1.92008,1.92008,1.92008,1.92008,1.92008,1.92008,1.92008,1.92008,1.92008,1.92008,1.92008,1.92008,1.92008,1.92008,1.92008,1.92008,1.92008,1.92008,1.92008,1.92008,1.92008,1.92008
520,1.92008,1.92008,1.92008,1.92008,1.92008,1.92008,1.92008,1.92008,1.92008,1.92008,1.92008,1.92008,1.92008,1.92008,1.92008,1.92008,1.92008,1.92008,1.92008,1.92008,1.92008,1.92008,1.92008,1.92008,1.92008,1.92008,1.92008,1.92008,1.92008,1.92008,1.92008,1.92008,1.92008,1.92008,1.92008,1.92008,1.92008,1.92008,1.92008,1.92008,1.92008,1.92008,1.92008,1.92008,1.92008,1.92008,1.92008,1.92008,1.92008,1.92008
521,1.92008,1.92008,1.92008,1.92008,1.92008,1.92008,1.92008,1.92008,1.92008,1.92008,1.92008,1.92008,1.92008,1.92008,1.92008,1.92008,1.92008,1.92008,1.92008,1.92008,1.92008,1.92008,1.92008,1.92008,1.92008,1.92008,1.92008,1.92008,1.92008,1.92008,1.92008,1.92008,1.92008,1.92008,1.92008,1.92008,1.92008,1.92008,1.92008,1.92008,1.92008,1.92008,1.92008,1.92008,1.92008,1.92008,1.92008,1.92008,1.92008,1.92008
522,1.92008,1.92008,1.92008,1.92008,1.92008,1.92008,1.92008,1.92008,1.92008,1.92008,1.92008,1.92008,1.92008,1.92008,1.92008,1.92008,1.92008,1.92008,1.92008,1.92008,1.92008,1.92008,1.92008,1.92008,1.92008,1.92008,1.92008,1.92008,1.92008,1.92008,1.92008,1.92008,1.92008,1.92008,1.92008,1.92008,1.92008,1.92008,1.92008,1.92008,1.92008,1.92008,1.92008,1.92008,1.92008,1.92008,1.92008,1.92008,1.92008,1.92008
523,1.92008,1.92008,1.92008,1.92008,1.92008,1.92008,1.92008,1.92008,1.92008,1.92008,1.92008,1.92008,1.92008,1.92008,1.92008,1.92008,1.92008,1.92008,1.92008,1.92008,1.92008,1.92008,1.92008,1.92008,1.92008,1.92008,1.92008,1.92008,1.92008,1.92008,1.92008,1.92008,1.92008,1.92008,1.92008,1.92008,1.92008,1.92008,1.92008,1.92008,1.92008,1.92008,1.92008,1.92008,1.92008,1.92008,1.92008,1.92008,1.92008,1.92008
524,1.92008,1.92008,1.92008,1.92008,1.92008,1.92008,1.92008,1.92008,1.92008,1.92008,1.92008,1.92008,1.92008,1.92008,1.92008,1.92008,1.92008,1.92008,1.92008,1.92008,1.92008,1.92008,1.92008,1.92008,1.92008,1.92008,1.92008,1.92008,1.92008,1.92008,1.92008,1.92008,1.92008,1.92008,1.92008,1.92008,1.92008,1.92008,1.92008,1.92008,1.92008,1.92008,1.92008,1.92008,1.92008,1.92008,1.92008,1.92008,1.92008,1.92008
525,1.92008,1.92008,1.92008,1.92008,1.92008,1.92008,1.92008,1.92008,1.92008,1.92008,1.92008,1.92008,1.92008,1.92008,1.92008,1.92008,1.92008,1.92008,1.92008,1.92008,1.92008,1.92008,1.92008,1.92008,1.92008,1.92008,1.92008,1.92008,1.92008,1.92008,1.92008,1.92008,1.92008,1.92008,1.92008,1.92008,1.92008,1.92008,1.92008,1.92008,1.92008,1.92008,1.92008,1.92008,1.92008,1.92008,1.92008,1.92008,1.92008,1.92008
526,1.92008,1.92008,1.92008,1.92008,1.92008,1.92008,1.92008,1.92008,1.92008,1.92008,1.92008,1.92008,1.92008,1.92008,1.92008,1.92008,1.92008,1.92008,1.92008,1.92008,1.92008,1.92008,1.92008,1.92008,1.92008,1.92008,1.92008,1.92008,1.92008,1.92008,1.92008,1.92008,1.92008,1.92008,1.92008,1.92008,1.92008,1.92008,1.92008,1.92008,1.92008,1.92008,1.92008,1.92008,1.92008,1.92008,1.92008,1.92008,1.92008,1.92008
527,1.92008,1.92008,1.92008,1.92008,1.92008,1.92008,1.92008,1.92008,1.92008,1.92008,1.92008,1.92008,1.92008,1.92008,1.92008,1.92008,1.92008,1.92008,1.92008,1.92008,1.92008,1.92008,1.92008,1.92008,1.92008,1.92008,1.92008,1.92008,1.92008,1.92008,1.92008,1.92008,1.92008,1.92008,1.92008,1.92008,1.92008,1.92008,1.92008,1.92008,1.92008,1.92008,1.92008,1.92008,1.92008,1.92008,1.92008,1.92008,1.92008,1.92008
528,1.92008,1.92008,1.92008,1.92008,1.92008,1.92008,1.92008,1.92008,1.92008,1.92008,1.92008,1.92008,1.92008,1.92008,1.92008,1.92008,1.92008,1.92008,1.92008,1.92008,1.92008,1.92008,1.92008,1.92008,1.92008,1.92008,1.92008,1.92008,1.92008,1.92008,1.92008,1.92008,1.92008,1.92008,1.92008,1.92008,1.92008,1.92008,1.92008,1.92008,1.92008,1.92008,1.92008,1.92008,1.92008,1.92008,1.92008,1.92008,1.92008,1.92008
529,1.92008,1.92008,1.92008,1.92008,1.92008,1.92008,1.92008,1.92008,1.92008,1.92008,1.92008,1.92008,1.92008,1.92008,1.92008,1.92008,1.92008,1.92008,1.92008,1.92008,1.92008,1.92008,1.92008,1.92008,1.92008,1.92008,1.92008,1.92008,1.92008,1.92008,1.92008,1.92008,1.92008,1.92008,1.92008,1.92008,1.92008,1.92008,1.92008,1.92008,1.92008,1.92008,1.92008,1.92008,1.92008,1.92008,1.92008,1.92008,1.92008,1.92008
530,1.92008,1.92008,1.92008,1.92008,1.92008,1.92008,1.92008,1.92008,1.92008,1.92008,1.92008,1.92008,1.92008,1.92008,1.92008,1.92008,1.92008,1.92008,1.92008,1.92008,1.92008,1.92008,1.92008,1.92008,1.92008,1.92008,1.92008,1.92008,1.92008,1.92008,1.92008,1.92008,1.92008,1.92008,1.92008,1.92008,1.92008,1.92008,1.92008,1.92008,1.92008,1.92008,1.92008,1.92008,1.92008,1.92008,1.92008,1.92008,1.92008,1.92008
531,1.92008,1.92008,1.92008,1.92008,1.92008,1.92008,1.92008,1.92008,1.92008,1.92008,1.92008,1.92008,1.92008,1.92008,1.92008,1.92008,1.92008,1.92008,1.92008,1.92008,1.92008,1.92008,1.92008,1.92008,1.92008,1.92008,1.92008,1.92008,1.92008,1.92008,1.92008,1.92008,1.92008,1.92008,1.92008,1.92008,1.92008,1.92008,1.92008,1.92008,1.92008,1.92008,1.92008,1.92008,1.92008,1.92008,1.92008,1.92008,1.92008,1.92008
532,1.92008,1.92008,1.92008,1.92008,1.92008,1.92008,1.92008,1.92008,1.92008,1.92008,1.92008,1.92008,1.92008,1.92008,1.92008,1.92008,1.92008,1.92008,1.92008,1.92008,1.92008,1.92008,1.92008,1.92008,1.92008,1.92008,1.92008,1.92008,1.92008,1.92008,1.92008,1.92008,1.92008,1.92008,1.92008,1.92008,1.92008,1.92008,1.92008,1.92008,1.92008,1.92008,1.92008,1.92008,1.92008,1.92008,1.92008,1.92008,1.92008,1.92008
533,1.92008,1.92008,1.92008,1.92008,1.92008,1.92008,1.92008,1.92008,1.92008,1.92008,1.92008,1.92008,1.92008,1.92008,1.92008,1.92008,1.92008,1.92008,1.92008,1.92008,1.92008,1.92008,1.92008,1.92008,1.92008,1.92008,1.92008,1.92008,1.92008,1.92008,1.92008,1.92008,1.92008,1.92008,1.92008,1.92008,1.92008,1.92008,1.92008,1.92008,1.92008,1.92008,1.92008,1.92008,1.92008,1.92008,1.92008,1.92008,1.92008,1.92008
534,1.92008,1.92008,1.92008,1.92008,1.92008,1.92008,1.92008,1.92008,1.92008,1.92008,1.92008,1.92008,1.92008,1.92008,1.92008,1.92008,1.92008,1.92008,1.92008,1.92008,1.92008,1.92008,1.92008,1.92008,1.92008,1.92008,1.92008,1.92008,1.92008,1.92008,1.92008,1.92008,1.92008,1.92008,1.92008,1.92008,1.92008,1.92008,1.92008,1.92008,1.92008,1.92008,1.92008,1.92008,1.92008,1.92008,1.92008,1.92008,1.92008,1.92008
535,1.92008,1.92008,1.92008,1.92008,1.92008,1.92008,1.92008,1.92008,1.92008,1.92008,1.92008,1.92008,1.92008,1.92008,1.92008,1.92008,1.92008,1.92008,1.92008,1.92008,1.92008,1.92008,1.92008,1.92008,1.92008,1.92008,1.92008,1.92008,1.92008,1.92008,1.92008,1.92008,1.92008,1.92008,1.92008,1.92008,1.92008,1.92008,1.92008,1.92008,1.92008,1.92008,1.92008,1.92008,1.92008,1.92008,1.92008,1.92008,1.92008,1.92008
536,1.92008,1.92008,1.92008,1.92008,1.92008,1.92008,1.92008,1.92008,1.92008,1.92008,1.92008,1.92008,1.92008,1.92008,1.92008,1.92008,1.92008,1.92008,1.92008,1.92008,1.92008,1.92008,1.92008,1.92008,1.92008,1.92008,1.92008,1.92008,1.92008,1.92008,1.92008,1.92008,1.92008,1.92008,1.92008,1.92008,1.92008,1.92008,1.92008,1.92008,1.92008,1.92008,1.92008,1.92008,1.92008,1.92008,1.92008,1.92008,1.92008,1.92008
537,1.92008,1.92008,1.92008,1.92008,1.92008,1.92008,1.92008,1.92008,1.92008,1.92008,1.92008,1.92008,1.92008,1.92008,1.92008,1.92008,1.92008,1.92008,1.92008,1.92008,1.92008,1.92008,1.92008,1.92008,1.92008,1.92008,1.92008,1.92008,1.92008,1.92008,1.92008,1.92008,1.92008,1.92008,1.92008,1.92008,1.92008,1.92008,1.92008,1.92008,1.92008,1.92008,1.92008,1.92008,1.92008,1.92008,1.92008,1.92008,1.92008,1.92008
538,1.92008,1.92008,1.92008,1.92008,1.92008,1.92008,1.92008,1.92008,1.92008,1.92008,1.92008,1.92008,1.92008,1.92008,1.92008,1.92008,1.92008,1.92008,1.92008,1.92008,1.92008,1.92008,1.92008,1.92008,1.92008,1.92008,1.92008,1.92008,1.92008,1.92008,1.92008,1.92008,1.92008,1.92008,1.92008,1.92008,1.92008,1.92008,1.92008,1.92008,1.92008,1.92008,1.92008,1.92008,1.92008,1.92008,1.92008,1.92008,1.92008,1.92008
539,1.92008,1.92008,1.92008,1.92008,1.92008,1.92008,1.92008,1.92008,1.92008,1.92008,1.92008,1.92008,1.92008,1.92008,1.92008,1.92008,1.92008,1.92008,1.92008,1.92008,1.92008,1.92008,1.92008,1.92008,1.92008,1.92008,1.92008,1.92008,1.92008,1.92008,1.92008,1.92008,1.92008,1.92008,1.92008,1.92008,1.92008,1.92008,1.92008,1.92008,1.92008,1.92008,1.92008,1.92008,1.92008,1.92008,1.92008,1.92008,1.92008,1.92008
540,1.92008,1.92008,1.92008,1.92008,1.92008,1.92008,1.92008,1.92008,1.92008,1.92008,1.92008,1.92008,1.92008,1.92008,1.92008,1.92008,1.92008,1.92008,1.92008,1.92008,1.92008,1.92008,1.92008,1.92008,1.92008,1.92008,1.92008,1.92008,1.92008,1.92008,1.92008,1.92008,1.92008,1.92008,1.92008,1.92008,1.92008,1.92008,1.92008,1.92008,1.92008,1.92008,1.92008,1.92008,1.92008,1.92008,1.92008,1.92008,1.92008,1.92008
541,1.92008,1.92008,1.92008,1.92008,1.92008,1.92008,1.92008,1.92008,1.92008,1.92008,1.92008,1.92008,1.92008,1.92008,1.92008,1.92008,1.92008,1.92008,1.92008,1.92008,1.92008,1.92008,1.92008,1.92008,1.92008,1.92008,1.92008,1.92008,1.92008,1.92008,1.92008,1.92008,1.92008,1.92008,1.92008,1.92008,1.92008,1.92008,1.92008,1.92008,1.92008,1.92008,1.92008,1.92008,1.92008,1.92008,1.92008,1.92008,1.92008,1.92008
542,1.92008,1.92008,1.92008,1.92008,1.92008,1.92008,1.92008,1.92008,1.92008,1.92008,1.92008,1.92008,1.92008,1.92008,1.92008,1.92008,1.92008,1.92008,1.92008,1.92008,1.92008,1.92008,1.92008,1.92008,1.92008,1.92008,1.92008,1.92008,1.92008,1.92008,1.92008,1.92008,1.92008,1.92008,1.92008,1.92008,1.92008,1.92008,1.92008,1.92008,1.92008,1.92008,1.92008,1.92008,1.92008,1.92008,1.92008,1.92008,1.92008,1.92008
543,1.92008,1.92008,1.92008,1.92008,1.92008,1.92008,1.92008,1.92008,1.92008,1.92008,1.92008,1.92008,1.92008,1.92008,1.92008,1.92008,1.92008,1.92008,1.92008,1.92008,1.92008,1.92008,1.92008,1.92008,1.92008,1.92008,1.92008,1.92008,1.92008,1.92008,1.92008,1.92008,1.92008,1.92008,1.92008,1.92008,1.92008,1.92008,1.92008,1.92008,1.92008,1.92008,1.92008,1.92008,1.92008,1.92008,1.92008,1.92008,1.92008,1.92008
544,1.92008,1.92008,1.92008,1.92008,1.92008,1.92008,1.92008,1.92008,1.92008,1.92008,1.92008,1.92008,1.92008,1.92008,1.92008,1.92008,1.92008,1.92008,1.92008,1.92008,1.92008,1.92008,1.92008,1.92008,1.92008,1.92008,1.92008,1.92008,1.92008,1.92008,1.92008,1.92008,1.92008,1.92008,1.92008,1.92008,1.92008,1.92008,1.92008,1.92008,1.92008,1.92008,1.92008,1.92008,1.92008,1.92008,1.92008,1.92008,1.92008,1.92008
545,1.92008,1.92008,1.92008,1.92008,1.92008,1.92008,1.92008,1.92008,1.92008,1.92008,1.92008,1.92008,1.92008,1.92008,1.92008,1.92008,1.92008,1.92008,1.92008,1.92008,1.92008,1.92008,1.92008,1.92008,1.92008,1.92008,1.92008,1.92008,1.92008,1.92008,1.92008,1.92008,1.92008,1.92008,1.92008,1.92008,1.92008,1.92008,1.92008,1.92008,1.92008,1.92008,1.92008,1.92008,1.92008,1.92008,1.92008,1.92008,1.92008,1.92008
546,1.92008,1.92008,1.92008,1.92008,1.92008,1.92008,1.92008,1.92008,1.92008,1.92008,1.92008,1.92008,1.92008,1.92008,1.92008,1.92008,1.92008,1.92008,1.92008,1.92008,1.92008,1.92008,1.92008,1.92008,1.92008,1.92008,1.92008,1.92008,1.92008,1.92008,1.92008,1.92008,1.92008,1.92008,1.92008,1.92008,1.92008,1.92008,1.92008,1.92008,1.92008,1.92008,1.92008,1.92008,1.92008,1.92008,1.92008,1.92008,1.92008,1.92008
547,1.92008,1.92008,1.92008,1.92008,1.92008,1.92008,1.92008,1.92008,1.92008,1.92008,1.92008,1.92008,1.92008,1.92008,1.92008,1.92008,1.92008,1.92008,1.92008,1.92008,1.92008,1.92008,1.92008,1.92008,1.92008,1.92008,1.92008,1.92008,1.92008,1.92008,1.92008,1.92008,1.92008,1.92008,1.92008,1.92008,1.92008,1.92008,1.92008,1.92008,1.92008,1.92008,1.92008,1.92008,1.92008,1.92008,1.92008,1.92008,1.92008,1.92008
548,1.92008,1.92008,1.92008,1.92008,1.92008,1.92008,1.92008,1.92008,1.92008,1.92008,1.92008,1.92008,1.92008,1.92008,1.92008,1.92008,1.92008,1.92008,1.92008,1.92008,1.92008,1.92008,1.92008,1.92008,1.92008,1.92008,1.92008,1.92008,1.92008,1.92008,1.92008,1.92008,1.92008,1.92008,1.92008,1.92008,1.92008,1.92008,1.92008,1.92008,1.92008,1.92008,1.92008,1.92008,1.92008,1.92008,1.92008,1.92008,1.92008,1.92008
549,1.92008,1.92008,1.92008,1.92008,1.92008,1.92008,1.92008,1.92008,1.92008,1.92008,1.92008,1.92008,1.92008,1.92008,1.92008,1.92008,1.92008,1.92008,1.92008,1.92008,1.92008,1.92008,1.92008,1.92008,1.92008,1.92008,1.92008,1.92008,1.92008,1.92008,1.92008,1.92008,1.92008,1.92008,1.92008,1.92008,1.92008,1.92008,1.92008,1.92008,1.92008,1.92008,1.92008,1.92008,1.92008,1.92008,1.92008,1.92008,1.92008,1.92008
550,1.92008,1.92008,1.92008,1.92008,1.92008,1.92008,1.92008,1.92008,1.92008,1.92008,1.92008,1.92008,1.92008,1.92008,1.92008,1.92008,1.92008,1.92008,1.92008,1.92008,1.92008,1.92008,1.92008,1.92008,1.92008,1.92008,1.92008,1.92008,1.92008,1.92008,1.92008,1.92008,1.92008,1.92008,1.92008,1.92008,1.92008,1.92008,1.92008,1.92008,1.92008,1.92008,1.92008,1.92008,1.92008,1.92008,1.92008,1.92008,1.92008,1.92008
551,1.92008,1.92008,1.92008,1.92008,1.92008,1.92008,1.92008,1.92008,1.92008,1.92008,1.92008,1.92008,1.92008,1.92008,1.92008,1.92008,1.92008,1.92008,1.92008,1.92008,1.92008,1.92008,1.92008,1.92008,1.92008,1.92008,1.92008,1.92008,1.92008,1.92008,1.92008,1.92008,1.92008,1.92008,1.92008,1.92008,1.92008,1.92008,1.92008,1.92008,1.92008,1.92008,1.92008,1.92008,1.92008,1.92008,1.92008,1.92008,1.92008,1.92008
552,1.92008,1.92008,1.92008,1.92008,1.92008,1.92008,1.92008,1.92008,1.92008,1.92008,1.92008,1.92008,1.92008,1.92008,1.92008,1.92008,1.92008,1.92008,1.92008,1.92008,1.92008,1.92008,1.92008,1.92008,1.92008,1.92008,1.92008,1.92008,1.92008,1.92008,1.92008,1.92008,1.92008,1.92008,1.92008,1.92008,1.92008,1.92008,1.92008,1.92008,1.92008,1.92008,1.92008,1.92008,1.92008,1.92008,1.92008,1.92008,1.92008,1.92008
553,1.92008,1.92008,1.92008,1.92008,1.92008,1.92008,1.92008,1.92008,1.92008,1.92008,1.92008,1.92008,1.92008,1.92008,1.92008,1.92008,1.92008,1.92008,1.92008,1.92008,1.92008,1.92008,1.92008,1.92008,1.92008,1.92008,1.92008,1.92008,1.92008,1.92008,1.92008,1.92008,1.92008,1.92008,1.92008,1.92008,1.92008,1.92008,1.92008,1.92008,1.92008,1.92008,1.92008,1.92008,1.92008,1.92008,1.92008,1.92008,1.92008,1.92008
554,1.92008,1.92008,1.92008,1.92008,1.92008,1.92008,1.92008,1.92008,1.92008,1.92008,1.92008,1.92008,1.92008,1.92008,1.92008,1.92008,1.92008,1.92008,1.92008,1.92008,1.92008,1.92008,1.92008,1.92008,1.92008,1.92008,1.92008,1.92008,1.92008,1.92008,1.92008,1.92008,1.92008,1.92008,1.92008,1.92008,1.92008,1.92008,1.92008,1.92008,1.92008,1.92008,1.92008,1.92008,1.92008,1.92008,1.92008,1.92008,1.92008,1.92008
555,1.92008,1.92008,1.92008,1.92008,1.92008,1.92008,1.92008,1.92008,1.92008,1.92008,1.92008,1.92008,1.92008,1.92008,1.92008,1.92008,1.92008,1.92008,1.92008,1.92008,1.92008,1.92008,1.92008,1.92008,1.92008,1.92008,1.92008,1.92008,1.92008,1.92008,1.92008,1.92008,1.92008,1.92008,1.92008,1.92008,1.92008,1.92008,1.92008,1.92008,1.92008,1.92008,1.92008,1.92008,1.92008,1.92008,1.92008,1.92008,1.92008,1.92008
556,1.92008,1.92008,1.92008,1.92008,1.92008,1.92008,1.92008,1.92008,1.92008,1.92008,1.92008,1.92008,1.92008,1.92008,1.92008,1.92008,1.92008,1.92008,1.92008,1.92008,1.92008,1.92008,1.92008,1.92008,1.92008,1.92008,1.92008,1.92008,1.92008,1.92008,1.92008,1.92008,1.92008,1.92008,1.92008,1.92008,1.92008,1.92008,1.92008,1.92008,1.92008,1.92008,1.92008,1.92008,1.92008,1.92008,1.92008,1.92008,1.92008,1.92008
557,1.92008,1.92008,1.92008,1.92008,1.92008,1.92008,1.92008,1.92008,1.92008,1.92008,1.92008,1.92008,1.92008,1.92008,1.92008,1.92008,1.92008,1.92008,1.92008,1.92008,1.92008,1.92008,1.92008,1.92008,1.92008,1.92008,1.92008,1.92008,1.92008,1.92008,1.92008,1.92008,1.92008,1.92008,1.92008,1.92008,1.92008,1.92008,1.92008,1.92008,1.92008,1.92008,1.92008,1.92008,1.92008,1.92008,1.92008,1.92008,1.92008,1.92008
558,1.92008,1.92008,1.92008,1.92008,1.92008,1.92008,1.92008,1.92008,1.92008,1.92008,1.92008,1.92008,1.92008,1.92008,1.92008,1.92008,1.92008,1.92008,1.92008,1.92008,1.92008,1.92008,1.92008,1.92008,1.92008,1.92008,1.92008,1.92008,1.92008,1.92008,1.92008,1.92008,1.92008,1.92008,1.92008,1.92008,1.92008,1.92008,1.92008,1.92008,1.92008,1.92008,1.92008,1.92008,1.92008,1.92008,1.92008,1.92008,1.92008,1.92008
559,1.92008,1.92008,1.92008,1.92008,1.92008,1.92008,1.92008,1.92008,1.92008,1.92008,1.92008,1.92008,1.92008,1.92008,1.92008,1.92008,1.92008,1.92008,1.92008,1.92008,1.92008,1.92008,1.92008,1.92008,1.92008,1.92008,1.92008,1.92008,1.92008,1.92008,1.92008,1.92008,1.92008,1.92008,1.92008,1.92008,1.92008,1.92008,1.92008,1.92008,1.92008,1.92008,1.92008,1.92008,1.92008,1.92008,1.92008,1.92008,1.92008,1.92008
560,1.92008,1.92008,1.92008,1.92008,1.92008,1.92008,1.92008,1.92008,1.92008,1.92008,1.92008,1.92008,1.92008,1.92008,1.92008,1.92008,1.92008,1.92008,1.92008,1.92008,1.92008,1.92008,1.92008,1.92008,1.92008,1.92008,1.92008,1.92008,1.92008,1.92008,1.92008,1.92008,1.92008,1.92008,1.92008,1.92008,1.92008,1.92008,1.92008,1.92008,1.92008,1.92008,1.92008,1.92008,1.92008,1.92008,1.92008,1.92008,1.92008,1.92008
561,1.92008,1.92008,1.92008,1.92008,1.92008,1.92008,1.92008,1.92008,1.92008,1.92008,1.92008,1.92008,1.92008,1.92008,1.92008,1.92008,1.92008,1.92008,1.92008,1.92008,1.92008,1.92008,1.92008,1.92008,1.92008,1.92008,1.92008,1.92008,1.92008,1.92008,1.92008,1.92008,1.92008,1.92008,1.92008,1.92008,1.92008,1.92008,1.92008,1.92008,1.92008,1.92008,1.92008,1.92008,1.92008,1.92008,1.92008,1.92008,1.92008,1.92008
562,1.92008,1.92008,1.92008,1.92008,1.92008,1.92008,1.92008,1.92008,1.92008,1.92008,1.92008,1.92008,1.92008,1.92008,1.92008,1.92008,1.92008,1.92008,1.92008,1.92008,1.92008,1.92008,1.92008,1.92008,1.92008,1.92008,1.92008,1.92008,1.92008,1.92008,1.92008,1.92008,1.92008,1.92008,1.92008,1.92008,1.92008,1.92008,1.92008,1.92008,1.92008,1.92008,1.92008,1.92008,1.92008,1.92008,1.92008,1.92008,1.92008,1.92008
563,1.92008,1.92008,1.92008,1.92008,1.92008,1.92008,1.92008,1.92008,1.92008,1.92008,1.92008,1.92008,1.92008,1.92008,1.92008,1.92008,1.92008,1.92008,1.92008,1.92008,1.92008,1.92008,1.92008,1.92008,1.92008,1.92008,1.92008,1.92008,1.92008,1.92008,1.92008,1.92008,1.92008,1.92008,1.92008,1.92008,1.92008,1.92008,1.92008,1.92008,1.92008,1.92008,1.92008,1.92008,1.92008,1.92008,1.92008,1.92008,1.92008,1.92008
564,1.92008,1.92008,1.92008,1.92008,1.92008,1.92008,1.92008,1.92008,1.92008,1.92008,1.92008,1.92008,1.92008,1.92008,1.92008,1.92008,1.92008,1.92008,1.92008,1.92008,1.92008,1.92008,1.92008,1.92008,1.92008,1.92008,1.92008,1.92008,1.92008,1.92008,1.92008,1.92008,1.92008,1.92008,1.92008,1.92008,1.92008,1.92008,1.92008,1.92008,1.92008,1.92008,1.92008,1.92008,1.92008,1.92008,1.92008,1.92008,1.92008,1.92008
565,1.92008,1.92008,1.92008,1.92008,1.92008,1.92008,1.92008,1.92008,1.92008,1.92008,1.92008,1.92008,1.92008,1.92008,1.92008,1.92008,1.92008,1.92008,1.92008,1.92008,1.92008,1.92008,1.92008,1.92008,1.92008,1.92008,1.92008,1.92008,1.92008,1.92008,1.92008,1.92008,1.92008,1.92008,1.92008,1.92008,1.92008,1.92008,1.92008,1.92008,1.92008,1.92008,1.92008,1.92008,1.92008,1.92008,1.92008,1.92008,1.92008,1.92008
566,1.92008,1.92008,1.92008,1.92008,1.92008,1.92008,1.92008,1.92008,1.92008,1.92008,1.92008,1.92008,1.92008,1.92008,1.92008,1.92008,1.92008,1.92008,1.92008,1.92008,1.92008,1.92008,1.92008,1.92008,1.92008,1.92008,1.92008,1.92008,1.92008,1.92008,1.92008,1.92008,1.92008,1.92008,1.92008,1.92008,1.92008,1.92008,1.92008,1.92008,1.92008,1.92008,1.92008,1.92008,1.92008,1.92008,1.92008,1.92008,1.92008,1.92008
567,1.92008,1.92008,1.92008,1.92008,1.92008,1.92008,1.92008,1.92008,1.92008,1.92008,1.92008,1.92008,1.92008,1.92008,1.92008,1.92008,1.92008,1.92008,1.92008,1.92008,1.92008,1.92008,1.92008,1.92008,1.92008,1.92008,1.92008,1.92008,1.92008,1.92008,1.92008,1.92008,1.92008,1.92008,1.92008,1.92008,1.92008,1.92008,1.92008,1.92008,1.92008,1.92008,1.92008,1.92008,1.92008,1.92008,1.92008,1.92008,1.92008,1.92008
568,1.92008,1.92008,1.92008,1.92008,1.92008,1.92008,1.92008,1.92008,1.92008,1.92008,1.92008,1.92008,1.92008,1.92008,1.92008,1.92008,1.92008,1.92008,1.92008,1.92008,1.92008,1.92008,1.92008,1.92008,1.92008,1.92008,1.92008,1.92008,1.92008,1.92008,1.92008,1.92008,1.92008,1.92008,1.92008,1.92008,1.92008,1.92008,1.92008,1.92008,1.92008,1.92008,1.92008,1.92008,1.92008,1.92008,1.92008,1.92008,1.92008,1.92008
569,1.92008,1.92008,1.92008,1.92008,1.92008,1.92008,1.92008,1.92008,1.92008,1.92008,1.92008,1.92008,1.92008,1.92008,1.92008,1.92008,1.92008,1.92008,1.92008,1.92008,1.92008,1.92008,1.92008,1.92008,1.92008,1.92008,1.92008,1.92008,1.92008,1.92008,1.92008,1.92008,1.92008,1.92008,1.92008,1.92008,1.92008,1.92008,1.92008,1.92008,1.92008,1.92008,1.92008,1.92008,1.92008,1.92008,1.92008,1.92008,1.92008,1.92008
570,1.92008,1.92008,1.92008,1.92008,1.92008,1.92008,1.92008,1.92008,1.92008,1.92008,1.92008,1.92008,1.92008,1.92008,1.92008,1.92008,1.92008,1.92008,1.92008,1.92008,1.92008,1.92008,1.92008,1.92008,1.92008,1.92008,1.92008,1.92008,1.92008,1.92008,1.92008,1.92008,1.92008,1.92008,1.92008,1.92008,1.92008,1.92008,1.92008,1.92008,1.92008,1.92008,1.92008,1.92008,1.92008,1.92008,1.92008,1.92008,1.92008,1.92008
571,1.92008,1.92008,1.92008,1.92008,1.92008,1.92008,1.92008,1.92008,1.92008,1.92008,1.92008,1.92008,1.92008,1.92008,1.92008,1.92008,1.92008,1.92008,1.92008,1.92008,1.92008,1.92008,1.92008,1.92008,1.92008,1.92008,1.92008,1.92008,1.92008,1.92008,1.92008,1.92008,1.92008,1.92008,1.92008,1.92008,1.92008,1.92008,1.92008,1.92008,1.92008,1.92008,1.92008,1.92008,1.92008,1.92008,1.92008,1.92008,1.92008,1.92008
572,1.92008,1.92008,1.92008,1.92008,1.92008,1.92008,1.92008,1.92008,1.92008,1.92008,1.92008,1.92008,1.92008,1.92008,1.92008,1.92008,1.92008,1.92008,1.92008,1.92008,1.92008,1.92008,1.92008,1.92008,1.92008,1.92008,1.92008,1.92008,1.92008,1.92008,1.92008,1.92008,1.92008,1.92008,1.92008,1.92008,1.92008,1.92008,1.92008,1.92008,1.92008,1.92008,1.92008,1.92008,1.92008,1.92008,1.92008,1.92008,1.92008,1.92008
573,1.92008,1.92008,1.92008,1.92008,1.92008,1.92008,1.92008,1.92008,1.92008,1.92008,1.92008,1.92008,1.92008,1.92008,1.92008,1.92008,1.92008,1.92008,1.92008,1.92008,1.92008,1.92008,1.92008,1.92008,1.92008,1.92008,1.92008,1.92008,1.92008,1.92008,1.92008,1.92008,1.92008,1.92008,1.92008,1.92008,1.92008,1.92008,1.92008,1.92008,1.92008,1.92008,1.92008,1.92008,1.92008,1.92008,1.92008,1.92008,1.92008,1.92008
574,1.92008,1.92008,1.92008,1.92008,1.92008,1.92008,1.92008,1.92008,1.92008,1.92008,1.92008,1.92008,1.92008,1.92008,1.92008,1.92008,1.92008,1.92008,1.92008,1.92008,1.92008,1.92008,1.92008,1.92008,1.92008,1.92008,1.92008,1.92008,1.92008,1.92008,1.92008,1.92008,1.92008,1.92008,1.92008,1.92008,1.92008,1.92008,1.92008,1.92008,1.92008,1.92008,1.92008,1.92008,1.92008,1.92008,1.92008,1.92008,1.92008,1.92008
575,1.92008,1.92008,1.92008,1.92008,1.92008,1.92008,1.92008,1.92008,1.92008,1.92008,1.92008,1.92008,1.92008,1.92008,1.92008,1.92008,1.92008,1.92008,1.92008,1.92008,1.92008,1.92008,1.92008,1.92008,1.92008,1.92008,1.92008,1.92008,1.92008,1.92008,1.92008,1.92008,1.92008,1.92008,1.92008,1.92008,1.92008,1.92008,1.92008,1.92008,1.92008,1.92008,1.92008,1.92008,1.92008,1.92008,1.92008,1.92008,1.92008,1.92008
576,1.92008,1.92008,1.92008,1.92008,1.92008,1.92008,1.92008,1.92008,1.92008,1.92008,1.92008,1.92008,1.92008,1.92008,1.92008,1.92008,1.92008,1.92008,1.92008,1.92008,1.92008,1.92008,1.92008,1.92008,1.92008,1.92008,1.92008,1.92008,1.92008,1.92008,1.92008,1.92008,1.92008,1.92008,1.92008,1.92008,1.92008,1.92008,1.92008,1.92008,1.92008,1.92008,1.92008,1.92008,1.92008,1.92008,1.92008,1.92008,1.92008,1.92008
577,1.92008,1.92008,1.92008,1.92008,1.92008,1.92008,1.92008,1.92008,1.92008,1.92008,1.92008,1.92008,1.92008,1.92008,1.92008,1.92008,1.92008,1.92008,1.92008,1.92008,1.92008,1.92008,1.92008,1.92008,1.92008,1.92008,1.92008,1.92008,1.92008,1.92008,1.92008,1.92008,1.92008,1.92008,1.92008,1.92008,1.92008,1.92008,1.92008,1.92008,1.92008,1.92008,1.92008,1.92008,1.92008,1.92008,1.92008,1.92008,1.92008,1.92008
578,1.92008,1.92008,1.92008,1.92008,1.92008,1.92008,1.92008,1.92008,1.92008,1.92008,1.92008,1.92008,1.92008,1.92008,1.92008,1.92008,1.92008,1.92008,1.92008,1.92008,1.92008,1.92008,1.92008,1.92008,1.92008,1.92008,1.92008,1.92008,1.92008,1.92008,1.92008,1.92008,1.92008,1.92008,1.92008,1.92008,1.92008,1.92008,1.92008,1.92008,1.92008,1.92008,1.92008,1.92008,1.92008,1.92008,1.92008,1.92008,1.92008,1.92008
579,1.92008,1.92008,1.92008,1.92008,1.92008,1.92008,1.92008,1.92008,1.92008,1.92008,1.92008,1.92008,1.92008,1.92008,1.92008,1.92008,1.92008,1.92008,1.92008,1.92008,1.92008,1.92008,1.92008,1.92008,1.92008,1.92008,1.92008,1.92008,1.92008,1.92008,1.92008,1.92008,1.92008,1.92008,1.92008,1.92008,1.92008,1.92008,1.92008,1.92008,1.92008,1.92008,1.92008,1.92008,1.92008,1.92008,1.92008,1.92008,1.92008,1.92008
580,1.92008,1.92008,1.92008,1.92008,1.92008,1.92008,1.92008,1.92008,1.92008,1.92008,1.92008,1.92008,1.92008,1.92008,1.92008,1.92008,1.92008,1.92008,1.92008,1.92008,1.92008,1.92008,1.92008,1.92008,1.92008,1.92008,1.92008,1.92008,1.92008,1.92008,1.92008,1.92008,1.92008,1.92008,1.92008,1.92008,1.92008,1.92008,1.92008,1.92008,1.92008,1.92008,1.92008,1.92008,1.92008,1.92008,1.92008,1.92008,1.92008,1.92008
581,1.92008,1.92008,1.92008,1.92008,1.92008,1.92008,1.92008,1.92008,1.92008,1.92008,1.92008,1.92008,1.92008,1.92008,1.92008,1.92008,1.92008,1.92008,1.92008,1.92008,1.92008,1.92008,1.92008,1.92008,1.92008,1.92008,1.92008,1.92008,1.92008,1.92008,1.92008,1.92008,1.92008,1.92008,1.92008,1.92008,1.92008,1.92008,1.92008,1.92008,1.92008,1.92008,1.92008,1.92008,1.92008,1.92008,1.92008,1.92008,1.92008,1.92008
582,1.92008,1.92008,1.92008,1.92008,1.92008,1.92008,1.92008,1.92008,1.92008,1.92008,1.92008,1.92008,1.92008,1.92008,1.92008,1.92008,1.92008,1.92008,1.92008,1.92008,1.92008,1.92008,1.92008,1.92008,1.92008,1.92008,1.92008,1.92008,1.92008,1.92008,1.92008,1.92008,1.92008,1.92008,1.92008,1.92008,1.92008,1.92008,1.92008,1.92008,1.92008,1.92008,1.92008,1.92008,1.92008,1.92008,1.92008,1.92008,1.92008,1.92008
583,1.92008,1.92008,1.92008,1.92008,1.92008,1.92008,1.92008,1.92008,1.92008,1.92008,1.92008,1.92008,1.92008,1.92008,1.92008,1.92008,1.92008,1.92008,1.92008,1.92008,1.92008,1.92008,1.92008,1.92008,1.92008,1.92008,1.92008,1.92008,1.92008,1.92008,1.92008,1.92008,1.92008,1.92008,1.92008,1.92008,1.92008,1.92008,1.92008,1.92008,1.92008,1.92008,1.92008,1.92008,1.92008,1.92008,1.92008,1.92008,1.92008,1.92008
584,1.92008,1.92008,1.92008,1.92008,1.92008,1.92008,1.92008,1.92008,1.92008,1.92008,1.92008,1.92008,1.92008,1.92008,1.92008,1.92008,1.92008,1.92008,1.92008,1.92008,1.92008,1.92008,1.92008,1.92008,1.92008,1.92008,1.92008,1.92008,1.92008,1.92008,1.92008,1.92008,1.92008,1.92008,1.92008,1.92008,1.92008,1.92008,1.92008,1.92008,1.92008,1.92008,1.92008,1.92008,1.92008,1.92008,1.92008,1.92008,1.92008,1.92008
585,1.92008,1.92008,1.92008,1.92008,1.92008,1.92008,1.92008,1.92008,1.92008,1.92008,1.92008,1.92008,1.92008,1.92008,1.92008,1.92008,1.92008,1.92008,1.92008,1.92008,1.92008,1.92008,1.92008,1.92008,1.92008,1.92008,1.92008,1.92008,1.92008,1.92008,1.92008,1.92008,1.92008,1.92008,1.92008,1.92008,1.92008,1.92008,1.92008,1.92008,1.92008,1.92008,1.92008,1.92008,1.92008,1.92008,1.92008,1.92008,1.92008,1.92008
586,1.92008,1.92008,1.92008,1.92008,1.92008,1.92008,1.92008,1.92008,1.92008,1.92008,1.92008,1.92008,1.92008,1.92008,1.92008,1.92008,1.92008,1.92008,1.92008,1.92008,1.92008,1.92008,1.92008,1.92008,1.92008,1.92008,1.92008,1.92008,1.92008,1.92008,1.92008,1.92008,1.92008,1.92008,1.92008,1.92008,1.92008,1.92008,1.92008,1.92008,1.92008,1.92008,1.92008,1.92008,1.92008,1.92008,1.92008,1.92008,1.92008,1.92008
587,1.92008,1.92008,1.92008,1.92008,1.92008,1.92008,1.92008,1.92008,1.92008,1.92008,1.92008,1.92008,1.92008,1.92008,1.92008,1.92008,1.92008,1.92008,1.92008,1.92008,1.92008,1.92008,1.92008,1.92008,1.92008,1.92008,1.92008,1.92008,1.92008,1.92008,1.92008,1.92008,1.92008,1.92008,1.92008,1.92008,1.92008,1.92008,1.92008,1.92008,1.92008,1.92008,1.92008,1.92008,1.92008,1.92008,1.92008,1.92008,1.92008,1.92008
588,1.92008,1.92008,1.92008,1.92008,1.92008,1.92008,1.92008,1.92008,1.92008,1.92008,1.92008,1.92008,1.92008,1.92008,1.92008,1.92008,1.92008,1.92008,1.92008,1.92008,1.92008,1.92008,1.92008,1.92008,1.92008,1.92008,1.92008,1.92008,1.92008,1.92008,1.92008,1.92008,1.92008,1.92008,1.92008,1.92008,1.92008,1.92008,1.92008,1.92008,1.92008,1.92008,1.92008,1.92008,1.92008,1.92008,1.92008,1.92008,1.92008,1.92008
589,1.92008,1.92008,1.92008,1.92008,1.92008,1.92008,1.92008,1.92008,1.92008,1.92008,1.92008,1.92008,1.92008,1.92008,1.92008,1.92008,1.92008,1.92008,1.92008,1.92008,1.92008,1.92008,1.92008,1.92008,1.92008,1.92008,1.92008,1.92008,1.92008,1.92008,1.92008,1.92008,1.92008,1.92008,1.92008,1.92008,1.92008,1.92008,1.92008,1.92008,1.92008,1.92008,1.92008,1.92008,1.92008,1.92008,1.92008,1.92008,1.92008,1.92008
590,1.92008,1.92008,1.92008,1.92008,1.92008,1.92008,1.92008,1.92008,1.92008,1.92008,1.92008,1.92008,1.92008,1.92008,1.92008,1.92008,1.92008,1.92008,1.92008,1.92008,1.92008,1.92008,1.92008,1.92008,1.92008,1.92008,1.92008,1.92008,1.92008,1.92008,1.92008,1.92008,1.92008,1.92008,1.92008,1.92008,1.92008,1.92008,1.92008,1.92008,1.92008,1.92008,1.92008,1.92008,1.92008,1.92008,1.92008,1.92008,1.92008,1.92008
591,1.92008,1.92008,1.92008,1.92008,1.92008,1.92008,1.92008,1.92008,1.92008,1.92008,1.92008,1.92008,1.92008,1.92008,1.92008,1.92008,1.92008,1.92008,1.92008,1.92008,1.92008,1.92008,1.92008,1.92008,1.92008,1.92008,1.92008,1.92008,1.92008,1.92008,1.92008,1.92008,1.92008,1.92008,1.92008,1.92008,1.92008,1.92008,1.92008,1.92008,1.92008,1.92008,1.92008,1.92008,1.92008,1.92008,1.92008,1.92008,1.92008,1.92008
592,1.92008,1.92008,1.92008,1.92008,1.92008,1.92008,1.92008,1.92008,1.92008,1.92008,1.92008,1.92008,1.92008,1.92008,1.92008,1.92008,1.92008,1.92008,1.92008,1.92008,1.92008,1.92008,1.92008,1.92008,1.92008,1.92008,1.92008,1.92008,1.92008,1.92008,1.92008,1.92008,1.92008,1.92008,1.92008,1.92008,1.92008,1.92008,1.92008,1.92008,1.92008,1.92008,1.92008,1.92008,1.92008,1.92008,1.92008,1.92008,1.92008,1.92008
593,1.92008,1.92008,1.92008,1.92008,1.92008,1.92008,1.92008,1.92008,1.92008,1.92008,1.92008,1.92008,1.92008,1.92008,1.92008,1.92008,1.92008,1.92008,1.92008,1.92008,1.92008,1.92008,1.92008,1.92008,1.92008,1.92008,1.92008,1.92008,1.92008,1.92008,1.92008,1.92008,1.92008,1.92008,1.92008,1.92008,1.92008,1.92008,1.92008,1.92008,1.92008,1.92008,1.92008,1.92008,1.92008,1.92008,1.92008,1.92008,1.92008,1.92008
594,1.92008,1.92008,1.92008,1.92008,1.92008,1.92008,1.92008,1.92008,1.92008,1.92008,1.92008,1.92008,1.92008,1.92008,1.92008,1.92008,1.92008,1.92008,1.92008,1.92008,1.92008,1.92008,1.92008,1.92008,1.92008,1.92008,1.92008,1.92008,1.92008,1.92008,1.92008,1.92008,1.92008,1.92008,1.92008,1.92008,1.92008,1.92008,1.92008,1.92008,1.92008,1.92008,1.92008,1.92008,1.92008,1.92008,1.92008,1.92008,1.92008,1.92008
595,1.92008,1.92008,1.92008,1.92008,1.92008,1.92008,1.92008,1.92008,1.92008,1.92008,1.92008,1.92008,1.92008,1.92008,1.92008,1.92008,1.92008,1.92008,1.92008,1.92008,1.92008,1.92008,1.92008,1.92008,1.92008,1.92008,1.92008,1.92008,1.92008,1.92008,1.92008,1.92008,1.92008,1.92008,1.92008,1.92008,1.92008,1.92008,1.92008,1.92008,1.92008,1.92008,1.92008,1.92008,1.92008,1.92008,1.92008,1.92008,1.92008,1.92008
596,1.92008,1.92008,1.92008,1.92008,1.92008,1.92008,1.92008,1.92008,1.92008,1.92008,1.92008,1.92008,1.92008,1.92008,1.92008,1.92008,1.92008,1.92008,1.92008,1.92008,1.92008,1.92008,1.92008,1.92008,1.92008,1.92008,1.92008,1.92008,1.92008,1.92008,1.92008,1.92008,1.92008,1.92008,1.92008,1.92008,1.92008,1.92008,1.92008,1.92008,1.92008,1.92008,1.92008,1.92008,1.92008,1.92008,1.92008,1.92008,1.92008,1.92008
597,1.92008,1.92008,1.92008,1.92008,1.92008,1.92008,1.92008,1.92008,1.92008,1.92008,1.92008,1.92008,1.92008,1.92008,1.92008,1.92008,1.92008,1.92008,1.92008,1.92008,1.92008,1.92008,1.92008,1.92008,1.92008,1.92008,1.92008,1.92008,1.92008,1.92008,1.92008,1.92008,1.92008,1.92008,1.92008,1.92008,1.92008,1.92008,1.92008,1.92008,1.92008,1.92008,1.92008,1.92008,1.92008,1.92008,1.92008,1.92008,1.92008,1.92008
598,1.92008,1.92008,1.92008,1.92008,1.92008,1.92008,1.92008,1.92008,1.92008,1.92008,1.92008,1.92008,1.92008,1.92008,1.92008,1.92008,1.92008,1.92008,1.92008,1.92008,1.92008,1.92008,1.92008,1.92008,1.92008,1.92008,1.92008,1.92008,1.92008,1.92008,1.92008,1.92008,1.92008,1.92008,1.92008,1.92008,1.92008,1.92008,1.92008,1.92008,1.92008,1.92008,1.92008,1.92008,1.92008,1.92008,1.92008,1.92008,1.92008,1.92008
599,1.92008,1.92008,1.92008,1.92008,1.92008,1.92008,1.92008,1.92008,1.92008,1.92008,1.92008,1.92008,1.92008,1.92008,1.92008,1.92008,1.92008,1.92008,1.92008,1.92008,1.92008,1.92008,1.92008,1.92008,1.92008,1.92008,1.92008,1.92008,1.92008,1.92008,1.92008,1.92008,1.92008,1.92008,1.92008,1.92008,1.92008,1.92008,1.92008,1.92008,1.92008,1.92008,1.92008,1.92008,1.92008,1.92008,1.92008,1.92008,1.92008,1.92008
600,1.92008,1.92008,1.92008,1.92008,1.92008,1.92008,1.92008,1.92008,1.92008,1.92008,1.92008,1.92008,1.92008,1.92008,1.92008,1.92008,1.92008,1.92008,1.92008,1.92008,1.92008,1.92008,1.92008,1.92008,1.92008,1.92008,1.92008,1.92008,1.92008,1.92008,1.92008,1.92008,1.92008,1.92008,1.92008,1.92008,1.92008,1.92008,1.92008,1.92008,1.92008,1.92008,1.92008,1.92008,1.92008,1.92008,1.92008,1.92008,1.92008,1.92008
601,1.92008,1.92008,1.92008,1.92008,1.92008,1.92008,1.92008,1.92008,1.92008,1.92008,1.92008,1.92008,1.92008,1.92008,1.92008,1.92008,1.92008,1.92008,1.92008,1.92008,1.92008,1.92008,1.92008,1.92008,1.92008,1.92008,1.92008,1.92008,1.92008,1.92008,1.92008,1.92008,1.92008,1.92008,1.92008,1.92008,1.92008,1.92008,1.92008,1.92008,1.92008,1.92008,1.92008,1.92008,1.92008,1.92008,1.92008,1.92008,1.92008,1.92008
602,1.92008,1.92008,1.92008,1.92008,1.92008,1.92008,1.92008,1.92008,1.92008,1.92008,1.92008,1.92008,1.92008,1.92008,1.92008,1.92008,1.92008,1.92008,1.92008,1.92008,1.92008,1.92008,1.92008,1.92008,1.92008,1.92008,1.92008,1.92008,1.92008,1.92008,1.92008,1.92008,1.92008,1.92008,1.92008,1.92008,1.92008,1.92008,1.92008,1.92008,1.92008,1.92008,1.92008,1.92008,1.92008,1.92008,1.92008,1.92008,1.92008,1.92008
603,1.92008,1.92008,1.92008,1.92008,1.92008,1.92008,1.92008,1.92008,1.92008,1.92008,1.92008,1.92008,1.92008,1.92008,1.92008,1.92008,1.92008,1.92008,1.92008,1.92008,1.92008,1.92008,1.92008,1.92008,1.92008,1.92008,1.92008,1.92008,1.92008,1.92008,1.92008,1.92008,1.92008,1.92008,1.92008,1.92008,1.92008,1.92008,1.92008,1.92008,1.92008,1.92008,1.92008,1.92008,1.92008,1.92008,1.92008,1.92008,1.92008,1.92008
604,1.92008,1.92008,1.92008,1.92008,1.92008,1.92008,1.92008,1.92008,1.92008,1.92008,1.92008,1.92008,1.92008,1.92008,1.92008,1.92008,1.92008,1.92008,1.92008,1.92008,1.92008,1.92008,1.92008,1.92008,1.92008,1.92008,1.92008,1.92008,1.92008,1.92008,1.92008,1.92008,1.92008,1.92008,1.92008,1.92008,1.92008,1.92008,1.92008,1.92008,1.92008,1.92008,1.92008,1.92008,1.92008,1.92008,1.92008,1.92008,1.92008,1.92008
605,1.92008,1.92008,1.92008,1.92008,1.92008,1.92008,1.92008,1.92008,1.92008,1.92008,1.92008,1.92008,1.92008,1.92008,1.92008,1.92008,1.92008,1.92008,1.92008,1.92008,1.92008,1.92008,1.92008,1.92008,1.92008,1.92008,1.92008,1.92008,1.92008,1.92008,1.92008,1.92008,1.92008,1.92008,1.92008,1.92008,1.92008,1.92008,1.92008,1.92008,1.92008,1.92008,1.92008,1.92008,1.92008,1.92008,1.92008,1.92008,1.92008,1.92008
606,1.92008,1.92008,1.92008,1.92008,1.92008,1.92008,1.92008,1.92008,1.92008,1.92008,1.92008,1.92008,1.92008,1.92008,1.92008,1.92008,1.92008,1.92008,1.92008,1.92008,1.92008,1.92008,1.92008,1.92008,1.92008,1.92008,1.92008,1.92008,1.92008,1.92008,1.92008,1.92008,1.92008,1.92008,1.92008,1.92008,1.92008,1.92008,1.92008,1.92008,1.92008,1.92008,1.92008,1.92008,1.92008,1.92008,1.92008,1.92008,1.92008,1.92008
607,1.92008,1.92008,1.92008,1.92008,1.92008,1.92008,1.92008,1.92008,1.92008,1.92008,1.92008,1.92008,1.92008,1.92008,1.92008,1.92008,1.92008,1.92008,1.92008,1.92008,1.92008,1.92008,1.92008,1.92008,1.92008,1.92008,1.92008,1.92008,1.92008,1.92008,1.92008,1.92008,1.92008,1.92008,1.92008,1.92008,1.92008,1.92008,1.92008,1.92008,1.92008,1.92008,1.92008,1.92008,1.92008,1.92008,1.92008,1.92008,1.92008,1.92008
608,1.92008,1.92008,1.92008,1.92008,1.92008,1.92008,1.92008,1.92008,1.92008,1.92008,1.92008,1.92008,1.92008,1.92008,1.92008,1.92008,1.92008,1.92008,1.92008,1.92008,1.92008,1.92008,1.92008,1.92008,1.92008,1.92008,1.92008,1.92008,1.92008,1.92008,1.92008,1.92008,1.92008,1.92008,1.92008,1.92008,1.92008,1.92008,1.92008,1.92008,1.92008,1.92008,1.92008,1.92008,1.92008,1.92008,1.92008,1.92008,1.92008,1.92008
609,1.92008,1.92008,1.92008,1.92008,1.92008,1.92008,1.92008,1.92008,1.92008,1.92008,1.92008,1.92008,1.92008,1.92008,1.92008,1.92008,1.92008,1.92008,1.92008,1.92008,1.92008,1.92008,1.92008,1.92008,1.92008,1.92008,1.92008,1.92008,1.92008,1.92008,1.92008,1.92008,1.92008,1.92008,1.92008,1.92008,1.92008,1.92008,1.92008,1.92008,1.92008,1.92008,1.92008,1.92008,1.92008,1.92008,1.92008,1.92008,1.92008,1.92008
610,1.92008,1.92008,1.92008,1.92008,1.92008,1.92008,1.92008,1.92008,1.92008,1.92008,1.92008,1.92008,1.92008,1.92008,1.92008,1.92008,1.92008,1.92008,1.92008,1.92008,1.92008,1.92008,1.92008,1.92008,1.92008,1.92008,1.92008,1.92008,1.92008,1.92008,1.92008,1.92008,1.92008,1.92008,1.92008,1.92008,1.92008,1.92008,1.92008,1.92008,1.92008,1.92008,1.92008,1.92008,1.92008,1.92008,1.92008,1.92008,1.92008,1.92008
611,1.92008,1.92008,1.92008,1.92008,1.92008,1.92008,1.92008,1.92008,1.92008,1.92008,1.92008,1.92008,1.92008,1.92008,1.92008,1.92008,1.92008,1.92008,1.92008,1.92008,1.92008,1.92008,1.92008,1.92008,1.92008,1.92008,1.92008,1.92008,1.92008,1.92008,1.92008,1.92008,1.92008,1.92008,1.92008,1.92008,1.92008,1.92008,1.92008,1.92008,1.92008,1.92008,1.92008,1.92008,1.92008,1.92008,1.92008,1.92008,1.92008,1.92008
612,1.92008,1.92008,1.92008,1.92008,1.92008,1.92008,1.92008,1.92008,1.92008,1.92008,1.92008,1.92008,1.92008,1.92008,1.92008,1.92008,1.92008,1.92008,1.92008,1.92008,1.92008,1.92008,1.92008,1.92008,1.92008,1.92008,1.92008,1.92008,1.92008,1.92008,1.92008,1.92008,1.92008,1.92008,1.92008,1.92008,1.92008,1.92008,1.92008,1.92008,1.92008,1.92008,1.92008,1.92008,1.92008,1.92008,1.92008,1.92008,1.92008,1.92008
613,1.92008,1.92008,1.92008,1.92008,1.92008,1.92008,1.92008,1.92008,1.92008,1.92008,1.92008,1.92008,1.92008,1.92008,1.92008,1.92008,1.92008,1.92008,1.92008,1.92008,1.92008,1.92008,1.92008,1.92008,1.92008,1.92008,1.92008,1.92008,1.92008,1.92008,1.92008,1.92008,1.92008,1.92008,1.92008,1.92008,1.92008,1.92008,1.92008,1.92008,1.92008,1.92008,1.92008,1.92008,1.92008,1.92008,1.92008,1.92008,1.92008,1.92008
614,1.92008,1.92008,1.92008,1.92008,1.92008,1.92008,1.92008,1.92008,1.92008,1.92008,1.92008,1.92008,1.92008,1.92008,1.92008,1.92008,1.92008,1.92008,1.92008,1.92008,1.92008,1.92008,1.92008,1.92008,1.92008,1.92008,1.92008,1.92008,1.92008,1.92008,1.92008,1.92008,1.92008,1.92008,1.92008,1.92008,1.92008,1.92008,1.92008,1.92008,1.92008,1.92008,1.92008,1.92008,1.92008,1.92008,1.92008,1.92008,1.92008,1.92008
615,1.92008,1.92008,1.92008,1.92008,1.92008,1.92008,1.92008,1.92008,1.92008,1.92008,1.92008,1.92008,1.92008,1.92008,1.92008,1.92008,1.92008,1.92008,1.92008,1.92008,1.92008,1.92008,1.92008,1.92008,1.92008,1.92008,1.92008,1.92008,1.92008,1.92008,1.92008,1.92008,1.92008,1.92008,1.92008,1.92008,1.92008,1.92008,1.92008,1.92008,1.92008,1.92008,1.92008,1.92008,1.92008,1.92008,1.92008,1.92008,1.92008,1.92008
616,1.92008,1.92008,1.92008,1.92008,1.92008,1.92008,1.92008,1.92008,1.92008,1.92008,1.92008,1.92008,1.92008,1.92008,1.92008,1.92008,1.92008,1.92008,1.92008,1.92008,1.92008,1.92008,1.92008,1.92008,1.92008,1.92008,1.92008,1.92008,1.92008,1.92008,1.92008,1.92008,1.92008,1.92008,1.92008,1.92008,1.92008,1.92008,1.92008,1.92008,1.92008,1.92008,1.92008,1.92008,1.92008,1.92008,1.92008,1.92008,1.92008,1.92008
617,1.92008,1.92008,1.92008,1.92008,1.92008,1.92008,1.92008,1.92008,1.92008,1.92008,1.92008,1.92008,1.92008,1.92008,1.92008,1.92008,1.92008,1.92008,1.92008,1.92008,1.92008,1.92008,1.92008,1.92008,1.92008,1.92008,1.92008,1.92008,1.92008,1.92008,1.92008,1.92008,1.92008,1.92008,1.92008,1.92008,1.92008,1.92008,1.92008,1.92008,1.92008,1.92008,1.92008,1.92008,1.92008,1.92008,1.92008,1.92008,1.92008,1.92008
618,1.92008,1.92008,1.92008,1.92008,1.92008,1.92008,1.92008,1.92008,1.92008,1.92008,1.92008,1.92008,1.92008,1.92008,1.92008,1.92008,1.92008,1.92008,1.92008,1.92008,1.92008,1.92008,1.92008,1.92008,1.92008,1.92008,1.92008,1.92008,1.92008,1.92008,1.92008,1.92008,1.92008,1.92008,1.92008,1.92008,1.92008,1.92008,1.92008,1.92008,1.92008,1.92008,1.92008,1.92008,1.92008,1.92008,1.92008,1.92008,1.92008,1.92008
619,1.92008,1.92008,1.92008,1.92008,1.92008,1.92008,1.92008,1.92008,1.92008,1.92008,1.92008,1.92008,1.92008,1.92008,1.92008,1.92008,1.92008,1.92008,1.92008,1.92008,1.92008,1.92008,1.92008,1.92008,1.92008,1.92008,1.92008,1.92008,1.92008,1.92008,1.92008,1.92008,1.92008,1.92008,1.92008,1.92008,1.92008,1.92008,1.92008,1.92008,1.92008,1.92008,1.92008,1.92008,1.92008,1.92008,1.92008,1.92008,1.92008,1.92008
620,1.92008,1.92008,1.92008,1.92008,1.92008,1.92008,1.92008,1.92008,1.92008,1.92008,1.92008,1.92008,1.92008,1.92008,1.92008,1.92008,1.92008,1.92008,1.92008,1.92008,1.92008,1.92008,1.92008,1.92008,1.92008,1.92008,1.92008,1.92008,1.92008,1.92008,1.92008,1.92008,1.92008,1.92008,1.92008,1.92008,1.92008,1.92008,1.92008,1.92008,1.92008,1.92008,1.92008,1.92008,1.92008,1.92008,1.92008,1.92008,1.92008,1.92008
621,1.92008,1.92008,1.92008,1.92008,1.92008,1.92008,1.92008,1.92008,1.92008,1.92008,1.92008,1.92008,1.92008,1.92008,1.92008,1.92008,1.92008,1.92008,1.92008,1.92008,1.92008,1.92008,1.92008,1.92008,1.92008,1.92008,1.92008,1.92008,1.92008,1.92008,1.92008,1.92008,1.92008,1.92008,1.92008,1.92008,1.92008,1.92008,1.92008,1.92008,1.92008,1.92008,1.92008,1.92008,1.92008,1.92008,1.92008,1.92008,1.92008,1.92008
622,1.92008,1.92008,1.92008,1.92008,1.92008,1.92008,1.92008,1.92008,1.92008,1.92008,1.92008,1.92008,1.92008,1.92008,1.92008,1.92008,1.92008,1.92008,1.92008,1.92008,1.92008,1.92008,1.92008,1.92008,1.92008,1.92008,1.92008,1.92008,1.92008,1.92008,1.92008,1.92008,1.92008,1.92008,1.92008,1.92008,1.92008,1.92008,1.92008,1.92008,1.92008,1.92008,1.92008,1.92008,1.92008,1.92008,1.92008,1.92008,1.92008,1.92008
623,1.92008,1.92008,1.92008,1.92008,1.92008,1.92008,1.92008,1.92008,1.92008,1.92008,1.92008,1.92008,1.92008,1.92008,1.92008,1.92008,1.92008,1.92008,1.92008,1.92008,1.92008,1.92008,1.92008,1.92008,1.92008,1.92008,1.92008,1.92008,1.92008,1.92008,1.92008,1.92008,1.92008,1.92008,1.92008,1.92008,1.92008,1.92008,1.92008,1.92008,1.92008,1.92008,1.92008,1.92008,1.92008,1.92008,1.92008,1.92008,1.92008,1.92008
624,1.92008,1.92008,1.92008,1.92008,1.92008,1.92008,1.92008,1.92008,1.92008,1.92008,1.92008,1.92008,1.92008,1.92008,1.92008,1.92008,1.92008,1.92008,1.92008,1.92008,1.92008,1.92008,1.92008,1.92008,1.92008,1.92008,1.92008,1.92008,1.92008,1.92008,1.92008,1.92008,1.92008,1.92008,1.92008,1.92008,1.92008,1.92008,1.92008,1.92008,1.92008,1.92008,1.92008,1.92008,1.92008,1.92008,1.92008,1.92008,1.92008,1.92008
625,1.92008,1.92008,1.92008,1.92008,1.92008,1.92008,1.92008,1.92008,1.92008,1.92008,1.92008,1.92008,1.92008,1.92008,1.92008,1.92008,1.92008,1.92008,1.92008,1.92008,1.92008,1.92008,1.92008,1.92008,1.92008,1.92008,1.92008,1.92008,1.92008,1.92008,1.92008,1.92008,1.92008,1.92008,1.92008,1.92008,1.92008,1.92008,1.92008,1.92008,1.92008,1.92008,1.92008,1.92008,1.92008,1.92008,1.92008,1.92008,1.92008,1.92008
626,1.92008,1.92008,1.92008,1.92008,1.92008,1.92008,1.92008,1.92008,1.92008,1.92008,1.92008,1.92008,1.92008,1.92008,1.92008,1.92008,1.92008,1.92008,1.92008,1.92008,1.92008,1.92008,1.92008,1.92008,1.92008,1.92008,1.92008,1.92008,1.92008,1.92008,1.92008,1.92008,1.92008,1.92008,1.92008,1.92008,1.92008,1.92008,1.92008,1.92008,1.92008,1.92008,1.92008,1.92008,1.92008,1.92008,1.92008,1.92008,1.92008,1.92008
627,1.92008,1.92008,1.92008,1.92008,1.92008,1.92008,1.92008,1.92008,1.92008,1.92008,1.92008,1.92008,1.92008,1.92008,1.92008,1.92008,1.92008,1.92008,1.92008,1.92008,1.92008,1.92008,1.92008,1.92008,1.92008,1.92008,1.92008,1.92008,1.92008,1.92008,1.92008,1.92008,1.92008,1.92008,1.92008,1.92008,1.92008,1.92008,1.92008,1.92008,1.92008,1.92008,1.92008,1.92008,1.92008,1.92008,1.92008,1.92008,1.92008,1.92008
628,1.92008,1.92008,1.92008,1.92008,1.92008,1.92008,1.92008,1.92008,1.92008,1.92008,1.92008,1.92008,1.92008,1.92008,1.92008,1.92008,1.92008,1.92008,1.92008,1.92008,1.92008,1.92008,1.92008,1.92008,1.92008,1.92008,1.92008,1.92008,1.92008,1.92008,1.92008,1.92008,1.92008,1.92008,1.92008,1.92008,1.92008,1.92008,1.92008,1.92008,1.92008,1.92008,1.92008,1.92008,1.92008,1.92008,1.92008,1.92008,1.92008,1.92008
629,1.92008,1.92008,1.92008,1.92008,1.92008,1.92008,1.92008,1.92008,1.92008,1.92008,1.92008,1.92008,1.92008,1.92008,1.92008,1.92008,1.92008,1.92008,1.92008,1.92008,1.92008,1.92008,1.92008,1.92008,1.92008,1.92008,1.92008,1.92008,1.92008,1.92008,1.92008,1.92008,1.92008,1.92008,1.92008,1.92008,1.92008,1.92008,1.92008,1.92008,1.92008,1.92008,1.92008,1.92008,1.92008,1.92008,1.92008,1.92008,1.92008,1.92008
630,1.92008,1.92008,1.92008,1.92008,1.92008,1.92008,1.92008,1.92008,1.92008,1.92008,1.92008,1.92008,1.92008,1.92008,1.92008,1.92008,1.92008,1.92008,1.92008,1.92008,1.92008,1.92008,1.92008,1.92008,1.92008,1.92008,1.92008,1.92008,1.92008,1.92008,1.92008,1.92008,1.92008,1.92008,1.92008,1.92008,1.92008,1.92008,1.92008,1.92008,1.92008,1.92008,1.92008,1.92008,1.92008,1.92008,1.92008,1.92008,1.92008,1.92008
631,1.92008,1.92008,1.92008,1.92008,1.92008,1.92008,1.92008,1.92008,1.92008,1.92008,1.92008,1.92008,1.92008,1.92008,1.92008,1.92008,1.92008,1.92008,1.92008,1.92008,1.92008,1.92008,1.92008,1.92008,1.92008,1.92008,1.92008,1.92008,1.92008,1.92008,1.92008,1.92008,1.92008,1.92008,1.92008,1.92008,1.92008,1.92008,1.92008,1.92008,1.92008,1.92008,1.92008,1.92008,1.92008,1.92008,1.92008,1.92008,1.92008,1.92008
632,1.92008,1.92008,1.92008,1.92008,1.92008,1.92008,1.92008,1.92008,1.92008,1.92008,1.92008,1.92008,1.92008,1.92008,1.92008,1.92008,1.92008,1.92008,1.92008,1.92008,1.92008,1.92008,1.92008,1.92008,1.92008,1.92008,1.92008,1.92008,1.92008,1.92008,1.92008,1.92008,1.92008,1.92008,1.92008,1.92008,1.92008,1.92008,1.92008,1.92008,1.92008,1.92008,1.92008,1.92008,1.92008,1.92008,1.92008,1.92008,1.92008,1.92008
633,1.92008,1.92008,1.92008,1.92008,1.92008,1.92008,1.92008,1.92008,1.92008,1.92008,1.92008,1.92008,1.92008,1.92008,1.92008,1.92008,1.92008,1.92008,1.92008,1.92008,1.92008,1.92008,1.92008,1.92008,1.92008,1.92008,1.92008,1.92008,1.92008,1.92008,1.92008,1.92008,1.92008,1.92008,1.92008,1.92008,1.92008,1.92008,1.92008,1.92008,1.92008,1.92008,1.92008,1.92008,1.92008,1.92008,1.92008,1.92008,1.92008,1.92008
634,1.92008,1.92008,1.92008,1.92008,1.92008,1.92008,1.92008,1.92008,1.92008,1.92008,1.92008,1.92008,1.92008,1.92008,1.92008,1.92008,1.92008,1.92008,1.92008,1.92008,1.92008,1.92008,1.92008,1.92008,1.92008,1.92008,1.92008,1.92008,1.92008,1.92008,1.92008,1.92008,1.92008,1.92008,1.92008,1.92008,1.92008,1.92008,1.92008,1.92008,1.92008,1.92008,1.92008,1.92008,1.92008,1.92008,1.92008,1.92008,1.92008,1.92008
635,1.92008,1.92008,1.92008,1.92008,1.92008,1.92008,1.92008,1.92008,1.92008,1.92008,1.92008,1.92008,1.92008,1.92008,1.92008,1.92008,1.92008,1.92008,1.92008,1.92008,1.92008,1.92008,1.92008,1.92008,1.92008,1.92008,1.92008,1.92008,1.92008,1.92008,1.92008,1.92008,1.92008,1.92008,1.92008,1.92008,1.92008,1.92008,1.92008,1.92008,1.92008,1.92008,1.92008,1.92008,1.92008,1.92008,1.92008,1.92008,1.92008,1.92008
636,1.92008,1.92008,1.92008,1.92008,1.92008,1.92008,1.92008,1.92008,1.92008,1.92008,1.92008,1.92008,1.92008,1.92008,1.92008,1.92008,1.92008,1.92008,1.92008,1.92008,1.92008,1.92008,1.92008,1.92008,1.92008,1.92008,1.92008,1.92008,1.92008,1.92008,1.92008,1.92008,1.92008,1.92008,1.92008,1.92008,1.92008,1.92008,1.92008,1.92008,1.92008,1.92008,1.92008,1.92008,1.92008,1.92008,1.92008,1.92008,1.92008,1.92008
637,1.92008,1.92008,1.92008,1.92008,1.92008,1.92008,1.92008,1.92008,1.92008,1.92008,1.92008,1.92008,1.92008,1.92008,1.92008,1.92008,1.92008,1.92008,1.92008,1.92008,1.92008,1.92008,1.92008,1.92008,1.92008,1.92008,1.92008,1.92008,1.92008,1.92008,1.92008,1.92008,1.92008,1.92008,1.92008,1.92008,1.92008,1.92008,1.92008,1.92008,1.92008,1.92008,1.92008,1.92008,1.92008,1.92008,1.92008,1.92008,1.92008,1.92008
638,1.92008,1.92008,1.92008,1.92008,1.92008,1.92008,1.92008,1.92008,1.92008,1.92008,1.92008,1.92008,1.92008,1.92008,1.92008,1.92008,1.92008,1.92008,1.92008,1.92008,1.92008,1.92008,1.92008,1.92008,1.92008,1.92008,1.92008,1.92008,1.92008,1.92008,1.92008,1.92008,1.92008,1.92008,1.92008,1.92008,1.92008,1.92008,1.92008,1.92008,1.92008,1.92008,1.92008,1.92008,1.92008,1.92008,1.92008,1.92008,1.92008,1.92008
639,1.92008,1.92008,1.92008,1.92008,1.92008,1.92008,1.92008,1.92008,1.92008,1.92008,1.92008,1.92008,1.92008,1.92008,1.92008,1.92008,1.92008,1.92008,1.92008,1.92008,1.92008,1.92008,1.92008,1.92008,1.92008,1.92008,1.92008,1.92008,1.92008,1.92008,1.92008,1.92008,1.92008,1.92008,1.92008,1.92008,1.92008,1.92008,1.92008,1.92008,1.92008,1.92008,1.92008,1.92008,1.92008,1.92008,1.92008,1.92008,1.92008,1.92008
640,1.92008,1.92008,1.92008,1.92008,1.92008,1.92008,1.92008,1.92008,1.92008,1.92008,1.92008,1.92008,1.92008,1.92008,1.92008,1.92008,1.92008,1.92008,1.92008,1.92008,1.92008,1.92008,1.92008,1.92008,1.92008,1.92008,1.92008,1.92008,1.92008,1.92008,1.92008,1.92008,1.92008,1.92008,1.92008,1.92008,1.92008,1.92008,1.92008,1.92008,1.92008,1.92008,1.92008,1.92008,1.92008,1.92008,1.92008,1.92008,1.92008,1.92008
641,1.92008,1.92008,1.92008,1.92008,1.92008,1.92008,1.92008,1.92008,1.92008,1.92008,1.92008,1.92008,1.92008,1.92008,1.92008,1.92008,1.92008,1.92008,1.92008,1.92008,1.92008,1.92008,1.92008,1.92008,1.92008,1.92008,1.92008,1.92008,1.92008,1.92008,1.92008,1.92008,1.92008,1.92008,1.92008,1.92008,1.92008,1.92008,1.92008,1.92008,1.92008,1.92008,1.92008,1.92008,1.92008,1.92008,1.92008,1.92008,1.92008,1.92008
642,1.92008,1.92008,1.92008,1.92008,1.92008,1.92008,1.92008,1.92008,1.92008,1.92008,1.92008,1.92008,1.92008,1.92008,1.92008,1.92008,1.92008,1.92008,1.92008,1.92008,1.92008,1.92008,1.92008,1.92008,1.92008,1.92008,1.92008,1.92008,1.92008,1.92008,1.92008,1.92008,1.92008,1.92008,1.92008,1.92008,1.92008,1.92008,1.92008,1.92008,1.92008,1.92008,1.92008,1.92008,1.92008,1.92008,1.92008,1.92008,1.92008,1.92008
643,1.92008,1.92008,1.92008,1.92008,1.92008,1.92008,1.92008,1.92008,1.92008,1.92008,1.92008,1.92008,1.92008,1.92008,1.92008,1.92008,1.92008,1.92008,1.92008,1.92008,1.92008,1.92008,1.92008,1.92008,1.92008,1.92008,1.92008,1.92008,1.92008,1.92008,1.92008,1.92008,1.92008,1.92008,1.92008,1.92008,1.92008,1.92008,1.92008,1.92008,1.92008,1.92008,1.92008,1.92008,1.92008,1.92008,1.92008,1.92008,1.92008,1.92008
644,1.92008,1.92008,1.92008,1.92008,1.92008,1.92008,1.92008,1.92008,1.92008,1.92008,1.92008,1.92008,1.92008,1.92008,1.92008,1.92008,1.92008,1.92008,1.92008,1.92008,1.92008,1.92008,1.92008,1.92008,1.92008,1.92008,1.92008,1.92008,1.92008,1.92008,1.92008,1.92008,1.92008,1.92008,1.92008,1.92008,1.92008,1.92008,1.92008,1.92008,1.92008,1.92008,1.92008,1.92008,1.92008,1.92008,1.92008,1.92008,1.92008,1.92008
645,1.92008,1.92008,1.92008,1.92008,1.92008,1.92008,1.92008,1.92008,1.92008,1.92008,1.92008,1.92008,1.92008,1.92008,1.92008,1.92008,1.92008,1.92008,1.92008,1.92008,1.92008,1.92008,1.92008,1.92008,1.92008,1.92008,1.92008,1.92008,1.92008,1.92008,1.92008,1.92008,1.92008,1.92008,1.92008,1.92008,1.92008,1.92008,1.92008,1.92008,1.92008,1.92008,1.92008,1.92008,1.92008,1.92008,1.92008,1.92008,1.92008,1.92008
646,1.92008,1.92008,1.92008,1.92008,1.92008,1.92008,1.92008,1.92008,1.92008,1.92008,1.92008,1.92008,1.92008,1.92008,1.92008,1.92008,1.92008,1.92008,1.92008,1.92008,1.92008,1.92008,1.92008,1.92008,1.92008,1.92008,1.92008,1.92008,1.92008,1.92008,1.92008,1.92008,1.92008,1.92008,1.92008,1.92008,1.92008,1.92008,1.92008,1.92008,1.92008,1.92008,1.92008,1.92008,1.92008,1.92008,1.92008,1.92008,1.92008,1.92008
647,1.92008,1.92008,1.92008,1.92008,1.92008,1.92008,1.92008,1.92008,1.92008,1.92008,1.92008,1.92008,1.92008,1.92008,1.92008,1.92008,1.92008,1.92008,1.92008,1.92008,1.92008,1.92008,1.92008,1.92008,1.92008,1.92008,1.92008,1.92008,1.92008,1.92008,1.92008,1.92008,1.92008,1.92008,1.92008,1.92008,1.92008,1.92008,1.92008,1.92008,1.92008,1.92008,1.92008,1.92008,1.92008,1.92008,1.92008,1.92008,1.92008,1.92008
648,1.92008,1.92008,1.92008,1.92008,1.92008,1.92008,1.92008,1.92008,1.92008,1.92008,1.92008,1.92008,1.92008,1.92008,1.92008,1.92008,1.92008,1.92008,1.92008,1.92008,1.92008,1.92008,1.92008,1.92008,1.92008,1.92008,1.92008,1.92008,1.92008,1.92008,1.92008,1.92008,1.92008,1.92008,1.92008,1.92008,1.92008,1.92008,1.92008,1.92008,1.92008,1.92008,1.92008,1.92008,1.92008,1.92008,1.92008,1.92008,1.92008,1.92008
649,1.92008,1.92008,1.92008,1.92008,1.92008,1.92008,1.92008,1.92008,1.92008,1.92008,1.92008,1.92008,1.92008,1.92008,1.92008,1.92008,1.92008,1.92008,1.92008,1.92008,1.92008,1.92008,1.92008,1.92008,1.92008,1.92008,1.92008,1.92008,1.92008,1.92008,1.92008,1.92008,1.92008,1.92008,1.92008,1.92008,1.92008,1.92008,1.92008,1.92008,1.92008,1.92008,1.92008,1.92008,1.92008,1.92008,1.92008,1.92008,1.92008,1.92008
650,1.92008,1.92008,1.92008,1.92008,1.92008,1.92008,1.92008,1.92008,1.92008,1.92008,1.92008,1.92008,1.92008,1.92008,1.92008,1.92008,1.92008,1.92008,1.92008,1.92008,1.92008,1.92008,1.92008,1.92008,1.92008,1.92008,1.92008,1.92008,1.92008,1.92008,1.92008,1.92008,1.92008,1.92008,1.92008,1.92008,1.92008,1.92008,1.92008,1.92008,1.92008,1.92008,1.92008,1.92008,1.92008,1.92008,1.92008,1.92008,1.92008,1.92008
651,1.92008,1.92008,1.92008,1.92008,1.92008,1.92008,1.92008,1.92008,1.92008,1.92008,1.92008,1.92008,1.92008,1.92008,1.92008,1.92008,1.92008,1.92008,1.92008,1.92008,1.92008,1.92008,1.92008,1.92008,1.92008,1.92008,1.92008,1.92008,1.92008,1.92008,1.92008,1.92008,1.92008,1.92008,1.92008,1.92008,1.92008,1.92008,1.92008,1.92008,1.92008,1.92008,1.92008,1.92008,1.92008,1.92008,1.92008,1.92008,1.92008,1.92008
652,1.92008,1.92008,1.92008,1.92008,1.92008,1.92008,1.92008,1.92008,1.92008,1.92008,1.92008,1.92008,1.92008,1.92008,1.92008,1.92008,1.92008,1.92008,1.92008,1.92008,1.92008,1.92008,1.92008,1.92008,1.92008,1.92008,1.92008,1.92008,1.92008,1.92008,1.92008,1.92008,1.92008,1.92008,1.92008,1.92008,1.92008,1.92008,1.92008,1.92008,1.92008,1.92008,1.92008,1.92008,1.92008,1.92008,1.92008,1.92008,1.92008,1.92008
653,1.92008,1.92008,1.92008,1.92008,1.92008,1.92008,1.92008,1.92008,1.92008,1.92008,1.92008,1.92008,1.92008,1.92008,1.92008,1.92008,1.92008,1.92008,1.92008,1.92008,1.92008,1.92008,1.92008,1.92008,1.92008,1.92008,1.92008,1.92008,1.92008,1.92008,1.92008,1.92008,1.92008,1.92008,1.92008,1.92008,1.92008,1.92008,1.92008,1.92008,1.92008,1.92008,1.92008,1.92008,1.92008,1.92008,1.92008,1.92008,1.92008,1.92008
654,1.92008,1.92008,1.92008,1.92008,1.92008,1.92008,1.92008,1.92008,1.92008,1.92008,1.92008,1.92008,1.92008,1.92008,1.92008,1.92008,1.92008,1.92008,1.92008,1.92008,1.92008,1.92008,1.92008,1.92008,1.92008,1.92008,1.92008,1.92008,1.92008,1.92008,1.92008,1.92008,1.92008,1.92008,1.92008,1.92008,1.92008,1.92008,1.92008,1.92008,1.92008,1.92008,1.92008,1.92008,1.92008,1.92008,1.92008,1.92008,1.92008,1.92008
655,1.92008,1.92008,1.92008,1.92008,1.92008,1.92008,1.92008,1.92008,1.92008,1.92008,1.92008,1.92008,1.92008,1.92008,1.92008,1.92008,1.92008,1.92008,1.92008,1.92008,1.92008,1.92008,1.92008,1.92008,1.92008,1.92008,1.92008,1.92008,1.92008,1.92008,1.92008,1.92008,1.92008,1.92008,1.92008,1.92008,1.92008,1.92008,1.92008,1.92008,1.92008,1.92008,1.92008,1.92008,1.92008,1.92008,1.92008,1.92008,1.92008,1.92008
656,1.92008,1.92008,1.92008,1.92008,1.92008,1.92008,1.92008,1.92008,1.92008,1.92008,1.92008,1.92008,1.92008,1.92008,1.92008,1.92008,1.92008,1.92008,1.92008,1.92008,1.92008,1.92008,1.92008,1.92008,1.92008,1.92008,1.92008,1.92008,1.92008,1.92008,1.92008,1.92008,1.92008,1.92008,1.92008,1.92008,1.92008,1.92008,1.92008,1.92008,1.92008,1.92008,1.92008,1.92008,1.92008,1.92008,1.92008,1.92008,1.92008,1.92008
657,1.92008,1.92008,1.92008,1.92008,1.92008,1.92008,1.92008,1.92008,1.92008,1.92008,1.92008,1.92008,1.92008,1.92008,1.92008,1.92008,1.92008,1.92008,1.92008,1.92008,1.92008,1.92008,1.92008,1.92008,1.92008,1.92008,1.92008,1.92008,1.92008,1.92008,1.92008,1.92008,1.92008,1.92008,1.92008,1.92008,1.92008,1.92008,1.92008,1.92008,1.92008,1.92008,1.92008,1.92008,1.92008,1.92008,1.92008,1.92008,1.92008,1.92008
658,1.92008,1.92008,1.92008,1.92008,1.92008,1.92008,1.92008,1.92008,1.92008,1.92008,1.92008,1.92008,1.92008,1.92008,1.92008,1.92008,1.92008,1.92008,1.92008,1.92008,1.92008,1.92008,1.92008,1.92008,1.92008,1.92008,1.92008,1.92008,1.92008,1.92008,1.92008,1.92008,1.92008,1.92008,1.92008,1.92008,1.92008,1.92008,1.92008,1.92008,1.92008,1.92008,1.92008,1.92008,1.92008,1.92008,1.92008,1.92008,1.92008,1.92008
659,1.92008,1.92008,1.92008,1.92008,1.92008,1.92008,1.92008,1.92008,1.92008,1.92008,1.92008,1.92008,1.92008,1.92008,1.92008,1.92008,1.92008,1.92008,1.92008,1.92008,1.92008,1.92008,1.92008,1.92008,1.92008,1.92008,1.92008,1.92008,1.92008,1.92008,1.92008,1.92008,1.92008,1.92008,1.92008,1.92008,1.92008,1.92008,1.92008,1.92008,1.92008,1.92008,1.92008,1.92008,1.92008,1.92008,1.92008,1.92008,1.92008,1.92008
660,1.92008,1.92008,1.92008,1.92008,1.92008,1.92008,1.92008,1.92008,1.92008,1.92008,1.92008,1.92008,1.92008,1.92008,1.92008,1.92008,1.92008,1.92008,1.92008,1.92008,1.92008,1.92008,1.92008,1.92008,1.92008,1.92008,1.92008,1.92008,1.92008,1.92008,1.92008,1.92008,1.92008,1.92008,1.92008,1.92008,1.92008,1.92008,1.92008,1.92008,1.92008,1.92008,1.92008,1.92008,1.92008,1.92008,1.92008,1.92008,1.92008,1.92008
661,1.92008,1.92008,1.92008,1.92008,1.92008,1.92008,1.92008,1.92008,1.92008,1.92008,1.92008,1.92008,1.92008,1.92008,1.92008,1.92008,1.92008,1.92008,1.92008,1.92008,1.92008,1.92008,1.92008,1.92008,1.92008,1.92008,1.92008,1.92008,1.92008,1.92008,1.92008,1.92008,1.92008,1.92008,1.92008,1.92008,1.92008,1.92008,1.92008,1.92008,1.92008,1.92008,1.92008,1.92008,1.92008,1.92008,1.92008,1.92008,1.92008,1.92008
662,1.92008,1.92008,1.92008,1.92008,1.92008,1.92008,1.92008,1.92008,1.92008,1.92008,1.92008,1.92008,1.92008,1.92008,1.92008,1.92008,1.92008,1.92008,1.92008,1.92008,1.92008,1.92008,1.92008,1.92008,1.92008,1.92008,1.92008,1.92008,1.92008,1.92008,1.92008,1.92008,1.92008,1.92008,1.92008,1.92008,1.92008,1.92008,1.92008,1.92008,1.92008,1.92008,1.92008,1.92008,1.92008,1.92008,1.92008,1.92008,1.92008,1.92008
663,1.92008,1.92008,1.92008,1.92008,1.92008,1.92008,1.92008,1.92008,1.92008,1.92008,1.92008,1.92008,1.92008,1.92008,1.92008,1.92008,1.92008,1.92008,1.92008,1.92008,1.92008,1.92008,1.92008,1.92008,1.92008,1.92008,1.92008,1.92008,1.92008,1.92008,1.92008,1.92008,1.92008,1.92008,1.92008,1.92008,1.92008,1.92008,1.92008,1.92008,1.92008,1.92008,1.92008,1.92008,1.92008,1.92008,1.92008,1.92008,1.92008,1.92008
664,1.92008,1.92008,1.92008,1.92008,1.92008,1.92008,1.92008,1.92008,1.92008,1.92008,1.92008,1.92008,1.92008,1.92008,1.92008,1.92008,1.92008,1.92008,1.92008,1.92008,1.92008,1.92008,1.92008,1.92008,1.92008,1.92008,1.92008,1.92008,1.92008,1.92008,1.92008,1.92008,1.92008,1.92008,1.92008,1.92008,1.92008,1.92008,1.92008,1.92008,1.92008,1.92008,1.92008,1.92008,1.92008,1.92008,1.92008,1.92008,1.92008,1.92008
665,1.92008,1.92008,1.92008,1.92008,1.92008,1.92008,1.92008,1.92008,1.92008,1.92008,1.92008,1.92008,1.92008,1.92008,1.92008,1.92008,1.92008,1.92008,1.92008,1.92008,1.92008,1.92008,1.92008,1.92008,1.92008,1.92008,1.92008,1.92008,1.92008,1.92008,1.92008,1.92008,1.92008,1.92008,1.92008,1.92008,1.92008,1.92008,1.92008,1.92008,1.92008,1.92008,1.92008,1.92008,1.92008,1.92008,1.92008,1.92008,1.92008,1.92008
666,1.92008,1.92008,1.92008,1.92008,1.92008,1.92008,1.92008,1.92008,1.92008,1.92008,1.92008,1.92008,1.92008,1.92008,1.92008,1.92008,1.92008,1.92008,1.92008,1.92008,1.92008,1.92008,1.92008,1.92008,1.92008,1.92008,1.92008,1.92008,1.92008,1.92008,1.92008,1.92008,1.92008,1.92008,1.92008,1.92008,1.92008,1.92008,1.92008,1.92008,1.92008,1.92008,1.92008,1.92008,1.92008,1.92008,1.92008,1.92008,1.92008,1.92008
667,1.92008,1.92008,1.92008,1.92008,1.92008,1.92008,1.92008,1.92008,1.92008,1.92008,1.92008,1.92008,1.92008,1.92008,1.92008,1.92008,1.92008,1.92008,1.92008,1.92008,1.92008,1.92008,1.92008,1.92008,1.92008,1.92008,1.92008,1.92008,1.92008,1.92008,1.92008,1.92008,1.92008,1.92008,1.92008,1.92008,1.92008,1.92008,1.92008,1.92008,1.92008,1.92008,1.92008,1.92008,1.92008,1.92008,1.92008,1.92008,1.92008,1.92092
668,1.92008,1.92008,1.92008,1.92008,1.92008,1.92008,1.92008,1.92008,1.92008,1.92008,1.92008,1.92008,1.92008,1.92008,1.92008,1.92008,1.92008,1.92008,1.92008,1.92008,1.92008,1.92008,1.92008,1.92008,1.92008,1.92008,1.92008,1.92008,1.92008,1.92008,1.92008,1.92008,1.92008,1.92008,1.92008,1.92008,1.92008,1.92008,1.92008,1.92008,1.92008,1.92008,1.92008,1.92008,1.92008,1.92008,1.92008,1.92008,1.92008,1.92008
669,1.92008,1.92008,1.92008,1.92008,1.92008,1.92008,1.92008,1.92008,1.92008,1.92008,1.92008,1.92008,1.92008,1.92008,1.92008,1.92008,1.92008,1.92008,1.92008,1.92008,1.92008,1.92008,1.92008,1.92008,1.92008,1.92008,1.92008,1.92008,1.92008,1.92008,1.92008,1.92008,1.92008,1.92008,1.92008,1.92008,1.92008,1.92008,1.92008,1.92008,1.92008,1.92008,1.92008,1.92008,1.92008,1.92008,1.92008,1.92008,1.92008,1.92008
670,1.92008,1.92008,1.92008,1.92008,1.92008,1.92008,1.92008,1.92008,1.92008,1.92008,1.92008,1.92008,1.92008,1.92008,1.92008,1.92008,1.92008,1.92008,1.92008,1.92008,1.92008,1.92008,1.92008,1.92008,1.92008,1.92008,1.92008,1.92008,1.92008,1.92008,1.92008,1.92008,1.92008,1.92008,1.92008,1.92008,1.92008,1.92008,1.92008,1.92008,1.92008,1.92008,1.92008,1.92008,1.92008,1.92008,1.92008,1.92008,1.92008,1.92008
671,1.92008,1.92008,1.92008,1.92008,1.92008,1.92008,1.92008,1.92008,1.92008,1.92008,1.92008,1.92008,1.92008,1.92008,1.92008,1.92008,1.92008,1.92008,1.92008,1.92008,1.92008,1.92008,1.92008,1.92008,1.92008,1.92008,1.92008,1.92008,1.92008,1.92008,1.92008,1.92008,1.92008,1.92008,1.92008,1.92008,1.92008,1.92008,1.92008,1.92008,1.92008,1.92008,1.92008,1.92008,1.92008,1.92008,1.92008,1.92008,1.92008,1.92008
672,1.92008,1.92008,1.92008,1.92008,1.92008,1.92008,1.92008,1.92008,1.92008,1.92008,1.92008,1.92008,1.92008,1.92008,1.92008,1.92008,1.92008,1.92008,1.92008,1.92008,1.92008,1.92008,1.92008,1.92008,1.92008,1.92008,1.92008,1.92008,1.92008,1.92008,1.92008,1.92008,1.92008,1.92008,1.92008,1.92008,1.92008,1.92008,1.92008,1.92008,1.92008,1.92008,1.92008,1.92008,1.92008,1.92008,1.92008,1.92008,1.92008,1.92008
673,1.92008,1.92008,1.92008,1.92008,1.92008,1.92008,1.92008,1.92008,1.92008,1.92008,1.92008,1.92008,1.92008,1.92008,1.92008,1.92008,1.92008,1.92008,1.92008,1.92008,1.92008,1.92008,1.92008,1.92008,1.92008,1.92008,1.92008,1.92008,1.92008,1.92008,1.92008,1.92008,1.92008,1.92008,1.92008,1.92008,1.92008,1.92008,1.92008,1.92008,1.92008,1.92008,1.92008,1.92008,1.92008,1.92008,1.92008,1.92008,1.92008,1.92008
674,1.92008,1.92008,1.92008,1.92008,1.92008,1.92008,1.92008,1.92008,1.92008,1.92008,1.92008,1.92008,1.92008,1.92008,1.92008,1.92008,1.92008,1.92008,1.92008,1.92008,1.92008,1.92008,1.92008,1.92008,1.92008,1.92008,1.92008,1.92008,1.92008,1.92008,1.92008,1.92008,1.92008,1.92008,1.92008,1.92008,1.92008,1.92008,1.92008,1.92008,1.92008,1.92008,1.92008,1.92008,1.92008,1.92008,1.92008,1.92008,1.92008,1.92008
675,1.92008,1.92008,1.92008,1.92008,1.92008,1.92008,1.92008,1.92008,1.92008,1.92008,1.92008,1.92008,1.92008,1.92008,1.92008,1.92008,1.92008,1.92008,1.92008,1.92008,1.92008,1.92008,1.92008,1.92008,1.92008,1.92008,1.92008,1.92008,1.92008,1.92008,1.92008,1.92008,1.92008,1.92008,1.92008,1.92008,1.92008,1.92008,1.92008,1.92008,1.92008,1.92008,1.92008,1.92008,1.92008,1.92008,1.92008,1.92008,1.92008,1.92008
676,1.92008,1.92008,1.92008,1.92008,1.92008,1.92008,1.92008,1.92008,1.92008,1.92008,1.92008,1.92008,1.92008,1.92008,1.92008,1.92008,1.92008,1.92008,1.92008,1.92008,1.92008,1.92008,1.92008,1.92008,1.92008,1.92008,1.92008,1.92008,1.92008,1.92008,1.92008,1.92008,1.92008,1.92008,1.92008,1.92008,1.92008,1.92008,1.92008,1.92008,1.92008,1.92008,1.92008,1.92008,1.92008,1.92008,1.92008,1.92008,1.92008,1.92008
677,1.92008,1.92008,1.92008,1.92008,1.92008,1.92008,1.92008,1.92008,1.92008,1.92008,1.92008,1.92008,1.92008,1.92008,1.92008,1.92008,1.92008,1.92008,1.92008,1.92008,1.92008,1.92008,1.92008,1.92008,1.92008,1.92008,1.92008,1.92008,1.92008,1.92008,1.92008,1.92008,1.92008,1.92008,1.92008,1.92008,1.92008,1.92008,1.92008,1.92008,1.92008,1.92008,1.92008,1.92008,1.92008,1.92008,1.92008,1.92008,1.92008,1.92008
678,1.92008,1.92008,1.92008,1.92008,1.92008,1.92008,1.92008,1.92008,1.92008,1.92008,1.92008,1.92008,1.92008,1.92008,1.92008,1.92008,1.92008,1.92008,1.92008,1.92008,1.92008,1.92008,1.92008,1.92008,1.92008,1.92008,1.92008,1.92008,1.92008,1.92008,1.92008,1.92008,1.92008,1.92008,1.92008,1.92008,1.92008,1.92008,1.92008,1.92008,1.92008,1.92008,1.92008,1.92008,1.92008,1.92008,1.92008,1.92008,1.92008,1.92008
679,1.92008,1.92008,1.92008,1.92008,1.92008,1.92008,1.92008,1.92008,1.92008,1.92008,1.92008,1.92008,1.92008,1.92008,1.92008,1.92008,1.92008,1.92008,1.92008,1.92008,1.92008,1.92008,1.92008,1.92008,1.92008,1.92008,1.92008,1.92008,1.92008,1.92008,1.92008,1.92008,1.92008,1.92008,1.92008,1.92008,1.92008,1.92008,1.92008,1.92008,1.92008,1.92008,1.92008,1.92008,1.92008,1.92008,1.92008,1.92008,1.92008,1.92008
680,1.92008,1.92008,1.92008,1.92008,1.92008,1.92008,1.92008,1.92008,1.92008,1.92008,1.92008,1.92008,1.92008,1.92008,1.92008,1.92008,1.92008,1.92008,1.92008,1.92008,1.92008,1.92008,1.92008,1.92008,1.92008,1.92008,1.92008,1.92008,1.92008,1.92008,1.92008,1.92008,1.92008,1.92008,1.92008,1.92008,1.92008,1.92008,1.92008,1.92008,1.92008,1.92008,1.92008,1.92008,1.92008,1.92008,1.92008,1.92008,1.92008,1.92008
681,1.92008,1.92008,1.92008,1.92008,1.92008,1.92008,1.92008,1.92008,1.92008,1.92008,1.92008,1.92008,1.92008,1.92008,1.92008,1.92008,1.92008,1.92008,1.92008,1.92008,1.92008,1.92008,1.92008,1.92008,1.92008,1.92008,1.92008,1.92008,1.92008,1.92008,1.92008,1.92008,1.92008,1.92008,1.92008,1.92008,1.92008,1.92008,1.92008,1.92008,1.92008,1.92008,1.92008,1.92008,1.92008,1.92008,1.92008,1.92008,1.92008,1.92008
682,1.92008,1.92008,1.92008,1.92008,1.92008,1.92008,1.92008,1.92008,1.92008,1.92008,1.92008,1.92008,1.92008,1.92008,1.92008,1.92008,1.92008,1.92008,1.92008,1.92008,1.92008,1.92008,1.92008,1.92008,1.92008,1.92008,1.92008,1.92008,1.92008,1.92008,1.92008,1.92008,1.92008,1.92008,1.92008,1.92008,1.92008,1.92008,1.92008,1.92008,1.92008,1.92008,1.92008,1.92008,1.92008,1.92008,1.92008,1.92008,1.92008,1.92008
683,1.92008,1.92008,1.92008,1.92008,1.92008,1.92008,1.92008,1.92008,1.92008,1.92008,1.92008,1.92008,1.92008,1.92008,1.92008,1.92008,1.92008,1.92008,1.92008,1.92008,1.92008,1.92008,1.92008,1.92008,1.92008,1.92008,1.92008,1.92008,1.92008,1.92008,1.92008,1.92008,1.92008,1.92008,1.92008,1.92008,1.92008,1.92008,1.92008,1.92008,1.92008,1.92008,1.92008,1.92008,1.92008,1.92008,1.92008,1.92008,1.92008,1.9408
684,1.92008,1.92008,1.92008,1.92008,1.92008,1.92008,1.92008,1.92008,1.92008,1.92008,1.92008,1.92008,1.92008,1.92008,1.92008,1.92008,1.92008,1.92008,1.92008,1.92008,1.92008,1.92008,1.92008,1.92008,1.92008,1.92008,1.92008,1.92008,1.92008,1.92008,1.92008,1.92008,1.92008,1.92008,1.92008,1.92008,1.92008,1.92008,1.92008,1.92008,1.92008,1.92008,1.92008,1.92008,1.92008,1.92008,1.92008,1.92008,1.92008,1.92008
685,1.92008,1.92008,1.92008,1.92008,1.92008,1.92008,1.92008,1.92008,1.92008,1.92008,1.92008,1.92008,1.92008,1.92008,1.92008,1.92008,1.92008,1.92008,1.92008,1.92008,1.92008,1.92008,1.92008,1.92008,1.92008,1.92008,1.92008,1.92008,1.92008,1.92008,1.92008,1.92008,1.92008,1.92008,1.92008,1.92008,1.92008,1.92008,1.92008,1.92008,1.92008,1.92008,1.92008,1.92008,1.92008,1.92008,1.92008,1.92008,1.92008,1.92008
686,1.92008,1.92008,1.92008,1.92008,1.92008,1.92008,1.92008,1.92008,1.92008,1.92008,1.92008,1.92008,1.92008,1.92008,1.92008,1.92008,1.92008,1.92008,1.92008,1.92008,1.92008,1.92008,1.92008,1.92008,1.92008,1.92008,1.92008,1.92008,1.92008,1.92008,1.92008,1.92008,1.92008,1.92008,1.92008,1.92008,1.92008,1.92008,1.92008,1.92008,1.92008,1.92008,1.92008,1.92008,1.92008,1.92008,1.92008,1.92008,1.92008,1.92008
687,1.92008,1.92008,1.92008,1.92008,1.92008,1.92008,1.92008,1.92008,1.92008,1.92008,1.92008,1.92008,1.92008,1.92008,1.92008,1.92008,1.92008,1.92008,1.92008,1.92008,1.92008,1.92008,1.92008,1.92008,1.92008,1.92008,1.92008,1.92008,1.92008,1.92008,1.92008,1.92008,1.92008,1.92008,1.92008,1.92008,1.92008,1.92008,1.92008,1.92008,1.92008,1.92008,1.92008,1.92008,1.92008,1.92008,1.92008,1.92008,1.92008,1.92008
688,1.92008,1.92008,1.92008,1.92008,1.92008,1.92008,1.92008,1.92008,1.92008,1.92008,1.92008,1.92008,1.92008,1.92008,1.92008,1.92008,1.92008,1.92008,1.92008,1.92008,1.92008,1.92008,1.92008,1.92008,1.92008,1.92008,1.92008,1.92008,1.92008,1.92008,1.92008,1.92008,1.92008,1.92008,1.92008,1.92008,1.92008,1.92008,1.92008,1.92008,1.92008,1.92008,1.92008,1.92008,1.92008,1.92008,1.92008,1.92008,1.92008,1.92008
689,1.92008,1.92008,1.92008,1.92008,1.92008,1.92008,1.92008,1.92008,1.92008,1.92008,1.92008,1.92008,1.92008,1.92008,1.92008,1.92008,1.92008,1.92008,1.92008,1.92008,1.92008,1.92008,1.92008,1.92008,1.92008,1.92008,1.92008,1.92008,1.92008,1.92008,1.92008,1.92008,1.92008,1.92008,1.92008,1.92008,1.92008,1.92008,1.92008,1.92008,1.92008,1.92008,1.92008,1.92008,1.92008,1.92008,1.92008,1.92008,1.92008,1.92008
690,1.92008,1.92008,1.92008,1.92008,1.92008,1.92008,1.92008,1.92008,1.92008,1.92008,1.92008,1.92008,1.92008,1.92008,1.92008,1.92008,1.92008,1.92008,1.92008,1.92008,1.92008,1.92008,1.92008,1.92008,1.92008,1.92008,1.92008,1.92008,1.92008,1.92008,1.92008,1.92008,1.92008,1.92008,1.92008,1.92008,1.92008,1.92008,1.92008,1.92008,1.92008,1.92008,1.92008,1.92008,1.92008,1.92008,1.92008,1.92008,1.92008,1.92008
691,1.92008,1.92008,1.92008,1.92008,1.92008,1.92008,1.92008,1.92008,1.92008,1.92008,1.92008,1.92008,1.92008,1.92008,1.92008,1.92008,1.92008,1.92008,1.92008,1.92008,1.92008,1.92008,1.92008,1.92008,1.92008,1.92008,1.92008,1.92008,1.92008,1.92008,1.92008,1.92008,1.92008,1.92008,1.92008,1.92008,1.92008,1.92008,1.92008,1.92008,1.92008,1.92008,1.92008,1.92008,1.92008,1.92008,1.92008,1.92008,1.92008,1.92008
692,1.92008,1.92008,1.92008,1.92008,1.92008,1.92008,1.92008,1.92008,1.92008,1.92008,1.92008,1.92008,1.92008,1.92008,1.92008,1.92008,1.92008,1.92008,1.92008,1.92008,1.92008,1.92008,1.92008,1.92008,1.92008,1.92008,1.92008,1.92008,1.92008,1.92008,1.92008,1.92008,1.92008,1.92008,1.92008,1.92008,1.92008,1.92008,1.92008,1.92008,1.92008,1.92008,1.92008,1.92008,1.92008,1.92008,1.92008,1.92008,1.92008,1.92008
693,1.92008,1.92008,1.92008,1.92008,1.92008,1.92008,1.92008,1.92008,1.92008,1.92008,1.92008,1.92008,1.92008,1.92008,1.92008,1.92008,1.92008,1.92008,1.92008,1.92008,1.92008,1.92008,1.92008,1.92008,1.92008,1.92008,1.92008,1.92008,1.92008,1.92008,1.92008,1.92008,1.92008,1.92008,1.92008,1.92008,1.92008,1.92008,1.92008,1.92008,1.92008,1.92008,1.92008,1.92008,1.92008,1.92008,1.92008,1.92008,1.92008,1.92008
694,1.92008,1.92008,1.92008,1.92008,1.92008,1.92008,1.92008,1.92008,1.92008,1.92008,1.92008,1.92008,1.92008,1.92008,1.92008,1.92008,1.92008,1.92008,1.92008,1.92008,1.92008,1.92008,1.92008,1.92008,1.92008,1.92008,1.92008,1.92008,1.92008,1.92008,1.92008,1.92008,1.92008,1.92008,1.92008,1.92008,1.92008,1.92008,1.92008,1.92008,1.92008,1.92008,1.92008,1.92008,1.92008,1.92008,1.92008,1.92008,1.92008,1.92008
695,1.92008,1.92008,1.92008,1.92008,1.92008,1.92008,1.92008,1.92008,1.92008,1.92008,1.92008,1.92008,1.92008,1.92008,1.92008,1.92008,1.92008,1.92008,1.92008,1.92008,1.92008,1.92008,1.92008,1.92008,1.92008,1.92008,1.92008,1.92008,1.92008,1.92008,1.92008,1.92008,1.92008,1.92008,1.92008,1.92008,1.92008,1.92008,1.92008,1.92008,1.92008,1.92008,1.92008,1.92008,1.92008,1.92008,1.92008,1.92008,1.92008,1.92008
696,1.92008,1.92008,1.92008,1.92008,1.92008,1.92008,1.92008,1.92008,1.92008,1.92008,1.92008,1.92008,1.92008,1.92008,1.92008,1.92008,1.92008,1.92008,1.92008,1.92008,1.92008,1.92008,1.92008,1.92008,1.92008,1.92008,1.92008,1.92008,1.92008,1.92008,1.92008,1.92008,1.92008,1.92008,1.92008,1.92008,1.92008,1.92008,1.92008,1.92008,1.92008,1.92008,1.92008,1.92008,1.92008,1.92008,1.92008,1.92008,1.92008,1.92008
697,1.92008,1.92008,1.92008,1.92008,1.92008,1.92008,1.92008,1.92008,1.92008,1.92008,1.92008,1.92008,1.92008,1.92008,1.92008,1.92008,1.92008,1.92008,1.92008,1.92008,1.92008,1.92008,1.92008,1.92008,1.92008,1.92008,1.92008,1.92008,1.92008,1.92008,1.92008,1.92008,1.92008,1.92008,1.92008,1.92008,1.92008,1.92008,1.92008,1.92008,1.92008,1.92008,1.92008,1.92008,1.92008,1.92008,1.92008,1.92008,1.92008,1.92008
698,1.92008,1.92008,1.92008,1.92008,1.92008,1.92008,1.92008,1.92008,1.92008,1.92008,1.92008,1.92008,1.92008,1.92008,1.92008,1.92008,1.92008,1.92008,1.92008,1.92008,1.92008,1.92008,1.92008,1.92008,1.92008,1.92008,1.92008,1.92008,1.92008,1.92008,1.92008,1.92008,1.92008,1.92008,1.92008,1.92008,1.92008,1.92008,1.92008,1.92008,1.92008,1.92008,1.92008,1.92008,1.92008,1.92008,1.92008,1.92008,1.92008,1.92008
699,1.92008,1.92008,1.92008,1.92008,1.92008,1.92008,1.92008,1.92008,1.92008,1.92008,1.92008,1.92008,1.92008,1.92008,1.92008,1.92008,1.92008,1.92008,1.92008,1.92008,1.92008,1.92008,1.92008,1.92008,1.92008,1.92008,1.92008,1.92008,1.92008,1.92008,1.92008,1.92008,1.92008,1.92008,1.92008,1.92008,1.92008,1.92008,1.92008,1.92008,1.92008,1.92008,1.92008,1.92008,1.92008,1.92008,1.92008,1.92008,1.92008,1.92008
700,1.92008,1.92008,1.92008,1.92008,1.92008,1.92008,1.92008,1.92008,1.92008,1.92008,1.92008,1.92008,1.92008,1.92008,1.92008,1.92008,1.92008,1.92008,1.92008,1.92008,1.92008,1.92008,1.92008,1.92008,1.92008,1.92008,1.92008,1.92008,1.92008,1.92008,1.92008,1.92008,1.92008,1.92008,1.92008,1.92008,1.92008,1.92008,1.92008,1.92008,1.92008,1.92008,1.92008,1.92008,1.92008,1.92008,1.92008,1.92008,1.92008,1.92008
701,1.92008,1.92008,1.92008,1.92008,1.92008,1.92008,1.92008,1.92008,1.92008,1.92008,1.92008,1.92008,1.92008,1.92008,1.92008,1.92008,1.92008,1.92008,1.92008,1.92008,1.92008,1.92008,1.92008,1.92008,1.92008,1.92008,1.92008,1.92008,1.92008,1.92008,1.92008,1.92008,1.92008,1.92008,1.92008,1.92008,1.92008,1.92008,1.92008,1.92008,1.92008,1.92008,1.92008,1.92008,1.92008,1.92008,1.92008,1.92008,1.92008,1.92008
702,1.92008,1.92008,1.92008,1.92008,1.92008,1.92008,1.92008,1.92008,1.92008,1.92008,1.92008,1.92008,1.92008,1.92008,1.92008,1.92008,1.92008,1.92008,1.92008,1.92008,1.92008,1.92008,1.92008,1.92008,1.92008,1.92008,1.92008,1.92008,1.92008,1.92008,1.92008,1.92008,1.92008,1.92008,1.92008,1.92008,1.92008,1.92008,1.92008,1.92008,1.92008,1.92008,1.92008,1.92008,1.92008,1.92008,1.92008,1.92008,1.92008,1.92008
703,1.92008,1.92008,1.92008,1.92008,1.92008,1.92008,1.92008,1.92008,1.92008,1.92008,1.92008,1.92008,1.92008,1.92008,1.92008,1.92008,1.92008,1.92008,1.92008,1.92008,1.92008,1.92008,1.92008,1.92008,1.92008,1.92008,1.92008,1.92008,1.92008,1.92008,1.92008,1.92008,1.92008,1.92008,1.92008,1.92008,1.92008,1.92008,1.92008,1.92008,1.92008,1.92008,1.92008,1.92008,1.92008,1.92008,1.92008,1.92008,1.92008,1.92008
704,1.92008,1.92008,1.92008,1.92008,1.92008,1.92008,1.92008,1.92008,1.92008,1.92008,1.92008,1.92008,1.92008,1.92008,1.92008,1.92008,1.92008,1.92008,1.92008,1.92008,1.92008,1.92008,1.92008,1.92008,1.92008,1.92008,1.92008,1.92008,1.92008,1.92008,1.92008,1.92008,1.92008,1.92008,1.92008,1.92008,1.92008,1.92008,1.92008,1.92008,1.92008,1.92008,1.92008,1.92008,1.92008,1.92008,1.92008,1.92008,1.92008,1.92008
705,1.92008,1.92008,1.92008,1.92008,1.92008,1.92008,1.92008,1.92008,1.92008,1.92008,1.92008,1.92008,1.92008,1.92008,1.92008,1.92008,1.92008,1.92008,1.92008,1.92008,1.92008,1.92008,1.92008,1.92008,1.92008,1.92008,1.92008,1.92008,1.92008,1.92008,1.92008,1.92008,1.92008,1.92008,1.92008,1.92008,1.92008,1.92008,1.92008,1.92008,1.92008,1.92008,1.92008,1.92008,1.92008,1.92008,1.92008,1.92008,1.92008,1.92008
706,1.92008,1.92008,1.92008,1.92008,1.92008,1.92008,1.92008,1.92008,1.92008,1.92008,1.92008,1.92008,1.92008,1.92008,1.92008,1.92008,1.92008,1.92008,1.92008,1.92008,1.92008,1.92008,1.92008,1.92008,1.92008,1.92008,1.92008,1.92008,1.92008,1.92008,1.92008,1.92008,1.92008,1.92008,1.92008,1.92008,1.92008,1.92008,1.92008,1.92008,1.92008,1.92008,1.92008,1.92008,1.92008,1.92008,1.92008,1.92008,1.92008,1.92008
707,1.92008,1.92008,1.92008,1.92008,1.92008,1.92008,1.92008,1.92008,1.92008,1.92008,1.92008,1.92008,1.92008,1.92008,1.92008,1.92008,1.92008,1.92008,1.92008,1.92008,1.92008,1.92008,1.92008,1.92008,1.92008,1.92008,1.92008,1.92008,1.92008,1.92008,1.92008,1.92008,1.92008,1.92008,1.92008,1.92008,1.92008,1.92008,1.92008,1.92008,1.92008,1.92008,1.92008,1.92008,1.92008,1.92008,1.92008,1.92008,1.92008,1.92008
708,1.92008,1.92008,1.92008,1.92008,1.92008,1.92008,1.92008,1.92008,1.92008,1.92008,1.92008,1.92008,1.92008,1.92008,1.92008,1.92008,1.92008,1.92008,1.92008,1.92008,1.92008,1.92008,1.92008,1.92008,1.92008,1.92008,1.92008,1.92008,1.92008,1.92008,1.92008,1.92008,1.92008,1.92008,1.92008,1.92008,1.92008,1.92008,1.92008,1.92008,1.92008,1.92008,1.92008,1.92008,1.92008,1.92008,1.92008,1.92008,1.92008,1.92008
709,1.92008,1.92008,1.92008,1.92008,1.92008,1.92008,1.92008,1.92008,1.92008,1.92008,1.92008,1.92008,1.92008,1.92008,1.92008,1.92008,1.92008,1.92008,1.92008,1.92008,1.92008,1.92008,1.92008,1.92008,1.92008,1.92008,1.92008,1.92008,1.92008,1.92008,1.92008,1.92008,1.92008,1.92008,1.92008,1.92008,1.92008,1.92008,1.92008,1.92008,1.92008,1.92008,1.92008,1.92008,1.92008,1.92008,1.92008,1.92008,1.92008,1.92008
710,1.92008,1.92008,1.92008,1.92008,1.92008,1.92008,1.92008,1.92008,1.92008,1.92008,1.92008,1.92008,1.92008,1.92008,1.92008,1.92008,1.92008,1.92008,1.92008,1.92008,1.92008,1.92008,1.92008,1.92008,1.92008,1.92008,1.92008,1.92008,1.92008,1.92008,1.92008,1.92008,1.92008,1.92008,1.92008,1.92008,1.92008,1.92008,1.92008,1.92008,1.92008,1.92008,1.92008,1.92008,1.92008,1.92008,1.92008,1.92008,1.92008,1.92008
711,1.92008,1.92008,1.92008,1.92008,1.92008,1.92008,1.92008,1.92008,1.92008,1.92008,1.92008,1.92008,1.92008,1.92008,1.92008,1.92008,1.92008,1.92008,1.92008,1.92008,1.92008,1.92008,1.92008,1.92008,1.92008,1.92008,1.92008,1.92008,1.92008,1.92008,1.92008,1.92008,1.92008,1.92008,1.92008,1.92008,1.92008,1.92008,1.92008,1.92008,1.92008,1.92008,1.92008,1.92008,1.92008,1.92008,1.92008,1.92008,1.92008,1.92008
712,1.92008,1.92008,1.92008,1.92008,1.92008,1.92008,1.92008,1.92008,1.92008,1.92008,1.92008,1.92008,1.92008,1.92008,1.92008,1.92008,1.92008,1.92008,1.92008,1.92008,1.92008,1.92008,1.92008,1.92008,1.92008,1.92008,1.92008,1.92008,1.92008,1.92008,1.92008,1.92008,1.92008,1.92008,1.92008,1.92008,1.92008,1.92008,1.92008,1.92008,1.92008,1.92008,1.92008,1.92008,1.92008,1.92008,1.92008,1.92008,1.92008,1.92008
713,1.92008,1.92008,1.92008,1.92008,1.92008,1.92008,1.92008,1.92008,1.92008,1.92008,1.92008,1.92008,1.92008,1.92008,1.92008,1.92008,1.92008,1.92008,1.92008,1.92008,1.92008,1.92008,1.92008,1.92008,1.92008,1.92008,1.92008,1.92008,1.92008,1.92008,1.92008,1.92008,1.92008,1.92008,1.92008,1.92008,1.92008,1.92008,1.92008,1.92008,1.92008,1.92008,1.92008,1.92008,1.92008,1.92008,1.92008,1.92008,1.92008,1.92008
714,1.92008,1.92008,1.92008,1.92008,1.92008,1.92008,1.92008,1.92008,1.92008,1.92008,1.92008,1.92008,1.92008,1.92008,1.92008,1.92008,1.92008,1.92008,1.92008,1.92008,1.92008,1.92008,1.92008,1.92008,1.92008,1.92008,1.92008,1.92008,1.92008,1.92008,1.92008,1.92008,1.92008,1.92008,1.92008,1.92008,1.92008,1.92008,1.92008,1.92008,1.92008,1.92008,1.92008,1.92008,1.92008,1.92008,1.92008,1.92008,1.92008,1.92008
715,1.92008,1.92008,1.92008,1.92008,1.92008,1.92008,1.92008,1.92008,1.92008,1.92008,1.92008,1.92008,1.92008,1.92008,1.92008,1.92008,1.92008,1.92008,1.92008,1.92008,1.92008,1.92008,1.92008,1.92008,1.92008,1.92008,1.92008,1.92008,1.92008,1.92008,1.92008,1.92008,1.92008,1.92008,1.92008,1.92008,1.92008,1.92008,1.92008,1.92008,1.92008,1.92008,1.92008,1.92008,1.92008,1.92008,1.92008,1.92008,1.92008,1.92008
716,1.92008,1.92008,1.92008,1.92008,1.92008,1.92008,1.92008,1.92008,1.92008,1.92008,1.92008,1.92008,1.92008,1.92008,1.92008,1.92008,1.92008,1.92008,1.92008,1.92008,1.92008,1.92008,1.92008,1.92008,1.92008,1.92008,1.92008,1.92008,1.92008,1.92008,1.92008,1.92008,1.92008,1.92008,1.92008,1.92008,1.92008,1.92008,1.92008,1.92008,1.92008,1.92008,1.92008,1.92008,1.92008,1.92008,1.92008,1.92008,1.92008,1.92008
717,1.92008,1.92008,1.92008,1.92008,1.92008,1.92008,1.92008,1.92008,1.92008,1.92008,1.92008,1.92008,1.92008,1.92008,1.92008,1.92008,1.92008,1.92008,1.92008,1.92008,1.92008,1.92008,1.92008,1.92008,1.92008,1.92008,1.92008,1.92008,1.92008,1.92008,1.92008,1.92008,1.92008,1.92008,1.92008,1.92008,1.92008,1.92008,1.92008,1.92008,1.92008,1.92008,1.92008,1.92008,1.92008,1.92008,1.92008,1.92008,1.92008,1.92008
718,1.92008,1.92008,1.92008,1.92008,1.92008,1.92008,1.92008,1.92008,1.92008,1.92008,1.92008,1.92008,1.92008,1.92008,1.92008,1.92008,1.92008,1.92008,1.92008,1.92008,1.92008,1.92008,1.92008,1.92008,1.92008,1.92008,1.92008,1.92008,1.92008,1.92008,1.92008,1.92008,1.92008,1.92008,1.92008,1.92008,1.92008,1.92008,1.92008,1.92008,1.92008,1.92008,1.92008,1.92008,1.92008,1.92008,1.92008,1.92008,1.92008,1.92008
719,1.92008,1.92008,1.92008,1.92008,1.92008,1.92008,1.92008,1.92008,1.92008,1.92008,1.92008,1.92008,1.92008,1.92008,1.92008,1.92008,1.92008,1.92008,1.92008,1.92008,1.92008,1.92008,1.92008,1.92008,1.92008,1.92008,1.92008,1.92008,1.92008,1.92008,1.92008,1.92008,1.92008,1.92008,1.92008,1.92008,1.92008,1.92008,1.92008,1.92008,1.92008,1.92008,1.92008,1.92008,1.92008,1.92008,1.92008,1.92008,1.92008,1.92008
720,1.92008,1.92008,1.92008,1.92008,1.92008,1.92008,1.92008,1.92008,1.92008,1.92008,1.92008,1.92008,1.92008,1.92008,1.92008,1.92008,1.92008,1.92008,1.92008,1.92008,1.92008,1.92008,1.92008,1.92008,1.92008,1.92008,1.92008,1.92008,1.92008,1.92008,1.92008,1.92008,1.92008,1.92008,1.92008,1.92008,1.92008,1.92008,1.92008,1.92008,1.92008,1.92008,1.92008,1.92008,1.92008,1.92008,1.92008,1.92008,1.92008,1.92008
721,1.92008,1.92008,1.92008,1.92008,1.92008,1.92008,1.92008,1.92008,1.92008,1.92008,1.92008,1.92008,1.92008,1.92008,1.92008,1.92008,1.92008,1.92008,1.92008,1.92008,1.92008,1.92008,1.92008,1.92008,1.92008,1.92008,1.92008,1.92008,1.92008,1.92008,1.92008,1.92008,1.92008,1.92008,1.92008,1.92008,1.92008,1.92008,1.92008,1.92008,1.92008,1.92008,1.92008,1.92008,1.92008,1.92008,1.92008,1.92008,1.92008,1.92008
722,1.92008,1.92008,1.92008,1.92008,1.92008,1.92008,1.92008,1.92008,1.92008,1.92008,1.92008,1.92008,1.92008,1.92008,1.92008,1.92008,1.92008,1.92008,1.92008,1.92008,1.92008,1.92008,1.92008,1.92008,1.92008,1.92008,1.92008,1.92008,1.92008,1.92008,1.92008,1.92008,1.92008,1.92008,1.92008,1.92008,1.92008,1.92008,1.92008,1.92008,1.92008,1.92008,1.92008,1.92008,1.92008,1.92008,1.92008,1.92008,1.92008,1.92008
723,1.92008,1.92008,1.92008,1.92008,1.92008,1.92008,1.92008,1.92008,1.92008,1.92008,1.92008,1.92008,1.92008,1.92008,1.92008,1.92008,1.92008,1.92008,1.92008,1.92008,1.92008,1.92008,1.92008,1.92008,1.92008,1.92008,1.92008,1.92008,1.92008,1.92008,1.92008,1.92008,1.92008,1.92008,1.92008,1.92008,1.92008,1.92008,1.92008,1.92008,1.92008,1.92008,1.92008,1.92008,1.92008,1.92008,1.92008,1.92008,1.92008,1.92008
724,1.92008,1.92008,1.92008,1.92008,1.92008,1.92008,1.92008,1.92008,1.92008,1.92008,1.92008,1.92008,1.92008,1.92008,1.92008,1.92008,1.92008,1.92008,1.92008,1.92008,1.92008,1.92008,1.92008,1.92008,1.92008,1.92008,1.92008,1.92008,1.92008,1.92008,1.92008,1.92008,1.92008,1.92008,1.92008,1.92008,1.92008,1.92008,1.92008,1.92008,1.92008,1.92008,1.92008,1.92008,1.92008,1.92008,1.92008,1.92008,1.92008,1.92008
725,1.92008,1.92008,1.92008,1.92008,1.92008,1.92008,1.92008,1.92008,1.92008,1.92008,1.92008,1.92008,1.92008,1.92008,1.92008,1.92008,1.92008,1.92008,1.92008,1.92008,1.92008,1.92008,1.92008,1.92008,1.92008,1.92008,1.92008,1.92008,1.92008,1.92008,1.92008,1.92008,1.92008,1.92008,1.92008,1.92008,1.92008,1.92008,1.92008,1.92008,1.92008,1.92008,1.92008,1.92008,1.92008,1.92008,1.92008,1.92008,1.92008,1.92008
726,1.92008,1.92008,1.92008,1.92008,1.92008,1.92008,1.92008,1.92008,1.92008,1.92008,1.92008,1.92008,1.92008,1.92008,1.92008,1.92008,1.92008,1.92008,1.92008,1.92008,1.92008,1.92008,1.92008,1.92008,1.92008,1.92008,1.92008,1.92008,1.92008,1.92008,1.92008,1.92008,1.92008,1.92008,1.92008,1.92008,1.92008,1.92008,1.92008,1.92008,1.92008,1.92008,1.92008,1.92008,1.92008,1.92008,1.92008,1.92008,1.92008,1.92008
727,1.92008,1.92008,1.92008,1.92008,1.92008,1.92008,1.92008,1.92008,1.92008,1.92008,1.92008,1.92008,1.92008,1.92008,1.92008,1.92008,1.92008,1.92008,1.92008,1.92008,1.92008,1.92008,1.92008,1.92008,1.92008,1.92008,1.92008,1.92008,1.92008,1.92008,1.92008,1.92008,1.92008,1.92008,1.92008,1.92008,1.92008,1.92008,1.92008,1.92008,1.92008,1.92008,1.92008,1.92008,1.92008,1.92008,1.92008,1.92008,1.92008,1.92008
728,1.92008,1.92008,1.92008,1.92008,1.92008,1.92008,1.92008,1.92008,1.92008,1.92008,1.92008,1.92008,1.92008,1.92008,1.92008,1.92008,1.92008,1.92008,1.92008,1.92008,1.92008,1.92008,1.92008,1.92008,1.92008,1.92008,1.92008,1.92008,1.92008,1.92008,1.92008,1.92008,1.92008,1.92008,1.92008,1.92008,1.92008,1.92008,1.92008,1.92008,1.92008,1.92008,1.92008,1.92008,1.92008,1.92008,1.92008,1.92008,1.92008,1.92008
729,1.92008,1.92008,1.92008,1.92008,1.92008,1.92008,1.92008,1.92008,1.92008,1.92008,1.92008,1.92008,1.92008,1.92008,1.92008,1.92008,1.92008,1.92008,1.92008,1.92008,1.92008,1.92008,1.92008,1.92008,1.92008,1.92008,1.92008,1.92008,1.92008,1.92008,1.92008,1.92008,1.92008,1.92008,1.92008,1.92008,1.92008,1.92008,1.92008,1.92008,1.92008,1.92008,1.92008,1.92008,1.92008,1.92008,1.92008,1.92008,1.92008,1.92008
730,1.92008,1.92008,1.92008,1.92008,1.92008,1.92008,1.92008,1.92008,1.92008,1.92008,1.92008,1.92008,1.92008,1.92008,1.92008,1.92008,1.92008,1.92008,1.92008,1.92008,1.92008,1.92008,1.92008,1.92008,1.92008,1.92008,1.92008,1.92008,1.92008,1.92008,1.92008,1.92008,1.92008,1.92008,1.92008,1.92008,1.92008,1.92008,1.92008,1.92008,1.92008,1.92008,1.92008,1.92008,1.92008,1.92008,1.92008,1.92008,1.92008,1.92008
731,1.92008,1.92008,1.92008,1.92008,1.92008,1.92008,1.92008,1.92008,1.92008,1.92008,1.92008,1.92008,1.92008,1.92008,1.92008,1.92008,1.92008,1.92008,1.92008,1.92008,1.92008,1.92008,1.92008,1.92008,1.92008,1.92008,1.92008,1.92008,1.92008,1.92008,1.92008,1.92008,1.92008,1.92008,1.92008,1.92008,1.92008,1.92008,1.92008,1.92008,1.92008,1.92008,1.92008,1.92008,1.92008,1.92008,1.92008,1.92008,1.92008,1.92008
732,1.92008,1.92008,1.92008,1.92008,1.92008,1.92008,1.92008,1.92008,1.92008,1.92008,1.92008,1.92008,1.92008,1.92008,1.92008,1.92008,1.92008,1.92008,1.92008,1.92008,1.92008,1.92008,1.92008,1.92008,1.92008,1.92008,1.92008,1.92008,1.92008,1.92008,1.92008,1.92008,1.92008,1.92008,1.92008,1.92008,1.92008,1.92008,1.92008,1.92008,1.92008,1.92008,1.92008,1.92008,1.92008,1.92008,1.92008,1.92008,1.92008,1.92008
733,1.92008,1.92008,1.92008,1.92008,1.92008,1.92008,1.92008,1.92008,1.92008,1.92008,1.92008,1.92008,1.92008,1.92008,1.92008,1.92008,1.92008,1.92008,1.92008,1.92008,1.92008,1.92008,1.92008,1.92008,1.92008,1.92008,1.92008,1.92008,1.92008,1.92008,1.92008,1.92008,1.92008,1.92008,1.92008,1.92008,1.92008,1.92008,1.92008,1.92008,1.92008,1.92008,1.92008,1.92008,1.92008,1.92008,1.92008,1.92008,1.92008,1.92008
734,1.92008,1.92008,1.92008,1.92008,1.92008,1.92008,1.92008,1.92008,1.92008,1.92008,1.92008,1.92008,1.92008,1.92008,1.92008,1.92008,1.92008,1.92008,1.92008,1.92008,1.92008,1.92008,1.92008,1.92008,1.92008,1.92008,1.92008,1.92008,1.92008,1.92008,1.92008,1.92008,1.92008,1.92008,1.92008,1.92008,1.92008,1.92008,1.92008,1.92008,1.92008,1.92008,1.92008,1.92008,1.92008,1.92008,1.92008,1.92008,1.92008,1.92008
735,1.92008,1.92008,1.92008,1.92008,1.92008,1.92008,1.92008,1.92008,1.92008,1.92008,1.92008,1.92008,1.92008,1.92008,1.92008,1.92008,1.92008,1.92008,1.92008,1.92008,1.92008,1.92008,1.92008,1.92008,1.92008,1.92008,1.92008,1.92008,1.92008,1.92008,1.92008,1.92008,1.92008,1.92008,1.92008,1.92008,1.92008,1.92008,1.92008,1.92008,1.92008,1.92008,1.92008,1.92008,1.92008,1.92008,1.92008,1.92008,1.92008,1.92008
736,1.92008,1.92008,1.92008,1.92008,1.92008,1.92008,1.92008,1.92008,1.92008,1.92008,1.92008,1.92008,1.92008,1.92008,1.92008,1.92008,1.92008,1.92008,1.92008,1.92008,1.92008,1.92008,1.92008,1.92008,1.92008,1.92008,1.92008,1.92008,1.92008,1.92008,1.92008,1.92008,1.92008,1.92008,1.92008,1.92008,1.92008,1.92008,1.92008,1.92008,1.92008,1.92008,1.92008,1.92008,1.92008,1.92008,1.92008,1.92008,1.92008,1.92008
737,1.92008,1.92008,1.92008,1.92008,1.92008,1.92008,1.92008,1.92008,1.92008,1.92008,1.92008,1.92008,1.92008,1.92008,1.92008,1.92008,1.92008,1.92008,1.92008,1.92008,1.92008,1.92008,1.92008,1.92008,1.92008,1.92008,1.92008,1.92008,1.92008,1.92008,1.92008,1.92008,1.92008,1.92008,1.92008,1.92008,1.92008,1.92008,1.92008,1.92008,1.92008,1.92008,1.92008,1.92008,1.92008,1.92008,1.92008,1.92008,1.92008,1.92008
738,1.92008,1.92008,1.92008,1.92008,1.92008,1.92008,1.92008,1.92008,1.92008,1.92008,1.92008,1.92008,1.92008,1.92008,1.92008,1.92008,1.92008,1.92008,1.92008,1.92008,1.92008,1.92008,1.92008,1.92008,1.92008,1.92008,1.92008,1.92008,1.92008,1.92008,1.92008,1.92008,1.92008,1.92008,1.92008,1.92008,1.92008,1.92008,1.92008,1.92008,1.92008,1.92008,1.92008,1.92008,1.92008,1.92008,1.92008,1.92008,1.92008,1.92008
739,1.92008,1.92008,1.92008,1.92008,1.92008,1.92008,1.92008,1.92008,1.92008,1.92008,1.92008,1.92008,1.92008,1.92008,1.92008,1.92008,1.92008,1.92008,1.92008,1.92008,1.92008,1.92008,1.92008,1.92008,1.92008,1.92008,1.92008,1.92008,1.92008,1.92008,1.92008,1.92008,1.92008,1.92008,1.92008,1.92008,1.92008,1.92008,1.92008,1.92008,1.92008,1.92008,1.92008,1.92008,1.92008,1.92008,1.92008,1.92008,1.92008,1.92008
740,1.92008,1.92008,1.92008,1.92008,1.92008,1.92008,1.92008,1.92008,1.92008,1.92008,1.92008,1.92008,1.92008,1.92008,1.92008,1.92008,1.92008,1.92008,1.92008,1.92008,1.92008,1.92008,1.92008,1.92008,1.92008,1.92008,1.92008,1.92008,1.92008,1.92008,1.92008,1.92008,1.92008,1.92008,1.92008,1.92008,1.92008,1.92008,1.92008,1.92008,1.92008,1.92008,1.92008,1.92008,1.92008,1.92008,1.92008,1.92008,1.92008,1.92008
741,1.92008,1.92008,1.92008,1.92008,1.92008,1.92008,1.92008,1.92008,1.92008,1.92008,1.92008,1.92008,1.92008,1.92008,1.92008,1.92008,1.92008,1.92008,1.92008,1.92008,1.92008,1.92008,1.92008,1.92008,1.92008,1.92008,1.92008,1.92008,1.92008,1.92008,1.92008,1.92008,1.92008,1.92008,1.92008,1.92008,1.92008,1.92008,1.92008,1.92008,1.92008,1.92008,1.92008,1.92008,1.92008,1.92008,1.92008,1.92008,1.92008,1.92008
742,1.92008,1.92008,1.92008,1.92008,1.92008,1.92008,1.92008,1.92008,1.92008,1.92008,1.92008,1.92008,1.92008,1.92008,1.92008,1.92008,1.92008,1.92008,1.92008,1.92008,1.92008,1.92008,1.92008,1.92008,1.92008,1.92008,1.92008,1.92008,1.92008,1.92008,1.92008,1.92008,1.92008,1.92008,1.92008,1.92008,1.92008,1.92008,1.92008,1.92008,1.92008,1.92008,1.92008,1.92008,1.92008,1.92008,1.92008,1.92008,1.92008,1.92008
743,1.92008,1.92008,1.92008,1.92008,1.92008,1.92008,1.92008,1.92008,1.92008,1.92008,1.92008,1.92008,1.92008,1.92008,1.92008,1.92008,1.92008,1.92008,1.92008,1.92008,1.92008,1.92008,1.92008,1.92008,1.92008,1.92008,1.92008,1.92008,1.92008,1.92008,1.92008,1.92008,1.92008,1.92008,1.92008,1.92008,1.92008,1.92008,1.92008,1.92008,1.92008,1.92008,1.92008,1.92008,1.92008,1.92008,1.92008,1.92008,1.92008,1.92008
744,1.92008,1.92008,1.92008,1.92008,1.92008,1.92008,1.92008,1.92008,1.92008,1.92008,1.92008,1.92008,1.92008,1.92008,1.92008,1.92008,1.92008,1.92008,1.92008,1.92008,1.92008,1.92008,1.92008,1.92008,1.92008,1.92008,1.92008,1.92008,1.92008,1.92008,1.92008,1.92008,1.92008,1.92008,1.92008,1.92008,1.92008,1.92008,1.92008,1.92008,1.92008,1.92008,1.92008,1.92008,1.92008,1.92008,1.92008,1.92008,1.92008,1.92008
745,1.92008,1.92008,1.92008,1.92008,1.92008,1.92008,1.92008,1.92008,1.92008,1.92008,1.92008,1.92008,1.92008,1.92008,1.92008,1.92008,1.92008,1.92008,1.92008,1.92008,1.92008,1.92008,1.92008,1.92008,1.92008,1.92008,1.92008,1.92008,1.92008,1.92008,1.92008,1.92008,1.92008,1.92008,1.92008,1.92008,1.92008,1.92008,1.92008,1.92008,1.92008,1.92008,1.92008,1.92008,1.92008,1.92008,1.92008,1.92008,1.92008,1.92008
746,1.92008,1.92008,1.92008,1.92008,1.92008,1.92008,1.92008,1.92008,1.92008,1.92008,1.92008,1.92008,1.92008,1.92008,1.92008,1.92008,1.92008,1.92008,1.92008,1.92008,1.92008,1.92008,1.92008,1.92008,1.92008,1.92008,1.92008,1.92008,1.92008,1.92008,1.92008,1.92008,1.92008,1.92008,1.92008,1.92008,1.92008,1.92008,1.92008,1.92008,1.92008,1.92008,1.92008,1.92008,1.92008,1.92008,1.92008,1.92008,1.92008,1.92008
747,1.92008,1.92008,1.92008,1.92008,1.92008,1.92008,1.92008,1.92008,1.92008,1.92008,1.92008,1.92008,1.92008,1.92008,1.92008,1.92008,1.92008,1.92008,1.92008,1.92008,1.92008,1.92008,1.92008,1.92008,1.92008,1.92008,1.92008,1.92008,1.92008,1.92008,1.92008,1.92008,1.92008,1.92008,1.92008,1.92008,1.92008,1.92008,1.92008,1.92008,1.92008,1.92008,1.92008,1.92008,1.92008,1.92008,1.92008,1.92008,1.92008,1.92008
748,1.92008,1.92008,1.92008,1.92008,1.92008,1.92008,1.92008,1.92008,1.92008,1.92008,1.92008,1.92008,1.92008,1.92008,1.92008,1.92008,1.92008,1.92008,1.92008,1.92008,1.92008,1.92008,1.92008,1.92008,1.92008,1.92008,1.92008,1.92008,1.92008,1.92008,1.92008,1.92008,1.92008,1.92008,1.92008,1.92008,1.92008,1.92008,1.92008,1.92008,1.92008,1.92008,1.92008,1.92008,1.92008,1.92008,1.92008,1.92008,1.92008,1.92008
749,1.92008,1.92008,1.92008,1.92008,1.92008,1.92008,1.92008,1.92008,1.92008,1.92008,1.92008,1.92008,1.92008,1.92008,1.92008,1.92008,1.92008,1.92008,1.92008,1.92008,1.92008,1.92008,1.92008,1.92008,1.92008,1.92008,1.92008,1.92008,1.92008,1.92008,1.92008,1.92008,1.92008,1.92008,1.92008,1.92008,1.92008,1.92008,1.92008,1.92008,1.92008,1.92008,1.92008,1.92008,1.92008,1.92008,1.92008,1.92008,1.92008,1.92008
750,1.92008,1.92008,1.92008,1.92008,1.92008,1.92008,1.92008,1.92008,1.92008,1.92008,1.92008,1.92008,1.92008,1.92008,1.92008,1.92008,1.92008,1.92008,1.92008,1.92008,1.92008,1.92008,1.92008,1.92008,1.92008,1.92008,1.92008,1.92008,1.92008,1.92008,1.92008,1.92008,1.92008,1.92008,1.92008,1.92008,1.92008,1.92008,1.92008,1.92008,1.92008,1.92008,1.92008,1.92008,1.92008,1.92008,1.92008,1.92008,1.92008,1.92008
751,1.92008,1.92008,1.92008,1.92008,1.92008,1.92008,1.92008,1.92008,1.92008,1.92008,1.92008,1.92008,1.92008,1.92008,1.92008,1.92008,1.92008,1.92008,1.92008,1.92008,1.92008,1.92008,1.92008,1.92008,1.92008,1.92008,1.92008,1.92008,1.92008,1.92008,1.92008,1.92008,1.92008,1.92008,1.92008,1.92008,1.92008,1.92008,1.92008,1.92008,1.92008,1.92008,1.92008,1.92008,1.92008,1.92008,1.92008,1.92008,1.92008,1.92008
752,1.92008,1.92008,1.92008,1.92008,1.92008,1.92008,1.92008,1.92008,1.92008,1.92008,1.92008,1.92008,1.92008,1.92008,1.92008,1.92008,1.92008,1.92008,1.92008,1.92008,1.92008,1.92008,1.92008,1.92008,1.92008,1.92008,1.92008,1.92008,1.92008,1.92008,1.92008,1.92008,1.92008,1.92008,1.92008,1.92008,1.92008,1.92008,1.92008,1.92008,1.92008,1.92008,1.92008,1.92008,1.92008,1.92008,1.92008,1.92008,1.92008,1.92008
753,1.92008,1.92008,1.92008,1.92008,1.92008,1.92008,1.92008,1.92008,1.92008,1.92008,1.92008,1.92008,1.92008,1.92008,1.92008,1.92008,1.92008,1.92008,1.92008,1.92008,1.92008,1.92008,1.92008,1.92008,1.92008,1.92008,1.92008,1.92008,1.92008,1.92008,1.92008,1.92008,1.92008,1.92008,1.92008,1.92008,1.92008,1.92008,1.92008,1.92008,1.92008,1.92008,1.92008,1.92008,1.92008,1.92008,1.92008,1.92008,1.92008,1.92008
754,1.92008,1.92008,1.92008,1.92008,1.92008,1.92008,1.92008,1.92008,1.92008,1.92008,1.92008,1.92008,1.92008,1.92008,1.92008,1.92008,1.92008,1.92008,1.92008,1.92008,1.92008,1.92008,1.92008,1.92008,1.92008,1.92008,1.92008,1.92008,1.92008,1.92008,1.92008,1.92008,1.92008,1.92008,1.92008,1.92008,1.92008,1.92008,1.92008,1.92008,1.92008,1.92008,1.92008,1.92008,1.92008,1.92008,1.92008,1.92008,1.92008,1.92008
755,1.92008,1.92008,1.92008,1.92008,1.92008,1.92008,1.92008,1.92008,1.92008,1.92008,1.92008,1.92008,1.92008,1.92008,1.92008,1.92008,1.92008,1.92008,1.92008,1.92008,1.92008,1.92008,1.92008,1.92008,1.92008,1.92008,1.92008,1.92008,1.92008,1.92008,1.92008,1.92008,1.92008,1.92008,1.92008,1.92008,1.92008,1.92008,1.92008,1.92008,1.92008,1.92008,1.92008,1.92008,1.92008,1.92008,1.92008,1.92008,1.92008,1.92008
756,1.92008,1.92008,1.92008,1.92008,1.92008,1.92008,1.92008,1.92008,1.92008,1.92008,1.92008,1.92008,1.92008,1.92008,1.92008,1.92008,1.92008,1.92008,1.92008,1.92008,1.92008,1.92008,1.92008,1.92008,1.92008,1.92008,1.92008,1.92008,1.92008,1.92008,1.92008,1.92008,1.92008,1.92008,1.92008,1.92008,1.92008,1.92008,1.92008,1.92008,1.92008,1.92008,1.92008,1.92008,1.92008,1.92008,1.92008,1.92008,1.92008,1.92008
757,1.92008,1.92008,1.92008,1.92008,1.92008,1.92008,1.92008,1.92008,1.92008,1.92008,1.92008,1.92008,1.92008,1.92008,1.92008,1.92008,1.92008,1.92008,1.92008,1.92008,1.92008,1.92008,1.92008,1.92008,1.92008,1.92008,1.92008,1.92008,1.92008,1.92008,1.92008,1.92008,1.92008,1.92008,1.92008,1.92008,1.92008,1.92008,1.92008,1.92008,1.92008,1.92008,1.92008,1.92008,1.92008,1.92008,1.92008,1.92008,1.92008,1.92008
758,1.92008,1.92008,1.92008,1.92008,1.92008,1.92008,1.92008,1.92008,1.92008,1.92008,1.92008,1.92008,1.92008,1.92008,1.92008,1.92008,1.92008,1.92008,1.92008,1.92008,1.92008,1.92008,1.92008,1.92008,1.92008,1.92008,1.92008,1.92008,1.92008,1.92008,1.92008,1.92008,1.92008,1.92008,1.92008,1.92008,1.92008,1.92008,1.92008,1.92008,1.92008,1.92008,1.92008,1.92008,1.92008,1.92008,1.92008,1.92008,1.92008,1.92008
759,1.92008,1.92008,1.92008,1.92008,1.92008,1.92008,1.92008,1.92008,1.92008,1.92008,1.92008,1.92008,1.92008,1.92008,1.92008,1.92008,1.92008,1.92008,1.92008,1.92008,1.92008,1.92008,1.92008,1.92008,1.92008,1.92008,1.92008,1.92008,1.92008,1.92008,1.92008,1.92008,1.92008,1.92008,1.92008,1.92008,1.92008,1.92008,1.92008,1.92008,1.92008,1.92008,1.92008,1.92008,1.92008,1.92008,1.92008,1.92008,1.92008,1.92008
760,1.92008,1.92008,1.92008,1.92008,1.92008,1.92008,1.92008,1.92008,1.92008,1.92008,1.92008,1.92008,1.92008,1.92008,1.92008,1.92008,1.92008,1.92008,1.92008,1.92008,1.92008,1.92008,1.92008,1.92008,1.92008,1.92008,1.92008,1.92008,1.92008,1.92008,1.92008,1.92008,1.92008,1.92008,1.92008,1.92008,1.92008,1.92008,1.92008,1.92008,1.92008,1.92008,1.92008,1.92008,1.92008,1.92008,1.92008,1.92008,1.92008,1.92008
761,1.92008,1.92008,1.92008,1.92008,1.92008,1.92008,1.92008,1.92008,1.92008,1.92008,1.92008,1.92008,1.92008,1.92008,1.92008,1.92008,1.92008,1.92008,1.92008,1.92008,1.92008,1.92008,1.92008,1.92008,1.92008,1.92008,1.92008,1.92008,1.92008,1.92008,1.92008,1.92008,1.92008,1.92008,1.92008,1.92008,1.92008,1.92008,1.92008,1.92008,1.92008,1.92008,1.92008,1.92008,1.92008,1.92008,1.92008,1.92008,1.92008,1.92008
762,1.92008,1.92008,1.92008,1.92008,1.92008,1.92008,1.92008,1.92008,1.92008,1.92008,1.92008,1.92008,1.92008,1.92008,1.92008,1.92008,1.92008,1.92008,1.92008,1.92008,1.92008,1.92008,1.92008,1.92008,1.92008,1.92008,1.92008,1.92008,1.92008,1.92008,1.92008,1.92008,1.92008,1.92008,1.92008,1.92008,1.92008,1.92008,1.92008,1.92008,1.92008,1.92008,1.92008,1.92008,1.92008,1.92008,1.92008,1.92008,1.92008,1.92008
763,1.92008,1.92008,1.92008,1.92008,1.92008,1.92008,1.92008,1.92008,1.92008,1.92008,1.92008,1.92008,1.92008,1.92008,1.92008,1.92008,1.92008,1.92008,1.92008,1.92008,1.92008,1.92008,1.92008,1.92008,1.92008,1.92008,1.92008,1.92008,1.92008,1.92008,1.92008,1.92008,1.92008,1.92008,1.92008,1.92008,1.92008,1.92008,1.92008,1.92008,1.92008,1.92008,1.92008,1.92008,1.92008,1.92008,1.92008,1.92008,1.92008,1.92008
764,1.92008,1.92008,1.92008,1.92008,1.92008,1.92008,1.92008,1.92008,1.92008,1.92008,1.92008,1.92008,1.92008,1.92008,1.92008,1.92008,1.92008,1.92008,1.92008,1.92008,1.92008,1.92008,1.92008,1.92008,1.92008,1.92008,1.92008,1.92008,1.92008,1.92008,1.92008,1.92008,1.92008,1.92008,1.92008,1.92008,1.92008,1.92008,1.92008,1.92008,1.92008,1.92008,1.92008,1.92008,1.92008,1.92008,1.92008,1.92008,1.92008,1.92008
765,1.92008,1.92008,1.92008,1.92008,1.92008,1.92008,1.92008,1.92008,1.92008,1.92008,1.92008,1.92008,1.92008,1.92008,1.92008,1.92008,1.92008,1.92008,1.92008,1.92008,1.92008,1.92008,1.92008,1.92008,1.92008,1.92008,1.92008,1.92008,1.92008,1.92008,1.92008,1.92008,1.92008,1.92008,1.92008,1.92008,1.92008,1.92008,1.92008,1.92008,1.92008,1.92008,1.92008,1.92008,1.92008,1.92008,1.92008,1.92008,1.92008,1.92008
766,1.92008,1.92008,1.92008,1.92008,1.92008,1.92008,1.92008,1.92008,1.92008,1.92008,1.92008,1.92008,1.92008,1.92008,1.92008,1.92008,1.92008,1.92008,1.92008,1.92008,1.92008,1.92008,1.92008,1.92008,1.92008,1.92008,1.92008,1.92008,1.92008,1.92008,1.92008,1.92008,1.92008,1.92008,1.92008,1.92008,1.92008,1.92008,1.92008,1.92008,1.92008,1.92008,1.92008,1.92008,1.92008,1.92008,1.92008,1.92008,1.92008,1.92008
767,1.92008,1.92008,1.92008,1.92008,1.92008,1.92008,1.92008,1.92008,1.92008,1.92008,1.92008,1.92008,1.92008,1.92008,1.92008,1.92008,1.92008,1.92008,1.92008,1.92008,1.92008,1.92008,1.92008,1.92008,1.92008,1.92008,1.92008,1.92008,1.92008,1.92008,1.92008,1.92008,1.92008,1.92008,1.92008,1.92008,1.92008,1.92008,1.92008,1.92008,1.92008,1.92008,1.92008,1.92008,1.92008,1.92008,1.92008,1.92008,1.92008,1.92008
768,1.92008,1.92008,1.92008,1.92008,1.92008,1.92008,1.92008,1.92008,1.92008,1.92008,1.92008,1.92008,1.92008,1.92008,1.92008,1.92008,1.92008,1.92008,1.92008,1.92008,1.92008,1.92008,1.92008,1.92008,1.92008,1.92008,1.92008,1.92008,1.92008,1.92008,1.92008,1.92008,1.92008,1.92008,1.92008,1.92008,1.92008,1.92008,1.92008,1.92008,1.92008,1.92008,1.92008,1.92008,1.92008,1.92008,1.92008,1.92008,1.92008,1.92008
769,1.92008,1.92008,1.92008,1.92008,1.92008,1.92008,1.92008,1.92008,1.92008,1.92008,1.92008,1.92008,1.92008,1.92008,1.92008,1.92008,1.92008,1.92008,1.92008,1.92008,1.92008,1.92008,1.92008,1.92008,1.92008,1.92008,1.92008,1.92008,1.92008,1.92008,1.92008,1.92008,1.92008,1.92008,1.92008,1.92008,1.92008,1.92008,1.92008,1.92008,1.92008,1.92008,1.92008,1.92008,1.92008,1.92008,1.92008,1.92008,1.92008,1.92008
770,1.92008,1.92008,1.92008,1.92008,1.92008,1.92008,1.92008,1.92008,1.92008,1.92008,1.92008,1.92008,1.92008,1.92008,1.92008,1.92008,1.92008,1.92008,1.92008,1.92008,1.92008,1.92008,1.92008,1.92008,1.92008,1.92008,1.92008,1.92008,1.92008,1.92008,1.92008,1.92008,1.92008,1.92008,1.92008,1.92008,1.92008,1.92008,1.92008,1.92008,1.92008,1.92008,1.92008,1.92008,1.92008,1.92008,1.92008,1.92008,1.92008,1.92008
771,1.92008,1.92008,1.92008,1.92008,1.92008,1.92008,1.92008,1.92008,1.92008,1.92008,1.92008,1.92008,1.92008,1.92008,1.92008,1.92008,1.92008,1.92008,1.92008,1.92008,1.92008,1.92008,1.92008,1.92008,1.92008,1.92008,1.92008,1.92008,1.92008,1.92008,1.92008,1.92008,1.92008,1.92008,1.92008,1.92008,1.92008,1.92008,1.92008,1.92008,1.92008,1.92008,1.92008,1.92008,1.92008,1.92008,1.92008,1.92008,1.92008,1.92008
772,1.92008,1.92008,1.92008,1.92008,1.92008,1.92008,1.92008,1.92008,1.92008,1.92008,1.92008,1.92008,1.92008,1.92008,1.92008,1.92008,1.92008,1.92008,1.92008,1.92008,1.92008,1.92008,1.92008,1.92008,1.92008,1.92008,1.92008,1.92008,1.92008,1.92008,1.92008,1.92008,1.92008,1.92008,1.92008,1.92008,1.92008,1.92008,1.92008,1.92008,1.92008,1.92008,1.92008,1.92008,1.92008,1.92008,1.92008,1.92008,1.92008,1.92008
773,1.92008,1.92008,1.92008,1.92008,1.92008,1.92008,1.92008,1.92008,1.92008,1.92008,1.92008,1.92008,1.92008,1.92008,1.92008,1.92008,1.92008,1.92008,1.92008,1.92008,1.92008,1.92008,1.92008,1.92008,1.92008,1.92008,1.92008,1.92008,1.92008,1.92008,1.92008,1.92008,1.92008,1.92008,1.92008,1.92008,1.92008,1.92008,1.92008,1.92008,1.92008,1.92008,1.92008,1.92008,1.92008,1.92008,1.92008,1.92008,1.92008,1.92008
774,1.92008,1.92008,1.92008,1.92008,1.92008,1.92008,1.92008,1.92008,1.92008,1.92008,1.92008,1.92008,1.92008,1.92008,1.92008,1.92008,1.92008,1.92008,1.92008,1.92008,1.92008,1.92008,1.92008,1.92008,1.92008,1.92008,1.92008,1.92008,1.92008,1.92008,1.92008,1.92008,1.92008,1.92008,1.92008,1.92008,1.92008,1.92008,1.92008,1.92008,1.92008,1.92008,1.92008,1.92008,1.92008,1.92008,1.92008,1.92008,1.92008,1.92008
775,1.92008,1.92008,1.92008,1.92008,1.92008,1.92008,1.92008,1.92008,1.92008,1.92008,1.92008,1.92008,1.92008,1.92008,1.92008,1.92008,1.92008,1.92008,1.92008,1.92008,1.92008,1.92008,1.92008,1.92008,1.92008,1.92008,1.92008,1.92008,1.92008,1.92008,1.92008,1.92008,1.92008,1.92008,1.92008,1.92008,1.92008,1.92008,1.92008,1.92008,1.92008,1.92008,1.92008,1.92008,1.92008,1.92008,1.92008,1.92008,1.92008,1.92008
776,1.92008,1.92008,1.92008,1.92008,1.92008,1.92008,1.92008,1.92008,1.92008,1.92008,1.92008,1.92008,1.92008,1.92008,1.92008,1.92008,1.92008,1.92008,1.92008,1.92008,1.92008,1.92008,1.92008,1.92008,1.92008,1.92008,1.92008,1.92008,1.92008,1.92008,1.92008,1.92008,1.92008,1.92008,1.92008,1.92008,1.92008,1.92008,1.92008,1.92008,1.92008,1.92008,1.92008,1.92008,1.92008,1.92008,1.92008,1.92008,1.92008,1.92008
777,1.92008,1.92008,1.92008,1.92008,1.92008,1.92008,1.92008,1.92008,1.92008,1.92008,1.92008,1.92008,1.92008,1.92008,1.92008,1.92008,1.92008,1.92008,1.92008,1.92008,1.92008,1.92008,1.92008,1.92008,1.92008,1.92008,1.92008,1.92008,1.92008,1.92008,1.92008,1.92008,1.92008,1.92008,1.92008,1.92008,1.92008,1.92008,1.92008,1.92008,1.92008,1.92008,1.92008,1.92008,1.92008,1.92008,1.92008,1.92008,1.92008,1.92008
778,1.92008,1.92008,1.92008,1.92008,1.92008,1.92008,1.92008,1.92008,1.92008,1.92008,1.92008,1.92008,1.92008,1.92008,1.92008,1.92008,1.92008,1.92008,1.92008,1.92008,1.92008,1.92008,1.92008,1.92008,1.92008,1.92008,1.92008,1.92008,1.92008,1.92008,1.92008,1.92008,1.92008,1.92008,1.92008,1.92008,1.92008,1.92008,1.92008,1.92008,1.92008,1.92008,1.92008,1.92008,1.92008,1.92008,1.92008,1.92008,1.92008,1.92008
779,1.92008,1.92008,1.92008,1.92008,1.92008,1.92008,1.92008,1.92008,1.92008,1.92008,1.92008,1.92008,1.92008,1.92008,1.92008,1.92008,1.92008,1.92008,1.92008,1.92008,1.92008,1.92008,1.92008,1.92008,1.92008,1.92008,1.92008,1.92008,1.92008,1.92008,1.92008,1.92008,1.92008,1.92008,1.92008,1.92008,1.92008,1.92008,1.92008,1.92008,1.92008,1.92008,1.92008,1.92008,1.92008,1.92008,1.92008,1.92008,1.92008,1.92008
780,1.92008,1.92008,1.92008,1.92008,1.92008,1.92008,1.92008,1.92008,1.92008,1.92008,1.92008,1.92008,1.92008,1.92008,1.92008,1.92008,1.92008,1.92008,1.92008,1.92008,1.92008,1.92008,1.92008,1.92008,1.92008,1.92008,1.92008,1.92008,1.92008,1.92008,1.92008,1.92008,1.92008,1.92008,1.92008,1.92008,1.92008,1.92008,1.92008,1.92008,1.92008,1.92008,1.92008,1.92008,1.92008,1.92008,1.92008,1.92008,1.92008,1.92008
781,1.92008,1.92008,1.92008,1.92008,1.92008,1.92008,1.92008,1.92008,1.92008,1.92008,1.92008,1.92008,1.92008,1.92008,1.92008,1.92008,1.92008,1.92008,1.92008,1.92008,1.92008,1.92008,1.92008,1.92008,1.92008,1.92008,1.92008,1.92008,1.92008,1.92008,1.92008,1.92008,1.92008,1.92008,1.92008,1.92008,1.92008,1.92008,1.92008,1.92008,1.92008,1.92008,1.92008,1.92008,1.92008,1.92008,1.92008,1.92008,1.92008,1.92008
782,1.92008,1.92008,1.92008,1.92008,1.92008,1.92008,1.92008,1.92008,1.92008,1.92008,1.92008,1.92008,1.92008,1.92008,1.92008,1.92008,1.92008,1.92008,1.92008,1.92008,1.92008,1.92008,1.92008,1.92008,1.92008,1.92008,1.92008,1.92008,1.92008,1.92008,1.92008,1.92008,1.92008,1.92008,1.92008,1.92008,1.92008,1.92008,1.92008,1.92008,1.92008,1.92008,1.92008,1.92008,1.92008,1.92008,1.92008,1.92008,1.92008,1.92008
783,1.92008,1.92008,1.92008,1.92008,1.92008,1.92008,1.92008,1.92008,1.92008,1.92008,1.92008,1.92008,1.92008,1.92008,1.92008,1.92008,1.92008,1.92008,1.92008,1.92008,1.92008,1.92008,1.92008,1.92008,1.92008,1.92008,1.92008,1.92008,1.92008,1.92008,1.92008,1.92008,1.92008,1.92008,1.92008,1.92008,1.92008,1.92008,1.92008,1.92008,1.92008,1.92008,1.92008,1.92008,1.92008,1.92008,1.92008,1.92008,1.92008,1.92008
784,1.92008,1.92008,1.92008,1.92008,1.92008,1.92008,1.92008,1.92008,1.92008,1.92008,1.92008,1.92008,1.92008,1.92008,1.92008,1.92008,1.92008,1.92008,1.92008,1.92008,1.92008,1.92008,1.92008,1.92008,1.92008,1.92008,1.92008,1.92008,1.92008,1.92008,1.92008,1.92008,1.92008,1.92008,1.92008,1.92008,1.92008,1.92008,1.92008,1.92008,1.92008,1.92008,1.92008,1.92008,1.92008,1.92008,1.92008,1.92008,1.92008,1.92008
785,1.92008,1.92008,1.92008,1.92008,1.92008,1.92008,1.92008,1.92008,1.92008,1.92008,1.92008,1.92008,1.92008,1.92008,1.92008,1.92008,1.92008,1.92008,1.92008,1.92008,1.92008,1.92008,1.92008,1.92008,1.92008,1.92008,1.92008,1.92008,1.92008,1.92008,1.92008,1.92008,1.92008,1.92008,1.92008,1.92008,1.92008,1.92008,1.92008,1.92008,1.92008,1.92008,1.92008,1.92008,1.92008,1.92008,1.92008,1.92008,1.92008,1.92008
786,1.92008,1.92008,1.92008,1.92008,1.92008,1.92008,1.92008,1.92008,1.92008,1.92008,1.92008,1.92008,1.92008,1.92008,1.92008,1.92008,1.92008,1.92008,1.92008,1.92008,1.92008,1.92008,1.92008,1.92008,1.92008,1.92008,1.92008,1.92008,1.92008,1.92008,1.92008,1.92008,1.92008,1.92008,1.92008,1.92008,1.92008,1.92008,1.92008,1.92008,1.92008,1.92008,1.92008,1.92008,1.92008,1.92008,1.92008,1.92008,1.92008,1.92008
787,1.92008,1.92008,1.92008,1.92008,1.92008,1.92008,1.92008,1.92008,1.92008,1.92008,1.92008,1.92008,1.92008,1.92008,1.92008,1.92008,1.92008,1.92008,1.92008,1.92008,1.92008,1.92008,1.92008,1.92008,1.92008,1.92008,1.92008,1.92008,1.92008,1.92008,1.92008,1.92008,1.92008,1.92008,1.92008,1.92008,1.92008,1.92008,1.92008,1.92008,1.92008,1.92008,1.92008,1.92008,1.92008,1.92008,1.92008,1.92008,1.92008,1.92008
788,1.92008,1.92008,1.92008,1.92008,1.92008,1.92008,1.92008,1.92008,1.92008,1.92008,1.92008,1.92008,1.92008,1.92008,1.92008,1.92008,1.92008,1.92008,1.92008,1.92008,1.92008,1.92008,1.92008,1.92008,1.92008,1.92008,1.92008,1.92008,1.92008,1.92008,1.92008,1.92008,1.92008,1.92008,1.92008,1.92008,1.92008,1.92008,1.92008,1.92008,1.92008,1.92008,1.92008,1.92008,1.92008,1.92008,1.92008,1.92008,1.92008,1.92008
789,1.92008,1.92008,1.92008,1.92008,1.92008,1.92008,1.92008,1.92008,1.92008,1.92008,1.92008,1.92008,1.92008,1.92008,1.92008,1.92008,1.92008,1.92008,1.92008,1.92008,1.92008,1.92008,1.92008,1.92008,1.92008,1.92008,1.92008,1.92008,1.92008,1.92008,1.92008,1.92008,1.92008,1.92008,1.92008,1.92008,1.92008,1.92008,1.92008,1.92008,1.92008,1.92008,1.92008,1.92008,1.92008,1.92008,1.92008,1.92008,1.92008,1.92008
790,1.92008,1.92008,1.92008,1.92008,1.92008,1.92008,1.92008,1.92008,1.92008,1.92008,1.92008,1.92008,1.92008,1.92008,1.92008,1.92008,1.92008,1.92008,1.92008,1.92008,1.92008,1.92008,1.92008,1.92008,1.92008,1.92008,1.92008,1.92008,1.92008,1.92008,1.92008,1.92008,1.92008,1.92008,1.92008,1.92008,1.92008,1.92008,1.92008,1.92008,1.92008,1.92008,1.92008,1.92008,1.92008,1.92008,1.92008,1.92008,1.92008,1.92008
791,1.92008,1.92008,1.92008,1.92008,1.92008,1.92008,1.92008,1.92008,1.92008,1.92008,1.92008,1.92008,1.92008,1.92008,1.92008,1.92008,1.92008,1.92008,1.92008,1.92008,1.92008,1.92008,1.92008,1.92008,1.92008,1.92008,1.92008,1.92008,1.92008,1.92008,1.92008,1.92008,1.92008,1.92008,1.92008,1.92008,1.92008,1.92008,1.92008,1.92008,1.92008,1.92008,1.92008,1.92008,1.92008,1.92008,1.92008,1.92008,1.92008,1.92008
792,1.92008,1.92008,1.92008,1.92008,1.92008,1.92008,1.92008,1.92008,1.92008,1.92008,1.92008,1.92008,1.92008,1.92008,1.92008,1.92008,1.92008,1.92008,1.92008,1.92008,1.92008,1.92008,1.92008,1.92008,1.92008,1.92008,1.92008,1.92008,1.92008,1.92008,1.92008,1.92008,1.92008,1.92008,1.92008,1.92008,1.92008,1.92008,1.92008,1.92008,1.92008,1.92008,1.92008,1.92008,1.92008,1.92008,1.92008,1.92008,1.92008,1.92008
793,1.92008,1.92008,1.92008,1.92008,1.92008,1.92008,1.92008,1.92008,1.92008,1.92008,1.92008,1.92008,1.92008,1.92008,1.92008,1.92008,1.92008,1.92008,1.92008,1.92008,1.92008,1.92008,1.92008,1.92008,1.92008,1.92008,1.92008,1.92008,1.92008,1.92008,1.92008,1.92008,1.92008,1.92008,1.92008,1.92008,1.92008,1.92008,1.92008,1.92008,1.92008,1.92008,1.92008,1.92008,1.92008,1.92008,1.92008,1.92008,1.92008,1.92008
794,1.92008,1.92008,1.92008,1.92008,1.92008,1.92008,1.92008,1.92008,1.92008,1.92008,1.92008,1.92008,1.92008,1.92008,1.92008,1.92008,1.92008,1.92008,1.92008,1.92008,1.92008,1.92008,1.92008,1.92008,1.92008,1.92008,1.92008,1.92008,1.92008,1.92008,1.92008,1.92008,1.92008,1.92008,1.92008,1.92008,1.92008,1.92008,1.92008,1.92008,1.92008,1.92008,1.92008,1.92008,1.92008,1.92008,1.92008,1.92008,1.92008,1.92008
795,1.92008,1.92008,1.92008,1.92008,1.92008,1.92008,1.92008,1.92008,1.92008,1.92008,1.92008,1.92008,1.92008,1.92008,1.92008,1.92008,1.92008,1.92008,1.92008,1.92008,1.92008,1.92008,1.92008,1.92008,1.92008,1.92008,1.92008,1.92008,1.92008,1.92008,1.92008,1.92008,1.92008,1.92008,1.92008,1.92008,1.92008,1.92008,1.92008,1.92008,1.92008,1.92008,1.92008,1.92008,1.92008,1.92008,1.92008,1.92008,1.92008,1.92008
796,1.92008,1.92008,1.92008,1.92008,1.92008,1.92008,1.92008,1.92008,1.92008,1.92008,1.92008,1.92008,1.92008,1.92008,1.92008,1.92008,1.92008,1.92008,1.92008,1.92008,1.92008,1.92008,1.92008,1.92008,1.92008,1.92008,1.92008,1.92008,1.92008,1.92008,1.92008,1.92008,1.92008,1.92008,1.92008,1.92008,1.92008,1.92008,1.92008,1.92008,1.92008,1.92008,1.92008,1.92008,1.92008,1.92008,1.92008,1.92008,1.92008,1.92008
797,1.92008,1.92008,1.92008,1.92008,1.92008,1.92008,1.92008,1.92008,1.92008,1.92008,1.92008,1.92008,1.92008,1.92008,1.92008,1.92008,1.92008,1.92008,1.92008,1.92008,1.92008,1.92008,1.92008,1.92008,1.92008,1.92008,1.92008,1.92008,1.92008,1.92008,1.92008,1.92008,1.92008,1.92008,1.92008,1.92008,1.92008,1.92008,1.92008,1.92008,1.92008,1.92008,1.92008,1.92008,1.92008,1.92008,1.92008,1.92008,1.92008,1.92008
798,1.92008,1.92008,1.92008,1.92008,1.92008,1.92008,1.92008,1.92008,1.92008,1.92008,1.92008,1.92008,1.92008,1.92008,1.92008,1.92008,1.92008,1.92008,1.92008,1.92008,1.92008,1.92008,1.92008,1.92008,1.92008,1.92008,1.92008,1.92008,1.92008,1.92008,1.92008,1.92008,1.92008,1.92008,1.92008,1.92008,1.92008,1.92008,1.92008,1.92008,1.92008,1.92008,1.92008,1.92008,1.92008,1.92008,1.92008,1.92008,1.92008,1.92008
799,1.92008,1.92008,1.92008,1.92008,1.92008,1.92008,1.92008,1.92008,1.92008,1.92008,1.92008,1.92008,1.92008,1.92008,1.92008,1.92008,1.92008,1.92008,1.92008,1.92008,1.92008,1.92008,1.92008,1.92008,1.92008,1.92008,1.92008,1.92008,1.92008,1.92008,1.92008,1.92008,1.92008,1.92008,1.92008,1.92008,1.92008,1.92008,1.92008,1.92008,1.92008,1.92008,1.92008,1.92008,1.92008,1.92008,1.92008,1.92008,1.92008,1.92008
800,1.92008,1.92008,1.92008,1.92008,1.92008,1.92008,1.92008,1.92008,1.92008,1.92008,1.92008,1.92008,1.92008,1.92008,1.92008,1.92008,1.92008,1.92008,1.92008,1.92008,1.92008,1.92008,1.92008,1.92008,1.92008,1.92008,1.92008,1.92008,1.92008,1.92008,1.92008,1.92008,1.92008,1.92008,1.92008,1.92008,1.92008,1.92008,1.92008,1.92008,1.92008,1.92008,1.92008,1.92008,1.92008,1.92008,1.92008,1.92008,1.92008,1.92008
801,1.92008,1.92008,1.92008,1.92008,1.92008,1.92008,1.92008,1.92008,1.92008,1.92008,1.92008,1.92008,1.92008,1.92008,1.92008,1.92008,1.92008,1.92008,1.92008,1.92008,1.92008,1.92008,1.92008,1.92008,1.92008,1.92008,1.92008,1.92008,1.92008,1.92008,1.92008,1.92008,1.92008,1.92008,1.92008,1.92008,1.92008,1.92008,1.92008,1.92008,1.92008,1.92008,1.92008,1.92008,1.92008,1.92008,1.92008,1.92008,1.92008,1.92008
802,1.92008,1.92008,1.92008,1.92008,1.92008,1.92008,1.92008,1.92008,1.92008,1.92008,1.92008,1.92008,1.92008,1.92008,1.92008,1.92008,1.92008,1.92008,1.92008,1.92008,1.92008,1.92008,1.92008,1.92008,1.92008,1.92008,1.92008,1.92008,1.92008,1.92008,1.92008,1.92008,1.92008,1.92008,1.92008,1.92008,1.92008,1.92008,1.92008,1.92008,1.92008,1.92008,1.92008,1.92008,1.92008,1.92008,1.92008,1.92008,1.92008,1.92008
803,1.92008,1.92008,1.92008,1.92008,1.92008,1.92008,1.92008,1.92008,1.92008,1.92008,1.92008,1.92008,1.92008,1.92008,1.92008,1.92008,1.92008,1.92008,1.92008,1.92008,1.92008,1.92008,1.92008,1.92008,1.92008,1.92008,1.92008,1.92008,1.92008,1.92008,1.92008,1.92008,1.92008,1.92008,1.92008,1.92008,1.92008,1.92008,1.92008,1.92008,1.92008,1.92008,1.92008,1.92008,1.92008,1.92008,1.92008,1.92008,1.92008,1.92008
804,1.92008,1.92008,1.92008,1.92008,1.92008,1.92008,1.92008,1.92008,1.92008,1.92008,1.92008,1.92008,1.92008,1.92008,1.92008,1.92008,1.92008,1.92008,1.92008,1.92008,1.92008,1.92008,1.92008,1.92008,1.92008,1.92008,1.92008,1.92008,1.92008,1.92008,1.92008,1.92008,1.92008,1.92008,1.92008,1.92008,1.92008,1.92008,1.92008,1.92008,1.92008,1.92008,1.92008,1.92008,1.92008,1.92008,1.92008,1.92008,1.92008,1.92008
805,1.92008,1.92008,1.92008,1.92008,1.92008,1.92008,1.92008,1.92008,1.92008,1.92008,1.92008,1.92008,1.92008,1.92008,1.92008,1.92008,1.92008,1.92008,1.92008,1.92008,1.92008,1.92008,1.92008,1.92008,1.92008,1.92008,1.92008,1.92008,1.92008,1.92008,1.92008,1.92008,1.92008,1.92008,1.92008,1.92008,1.92008,1.92008,1.92008,1.92008,1.92008,1.92008,1.92008,1.92008,1.92008,1.92008,1.92008,1.92008,1.92008,1.92008
806,1.92008,1.92008,1.92008,1.92008,1.92008,1.92008,1.92008,1.92008,1.92008,1.92008,1.92008,1.92008,1.92008,1.92008,1.92008,1.92008,1.92008,1.92008,1.92008,1.92008,1.92008,1.92008,1.92008,1.92008,1.92008,1.92008,1.92008,1.92008,1.92008,1.92008,1.92008,1.92008,1.92008,1.92008,1.92008,1.92008,1.92008,1.92008,1.92008,1.92008,1.92008,1.92008,1.92008,1.92008,1.92008,1.92008,1.92008,1.92008,1.92008,1.92008
807,1.92008,1.92008,1.92008,1.92008,1.92008,1.92008,1.92008,1.92008,1.92008,1.92008,1.92008,1.92008,1.92008,1.92008,1.92008,1.92008,1.92008,1.92008,1.92008,1.92008,1.92008,1.92008,1.92008,1.92008,1.92008,1.92008,1.92008,1.92008,1.92008,1.92008,1.92008,1.92008,1.92008,1.92008,1.92008,1.92008,1.92008,1.92008,1.92008,1.92008,1.92008,1.92008,1.92008,1.92008,1.92008,1.92008,1.92008,1.92008,1.92008,1.92008
808,1.92008,1.92008,1.92008,1.92008,1.92008,1.92008,1.92008,1.92008,1.92008,1.92008,1.92008,1.92008,1.92008,1.92008,1.92008,1.92008,1.92008,1.92008,1.92008,1.92008,1.92008,1.92008,1.92008,1.92008,1.92008,1.92008,1.92008,1.92008,1.92008,1.92008,1.92008,1.92008,1.92008,1.92008,1.92008,1.92008,1.92008,1.92008,1.92008,1.92008,1.92008,1.92008,1.92008,1.92008,1.92008,1.92008,1.92008,1.92008,1.92008,1.92008
809,1.92008,1.92008,1.92008,1.92008,1.92008,1.92008,1.92008,1.92008,1.92008,1.92008,1.92008,1.92008,1.92008,1.92008,1.92008,1.92008,1.92008,1.92008,1.92008,1.92008,1.92008,1.92008,1.92008,1.92008,1.92008,1.92008,1.92008,1.92008,1.92008,1.92008,1.92008,1.92008,1.92008,1.92008,1.92008,1.92008,1.92008,1.92008,1.92008,1.92008,1.92008,1.92008,1.92008,1.92008,1.92008,1.92008,1.92008,1.92008,1.92008,1.92008
810,1.92008,1.92008,1.92008,1.92008,1.92008,1.92008,1.92008,1.92008,1.92008,1.92008,1.92008,1.92008,1.92008,1.92008,1.92008,1.92008,1.92008,1.92008,1.92008,1.92008,1.92008,1.92008,1.92008,1.92008,1.92008,1.92008,1.92008,1.92008,1.92008,1.92008,1.92008,1.92008,1.92008,1.92008,1.92008,1.92008,1.92008,1.92008,1.92008,1.92008,1.92008,1.92008,1.92008,1.92008,1.92008,1.92008,1.92008,1.92008,1.92008,1.92008
811,1.92008,1.92008,1.92008,1.92008,1.92008,1.92008,1.92008,1.92008,1.92008,1.92008,1.92008,1.92008,1.92008,1.92008,1.92008,1.92008,1.92008,1.92008,1.92008,1.92008,1.92008,1.92008,1.92008,1.92008,1.92008,1.92008,1.92008,1.92008,1.92008,1.92008,1.92008,1.92008,1.92008,1.92008,1.92008,1.92008,1.92008,1.92008,1.92008,1.92008,1.92008,1.92008,1.92008,1.92008,1.92008,1.92008,1.92008,1.92008,1.92008,1.92008
812,1.92008,1.92008,1.92008,1.92008,1.92008,1.92008,1.92008,1.92008,1.92008,1.92008,1.92008,1.92008,1.92008,1.92008,1.92008,1.92008,1.92008,1.92008,1.92008,1.92008,1.92008,1.92008,1.92008,1.92008,1.92008,1.92008,1.92008,1.92008,1.92008,1.92008,1.92008,1.92008,1.92008,1.92008,1.92008,1.92008,1.92008,1.92008,1.92008,1.92008,1.92008,1.92008,1.92008,1.92008,1.92008,1.92008,1.92008,1.92008,1.92008,1.92008
813,1.92008,1.92008,1.92008,1.92008,1.92008,1.92008,1.92008,1.92008,1.92008,1.92008,1.92008,1.92008,1.92008,1.92008,1.92008,1.92008,1.92008,1.92008,1.92008,1.92008,1.92008,1.92008,1.92008,1.92008,1.92008,1.92008,1.92008,1.92008,1.92008,1.92008,1.92008,1.92008,1.92008,1.92008,1.92008,1.92008,1.92008,1.92008,1.92008,1.92008,1.92008,1.92008,1.92008,1.92008,1.92008,1.92008,1.92008,1.92008,1.92008,1.92008
814,1.92008,1.92008,1.92008,1.92008,1.92008,1.92008,1.92008,1.92008,1.92008,1.92008,1.92008,1.92008,1.92008,1.92008,1.92008,1.92008,1.92008,1.92008,1.92008,1.92008,1.92008,1.92008,1.92008,1.92008,1.92008,1.92008,1.92008,1.92008,1.92008,1.92008,1.92008,1.92008,1.92008,1.92008,1.92008,1.92008,1.92008,1.92008,1.92008,1.92008,1.92008,1.92008,1.92008,1.92008,1.92008,1.92008,1.92008,1.92008,1.92008,1.92008
815,1.92008,1.92008,1.92008,1.92008,1.92008,1.92008,1.92008,1.92008,1.92008,1.92008,1.92008,1.92008,1.92008,1.92008,1.92008,1.92008,1.92008,1.92008,1.92008,1.92008,1.92008,1.92008,1.92008,1.92008,1.92008,1.92008,1.92008,1.92008,1.92008,1.92008,1.92008,1.92008,1.92008,1.92008,1.92008,1.92008,1.92008,1.92008,1.92008,1.92008,1.92008,1.92008,1.92008,1.92008,1.92008,1.92008,1.92008,1.92008,1.92008,1.92008
816,1.92008,1.92008,1.92008,1.92008,1.92008,1.92008,1.92008,1.92008,1.92008,1.92008,1.92008,1.92008,1.92008,1.92008,1.92008,1.92008,1.92008,1.92008,1.92008,1.92008,1.92008,1.92008,1.92008,1.92008,1.92008,1.92008,1.92008,1.92008,1.92008,1.92008,1.92008,1.92008,1.92008,1.92008,1.92008,1.92008,1.92008,1.92008,1.92008,1.92008,1.92008,1.92008,1.92008,1.92008,1.92008,1.92008,1.92008,1.92008,1.92008,1.92008
817,1.92008,1.92008,1.92008,1.92008,1.92008,1.92008,1.92008,1.92008,1.92008,1.92008,1.92008,1.92008,1.92008,1.92008,1.92008,1.92008,1.92008,1.92008,1.92008,1.92008,1.92008,1.92008,1.92008,1.92008,1.92008,1.92008,1.92008,1.92008,1.92008,1.92008,1.92008,1.92008,1.92008,1.92008,1.92008,1.92008,1.92008,1.92008,1.92008,1.92008,1.92008,1.92008,1.92008,1.92008,1.92008,1.92008,1.92008,1.92008,1.92008,1.92008
818,1.92008,1.92008,1.92008,1.92008,1.92008,1.92008,1.92008,1.92008,1.92008,1.92008,1.92008,1.92008,1.92008,1.92008,1.92008,1.92008,1.92008,1.92008,1.92008,1.92008,1.92008,1.92008,1.92008,1.92008,1.92008,1.92008,1.92008,1.92008,1.92008,1.92008,1.92008,1.92008,1.92008,1.92008,1.92008,1.92008,1.92008,1.92008,1.92008,1.92008,1.92008,1.92008,1.92008,1.92008,1.92008,1.92008,1.92008,1.92008,1.92008,1.92008
819,1.92008,1.92008,1.92008,1.92008,1.92008,1.92008,1.92008,1.92008,1.92008,1.92008,1.92008,1.92008,1.92008,1.92008,1.92008,1.92008,1.92008,1.92008,1.92008,1.92008,1.92008,1.92008,1.92008,1.92008,1.92008,1.92008,1.92008,1.92008,1.92008,1.92008,1.92008,1.92008,1.92008,1.92008,1.92008,1.92008,1.92008,1.92008,1.92008,1.92008,1.92008,1.92008,1.92008,1.92008,1.92008,1.92008,1.92008,1.92008,1.92008,1.92008
820,1.92008,1.92008,1.92008,1.92008,1.92008,1.92008,1.92008,1.92008,1.92008,1.92008,1.92008,1.92008,1.92008,1.92008,1.92008,1.92008,1.92008,1.92008,1.92008,1.92008,1.92008,1.92008,1.92008,1.92008,1.92008,1.92008,1.92008,1.92008,1.92008,1.92008,1.92008,1.92008,1.92008,1.92008,1.92008,1.92008,1.92008,1.92008,1.92008,1.92008,1.92008,1.92008,1.92008,1.92008,1.92008,1.92008,1.92008,1.92008,1.92008,1.92008
821,1.92008,1.92008,1.92008,1.92008,1.92008,1.92008,1.92008,1.92008,1.92008,1.92008,1.92008,1.92008,1.92008,1.92008,1.92008,1.92008,1.92008,1.92008,1.92008,1.92008,1.92008,1.92008,1.92008,1.92008,1.92008,1.92008,1.92008,1.92008,1.92008,1.92008,1.92008,1.92008,1.92008,1.92008,1.92008,1.92008,1.92008,1.92008,1.92008,1.92008,1.92008,1.92008,1.92008,1.92008,1.92008,1.92008,1.92008,1.92008,1.92008,1.92008
822,1.92008,1.92008,1.92008,1.92008,1.92008,1.92008,1.92008,1.92008,1.92008,1.92008,1.92008,1.92008,1.92008,1.92008,1.92008,1.92008,1.92008,1.92008,1.92008,1.92008,1.92008,1.92008,1.92008,1.92008,1.92008,1.92008,1.92008,1.92008,1.92008,1.92008,1.92008,1.92008,1.92008,1.92008,1.92008,1.92008,1.92008,1.92008,1.92008,1.92008,1.92008,1.92008,1.92008,1.92008,1.92008,1.92008,1.92008,1.92008,1.92008,1.92008
823,1.92008,1.92008,1.92008,1.92008,1.92008,1.92008,1.92008,1.92008,1.92008,1.92008,1.92008,1.92008,1.92008,1.92008,1.92008,1.92008,1.92008,1.92008,1.92008,1.92008,1.92008,1.92008,1.92008,1.92008,1.92008,1.92008,1.92008,1.92008,1.92008,1.92008,1.92008,1.92008,1.92008,1.92008,1.92008,1.92008,1.92008,1.92008,1.92008,1.92008,1.92008,1.92008,1.92008,1.92008,1.92008,1.92008,1.92008,1.92008,1.92008,1.92008
824,1.92008,1.92008,1.92008,1.92008,1.92008,1.92008,1.92008,1.92008,1.92008,1.92008,1.92008,1.92008,1.92008,1.92008,1.92008,1.92008,1.92008,1.92008,1.92008,1.92008,1.92008,1.92008,1.92008,1.92008,1.92008,1.92008,1.92008,1.92008,1.92008,1.92008,1.92008,1.92008,1.92008,1.92008,1.92008,1.92008,1.92008,1.92008,1.92008,1.92008,1.92008,1.92008,1.92008,1.92008,1.92008,1.92008,1.92008,1.92008,1.92008,1.92008
825,1.92008,1.92008,1.92008,1.92008,1.92008,1.92008,1.92008,1.92008,1.92008,1.92008,1.92008,1.92008,1.92008,1.92008,1.92008,1.92008,1.92008,1.92008,1.92008,1.92008,1.92008,1.92008,1.92008,1.92008,1.92008,1.92008,1.92008,1.92008,1.92008,1.92008,1.92008,1.92008,1.92008,1.92008,1.92008,1.92008,1.92008,1.92008,1.92008,1.92008,1.92008,1.92008,1.92008,1.92008,1.92008,1.92008,1.92008,1.92008,1.92008,1.92008
826,1.92008,1.92008,1.92008,1.92008,1.92008,1.92008,1.92008,1.92008,1.92008,1.92008,1.92008,1.92008,1.92008,1.92008,1.92008,1.92008,1.92008,1.92008,1.92008,1.92008,1.92008,1.92008,1.92008,1.92008,1.92008,1.92008,1.92008,1.92008,1.92008,1.92008,1.92008,1.92008,1.92008,1.92008,1.92008,1.92008,1.92008,1.92008,1.92008,1.92008,1.92008,1.92008,1.92008,1.92008,1.92008,1.92008,1.92008,1.92008,1.92008,1.92008
827,1.92008,1.92008,1.92008,1.92008,1.92008,1.92008,1.92008,1.92008,1.92008,1.92008,1.92008,1.92008,1.92008,1.92008,1.92008,1.92008,1.92008,1.92008,1.92008,1.92008,1.92008,1.92008,1.92008,1.92008,1.92008,1.92008,1.92008,1.92008,1.92008,1.92008,1.92008,1.92008,1.92008,1.92008,1.92008,1.92008,1.92008,1.92008,1.92008,1.92008,1.92008,1.92008,1.92008,1.92008,1.92008,1.92008,1.92008,1.92008,1.92008,1.92008
828,1.92008,1.92008,1.92008,1.92008,1.92008,1.92008,1.92008,1.92008,1.92008,1.92008,1.92008,1.92008,1.92008,1.92008,1.92008,1.92008,1.92008,1.92008,1.92008,1.92008,1.92008,1.92008,1.92008,1.92008,1.92008,1.92008,1.92008,1.92008,1.92008,1.92008,1.92008,1.92008,1.92008,1.92008,1.92008,1.92008,1.92008,1.92008,1.92008,1.92008,1.92008,1.92008,1.92008,1.92008,1.92008,1.92008,1.92008,1.92008,1.92008,1.92008
829,1.92008,1.92008,1.92008,1.92008,1.92008,1.92008,1.92008,1.92008,1.92008,1.92008,1.92008,1.92008,1.92008,1.92008,1.92008,1.92008,1.92008,1.92008,1.92008,1.92008,1.92008,1.92008,1.92008,1.92008,1.92008,1.92008,1.92008,1.92008,1.92008,1.92008,1.92008,1.92008,1.92008,1.92008,1.92008,1.92008,1.92008,1.92008,1.92008,1.92008,1.92008,1.92008,1.92008,1.92008,1.92008,1.92008,1.92008,1.92008,1.92008,1.92008
830,1.92008,1.92008,1.92008,1.92008,1.92008,1.92008,1.92008,1.92008,1.92008,1.92008,1.92008,1.92008,1.92008,1.92008,1.92008,1.92008,1.92008,1.92008,1.92008,1.92008,1.92008,1.92008,1.92008,1.92008,1.92008,1.92008,1.92008,1.92008,1.92008,1.92008,1.92008,1.92008,1.92008,1.92008,1.92008,1.92008,1.92008,1.92008,1.92008,1.92008,1.92008,1.92008,1.92008,1.92008,1.92008,1.92008,1.92008,1.92008,1.92008,1.92008
831,1.92008,1.92008,1.92008,1.92008,1.92008,1.92008,1.92008,1.92008,1.92008,1.92008,1.92008,1.92008,1.92008,1.92008,1.92008,1.92008,1.92008,1.92008,1.92008,1.92008,1.92008,1.92008,1.92008,1.92008,1.92008,1.92008,1.92008,1.92008,1.92008,1.92008,1.92008,1.92008,1.92008,1.92008,1.92008,1.92008,1.92008,1.92008,1.92008,1.92008,1.92008,1.92008,1.92008,1.92008,1.92008,1.92008,1.92008,1.92008,1.92008,1.92008
832,1.92008,1.92008,1.92008,1.92008,1.92008,1.92008,1.92008,1.92008,1.92008,1.92008,1.92008,1.92008,1.92008,1.92008,1.92008,1.92008,1.92008,1.92008,1.92008,1.92008,1.92008,1.92008,1.92008,1.92008,1.92008,1.92008,1.92008,1.92008,1.92008,1.92008,1.92008,1.92008,1.92008,1.92008,1.92008,1.92008,1.92008,1.92008,1.92008,1.92008,1.92008,1.92008,1.92008,1.92008,1.92008,1.92008,1.92008,1.92008,1.92008,1.92008
833,1.92008,1.92008,1.92008,1.92008,1.92008,1.92008,1.92008,1.92008,1.92008,1.92008,1.92008,1.92008,1.92008,1.92008,1.92008,1.92008,1.92008,1.92008,1.92008,1.92008,1.92008,1.92008,1.92008,1.92008,1.92008,1.92008,1.92008,1.92008,1.92008,1.92008,1.92008,1.92008,1.92008,1.92008,1.92008,1.92008,1.92008,1.92008,1.92008,1.92008,1.92008,1.92008,1.92008,1.92008,1.92008,1.92008,1.92008,1.92008,1.92008,1.92008
834,1.92008,1.92008,1.92008,1.92008,1.92008,1.92008,1.92008,1.92008,1.92008,1.92008,1.92008,1.92008,1.92008,1.92008,1.92008,1.92008,1.92008,1.92008,1.92008,1.92008,1.92008,1.92008,1.92008,1.92008,1.92008,1.92008,1.92008,1.92008,1.92008,1.92008,1.92008,1.92008,1.92008,1.92008,1.92008,1.92008,1.92008,1.92008,1.92008,1.92008,1.92008,1.92008,1.92008,1.92008,1.92008,1.92008,1.92008,1.92008,1.92008,1.92008
835,1.92008,1.92008,1.92008,1.92008,1.92008,1.92008,1.92008,1.92008,1.92008,1.92008,1.92008,1.92008,1.92008,1.92008,1.92008,1.92008,1.92008,1.92008,1.92008,1.92008,1.92008,1.92008,1.92008,1.92008,1.92008,1.92008,1.92008,1.92008,1.92008,1.92008,1.92008,1.92008,1.92008,1.92008,1.92008,1.92008,1.92008,1.92008,1.92008,1.92008,1.92008,1.92008,1.92008,1.92008,1.92008,1.92008,1.92008,1.92008,1.92008,1.92008
836,1.92008,1.92008,1.92008,1.92008,1.92008,1.92008,1.92008,1.92008,1.92008,1.92008,1.92008,1.92008,1.92008,1.92008,1.92008,1.92008,1.92008,1.92008,1.92008,1.92008,1.92008,1.92008,1.92008,1.92008,1.92008,1.92008,1.92008,1.92008,1.92008,1.92008,1.92008,1.92008,1.92008,1.92008,1.92008,1.92008,1.92008,1.92008,1.92008,1.92008,1.92008,1.92008,1.92008,1.92008,1.92008,1.92008,1.92008,1.92008,1.92008,1.92008
837,1.92008,1.92008,1.92008,1.92008,1.92008,1.92008,1.92008,1.92008,1.92008,1.92008,1.92008,1.92008,1.92008,1.92008,1.92008,1.92008,1.92008,1.92008,1.92008,1.92008,1.92008,1.92008,1.92008,1.92008,1.92008,1.92008,1.92008,1.92008,1.92008,1.92008,1.92008,1.92008,1.92008,1.92008,1.92008,1.92008,1.92008,1.92008,1.92008,1.92008,1.92008,1.92008,1.92008,1.92008,1.92008,1.92008,1.92008,1.92008,1.92008,1.92008
838,1.92008,1.92008,1.92008,1.92008,1.92008,1.92008,1.92008,1.92008,1.92008,1.92008,1.92008,1.92008,1.92008,1.92008,1.92008,1.92008,1.92008,1.92008,1.92008,1.92008,1.92008,1.92008,1.92008,1.92008,1.92008,1.92008,1.92008,1.92008,1.92008,1.92008,1.92008,1.92008,1.92008,1.92008,1.92008,1.92008,1.92008,1.92008,1.92008,1.92008,1.92008,1.92008,1.92008,1.92008,1.92008,1.92008,1.92008,1.92008,1.92008,1.92008
839,1.92008,1.92008,1.92008,1.92008,1.92008,1.92008,1.92008,1.92008,1.92008,1.92008,1.92008,1.92008,1.92008,1.92008,1.92008,1.92008,1.92008,1.92008,1.92008,1.92008,1.92008,1.92008,1.92008,1.92008,1.92008,1.92008,1.92008,1.92008,1.92008,1.92008,1.92008,1.92008,1.92008,1.92008,1.92008,1.92008,1.92008,1.92008,1.92008,1.92008,1.92008,1.92008,1.92008,1.92008,1.92008,1.92008,1.92008,1.92008,1.92008,1.92008
840,1.92008,1.92008,1.92008,1.92008,1.92008,1.92008,1.92008,1.92008,1.92008,1.92008,1.92008,1.92008,1.92008,1.92008,1.92008,1.92008,1.92008,1.92008,1.92008,1.92008,1.92008,1.92008,1.92008,1.92008,1.92008,1.92008,1.92008,1.92008,1.92008,1.92008,1.92008,1.92008,1.92008,1.92008,1.92008,1.92008,1.92008,1.92008,1.92008,1.92008,1.92008,1.92008,1.92008,1.92008,1.92008,1.92008,1.92008,1.92008,1.92008,1.92008
841,1.92008,1.92008,1.92008,1.92008,1.92008,1.92008,1.92008,1.92008,1.92008,1.92008,1.92008,1.92008,1.92008,1.92008,1.92008,1.92008,1.92008,1.92008,1.92008,1.92008,1.92008,1.92008,1.92008,1.92008,1.92008,1.92008,1.92008,1.92008,1.92008,1.92008,1.92008,1.92008,1.92008,1.92008,1.92008,1.92008,1.92008,1.92008,1.92008,1.92008,1.92008,1.92008,1.92008,1.92008,1.92008,1.92008,1.92008,1.92008,1.92008,1.92008
842,1.92008,1.92008,1.92008,1.92008,1.92008,1.92008,1.92008,1.92008,1.92008,1.92008,1.92008,1.92008,1.92008,1.92008,1.92008,1.92008,1.92008,1.92008,1.92008,1.92008,1.92008,1.92008,1.92008,1.92008,1.92008,1.92008,1.92008,1.92008,1.92008,1.92008,1.92008,1.92008,1.92008,1.92008,1.92008,1.92008,1.92008,1.92008,1.92008,1.92008,1.92008,1.92008,1.92008,1.92008,1.92008,1.92008,1.92008,1.92008,1.92008,1.92008
843,1.92008,1.92008,1.92008,1.92008,1.92008,1.92008,1.92008,1.92008,1.92008,1.92008,1.92008,1.92008,1.92008,1.92008,1.92008,1.92008,1.92008,1.92008,1.92008,1.92008,1.92008,1.92008,1.92008,1.92008,1.92008,1.92008,1.92008,1.92008,1.92008,1.92008,1.92008,1.92008,1.92008,1.92008,1.92008,1.92008,1.92008,1.92008,1.92008,1.92008,1.92008,1.92008,1.92008,1.92008,1.92008,1.92008,1.92008,1.92008,1.92008,1.92008
844,1.92008,1.92008,1.92008,1.92008,1.92008,1.92008,1.92008,1.92008,1.92008,1.92008,1.92008,1.92008,1.92008,1.92008,1.92008,1.92008,1.92008,1.92008,1.92008,1.92008,1.92008,1.92008,1.92008,1.92008,1.92008,1.92008,1.92008,1.92008,1.92008,1.92008,1.92008,1.92008,1.92008,1.92008,1.92008,1.92008,1.92008,1.92008,1.92008,1.92008,1.92008,1.92008,1.92008,1.92008,1.92008,1.92008,1.92008,1.92008,1.92008,1.92008
845,1.92008,1.92008,1.92008,1.92008,1.92008,1.92008,1.92008,1.92008,1.92008,1.92008,1.92008,1.92008,1.92008,1.92008,1.92008,1.92008,1.92008,1.92008,1.92008,1.92008,1.92008,1.92008,1.92008,1.92008,1.92008,1.92008,1.92008,1.92008,1.92008,1.92008,1.92008,1.92008,1.92008,1.92008,1.92008,1.92008,1.92008,1.92008,1.92008,1.92008,1.92008,1.92008,1.92008,1.92008,1.92008,1.92008,1.92008,1.92008,1.92008,1.92008
846,1.92008,1.92008,1.92008,1.92008,1.92008,1.92008,1.92008,1.92008,1.92008,1.92008,1.92008,1.92008,1.92008,1.92008,1.92008,1.92008,1.92008,1.92008,1.92008,1.92008,1.92008,1.92008,1.92008,1.92008,1.92008,1.92008,1.92008,1.92008,1.92008,1.92008,1.92008,1.92008,1.92008,1.92008,1.92008,1.92008,1.92008,1.92008,1.92008,1.92008,1.92008,1.92008,1.92008,1.92008,1.92008,1.92008,1.92008,1.92008,1.92008,1.92008
847,1.92008,1.92008,1.92008,1.92008,1.92008,1.92008,1.92008,1.92008,1.92008,1.92008,1.92008,1.92008,1.92008,1.92008,1.92008,1.92008,1.92008,1.92008,1.92008,1.92008,1.92008,1.92008,1.92008,1.92008,1.92008,1.92008,1.92008,1.92008,1.92008,1.92008,1.92008,1.92008,1.92008,1.92008,1.92008,1.92008,1.92008,1.92008,1.92008,1.92008,1.92008,1.92008,1.92008,1.92008,1.92008,1.92008,1.92008,1.92008,1.92008,1.92008
848,1.92008,1.92008,1.92008,1.92008,1.92008,1.92008,1.92008,1.92008,1.92008,1.92008,1.92008,1.92008,1.92008,1.92008,1.92008,1.92008,1.92008,1.92008,1.92008,1.92008,1.92008,1.92008,1.92008,1.92008,1.92008,1.92008,1.92008,1.92008,1.92008,1.92008,1.92008,1.92008,1.92008,1.92008,1.92008,1.92008,1.92008,1.92008,1.92008,1.92008,1.92008,1.92008,1.92008,1.92008,1.92008,1.92008,1.92008,1.92008,1.92008,1.92008
849,1.92008,1.92008,1.92008,1.92008,1.92008,1.92008,1.92008,1.92008,1.92008,1.92008,1.92008,1.92008,1.92008,1.92008,1.92008,1.92008,1.92008,1.92008,1.92008,1.92008,1.92008,1.92008,1.92008,1.92008,1.92008,1.92008,1.92008,1.92008,1.92008,1.92008,1.92008,1.92008,1.92008,1.92008,1.92008,1.92008,1.92008,1.92008,1.92008,1.92008,1.92008,1.92008,1.92008,1.92008,1.92008,1.92008,1.92008,1.92008,1.92008,1.92008
850,1.92008,1.92008,1.92008,1.92008,1.92008,1.92008,1.92008,1.92008,1.92008,1.92008,1.92008,1.92008,1.92008,1.92008,1.92008,1.92008,1.92008,1.92008,1.92008,1.92008,1.92008,1.92008,1.92008,1.92008,1.92008,1.92008,1.92008,1.92008,1.92008,1.92008,1.92008,1.92008,1.92008,1.92008,1.92008,1.92008,1.92008,1.92008,1.92008,1.92008,1.92008,1.92008,1.92008,1.92008,1.92008,1.92008,1.92008,1.92008,1.92008,1.92008
851,1.92008,1.92008,1.92008,1.92008,1.92008,1.92008,1.92008,1.92008,1.92008,1.92008,1.92008,1.92008,1.92008,1.92008,1.92008,1.92008,1.92008,1.92008,1.92008,1.92008,1.92008,1.92008,1.92008,1.92008,1.92008,1.92008,1.92008,1.92008,1.92008,1.92008,1.92008,1.92008,1.92008,1.92008,1.92008,1.92008,1.92008,1.92008,1.92008,1.92008,1.92008,1.92008,1.92008,1.92008,1.92008,1.92008,1.92008,1.92008,1.92008,1.92008
852,1.92008,1.92008,1.92008,1.92008,1.92008,1.92008,1.92008,1.92008,1.92008,1.92008,1.92008,1.92008,1.92008,1.92008,1.92008,1.92008,1.92008,1.92008,1.92008,1.92008,1.92008,1.92008,1.92008,1.92008,1.92008,1.92008,1.92008,1.92008,1.92008,1.92008,1.92008,1.92008,1.92008,1.92008,1.92008,1.92008,1.92008,1.92008,1.92008,1.92008,1.92008,1.92008,1.92008,1.92008,1.92008,1.92008,1.92008,1.92008,1.92008,1.92008
853,1.92008,1.92008,1.92008,1.92008,1.92008,1.92008,1.92008,1.92008,1.92008,1.92008,1.92008,1.92008,1.92008,1.92008,1.92008,1.92008,1.92008,1.92008,1.92008,1.92008,1.92008,1.92008,1.92008,1.92008,1.92008,1.92008,1.92008,1.92008,1.92008,1.92008,1.92008,1.92008,1.92008,1.92008,1.92008,1.92008,1.92008,1.92008,1.92008,1.92008,1.92008,1.92008,1.92008,1.92008,1.92008,1.92008,1.92008,1.92008,1.92008,1.92008
854,1.92008,1.92008,1.92008,1.92008,1.92008,1.92008,1.92008,1.92008,1.92008,1.92008,1.92008,1.92008,1.92008,1.92008,1.92008,1.92008,1.92008,1.92008,1.92008,1.92008,1.92008,1.92008,1.92008,1.92008,1.92008,1.92008,1.92008,1.92008,1.92008,1.92008,1.92008,1.92008,1.92008,1.92008,1.92008,1.92008,1.92008,1.92008,1.92008,1.92008,1.92008,1.92008,1.92008,1.92008,1.92008,1.92008,1.92008,1.92008,1.92008,1.92008
855,1.92008,1.92008,1.92008,1.92008,1.92008,1.92008,1.92008,1.92008,1.92008,1.92008,1.92008,1.92008,1.92008,1.92008,1.92008,1.92008,1.92008,1.92008,1.92008,1.92008,1.92008,1.92008,1.92008,1.92008,1.92008,1.92008,1.92008,1.92008,1.92008,1.92008,1.92008,1.92008,1.92008,1.92008,1.92008,1.92008,1.92008,1.92008,1.92008,1.92008,1.92008,1.92008,1.92008,1.92008,1.92008,1.92008,1.92008,1.92008,1.92008,1.92008
856,1.92008,1.92008,1.92008,1.92008,1.92008,1.92008,1.92008,1.92008,1.92008,1.92008,1.92008,1.92008,1.92008,1.92008,1.92008,1.92008,1.92008,1.92008,1.92008,1.92008,1.92008,1.92008,1.92008,1.92008,1.92008,1.92008,1.92008,1.92008,1.92008,1.92008,1.92008,1.92008,1.92008,1.92008,1.92008,1.92008,1.92008,1.92008,1.92008,1.92008,1.92008,1.92008,1.92008,1.92008,1.92008,1.92008,1.92008,1.92008,1.92008,1.92008
857,1.92008,1.92008,1.92008,1.92008,1.92008,1.92008,1.92008,1.92008,1.92008,1.92008,1.92008,1.92008,1.92008,1.92008,1.92008,1.92008,1.92008,1.92008,1.92008,1.92008,1.92008,1.92008,1.92008,1.92008,1.92008,1.92008,1.92008,1.92008,1.92008,1.92008,1.92008,1.92008,1.92008,1.92008,1.92008,1.92008,1.92008,1.92008,1.92008,1.92008,1.92008,1.92008,1.92008,1.92008,1.92008,1.92008,1.92008,1.92008,1.92008,1.92008
858,1.92008,1.92008,1.92008,1.92008,1.92008,1.92008,1.92008,1.92008,1.92008,1.92008,1.92008,1.92008,1.92008,1.92008,1.92008,1.92008,1.92008,1.92008,1.92008,1.92008,1.92008,1.92008,1.92008,1.92008,1.92008,1.92008,1.92008,1.92008,1.92008,1.92008,1.92008,1.92008,1.92008,1.92008,1.92008,1.92008,1.92008,1.92008,1.92008,1.92008,1.92008,1.92008,1.92008,1.92008,1.92008,1.92008,1.92008,1.92008,1.92008,1.92008
859,1.92008,1.92008,1.92008,1.92008,1.92008,1.92008,1.92008,1.92008,1.92008,1.92008,1.92008,1.92008,1.92008,1.92008,1.92008,1.92008,1.92008,1.92008,1.92008,1.92008,1.92008,1.92008,1.92008,1.92008,1.92008,1.92008,1.92008,1.92008,1.92008,1.92008,1.92008,1.92008,1.92008,1.92008,1.92008,1.92008,1.92008,1.92008,1.92008,1.92008,1.92008,1.92008,1.92008,1.92008,1.92008,1.92008,1.92008,1.92008,1.92008,1.92008
860,1.92008,1.92008,1.92008,1.92008,1.92008,1.92008,1.92008,1.92008,1.92008,1.92008,1.92008,1.92008,1.92008,1.92008,1.92008,1.92008,1.92008,1.92008,1.92008,1.92008,1.92008,1.92008,1.92008,1.92008,1.92008,1.92008,1.92008,1.92008,1.92008,1.92008,1.92008,1.92008,1.92008,1.92008,1.92008,1.92008,1.92008,1.92008,1.92008,1.92008,1.92008,1.92008,1.92008,1.92008,1.92008,1.92008,1.92008,1.92008,1.92008,1.92008
861,1.92008,1.92008,1.92008,1.92008,1.92008,1.92008,1.92008,1.92008,1.92008,1.92008,1.92008,1.92008,1.92008,1.92008,1.92008,1.92008,1.92008,1.92008,1.92008,1.92008,1.92008,1.92008,1.92008,1.92008,1.92008,1.92008,1.92008,1.92008,1.92008,1.92008,1.92008,1.92008,1.92008,1.92008,1.92008,1.92008,1.92008,1.92008,1.92008,1.92008,1.92008,1.92008,1.92008,1.92008,1.92008,1.92008,1.92008,1.92008,1.92008,1.92008
862,1.92008,1.92008,1.92008,1.92008,1.92008,1.92008,1.92008,1.92008,1.92008,1.92008,1.92008,1.92008,1.92008,1.92008,1.92008,1.92008,1.92008,1.92008,1.92008,1.92008,1.92008,1.92008,1.92008,1.92008,1.92008,1.92008,1.92008,1.92008,1.92008,1.92008,1.92008,1.92008,1.92008,1.92008,1.92008,1.92008,1.92008,1.92008,1.92008,1.92008,1.92008,1.92008,1.92008,1.92008,1.92008,1.92008,1.92008,1.92008,1.92008,1.92008
863,1.92008,1.92008,1.92008,1.92008,1.92008,1.92008,1.92008,1.92008,1.92008,1.92008,1.92008,1.92008,1.92008,1.92008,1.92008,1.92008,1.92008,1.92008,1.92008,1.92008,1.92008,1.92008,1.92008,1.92008,1.92008,1.92008,1.92008,1.92008,1.92008,1.92008,1.92008,1.92008,1.92008,1.92008,1.92008,1.92008,1.92008,1.92008,1.92008,1.92008,1.92008,1.92008,1.92008,1.92008,1.92008,1.92008,1.92008,1.92008,1.92008,1.92008
864,1.92008,1.92008,1.92008,1.92008,1.92008,1.92008,1.92008,1.92008,1.92008,1.92008,1.92008,1.92008,1.92008,1.92008,1.92008,1.92008,1.92008,1.92008,1.92008,1.92008,1.92008,1.92008,1.92008,1.92008,1.92008,1.92008,1.92008,1.92008,1.92008,1.92008,1.92008,1.92008,1.92008,1.92008,1.92008,1.92008,1.92008,1.92008,1.92008,1.92008,1.92008,1.92008,1.92008,1.92008,1.92008,1.92008,1.92008,1.92008,1.92008,1.92008
865,1.92008,1.92008,1.92008,1.92008,1.92008,1.92008,1.92008,1.92008,1.92008,1.92008,1.92008,1.92008,1.92008,1.92008,1.92008,1.92008,1.92008,1.92008,1.92008,1.92008,1.92008,1.92008,1.92008,1.92008,1.92008,1.92008,1.92008,1.92008,1.92008,1.92008,1.92008,1.92008,1.92008,1.92008,1.92008,1.92008,1.92008,1.92008,1.92008,1.92008,1.92008,1.92008,1.92008,1.92008,1.92008,1.92008,1.92008,1.92008,1.92008,1.96802
866,1.92008,1.92008,1.92008,1.92008,1.92008,1.92008,1.92008,1.92008,1.92008,1.92008,1.92008,1.92008,1.92008,1.92008,1.92008,1.92008,1.92008,1.92008,1.92008,1.92008,1.92008,1.92008,1.92008,1.92008,1.92008,1.92008,1.92008,1.92008,1.92008,1.92008,1.92008,1.92008,1.92008,1.92008,1.92008,1.92008,1.92008,1.92008,1.92008,1.92008,1.92008,1.92008,1.92008,1.92008,1.92008,1.92008,1.92008,1.92008,1.92008,1.92008
867,1.92008,1.92008,1.92008,1.92008,1.92008,1.92008,1.92008,1.92008,1.92008,1.92008,1.92008,1.92008,1.92008,1.92008,1.92008,1.92008,1.92008,1.92008,1.92008,1.92008,1.92008,1.92008,1.92008,1.92008,1.92008,1.92008,1.92008,1.92008,1.92008,1.92008,1.92008,1.92008,1.92008,1.92008,1.92008,1.92008,1.92008,1.92008,1.92008,1.92008,1.92008,1.92008,1.92008,1.92008,1.92008,1.92008,1.92008,1.92008,1.92008,1.92008
868,1.92008,1.92008,1.92008,1.92008,1.92008,1.92008,1.92008,1.92008,1.92008,1.92008,1.92008,1.92008,1.92008,1.92008,1.92008,1.92008,1.92008,1.92008,1.92008,1.92008,1.92008,1.92008,1.92008,1.92008,1.92008,1.92008,1.92008,1.92008,1.92008,1.92008,1.92008,1.92008,1.92008,1.92008,1.92008,1.92008,1.92008,1.92008,1.92008,1.92008,1.92008,1.92008,1.92008,1.92008,1.92008,1.92008,1.92008,1.92008,1.92008,1.92008
869,1.92008,1.92008,1.92008,1.92008,1.92008,1.92008,1.92008,1.92008,1.92008,1.92008,1.92008,1.92008,1.92008,1.92008,1.92008,1.92008,1.92008,1.92008,1.92008,1.92008,1.92008,1.92008,1.92008,1.92008,1.92008,1.92008,1.92008,1.92008,1.92008,1.92008,1.92008,1.92008,1.92008,1.92008,1.92008,1.92008,1.92008,1.92008,1.92008,1.92008,1.92008,1.92008,1.92008,1.92008,1.92008,1.92008,1.92008,1.92008,1.92008,1.92008
870,1.92008,1.92008,1.92008,1.92008,1.92008,1.92008,1.92008,1.92008,1.92008,1.92008,1.92008,1.92008,1.92008,1.92008,1.92008,1.92008,1.92008,1.92008,1.92008,1.92008,1.92008,1.92008,1.92008,1.92008,1.92008,1.92008,1.92008,1.92008,1.92008,1.92008,1.92008,1.92008,1.92008,1.92008,1.92008,1.92008,1.92008,1.92008,1.92008,1.92008,1.92008,1.92008,1.92008,1.92008,1.92008,1.92008,1.92008,1.92008,1.92008,1.92008
871,1.92008,1.92008,1.92008,1.92008,1.92008,1.92008,1.92008,1.92008,1.92008,1.92008,1.92008,1.92008,1.92008,1.92008,1.92008,1.92008,1.92008,1.92008,1.92008,1.92008,1.92008,1.92008,1.92008,1.92008,1.92008,1.92008,1.92008,1.92008,1.92008,1.92008,1.92008,1.92008,1.92008,1.92008,1.92008,1.92008,1.92008,1.92008,1.92008,1.92008,1.92008,1.92008,1.92008,1.92008,1.92008,1.92008,1.92008,1.92008,1.92008,1.92008
872,1.92008,1.92008,1.92008,1.92008,1.92008,1.92008,1.92008,1.92008,1.92008,1.92008,1.92008,1.92008,1.92008,1.92008,1.92008,1.92008,1.92008,1.92008,1.92008,1.92008,1.92008,1.92008,1.92008,1.92008,1.92008,1.92008,1.92008,1.92008,1.92008,1.92008,1.92008,1.92008,1.92008,1.92008,1.92008,1.92008,1.92008,1.92008,1.92008,1.92008,1.92008,1.92008,1.92008,1.92008,1.92008,1.92008,1.92008,1.92008,1.92008,1.92008
873,1.92008,1.92008,1.92008,1.92008,1.92008,1.92008,1.92008,1.92008,1.92008,1.92008,1.92008,1.92008,1.92008,1.92008,1.92008,1.92008,1.92008,1.92008,1.92008,1.92008,1.92008,1.92008,1.92008,1.92008,1.92008,1.92008,1.92008,1.92008,1.92008,1.92008,1.92008,1.92008,1.92008,1.92008,1.92008,1.92008,1.92008,1.92008,1.92008,1.92008,1.92008,1.92008,1.92008,1.92008,1.92008,1.92008,1.92008,1.92008,1.92008,1.92008
874,1.92008,1.92008,1.92008,1.92008,1.92008,1.92008,1.92008,1.92008,1.92008,1.92008,1.92008,1.92008,1.92008,1.92008,1.92008,1.92008,1.92008,1.92008,1.92008,1.92008,1.92008,1.92008,1.92008,1.92008,1.92008,1.92008,1.92008,1.92008,1.92008,1.92008,1.92008,1.92008,1.92008,1.92008,1.92008,1.92008,1.92008,1.92008,1.92008,1.92008,1.92008,1.92008,1.92008,1.92008,1.92008,1.92008,1.92008,1.92008,1.92008,1.92008
875,1.92008,1.92008,1.92008,1.92008,1.92008,1.92008,1.92008,1.92008,1.92008,1.92008,1.92008,1.92008,1.92008,1.92008,1.92008,1.92008,1.92008,1.92008,1.92008,1.92008,1.92008,1.92008,1.92008,1.92008,1.92008,1.92008,1.92008,1.92008,1.92008,1.92008,1.92008,1.92008,1.92008,1.92008,1.92008,1.92008,1.92008,1.92008,1.92008,1.92008,1.92008,1.92008,1.92008,1.92008,1.92008,1.92008,1.92008,1.92008,1.92008,1.92008
876,1.92008,1.92008,1.92008,1.92008,1.92008,1.92008,1.92008,1.92008,1.92008,1.92008,1.92008,1.92008,1.92008,1.92008,1.92008,1.92008,1.92008,1.92008,1.92008,1.92008,1.92008,1.92008,1.92008,1.92008,1.92008,1.92008,1.92008,1.92008,1.92008,1.92008,1.92008,1.92008,1.92008,1.92008,1.92008,1.92008,1.92008,1.92008,1.92008,1.92008,1.92008,1.92008,1.92008,1.92008,1.92008,1.92008,1.92008,1.92008,1.92008,1.92008
877,1.92008,1.92008,1.92008,1.92008,1.92008,1.92008,1.92008,1.92008,1.92008,1.92008,1.92008,1.92008,1.92008,1.92008,1.92008,1.92008,1.92008,1.92008,1.92008,1.92008,1.92008,1.92008,1.92008,1.92008,1.92008,1.92008,1.92008,1.92008,1.92008,1.92008,1.92008,1.92008,1.92008,1.92008,1.92008,1.92008,1.92008,1.92008,1.92008,1.92008,1.92008,1.92008,1.92008,1.92008,1.92008,1.92008,1.92008,1.92008,1.92008,1.92008
878,1.92008,1.92008,1.92008,1.92008,1.92008,1.92008,1.92008,1.92008,1.92008,1.92008,1.92008,1.92008,1.92008,1.92008,1.92008,1.92008,1.92008,1.92008,1.92008,1.92008,1.92008,1.92008,1.92008,1.92008,1.92008,1.92008,1.92008,1.92008,1.92008,1.92008,1.92008,1.92008,1.92008,1.92008,1.92008,1.92008,1.92008,1.92008,1.92008,1.92008,1.92008,1.92008,1.92008,1.92008,1.92008,1.92008,1.92008,1.92008,1.92008,1.92008
879,1.92008,1.92008,1.92008,1.92008,1.92008,1.92008,1.92008,1.92008,1.92008,1.92008,1.92008,1.92008,1.92008,1.92008,1.92008,1.92008,1.92008,1.92008,1.92008,1.92008,1.92008,1.92008,1.92008,1.92008,1.92008,1.92008,1.92008,1.92008,1.92008,1.92008,1.92008,1.92008,1.92008,1.92008,1.92008,1.92008,1.92008,1.92008,1.92008,1.92008,1.92008,1.92008,1.92008,1.92008,1.92008,1.92008,1.92008,1.92008,1.92008,1.92008
880,1.92008,1.92008,1.92008,1.92008,1.92008,1.92008,1.92008,1.92008,1.92008,1.92008,1.92008,1.92008,1.92008,1.92008,1.92008,1.92008,1.92008,1.92008,1.92008,1.92008,1.92008,1.92008,1.92008,1.92008,1.92008,1.92008,1.92008,1.92008,1.92008,1.92008,1.92008,1.92008,1.92008,1.92008,1.92008,1.92008,1.92008,1.92008,1.92008,1.92008,1.92008,1.92008,1.92008,1.92008,1.92008,1.92008,1.92008,1.92008,1.92008,1.92008
881,1.92008,1.92008,1.92008,1.92008,1.92008,1.92008,1.92008,1.92008,1.92008,1.92008,1.92008,1.92008,1.92008,1.92008,1.92008,1.92008,1.92008,1.92008,1.92008,1.92008,1.92008,1.92008,1.92008,1.92008,1.92008,1.92008,1.92008,1.92008,1.92008,1.92008,1.92008,1.92008,1.92008,1.92008,1.92008,1.92008,1.92008,1.92008,1.92008,1.92008,1.92008,1.92008,1.92008,1.92008,1.92008,1.92008,1.92008,1.92008,1.92008,1.92008
882,1.92008,1.92008,1.92008,1.92008,1.92008,1.92008,1.92008,1.92008,1.92008,1.92008,1.92008,1.92008,1.92008,1.92008,1.92008,1.92008,1.92008,1.92008,1.92008,1.92008,1.92008,1.92008,1.92008,1.92008,1.92008,1.92008,1.92008,1.92008,1.92008,1.92008,1.92008,1.92008,1.92008,1.92008,1.92008,1.92008,1.92008,1.92008,1.92008,1.92008,1.92008,1.92008,1.92008,1.92008,1.92008,1.92008,1.92008,1.92008,1.92008,1.92008
883,1.92008,1.92008,1.92008,1.92008,1.92008,1.92008,1.92008,1.92008,1.92008,1.92008,1.92008,1.92008,1.92008,1.92008,1.92008,1.92008,1.92008,1.92008,1.92008,1.92008,1.92008,1.92008,1.92008,1.92008,1.92008,1.92008,1.92008,1.92008,1.92008,1.92008,1.92008,1.92008,1.92008,1.92008,1.92008,1.92008,1.92008,1.92008,1.92008,1.92008,1.92008,1.92008,1.92008,1.92008,1.92008,1.92008,1.92008,1.92008,1.92008,1.92008
884,1.92008,1.92008,1.92008,1.92008,1.92008,1.92008,1.92008,1.92008,1.92008,1.92008,1.92008,1.92008,1.92008,1.92008,1.92008,1.92008,1.92008,1.92008,1.92008,1.92008,1.92008,1.92008,1.92008,1.92008,1.92008,1.92008,1.92008,1.92008,1.92008,1.92008,1.92008,1.92008,1.92008,1.92008,1.92008,1.92008,1.92008,1.92008,1.92008,1.92008,1.92008,1.92008,1.92008,1.92008,1.92008,1.92008,1.92008,1.92008,1.92008,1.92008
885,1.92008,1.92008,1.92008,1.92008,1.92008,1.92008,1.92008,1.92008,1.92008,1.92008,1.92008,1.92008,1.92008,1.92008,1.92008,1.92008,1.92008,1.92008,1.92008,1.92008,1.92008,1.92008,1.92008,1.92008,1.92008,1.92008,1.92008,1.92008,1.92008,1.92008,1.92008,1.92008,1.92008,1.92008,1.92008,1.92008,1.92008,1.92008,1.92008,1.92008,1.92008,1.92008,1.92008,1.92008,1.92008,1.92008,1.92008,1.92008,1.92008,1.92008
886,1.92008,1.92008,1.92008,1.92008,1.92008,1.92008,1.92008,1.92008,1.92008,1.92008,1.92008,1.92008,1.92008,1.92008,1.92008,1.92008,1.92008,1.92008,1.92008,1.92008,1.92008,1.92008,1.92008,1.92008,1.92008,1.92008,1.92008,1.92008,1.92008,1.92008,1.92008,1.92008,1.92008,1.92008,1.92008,1.92008,1.92008,1.92008,1.92008,1.92008,1.92008,1.92008,1.92008,1.92008,1.92008,1.92008,1.92008,1.92008,1.92008,1.92008
887,1.92008,1.92008,1.92008,1.92008,1.92008,1.92008,1.92008,1.92008,1.92008,1.92008,1.92008,1.92008,1.92008,1.92008,1.92008,1.92008,1.92008,1.92008,1.92008,1.92008,1.92008,1.92008,1.92008,1.92008,1.92008,1.92008,1.92008,1.92008,1.92008,1.92008,1.92008,1.92008,1.92008,1.92008,1.92008,1.92008,1.92008,1.92008,1.92008,1.92008,1.92008,1.92008,1.92008,1.92008,1.92008,1.92008,1.92008,1.92008,1.92008,1.92008
888,1.92008,1.92008,1.92008,1.92008,1.92008,1.92008,1.92008,1.92008,1.92008,1.92008,1.92008,1.92008,1.92008,1.92008,1.92008,1.92008,1.92008,1.92008,1.92008,1.92008,1.92008,1.92008,1.92008,1.92008,1.92008,1.92008,1.92008,1.92008,1.92008,1.92008,1.92008,1.92008,1.92008,1.92008,1.92008,1.92008,1.92008,1.92008,1.92008,1.92008,1.92008,1.92008,1.92008,1.92008,1.92008,1.92008,1.92008,1.92008,1.92008,1.92008
889,1.92008,1.92008,1.92008,1.92008,1.92008,1.92008,1.92008,1.92008,1.92008,1.92008,1.92008,1.92008,1.92008,1.92008,1.92008,1.92008,1.92008,1.92008,1.92008,1.92008,1.92008,1.92008,1.92008,1.92008,1.92008,1.92008,1.92008,1.92008,1.92008,1.92008,1.92008,1.92008,1.92008,1.92008,1.92008,1.92008,1.92008,1.92008,1.92008,1.92008,1.92008,1.92008,1.92008,1.92008,1.92008,1.92008,1.92008,1.92008,1.92008,1.92008
890,1.92008,1.92008,1.92008,1.92008,1.92008,1.92008,1.92008,1.92008,1.92008,1.92008,1.92008,1.92008,1.92008,1.92008,1.92008,1.92008,1.92008,1.92008,1.92008,1.92008,1.92008,1.92008,1.92008,1.92008,1.92008,1.92008,1.92008,1.92008,1.92008,1.92008,1.92008,1.92008,1.92008,1.92008,1.92008,1.92008,1.92008,1.92008,1.92008,1.92008,1.92008,1.92008,1.92008,1.92008,1.92008,1.92008,1.92008,1.92008,1.92008,1.92008
891,1.92008,1.92008,1.92008,1.92008,1.92008,1.92008,1.92008,1.92008,1.92008,1.92008,1.92008,1.92008,1.92008,1.92008,1.92008,1.92008,1.92008,1.92008,1.92008,1.92008,1.92008,1.92008,1.92008,1.92008,1.92008,1.92008,1.92008,1.92008,1.92008,1.92008,1.92008,1.92008,1.92008,1.92008,1.92008,1.92008,1.92008,1.92008,1.92008,1.92008,1.92008,1.92008,1.92008,1.92008,1.92008,1.92008,1.92008,1.92008,1.92008,1.92008
892,1.92008,1.92008,1.92008,1.92008,1.92008,1.92008,1.92008,1.92008,1.92008,1.92008,1.92008,1.92008,1.92008,1.92008,1.92008,1.92008,1.92008,1.92008,1.92008,1.92008,1.92008,1.92008,1.92008,1.92008,1.92008,1.92008,1.92008,1.92008,1.92008,1.92008,1.92008,1.92008,1.92008,1.92008,1.92008,1.92008,1.92008,1.92008,1.92008,1.92008,1.92008,1.92008,1.92008,1.92008,1.92008,1.92008,1.92008,1.92008,1.92008,1.92008
893,1.92008,1.92008,1.92008,1.92008,1.92008,1.92008,1.92008,1.92008,1.92008,1.92008,1.92008,1.92008,1.92008,1.92008,1.92008,1.92008,1.92008,1.92008,1.92008,1.92008,1.92008,1.92008,1.92008,1.92008,1.92008,1.92008,1.92008,1.92008,1.92008,1.92008,1.92008,1.92008,1.92008,1.92008,1.92008,1.92008,1.92008,1.92008,1.92008,1.92008,1.92008,1.92008,1.92008,1.92008,1.92008,1.92008,1.92008,1.92008,1.92008,1.92008
894,1.92008,1.92008,1.92008,1.92008,1.92008,1.92008,1.92008,1.92008,1.92008,1.92008,1.92008,1.92008,1.92008,1.92008,1.92008,1.92008,1.92008,1.92008,1.92008,1.92008,1.92008,1.92008,1.92008,1.92008,1.92008,1.92008,1.92008,1.92008,1.92008,1.92008,1.92008,1.92008,1.92008,1.92008,1.92008,1.92008,1.92008,1.92008,1.92008,1.92008,1.92008,1.92008,1.92008,1.92008,1.92008,1.92008,1.92008,1.92008,1.92008,1.92008
895,1.92008,1.92008,1.92008,1.92008,1.92008,1.92008,1.92008,1.92008,1.92008,1.92008,1.92008,1.92008,1.92008,1.92008,1.92008,1.92008,1.92008,1.92008,1.92008,1.92008,1.92008,1.92008,1.92008,1.92008,1.92008,1.92008,1.92008,1.92008,1.92008,1.92008,1.92008,1.92008,1.92008,1.92008,1.92008,1.92008,1.92008,1.92008,1.92008,1.92008,1.92008,1.92008,1.92008,1.92008,1.92008,1.92008,1.92008,1.92008,1.92008,1.92008
896,1.92008,1.92008,1.92008,1.92008,1.92008,1.92008,1.92008,1.92008,1.92008,1.92008,1.92008,1.92008,1.92008,1.92008,1.92008,1.92008,1.92008,1.92008,1.92008,1.92008,1.92008,1.92008,1.92008,1.92008,1.92008,1.92008,1.92008,1.92008,1.92008,1.92008,1.92008,1.92008,1.92008,1.92008,1.92008,1.92008,1.92008,1.92008,1.92008,1.92008,1.92008,1.92008,1.92008,1.92008,1.92008,1.92008,1.92008,1.92008,1.92008,1.92008
897,1.92008,1.92008,1.92008,1.92008,1.92008,1.92008,1.92008,1.92008,1.92008,1.92008,1.92008,1.92008,1.92008,1.92008,1.92008,1.92008,1.92008,1.92008,1.92008,1.92008,1.92008,1.92008,1.92008,1.92008,1.92008,1.92008,1.92008,1.92008,1.92008,1.92008,1.92008,1.92008,1.92008,1.92008,1.92008,1.92008,1.92008,1.92008,1.92008,1.92008,1.92008,1.92008,1.92008,1.92008,1.92008,1.92008,1.92008,1.92008,1.92008,1.92008
898,1.92008,1.92008,1.92008,1.92008,1.92008,1.92008,1.92008,1.92008,1.92008,1.92008,1.92008,1.92008,1.92008,1.92008,1.92008,1.92008,1.92008,1.92008,1.92008,1.92008,1.92008,1.92008,1.92008,1.92008,1.92008,1.92008,1.92008,1.92008,1.92008,1.92008,1.92008,1.92008,1.92008,1.92008,1.92008,1.92008,1.92008,1.92008,1.92008,1.92008,1.92008,1.92008,1.92008,1.92008,1.92008,1.92008,1.92008,1.92008,1.92008,1.92008
899,1.92008,1.92008,1.92008,1.92008,1.92008,1.92008,1.92008,1.92008,1.92008,1.92008,1.92008,1.92008,1.92008,1.92008,1.92008,1.92008,1.92008,1.92008,1.92008,1.92008,1.92008,1.92008,1.92008,1.92008,1.92008,1.92008,1.92008,1.92008,1.92008,1.92008,1.92008,1.92008,1.92008,1.92008,1.92008,1.92008,1.92008,1.92008,1.92008,1.92008,1.92008,1.92008,1.92008,1.92008,1.92008,1.92008,1.92008,1.92008,1.92008,1.92008
900,1.92008,1.92008,1.92008,1.92008,1.92008,1.92008,1.92008,1.92008,1.92008,1.92008,1.92008,1.92008,1.92008,1.92008,1.92008,1.92008,1.92008,1.92008,1.92008,1.92008,1.92008,1.92008,1.92008,1.92008,1.92008,1.92008,1.92008,1.92008,1.92008,1.92008,1.92008,1.92008,1.92008,1.92008,1.92008,1.92008,1.92008,1.92008,1.92008,1.92008,1.92008,1.92008,1.92008,1.92008,1.92008,1.92008,1.92008,1.92008,1.92008,1.92008
901,1.92008,1.92008,1.92008,1.92008,1.92008,1.92008,1.92008,1.92008,1.92008,1.92008,1.92008,1.92008,1.92008,1.92008,1.92008,1.92008,1.92008,1.92008,1.92008,1.92008,1.92008,1.92008,1.92008,1.92008,1.92008,1.92008,1.92008,1.92008,1.92008,1.92008,1.92008,1.92008,1.92008,1.92008,1.92008,1.92008,1.92008,1.92008,1.92008,1.92008,1.92008,1.92008,1.92008,1.92008,1.92008,1.92008,1.92008,1.92008,1.92008,1.92008
902,1.92008,1.92008,1.92008,1.92008,1.92008,1.92008,1.92008,1.92008,1.92008,1.92008,1.92008,1.92008,1.92008,1.92008,1.92008,1.92008,1.92008,1.92008,1.92008,1.92008,1.92008,1.92008,1.92008,1.92008,1.92008,1.92008,1.92008,1.92008,1.92008,1.92008,1.92008,1.92008,1.92008,1.92008,1.92008,1.92008,1.92008,1.92008,1.92008,1.92008,1.92008,1.92008,1.92008,1.92008,1.92008,1.92008,1.92008,1.92008,1.92008,1.92008
903,1.92008,1.92008,1.92008,1.92008,1.92008,1.92008,1.92008,1.92008,1.92008,1.92008,1.92008,1.92008,1.92008,1.92008,1.92008,1.92008,1.92008,1.92008,1.92008,1.92008,1.92008,1.92008,1.92008,1.92008,1.92008,1.92008,1.92008,1.92008,1.92008,1.92008,1.92008,1.92008,1.92008,1.92008,1.92008,1.92008,1.92008,1.92008,1.92008,1.92008,1.92008,1.92008,1.92008,1.92008,1.92008,1.92008,1.92008,1.92008,1.92008,1.92008
904,1.92008,1.92008,1.92008,1.92008,1.92008,1.92008,1.92008,1.92008,1.92008,1.92008,1.92008,1.92008,1.92008,1.92008,1.92008,1.92008,1.92008,1.92008,1.92008,1.92008,1.92008,1.92008,1.92008,1.92008,1.92008,1.92008,1.92008,1.92008,1.92008,1.92008,1.92008,1.92008,1.92008,1.92008,1.92008,1.92008,1.92008,1.92008,1.92008,1.92008,1.92008,1.92008,1.92008,1.92008,1.92008,1.92008,1.92008,1.92008,1.92008,1.92008
905,1.92008,1.92008,1.92008,1.92008,1.92008,1.92008,1.92008,1.92008,1.92008,1.92008,1.92008,1.92008,1.92008,1.92008,1.92008,1.92008,1.92008,1.92008,1.92008,1.92008,1.92008,1.92008,1.92008,1.92008,1.92008,1.92008,1.92008,1.92008,1.92008,1.92008,1.92008,1.92008,1.92008,1.92008,1.92008,1.92008,1.92008,1.92008,1.92008,1.92008,1.92008,1.92008,1.92008,1.92008,1.92008,1.92008,1.92008,1.92008,1.92008,1.92008
906,1.92008,1.92008,1.92008,1.92008,1.92008,1.92008,1.92008,1.92008,1.92008,1.92008,1.92008,1.92008,1.92008,1.92008,1.92008,1.92008,1.92008,1.92008,1.92008,1.92008,1.92008,1.92008,1.92008,1.92008,1.92008,1.92008,1.92008,1.92008,1.92008,1.92008,1.92008,1.92008,1.92008,1.92008,1.92008,1.92008,1.92008,1.92008,1.92008,1.92008,1.92008,1.92008,1.92008,1.92008,1.92008,1.92008,1.92008,1.92008,1.92008,1.92008
907,1.92008,1.92008,1.92008,1.92008,1.92008,1.92008,1.92008,1.92008,1.92008,1.92008,1.92008,1.92008,1.92008,1.92008,1.92008,1.92008,1.92008,1.92008,1.92008,1.92008,1.92008,1.92008,1.92008,1.92008,1.92008,1.92008,1.92008,1.92008,1.92008,1.92008,1.92008,1.92008,1.92008,1.92008,1.92008,1.92008,1.92008,1.92008,1.92008,1.92008,1.92008,1.92008,1.92008,1.92008,1.92008,1.92008,1.92008,1.92008,1.92008,1.92008
908,1.92008,1.92008,1.92008,1.92008,1.92008,1.92008,1.92008,1.92008,1.92008,1.92008,1.92008,1.92008,1.92008,1.92008,1.92008,1.92008,1.92008,1.92008,1.92008,1.92008,1.92008,1.92008,1.92008,1.92008,1.92008,1.92008,1.92008,1.92008,1.92008,1.92008,1.92008,1.92008,1.92008,1.92008,1.92008,1.92008,1.92008,1.92008,1.92008,1.92008,1.92008,1.92008,1.92008,1.92008,1.92008,1.92008,1.92008,1.92008,1.92008,1.92008
909,1.92008,1.92008,1.92008,1.92008,1.92008,1.92008,1.92008,1.92008,1.92008,1.92008,1.92008,1.92008,1.92008,1.92008,1.92008,1.92008,1.92008,1.92008,1.92008,1.92008,1.92008,1.92008,1.92008,1.92008,1.92008,1.92008,1.92008,1.92008,1.92008,1.92008,1.92008,1.92008,1.92008,1.92008,1.92008,1.92008,1.92008,1.92008,1.92008,1.92008,1.92008,1.92008,1.92008,1.92008,1.92008,1.92008,1.92008,1.92008,1.92008,1.92008
910,1.92008,1.92008,1.92008,1.92008,1.92008,1.92008,1.92008,1.92008,1.92008,1.92008,1.92008,1.92008,1.92008,1.92008,1.92008,1.92008,1.92008,1.92008,1.92008,1.92008,1.92008,1.92008,1.92008,1.92008,1.92008,1.92008,1.92008,1.92008,1.92008,1.92008,1.92008,1.92008,1.92008,1.92008,1.92008,1.92008,1.92008,1.92008,1.92008,1.92008,1.92008,1.92008,1.92008,1.92008,1.92008,1.92008,1.92008,1.92008,1.92008,1.92008
911,1.92008,1.92008,1.92008,1.92008,1.92008,1.92008,1.92008,1.92008,1.92008,1.92008,1.92008,1.92008,1.92008,1.92008,1.92008,1.92008,1.92008,1.92008,1.92008,1.92008,1.92008,1.92008,1.92008,1.92008,1.92008,1.92008,1.92008,1.92008,1.92008,1.92008,1.92008,1.92008,1.92008,1.92008,1.92008,1.92008,1.92008,1.92008,1.92008,1.92008,1.92008,1.92008,1.92008,1.92008,1.92008,1.92008,1.92008,1.92008,1.92008,1.92008
912,1.92008,1.92008,1.92008,1.92008,1.92008,1.92008,1.92008,1.92008,1.92008,1.92008,1.92008,1.92008,1.92008,1.92008,1.92008,1.92008,1.92008,1.92008,1.92008,1.92008,1.92008,1.92008,1.92008,1.92008,1.92008,1.92008,1.92008,1.92008,1.92008,1.92008,1.92008,1.92008,1.92008,1.92008,1.92008,1.92008,1.92008,1.92008,1.92008,1.92008,1.92008,1.92008,1.92008,1.92008,1.92008,1.92008,1.92008,1.92008,1.92008,1.92008
913,1.92008,1.92008,1.92008,1.92008,1.92008,1.92008,1.92008,1.92008,1.92008,1.92008,1.92008,1.92008,1.92008,1.92008,1.92008,1.92008,1.92008,1.92008,1.92008,1.92008,1.92008,1.92008,1.92008,1.92008,1.92008,1.92008,1.92008,1.92008,1.92008,1.92008,1.92008,1.92008,1.92008,1.92008,1.92008,1.92008,1.92008,1.92008,1.92008,1.92008,1.92008,1.92008,1.92008,1.92008,1.92008,1.92008,1.92008,1.92008,1.92008,1.92008
914,1.92008,1.92008,1.92008,1.92008,1.92008,1.92008,1.92008,1.92008,1.92008,1.92008,1.92008,1.92008,1.92008,1.92008,1.92008,1.92008,1.92008,1.92008,1.92008,1.92008,1.92008,1.92008,1.92008,1.92008,1.92008,1.92008,1.92008,1.92008,1.92008,1.92008,1.92008,1.92008,1.92008,1.92008,1.92008,1.92008,1.92008,1.92008,1.92008,1.92008,1.92008,1.92008,1.92008,1.92008,1.92008,1.92008,1.92008,1.92008,1.92008,1.92008
915,1.92008,1.92008,1.92008,1.92008,1.92008,1.92008,1.92008,1.92008,1.92008,1.92008,1.92008,1.92008,1.92008,1.92008,1.92008,1.92008,1.92008,1.92008,1.92008,1.92008,1.92008,1.92008,1.92008,1.92008,1.92008,1.92008,1.92008,1.92008,1.92008,1.92008,1.92008,1.92008,1.92008,1.92008,1.92008,1.92008,1.92008,1.92008,1.92008,1.92008,1.92008,1.92008,1.92008,1.92008,1.92008,1.92008,1.92008,1.92008,1.92008,1.92008
916,1.92008,1.92008,1.92008,1.92008,1.92008,1.92008,1.92008,1.92008,1.92008,1.92008,1.92008,1.92008,1.92008,1.92008,1.92008,1.92008,1.92008,1.92008,1.92008,1.92008,1.92008,1.92008,1.92008,1.92008,1.92008,1.92008,1.92008,1.92008,1.92008,1.92008,1.92008,1.92008,1.92008,1.92008,1.92008,1.92008,1.92008,1.92008,1.92008,1.92008,1.92008,1.92008,1.92008,1.92008,1.92008,1.92008,1.92008,1.92008,1.92008,1.92008
917,1.92008,1.92008,1.92008,1.92008,1.92008,1.92008,1.92008,1.92008,1.92008,1.92008,1.92008,1.92008,1.92008,1.92008,1.92008,1.92008,1.92008,1.92008,1.92008,1.92008,1.92008,1.92008,1.92008,1.92008,1.92008,1.92008,1.92008,1.92008,1.92008,1.92008,1.92008,1.92008,1.92008,1.92008,1.92008,1.92008,1.92008,1.92008,1.92008,1.92008,1.92008,1.92008,1.92008,1.92008,1.92008,1.92008,1.92008,1.92008,1.92008,1.92008
918,1.92008,1.92008,1.92008,1.92008,1.92008,1.92008,1.92008,1.92008,1.92008,1.92008,1.92008,1.92008,1.92008,1.92008,1.92008,1.92008,1.92008,1.92008,1.92008,1.92008,1.92008,1.92008,1.92008,1.92008,1.92008,1.92008,1.92008,1.92008,1.92008,1.92008,1.92008,1.92008,1.92008,1.92008,1.92008,1.92008,1.92008,1.92008,1.92008,1.92008,1.92008,1.92008,1.92008,1.92008,1.92008,1.92008,1.92008,1.92008,1.92008,1.92008
919,1.92008,1.92008,1.92008,1.92008,1.92008,1.92008,1.92008,1.92008,1.92008,1.92008,1.92008,1.92008,1.92008,1.92008,1.92008,1.92008,1.92008,1.92008,1.92008,1.92008,1.92008,1.92008,1.92008,1.92008,1.92008,1.92008,1.92008,1.92008,1.92008,1.92008,1.92008,1.92008,1.92008,1.92008,1.92008,1.92008,1.92008,1.92008,1.92008,1.92008,1.92008,1.92008,1.92008,1.92008,1.92008,1.92008,1.92008,1.92008,1.92008,1.92008
920,1.92008,1.92008,1.92008,1.92008,1.92008,1.92008,1.92008,1.92008,1.92008,1.92008,1.92008,1.92008,1.92008,1.92008,1.92008,1.92008,1.92008,1.92008,1.92008,1.92008,1.92008,1.92008,1.92008,1.92008,1.92008,1.92008,1.92008,1.92008,1.92008,1.92008,1.92008,1.92008,1.92008,1.92008,1.92008,1.92008,1.92008,1.92008,1.92008,1.92008,1.92008,1.92008,1.92008,1.92008,1.92008,1.92008,1.92008,1.92008,1.92008,1.92008
921,1.92008,1.92008,1.92008,1.92008,1.92008,1.92008,1.92008,1.92008,1.92008,1.92008,1.92008,1.92008,1.92008,1.92008,1.92008,1.92008,1.92008,1.92008,1.92008,1.92008,1.92008,1.92008,1.92008,1.92008,1.92008,1.92008,1.92008,1.92008,1.92008,1.92008,1.92008,1.92008,1.92008,1.92008,1.92008,1.92008,1.92008,1.92008,1.92008,1.92008,1.92008,1.92008,1.92008,1.92008,1.92008,1.92008,1.92008,1.92008,1.92008,1.92008
922,1.92008,1.92008,1.92008,1.92008,1.92008,1.92008,1.92008,1.92008,1.92008,1.92008,1.92008,1.92008,1.92008,1.92008,1.92008,1.92008,1.92008,1.92008,1.92008,1.92008,1.92008,1.92008,1.92008,1.92008,1.92008,1.92008,1.92008,1.92008,1.92008,1.92008,1.92008,1.92008,1.92008,1.92008,1.92008,1.92008,1.92008,1.92008,1.92008,1.92008,1.92008,1.92008,1.92008,1.92008,1.92008,1.92008,1.92008,1.92008,1.92008,1.92008
923,1.92008,1.92008,1.92008,1.92008,1.92008,1.92008,1.92008,1.92008,1.92008,1.92008,1.92008,1.92008,1.92008,1.92008,1.92008,1.92008,1.92008,1.92008,1.92008,1.92008,1.92008,1.92008,1.92008,1.92008,1.92008,1.92008,1.92008,1.92008,1.92008,1.92008,1.92008,1.92008,1.92008,1.92008,1.92008,1.92008,1.92008,1.92008,1.92008,1.92008,1.92008,1.92008,1.92008,1.92008,1.92008,1.92008,1.92008,1.92008,1.92008,1.92008
924,1.92008,1.92008,1.92008,1.92008,1.92008,1.92008,1.92008,1.92008,1.92008,1.92008,1.92008,1.92008,1.92008,1.92008,1.92008,1.92008,1.92008,1.92008,1.92008,1.92008,1.92008,1.92008,1.92008,1.92008,1.92008,1.92008,1.92008,1.92008,1.92008,1.92008,1.92008,1.92008,1.92008,1.92008,1.92008,1.92008,1.92008,1.92008,1.92008,1.92008,1.92008,1.92008,1.92008,1.92008,1.92008,1.92008,1.92008,1.92008,1.92008,1.92008
925,1.92008,1.92008,1.92008,1.92008,1.92008,1.92008,1.92008,1.92008,1.92008,1.92008,1.92008,1.92008,1.92008,1.92008,1.92008,1.92008,1.92008,1.92008,1.92008,1.92008,1.92008,1.92008,1.92008,1.92008,1.92008,1.92008,1.92008,1.92008,1.92008,1.92008,1.92008,1.92008,1.92008,1.92008,1.92008,1.92008,1.92008,1.92008,1.92008,1.92008,1.92008,1.92008,1.92008,1.92008,1.92008,1.92008,1.92008,1.92008,1.92008,1.92008
926,1.92008,1.92008,1.92008,1.92008,1.92008,1.92008,1.92008,1.92008,1.92008,1.92008,1.92008,1.92008,1.92008,1.92008,1.92008,1.92008,1.92008,1.92008,1.92008,1.92008,1.92008,1.92008,1.92008,1.92008,1.92008,1.92008,1.92008,1.92008,1.92008,1.92008,1.92008,1.92008,1.92008,1.92008,1.92008,1.92008,1.92008,1.92008,1.92008,1.92008,1.92008,1.92008,1.92008,1.92008,1.92008,1.92008,1.92008,1.92008,1.92008,1.92008
927,1.92008,1.92008,1.92008,1.92008,1.92008,1.92008,1.92008,1.92008,1.92008,1.92008,1.92008,1.92008,1.92008,1.92008,1.92008,1.92008,1.92008,1.92008,1.92008,1.92008,1.92008,1.92008,1.92008,1.92008,1.92008,1.92008,1.92008,1.92008,1.92008,1.92008,1.92008,1.92008,1.92008,1.92008,1.92008,1.92008,1.92008,1.92008,1.92008,1.92008,1.92008,1.92008,1.92008,1.92008,1.92008,1.92008,1.92008,1.92008,1.92008,1.92008
928,1.92008,1.92008,1.92008,1.92008,1.92008,1.92008,1.92008,1.92008,1.92008,1.92008,1.92008,1.92008,1.92008,1.92008,1.92008,1.92008,1.92008,1.92008,1.92008,1.92008,1.92008,1.92008,1.92008,1.92008,1.92008,1.92008,1.92008,1.92008,1.92008,1.92008,1.92008,1.92008,1.92008,1.92008,1.92008,1.92008,1.92008,1.92008,1.92008,1.92008,1.92008,1.92008,1.92008,1.92008,1.92008,1.92008,1.92008,1.92008,1.92008,1.92008
929,1.92008,1.92008,1.92008,1.92008,1.92008,1.92008,1.92008,1.92008,1.92008,1.92008,1.92008,1.92008,1.92008,1.92008,1.92008,1.92008,1.92008,1.92008,1.92008,1.92008,1.92008,1.92008,1.92008,1.92008,1.92008,1.92008,1.92008,1.92008,1.92008,1.92008,1.92008,1.92008,1.92008,1.92008,1.92008,1.92008,1.92008,1.92008,1.92008,1.92008,1.92008,1.92008,1.92008,1.92008,1.92008,1.92008,1.92008,1.92008,1.92008,1.92008
930,1.92008,1.92008,1.92008,1.92008,1.92008,1.92008,1.92008,1.92008,1.92008,1.92008,1.92008,1.92008,1.92008,1.92008,1.92008,1.92008,1.92008,1.92008,1.92008,1.92008,1.92008,1.92008,1.92008,1.92008,1.92008,1.92008,1.92008,1.92008,1.92008,1.92008,1.92008,1.92008,1.92008,1.92008,1.92008,1.92008,1.92008,1.92008,1.92008,1.92008,1.92008,1.92008,1.92008,1.92008,1.92008,1.92008,1.92008,1.92008,1.92008,1.92008
931,1.92008,1.92008,1.92008,1.92008,1.92008,1.92008,1.92008,1.92008,1.92008,1.92008,1.92008,1.92008,1.92008,1.92008,1.92008,1.92008,1.92008,1.92008,1.92008,1.92008,1.92008,1.92008,1.92008,1.92008,1.92008,1.92008,1.92008,1.92008,1.92008,1.92008,1.92008,1.92008,1.92008,1.92008,1.92008,1.92008,1.92008,1.92008,1.92008,1.92008,1.92008,1.92008,1.92008,1.92008,1.92008,1.92008,1.92008,1.92008,1.92008,1.92008
932,1.92008,1.92008,1.92008,1.92008,1.92008,1.92008,1.92008,1.92008,1.92008,1.92008,1.92008,1.92008,1.92008,1.92008,1.92008,1.92008,1.92008,1.92008,1.92008,1.92008,1.92008,1.92008,1.92008,1.92008,1.92008,1.92008,1.92008,1.92008,1.92008,1.92008,1.92008,1.92008,1.92008,1.92008,1.92008,1.92008,1.92008,1.92008,1.92008,1.92008,1.92008,1.92008,1.92008,1.92008,1.92008,1.92008,1.92008,1.92008,1.92008,1.92008
933,1.92008,1.92008,1.92008,1.92008,1.92008,1.92008,1.92008,1.92008,1.92008,1.92008,1.92008,1.92008,1.92008,1.92008,1.92008,1.92008,1.92008,1.92008,1.92008,1.92008,1.92008,1.92008,1.92008,1.92008,1.92008,1.92008,1.92008,1.92008,1.92008,1.92008,1.92008,1.92008,1.92008,1.92008,1.92008,1.92008,1.92008,1.92008,1.92008,1.92008,1.92008,1.92008,1.92008,1.92008,1.92008,1.92008,1.92008,1.92008,1.92008,1.92008
934,1.92008,1.92008,1.92008,1.92008,1.92008,1.92008,1.92008,1.92008,1.92008,1.92008,1.92008,1.92008,1.92008,1.92008,1.92008,1.92008,1.92008,1.92008,1.92008,1.92008,1.92008,1.92008,1.92008,1.92008,1.92008,1.92008,1.92008,1.92008,1.92008,1.92008,1.92008,1.92008,1.92008,1.92008,1.92008,1.92008,1.92008,1.92008,1.92008,1.92008,1.92008,1.92008,1.92008,1.92008,1.92008,1.92008,1.92008,1.92008,1.92008,1.92008
935,1.92008,1.92008,1.92008,1.92008,1.92008,1.92008,1.92008,1.92008,1.92008,1.92008,1.92008,1.92008,1.92008,1.92008,1.92008,1.92008,1.92008,1.92008,1.92008,1.92008,1.92008,1.92008,1.92008,1.92008,1.92008,1.92008,1.92008,1.92008,1.92008,1.92008,1.92008,1.92008,1.92008,1.92008,1.92008,1.92008,1.92008,1.92008,1.92008,1.92008,1.92008,1.92008,1.92008,1.92008,1.92008,1.92008,1.92008,1.92008,1.92008,1.92008
936,1.92008,1.92008,1.92008,1.92008,1.92008,1.92008,1.92008,1.92008,1.92008,1.92008,1.92008,1.92008,1.92008,1.92008,1.92008,1.92008,1.92008,1.92008,1.92008,1.92008,1.92008,1.92008,1.92008,1.92008,1.92008,1.92008,1.92008,1.92008,1.92008,1.92008,1.92008,1.92008,1.92008,1.92008,1.92008,1.92008,1.92008,1.92008,1.92008,1.92008,1.92008,1.92008,1.92008,1.92008,1.92008,1.92008,1.92008,1.92008,1.92008,1.92008
937,1.92008,1.92008,1.92008,1.92008,1.92008,1.92008,1.92008,1.92008,1.92008,1.92008,1.92008,1.92008,1.92008,1.92008,1.92008,1.92008,1.92008,1.92008,1.92008,1.92008,1.92008,1.92008,1.92008,1.92008,1.92008,1.92008,1.92008,1.92008,1.92008,1.92008,1.92008,1.92008,1.92008,1.92008,1.92008,1.92008,1.92008,1.92008,1.92008,1.92008,1.92008,1.92008,1.92008,1.92008,1.92008,1.92008,1.92008,1.92008,1.92008,1.92008
938,1.92008,1.92008,1.92008,1.92008,1.92008,1.92008,1.92008,1.92008,1.92008,1.92008,1.92008,1.92008,1.92008,1.92008,1.92008,1.92008,1.92008,1.92008,1.92008,1.92008,1.92008,1.92008,1.92008,1.92008,1.92008,1.92008,1.92008,1.92008,1.92008,1.92008,1.92008,1.92008,1.92008,1.92008,1.92008,1.92008,1.92008,1.92008,1.92008,1.92008,1.92008,1.92008,1.92008,1.92008,1.92008,1.92008,1.92008,1.92008,1.92008,1.92008
939,1.92008,1.92008,1.92008,1.92008,1.92008,1.92008,1.92008,1.92008,1.92008,1.92008,1.92008,1.92008,1.92008,1.92008,1.92008,1.92008,1.92008,1.92008,1.92008,1.92008,1.92008,1.92008,1.92008,1.92008,1.92008,1.92008,1.92008,1.92008,1.92008,1.92008,1.92008,1.92008,1.92008,1.92008,1.92008,1.92008,1.92008,1.92008,1.92008,1.92008,1.92008,1.92008,1.92008,1.92008,1.92008,1.92008,1.92008,1.92008,1.92008,1.92008
940,1.92008,1.92008,1.92008,1.92008,1.92008,1.92008,1.92008,1.92008,1.92008,1.92008,1.92008,1.92008,1.92008,1.92008,1.92008,1.92008,1.92008,1.92008,1.92008,1.92008,1.92008,1.92008,1.92008,1.92008,1.92008,1.92008,1.92008,1.92008,1.92008,1.92008,1.92008,1.92008,1.92008,1.92008,1.92008,1.92008,1.92008,1.92008,1.92008,1.92008,1.92008,1.92008,1.92008,1.92008,1.92008,1.92008,1.92008,1.92008,1.92008,1.92008
941,1.92008,1.92008,1.92008,1.92008,1.92008,1.92008,1.92008,1.92008,1.92008,1.92008,1.92008,1.92008,1.92008,1.92008,1.92008,1.92008,1.92008,1.92008,1.92008,1.92008,1.92008,1.92008,1.92008,1.92008,1.92008,1.92008,1.92008,1.92008,1.92008,1.92008,1.92008,1.92008,1.92008,1.92008,1.92008,1.92008,1.92008,1.92008,1.92008,1.92008,1.92008,1.92008,1.92008,1.92008,1.92008,1.92008,1.92008,1.92008,1.92008,1.92008
942,1.92008,1.92008,1.92008,1.92008,1.92008,1.92008,1.92008,1.92008,1.92008,1.92008,1.92008,1.92008,1.92008,1.92008,1.92008,1.92008,1.92008,1.92008,1.92008,1.92008,1.92008,1.92008,1.92008,1.92008,1.92008,1.92008,1.92008,1.92008,1.92008,1.92008,1.92008,1.92008,1.92008,1.92008,1.92008,1.92008,1.92008,1.92008,1.92008,1.92008,1.92008,1.92008,1.92008,1.92008,1.92008,1.92008,1.92008,1.92008,1.92008,1.92008
943,1.92008,1.92008,1.92008,1.92008,1.92008,1.92008,1.92008,1.92008,1.92008,1.92008,1.92008,1.92008,1.92008,1.92008,1.92008,1.92008,1.92008,1.92008,1.92008,1.92008,1.92008,1.92008,1.92008,1.92008,1.92008,1.92008,1.92008,1.92008,1.92008,1.92008,1.92008,1.92008,1.92008,1.92008,1.92008,1.92008,1.92008,1.92008,1.92008,1.92008,1.92008,1.92008,1.92008,1.92008,1.92008,1.92008,1.92008,1.92008,1.92008,1.92008
944,1.92008,1.92008,1.92008,1.92008,1.92008,1.92008,1.92008,1.92008,1.92008,1.92008,1.92008,1.92008,1.92008,1.92008,1.92008,1.92008,1.92008,1.92008,1.92008,1.92008,1.92008,1.92008,1.92008,1.92008,1.92008,1.92008,1.92008,1.92008,1.92008,1.92008,1.92008,1.92008,1.92008,1.92008,1.92008,1.92008,1.92008,1.92008,1.92008,1.92008,1.92008,1.92008,1.92008,1.92008,1.92008,1.92008,1.92008,1.92008,1.92008,1.92008
945,1.92008,1.92008,1.92008,1.92008,1.92008,1.92008,1.92008,1.92008,1.92008,1.92008,1.92008,1.92008,1.92008,1.92008,1.92008,1.92008,1.92008,1.92008,1.92008,1.92008,1.92008,1.92008,1.92008,1.92008,1.92008,1.92008,1.92008,1.92008,1.92008,1.92008,1.92008,1.92008,1.92008,1.92008,1.92008,1.92008,1.92008,1.92008,1.92008,1.92008,1.92008,1.92008,1.92008,1.92008,1.92008,1.92008,1.92008,1.92008,1.92008,1.92008
946,1.92008,1.92008,1.92008,1.92008,1.92008,1.92008,1.92008,1.92008,1.92008,1.92008,1.92008,1.92008,1.92008,1.92008,1.92008,1.92008,1.92008,1.92008,1.92008,1.92008,1.92008,1.92008,1.92008,1.92008,1.92008,1.92008,1.92008,1.92008,1.92008,1.92008,1.92008,1.92008,1.92008,1.92008,1.92008,1.92008,1.92008,1.92008,1.92008,1.92008,1.92008,1.92008,1.92008,1.92008,1.92008,1.92008,1.92008,1.92008,1.92008,1.92008
947,1.92008,1.92008,1.92008,1.92008,1.92008,1.92008,1.92008,1.92008,1.92008,1.92008,1.92008,1.92008,1.92008,1.92008,1.92008,1.92008,1.92008,1.92008,1.92008,1.92008,1.92008,1.92008,1.92008,1.92008,1.92008,1.92008,1.92008,1.92008,1.92008,1.92008,1.92008,1.92008,1.92008,1.92008,1.92008,1.92008,1.92008,1.92008,1.92008,1.92008,1.92008,1.92008,1.92008,1.92008,1.92008,1.92008,1.92008,1.92008,1.92008,1.92008
948,1.92008,1.92008,1.92008,1.92008,1.92008,1.92008,1.92008,1.92008,1.92008,1.92008,1.92008,1.92008,1.92008,1.92008,1.92008,1.92008,1.92008,1.92008,1.92008,1.92008,1.92008,1.92008,1.92008,1.92008,1.92008,1.92008,1.92008,1.92008,1.92008,1.92008,1.92008,1.92008,1.92008,1.92008,1.92008,1.92008,1.92008,1.92008,1.92008,1.92008,1.92008,1.92008,1.92008,1.92008,1.92008,1.92008,1.92008,1.92008,1.92008,1.92008
949,1.92008,1.92008,1.92008,1.92008,1.92008,1.92008,1.92008,1.92008,1.92008,1.92008,1.92008,1.92008,1.92008,1.92008,1.92008,1.92008,1.92008,1.92008,1.92008,1.92008,1.92008,1.92008,1.92008,1.92008,1.92008,1.92008,1.92008,1.92008,1.92008,1.92008,1.92008,1.92008,1.92008,1.92008,1.92008,1.92008,1.92008,1.92008,1.92008,1.92008,1.92008,1.92008,1.92008,1.92008,1.92008,1.92008,1.92008,1.92008,1.92008,1.92008
950,1.92008,1.92008,1.92008,1.92008,1.92008,1.92008,1.92008,1.92008,1.92008,1.92008,1.92008,1.92008,1.92008,1.92008,1.92008,1.92008,1.92008,1.92008,1.92008,1.92008,1.92008,1.92008,1.92008,1.92008,1.92008,1.92008,1.92008,1.92008,1.92008,1.92008,1.92008,1.92008,1.92008,1.92008,1.92008,1.92008,1.92008,1.92008,1.92008,1.92008,1.92008,1.92008,1.92008,1.92008,1.92008,1.92008,1.92008,1.92008,1.92008,1.92008
951,1.92008,1.92008,1.92008,1.92008,1.92008,1.92008,1.92008,1.92008,1.92008,1.92008,1.92008,1.92008,1.92008,1.92008,1.92008,1.92008,1.92008,1.92008,1.92008,1.92008,1.92008,1.92008,1.92008,1.92008,1.92008,1.92008,1.92008,1.92008,1.92008,1.92008,1.92008,1.92008,1.92008,1.92008,1.92008,1.92008,1.92008,1.92008,1.92008,1.92008,1.92008,1.92008,1.92008,1.92008,1.92008,1.92008,1.92008,1.92008,1.92008,1.92008
952,1.92008,1.92008,1.92008,1.92008,1.92008,1.92008,1.92008,1.92008,1.92008,1.92008,1.92008,1.92008,1.92008,1.92008,1.92008,1.92008,1.92008,1.92008,1.92008,1.92008,1.92008,1.92008,1.92008,1.92008,1.92008,1.92008,1.92008,1.92008,1.92008,1.92008,1.92008,1.92008,1.92008,1.92008,1.92008,1.92008,1.92008,1.92008,1.92008,1.92008,1.92008,1.92008,1.92008,1.92008,1.92008,1.92008,1.92008,1.92008,1.92008,1.92008
953,1.92008,1.92008,1.92008,1.92008,1.92008,1.92008,1.92008,1.92008,1.92008,1.92008,1.92008,1.92008,1.92008,1.92008,1.92008,1.92008,1.92008,1.92008,1.92008,1.92008,1.92008,1.92008,1.92008,1.92008,1.92008,1.92008,1.92008,1.92008,1.92008,1.92008,1.92008,1.92008,1.92008,1.92008,1.92008,1.92008,1.92008,1.92008,1.92008,1.92008,1.92008,1.92008,1.92008,1.92008,1.92008,1.92008,1.92008,1.92008,1.92008,1.92008
954,1.92008,1.92008,1.92008,1.92008,1.92008,1.92008,1.92008,1.92008,1.92008,1.92008,1.92008,1.92008,1.92008,1.92008,1.92008,1.92008,1.92008,1.92008,1.92008,1.92008,1.92008,1.92008,1.92008,1.92008,1.92008,1.92008,1.92008,1.92008,1.92008,1.92008,1.92008,1.92008,1.92008,1.92008,1.92008,1.92008,1.92008,1.92008,1.92008,1.92008,1.92008,1.92008,1.92008,1.92008,1.92008,1.92008,1.92008,1.92008,1.92008,1.92008
955,1.92008,1.92008,1.92008,1.92008,1.92008,1.92008,1.92008,1.92008,1.92008,1.92008,1.92008,1.92008,1.92008,1.92008,1.92008,1.92008,1.92008,1.92008,1.92008,1.92008,1.92008,1.92008,1.92008,1.92008,1.92008,1.92008,1.92008,1.92008,1.92008,1.92008,1.92008,1.92008,1.92008,1.92008,1.92008,1.92008,1.92008,1.92008,1.92008,1.92008,1.92008,1.92008,1.92008,1.92008,1.92008,1.92008,1.92008,1.92008,1.92008,1.92008
956,1.92008,1.92008,1.92008,1.92008,1.92008,1.92008,1.92008,1.92008,1.92008,1.92008,1.92008,1.92008,1.92008,1.92008,1.92008,1.92008,1.92008,1.92008,1.92008,1.92008,1.92008,1.92008,1.92008,1.92008,1.92008,1.92008,1.92008,1.92008,1.92008,1.92008,1.92008,1.92008,1.92008,1.92008,1.92008,1.92008,1.92008,1.92008,1.92008,1.92008,1.92008,1.92008,1.92008,1.92008,1.92008,1.92008,1.92008,1.92008,1.92008,1.92008
957,1.92008,1.92008,1.92008,1.92008,1.92008,1.92008,1.92008,1.92008,1.92008,1.92008,1.92008,1.92008,1.92008,1.92008,1.92008,1.92008,1.92008,1.92008,1.92008,1.92008,1.92008,1.92008,1.92008,1.92008,1.92008,1.92008,1.92008,1.92008,1.92008,1.92008,1.92008,1.92008,1.92008,1.92008,1.92008,1.92008,1.92008,1.92008,1.92008,1.92008,1.92008,1.92008,1.92008,1.92008,1.92008,1.92008,1.92008,1.92008,1.92008,1.92008
958,1.92008,1.92008,1.92008,1.92008,1.92008,1.92008,1.92008,1.92008,1.92008,1.92008,1.92008,1.92008,1.92008,1.92008,1.92008,1.92008,1.92008,1.92008,1.92008,1.92008,1.92008,1.92008,1.92008,1.92008,1.92008,1.92008,1.92008,1.92008,1.92008,1.92008,1.92008,1.92008,1.92008,1.92008,1.92008,1.92008,1.92008,1.92008,1.92008,1.92008,1.92008,1.92008,1.92008,1.92008,1.92008,1.92008,1.92008,1.92008,1.92008,1.92008
959,1.92008,1.92008,1.92008,1.92008,1.92008,1.92008,1.92008,1.92008,1.92008,1.92008,1.92008,1.92008,1.92008,1.92008,1.92008,1.92008,1.92008,1.92008,1.92008,1.92008,1.92008,1.92008,1.92008,1.92008,1.92008,1.92008,1.92008,1.92008,1.92008,1.92008,1.92008,1.92008,1.92008,1.92008,1.92008,1.92008,1.92008,1.92008,1.92008,1.92008,1.92008,1.92008,1.92008,1.92008,1.92008,1.92008,1.92008,1.92008,1.92008,1.92008
960,1.92008,1.92008,1.92008,1.92008,1.92008,1.92008,1.92008,1.92008,1.92008,1.92008,1.92008,1.92008,1.92008,1.92008,1.92008,1.92008,1.92008,1.92008,1.92008,1.92008,1.92008,1.92008,1.92008,1.92008,1.92008,1.92008,1.92008,1.92008,1.92008,1.92008,1.92008,1.92008,1.92008,1.92008,1.92008,1.92008,1.92008,1.92008,1.92008,1.92008,1.92008,1.92008,1.92008,1.92008,1.92008,1.92008,1.92008,1.92008,1.92008,1.92008
961,1.92008,1.92008,1.92008,1.92008,1.92008,1.92008,1.92008,1.92008,1.92008,1.92008,1.92008,1.92008,1.92008,1.92008,1.92008,1.92008,1.92008,1.92008,1.92008,1.92008,1.92008,1.92008,1.92008,1.92008,1.92008,1.92008,1.92008,1.92008,1.92008,1.92008,1.92008,1.92008,1.92008,1.92008,1.92008,1.92008,1.92008,1.92008,1.92008,1.92008,1.92008,1.92008,1.92008,1.92008,1.92008,1.92008,1.92008,1.92008,1.92008,1.92008
962,1.92008,1.92008,1.92008,1.92008,1.92008,1.92008,1.92008,1.92008,1.92008,1.92008,1.92008,1.92008,1.92008,1.92008,1.92008,1.92008,1.92008,1.92008,1.92008,1.92008,1.92008,1.92008,1.92008,1.92008,1.92008,1.92008,1.92008,1.92008,1.92008,1.92008,1.92008,1.92008,1.92008,1.92008,1.92008,1.92008,1.92008,1.92008,1.92008,1.92008,1.92008,1.92008,1.92008,1.92008,1.92008,1.92008,1.92008,1.92008,1.92008,1.92008
963,1.92008,1.92008,1.92008,1.92008,1.92008,1.92008,1.92008,1.92008,1.92008,1.92008,1.92008,1.92008,1.92008,1.92008,1.92008,1.92008,1.92008,1.92008,1.92008,1.92008,1.92008,1.92008,1.92008,1.92008,1.92008,1.92008,1.92008,1.92008,1.92008,1.92008,1.92008,1.92008,1.92008,1.92008,1.92008,1.92008,1.92008,1.92008,1.92008,1.92008,1.92008,1.92008,1.92008,1.92008,1.92008,1.92008,1.92008,1.92008,1.92008,1.92008
964,1.92008,1.92008,1.92008,1.92008,1.92008,1.92008,1.92008,1.92008,1.92008,1.92008,1.92008,1.92008,1.92008,1.92008,1.92008,1.92008,1.92008,1.92008,1.92008,1.92008,1.92008,1.92008,1.92008,1.92008,1.92008,1.92008,1.92008,1.92008,1.92008,1.92008,1.92008,1.92008,1.92008,1.92008,1.92008,1.92008,1.92008,1.92008,1.92008,1.92008,1.92008,1.92008,1.92008,1.92008,1.92008,1.92008,1.92008,1.92008,1.92008,1.92008
965,1.92008,1.92008,1.92008,1.92008,1.92008,1.92008,1.92008,1.92008,1.92008,1.92008,1.92008,1.92008,1.92008,1.92008,1.92008,1.92008,1.92008,1.92008,1.92008,1.92008,1.92008,1.92008,1.92008,1.92008,1.92008,1.92008,1.92008,1.92008,1.92008,1.92008,1.92008,1.92008,1.92008,1.92008,1.92008,1.92008,1.92008,1.92008,1.92008,1.92008,1.92008,1.92008,1.92008,1.92008,1.92008,1.92008,1.92008,1.92008,1.92008,1.92008
966,1.92008,1.92008,1.92008,1.92008,1.92008,1.92008,1.92008,1.92008,1.92008,1.92008,1.92008,1.92008,1.92008,1.92008,1.92008,1.92008,1.92008,1.92008,1.92008,1.92008,1.92008,1.92008,1.92008,1.92008,1.92008,1.92008,1.92008,1.92008,1.92008,1.92008,1.92008,1.92008,1.92008,1.92008,1.92008,1.92008,1.92008,1.92008,1.92008,1.92008,1.92008,1.92008,1.92008,1.92008,1.92008,1.92008,1.92008,1.92008,1.92008,1.92008
967,1.92008,1.92008,1.92008,1.92008,1.92008,1.92008,1.92008,1.92008,1.92008,1.92008,1.92008,1.92008,1.92008,1.92008,1.92008,1.92008,1.92008,1.92008,1.92008,1.92008,1.92008,1.92008,1.92008,1.92008,1.92008,1.92008,1.92008,1.92008,1.92008,1.92008,1.92008,1.92008,1.92008,1.92008,1.92008,1.92008,1.92008,1.92008,1.92008,1.92008,1.92008,1.92008,1.92008,1.92008,1.92008,1.92008,1.92008,1.92008,1.92008,1.92008
968,1.92008,1.92008,1.92008,1.92008,1.92008,1.92008,1.92008,1.92008,1.92008,1.92008,1.92008,1.92008,1.92008,1.92008,1.92008,1.92008,1.92008,1.92008,1.92008,1.92008,1.92008,1.92008,1.92008,1.92008,1.92008,1.92008,1.92008,1.92008,1.92008,1.92008,1.92008,1.92008,1.92008,1.92008,1.92008,1.92008,1.92008,1.92008,1.92008,1.92008,1.92008,1.92008,1.92008,1.92008,1.92008,1.92008,1.92008,1.92008,1.92008,1.92008
969,1.92008,1.92008,1.92008,1.92008,1.92008,1.92008,1.92008,1.92008,1.92008,1.92008,1.92008,1.92008,1.92008,1.92008,1.92008,1.92008,1.92008,1.92008,1.92008,1.92008,1.92008,1.92008,1.92008,1.92008,1.92008,1.92008,1.92008,1.92008,1.92008,1.92008,1.92008,1.92008,1.92008,1.92008,1.92008,1.92008,1.92008,1.92008,1.92008,1.92008,1.92008,1.92008,1.92008,1.92008,1.92008,1.92008,1.92008,1.92008,1.92008,1.92008
970,1.92008,1.92008,1.92008,1.92008,1.92008,1.92008,1.92008,1.92008,1.92008,1.92008,1.92008,1.92008,1.92008,1.92008,1.92008,1.92008,1.92008,1.92008,1.92008,1.92008,1.92008,1.92008,1.92008,1.92008,1.92008,1.92008,1.92008,1.92008,1.92008,1.92008,1.92008,1.92008,1.92008,1.92008,1.92008,1.92008,1.92008,1.92008,1.92008,1.92008,1.92008,1.92008,1.92008,1.92008,1.92008,1.92008,1.92008,1.92008,1.92008,1.92008
971,1.92008,1.92008,1.92008,1.92008,1.92008,1.92008,1.92008,1.92008,1.92008,1.92008,1.92008,1.92008,1.92008,1.92008,1.92008,1.92008,1.92008,1.92008,1.92008,1.92008,1.92008,1.92008,1.92008,1.92008,1.92008,1.92008,1.92008,1.92008,1.92008,1.92008,1.92008,1.92008,1.92008,1.92008,1.92008,1.92008,1.92008,1.92008,1.92008,1.92008,1.92008,1.92008,1.92008,1.92008,1.92008,1.92008,1.92008,1.92008,1.92008,1.92008
972,1.92008,1.92008,1.92008,1.92008,1.92008,1.92008,1.92008,1.92008,1.92008,1.92008,1.92008,1.92008,1.92008,1.92008,1.92008,1.92008,1.92008,1.92008,1.92008,1.92008,1.92008,1.92008,1.92008,1.92008,1.92008,1.92008,1.92008,1.92008,1.92008,1.92008,1.92008,1.92008,1.92008,1.92008,1.92008,1.92008,1.92008,1.92008,1.92008,1.92008,1.92008,1.92008,1.92008,1.92008,1.92008,1.92008,1.92008,1.92008,1.92008,1.92008
973,1.92008,1.92008,1.92008,1.92008,1.92008,1.92008,1.92008,1.92008,1.92008,1.92008,1.92008,1.92008,1.92008,1.92008,1.92008,1.92008,1.92008,1.92008,1.92008,1.92008,1.92008,1.92008,1.92008,1.92008,1.92008,1.92008,1.92008,1.92008,1.92008,1.92008,1.92008,1.92008,1.92008,1.92008,1.92008,1.92008,1.92008,1.92008,1.92008,1.92008,1.92008,1.92008,1.92008,1.92008,1.92008,1.92008,1.92008,1.92008,1.92008,1.92008
974,1.92008,1.92008,1.92008,1.92008,1.92008,1.92008,1.92008,1.92008,1.92008,1.92008,1.92008,1.92008,1.92008,1.92008,1.92008,1.92008,1.92008,1.92008,1.92008,1.92008,1.92008,1.92008,1.92008,1.92008,1.92008,1.92008,1.92008,1.92008,1.92008,1.92008,1.92008,1.92008,1.92008,1.92008,1.92008,1.92008,1.92008,1.92008,1.92008,1.92008,1.92008,1.92008,1.92008,1.92008,1.92008,1.92008,1.92008,1.92008,1.92008,1.92008
975,1.92008,1.92008,1.92008,1.92008,1.92008,1.92008,1.92008,1.92008,1.92008,1.92008,1.92008,1.92008,1.92008,1.92008,1.92008,1.92008,1.92008,1.92008,1.92008,1.92008,1.92008,1.92008,1.92008,1.92008,1.92008,1.92008,1.92008,1.92008,1.92008,1.92008,1.92008,1.92008,1.92008,1.92008,1.92008,1.92008,1.92008,1.92008,1.92008,1.92008,1.92008,1.92008,1.92008,1.92008,1.92008,1.92008,1.92008,1.92008,1.92008,1.92008
976,1.92008,1.92008,1.92008,1.92008,1.92008,1.92008,1.92008,1.92008,1.92008,1.92008,1.92008,1.92008,1.92008,1.92008,1.92008,1.92008,1.92008,1.92008,1.92008,1.92008,1.92008,1.92008,1.92008,1.92008,1.92008,1.92008,1.92008,1.92008,1.92008,1.92008,1.92008,1.92008,1.92008,1.92008,1.92008,1.92008,1.92008,1.92008,1.92008,1.92008,1.92008,1.92008,1.92008,1.92008,1.92008,1.92008,1.92008,1.92008,1.92008,1.92008
977,1.92008,1.92008,1.92008,1.92008,1.92008,1.92008,1.92008,1.92008,1.92008,1.92008,1.92008,1.92008,1.92008,1.92008,1.92008,1.92008,1.92008,1.92008,1.92008,1.92008,1.92008,1.92008,1.92008,1.92008,1.92008,1.92008,1.92008,1.92008,1.92008,1.92008,1.92008,1.92008,1.92008,1.92008,1.92008,1.92008,1.92008,1.92008,1.92008,1.92008,1.92008,1.92008,1.92008,1.92008,1.92008,1.92008,1.92008,1.92008,1.92008,1.92008
978,1.92008,1.92008,1.92008,1.92008,1.92008,1.92008,1.92008,1.92008,1.92008,1.92008,1.92008,1.92008,1.92008,1.92008,1.92008,1.92008,1.92008,1.92008,1.92008,1.92008,1.92008,1.92008,1.92008,1.92008,1.92008,1.92008,1.92008,1.92008,1.92008,1.92008,1.92008,1.92008,1.92008,1.92008,1.92008,1.92008,1.92008,1.92008,1.92008,1.92008,1.92008,1.92008,1.92008,1.92008,1.92008,1.92008,1.92008,1.92008,1.92008,1.92008
979,1.92008,1.92008,1.92008,1.92008,1.92008,1.92008,1.92008,1.92008,1.92008,1.92008,1.92008,1.92008,1.92008,1.92008,1.92008,1.92008,1.92008,1.92008,1.92008,1.92008,1.92008,1.92008,1.92008,1.92008,1.92008,1.92008,1.92008,1.92008,1.92008,1.92008,1.92008,1.92008,1.92008,1.92008,1.92008,1.92008,1.92008,1.92008,1.92008,1.92008,1.92008,1.92008,1.92008,1.92008,1.92008,1.92008,1.92008,1.92008,1.92008,1.92008
980,1.92008,1.92008,1.92008,1.92008,1.92008,1.92008,1.92008,1.92008,1.92008,1.92008,1.92008,1.92008,1.92008,1.92008,1.92008,1.92008,1.92008,1.92008,1.92008,1.92008,1.92008,1.92008,1.92008,1.92008,1.92008,1.92008,1.92008,1.92008,1.92008,1.92008,1.92008,1.92008,1.92008,1.92008,1.92008,1.92008,1.92008,1.92008,1.92008,1.92008,1.92008,1.92008,1.92008,1.92008,1.92008,1.92008,1.92008,1.92008,1.92008,1.92008
981,1.92008,1.92008,1.92008,1.92008,1.92008,1.92008,1.92008,1.92008,1.92008,1.92008,1.92008,1.92008,1.92008,1.92008,1.92008,1.92008,1.92008,1.92008,1.92008,1.92008,1.92008,1.92008,1.92008,1.92008,1.92008,1.92008,1.92008,1.92008,1.92008,1.92008,1.92008,1.92008,1.92008,1.92008,1.92008,1.92008,1.92008,1.92008,1.92008,1.92008,1.92008,1.92008,1.92008,1.92008,1.92008,1.92008,1.92008,1.92008,1.92008,1.92008
982,1.92008,1.92008,1.92008,1.92008,1.92008,1.92008,1.92008,1.92008,1.92008,1.92008,1.92008,1.92008,1.92008,1.92008,1.92008,1.92008,1.92008,1.92008,1.92008,1.92008,1.92008,1.92008,1.92008,1.92008,1.92008,1.92008,1.92008,1.92008,1.92008,1.92008,1.92008,1.92008,1.92008,1.92008,1.92008,1.92008,1.92008,1.92008,1.92008,1.92008,1.92008,1.92008,1.92008,1.92008,1.92008,1.92008,1.92008,1.92008,1.92008,1.92008
983,1.92008,1.92008,1.92008,1.92008,1.92008,1.92008,1.92008,1.92008,1.92008,1.92008,1.92008,1.92008,1.92008,1.92008,1.92008,1.92008,1.92008,1.92008,1.92008,1.92008,1.92008,1.92008,1.92008,1.92008,1.92008,1.92008,1.92008,1.92008,1.92008,1.92008,1.92008,1.92008,1.92008,1.92008,1.92008,1.92008,1.92008,1.92008,1.92008,1.92008,1.92008,1.92008,1.92008,1.92008,1.92008,1.92008,1.92008,1.92008,1.92008,1.92008
984,1.92008,1.92008,1.92008,1.92008,1.92008,1.92008,1.92008,1.92008,1.92008,1.92008,1.92008,1.92008,1.92008,1.92008,1.92008,1.92008,1.92008,1.92008,1.92008,1.92008,1.92008,1.92008,1.92008,1.92008,1.92008,1.92008,1.92008,1.92008,1.92008,1.92008,1.92008,1.92008,1.92008,1.92008,1.92008,1.92008,1.92008,1.92008,1.92008,1.92008,1.92008,1.92008,1.92008,1.92008,1.92008,1.92008,1.92008,1.92008,1.92008,1.92008
985,1.92008,1.92008,1.92008,1.92008,1.92008,1.92008,1.92008,1.92008,1.92008,1.92008,1.92008,1.92008,1.92008,1.92008,1.92008,1.92008,1.92008,1.92008,1.92008,1.92008,1.92008,1.92008,1.92008,1.92008,1.92008,1.92008,1.92008,1.92008,1.92008,1.92008,1.92008,1.92008,1.92008,1.92008,1.92008,1.92008,1.92008,1.92008,1.92008,1.92008,1.92008,1.92008,1.92008,1.92008,1.92008,1.92008,1.92008,1.92008,1.92008,1.92008
986,1.92008,1.92008,1.92008,1.92008,1.92008,1.92008,1.92008,1.92008,1.92008,1.92008,1.92008,1.92008,1.92008,1.92008,1.92008,1.92008,1.92008,1.92008,1.92008,1.92008,1.92008,1.92008,1.92008,1.92008,1.92008,1.92008,1.92008,1.92008,1.92008,1.92008,1.92008,1.92008,1.92008,1.92008,1.92008,1.92008,1.92008,1.92008,1.92008,1.92008,1.92008,1.92008,1.92008,1.92008,1.92008,1.92008,1.92008,1.92008,1.92008,1.92008
987,1.92008,1.92008,1.92008,1.92008,1.92008,1.92008,1.92008,1.92008,1.92008,1.92008,1.92008,1.92008,1.92008,1.92008,1.92008,1.92008,1.92008,1.92008,1.92008,1.92008,1.92008,1.92008,1.92008,1.92008,1.92008,1.92008,1.92008,1.92008,1.92008,1.92008,1.92008,1.92008,1.92008,1.92008,1.92008,1.92008,1.92008,1.92008,1.92008,1.92008,1.92008,1.92008,1.92008,1.92008,1.92008,1.92008,1.92008,1.92008,1.92008,1.92008
988,1.92008,1.92008,1.92008,1.92008,1.92008,1.92008,1.92008,1.92008,1.92008,1.92008,1.92008,1.92008,1.92008,1.92008,1.92008,1.92008,1.92008,1.92008,1.92008,1.92008,1.92008,1.92008,1.92008,1.92008,1.92008,1.92008,1.92008,1.92008,1.92008,1.92008,1.92008,1.92008,1.92008,1.92008,1.92008,1.92008,1.92008,1.92008,1.92008,1.92008,1.92008,1.92008,1.92008,1.92008,1.92008,1.92008,1.92008,1.92008,1.92008,1.92008
989,1.92008,1.92008,1.92008,1.92008,1.92008,1.92008,1.92008,1.92008,1.92008,1.92008,1.92008,1.92008,1.92008,1.92008,1.92008,1.92008,1.92008,1.92008,1.92008,1.92008,1.92008,1.92008,1.92008,1.92008,1.92008,1.92008,1.92008,1.92008,1.92008,1.92008,1.92008,1.92008,1.92008,1.92008,1.92008,1.92008,1.92008,1.92008,1.92008,1.92008,1.92008,1.92008,1.92008,1.92008,1.92008,1.92008,1.92008,1.92008,1.92008,1.92008
990,1.92008,1.92008,1.92008,1.92008,1.92008,1.92008,1.92008,1.92008,1.92008,1.92008,1.92008,1.92008,1.92008,1.92008,1.92008,1.92008,1.92008,1.92008,1.92008,1.92008,1.92008,1.92008,1.92008,1.92008,1.92008,1.92008,1.92008,1.92008,1.92008,1.92008,1.92008,1.92008,1.92008,1.92008,1.92008,1.92008,1.92008,1.92008,1.92008,1.92008,1.92008,1.92008,1.92008,1.92008,1.92008,1.92008,1.92008,1.92008,1.92008,1.92008
991,1.92008,1.92008,1.92008,1.92008,1.92008,1.92008,1.92008,1.92008,1.92008,1.92008,1.92008,1.92008,1.92008,1.92008,1.92008,1.92008,1.92008,1.92008,1.92008,1.92008,1.92008,1.92008,1.92008,1.92008,1.92008,1.92008,1.92008,1.92008,1.92008,1.92008,1.92008,1.92008,1.92008,1.92008,1.92008,1.92008,1.92008,1.92008,1.92008,1.92008,1.92008,1.92008,1.92008,1.92008,1.92008,1.92008,1.92008,1.92008,1.92008,1.92008
992,1.92008,1.92008,1.92008,1.92008,1.92008,1.92008,1.92008,1.92008,1.92008,1.92008,1.92008,1.92008,1.92008,1.92008,1.92008,1.92008,1.92008,1.92008,1.92008,1.92008,1.92008,1.92008,1.92008,1.92008,1.92008,1.92008,1.92008,1.92008,1.92008,1.92008,1.92008,1.92008,1.92008,1.92008,1.92008,1.92008,1.92008,1.92008,1.92008,1.92008,1.92008,1.92008,1.92008,1.92008,1.92008,1.92008,1.92008,1.92008,1.92008,1.92008
993,1.92008,1.92008,1.92008,1.92008,1.92008,1.92008,1.92008,1.92008,1.92008,1.92008,1.92008,1.92008,1.92008,1.92008,1.92008,1.92008,1.92008,1.92008,1.92008,1.92008,1.92008,1.92008,1.92008,1.92008,1.92008,1.92008,1.92008,1.92008,1.92008,1.92008,1.92008,1.92008,1.92008,1.92008,1.92008,1.92008,1.92008,1.92008,1.92008,1.92008,1.92008,1.92008,1.92008,1.92008,1.92008,1.92008,1.92008,1.92008,1.92008,1.92008
994,1.92008,1.92008,1.92008,1.92008,1.92008,1.92008,1.92008,1.92008,1.92008,1.92008,1.92008,1.92008,1.92008,1.92008,1.92008,1.92008,1.92008,1.92008,1.92008,1.92008,1.92008,1.92008,1.92008,1.92008,1.92008,1.92008,1.92008,1.92008,1.92008,1.92008,1.92008,1.92008,1.92008,1.92008,1.92008,1.92008,1.92008,1.92008,1.92008,1.92008,1.92008,1.92008,1.92008,1.92008,1.92008,1.92008,1.92008,1.92008,1.92008,1.92008
995,1.92008,1.92008,1.92008,1.92008,1.92008,1.92008,1.92008,1.92008,1.92008,1.92008,1.92008,1.92008,1.92008,1.92008,1.92008,1.92008,1.92008,1.92008,1.92008,1.92008,1.92008,1.92008,1.92008,1.92008,1.92008,1.92008,1.92008,1.92008,1.92008,1.92008,1.92008,1.92008,1.92008,1.92008,1.92008,1.92008,1.92008,1.92008,1.92008,1.92008,1.92008,1.92008,1.92008,1.92008,1.92008,1.92008,1.92008,1.92008,1.92008,1.92008
996,1.92008,1.92008,1.92008,1.92008,1.92008,1.92008,1.92008,1.92008,1.92008,1.92008,1.92008,1.92008,1.92008,1.92008,1.92008,1.92008,1.92008,1.92008,1.92008,1.92008,1.92008,1.92008,1.92008,1.92008,1.92008,1.92008,1.92008,1.92008,1.92008,1.92008,1.92008,1.92008,1.92008,1.92008,1.92008,1.92008,1.92008,1.92008,1.92008,1.92008,1.92008,1.92008,1.92008,1.92008,1.92008,1.92008,1.92008,1.92008,1.92008,1.92008
997,1.92008,1.92008,1.92008,1.92008,1.92008,1.92008,1.92008,1.92008,1.92008,1.92008,1.92008,1.92008,1.92008,1.92008,1.92008,1.92008,1.92008,1.92008,1.92008,1.92008,1.92008,1.92008,1.92008,1.92008,1.92008,1.92008,1.92008,1.92008,1.92008,1.92008,1.92008,1.92008,1.92008,1.92008,1.92008,1.92008,1.92008,1.92008,1.92008,1.92008,1.92008,1.92008,1.92008,1.92008,1.92008,1.92008,1.92008,1.92008,1.92008,1.92008
998,1.92008,1.92008,1.92008,1.92008,1.92008,1.92008,1.92008,1.92008,1.92008,1.92008,1.92008,1.92008,1.92008,1.92008,1.92008,1.92008,1.92008,1.92008,1.92008,1.92008,1.92008,1.92008,1.92008,1.92008,1.92008,1.92008,1.92008,1.92008,1.92008,1.92008,1.92008,1.92008,1.92008,1.92008,1.92008,1.92008,1.92008,1.92008,1.92008,1.92008,1.92008,1.92008,1.92008,1.92008,1.92008,1.92008,1.92008,1.92008,1.92008,1.92008
999,1.92008,1.92008,1.92008,1.92008,1.92008,1.92008,1.92008,1.92008,1.92008,1.92008,1.92008,1.92008,1.92008,1.92008,1.92008,1.92008,1.92008,1.92008,1.92008,1.92008,1.92008,1.92008,1.92008,1.92008,1.92008,1.92008,1.92008,1.92008,1.92008,1.92008,1.92008,1.92008,1.92008,1.92008,1.92008,1.92008,1.92008,1.92008,1.92008,1.92008,1.92008,1.92008,1.92008,1.92008,1.92008,1.92008,1.92008,1.92008,1.92008,1.92008
