# best solutions
1, 12, 26, 22, 20, 10, 18, 13, 6, 2, 14, 25, 34, 16, 29, 4, 23, 19, 21, 27, 24, 30, 17, 28, 32, 9, 3, 8, 15, 5, 33, 7, 31, 11, 1,46.8226
1, 14, 32, 27, 4, 13, 16, 29, 34, 22, 26, 3, 10, 19, 23, 8, 24, 28, 25, 9, 18, 6, 21, 2, 15, 30, 17, 20, 7, 33, 12, 31, 5, 11, 1,41.5623
1, 19, 8, 30, 15, 2, 28, 27, 6, 14, 21, 10, 22, 20, 18, 16, 32, 13, 33, 26, 3, 31, 17, 23, 24, 7, 5, 34, 12, 25, 29, 4, 11, 9, 1,38.0298
1, 19, 8, 30, 15, 2, 28, 27, 6, 14, 21, 10, 22, 20, 18, 16, 32, 13, 33, 26, 3, 31, 17, 23, 24, 7, 5, 25, 34, 12, 29, 4, 11, 9, 1,36.7637
1, 19, 8, 30, 24, 5, 34, 7, 25, 11, 29, 4, 32, 20, 18, 16, 22, 13, 33, 26, 3, 23, 17, 31, 15, 2, 28, 27, 6, 14, 21, 10, 12, 9, 1,34.1865
1, 19, 6, 27, 28, 2, 15, 30, 8, 14, 21, 10, 22, 13, 18, 16, 32, 20, 33, 26, 3, 23, 17, 4, 11, 5, 31, 24, 25, 9, 7, 34, 29, 12, 1,33.559
1, 19, 14, 21, 10, 22, 20, 18, 16, 32, 13, 33, 26, 3, 23, 17, 31, 24, 8, 30, 15, 2, 28, 27, 7, 6, 4, 29, 11, 5, 25, 9, 34, 12, 1,29.5448
1, 19, 14, 21, 10, 22, 20, 28, 27, 6, 5, 34, 7, 25, 11, 29, 4, 32, 18, 16, 13, 33, 26, 9, 12, 3, 23, 17, 31, 15, 2, 8, 30, 24, 1,24.6679
1, 19, 14, 21, 10, 22, 20, 28, 27, 6, 5, 34, 7, 25, 11, 29, 4, 32, 18, 16, 13, 33, 26, 9, 12, 3, 23, 17, 31, 15, 2, 8, 30, 24, 1,24.6679
1, 19, 14, 3, 12, 9, 26, 33, 13, 16, 18, 32, 4, 29, 11, 25, 7, 34, 5, 6, 27, 28, 20, 22, 10, 21, 23, 17, 31, 15, 2, 8, 30, 24, 1,24.1297
1, 19, 14, 3, 12, 9, 26, 33, 13, 16, 18, 32, 4, 29, 11, 25, 7, 34, 5, 6, 27, 28, 20, 22, 10, 21, 23, 17, 31, 15, 2, 8, 30, 24, 1,24.1297
1, 19, 14, 21, 10, 22, 20, 28, 27, 6, 5, 34, 7, 3, 12, 9, 26, 33, 13, 16, 18, 32, 4, 29, 11, 25, 23, 17, 31, 15, 2, 8, 30, 24, 1,21.2941
1, 19, 14, 21, 10, 22, 20, 28, 27, 6, 5, 34, 7, 3, 12, 9, 26, 33, 13, 16, 18, 32, 4, 29, 11, 25, 23, 17, 31, 15, 2, 8, 30, 24, 1,21.2941
1, 19, 14, 21, 8, 10, 22, 20, 28, 27, 6, 5, 9, 34, 33, 25, 11, 29, 4, 32, 18, 16, 13, 7, 26, 12, 3, 23, 17, 31, 15, 2, 30, 24, 1,20.8203
1, 19, 14, 21, 10, 22, 20, 28, 27, 6, 5, 34, 7, 3, 33, 9, 26, 12, 13, 16, 18, 32, 4, 29, 11, 25, 23, 17, 31, 15, 2, 8, 30, 24, 1,19.0025
1, 19, 14, 21, 10, 22, 20, 28, 27, 6, 5, 34, 7, 3, 33, 9, 26, 12, 13, 16, 18, 32, 4, 29, 11, 25, 23, 17, 31, 15, 2, 8, 30, 24, 1,19.0025
1, 19, 14, 21, 10, 22, 20, 28, 27, 6, 34, 7, 3, 33, 9, 26, 12, 13, 16, 18, 32, 5, 4, 29, 11, 25, 23, 17, 31, 15, 2, 8, 30, 24, 1,17.4325
1, 19, 14, 21, 10, 22, 20, 28, 27, 6, 5, 34, 7, 3, 33, 9, 26, 12, 13, 16, 18, 32, 4, 29, 11, 25, 31, 23, 17, 15, 2, 8, 30, 24, 1,15.2646
1, 19, 14, 21, 10, 22, 20, 28, 27, 6, 5, 34, 7, 3, 33, 9, 26, 12, 13, 16, 18, 32, 4, 29, 11, 25, 31, 23, 17, 15, 2, 8, 30, 24, 1,15.2646
1, 19, 14, 21, 10, 22, 20, 28, 27, 6, 5, 34, 7, 3, 33, 9, 26, 12, 13, 16, 18, 32, 4, 29, 11, 25, 31, 23, 17, 15, 2, 8, 30, 24, 1,15.2646
1, 19, 14, 21, 10, 22, 20, 28, 27, 6, 5, 34, 7, 3, 33, 9, 26, 12, 13, 16, 18, 32, 4, 29, 11, 25, 31, 23, 17, 15, 2, 8, 30, 24, 1,15.2646
1, 19, 14, 21, 10, 22, 20, 28, 27, 6, 5, 34, 7, 3, 33, 9, 26, 12, 13, 16, 18, 32, 4, 29, 11, 25, 31, 23, 17, 15, 2, 8, 24, 30, 1,15.1638
1, 19, 14, 21, 10, 22, 20, 28, 27, 6, 5, 34, 7, 3, 33, 9, 26, 12, 13, 16, 18, 32, 4, 29, 11, 25, 31, 23, 17, 15, 2, 8, 24, 30, 1,15.1638
1, 19, 14, 21, 10, 22, 20, 28, 27, 6, 5, 34, 7, 3, 33, 9, 26, 12, 13, 16, 18, 32, 4, 29, 11, 25, 31, 23, 17, 15, 2, 8, 24, 30, 1,15.1638
1, 14, 19, 21, 10, 22, 20, 28, 27, 6, 5, 34, 7, 3, 33, 9, 26, 12, 13, 16, 18, 32, 4, 29, 11, 25, 31, 23, 17, 15, 2, 8, 24, 30, 1,15.1482
1, 19, 14, 21, 10, 22, 20, 28, 27, 6, 5, 34, 7, 3, 33, 9, 26, 12, 13, 16, 18, 32, 4, 29, 11, 25, 31, 30, 17, 15, 2, 8, 24, 23, 1,14.9961
1, 14, 19, 21, 10, 22, 20, 28, 27, 6, 5, 34, 7, 3, 33, 9, 26, 12, 13, 16, 18, 32, 4, 29, 11, 25, 31, 30, 17, 15, 2, 8, 24, 23, 1,14.9805
1, 19, 14, 21, 10, 22, 20, 28, 27, 6, 5, 34, 7, 3, 33, 9, 26, 12, 13, 16, 18, 32, 4, 29, 11, 25, 31, 30, 17, 23, 15, 2, 8, 24, 1,14.445
1, 14, 19, 21, 10, 22, 20, 28, 27, 6, 5, 34, 7, 3, 33, 9, 26, 12, 13, 16, 18, 32, 4, 29, 11, 25, 31, 30, 17, 23, 15, 2, 8, 24, 1,14.4294
1, 14, 19, 21, 10, 22, 20, 28, 27, 6, 5, 34, 7, 3, 33, 9, 26, 12, 13, 16, 18, 32, 31, 4, 29, 11, 25, 30, 17, 23, 15, 2, 8, 24, 1,13.8486
1, 14, 19, 21, 10, 22, 20, 28, 27, 6, 5, 34, 7, 3, 33, 9, 26, 12, 13, 16, 18, 32, 31, 4, 29, 11, 25, 30, 17, 23, 15, 2, 8, 24, 1,13.8486
1, 14, 19, 21, 10, 22, 20, 28, 27, 6, 5, 34, 7, 3, 33, 9, 26, 12, 13, 32, 18, 16, 31, 4, 29, 11, 25, 30, 17, 23, 15, 2, 8, 24, 1,13.6028
1, 14, 19, 21, 10, 22, 20, 28, 27, 5, 6, 34, 7, 3, 33, 9, 26, 12, 13, 16, 18, 32, 31, 4, 29, 11, 25, 30, 17, 23, 15, 2, 8, 24, 1,13.1148
1, 14, 19, 21, 10, 22, 13, 12, 26, 9, 33, 3, 7, 34, 5, 6, 27, 28, 20, 16, 18, 32, 31, 4, 29, 11, 25, 30, 17, 23, 15, 2, 8, 24, 1,11.3931
1, 14, 19, 21, 10, 22, 13, 12, 26, 9, 33, 3, 7, 34, 20, 28, 27, 5, 6, 16, 18, 32, 31, 4, 29, 11, 25, 30, 17, 23, 15, 2, 8, 24, 1,10.6522
1, 14, 19, 21, 10, 22, 13, 12, 26, 9, 33, 3, 7, 20, 28, 27, 5, 6, 32, 34, 16, 18, 31, 4, 29, 11, 25, 30, 17, 23, 15, 2, 8, 24, 1,10.3066
1, 14, 19, 21, 10, 22, 13, 12, 26, 9, 33, 3, 7, 34, 20, 28, 25, 11, 27, 5, 6, 16, 18, 32, 31, 4, 29, 30, 17, 23, 15, 2, 8, 24, 1,8.5592
1, 14, 19, 21, 10, 22, 13, 12, 26, 9, 33, 3, 7, 34, 20, 28, 27, 5, 6, 32, 16, 18, 31, 25, 11, 4, 29, 30, 17, 23, 15, 2, 8, 24, 1,7.15998
1, 14, 19, 21, 10, 22, 13, 12, 26, 9, 33, 3, 7, 34, 20, 28, 27, 5, 6, 32, 16, 18, 31, 25, 11, 4, 29, 30, 17, 23, 15, 2, 8, 24, 1,7.15998
1, 14, 19, 21, 10, 22, 13, 12, 26, 9, 33, 3, 7, 34, 20, 28, 27, 5, 6, 32, 16, 18, 31, 25, 11, 4, 29, 30, 17, 23, 15, 2, 8, 24, 1,7.15998
1, 14, 19, 21, 10, 22, 13, 12, 26, 9, 33, 3, 7, 34, 20, 28, 27, 5, 6, 32, 16, 18, 31, 25, 11, 4, 29, 30, 17, 23, 24, 15, 2, 8, 1,6.50481
1, 14, 19, 21, 10, 22, 13, 12, 26, 9, 33, 3, 7, 20, 28, 27, 5, 6, 32, 34, 16, 18, 25, 31, 11, 4, 29, 30, 17, 23, 15, 2, 24, 8, 1,6.46483
1, 14, 19, 21, 10, 22, 13, 12, 26, 9, 33, 3, 7, 34, 16, 28, 27, 5, 6, 32, 20, 18, 31, 25, 11, 4, 29, 30, 17, 23, 24, 15, 2, 8, 1,6.46032
1, 14, 19, 21, 10, 22, 13, 12, 26, 9, 33, 3, 7, 20, 28, 27, 5, 6, 32, 34, 16, 18, 25, 31, 11, 4, 29, 30, 17, 23, 24, 15, 2, 8, 1,6.20075
1, 14, 19, 21, 10, 22, 13, 12, 26, 9, 3, 7, 33, 34, 20, 28, 27, 5, 6, 32, 16, 18, 25, 31, 11, 4, 29, 30, 17, 23, 15, 2, 24, 8, 1,5.92913
1, 14, 19, 21, 10, 22, 13, 12, 26, 9, 3, 7, 33, 34, 20, 28, 27, 5, 6, 32, 16, 18, 25, 31, 11, 4, 29, 30, 17, 23, 15, 2, 24, 8, 1,5.92913
1, 24, 2, 15, 23, 17, 30, 29, 4, 11, 31, 25, 18, 16, 34, 32, 6, 5, 27, 28, 20, 7, 3, 33, 9, 26, 12, 13, 22, 10, 14, 19, 21, 8, 1,5.43175
1, 24, 2, 15, 23, 17, 30, 29, 4, 11, 31, 25, 18, 16, 34, 32, 6, 5, 27, 28, 20, 7, 3, 33, 9, 26, 12, 13, 22, 10, 14, 19, 21, 8, 1,5.43175
1, 14, 19, 21, 10, 12, 26, 22, 13, 9, 3, 7, 33, 34, 20, 28, 27, 5, 6, 32, 16, 18, 25, 31, 11, 4, 29, 30, 17, 23, 24, 15, 2, 8, 1,5.03411
1, 8, 15, 2, 24, 23, 17, 30, 29, 4, 11, 31, 25, 18, 16, 32, 6, 5, 27, 28, 20, 34, 33, 7, 3, 9, 13, 22, 26, 12, 10, 21, 19, 14, 1,5.02109
1, 14, 19, 21, 10, 12, 26, 22, 13, 9, 3, 7, 33, 34, 16, 28, 27, 5, 6, 32, 20, 18, 25, 31, 11, 4, 29, 30, 17, 23, 24, 15, 2, 8, 1,4.98962
1, 14, 19, 21, 10, 12, 26, 22, 13, 9, 3, 7, 33, 34, 16, 28, 27, 5, 6, 32, 20, 18, 25, 31, 11, 4, 29, 30, 17, 23, 24, 2, 15, 8, 1,4.9766
1, 24, 2, 15, 23, 17, 30, 29, 4, 11, 31, 25, 18, 16, 32, 6, 5, 27, 28, 20, 34, 33, 7, 3, 9, 26, 12, 13, 22, 10, 14, 19, 21, 8, 1,4.89604
1, 24, 2, 15, 23, 17, 30, 29, 4, 11, 31, 25, 18, 16, 32, 6, 5, 27, 28, 20, 34, 33, 7, 3, 9, 26, 12, 13, 22, 10, 14, 19, 21, 8, 1,4.89604
1, 2, 15, 24, 23, 17, 30, 29, 4, 11, 31, 25, 18, 20, 32, 6, 5, 27, 28, 16, 34, 33, 7, 3, 9, 13, 22, 26, 12, 10, 21, 19, 14, 8, 1,4.57623
1, 14, 19, 21, 10, 12, 26, 22, 13, 9, 3, 7, 33, 34, 16, 28, 27, 5, 6, 32, 20, 18, 25, 31, 11, 4, 29, 30, 17, 23, 24, 2, 15, 8, 1,4.9766
1, 14, 19, 21, 10, 12, 26, 22, 13, 9, 3, 7, 33, 34, 16, 28, 27, 5, 6, 32, 20, 18, 25, 31, 11, 4, 29, 30, 17, 23, 24, 2, 15, 8, 1,4.9766
1, 15, 2, 24, 23, 17, 30, 29, 4, 11, 31, 25, 18, 20, 32, 6, 5, 27, 28, 16, 34, 33, 7, 3, 9, 13, 22, 26, 12, 10, 21, 19, 14, 8, 1,4.56743
1, 15, 2, 24, 23, 17, 30, 29, 4, 11, 31, 25, 18, 20, 32, 6, 5, 27, 28, 16, 34, 33, 7, 3, 9, 13, 22, 26, 12, 10, 21, 19, 14, 8, 1,4.56743
1, 15, 2, 24, 23, 17, 30, 29, 4, 11, 31, 25, 18, 20, 32, 6, 5, 27, 28, 16, 34, 33, 7, 3, 9, 13, 22, 26, 12, 10, 21, 19, 14, 8, 1,4.56743
1, 14, 19, 21, 10, 12, 26, 22, 13, 9, 3, 7, 33, 34, 16, 28, 27, 5, 6, 32, 20, 18, 25, 31, 11, 4, 29, 17, 30, 23, 24, 2, 15, 8, 1,4.89912
1, 14, 19, 21, 10, 12, 26, 22, 13, 9, 3, 7, 33, 34, 16, 28, 27, 5, 6, 32, 20, 18, 25, 31, 11, 4, 29, 17, 30, 23, 24, 2, 15, 8, 1,4.89912
1, 14, 19, 21, 10, 12, 26, 22, 13, 9, 3, 7, 33, 34, 16, 28, 27, 5, 6, 32, 20, 18, 25, 31, 11, 4, 29, 17, 30, 23, 24, 2, 15, 8, 1,4.89912
1, 14, 19, 21, 10, 12, 26, 22, 13, 9, 3, 7, 33, 34, 16, 28, 27, 5, 6, 32, 20, 18, 25, 31, 11, 4, 17, 29, 30, 23, 24, 2, 15, 8, 1,4.74737
1, 14, 19, 21, 10, 12, 26, 22, 13, 9, 3, 7, 33, 34, 16, 28, 27, 5, 6, 32, 20, 18, 25, 31, 11, 4, 17, 29, 30, 23, 24, 2, 15, 8, 1,4.74737
1, 14, 19, 21, 10, 12, 26, 22, 13, 9, 3, 7, 33, 34, 16, 28, 27, 5, 6, 32, 20, 18, 25, 31, 11, 4, 17, 29, 30, 23, 24, 2, 15, 8, 1,4.74737
1, 14, 19, 21, 10, 12, 26, 22, 13, 9, 3, 7, 33, 34, 16, 28, 27, 5, 6, 32, 20, 18, 25, 31, 11, 4, 17, 29, 30, 23, 24, 2, 15, 8, 1,4.74737
1, 14, 21, 19, 10, 12, 26, 22, 13, 9, 3, 7, 33, 34, 16, 28, 27, 5, 6, 32, 20, 18, 25, 31, 11, 4, 17, 29, 30, 23, 24, 2, 15, 8, 1,4.37524
1, 14, 21, 19, 10, 12, 26, 22, 13, 9, 3, 7, 33, 34, 16, 28, 27, 5, 6, 32, 20, 18, 25, 31, 11, 4, 17, 29, 30, 23, 24, 2, 15, 8, 1,4.37524
1, 14, 21, 19, 10, 12, 26, 22, 13, 9, 3, 7, 33, 34, 16, 28, 27, 5, 6, 32, 20, 18, 25, 31, 11, 4, 17, 29, 30, 23, 24, 2, 15, 8, 1,4.37524
1, 14, 21, 19, 10, 12, 26, 22, 13, 9, 3, 7, 33, 34, 16, 28, 27, 5, 6, 32, 20, 18, 25, 31, 11, 4, 17, 29, 30, 23, 24, 2, 15, 8, 1,4.37524
1, 14, 21, 19, 10, 12, 26, 22, 13, 9, 3, 7, 33, 20, 18, 28, 27, 5, 6, 32, 34, 16, 25, 31, 11, 4, 17, 29, 30, 23, 24, 2, 15, 8, 1,4.37047
1, 14, 21, 19, 10, 12, 26, 22, 13, 9, 3, 7, 33, 20, 18, 28, 27, 5, 6, 32, 34, 16, 25, 31, 11, 4, 17, 29, 30, 23, 24, 2, 15, 8, 1,4.37047
1, 14, 21, 19, 10, 12, 26, 22, 13, 9, 3, 7, 33, 20, 18, 28, 27, 5, 6, 32, 34, 16, 25, 31, 11, 4, 17, 29, 30, 23, 24, 2, 15, 8, 1,4.37047
1, 14, 21, 19, 10, 12, 26, 22, 13, 9, 3, 7, 33, 20, 18, 28, 27, 5, 6, 32, 34, 16, 25, 31, 11, 4, 17, 29, 30, 23, 24, 2, 15, 8, 1,4.37047
1, 14, 21, 19, 10, 12, 26, 22, 13, 9, 3, 7, 33, 20, 18, 28, 27, 5, 6, 32, 34, 16, 25, 31, 11, 4, 17, 29, 30, 23, 24, 2, 15, 8, 1,4.37047
1, 14, 21, 19, 10, 12, 26, 22, 13, 9, 3, 7, 33, 20, 18, 28, 27, 5, 6, 32, 34, 16, 25, 31, 11, 4, 17, 29, 30, 23, 24, 2, 15, 8, 1,4.37047
1, 14, 21, 19, 10, 12, 26, 22, 13, 9, 3, 7, 33, 32, 34, 16, 25, 5, 6, 20, 18, 28, 27, 31, 11, 4, 17, 29, 30, 23, 24, 2, 15, 8, 1,4.35843
1, 14, 21, 19, 10, 12, 26, 22, 13, 9, 3, 7, 33, 32, 34, 16, 20, 6, 5, 25, 18, 28, 27, 31, 11, 4, 17, 29, 30, 23, 24, 2, 15, 8, 1,4.17397
1, 14, 21, 19, 10, 12, 26, 22, 13, 9, 3, 7, 33, 32, 20, 34, 16, 6, 5, 25, 18, 28, 27, 31, 11, 4, 17, 29, 30, 23, 24, 2, 15, 8, 1,4.16398
1, 14, 21, 19, 10, 12, 26, 22, 13, 9, 3, 7, 33, 32, 20, 34, 16, 6, 5, 25, 18, 28, 27, 31, 11, 4, 17, 29, 30, 23, 24, 2, 15, 8, 1,4.16398
1, 14, 21, 19, 10, 12, 26, 22, 13, 7, 3, 9, 33, 32, 34, 16, 20, 6, 5, 25, 18, 28, 27, 31, 11, 4, 17, 29, 30, 23, 24, 2, 15, 8, 1,3.58842
1, 8, 14, 21, 19, 10, 12, 26, 22, 13, 7, 3, 9, 33, 32, 34, 16, 20, 6, 5, 25, 18, 28, 27, 31, 11, 4, 17, 29, 30, 23, 24, 2, 15, 1,3.17925
1, 14, 21, 19, 10, 12, 26, 22, 13, 7, 3, 9, 33, 32, 34, 16, 20, 6, 5, 25, 18, 28, 27, 31, 11, 4, 17, 29, 30, 23, 24, 2, 15, 8, 1,3.58842
1, 15, 8, 14, 21, 19, 10, 12, 26, 22, 13, 7, 3, 9, 33, 32, 34, 16, 20, 6, 5, 25, 18, 28, 27, 31, 11, 4, 17, 29, 30, 23, 24, 2, 1,3.47554
1, 15, 8, 14, 21, 19, 10, 12, 26, 22, 13, 7, 3, 9, 33, 32, 34, 16, 20, 6, 5, 25, 18, 28, 27, 31, 11, 4, 17, 29, 30, 23, 24, 2, 1,3.47554
1, 15, 8, 14, 21, 19, 10, 12, 26, 22, 13, 7, 3, 9, 33, 32, 34, 16, 20, 6, 5, 25, 18, 28, 27, 31, 11, 4, 17, 29, 30, 23, 24, 2, 1,3.47554
1, 2, 24, 23, 30, 29, 17, 4, 11, 31, 27, 28, 18, 25, 5, 6, 20, 16, 34, 32, 33, 9, 3, 7, 13, 22, 26, 12, 10, 19, 21, 14, 8, 15, 1,3.47554
1, 15, 8, 14, 21, 19, 10, 12, 26, 22, 13, 7, 3, 9, 33, 32, 34, 16, 20, 6, 5, 25, 18, 28, 27, 31, 11, 4, 17, 29, 30, 23, 24, 2, 1,3.47554
1, 15, 8, 14, 21, 19, 10, 12, 26, 22, 13, 7, 3, 9, 33, 32, 34, 16, 20, 6, 5, 25, 18, 28, 27, 31, 11, 4, 17, 29, 30, 23, 24, 2, 1,3.47554
1, 8, 14, 21, 19, 10, 12, 26, 22, 13, 7, 3, 9, 33, 32, 34, 16, 20, 6, 5, 25, 18, 28, 27, 31, 11, 4, 17, 29, 30, 23, 24, 2, 15, 1,3.17925
1, 2, 24, 23, 30, 29, 17, 4, 11, 31, 27, 28, 18, 25, 5, 6, 20, 16, 34, 32, 33, 9, 3, 7, 13, 22, 26, 12, 10, 19, 21, 14, 8, 15, 1,3.47554
1, 15, 8, 21, 14, 19, 10, 12, 26, 22, 13, 7, 3, 9, 33, 32, 34, 16, 20, 6, 5, 25, 18, 28, 27, 31, 11, 4, 17, 29, 30, 23, 24, 2, 1,3.24244
1, 15, 8, 21, 14, 19, 10, 12, 26, 22, 13, 7, 3, 9, 33, 32, 34, 16, 20, 6, 5, 25, 18, 28, 27, 31, 11, 4, 17, 29, 30, 23, 24, 2, 1,3.24244
1, 15, 8, 21, 14, 19, 10, 12, 26, 22, 13, 7, 3, 9, 33, 32, 34, 16, 20, 6, 5, 25, 18, 28, 27, 31, 11, 4, 17, 29, 30, 23, 24, 2, 1,3.24244
1, 15, 8, 21, 14, 19, 10, 12, 26, 22, 13, 7, 3, 9, 33, 32, 34, 16, 20, 6, 5, 25, 18, 28, 27, 31, 11, 4, 17, 29, 30, 23, 24, 2, 1,3.24244
1, 15, 8, 21, 14, 19, 10, 12, 26, 22, 13, 7, 3, 9, 33, 32, 34, 16, 20, 6, 5, 25, 18, 28, 27, 31, 11, 4, 17, 29, 30, 23, 24, 2, 1,3.24244
1, 15, 8, 21, 14, 19, 10, 12, 26, 22, 13, 7, 3, 9, 34, 32, 33, 16, 20, 6, 18, 25, 5, 28, 27, 31, 11, 4, 17, 29, 30, 23, 24, 2, 1,3.06799
1, 15, 8, 21, 14, 19, 10, 12, 26, 22, 13, 7, 3, 9, 34, 32, 33, 16, 20, 6, 18, 25, 5, 28, 27, 31, 11, 4, 17, 29, 30, 23, 24, 2, 1,3.06799
1, 15, 8, 21, 14, 19, 10, 12, 26, 22, 13, 7, 3, 9, 34, 32, 33, 16, 20, 6, 18, 25, 5, 28, 27, 31, 11, 4, 17, 29, 30, 23, 24, 2, 1,3.06799
1, 15, 8, 21, 14, 19, 10, 12, 13, 22, 26, 7, 3, 9, 33, 32, 34, 16, 20, 6, 5, 25, 18, 28, 27, 31, 11, 4, 17, 29, 30, 23, 24, 2, 1,3.04081
1, 15, 8, 21, 14, 19, 10, 12, 26, 22, 13, 7, 3, 9, 34, 32, 33, 16, 20, 6, 18, 25, 5, 28, 27, 31, 11, 4, 17, 29, 30, 23, 24, 2, 1,3.06799
1, 15, 8, 21, 14, 19, 10, 12, 26, 22, 13, 7, 3, 9, 33, 34, 32, 16, 20, 6, 18, 25, 5, 28, 27, 31, 11, 4, 17, 29, 30, 23, 24, 2, 1,2.84805
1, 15, 8, 21, 14, 19, 10, 12, 26, 22, 13, 7, 3, 9, 33, 34, 32, 16, 20, 6, 18, 25, 5, 28, 27, 31, 11, 4, 17, 29, 30, 23, 24, 2, 1,2.84805
1, 21, 14, 19, 10, 12, 26, 22, 13, 7, 3, 9, 34, 33, 32, 16, 20, 6, 18, 25, 5, 28, 27, 31, 11, 4, 17, 29, 30, 23, 24, 2, 15, 8, 1,3.04494
1, 15, 8, 21, 14, 19, 10, 12, 26, 22, 13, 7, 3, 9, 34, 33, 32, 16, 20, 6, 18, 25, 5, 28, 27, 31, 11, 4, 17, 29, 30, 23, 24, 2, 1,3.04805
1, 15, 2, 24, 23, 30, 29, 17, 4, 11, 31, 27, 28, 5, 25, 18, 6, 20, 16, 33, 32, 34, 9, 3, 7, 13, 22, 26, 12, 10, 19, 14, 21, 8, 1,2.7717
1, 15, 2, 24, 23, 30, 29, 17, 4, 11, 31, 27, 28, 5, 25, 18, 6, 20, 16, 33, 32, 34, 9, 3, 7, 13, 22, 26, 12, 10, 19, 14, 21, 8, 1,2.7717
1, 15, 2, 24, 23, 30, 29, 17, 4, 11, 31, 27, 28, 5, 25, 18, 6, 20, 16, 33, 32, 34, 9, 3, 7, 13, 22, 26, 12, 10, 19, 14, 8, 21, 1,2.93988
1, 15, 8, 21, 14, 19, 10, 12, 26, 22, 13, 3, 7, 9, 34, 33, 32, 16, 20, 6, 18, 25, 5, 28, 27, 31, 11, 4, 17, 29, 30, 23, 24, 2, 1,2.82044
1, 15, 8, 21, 14, 19, 10, 12, 26, 22, 13, 3, 7, 9, 34, 33, 32, 16, 20, 6, 18, 25, 5, 28, 27, 31, 11, 4, 17, 29, 30, 23, 24, 2, 1,2.82044
1, 15, 8, 21, 14, 19, 10, 12, 26, 22, 13, 3, 7, 9, 34, 33, 32, 16, 20, 6, 18, 25, 5, 28, 27, 31, 11, 4, 17, 29, 30, 23, 24, 2, 1,2.82044
1, 15, 8, 21, 14, 19, 10, 12, 26, 22, 13, 3, 7, 9, 34, 33, 32, 16, 20, 6, 18, 25, 5, 28, 27, 31, 11, 4, 17, 29, 30, 23, 24, 2, 1,2.82044
1, 8, 21, 14, 19, 10, 12, 26, 22, 13, 3, 7, 9, 34, 33, 32, 16, 20, 6, 18, 25, 5, 28, 27, 31, 11, 4, 17, 29, 30, 23, 24, 2, 15, 1,2.52415
1, 8, 21, 14, 19, 10, 12, 26, 22, 13, 3, 7, 9, 34, 33, 32, 16, 20, 6, 18, 25, 5, 28, 27, 31, 11, 4, 17, 29, 30, 23, 24, 2, 15, 1,2.52415
1, 15, 8, 21, 14, 19, 10, 12, 26, 22, 13, 3, 7, 9, 34, 33, 32, 16, 20, 6, 18, 25, 27, 28, 5, 31, 11, 4, 17, 29, 30, 23, 24, 2, 1,2.81702
1, 15, 8, 21, 14, 19, 10, 12, 26, 22, 13, 3, 7, 9, 34, 33, 32, 16, 20, 6, 18, 25, 27, 28, 5, 31, 11, 4, 17, 29, 30, 23, 24, 2, 1,2.81702
1, 15, 2, 24, 23, 30, 29, 17, 4, 11, 31, 5, 28, 27, 25, 18, 6, 20, 16, 32, 33, 34, 9, 7, 3, 13, 22, 26, 12, 10, 19, 14, 21, 8, 1,2.52073
1, 15, 2, 24, 23, 30, 29, 17, 4, 11, 31, 5, 28, 27, 25, 18, 6, 20, 16, 32, 33, 34, 9, 7, 3, 13, 22, 26, 12, 10, 19, 14, 21, 8, 1,2.52073
1, 15, 2, 24, 23, 30, 29, 17, 4, 11, 31, 5, 28, 27, 25, 18, 6, 20, 16, 32, 33, 34, 9, 7, 3, 13, 22, 26, 12, 10, 19, 14, 21, 8, 1,2.52073
1, 15, 2, 24, 23, 30, 29, 17, 4, 11, 31, 5, 28, 27, 25, 18, 6, 20, 16, 32, 33, 34, 9, 7, 3, 13, 22, 26, 12, 10, 19, 14, 21, 8, 1,2.52073
1, 15, 8, 21, 14, 19, 10, 12, 26, 22, 13, 3, 7, 9, 20, 33, 32, 16, 34, 6, 18, 25, 27, 28, 5, 31, 11, 4, 17, 29, 30, 23, 24, 2, 1,2.79014
1, 15, 8, 21, 14, 19, 10, 12, 26, 22, 13, 3, 7, 9, 20, 33, 32, 16, 34, 6, 18, 25, 27, 28, 5, 31, 11, 4, 17, 29, 30, 23, 24, 2, 1,2.79014
1, 15, 8, 21, 14, 19, 10, 12, 26, 22, 13, 3, 7, 9, 20, 33, 32, 16, 34, 6, 18, 25, 27, 28, 5, 31, 11, 4, 17, 29, 30, 23, 24, 2, 1,2.79014
1, 15, 8, 21, 14, 19, 10, 12, 26, 22, 13, 3, 7, 9, 20, 33, 32, 34, 16, 6, 18, 25, 28, 27, 5, 31, 11, 4, 17, 29, 30, 23, 24, 2, 1,2.76263
1, 15, 2, 24, 23, 30, 29, 17, 4, 11, 31, 5, 28, 27, 25, 18, 6, 34, 16, 32, 33, 20, 9, 7, 3, 13, 22, 26, 12, 10, 19, 14, 21, 8, 1,2.49385
1, 15, 2, 24, 23, 30, 29, 17, 4, 11, 31, 5, 27, 28, 25, 18, 6, 16, 34, 32, 33, 20, 9, 7, 3, 13, 22, 26, 12, 10, 19, 14, 21, 8, 1,2.46634
1, 15, 2, 24, 23, 30, 29, 17, 4, 11, 31, 5, 28, 27, 25, 18, 6, 34, 16, 32, 33, 20, 9, 7, 3, 13, 22, 26, 12, 10, 19, 14, 21, 8, 1,2.49385
1, 15, 8, 21, 14, 19, 10, 12, 26, 22, 13, 3, 7, 9, 20, 33, 32, 34, 16, 6, 18, 25, 28, 27, 5, 31, 11, 4, 17, 29, 30, 23, 24, 2, 1,2.76263
1, 15, 8, 21, 14, 19, 10, 12, 26, 22, 13, 3, 7, 9, 20, 33, 32, 34, 16, 6, 18, 28, 25, 27, 5, 31, 11, 4, 17, 29, 30, 23, 24, 2, 1,2.75726
1, 15, 2, 24, 23, 30, 29, 17, 4, 11, 31, 5, 27, 28, 25, 18, 6, 16, 34, 32, 33, 20, 9, 7, 3, 13, 22, 26, 12, 10, 19, 14, 21, 8, 1,2.46634
1, 15, 8, 21, 14, 19, 10, 12, 26, 22, 13, 3, 7, 9, 33, 20, 32, 34, 16, 6, 18, 25, 28, 27, 5, 31, 11, 4, 17, 29, 30, 23, 24, 2, 1,2.57729
1, 15, 8, 21, 14, 19, 10, 12, 26, 22, 13, 3, 7, 9, 33, 20, 32, 34, 16, 6, 18, 25, 28, 27, 5, 31, 11, 4, 17, 29, 30, 23, 24, 2, 1,2.57729
1, 15, 8, 21, 14, 19, 10, 12, 26, 22, 13, 3, 7, 9, 20, 33, 32, 34, 16, 6, 18, 28, 25, 27, 5, 31, 11, 4, 17, 29, 30, 23, 24, 2, 1,2.75726
1, 15, 8, 21, 14, 19, 10, 12, 26, 22, 13, 3, 7, 9, 20, 33, 32, 34, 16, 6, 18, 28, 25, 27, 5, 31, 11, 4, 17, 29, 30, 23, 24, 2, 1,2.75726
1, 15, 8, 21, 14, 19, 10, 12, 26, 22, 13, 3, 7, 9, 20, 33, 32, 34, 16, 6, 18, 28, 25, 27, 5, 31, 11, 4, 17, 29, 30, 23, 24, 2, 1,2.75726
1, 15, 8, 21, 14, 19, 10, 12, 26, 22, 13, 3, 7, 9, 20, 33, 32, 34, 16, 6, 18, 28, 25, 27, 5, 31, 11, 4, 17, 29, 30, 23, 24, 2, 1,2.75726
1, 15, 8, 21, 14, 19, 10, 12, 26, 22, 13, 3, 7, 9, 20, 33, 32, 34, 16, 6, 18, 28, 25, 27, 5, 31, 11, 4, 17, 29, 30, 23, 24, 2, 1,2.75726
1, 15, 2, 24, 23, 30, 29, 17, 4, 11, 31, 5, 27, 25, 28, 18, 6, 16, 34, 32, 33, 20, 9, 7, 3, 13, 22, 26, 12, 10, 19, 14, 21, 8, 1,2.46097
1, 15, 8, 21, 14, 19, 10, 12, 26, 22, 13, 3, 7, 9, 20, 33, 32, 34, 16, 6, 18, 28, 25, 27, 5, 31, 11, 4, 17, 29, 30, 23, 24, 2, 1,2.75726
1, 15, 8, 21, 14, 19, 10, 12, 26, 22, 13, 3, 7, 9, 20, 33, 32, 34, 16, 6, 18, 28, 25, 27, 5, 31, 11, 4, 17, 29, 30, 23, 24, 2, 1,2.75726
1, 15, 8, 21, 14, 19, 10, 12, 26, 22, 13, 3, 7, 9, 20, 33, 32, 34, 16, 6, 18, 28, 25, 27, 5, 31, 11, 4, 17, 29, 30, 23, 24, 2, 1,2.75726
1, 15, 8, 21, 14, 19, 10, 12, 26, 22, 13, 3, 7, 9, 20, 33, 32, 34, 16, 6, 18, 28, 25, 27, 5, 31, 11, 4, 17, 29, 30, 23, 24, 2, 1,2.75726
1, 15, 8, 21, 14, 19, 10, 12, 26, 22, 13, 3, 7, 9, 20, 33, 32, 34, 16, 6, 18, 28, 25, 27, 5, 31, 11, 4, 17, 29, 30, 23, 24, 2, 1,2.75726
1, 15, 8, 21, 14, 19, 10, 12, 26, 22, 13, 3, 7, 9, 20, 33, 32, 34, 16, 6, 18, 28, 25, 27, 5, 31, 11, 4, 17, 29, 30, 23, 24, 2, 1,2.75726
1, 15, 8, 21, 14, 19, 10, 12, 26, 22, 13, 3, 7, 9, 20, 33, 32, 34, 16, 6, 18, 28, 25, 27, 5, 31, 11, 4, 17, 29, 30, 23, 24, 2, 1,2.75726
1, 15, 8, 21, 14, 19, 10, 12, 26, 22, 13, 3, 7, 9, 20, 33, 32, 34, 16, 6, 18, 28, 25, 27, 5, 31, 11, 4, 17, 29, 30, 23, 24, 2, 1,2.75726
1, 15, 8, 21, 14, 19, 10, 12, 26, 22, 13, 3, 7, 9, 20, 33, 32, 34, 16, 6, 18, 28, 25, 27, 5, 31, 11, 4, 17, 29, 30, 23, 24, 2, 1,2.75726
1, 15, 2, 24, 23, 30, 29, 17, 4, 11, 31, 5, 27, 25, 28, 18, 6, 16, 34, 32, 33, 20, 9, 7, 3, 13, 22, 26, 12, 10, 19, 14, 21, 8, 1,2.46097
1, 15, 8, 21, 14, 19, 10, 12, 26, 22, 13, 3, 7, 9, 20, 33, 32, 34, 16, 6, 18, 28, 25, 27, 5, 31, 11, 4, 17, 29, 30, 23, 24, 2, 1,2.75726
1, 15, 2, 24, 23, 30, 29, 17, 4, 11, 31, 5, 27, 25, 28, 18, 6, 16, 34, 32, 33, 20, 9, 7, 3, 13, 22, 26, 12, 10, 19, 14, 21, 8, 1,2.46097
1, 15, 2, 24, 23, 30, 29, 17, 4, 11, 31, 5, 27, 25, 28, 18, 6, 16, 34, 32, 33, 20, 9, 7, 3, 13, 22, 26, 12, 10, 19, 14, 21, 8, 1,2.46097
1, 15, 8, 21, 14, 19, 10, 12, 26, 13, 22, 3, 7, 9, 20, 33, 32, 34, 16, 6, 18, 28, 25, 27, 5, 31, 11, 4, 17, 29, 30, 23, 24, 2, 1,2.7132
1, 15, 8, 21, 14, 19, 10, 12, 26, 13, 22, 3, 7, 9, 20, 33, 32, 34, 16, 6, 18, 28, 25, 27, 5, 31, 11, 4, 17, 29, 30, 23, 24, 2, 1,2.7132
1, 15, 8, 21, 14, 19, 10, 12, 26, 13, 22, 3, 7, 9, 20, 33, 32, 34, 16, 6, 18, 28, 25, 27, 5, 31, 11, 4, 17, 29, 30, 23, 24, 2, 1,2.7132
1, 15, 8, 21, 14, 19, 10, 12, 26, 13, 22, 3, 7, 9, 20, 33, 32, 34, 16, 6, 18, 28, 25, 27, 5, 31, 11, 4, 17, 29, 30, 23, 24, 2, 1,2.7132
1, 15, 8, 21, 14, 19, 10, 12, 26, 13, 22, 3, 7, 9, 20, 33, 32, 34, 16, 6, 18, 28, 25, 27, 5, 31, 11, 4, 17, 29, 30, 23, 24, 2, 1,2.7132
1, 15, 8, 21, 14, 19, 10, 12, 13, 26, 22, 3, 7, 9, 20, 33, 32, 34, 16, 6, 18, 28, 25, 27, 5, 31, 11, 4, 17, 29, 30, 23, 24, 2, 1,2.58755
1, 15, 8, 21, 14, 19, 10, 12, 13, 26, 22, 3, 7, 9, 20, 33, 32, 34, 16, 6, 18, 28, 25, 27, 5, 31, 11, 4, 17, 29, 30, 23, 24, 2, 1,2.58755
1, 15, 8, 21, 14, 19, 10, 12, 13, 26, 22, 3, 7, 9, 20, 33, 32, 34, 16, 6, 18, 28, 25, 27, 5, 31, 11, 4, 17, 29, 30, 23, 24, 2, 1,2.58755
1, 15, 8, 21, 14, 19, 10, 12, 13, 26, 22, 3, 7, 9, 20, 33, 32, 34, 16, 6, 18, 28, 25, 27, 5, 31, 11, 4, 17, 29, 30, 23, 24, 2, 1,2.58755
1, 15, 8, 21, 14, 19, 10, 12, 13, 26, 22, 3, 7, 9, 20, 33, 32, 34, 16, 6, 18, 28, 25, 27, 5, 31, 11, 4, 17, 29, 30, 23, 24, 2, 1,2.58755
1, 21, 14, 19, 10, 12, 13, 26, 22, 3, 7, 9, 20, 33, 32, 34, 16, 6, 18, 28, 25, 27, 5, 31, 11, 4, 17, 29, 30, 23, 24, 2, 15, 8, 1,2.58444
1, 15, 8, 21, 14, 19, 10, 12, 13, 26, 22, 3, 7, 9, 20, 33, 32, 34, 16, 6, 18, 28, 25, 27, 5, 31, 11, 4, 17, 29, 30, 23, 24, 2, 1,2.58755
1, 15, 8, 21, 14, 19, 10, 12, 13, 26, 22, 3, 7, 9, 20, 33, 32, 34, 16, 6, 18, 28, 25, 27, 5, 31, 11, 4, 17, 29, 30, 23, 24, 2, 1,2.58755
1, 8, 21, 14, 19, 10, 12, 13, 26, 22, 3, 7, 9, 20, 33, 32, 34, 16, 6, 18, 28, 25, 27, 5, 31, 11, 4, 17, 29, 30, 23, 24, 2, 15, 1,2.29126
1, 15, 8, 21, 14, 19, 10, 12, 13, 26, 22, 3, 7, 9, 20, 33, 32, 34, 16, 6, 18, 28, 25, 27, 5, 31, 11, 4, 17, 29, 30, 23, 24, 2, 1,2.58755
1, 15, 8, 21, 14, 19, 10, 12, 13, 26, 22, 3, 7, 9, 20, 33, 32, 34, 16, 6, 18, 28, 25, 27, 5, 31, 11, 4, 17, 29, 30, 23, 24, 2, 1,2.58755
1, 15, 8, 21, 14, 19, 10, 12, 13, 26, 22, 3, 7, 9, 20, 33, 32, 34, 16, 6, 18, 28, 25, 27, 5, 31, 11, 4, 17, 29, 30, 23, 24, 2, 1,2.58755
1, 15, 8, 21, 14, 19, 10, 12, 13, 26, 22, 3, 7, 9, 20, 33, 32, 34, 16, 6, 18, 28, 25, 27, 5, 31, 11, 4, 17, 29, 30, 23, 24, 2, 1,2.58755
1, 15, 8, 21, 14, 19, 10, 12, 13, 26, 22, 3, 7, 9, 20, 33, 32, 34, 16, 6, 18, 28, 25, 27, 5, 31, 11, 4, 17, 29, 30, 23, 24, 2, 1,2.58755
1, 15, 8, 21, 14, 19, 10, 12, 13, 26, 22, 3, 7, 9, 20, 33, 32, 34, 16, 6, 18, 28, 25, 27, 5, 31, 11, 4, 17, 29, 30, 23, 24, 2, 1,2.58755
1, 15, 8, 21, 14, 19, 10, 12, 13, 26, 22, 3, 7, 9, 20, 33, 32, 34, 16, 6, 18, 28, 25, 27, 5, 31, 11, 4, 17, 29, 30, 23, 24, 2, 1,2.58755
1, 15, 8, 21, 14, 19, 10, 12, 13, 26, 22, 3, 7, 9, 20, 33, 32, 34, 16, 6, 18, 28, 25, 27, 5, 31, 11, 4, 17, 29, 30, 23, 24, 2, 1,2.58755
1, 15, 8, 21, 14, 19, 10, 12, 13, 26, 22, 3, 7, 9, 20, 33, 32, 34, 16, 6, 18, 28, 25, 27, 5, 31, 11, 4, 17, 29, 30, 23, 24, 2, 1,2.58755
1, 15, 8, 21, 14, 19, 10, 12, 13, 26, 22, 3, 7, 9, 20, 33, 32, 34, 16, 6, 18, 28, 25, 27, 5, 31, 11, 4, 17, 29, 30, 23, 24, 2, 1,2.58755
1, 15, 8, 21, 14, 19, 10, 12, 13, 26, 22, 3, 7, 9, 20, 33, 32, 34, 16, 6, 18, 28, 25, 27, 5, 31, 11, 4, 17, 29, 30, 23, 24, 2, 1,2.58755
1, 15, 2, 24, 23, 30, 29, 17, 4, 11, 31, 5, 27, 25, 28, 18, 6, 16, 34, 32, 33, 20, 9, 7, 3, 22, 26, 13, 12, 10, 19, 14, 21, 8, 1,2.29126
1, 15, 8, 21, 14, 19, 10, 12, 13, 26, 22, 3, 7, 9, 20, 33, 32, 34, 16, 6, 18, 28, 25, 27, 5, 31, 11, 4, 17, 29, 30, 23, 24, 2, 1,2.58755
1, 15, 8, 21, 14, 19, 10, 12, 13, 26, 22, 3, 7, 9, 20, 33, 32, 34, 16, 6, 18, 28, 25, 27, 5, 31, 11, 4, 17, 29, 30, 23, 24, 2, 1,2.58755
1, 15, 8, 21, 14, 19, 10, 12, 13, 26, 22, 3, 7, 9, 20, 33, 32, 34, 16, 6, 18, 28, 25, 27, 5, 31, 11, 4, 17, 29, 30, 23, 24, 2, 1,2.58755
1, 15, 8, 21, 14, 19, 10, 12, 13, 26, 22, 3, 7, 9, 20, 33, 32, 34, 16, 6, 18, 28, 25, 27, 5, 31, 11, 4, 17, 29, 30, 23, 24, 2, 1,2.58755
1, 15, 8, 21, 14, 19, 10, 12, 13, 26, 22, 3, 7, 9, 20, 33, 32, 34, 16, 6, 18, 28, 25, 27, 5, 31, 11, 4, 17, 29, 30, 23, 24, 2, 1,2.58755
1, 15, 8, 21, 14, 19, 10, 12, 13, 26, 22, 3, 7, 9, 20, 33, 32, 34, 16, 6, 18, 28, 25, 27, 5, 31, 11, 4, 17, 29, 30, 23, 24, 2, 1,2.58755
1, 15, 8, 21, 14, 19, 10, 12, 13, 26, 22, 3, 7, 9, 20, 33, 32, 34, 16, 6, 18, 28, 25, 27, 5, 31, 11, 4, 17, 29, 30, 23, 24, 2, 1,2.58755
1, 15, 8, 21, 14, 19, 10, 12, 13, 26, 22, 3, 7, 9, 20, 33, 32, 34, 16, 6, 18, 28, 25, 27, 5, 31, 11, 4, 17, 29, 30, 23, 24, 2, 1,2.58755
1, 15, 8, 21, 14, 19, 10, 12, 13, 26, 22, 3, 7, 9, 20, 33, 32, 34, 16, 6, 18, 28, 25, 27, 5, 31, 11, 4, 17, 29, 30, 23, 24, 2, 1,2.58755
1, 15, 8, 21, 14, 19, 10, 12, 13, 26, 22, 3, 7, 9, 20, 33, 32, 34, 16, 6, 18, 28, 25, 27, 5, 31, 11, 4, 17, 29, 30, 23, 24, 2, 1,2.58755
1, 8, 21, 14, 19, 10, 12, 13, 26, 22, 3, 7, 9, 20, 33, 32, 34, 16, 6, 18, 28, 25, 27, 5, 31, 11, 4, 17, 29, 30, 23, 24, 2, 15, 1,2.29126
1, 8, 21, 14, 19, 10, 12, 13, 26, 22, 3, 7, 9, 20, 33, 32, 34, 16, 6, 18, 28, 25, 27, 5, 31, 11, 4, 17, 29, 30, 23, 24, 2, 15, 1,2.29126
1, 8, 21, 14, 19, 10, 12, 13, 26, 22, 3, 7, 9, 20, 33, 32, 34, 16, 6, 18, 28, 25, 27, 5, 31, 11, 4, 17, 29, 30, 23, 24, 2, 15, 1,2.29126
1, 8, 21, 14, 19, 10, 12, 13, 26, 22, 3, 7, 9, 20, 33, 32, 34, 16, 6, 18, 28, 25, 27, 5, 31, 11, 4, 17, 29, 30, 23, 24, 2, 15, 1,2.29126
1, 8, 21, 14, 19, 10, 12, 13, 26, 22, 3, 7, 9, 20, 33, 32, 34, 16, 6, 18, 28, 25, 27, 5, 31, 11, 4, 17, 29, 30, 23, 24, 2, 15, 1,2.29126
1, 15, 8, 21, 14, 19, 10, 12, 13, 26, 22, 3, 7, 9, 32, 33, 20, 34, 16, 6, 18, 28, 25, 27, 5, 31, 11, 4, 17, 29, 30, 23, 24, 2, 1,2.57752
1, 15, 8, 21, 14, 19, 10, 12, 13, 26, 22, 3, 7, 9, 32, 33, 20, 34, 16, 6, 18, 28, 25, 27, 5, 31, 11, 4, 17, 29, 30, 23, 24, 2, 1,2.57752
1, 15, 8, 21, 14, 19, 10, 12, 13, 26, 22, 3, 7, 9, 32, 33, 20, 34, 16, 6, 18, 28, 25, 27, 5, 31, 11, 4, 17, 29, 30, 23, 24, 2, 1,2.57752
1, 15, 8, 21, 14, 19, 10, 12, 13, 26, 22, 3, 7, 9, 32, 33, 20, 34, 16, 6, 18, 28, 25, 27, 5, 31, 11, 4, 17, 29, 30, 23, 24, 2, 1,2.57752
1, 8, 21, 14, 19, 10, 12, 13, 26, 22, 3, 7, 9, 32, 33, 20, 34, 16, 6, 18, 28, 25, 27, 5, 31, 11, 4, 17, 29, 30, 23, 24, 15, 2, 1,2.29002
1, 15, 8, 21, 14, 19, 10, 12, 13, 26, 22, 3, 7, 9, 32, 33, 20, 34, 16, 6, 18, 28, 25, 27, 5, 31, 11, 4, 17, 29, 30, 23, 24, 2, 1,2.57752
1, 15, 8, 21, 14, 19, 10, 12, 13, 26, 22, 3, 7, 9, 32, 33, 20, 34, 16, 6, 18, 28, 25, 27, 5, 31, 11, 4, 17, 29, 30, 23, 24, 2, 1,2.57752
1, 15, 8, 21, 14, 19, 10, 12, 13, 26, 22, 3, 7, 9, 32, 33, 20, 34, 16, 6, 18, 28, 25, 27, 5, 31, 11, 4, 17, 29, 30, 23, 24, 2, 1,2.57752
1, 15, 8, 21, 14, 19, 10, 12, 13, 26, 22, 3, 7, 9, 32, 33, 20, 34, 16, 6, 18, 28, 25, 27, 5, 31, 11, 4, 17, 29, 30, 23, 24, 2, 1,2.57752
1, 15, 8, 21, 14, 19, 10, 12, 13, 26, 22, 3, 7, 9, 32, 33, 20, 34, 16, 6, 18, 28, 25, 27, 5, 31, 11, 4, 17, 29, 30, 23, 24, 2, 1,2.57752
1, 15, 8, 21, 14, 19, 10, 12, 13, 26, 22, 3, 7, 9, 32, 33, 20, 34, 16, 6, 18, 28, 25, 27, 5, 31, 11, 4, 17, 29, 30, 23, 24, 2, 1,2.57752
1, 15, 8, 21, 14, 19, 10, 12, 13, 26, 22, 3, 7, 9, 32, 33, 20, 34, 16, 6, 18, 28, 25, 27, 5, 31, 11, 4, 17, 29, 30, 23, 24, 2, 1,2.57752
1, 15, 8, 21, 14, 19, 10, 12, 13, 26, 22, 3, 7, 9, 32, 33, 20, 34, 16, 6, 18, 28, 25, 27, 5, 31, 11, 4, 17, 29, 30, 23, 24, 2, 1,2.57752
1, 15, 8, 21, 14, 19, 10, 12, 13, 26, 22, 3, 7, 9, 32, 33, 20, 34, 16, 6, 18, 28, 25, 27, 5, 31, 11, 4, 17, 29, 30, 23, 24, 2, 1,2.57752
1, 15, 8, 21, 14, 19, 10, 12, 13, 26, 22, 3, 7, 9, 32, 33, 20, 34, 16, 6, 18, 28, 25, 27, 5, 31, 11, 4, 17, 29, 30, 23, 24, 2, 1,2.57752
1, 15, 8, 21, 14, 19, 10, 12, 13, 26, 22, 3, 7, 9, 32, 33, 20, 34, 16, 6, 18, 28, 25, 27, 5, 31, 11, 4, 17, 29, 30, 23, 24, 2, 1,2.57752
1, 15, 8, 21, 14, 19, 10, 12, 13, 26, 22, 3, 7, 9, 32, 33, 20, 34, 16, 6, 18, 28, 25, 27, 5, 31, 11, 4, 17, 29, 30, 23, 24, 2, 1,2.57752
1, 15, 8, 21, 14, 19, 10, 12, 13, 26, 22, 3, 7, 9, 32, 33, 20, 34, 16, 6, 18, 28, 25, 27, 5, 31, 11, 4, 17, 29, 30, 23, 24, 2, 1,2.57752
1, 15, 8, 21, 14, 19, 10, 12, 13, 26, 22, 3, 7, 9, 32, 33, 20, 34, 16, 6, 18, 28, 25, 27, 5, 31, 11, 4, 17, 29, 30, 23, 24, 2, 1,2.57752
1, 15, 8, 21, 14, 19, 10, 12, 13, 26, 22, 3, 7, 9, 32, 33, 20, 34, 16, 6, 18, 28, 25, 27, 5, 31, 11, 4, 17, 29, 30, 23, 24, 2, 1,2.57752
1, 15, 8, 21, 14, 19, 10, 12, 13, 26, 22, 3, 7, 9, 32, 33, 20, 34, 16, 6, 18, 28, 25, 27, 5, 31, 11, 4, 17, 29, 30, 23, 24, 2, 1,2.57752
1, 15, 8, 21, 14, 19, 10, 12, 13, 26, 22, 3, 7, 9, 32, 33, 20, 34, 16, 6, 18, 28, 25, 27, 5, 31, 11, 4, 17, 29, 30, 23, 24, 2, 1,2.57752
1, 8, 21, 14, 19, 10, 12, 13, 26, 22, 3, 7, 9, 32, 33, 20, 34, 16, 6, 18, 28, 25, 27, 5, 31, 11, 4, 17, 29, 30, 23, 24, 2, 15, 1,2.28123
1, 15, 8, 21, 14, 19, 10, 12, 13, 26, 22, 3, 7, 9, 32, 33, 20, 34, 16, 6, 18, 28, 25, 27, 5, 31, 11, 4, 17, 29, 30, 23, 24, 2, 1,2.57752
1, 15, 8, 21, 14, 19, 10, 12, 13, 26, 22, 3, 7, 9, 32, 33, 20, 34, 16, 6, 18, 28, 25, 27, 5, 31, 11, 4, 17, 29, 30, 23, 24, 2, 1,2.57752
1, 15, 8, 21, 14, 19, 10, 12, 13, 26, 22, 3, 7, 9, 32, 33, 20, 34, 16, 6, 18, 28, 25, 27, 5, 31, 11, 4, 17, 29, 30, 23, 24, 2, 1,2.57752
1, 15, 8, 21, 14, 19, 10, 12, 13, 26, 22, 3, 7, 9, 32, 33, 20, 34, 16, 6, 18, 28, 25, 27, 5, 31, 11, 4, 17, 29, 30, 23, 24, 2, 1,2.57752
1, 15, 8, 21, 14, 19, 10, 12, 13, 26, 22, 3, 7, 9, 32, 33, 20, 34, 16, 6, 18, 28, 25, 27, 5, 31, 11, 4, 17, 29, 30, 23, 24, 2, 1,2.57752
1, 15, 2, 24, 23, 30, 29, 17, 4, 11, 31, 5, 27, 25, 28, 18, 6, 16, 34, 20, 33, 32, 9, 7, 3, 22, 26, 13, 12, 10, 19, 14, 21, 8, 1,2.28123
1, 8, 21, 14, 19, 10, 12, 13, 26, 22, 3, 7, 9, 32, 33, 20, 34, 16, 6, 18, 28, 25, 27, 5, 31, 11, 4, 17, 29, 30, 23, 24, 2, 15, 1,2.28123
1, 15, 8, 21, 14, 19, 10, 12, 13, 26, 22, 3, 7, 9, 32, 33, 20, 34, 16, 6, 18, 28, 25, 27, 5, 31, 11, 4, 17, 29, 30, 23, 24, 2, 1,2.57752
1, 15, 8, 21, 14, 19, 10, 12, 13, 26, 22, 3, 7, 9, 32, 33, 20, 34, 16, 6, 18, 28, 25, 27, 5, 31, 11, 4, 17, 29, 30, 23, 24, 2, 1,2.57752
1, 15, 8, 21, 14, 19, 10, 12, 13, 26, 22, 3, 7, 9, 32, 33, 20, 34, 16, 6, 18, 28, 25, 27, 5, 31, 11, 4, 17, 29, 30, 23, 24, 2, 1,2.57752
1, 15, 8, 21, 14, 19, 10, 12, 13, 26, 22, 3, 7, 9, 32, 33, 20, 34, 16, 6, 18, 28, 25, 27, 5, 31, 11, 4, 17, 29, 30, 23, 24, 2, 1,2.57752
1, 15, 8, 21, 14, 19, 10, 12, 13, 26, 22, 3, 7, 9, 32, 33, 20, 34, 16, 6, 18, 28, 25, 27, 5, 31, 11, 4, 17, 29, 30, 23, 24, 2, 1,2.57752
1, 15, 8, 21, 14, 19, 10, 12, 13, 26, 22, 3, 7, 9, 32, 33, 20, 34, 16, 6, 18, 28, 25, 27, 5, 31, 11, 4, 17, 29, 30, 23, 24, 2, 1,2.57752
1, 15, 8, 21, 14, 19, 10, 12, 13, 26, 22, 3, 7, 9, 32, 33, 20, 34, 16, 6, 18, 28, 25, 27, 5, 31, 11, 4, 17, 29, 30, 23, 24, 2, 1,2.57752
1, 15, 8, 21, 14, 19, 10, 12, 13, 26, 22, 3, 7, 9, 32, 33, 20, 34, 16, 6, 18, 28, 25, 27, 5, 31, 11, 4, 17, 29, 30, 23, 24, 2, 1,2.57752
1, 15, 2, 24, 23, 30, 29, 17, 4, 11, 31, 5, 27, 25, 28, 18, 6, 16, 34, 20, 33, 32, 9, 7, 3, 22, 26, 13, 12, 10, 19, 14, 21, 8, 1,2.28123
1, 15, 2, 24, 23, 30, 29, 17, 4, 11, 31, 5, 27, 25, 28, 18, 6, 16, 34, 20, 33, 32, 9, 7, 3, 22, 26, 13, 12, 10, 19, 14, 21, 8, 1,2.28123
1, 15, 8, 21, 14, 19, 10, 12, 13, 26, 22, 3, 7, 9, 32, 33, 20, 34, 16, 6, 18, 28, 25, 27, 5, 31, 11, 4, 17, 29, 30, 23, 24, 2, 1,2.57752
1, 15, 8, 21, 14, 19, 10, 12, 13, 26, 22, 3, 7, 9, 32, 33, 20, 34, 16, 6, 18, 28, 25, 27, 5, 31, 11, 4, 17, 29, 30, 23, 24, 2, 1,2.57752
1, 15, 8, 21, 14, 19, 10, 12, 13, 26, 22, 3, 7, 9, 32, 33, 20, 34, 16, 6, 18, 28, 25, 27, 5, 31, 11, 4, 17, 29, 30, 23, 24, 2, 1,2.57752
1, 15, 8, 21, 14, 19, 10, 12, 13, 26, 22, 3, 7, 9, 32, 33, 20, 34, 16, 6, 18, 28, 25, 27, 5, 31, 11, 4, 17, 29, 30, 23, 24, 2, 1,2.57752
1, 15, 2, 24, 23, 30, 29, 17, 4, 11, 31, 5, 27, 25, 28, 18, 6, 16, 34, 20, 33, 32, 9, 7, 3, 22, 26, 13, 12, 10, 19, 14, 21, 8, 1,2.28123
1, 15, 8, 21, 14, 19, 10, 12, 13, 26, 22, 3, 7, 9, 32, 33, 20, 34, 16, 6, 18, 28, 25, 27, 5, 31, 11, 4, 17, 29, 30, 23, 24, 2, 1,2.57752
1, 8, 21, 14, 19, 10, 12, 13, 26, 22, 3, 7, 9, 32, 33, 20, 34, 16, 6, 18, 28, 25, 27, 5, 31, 11, 4, 17, 29, 30, 23, 24, 2, 15, 1,2.28123
1, 15, 2, 24, 23, 30, 29, 17, 4, 11, 31, 5, 27, 25, 28, 18, 6, 16, 34, 20, 33, 32, 9, 7, 3, 22, 26, 13, 12, 10, 19, 14, 21, 8, 1,2.28123
1, 15, 2, 24, 23, 30, 29, 17, 4, 11, 31, 5, 27, 25, 28, 18, 6, 16, 34, 20, 33, 32, 9, 7, 3, 22, 26, 13, 12, 10, 19, 14, 21, 8, 1,2.28123
1, 15, 8, 21, 14, 19, 10, 12, 13, 26, 22, 3, 7, 9, 32, 33, 20, 34, 16, 6, 18, 28, 25, 27, 5, 31, 11, 4, 17, 29, 30, 23, 24, 2, 1,2.57752
1, 15, 8, 21, 14, 19, 10, 12, 13, 26, 22, 3, 7, 9, 32, 33, 20, 34, 16, 6, 18, 28, 25, 27, 5, 31, 11, 4, 17, 29, 30, 23, 24, 2, 1,2.57752
1, 15, 2, 24, 23, 30, 29, 17, 4, 11, 31, 5, 27, 25, 28, 18, 6, 16, 34, 20, 33, 32, 9, 7, 3, 22, 26, 13, 12, 10, 19, 14, 21, 8, 1,2.28123
1, 15, 2, 24, 23, 30, 29, 17, 4, 11, 31, 5, 27, 25, 28, 18, 6, 16, 34, 20, 33, 32, 9, 7, 3, 22, 26, 13, 12, 10, 19, 14, 21, 8, 1,2.28123
1, 15, 8, 21, 14, 19, 10, 12, 13, 26, 22, 3, 7, 9, 33, 32, 20, 34, 16, 6, 18, 28, 25, 27, 5, 31, 11, 4, 17, 29, 30, 23, 24, 2, 1,2.39725
1, 15, 8, 21, 14, 19, 10, 12, 13, 26, 22, 3, 7, 9, 33, 32, 20, 34, 16, 6, 18, 28, 25, 27, 5, 31, 11, 4, 17, 29, 30, 23, 24, 2, 1,2.39725
1, 15, 8, 21, 14, 19, 10, 12, 13, 26, 22, 3, 7, 9, 33, 32, 20, 34, 16, 6, 18, 28, 25, 27, 5, 31, 11, 4, 17, 29, 30, 23, 24, 2, 1,2.39725
1, 15, 8, 21, 14, 19, 10, 12, 13, 26, 22, 3, 7, 9, 33, 32, 20, 34, 16, 6, 18, 28, 25, 27, 5, 31, 11, 4, 17, 29, 30, 23, 24, 2, 1,2.39725
1, 15, 8, 21, 14, 19, 10, 12, 13, 26, 22, 3, 7, 9, 33, 32, 20, 34, 16, 6, 18, 28, 25, 27, 5, 31, 11, 4, 17, 29, 30, 23, 24, 2, 1,2.39725
1, 15, 8, 21, 14, 19, 10, 12, 13, 26, 22, 3, 7, 9, 33, 32, 20, 34, 16, 6, 18, 28, 25, 27, 5, 31, 11, 4, 17, 29, 30, 23, 24, 2, 1,2.39725
1, 15, 8, 21, 14, 19, 10, 12, 13, 26, 22, 3, 7, 9, 33, 32, 20, 34, 16, 6, 18, 28, 25, 27, 5, 31, 11, 4, 17, 29, 30, 23, 24, 2, 1,2.39725
1, 15, 8, 21, 14, 19, 10, 12, 13, 26, 22, 3, 7, 9, 33, 32, 20, 34, 16, 6, 18, 28, 25, 27, 5, 31, 11, 4, 17, 29, 30, 23, 24, 2, 1,2.39725
1, 15, 2, 24, 23, 30, 29, 17, 4, 11, 31, 5, 27, 25, 28, 18, 6, 16, 34, 20, 32, 33, 9, 7, 3, 22, 26, 13, 12, 10, 19, 14, 21, 8, 1,2.10096
1, 15, 8, 21, 14, 19, 10, 12, 13, 26, 22, 3, 7, 9, 33, 32, 20, 34, 16, 6, 18, 28, 25, 27, 5, 31, 11, 4, 17, 29, 30, 23, 24, 2, 1,2.39725
1, 15, 8, 21, 14, 19, 10, 12, 13, 26, 22, 3, 7, 9, 33, 32, 20, 34, 16, 6, 18, 28, 25, 27, 5, 31, 11, 4, 17, 29, 30, 23, 24, 2, 1,2.39725
1, 15, 8, 21, 14, 19, 10, 12, 13, 26, 22, 3, 7, 9, 33, 32, 20, 34, 16, 6, 18, 28, 25, 27, 5, 31, 11, 4, 17, 29, 30, 23, 24, 2, 1,2.39725
1, 15, 8, 21, 14, 19, 10, 12, 13, 26, 22, 3, 7, 9, 33, 32, 20, 34, 16, 6, 18, 28, 25, 27, 5, 31, 11, 4, 17, 29, 30, 23, 24, 2, 1,2.39725
1, 15, 8, 21, 14, 19, 10, 12, 13, 26, 22, 3, 7, 9, 33, 32, 20, 34, 16, 6, 18, 28, 25, 27, 5, 31, 11, 4, 17, 29, 30, 23, 24, 2, 1,2.39725
1, 15, 8, 21, 14, 19, 10, 12, 13, 26, 22, 3, 7, 9, 33, 32, 20, 34, 16, 6, 18, 28, 25, 27, 5, 31, 11, 4, 17, 29, 30, 23, 24, 2, 1,2.39725
1, 8, 21, 14, 19, 10, 12, 13, 26, 22, 3, 7, 9, 33, 32, 20, 34, 16, 6, 18, 28, 25, 27, 5, 31, 11, 4, 17, 29, 30, 23, 24, 2, 15, 1,2.10096
1, 15, 2, 24, 23, 30, 29, 17, 4, 11, 31, 5, 27, 25, 28, 18, 6, 16, 34, 20, 32, 33, 9, 7, 3, 22, 26, 13, 12, 10, 19, 14, 21, 8, 1,2.10096
1, 15, 2, 24, 23, 30, 29, 17, 4, 11, 31, 5, 27, 25, 28, 18, 6, 16, 34, 20, 32, 33, 9, 7, 3, 22, 26, 13, 12, 10, 19, 14, 21, 8, 1,2.10096
1, 15, 8, 21, 14, 19, 10, 12, 13, 26, 22, 3, 7, 9, 33, 32, 20, 34, 16, 6, 18, 28, 25, 27, 5, 31, 11, 4, 17, 29, 30, 23, 24, 2, 1,2.39725
1, 15, 2, 24, 23, 30, 29, 17, 4, 11, 31, 5, 27, 25, 28, 18, 6, 16, 34, 20, 32, 33, 9, 7, 3, 22, 26, 13, 12, 10, 19, 14, 21, 8, 1,2.10096
1, 15, 8, 21, 14, 19, 10, 12, 13, 26, 22, 3, 7, 9, 33, 32, 20, 34, 16, 6, 18, 28, 25, 27, 5, 31, 11, 4, 17, 29, 30, 23, 24, 2, 1,2.39725
1, 15, 8, 21, 14, 19, 10, 12, 13, 26, 22, 3, 7, 9, 33, 32, 20, 34, 16, 6, 18, 28, 25, 27, 5, 31, 11, 4, 17, 29, 30, 23, 24, 2, 1,2.39725
1, 15, 8, 21, 14, 19, 10, 12, 13, 26, 22, 3, 7, 9, 33, 32, 20, 34, 16, 6, 18, 28, 25, 27, 5, 31, 11, 4, 17, 29, 30, 23, 24, 2, 1,2.39725
1, 8, 21, 14, 19, 10, 12, 13, 26, 22, 3, 7, 9, 33, 32, 20, 34, 16, 6, 18, 28, 25, 27, 5, 31, 11, 4, 17, 29, 30, 23, 24, 2, 15, 1,2.10096
1, 15, 8, 21, 14, 19, 10, 12, 13, 26, 22, 3, 7, 9, 33, 32, 20, 34, 16, 6, 18, 28, 25, 27, 5, 31, 11, 4, 17, 29, 30, 23, 24, 2, 1,2.39725
1, 15, 8, 21, 14, 19, 10, 12, 13, 26, 22, 3, 7, 9, 33, 32, 20, 34, 16, 6, 18, 28, 25, 27, 5, 31, 11, 4, 17, 29, 30, 23, 24, 2, 1,2.39725
1, 15, 8, 21, 14, 19, 10, 12, 13, 26, 22, 3, 7, 9, 33, 32, 20, 34, 16, 6, 18, 28, 25, 27, 5, 31, 11, 4, 17, 29, 30, 23, 24, 2, 1,2.39725
1, 15, 2, 24, 23, 30, 29, 17, 4, 11, 31, 5, 27, 25, 28, 18, 6, 16, 34, 20, 32, 33, 9, 7, 3, 22, 26, 13, 12, 10, 19, 14, 21, 8, 1,2.10096
1, 15, 8, 21, 14, 19, 10, 12, 13, 26, 22, 3, 7, 9, 33, 32, 20, 34, 16, 6, 18, 28, 25, 27, 5, 31, 11, 4, 17, 29, 30, 23, 24, 2, 1,2.39725
1, 15, 8, 21, 14, 19, 10, 12, 13, 26, 22, 3, 7, 9, 33, 32, 20, 34, 16, 6, 18, 28, 25, 27, 5, 31, 11, 4, 17, 29, 30, 23, 24, 2, 1,2.39725
1, 15, 8, 21, 14, 19, 10, 12, 13, 26, 22, 3, 7, 9, 33, 32, 20, 34, 16, 6, 18, 28, 25, 27, 5, 31, 11, 4, 17, 29, 30, 23, 24, 2, 1,2.39725
1, 15, 8, 21, 14, 19, 10, 12, 13, 26, 22, 3, 7, 9, 33, 32, 20, 34, 16, 6, 18, 28, 25, 27, 5, 31, 11, 4, 17, 29, 30, 23, 24, 2, 1,2.39725
1, 15, 2, 24, 23, 30, 29, 17, 4, 11, 31, 5, 27, 25, 28, 18, 6, 16, 34, 20, 32, 33, 9, 7, 3, 22, 26, 13, 12, 10, 19, 14, 21, 8, 1,2.10096
1, 15, 8, 21, 14, 19, 10, 12, 13, 26, 22, 3, 7, 9, 33, 32, 20, 34, 16, 6, 18, 28, 25, 27, 5, 31, 11, 4, 17, 29, 30, 23, 24, 2, 1,2.39725
1, 15, 8, 21, 14, 19, 10, 12, 13, 26, 22, 3, 7, 9, 33, 32, 20, 34, 16, 6, 18, 28, 25, 27, 5, 31, 11, 4, 17, 29, 30, 23, 24, 2, 1,2.39725
1, 15, 8, 21, 14, 19, 10, 12, 13, 26, 22, 3, 7, 9, 33, 32, 20, 34, 16, 6, 18, 28, 25, 27, 5, 31, 11, 4, 17, 29, 30, 23, 24, 2, 1,2.39725
1, 15, 8, 21, 14, 19, 10, 12, 13, 26, 22, 3, 7, 9, 33, 32, 20, 34, 16, 6, 18, 28, 25, 27, 5, 31, 11, 4, 17, 29, 30, 23, 24, 2, 1,2.39725
1, 15, 8, 21, 14, 19, 10, 12, 13, 26, 22, 3, 7, 9, 33, 32, 20, 34, 16, 6, 18, 28, 25, 27, 5, 31, 11, 4, 17, 29, 30, 23, 24, 2, 1,2.39725
1, 15, 8, 21, 14, 19, 10, 12, 13, 26, 22, 3, 7, 9, 33, 32, 20, 34, 16, 6, 18, 28, 25, 27, 5, 31, 11, 4, 17, 29, 30, 23, 24, 2, 1,2.39725
1, 15, 8, 21, 14, 19, 10, 12, 13, 26, 22, 3, 7, 9, 33, 32, 20, 34, 16, 6, 18, 28, 25, 27, 5, 31, 11, 4, 17, 29, 30, 23, 24, 2, 1,2.39725
1, 15, 8, 21, 14, 19, 10, 12, 13, 26, 22, 3, 7, 9, 33, 32, 20, 34, 16, 6, 18, 28, 25, 27, 5, 31, 11, 4, 17, 29, 30, 23, 24, 2, 1,2.39725
1, 15, 8, 21, 14, 19, 10, 12, 13, 26, 22, 3, 7, 9, 33, 32, 20, 34, 16, 6, 18, 28, 25, 27, 5, 31, 11, 4, 17, 29, 30, 23, 24, 2, 1,2.39725
1, 15, 8, 21, 14, 19, 10, 12, 13, 26, 22, 3, 7, 9, 33, 32, 20, 34, 16, 6, 18, 28, 25, 27, 5, 31, 11, 4, 17, 29, 30, 23, 24, 2, 1,2.39725
1, 15, 8, 21, 14, 19, 10, 12, 13, 26, 22, 3, 7, 9, 33, 32, 20, 34, 16, 6, 18, 28, 25, 27, 5, 31, 11, 4, 17, 29, 30, 23, 24, 2, 1,2.39725
1, 15, 8, 21, 14, 19, 10, 12, 13, 26, 22, 3, 7, 9, 33, 32, 20, 34, 16, 6, 18, 28, 25, 27, 5, 31, 11, 4, 17, 29, 30, 23, 24, 2, 1,2.39725
1, 15, 8, 21, 14, 19, 10, 12, 13, 26, 22, 3, 7, 9, 33, 32, 20, 34, 16, 6, 18, 28, 25, 27, 5, 31, 11, 4, 17, 29, 30, 23, 24, 2, 1,2.39725
1, 15, 8, 21, 14, 19, 10, 12, 13, 26, 22, 3, 7, 9, 33, 32, 20, 34, 16, 6, 18, 28, 25, 27, 5, 31, 11, 4, 17, 29, 30, 23, 24, 2, 1,2.39725
1, 15, 8, 21, 14, 19, 10, 12, 13, 26, 22, 3, 7, 9, 33, 32, 20, 34, 16, 6, 18, 28, 25, 27, 5, 31, 11, 4, 17, 29, 30, 23, 24, 2, 1,2.39725
1, 15, 8, 21, 14, 19, 10, 12, 13, 26, 22, 3, 7, 9, 33, 32, 20, 34, 16, 6, 18, 28, 25, 27, 5, 31, 11, 4, 17, 29, 30, 23, 24, 2, 1,2.39725
1, 15, 8, 21, 14, 19, 10, 12, 13, 26, 22, 3, 7, 9, 33, 32, 20, 34, 16, 6, 18, 28, 25, 27, 5, 31, 11, 4, 17, 29, 30, 23, 24, 2, 1,2.39725
1, 21, 14, 19, 10, 12, 13, 26, 22, 3, 7, 9, 33, 32, 20, 34, 16, 6, 18, 28, 25, 27, 5, 31, 11, 4, 17, 29, 30, 23, 24, 2, 15, 8, 1,2.39414
1, 21, 14, 19, 10, 12, 13, 26, 22, 3, 7, 9, 33, 32, 20, 34, 16, 6, 18, 28, 25, 27, 5, 31, 11, 4, 17, 29, 30, 23, 24, 2, 15, 8, 1,2.39414
1, 21, 14, 19, 10, 12, 13, 26, 22, 3, 7, 9, 33, 32, 20, 34, 16, 6, 18, 28, 25, 27, 5, 31, 11, 4, 17, 29, 30, 23, 24, 2, 15, 8, 1,2.39414
1, 21, 14, 19, 10, 12, 13, 26, 22, 3, 7, 9, 33, 32, 20, 34, 16, 6, 18, 28, 25, 27, 5, 31, 11, 4, 17, 29, 30, 23, 24, 2, 15, 8, 1,2.39414
1, 21, 14, 19, 10, 12, 13, 26, 22, 3, 7, 9, 33, 32, 20, 34, 16, 6, 18, 28, 25, 27, 5, 31, 11, 4, 17, 29, 30, 23, 24, 2, 15, 8, 1,2.39414
1, 15, 8, 21, 14, 19, 10, 12, 13, 26, 22, 3, 7, 9, 33, 32, 20, 34, 16, 6, 18, 28, 25, 27, 5, 31, 11, 4, 17, 29, 30, 23, 24, 2, 1,2.39725
1, 15, 8, 21, 14, 19, 10, 12, 13, 26, 22, 3, 7, 9, 33, 32, 20, 34, 16, 6, 18, 28, 25, 27, 5, 31, 11, 4, 17, 29, 30, 23, 24, 2, 1,2.39725
1, 15, 8, 21, 14, 19, 10, 12, 13, 26, 22, 3, 7, 9, 33, 32, 20, 34, 16, 6, 18, 28, 25, 27, 5, 31, 11, 4, 17, 29, 30, 23, 24, 2, 1,2.39725
1, 15, 8, 21, 14, 19, 10, 12, 13, 26, 22, 3, 7, 9, 33, 32, 20, 34, 16, 6, 18, 28, 25, 27, 5, 31, 11, 4, 17, 29, 30, 23, 24, 2, 1,2.39725
1, 15, 8, 21, 14, 19, 10, 12, 13, 26, 22, 3, 7, 9, 33, 32, 20, 34, 16, 6, 18, 28, 25, 27, 5, 31, 11, 4, 17, 29, 30, 23, 24, 2, 1,2.39725
1, 15, 8, 21, 14, 19, 10, 12, 13, 26, 22, 3, 7, 9, 33, 32, 20, 34, 16, 6, 18, 28, 25, 27, 5, 31, 11, 4, 17, 29, 30, 23, 24, 2, 1,2.39725
1, 15, 8, 21, 14, 19, 10, 12, 13, 26, 22, 3, 7, 9, 33, 32, 20, 34, 16, 6, 18, 28, 25, 27, 5, 31, 11, 4, 17, 29, 30, 23, 24, 2, 1,2.39725
1, 15, 8, 21, 14, 19, 10, 12, 13, 26, 22, 3, 7, 9, 33, 32, 20, 34, 16, 6, 18, 28, 25, 27, 5, 31, 11, 4, 17, 29, 30, 23, 24, 2, 1,2.39725
1, 15, 8, 21, 14, 19, 10, 12, 13, 26, 22, 3, 7, 9, 33, 32, 20, 34, 16, 6, 18, 28, 25, 27, 5, 31, 11, 4, 17, 29, 30, 23, 24, 2, 1,2.39725
1, 15, 8, 21, 14, 19, 10, 12, 13, 26, 22, 3, 7, 9, 33, 32, 20, 34, 16, 6, 18, 28, 25, 27, 5, 31, 11, 4, 17, 29, 30, 23, 24, 2, 1,2.39725
1, 15, 8, 21, 14, 19, 10, 12, 13, 26, 22, 3, 7, 9, 33, 32, 20, 34, 16, 6, 18, 28, 25, 27, 5, 31, 11, 4, 17, 29, 30, 23, 24, 2, 1,2.39725
1, 15, 8, 21, 14, 19, 10, 12, 13, 26, 22, 3, 7, 9, 33, 32, 20, 34, 16, 6, 18, 28, 25, 27, 5, 31, 11, 4, 17, 29, 30, 23, 24, 2, 1,2.39725
1, 15, 8, 21, 14, 19, 10, 12, 13, 26, 22, 3, 7, 9, 33, 32, 20, 34, 16, 6, 18, 28, 25, 27, 5, 31, 11, 4, 17, 29, 30, 23, 24, 2, 1,2.39725
1, 15, 8, 21, 14, 19, 10, 12, 13, 26, 22, 3, 7, 9, 33, 32, 20, 34, 16, 6, 18, 28, 25, 27, 5, 31, 11, 4, 17, 29, 30, 23, 24, 2, 1,2.39725
1, 15, 8, 21, 14, 19, 10, 12, 13, 26, 22, 3, 7, 9, 33, 32, 20, 34, 16, 6, 18, 28, 25, 27, 5, 31, 11, 4, 17, 29, 30, 23, 24, 2, 1,2.39725
1, 15, 2, 24, 23, 30, 29, 17, 4, 11, 31, 5, 27, 25, 28, 18, 6, 16, 34, 20, 32, 33, 9, 7, 3, 22, 26, 13, 12, 10, 19, 14, 21, 8, 1,2.10096
1, 15, 8, 21, 14, 19, 10, 12, 13, 26, 22, 3, 7, 9, 33, 32, 20, 34, 16, 6, 18, 28, 25, 27, 5, 31, 11, 4, 17, 29, 30, 23, 24, 2, 1,2.39725
1, 15, 8, 21, 14, 19, 10, 12, 13, 26, 22, 3, 7, 9, 33, 32, 20, 34, 16, 6, 18, 28, 25, 27, 5, 31, 11, 4, 17, 29, 30, 23, 24, 2, 1,2.39725
1, 15, 8, 21, 14, 19, 10, 12, 13, 26, 22, 3, 7, 9, 33, 32, 20, 34, 16, 6, 18, 28, 25, 27, 5, 31, 11, 4, 17, 29, 30, 23, 24, 2, 1,2.39725
1, 15, 8, 21, 14, 19, 10, 12, 13, 26, 22, 3, 7, 9, 33, 32, 20, 34, 16, 6, 18, 28, 25, 27, 5, 31, 11, 4, 17, 29, 30, 23, 24, 2, 1,2.39725
1, 15, 8, 21, 14, 19, 10, 12, 13, 26, 22, 3, 7, 9, 33, 32, 20, 34, 16, 6, 18, 28, 25, 27, 5, 31, 11, 4, 17, 29, 30, 23, 24, 2, 1,2.39725
1, 8, 21, 14, 19, 10, 12, 13, 26, 22, 3, 7, 9, 33, 32, 20, 34, 16, 6, 18, 28, 25, 27, 5, 31, 11, 4, 17, 29, 30, 23, 24, 2, 15, 1,2.10096
1, 8, 21, 14, 19, 10, 12, 13, 26, 22, 3, 7, 9, 33, 32, 20, 34, 16, 6, 18, 28, 25, 27, 5, 31, 11, 4, 17, 29, 30, 23, 15, 24, 2, 1,2.23243
1, 15, 8, 21, 14, 19, 10, 12, 13, 26, 22, 3, 7, 9, 33, 32, 20, 34, 16, 6, 18, 28, 25, 27, 5, 31, 11, 4, 17, 29, 30, 23, 24, 2, 1,2.39725
1, 15, 8, 21, 14, 19, 10, 12, 13, 26, 22, 3, 7, 9, 33, 32, 20, 34, 16, 6, 18, 28, 25, 27, 5, 31, 11, 4, 17, 29, 30, 23, 24, 2, 1,2.39725
1, 15, 8, 21, 14, 19, 10, 12, 13, 26, 22, 3, 7, 9, 33, 32, 20, 34, 16, 6, 18, 28, 25, 27, 5, 31, 11, 4, 17, 29, 30, 23, 24, 2, 1,2.39725
1, 15, 8, 21, 14, 19, 10, 12, 13, 26, 22, 3, 7, 9, 33, 32, 20, 34, 16, 6, 18, 28, 25, 27, 5, 31, 11, 4, 17, 29, 30, 23, 24, 2, 1,2.39725
1, 15, 8, 21, 14, 19, 10, 12, 13, 26, 22, 3, 7, 9, 33, 32, 20, 34, 16, 6, 18, 28, 25, 27, 5, 31, 11, 4, 17, 29, 30, 23, 24, 2, 1,2.39725
1, 15, 8, 21, 14, 19, 10, 12, 13, 26, 22, 3, 7, 9, 33, 32, 20, 34, 16, 6, 18, 28, 25, 27, 5, 31, 11, 4, 17, 29, 30, 23, 24, 2, 1,2.39725
1, 15, 8, 21, 14, 19, 10, 12, 13, 26, 22, 3, 7, 9, 33, 32, 20, 34, 16, 6, 18, 28, 25, 27, 5, 31, 11, 4, 17, 29, 30, 23, 24, 2, 1,2.39725
1, 15, 8, 21, 14, 19, 10, 12, 13, 26, 22, 3, 7, 9, 33, 32, 20, 34, 16, 6, 18, 28, 25, 27, 5, 31, 11, 4, 17, 29, 30, 23, 24, 2, 1,2.39725
1, 15, 8, 21, 14, 19, 10, 12, 13, 26, 22, 3, 7, 9, 33, 32, 20, 34, 16, 6, 18, 28, 25, 27, 5, 31, 11, 4, 17, 29, 30, 23, 24, 2, 1,2.39725
1, 15, 8, 21, 14, 19, 10, 12, 13, 26, 22, 3, 7, 9, 33, 32, 20, 34, 16, 6, 18, 28, 25, 27, 5, 31, 11, 4, 17, 29, 30, 23, 24, 2, 1,2.39725
1, 15, 8, 21, 14, 19, 10, 12, 13, 26, 22, 3, 7, 9, 33, 32, 20, 34, 16, 6, 18, 28, 25, 27, 5, 31, 11, 4, 17, 29, 30, 23, 24, 2, 1,2.39725
1, 15, 8, 21, 14, 19, 10, 12, 13, 26, 22, 3, 7, 9, 33, 32, 20, 34, 16, 6, 18, 28, 25, 27, 5, 31, 11, 4, 17, 29, 30, 23, 24, 2, 1,2.39725
1, 15, 8, 21, 14, 19, 10, 12, 13, 26, 22, 3, 7, 9, 33, 32, 20, 34, 16, 6, 18, 28, 25, 27, 5, 31, 11, 4, 17, 29, 30, 23, 24, 2, 1,2.39725
1, 15, 2, 24, 23, 30, 29, 17, 4, 11, 31, 5, 27, 25, 28, 18, 6, 16, 34, 20, 32, 33, 9, 7, 3, 22, 26, 13, 12, 10, 19, 14, 21, 8, 1,2.10096
1, 15, 2, 24, 23, 30, 29, 17, 4, 11, 31, 5, 27, 25, 28, 18, 6, 16, 34, 20, 32, 33, 9, 7, 3, 22, 26, 13, 12, 10, 19, 14, 21, 8, 1,2.10096
1, 15, 2, 24, 23, 30, 29, 17, 4, 11, 31, 5, 27, 25, 28, 18, 6, 16, 34, 20, 32, 33, 9, 7, 3, 22, 26, 13, 12, 10, 19, 14, 21, 8, 1,2.10096
1, 15, 2, 24, 23, 30, 29, 17, 4, 11, 31, 5, 27, 25, 28, 18, 6, 16, 34, 20, 32, 33, 9, 7, 3, 22, 26, 13, 12, 10, 19, 14, 21, 8, 1,2.10096
1, 15, 8, 21, 14, 19, 10, 12, 13, 26, 22, 3, 7, 9, 33, 32, 20, 34, 16, 6, 18, 28, 25, 27, 5, 31, 11, 4, 17, 29, 30, 23, 24, 2, 1,2.39725
1, 15, 8, 21, 14, 19, 10, 12, 13, 26, 22, 3, 7, 9, 33, 32, 20, 34, 16, 6, 18, 28, 25, 27, 5, 31, 11, 4, 17, 29, 30, 23, 24, 2, 1,2.39725
1, 15, 2, 24, 23, 30, 29, 17, 4, 11, 31, 5, 27, 25, 28, 18, 6, 16, 34, 20, 32, 33, 9, 7, 3, 22, 26, 13, 12, 10, 19, 14, 21, 8, 1,2.10096
1, 15, 8, 21, 14, 19, 10, 12, 13, 26, 22, 3, 7, 9, 33, 32, 20, 34, 16, 6, 18, 28, 25, 27, 5, 31, 11, 4, 17, 29, 30, 23, 24, 2, 1,2.39725
1, 15, 8, 21, 14, 19, 10, 12, 13, 26, 22, 3, 7, 9, 33, 32, 20, 34, 16, 6, 18, 28, 25, 27, 5, 31, 11, 4, 17, 29, 30, 23, 24, 2, 1,2.39725
1, 15, 8, 21, 14, 19, 10, 12, 13, 26, 22, 3, 7, 9, 33, 32, 20, 34, 16, 6, 18, 28, 25, 27, 5, 31, 11, 4, 17, 29, 30, 23, 24, 2, 1,2.39725
1, 15, 2, 24, 23, 30, 29, 17, 4, 11, 31, 5, 27, 25, 28, 18, 6, 16, 34, 20, 32, 33, 9, 7, 3, 22, 26, 13, 12, 10, 19, 14, 21, 8, 1,2.10096
1, 15, 8, 21, 14, 19, 10, 12, 13, 26, 22, 3, 7, 9, 33, 32, 20, 34, 16, 6, 18, 28, 25, 27, 5, 31, 11, 4, 17, 29, 30, 23, 24, 2, 1,2.39725
1, 21, 14, 19, 10, 12, 13, 26, 22, 3, 7, 9, 33, 32, 20, 34, 16, 6, 18, 28, 25, 27, 5, 31, 11, 4, 17, 29, 30, 23, 24, 2, 15, 8, 1,2.39414
1, 15, 8, 21, 14, 19, 10, 12, 13, 26, 22, 3, 7, 9, 33, 32, 20, 34, 16, 6, 18, 28, 25, 27, 5, 31, 11, 4, 17, 29, 30, 23, 24, 2, 1,2.39725
1, 15, 8, 21, 14, 19, 10, 12, 13, 26, 22, 3, 7, 9, 33, 32, 20, 34, 16, 6, 18, 28, 25, 27, 5, 31, 11, 4, 17, 29, 30, 23, 24, 2, 1,2.39725
1, 15, 8, 21, 14, 19, 10, 12, 13, 26, 22, 3, 7, 9, 33, 32, 20, 34, 16, 6, 18, 28, 25, 27, 5, 31, 11, 4, 17, 29, 30, 23, 24, 2, 1,2.39725
1, 15, 8, 21, 14, 19, 10, 12, 13, 26, 22, 3, 7, 9, 33, 32, 20, 34, 16, 6, 18, 28, 25, 27, 5, 31, 11, 4, 17, 29, 30, 23, 24, 2, 1,2.39725
1, 15, 8, 21, 14, 19, 10, 12, 13, 26, 22, 3, 7, 9, 33, 32, 20, 34, 16, 6, 18, 28, 25, 27, 5, 31, 11, 4, 17, 29, 30, 23, 24, 2, 1,2.39725
1, 15, 2, 24, 23, 30, 29, 17, 4, 11, 31, 5, 27, 25, 28, 18, 6, 16, 34, 20, 32, 33, 9, 7, 3, 22, 26, 13, 12, 10, 19, 14, 21, 8, 1,2.10096
1, 15, 8, 21, 14, 19, 10, 12, 13, 26, 22, 3, 7, 9, 33, 32, 20, 34, 16, 6, 18, 28, 25, 27, 5, 31, 11, 4, 17, 29, 30, 23, 24, 2, 1,2.39725
1, 15, 8, 21, 14, 19, 10, 12, 13, 26, 22, 3, 7, 9, 33, 32, 20, 34, 16, 6, 18, 28, 25, 27, 5, 31, 11, 4, 17, 29, 30, 23, 24, 2, 1,2.39725
1, 15, 8, 21, 14, 19, 10, 12, 13, 26, 22, 3, 7, 9, 33, 32, 20, 34, 16, 6, 18, 28, 25, 27, 5, 31, 11, 4, 17, 29, 30, 23, 24, 2, 1,2.39725
1, 15, 8, 21, 14, 19, 10, 12, 13, 26, 22, 3, 7, 9, 33, 32, 20, 34, 16, 6, 18, 28, 25, 27, 5, 31, 11, 4, 17, 29, 30, 23, 24, 2, 1,2.39725
1, 15, 8, 21, 14, 19, 10, 12, 13, 26, 22, 3, 7, 9, 33, 32, 20, 34, 16, 6, 18, 28, 25, 27, 5, 31, 11, 4, 17, 29, 30, 23, 24, 2, 1,2.39725
1, 15, 8, 21, 14, 19, 10, 12, 13, 26, 22, 3, 7, 9, 33, 32, 20, 34, 16, 6, 18, 28, 25, 27, 5, 31, 11, 4, 17, 29, 30, 23, 24, 2, 1,2.39725
1, 15, 8, 21, 14, 19, 10, 12, 13, 26, 22, 3, 7, 9, 33, 32, 20, 34, 16, 6, 18, 28, 25, 27, 5, 31, 11, 4, 17, 29, 30, 23, 24, 2, 1,2.39725
1, 15, 8, 21, 14, 19, 10, 12, 13, 26, 22, 3, 7, 9, 33, 32, 20, 34, 16, 6, 18, 28, 25, 27, 5, 31, 11, 4, 17, 29, 30, 23, 24, 2, 1,2.39725
1, 15, 8, 21, 14, 19, 10, 12, 13, 26, 22, 3, 7, 9, 33, 32, 20, 34, 16, 6, 18, 28, 25, 27, 5, 31, 11, 4, 17, 29, 30, 23, 24, 2, 1,2.39725
1, 15, 8, 21, 14, 19, 10, 12, 13, 26, 22, 3, 7, 9, 33, 32, 20, 34, 16, 6, 18, 28, 25, 27, 5, 31, 11, 4, 17, 29, 30, 23, 24, 2, 1,2.39725
1, 21, 14, 19, 10, 12, 13, 26, 22, 3, 7, 9, 33, 32, 20, 34, 16, 6, 18, 28, 25, 27, 5, 31, 11, 4, 17, 29, 30, 23, 24, 2, 15, 8, 1,2.39414
1, 15, 8, 21, 14, 19, 10, 12, 13, 26, 22, 3, 7, 9, 33, 32, 20, 34, 16, 6, 18, 28, 25, 27, 5, 31, 11, 4, 17, 29, 30, 23, 24, 2, 1,2.39725
1, 15, 8, 21, 14, 19, 10, 12, 13, 26, 22, 3, 7, 9, 33, 32, 20, 34, 16, 6, 18, 28, 25, 27, 5, 31, 11, 4, 17, 29, 30, 23, 24, 2, 1,2.39725
1, 15, 2, 24, 23, 30, 29, 17, 4, 11, 31, 5, 27, 25, 28, 18, 6, 16, 34, 20, 32, 33, 9, 7, 3, 22, 26, 13, 12, 10, 19, 14, 21, 8, 1,2.10096
1, 15, 8, 21, 14, 19, 10, 12, 13, 26, 22, 3, 7, 9, 33, 32, 20, 34, 16, 6, 18, 28, 25, 27, 5, 31, 11, 4, 17, 29, 30, 23, 24, 2, 1,2.39725
1, 15, 8, 21, 14, 19, 10, 12, 13, 26, 22, 3, 7, 9, 33, 32, 20, 34, 16, 6, 18, 28, 25, 27, 5, 31, 11, 4, 17, 29, 30, 23, 24, 2, 1,2.39725
1, 15, 8, 21, 14, 19, 10, 12, 13, 26, 22, 3, 7, 9, 33, 32, 20, 34, 16, 6, 18, 28, 25, 27, 5, 31, 11, 4, 17, 29, 30, 23, 24, 2, 1,2.39725
1, 15, 2, 24, 23, 30, 29, 17, 4, 11, 31, 5, 27, 25, 28, 18, 6, 16, 34, 20, 32, 33, 9, 7, 3, 22, 26, 13, 12, 10, 19, 14, 21, 8, 1,2.10096
1, 15, 8, 21, 14, 19, 10, 12, 13, 26, 22, 3, 7, 9, 33, 32, 20, 34, 16, 6, 18, 28, 25, 27, 5, 31, 11, 4, 17, 29, 30, 23, 24, 2, 1,2.39725
1, 15, 8, 21, 14, 19, 10, 12, 13, 26, 22, 3, 7, 9, 33, 32, 20, 34, 16, 6, 18, 28, 25, 27, 5, 31, 11, 4, 17, 29, 30, 23, 24, 2, 1,2.39725
1, 15, 2, 24, 23, 30, 29, 17, 4, 11, 31, 5, 27, 25, 28, 18, 6, 16, 34, 20, 32, 33, 9, 7, 3, 22, 26, 13, 12, 10, 19, 14, 21, 8, 1,2.10096
1, 15, 2, 24, 23, 30, 29, 17, 4, 11, 31, 5, 27, 25, 28, 18, 6, 16, 34, 20, 32, 33, 9, 7, 3, 22, 26, 13, 12, 10, 19, 14, 21, 8, 1,2.10096
1, 15, 8, 21, 14, 19, 10, 12, 13, 26, 22, 3, 7, 9, 33, 32, 20, 34, 16, 6, 18, 28, 25, 27, 5, 31, 11, 4, 17, 29, 30, 23, 24, 2, 1,2.39725
1, 15, 8, 21, 14, 19, 10, 12, 13, 26, 22, 3, 7, 9, 33, 32, 20, 34, 16, 6, 18, 28, 25, 27, 5, 31, 11, 4, 17, 29, 30, 23, 24, 2, 1,2.39725
1, 15, 8, 21, 14, 19, 10, 12, 13, 26, 22, 3, 7, 9, 33, 32, 20, 34, 16, 6, 18, 28, 25, 27, 5, 31, 11, 4, 17, 29, 30, 23, 24, 2, 1,2.39725
1, 15, 2, 24, 23, 30, 29, 17, 4, 11, 31, 5, 27, 25, 28, 18, 6, 16, 34, 20, 32, 33, 9, 7, 3, 22, 26, 13, 12, 10, 19, 14, 21, 8, 1,2.10096
1, 15, 2, 24, 23, 30, 29, 17, 4, 11, 31, 5, 27, 25, 28, 18, 6, 16, 34, 20, 32, 33, 9, 7, 3, 22, 26, 13, 12, 10, 19, 14, 21, 8, 1,2.10096
1, 15, 8, 21, 14, 19, 10, 12, 13, 26, 22, 3, 7, 9, 33, 32, 20, 34, 16, 6, 18, 28, 25, 27, 5, 31, 11, 4, 17, 29, 30, 23, 24, 2, 1,2.39725
1, 15, 8, 21, 14, 19, 10, 12, 13, 26, 22, 3, 7, 9, 33, 32, 20, 34, 16, 6, 18, 28, 25, 27, 5, 31, 11, 4, 17, 29, 30, 23, 24, 2, 1,2.39725
1, 15, 8, 21, 14, 19, 10, 12, 13, 26, 22, 3, 7, 9, 33, 32, 20, 34, 16, 6, 18, 28, 25, 27, 5, 31, 11, 4, 17, 29, 30, 23, 24, 2, 1,2.39725
1, 15, 8, 21, 14, 19, 10, 12, 13, 26, 22, 3, 7, 9, 33, 32, 20, 34, 16, 6, 18, 28, 25, 27, 5, 31, 11, 4, 17, 29, 30, 23, 24, 2, 1,2.39725
1, 15, 8, 21, 14, 19, 10, 12, 13, 26, 22, 3, 7, 9, 33, 32, 20, 34, 16, 6, 18, 28, 25, 27, 5, 31, 11, 4, 17, 29, 30, 23, 24, 2, 1,2.39725
1, 15, 8, 21, 14, 19, 10, 12, 13, 26, 22, 3, 7, 9, 33, 32, 20, 34, 16, 6, 18, 28, 25, 27, 5, 31, 11, 4, 17, 29, 30, 23, 24, 2, 1,2.39725
1, 15, 8, 21, 14, 19, 10, 12, 13, 26, 22, 3, 7, 9, 33, 32, 20, 34, 16, 6, 18, 28, 25, 27, 5, 31, 11, 4, 17, 29, 30, 23, 24, 2, 1,2.39725
1, 15, 8, 21, 14, 19, 10, 12, 13, 26, 22, 3, 7, 9, 33, 32, 20, 34, 16, 6, 18, 28, 25, 27, 5, 31, 11, 4, 17, 29, 30, 23, 24, 2, 1,2.39725
1, 15, 8, 21, 14, 19, 10, 12, 13, 26, 22, 3, 7, 9, 33, 32, 20, 34, 16, 6, 18, 28, 25, 27, 5, 31, 11, 4, 17, 29, 30, 23, 24, 2, 1,2.39725
1, 15, 2, 24, 23, 30, 29, 17, 4, 11, 31, 5, 27, 25, 28, 18, 6, 16, 34, 20, 32, 33, 9, 7, 3, 22, 26, 13, 12, 10, 19, 14, 21, 8, 1,2.10096
1, 15, 8, 21, 14, 19, 10, 12, 13, 26, 22, 3, 7, 9, 33, 32, 20, 34, 16, 6, 18, 28, 25, 27, 5, 31, 11, 4, 17, 29, 30, 23, 24, 2, 1,2.39725
1, 15, 8, 21, 14, 19, 10, 12, 13, 26, 22, 3, 7, 9, 33, 32, 20, 34, 16, 6, 18, 28, 25, 27, 5, 31, 11, 4, 17, 29, 30, 23, 24, 2, 1,2.39725
1, 15, 8, 21, 14, 19, 10, 12, 13, 26, 22, 3, 7, 9, 33, 32, 20, 34, 16, 6, 18, 28, 25, 27, 5, 31, 11, 4, 17, 29, 30, 23, 24, 2, 1,2.39725
1, 21, 14, 19, 10, 12, 13, 26, 22, 3, 7, 9, 33, 32, 20, 34, 16, 6, 18, 28, 25, 27, 5, 31, 11, 4, 17, 29, 30, 23, 24, 2, 15, 8, 1,2.39414
1, 15, 8, 21, 14, 19, 10, 12, 13, 26, 22, 3, 7, 9, 33, 32, 20, 34, 16, 6, 18, 28, 25, 27, 5, 31, 11, 4, 17, 29, 30, 23, 24, 2, 1,2.39725
1, 15, 8, 21, 14, 19, 10, 12, 13, 26, 22, 3, 7, 9, 33, 32, 20, 34, 16, 6, 18, 28, 25, 27, 5, 31, 11, 4, 17, 29, 30, 23, 24, 2, 1,2.39725
1, 15, 8, 21, 14, 19, 10, 12, 13, 26, 22, 3, 7, 9, 33, 32, 20, 34, 16, 6, 18, 28, 25, 27, 5, 31, 11, 4, 17, 29, 30, 23, 24, 2, 1,2.39725
1, 15, 8, 21, 14, 19, 10, 12, 13, 26, 22, 3, 7, 9, 33, 32, 20, 34, 16, 6, 18, 28, 25, 27, 5, 31, 11, 4, 17, 29, 30, 23, 24, 2, 1,2.39725
1, 15, 8, 21, 14, 19, 10, 12, 13, 26, 22, 3, 7, 9, 33, 32, 20, 34, 16, 6, 18, 28, 25, 27, 5, 31, 11, 4, 17, 29, 30, 23, 24, 2, 1,2.39725
1, 15, 8, 21, 14, 19, 10, 12, 13, 26, 22, 3, 7, 9, 33, 32, 20, 34, 16, 6, 18, 28, 25, 27, 5, 31, 11, 4, 17, 29, 30, 23, 24, 2, 1,2.39725
1, 15, 2, 24, 23, 30, 29, 17, 4, 11, 31, 5, 27, 25, 28, 18, 6, 16, 34, 20, 32, 33, 9, 7, 3, 22, 26, 13, 12, 10, 19, 14, 21, 8, 1,2.10096
1, 15, 8, 21, 14, 19, 10, 12, 13, 26, 22, 3, 7, 9, 33, 32, 20, 34, 16, 6, 18, 28, 25, 27, 5, 31, 11, 4, 17, 29, 30, 23, 24, 2, 1,2.39725
1, 15, 2, 24, 23, 30, 29, 17, 4, 11, 31, 5, 27, 25, 28, 18, 6, 16, 34, 20, 32, 33, 9, 7, 3, 22, 26, 13, 12, 10, 19, 14, 21, 8, 1,2.10096
1, 15, 8, 21, 14, 19, 10, 12, 13, 26, 22, 3, 7, 9, 33, 32, 20, 34, 16, 6, 18, 28, 25, 27, 5, 31, 11, 4, 17, 29, 30, 23, 24, 2, 1,2.39725
1, 15, 8, 21, 14, 19, 10, 12, 13, 26, 22, 3, 7, 9, 33, 32, 20, 34, 16, 6, 18, 28, 25, 27, 5, 31, 11, 4, 17, 29, 30, 23, 24, 2, 1,2.39725
1, 15, 8, 21, 14, 19, 10, 12, 13, 26, 22, 3, 7, 9, 33, 32, 20, 34, 16, 6, 18, 28, 25, 27, 5, 31, 11, 4, 17, 29, 30, 23, 24, 2, 1,2.39725
1, 15, 8, 21, 14, 19, 10, 12, 13, 26, 22, 3, 7, 9, 33, 32, 20, 34, 16, 6, 18, 28, 25, 27, 5, 31, 11, 4, 17, 29, 30, 23, 24, 2, 1,2.39725
1, 15, 8, 21, 14, 19, 10, 12, 13, 26, 22, 3, 7, 9, 33, 32, 20, 34, 16, 6, 18, 28, 25, 27, 5, 31, 11, 4, 17, 29, 30, 23, 24, 2, 1,2.39725
1, 8, 21, 14, 19, 10, 12, 13, 26, 22, 3, 7, 9, 33, 32, 20, 34, 16, 6, 18, 28, 25, 27, 5, 31, 11, 4, 17, 29, 30, 23, 24, 2, 15, 1,2.10096
1, 8, 21, 14, 19, 10, 12, 13, 26, 22, 3, 7, 9, 33, 32, 20, 34, 16, 6, 18, 28, 25, 27, 5, 31, 11, 4, 17, 29, 30, 23, 24, 2, 15, 1,2.10096
1, 15, 8, 21, 14, 19, 10, 12, 13, 26, 22, 3, 7, 9, 33, 32, 20, 34, 16, 6, 18, 28, 25, 27, 5, 31, 11, 4, 17, 29, 30, 23, 24, 2, 1,2.39725
1, 15, 8, 21, 14, 19, 10, 12, 13, 26, 22, 3, 7, 9, 33, 32, 20, 34, 16, 6, 18, 28, 25, 27, 5, 31, 11, 4, 17, 29, 30, 23, 24, 2, 1,2.39725
1, 15, 8, 21, 14, 19, 10, 12, 13, 26, 22, 3, 7, 9, 33, 32, 20, 34, 16, 6, 18, 28, 25, 27, 5, 31, 11, 4, 17, 29, 30, 23, 24, 2, 1,2.39725
1, 15, 8, 21, 14, 19, 10, 12, 13, 26, 22, 3, 7, 9, 33, 32, 20, 34, 16, 6, 18, 28, 25, 27, 5, 31, 11, 4, 17, 29, 30, 23, 24, 2, 1,2.39725
1, 15, 8, 21, 14, 19, 10, 12, 13, 26, 22, 3, 7, 9, 33, 32, 20, 34, 16, 6, 18, 28, 25, 27, 5, 31, 11, 4, 17, 29, 30, 23, 24, 2, 1,2.39725
1, 15, 2, 24, 23, 30, 29, 17, 4, 11, 31, 5, 27, 25, 28, 18, 6, 16, 34, 20, 32, 33, 9, 7, 3, 22, 26, 13, 12, 10, 19, 14, 21, 8, 1,2.10096
1, 15, 8, 21, 14, 19, 10, 12, 13, 26, 22, 3, 7, 9, 33, 32, 20, 34, 16, 6, 18, 28, 25, 27, 5, 31, 11, 4, 17, 29, 30, 23, 24, 2, 1,2.39725
1, 15, 8, 21, 14, 19, 10, 12, 13, 26, 22, 3, 7, 9, 33, 32, 20, 34, 16, 6, 18, 28, 25, 27, 5, 31, 11, 4, 17, 29, 30, 23, 24, 2, 1,2.39725
1, 15, 8, 21, 14, 19, 10, 12, 13, 26, 22, 3, 7, 9, 33, 32, 20, 34, 16, 6, 18, 28, 25, 27, 5, 31, 11, 4, 17, 29, 30, 23, 24, 2, 1,2.39725
1, 15, 8, 21, 14, 19, 10, 12, 13, 26, 22, 3, 7, 9, 33, 32, 20, 34, 16, 6, 18, 28, 25, 27, 5, 31, 11, 4, 17, 29, 30, 23, 24, 2, 1,2.39725
1, 15, 8, 21, 14, 19, 10, 12, 13, 26, 22, 3, 7, 9, 33, 32, 20, 34, 16, 6, 18, 28, 25, 27, 5, 31, 11, 4, 17, 29, 30, 23, 24, 2, 1,2.39725
1, 15, 8, 21, 14, 19, 10, 12, 13, 26, 22, 3, 7, 9, 33, 32, 20, 34, 16, 6, 18, 28, 25, 27, 5, 31, 11, 4, 17, 29, 30, 23, 24, 2, 1,2.39725
1, 15, 8, 21, 14, 19, 10, 12, 13, 26, 22, 3, 7, 9, 33, 32, 20, 34, 16, 6, 18, 28, 25, 27, 5, 31, 11, 4, 17, 29, 30, 23, 24, 2, 1,2.39725
1, 15, 8, 21, 14, 19, 10, 12, 13, 26, 22, 3, 7, 9, 33, 32, 20, 34, 16, 6, 18, 28, 25, 27, 5, 31, 11, 4, 17, 29, 30, 23, 24, 2, 1,2.39725
1, 15, 8, 21, 14, 19, 10, 12, 13, 26, 22, 3, 7, 9, 33, 32, 20, 34, 16, 6, 18, 28, 25, 27, 5, 31, 11, 4, 17, 29, 30, 23, 24, 2, 1,2.39725
1, 15, 2, 24, 23, 30, 29, 17, 4, 11, 31, 5, 27, 25, 28, 18, 6, 16, 34, 20, 32, 33, 9, 7, 3, 22, 26, 13, 12, 10, 19, 14, 21, 8, 1,2.10096
1, 15, 8, 21, 14, 19, 10, 12, 13, 26, 22, 3, 7, 9, 33, 32, 20, 34, 16, 6, 18, 28, 25, 27, 5, 31, 11, 4, 17, 29, 30, 23, 24, 2, 1,2.39725
1, 15, 8, 21, 14, 19, 10, 12, 13, 26, 22, 3, 7, 9, 33, 32, 20, 34, 16, 6, 18, 28, 25, 27, 5, 31, 11, 4, 17, 29, 30, 23, 24, 2, 1,2.39725
1, 15, 8, 21, 14, 19, 10, 12, 13, 26, 22, 3, 7, 9, 33, 32, 20, 34, 16, 6, 18, 28, 25, 27, 5, 31, 11, 4, 17, 29, 30, 23, 24, 2, 1,2.39725
1, 15, 8, 21, 14, 19, 10, 12, 13, 26, 22, 3, 7, 9, 33, 32, 20, 34, 16, 6, 18, 28, 25, 27, 5, 31, 11, 4, 17, 29, 30, 23, 24, 2, 1,2.39725
1, 15, 2, 24, 23, 30, 29, 17, 4, 11, 31, 5, 27, 25, 28, 18, 6, 16, 34, 20, 32, 33, 9, 7, 3, 22, 26, 13, 12, 10, 19, 14, 21, 8, 1,2.10096
1, 15, 8, 21, 14, 19, 10, 12, 13, 26, 22, 3, 7, 9, 33, 32, 20, 34, 16, 6, 18, 28, 25, 27, 5, 31, 11, 4, 17, 29, 30, 23, 24, 2, 1,2.39725
1, 15, 8, 21, 14, 19, 10, 12, 13, 26, 22, 3, 7, 9, 33, 32, 20, 34, 16, 6, 18, 28, 25, 27, 5, 31, 11, 4, 17, 29, 30, 23, 24, 2, 1,2.39725
1, 15, 8, 21, 14, 19, 10, 12, 13, 26, 22, 3, 7, 9, 33, 32, 20, 34, 16, 6, 18, 28, 25, 27, 5, 31, 11, 4, 17, 29, 30, 23, 24, 2, 1,2.39725
1, 15, 2, 24, 23, 30, 29, 17, 4, 11, 31, 5, 27, 25, 28, 18, 6, 16, 34, 20, 32, 33, 9, 7, 3, 22, 26, 13, 12, 10, 19, 14, 21, 8, 1,2.10096
1, 15, 8, 21, 14, 19, 10, 12, 13, 26, 22, 3, 7, 9, 33, 32, 20, 34, 16, 6, 18, 28, 25, 27, 5, 31, 11, 4, 17, 29, 30, 23, 24, 2, 1,2.39725
1, 15, 8, 21, 14, 19, 10, 12, 13, 26, 22, 3, 7, 9, 33, 32, 20, 34, 16, 6, 18, 28, 25, 27, 5, 31, 11, 4, 17, 29, 30, 23, 24, 2, 1,2.39725
1, 8, 21, 14, 19, 10, 12, 13, 26, 22, 3, 7, 9, 33, 32, 20, 34, 16, 6, 18, 28, 25, 27, 5, 31, 11, 4, 17, 29, 30, 23, 15, 24, 2, 1,2.23243
1, 21, 14, 19, 10, 12, 13, 26, 22, 3, 7, 9, 33, 32, 20, 34, 16, 6, 18, 28, 25, 27, 5, 31, 11, 4, 17, 29, 30, 23, 24, 2, 15, 8, 1,2.39414
1, 15, 2, 24, 23, 30, 29, 17, 4, 11, 31, 5, 27, 25, 28, 18, 6, 16, 34, 20, 32, 33, 9, 7, 3, 22, 26, 13, 12, 10, 19, 14, 21, 8, 1,2.10096
1, 15, 2, 24, 23, 30, 29, 17, 4, 11, 31, 5, 27, 25, 28, 18, 6, 16, 34, 20, 32, 33, 9, 7, 3, 22, 26, 13, 12, 10, 19, 14, 21, 8, 1,2.10096
1, 15, 8, 21, 14, 19, 10, 12, 13, 26, 22, 3, 7, 9, 33, 32, 20, 34, 16, 6, 18, 28, 25, 27, 5, 31, 11, 4, 17, 29, 30, 23, 24, 2, 1,2.39725
1, 15, 8, 21, 14, 19, 10, 12, 13, 26, 22, 3, 7, 9, 33, 32, 20, 34, 16, 6, 18, 28, 25, 27, 5, 31, 11, 4, 17, 29, 30, 23, 24, 2, 1,2.39725
1, 15, 8, 21, 14, 19, 10, 12, 13, 26, 22, 3, 7, 9, 33, 32, 20, 34, 16, 6, 18, 28, 25, 27, 5, 31, 11, 4, 17, 29, 30, 23, 24, 2, 1,2.39725
1, 15, 8, 21, 14, 19, 10, 12, 13, 26, 22, 3, 7, 9, 33, 32, 20, 34, 16, 6, 18, 28, 25, 27, 5, 31, 11, 4, 17, 29, 30, 23, 24, 2, 1,2.39725
1, 15, 8, 21, 14, 19, 10, 12, 13, 26, 22, 3, 7, 9, 33, 32, 20, 34, 16, 6, 18, 28, 25, 27, 5, 31, 11, 4, 17, 29, 30, 23, 24, 2, 1,2.39725
1, 15, 8, 21, 14, 19, 10, 12, 13, 26, 22, 3, 7, 9, 33, 32, 20, 34, 16, 6, 18, 28, 25, 27, 5, 31, 11, 4, 17, 29, 30, 23, 24, 2, 1,2.39725
1, 15, 8, 21, 14, 19, 10, 12, 13, 26, 22, 3, 7, 9, 33, 32, 20, 34, 16, 6, 18, 28, 25, 27, 5, 31, 11, 4, 17, 29, 30, 23, 24, 2, 1,2.39725
1, 15, 8, 21, 14, 19, 10, 12, 13, 26, 22, 3, 7, 9, 33, 32, 20, 34, 16, 6, 18, 28, 25, 27, 5, 31, 11, 4, 17, 29, 30, 23, 24, 2, 1,2.39725
1, 15, 8, 21, 14, 19, 10, 12, 13, 26, 22, 3, 7, 9, 33, 32, 20, 34, 16, 6, 18, 28, 25, 27, 5, 31, 11, 4, 17, 29, 30, 23, 24, 2, 1,2.39725
1, 15, 8, 21, 14, 19, 10, 12, 13, 26, 22, 3, 7, 9, 33, 32, 20, 34, 16, 6, 18, 28, 25, 27, 5, 31, 11, 4, 17, 29, 30, 23, 24, 2, 1,2.39725
1, 15, 8, 21, 14, 19, 10, 12, 13, 26, 22, 3, 7, 9, 33, 32, 20, 34, 16, 6, 18, 28, 25, 27, 5, 31, 11, 4, 17, 29, 30, 23, 24, 2, 1,2.39725
1, 15, 2, 24, 23, 30, 29, 17, 4, 11, 31, 5, 27, 25, 28, 18, 6, 16, 34, 20, 32, 33, 9, 7, 3, 22, 26, 13, 12, 10, 19, 14, 21, 8, 1,2.10096
1, 15, 8, 21, 14, 19, 10, 12, 13, 26, 22, 3, 7, 9, 33, 32, 20, 34, 16, 6, 18, 28, 25, 27, 5, 31, 11, 4, 17, 29, 30, 23, 24, 2, 1,2.39725
1, 15, 8, 21, 14, 19, 10, 12, 13, 26, 22, 3, 7, 9, 33, 32, 20, 34, 16, 6, 18, 28, 25, 27, 5, 31, 11, 4, 17, 29, 30, 23, 24, 2, 1,2.39725
1, 15, 8, 21, 14, 19, 10, 12, 13, 26, 22, 3, 7, 9, 33, 32, 20, 34, 16, 6, 18, 28, 25, 27, 5, 31, 11, 4, 17, 29, 30, 23, 24, 2, 1,2.39725
1, 15, 8, 21, 14, 19, 10, 12, 13, 26, 22, 3, 7, 9, 33, 32, 20, 34, 16, 6, 18, 28, 25, 27, 5, 31, 11, 4, 17, 29, 30, 23, 24, 2, 1,2.39725
1, 15, 8, 21, 14, 19, 10, 12, 13, 26, 22, 3, 7, 9, 33, 32, 20, 34, 16, 6, 18, 28, 25, 27, 5, 31, 11, 4, 17, 29, 30, 23, 24, 2, 1,2.39725
1, 15, 8, 21, 14, 19, 10, 12, 13, 26, 22, 3, 7, 9, 33, 32, 20, 34, 16, 6, 18, 28, 25, 27, 5, 31, 11, 4, 17, 29, 30, 23, 24, 2, 1,2.39725
1, 15, 8, 21, 14, 19, 10, 12, 13, 26, 22, 3, 7, 9, 33, 32, 20, 34, 16, 6, 18, 28, 25, 27, 5, 31, 11, 4, 17, 29, 30, 23, 24, 2, 1,2.39725
1, 15, 8, 21, 14, 19, 10, 12, 13, 26, 22, 3, 7, 9, 33, 32, 20, 34, 16, 6, 18, 28, 25, 27, 5, 31, 11, 4, 17, 29, 30, 23, 24, 2, 1,2.39725
1, 15, 8, 21, 14, 19, 10, 12, 13, 26, 22, 3, 7, 9, 33, 32, 20, 34, 16, 6, 18, 28, 25, 27, 5, 31, 11, 4, 17, 29, 30, 23, 24, 2, 1,2.39725
1, 15, 2, 24, 23, 30, 29, 17, 4, 11, 31, 5, 27, 25, 28, 18, 6, 16, 34, 20, 32, 33, 9, 7, 3, 22, 26, 13, 12, 10, 19, 14, 21, 8, 1,2.10096
1, 15, 8, 21, 14, 19, 10, 12, 13, 26, 22, 3, 7, 9, 33, 32, 20, 34, 16, 6, 18, 28, 25, 27, 5, 31, 11, 4, 17, 29, 30, 23, 24, 2, 1,2.39725
1, 15, 8, 21, 14, 19, 10, 12, 13, 26, 22, 3, 7, 9, 33, 32, 20, 34, 16, 6, 18, 28, 25, 27, 5, 31, 11, 4, 17, 29, 30, 23, 24, 2, 1,2.39725
1, 15, 8, 21, 14, 19, 10, 12, 13, 26, 22, 3, 7, 9, 33, 32, 20, 34, 16, 6, 18, 28, 25, 27, 5, 31, 11, 4, 17, 29, 30, 23, 24, 2, 1,2.39725
1, 15, 8, 21, 14, 19, 10, 12, 13, 26, 22, 3, 7, 9, 33, 32, 20, 34, 16, 6, 18, 28, 25, 27, 5, 31, 11, 4, 17, 29, 30, 23, 24, 2, 1,2.39725
1, 15, 8, 21, 14, 19, 10, 12, 13, 26, 22, 3, 7, 9, 33, 32, 20, 34, 16, 6, 18, 28, 25, 27, 5, 31, 11, 4, 17, 29, 30, 23, 24, 2, 1,2.39725
1, 15, 8, 21, 14, 19, 10, 12, 13, 26, 22, 3, 7, 9, 33, 32, 20, 34, 16, 6, 18, 28, 25, 27, 5, 31, 11, 4, 17, 29, 30, 23, 24, 2, 1,2.39725
1, 15, 8, 21, 14, 19, 10, 12, 13, 26, 22, 3, 7, 9, 33, 32, 20, 34, 16, 6, 18, 28, 25, 27, 5, 31, 11, 4, 17, 29, 30, 23, 24, 2, 1,2.39725
1, 15, 8, 21, 14, 19, 10, 12, 13, 26, 22, 3, 7, 9, 33, 32, 20, 34, 16, 6, 18, 28, 25, 27, 5, 31, 11, 4, 17, 29, 30, 23, 24, 2, 1,2.39725
1, 15, 8, 21, 14, 19, 10, 12, 13, 26, 22, 3, 7, 9, 33, 32, 20, 34, 16, 6, 18, 28, 25, 27, 5, 31, 11, 4, 17, 29, 30, 23, 24, 2, 1,2.39725
1, 15, 2, 24, 23, 30, 29, 17, 4, 11, 31, 5, 27, 25, 28, 18, 6, 16, 34, 20, 32, 33, 9, 7, 3, 22, 26, 13, 12, 10, 19, 14, 21, 8, 1,2.10096
1, 15, 8, 21, 14, 19, 10, 12, 13, 26, 22, 3, 7, 9, 33, 32, 20, 34, 16, 6, 18, 28, 25, 27, 5, 31, 11, 4, 17, 29, 30, 23, 24, 2, 1,2.39725
1, 15, 8, 21, 14, 19, 10, 12, 13, 26, 22, 3, 7, 9, 33, 32, 20, 34, 16, 6, 18, 28, 25, 27, 5, 31, 11, 4, 17, 29, 30, 23, 24, 2, 1,2.39725
1, 15, 8, 21, 14, 19, 10, 12, 13, 26, 22, 3, 7, 9, 33, 32, 20, 34, 16, 6, 18, 28, 25, 27, 5, 31, 11, 4, 17, 29, 30, 23, 24, 2, 1,2.39725
1, 15, 8, 21, 14, 19, 10, 12, 13, 26, 22, 3, 7, 9, 33, 32, 20, 34, 16, 6, 18, 28, 25, 27, 5, 31, 11, 4, 17, 29, 30, 23, 24, 2, 1,2.39725
1, 15, 8, 21, 14, 19, 10, 12, 13, 26, 22, 3, 7, 9, 33, 32, 20, 34, 16, 6, 18, 28, 25, 27, 5, 31, 11, 4, 17, 29, 30, 23, 24, 2, 1,2.39725
1, 15, 8, 21, 14, 19, 10, 12, 13, 26, 22, 3, 7, 9, 33, 32, 20, 34, 16, 6, 18, 28, 25, 27, 5, 31, 11, 4, 17, 29, 30, 23, 24, 2, 1,2.39725
1, 15, 8, 21, 14, 19, 10, 12, 13, 26, 22, 3, 7, 9, 33, 32, 20, 34, 16, 6, 18, 28, 25, 27, 5, 31, 11, 4, 17, 29, 30, 23, 24, 2, 1,2.39725
1, 21, 14, 19, 10, 12, 13, 26, 22, 3, 7, 9, 33, 32, 20, 34, 16, 6, 18, 28, 25, 27, 5, 31, 11, 4, 17, 29, 30, 23, 24, 2, 15, 8, 1,2.39414
1, 15, 8, 21, 14, 19, 10, 12, 13, 26, 22, 3, 7, 9, 33, 32, 20, 34, 16, 6, 18, 28, 25, 27, 5, 31, 11, 4, 17, 29, 30, 23, 24, 2, 1,2.39725
1, 15, 8, 21, 14, 19, 10, 12, 13, 26, 22, 3, 7, 9, 33, 32, 20, 34, 16, 6, 18, 28, 25, 27, 5, 31, 11, 4, 17, 29, 30, 23, 24, 2, 1,2.39725
1, 15, 2, 24, 23, 30, 29, 17, 4, 11, 31, 5, 27, 25, 28, 18, 6, 16, 34, 20, 32, 33, 9, 7, 3, 22, 26, 13, 12, 10, 19, 14, 21, 8, 1,2.10096
1, 15, 8, 21, 14, 19, 10, 12, 13, 26, 22, 3, 7, 9, 33, 32, 20, 34, 16, 6, 18, 28, 25, 27, 5, 31, 11, 4, 17, 29, 30, 23, 24, 2, 1,2.39725
1, 15, 8, 21, 14, 19, 10, 12, 13, 26, 22, 3, 7, 9, 33, 32, 20, 34, 16, 6, 18, 28, 25, 27, 5, 31, 11, 4, 17, 29, 30, 23, 24, 2, 1,2.39725
1, 15, 8, 21, 14, 19, 10, 12, 13, 26, 22, 3, 7, 9, 33, 32, 20, 34, 16, 6, 18, 28, 25, 27, 5, 31, 11, 4, 17, 29, 30, 23, 24, 2, 1,2.39725
1, 15, 8, 21, 14, 19, 10, 12, 13, 26, 22, 3, 7, 9, 33, 32, 20, 34, 16, 6, 18, 28, 25, 27, 5, 31, 11, 4, 17, 29, 30, 23, 24, 2, 1,2.39725
1, 15, 2, 24, 23, 30, 29, 17, 4, 11, 31, 5, 27, 25, 28, 18, 6, 16, 34, 20, 32, 33, 9, 7, 3, 22, 26, 13, 12, 10, 19, 14, 21, 8, 1,2.10096
1, 15, 8, 21, 14, 19, 10, 12, 13, 26, 22, 3, 7, 9, 33, 32, 20, 34, 16, 6, 18, 28, 25, 27, 5, 31, 11, 4, 17, 29, 30, 23, 24, 2, 1,2.39725
1, 15, 2, 24, 23, 30, 29, 17, 4, 11, 31, 5, 27, 25, 28, 18, 6, 16, 34, 20, 32, 33, 9, 7, 3, 22, 26, 13, 12, 10, 19, 14, 21, 8, 1,2.10096
1, 21, 14, 19, 10, 12, 13, 26, 22, 3, 7, 9, 33, 32, 20, 34, 16, 6, 18, 28, 25, 27, 5, 31, 11, 4, 17, 29, 30, 23, 24, 2, 15, 8, 1,2.39414
1, 15, 8, 21, 14, 19, 10, 12, 13, 26, 22, 3, 7, 9, 33, 32, 20, 34, 16, 6, 18, 28, 25, 27, 5, 31, 11, 4, 17, 29, 30, 23, 24, 2, 1,2.39725
1, 15, 8, 21, 14, 19, 10, 12, 13, 26, 22, 3, 7, 9, 33, 32, 20, 34, 16, 6, 18, 28, 25, 27, 5, 31, 11, 4, 17, 29, 30, 23, 24, 2, 1,2.39725
1, 15, 8, 21, 14, 19, 10, 12, 13, 26, 22, 3, 7, 9, 33, 32, 20, 34, 16, 6, 18, 28, 25, 27, 5, 31, 11, 4, 17, 29, 30, 23, 24, 2, 1,2.39725
1, 15, 8, 21, 14, 19, 10, 12, 13, 26, 22, 3, 7, 9, 33, 32, 20, 34, 16, 6, 18, 28, 25, 27, 5, 31, 11, 4, 17, 29, 30, 23, 24, 2, 1,2.39725
1, 15, 2, 24, 23, 30, 29, 17, 4, 11, 31, 5, 27, 25, 28, 18, 6, 16, 34, 20, 32, 33, 9, 7, 3, 22, 26, 13, 12, 10, 19, 14, 21, 8, 1,2.10096
1, 15, 2, 24, 23, 30, 29, 17, 4, 11, 31, 5, 27, 25, 28, 18, 6, 16, 34, 20, 32, 33, 9, 7, 3, 22, 26, 13, 12, 10, 19, 14, 21, 8, 1,2.10096
1, 15, 8, 21, 14, 19, 10, 12, 13, 26, 22, 3, 7, 9, 33, 32, 20, 34, 16, 6, 18, 28, 25, 27, 5, 31, 11, 4, 17, 29, 30, 23, 24, 2, 1,2.39725
1, 15, 8, 21, 14, 19, 10, 12, 13, 26, 22, 3, 7, 9, 33, 32, 20, 34, 16, 6, 18, 28, 25, 27, 5, 31, 11, 4, 17, 29, 30, 23, 24, 2, 1,2.39725
1, 15, 8, 21, 14, 19, 10, 12, 13, 26, 22, 3, 7, 9, 33, 32, 20, 34, 16, 6, 18, 28, 25, 27, 5, 31, 11, 4, 17, 29, 30, 23, 24, 2, 1,2.39725
1, 15, 8, 21, 14, 19, 10, 12, 13, 26, 22, 3, 7, 9, 33, 32, 20, 34, 16, 6, 18, 28, 25, 27, 5, 31, 11, 4, 17, 29, 30, 23, 24, 2, 1,2.39725
1, 15, 8, 21, 14, 19, 10, 12, 13, 26, 22, 3, 7, 9, 33, 32, 20, 34, 16, 6, 18, 28, 25, 27, 5, 31, 11, 4, 17, 29, 30, 23, 24, 2, 1,2.39725
1, 21, 14, 19, 10, 12, 13, 26, 22, 3, 7, 9, 33, 32, 20, 34, 16, 6, 18, 28, 25, 27, 5, 31, 11, 4, 17, 29, 30, 23, 24, 2, 15, 8, 1,2.39414
1, 21, 14, 19, 10, 12, 13, 26, 22, 3, 7, 9, 33, 32, 20, 34, 16, 6, 18, 28, 25, 27, 5, 31, 11, 4, 17, 29, 30, 23, 24, 2, 15, 8, 1,2.39414
1, 15, 8, 21, 14, 19, 10, 12, 13, 26, 22, 3, 7, 9, 33, 32, 20, 34, 16, 6, 18, 28, 25, 27, 5, 31, 11, 4, 17, 29, 30, 23, 24, 2, 1,2.39725
1, 15, 8, 21, 14, 19, 10, 12, 13, 26, 22, 3, 7, 9, 33, 32, 20, 34, 16, 6, 18, 28, 25, 27, 5, 31, 11, 4, 17, 29, 30, 23, 24, 2, 1,2.39725
1, 15, 8, 21, 14, 19, 10, 12, 13, 26, 22, 3, 7, 9, 33, 32, 20, 34, 16, 6, 18, 28, 25, 27, 5, 31, 11, 4, 17, 29, 30, 23, 24, 2, 1,2.39725
1, 15, 8, 21, 14, 19, 10, 12, 13, 26, 22, 3, 7, 9, 33, 32, 20, 34, 16, 6, 18, 28, 25, 27, 5, 31, 11, 4, 17, 29, 30, 23, 24, 2, 1,2.39725
1, 15, 2, 24, 23, 30, 29, 17, 4, 11, 31, 5, 27, 25, 28, 18, 6, 16, 34, 20, 32, 33, 9, 7, 3, 22, 26, 13, 12, 10, 19, 14, 21, 8, 1,2.10096
1, 15, 8, 21, 14, 19, 10, 12, 13, 26, 22, 3, 7, 9, 33, 32, 20, 34, 16, 6, 18, 28, 25, 27, 5, 31, 11, 4, 17, 29, 30, 23, 24, 2, 1,2.39725
1, 15, 8, 21, 14, 19, 10, 12, 13, 26, 22, 3, 7, 9, 33, 32, 20, 34, 16, 6, 18, 28, 25, 27, 5, 31, 11, 4, 17, 29, 30, 23, 24, 2, 1,2.39725
1, 15, 8, 21, 14, 19, 10, 12, 13, 26, 22, 3, 7, 9, 33, 32, 20, 34, 16, 6, 18, 28, 25, 27, 5, 31, 11, 4, 17, 29, 30, 23, 24, 2, 1,2.39725
1, 15, 8, 21, 14, 19, 10, 12, 13, 26, 22, 3, 7, 9, 33, 32, 20, 34, 16, 6, 18, 28, 25, 27, 5, 31, 11, 4, 17, 29, 30, 23, 24, 2, 1,2.39725
1, 15, 8, 21, 14, 19, 10, 12, 13, 26, 22, 3, 7, 9, 33, 32, 20, 34, 16, 6, 18, 28, 25, 27, 5, 31, 11, 4, 17, 29, 30, 23, 24, 2, 1,2.39725
1, 15, 8, 21, 14, 19, 10, 12, 13, 26, 22, 3, 7, 9, 33, 32, 20, 34, 16, 6, 18, 28, 25, 27, 5, 31, 11, 4, 17, 29, 30, 23, 24, 2, 1,2.39725
1, 15, 2, 24, 23, 30, 29, 17, 4, 11, 31, 5, 27, 25, 28, 18, 6, 16, 34, 20, 32, 33, 9, 7, 3, 22, 26, 13, 12, 10, 19, 14, 21, 8, 1,2.10096
1, 15, 2, 24, 23, 30, 29, 17, 4, 11, 31, 5, 27, 25, 28, 18, 6, 16, 34, 20, 32, 33, 9, 7, 3, 22, 26, 13, 12, 10, 19, 14, 21, 8, 1,2.10096
1, 15, 2, 24, 23, 30, 29, 17, 4, 11, 31, 5, 27, 25, 28, 18, 6, 16, 34, 20, 32, 33, 9, 7, 3, 22, 26, 13, 12, 10, 19, 14, 21, 8, 1,2.10096
1, 15, 8, 21, 14, 19, 10, 12, 13, 26, 22, 3, 7, 9, 33, 32, 20, 34, 16, 6, 18, 28, 25, 27, 5, 31, 11, 4, 17, 29, 30, 23, 24, 2, 1,2.39725
1, 15, 8, 21, 14, 19, 10, 12, 13, 26, 22, 3, 7, 9, 33, 32, 20, 34, 16, 6, 18, 28, 25, 27, 5, 31, 11, 4, 17, 29, 30, 23, 24, 2, 1,2.39725
1, 15, 8, 21, 14, 19, 10, 12, 13, 26, 22, 3, 7, 9, 33, 32, 20, 34, 16, 6, 18, 28, 25, 27, 5, 31, 11, 4, 17, 29, 30, 23, 24, 2, 1,2.39725
1, 15, 8, 21, 14, 19, 10, 12, 13, 26, 22, 3, 7, 9, 33, 32, 20, 34, 16, 6, 18, 28, 25, 27, 5, 31, 11, 4, 17, 29, 30, 23, 24, 2, 1,2.39725
1, 15, 8, 21, 14, 19, 10, 12, 13, 26, 22, 3, 7, 9, 33, 32, 20, 34, 16, 6, 18, 28, 25, 27, 5, 31, 11, 4, 17, 29, 30, 23, 24, 2, 1,2.39725
1, 15, 2, 24, 23, 30, 29, 17, 4, 11, 31, 5, 27, 25, 28, 18, 6, 16, 34, 20, 32, 33, 9, 7, 3, 22, 26, 13, 12, 10, 19, 14, 21, 8, 1,2.10096
1, 8, 21, 14, 19, 10, 12, 13, 26, 22, 3, 7, 9, 33, 32, 20, 34, 16, 6, 18, 28, 25, 27, 5, 31, 11, 4, 17, 29, 30, 23, 24, 2, 15, 1,2.10096
1, 15, 8, 21, 14, 19, 10, 12, 13, 26, 22, 3, 7, 9, 33, 32, 20, 34, 16, 6, 18, 28, 25, 27, 5, 31, 11, 4, 17, 29, 30, 23, 24, 2, 1,2.39725
1, 15, 8, 21, 14, 19, 10, 12, 13, 26, 22, 3, 7, 9, 33, 32, 20, 34, 16, 6, 18, 28, 25, 27, 5, 31, 11, 4, 17, 29, 30, 23, 24, 2, 1,2.39725
1, 15, 8, 21, 14, 19, 10, 12, 13, 26, 22, 3, 7, 9, 33, 32, 20, 34, 16, 6, 18, 28, 25, 27, 5, 31, 11, 4, 17, 29, 30, 23, 24, 2, 1,2.39725
1, 15, 8, 21, 14, 19, 10, 12, 13, 26, 22, 3, 7, 9, 33, 32, 20, 34, 16, 6, 18, 28, 25, 27, 5, 31, 11, 4, 17, 29, 30, 23, 24, 2, 1,2.39725
1, 15, 8, 21, 14, 19, 10, 12, 13, 26, 22, 3, 7, 9, 33, 32, 20, 34, 16, 6, 18, 28, 25, 27, 5, 31, 11, 4, 17, 29, 30, 23, 24, 2, 1,2.39725
1, 15, 8, 21, 14, 19, 10, 12, 13, 26, 22, 3, 7, 9, 33, 32, 20, 34, 16, 6, 18, 28, 25, 27, 5, 31, 11, 4, 17, 29, 30, 23, 24, 2, 1,2.39725
1, 15, 8, 21, 14, 19, 10, 12, 13, 26, 22, 3, 7, 9, 33, 32, 20, 34, 16, 6, 18, 28, 25, 27, 5, 31, 11, 4, 17, 29, 30, 23, 24, 2, 1,2.39725
1, 15, 8, 21, 14, 19, 10, 12, 13, 26, 22, 3, 7, 9, 33, 32, 20, 34, 16, 6, 18, 28, 25, 27, 5, 31, 11, 4, 17, 29, 30, 23, 24, 2, 1,2.39725
1, 15, 8, 21, 14, 19, 10, 12, 13, 26, 22, 3, 7, 9, 33, 32, 20, 34, 16, 6, 18, 28, 25, 27, 5, 31, 11, 4, 17, 29, 30, 23, 24, 2, 1,2.39725
1, 15, 8, 21, 14, 19, 10, 12, 13, 26, 22, 3, 7, 9, 33, 32, 20, 34, 16, 6, 18, 28, 25, 27, 5, 31, 11, 4, 17, 29, 30, 23, 24, 2, 1,2.39725
1, 15, 8, 21, 14, 19, 10, 12, 13, 26, 22, 3, 7, 9, 33, 32, 20, 34, 16, 6, 18, 28, 25, 27, 5, 31, 11, 4, 17, 29, 30, 23, 24, 2, 1,2.39725
1, 15, 8, 21, 14, 19, 10, 12, 13, 26, 22, 3, 7, 9, 33, 32, 20, 34, 16, 6, 18, 28, 25, 27, 5, 31, 11, 4, 17, 29, 30, 23, 24, 2, 1,2.39725
1, 15, 8, 21, 14, 19, 10, 12, 13, 26, 22, 3, 7, 9, 33, 32, 20, 34, 16, 6, 18, 28, 25, 27, 5, 31, 11, 4, 17, 29, 30, 23, 24, 2, 1,2.39725
1, 15, 8, 21, 14, 19, 10, 12, 13, 26, 22, 3, 7, 9, 33, 32, 20, 34, 16, 6, 18, 28, 25, 27, 5, 31, 11, 4, 17, 29, 30, 23, 24, 2, 1,2.39725
1, 15, 8, 21, 14, 19, 10, 12, 13, 26, 22, 3, 7, 9, 33, 32, 20, 34, 16, 6, 18, 28, 25, 27, 5, 31, 11, 4, 17, 29, 30, 23, 24, 2, 1,2.39725
1, 8, 21, 14, 19, 10, 12, 13, 26, 22, 3, 7, 9, 33, 32, 20, 34, 16, 6, 18, 28, 25, 27, 5, 31, 11, 4, 17, 29, 30, 23, 24, 15, 2, 1,2.10975
1, 8, 21, 14, 19, 10, 12, 13, 26, 22, 3, 7, 9, 33, 32, 20, 34, 16, 6, 18, 28, 25, 27, 5, 31, 11, 4, 17, 29, 30, 23, 15, 24, 2, 1,2.23243
1, 15, 8, 21, 14, 19, 10, 12, 13, 26, 22, 3, 7, 9, 33, 32, 20, 34, 16, 6, 18, 28, 25, 27, 5, 31, 11, 4, 17, 29, 30, 23, 24, 2, 1,2.39725
1, 15, 8, 21, 14, 19, 10, 12, 13, 26, 22, 3, 7, 9, 33, 32, 20, 34, 16, 6, 18, 28, 25, 27, 5, 31, 11, 4, 17, 29, 30, 23, 24, 2, 1,2.39725
1, 15, 8, 21, 14, 19, 10, 12, 13, 26, 22, 3, 7, 9, 33, 32, 20, 34, 16, 6, 18, 28, 25, 27, 5, 31, 11, 4, 17, 29, 30, 23, 24, 2, 1,2.39725
1, 15, 8, 21, 14, 19, 10, 12, 13, 26, 22, 3, 7, 9, 33, 32, 20, 34, 16, 6, 18, 28, 25, 27, 5, 31, 11, 4, 17, 29, 30, 23, 24, 2, 1,2.39725
1, 15, 8, 21, 14, 19, 10, 12, 13, 26, 22, 3, 7, 9, 33, 32, 20, 34, 16, 6, 18, 28, 25, 27, 5, 31, 11, 4, 17, 29, 30, 23, 24, 2, 1,2.39725
1, 15, 8, 21, 14, 19, 10, 12, 13, 26, 22, 3, 7, 9, 33, 32, 20, 34, 16, 6, 18, 28, 25, 27, 5, 31, 11, 4, 17, 29, 30, 23, 24, 2, 1,2.39725
1, 15, 8, 21, 14, 19, 10, 12, 13, 26, 22, 3, 7, 9, 33, 32, 20, 34, 16, 6, 18, 28, 25, 27, 5, 31, 11, 4, 17, 29, 30, 23, 24, 2, 1,2.39725
1, 15, 8, 21, 14, 19, 10, 12, 13, 26, 22, 3, 7, 9, 33, 32, 20, 34, 16, 6, 18, 28, 25, 27, 5, 31, 11, 4, 17, 29, 30, 23, 24, 2, 1,2.39725
1, 15, 8, 21, 14, 19, 10, 12, 13, 26, 22, 3, 7, 9, 33, 32, 20, 34, 16, 6, 18, 28, 25, 27, 5, 31, 11, 4, 17, 29, 30, 23, 24, 2, 1,2.39725
1, 15, 8, 21, 14, 19, 10, 12, 13, 26, 22, 3, 7, 9, 33, 32, 20, 34, 16, 6, 18, 28, 25, 27, 5, 31, 11, 4, 17, 29, 30, 23, 24, 2, 1,2.39725
1, 15, 8, 21, 14, 19, 10, 12, 13, 26, 22, 3, 7, 9, 33, 32, 20, 34, 16, 6, 18, 28, 25, 27, 5, 31, 11, 4, 17, 29, 30, 23, 24, 2, 1,2.39725
1, 15, 8, 21, 14, 19, 10, 12, 13, 26, 22, 3, 7, 9, 33, 32, 20, 34, 16, 6, 18, 28, 25, 27, 5, 31, 11, 4, 17, 29, 30, 23, 24, 2, 1,2.39725
1, 15, 8, 21, 14, 19, 10, 12, 13, 26, 22, 3, 7, 9, 33, 32, 20, 34, 16, 6, 18, 28, 25, 27, 5, 31, 11, 4, 17, 29, 30, 23, 24, 2, 1,2.39725
1, 15, 8, 21, 14, 19, 10, 12, 13, 26, 22, 3, 7, 9, 33, 32, 20, 34, 16, 6, 18, 28, 25, 27, 5, 31, 11, 4, 17, 29, 30, 23, 24, 2, 1,2.39725
1, 15, 8, 21, 14, 19, 10, 12, 13, 26, 22, 3, 7, 9, 33, 32, 20, 34, 16, 6, 18, 28, 25, 27, 5, 31, 11, 4, 17, 29, 30, 23, 24, 2, 1,2.39725
1, 15, 8, 21, 14, 19, 10, 12, 13, 26, 22, 3, 7, 9, 33, 32, 20, 34, 16, 6, 18, 28, 25, 27, 5, 31, 11, 4, 17, 29, 30, 23, 24, 2, 1,2.39725
1, 15, 8, 21, 14, 19, 10, 12, 13, 26, 22, 3, 7, 9, 33, 32, 20, 34, 16, 6, 18, 28, 25, 27, 5, 31, 11, 4, 17, 29, 30, 23, 24, 2, 1,2.39725
1, 8, 21, 14, 19, 10, 12, 13, 26, 22, 3, 7, 9, 33, 32, 20, 34, 16, 6, 18, 28, 25, 27, 5, 31, 11, 4, 17, 29, 30, 23, 24, 15, 2, 1,2.10975
1, 15, 8, 21, 14, 19, 10, 12, 13, 26, 22, 3, 7, 9, 33, 32, 20, 34, 16, 6, 18, 28, 25, 27, 5, 31, 11, 4, 17, 29, 30, 23, 24, 2, 1,2.39725
1, 15, 8, 21, 14, 19, 10, 12, 13, 26, 22, 3, 7, 9, 33, 32, 20, 34, 16, 6, 18, 28, 25, 27, 5, 31, 11, 4, 17, 29, 30, 23, 24, 2, 1,2.39725
1, 15, 8, 21, 14, 19, 10, 12, 13, 26, 22, 3, 7, 9, 33, 32, 20, 34, 16, 6, 18, 28, 25, 27, 5, 31, 11, 4, 17, 29, 30, 23, 24, 2, 1,2.39725
1, 15, 8, 21, 14, 19, 10, 12, 13, 26, 22, 3, 7, 9, 33, 32, 20, 34, 16, 6, 18, 28, 25, 27, 5, 31, 11, 4, 17, 29, 30, 23, 24, 2, 1,2.39725
1, 15, 8, 21, 14, 19, 10, 12, 13, 26, 22, 3, 7, 9, 33, 32, 20, 34, 16, 6, 18, 28, 25, 27, 5, 31, 11, 4, 17, 29, 30, 23, 24, 2, 1,2.39725
1, 15, 2, 24, 23, 30, 29, 17, 4, 11, 31, 5, 27, 25, 28, 18, 6, 16, 34, 20, 32, 33, 9, 7, 3, 22, 26, 13, 12, 10, 19, 14, 21, 8, 1,2.10096
1, 15, 2, 24, 23, 30, 29, 17, 4, 11, 31, 5, 27, 25, 28, 18, 6, 16, 34, 20, 32, 33, 9, 7, 3, 22, 26, 13, 12, 10, 19, 14, 21, 8, 1,2.10096
1, 15, 8, 21, 14, 19, 10, 12, 13, 26, 22, 3, 7, 9, 33, 32, 20, 34, 16, 6, 18, 28, 25, 27, 5, 31, 11, 4, 17, 29, 30, 23, 24, 2, 1,2.39725
1, 15, 2, 24, 23, 30, 29, 17, 4, 11, 31, 5, 27, 25, 28, 18, 6, 16, 34, 20, 32, 33, 9, 7, 3, 22, 26, 13, 12, 10, 19, 14, 21, 8, 1,2.10096
1, 8, 21, 14, 19, 10, 12, 13, 26, 22, 3, 7, 9, 33, 32, 20, 34, 16, 6, 18, 28, 25, 27, 5, 31, 11, 4, 17, 29, 30, 23, 24, 2, 15, 1,2.10096
1, 8, 21, 14, 19, 10, 12, 13, 26, 22, 3, 7, 9, 33, 32, 20, 34, 16, 6, 18, 28, 25, 27, 5, 31, 11, 4, 17, 29, 30, 23, 24, 2, 15, 1,2.10096
1, 8, 21, 14, 19, 10, 12, 13, 26, 22, 3, 7, 9, 33, 32, 20, 34, 16, 6, 18, 28, 25, 27, 5, 31, 11, 4, 17, 29, 30, 23, 24, 2, 15, 1,2.10096
1, 15, 8, 21, 14, 19, 10, 12, 13, 26, 22, 3, 7, 9, 33, 32, 20, 34, 16, 6, 18, 28, 25, 27, 5, 31, 11, 4, 17, 29, 30, 23, 24, 2, 1,2.39725
1, 15, 8, 21, 14, 19, 10, 12, 13, 26, 22, 3, 7, 9, 33, 32, 20, 34, 16, 6, 18, 28, 25, 27, 5, 31, 11, 4, 17, 29, 30, 23, 24, 2, 1,2.39725
1, 15, 8, 21, 14, 19, 10, 12, 13, 26, 22, 3, 7, 9, 33, 32, 20, 34, 16, 6, 18, 28, 25, 27, 5, 31, 11, 4, 17, 29, 30, 23, 24, 2, 1,2.39725
1, 15, 8, 21, 14, 19, 10, 12, 13, 26, 22, 3, 7, 9, 33, 32, 20, 34, 16, 6, 18, 28, 25, 27, 5, 31, 11, 4, 17, 29, 30, 23, 24, 2, 1,2.39725
1, 15, 8, 21, 14, 19, 10, 12, 13, 26, 22, 3, 7, 9, 33, 32, 20, 34, 16, 6, 18, 28, 25, 27, 5, 31, 11, 4, 17, 29, 30, 23, 24, 2, 1,2.39725
1, 15, 8, 21, 14, 19, 10, 12, 13, 26, 22, 3, 7, 9, 33, 32, 20, 34, 16, 6, 18, 28, 25, 27, 5, 31, 11, 4, 17, 29, 30, 23, 24, 2, 1,2.39725
1, 15, 8, 21, 14, 19, 10, 12, 13, 26, 22, 3, 7, 9, 33, 32, 20, 34, 16, 6, 18, 28, 25, 27, 5, 31, 11, 4, 17, 29, 30, 23, 24, 2, 1,2.39725
1, 15, 8, 21, 14, 19, 10, 12, 13, 26, 22, 3, 7, 9, 33, 32, 20, 34, 16, 6, 18, 28, 25, 27, 5, 31, 11, 4, 17, 29, 30, 23, 24, 2, 1,2.39725
1, 15, 8, 21, 14, 19, 10, 12, 13, 26, 22, 3, 7, 9, 33, 32, 20, 34, 16, 6, 18, 28, 25, 27, 5, 31, 11, 4, 17, 29, 30, 23, 24, 2, 1,2.39725
1, 15, 8, 21, 14, 19, 10, 12, 13, 26, 22, 3, 7, 9, 33, 32, 20, 34, 16, 6, 18, 28, 25, 27, 5, 31, 11, 4, 17, 29, 30, 23, 24, 2, 1,2.39725
1, 15, 8, 21, 14, 19, 10, 12, 13, 26, 22, 3, 7, 9, 33, 32, 20, 34, 16, 6, 18, 28, 25, 27, 5, 31, 11, 4, 17, 29, 30, 23, 24, 2, 1,2.39725
1, 8, 21, 14, 19, 10, 12, 13, 26, 22, 3, 7, 9, 33, 32, 20, 34, 16, 6, 18, 28, 25, 27, 5, 31, 11, 4, 17, 29, 30, 23, 24, 2, 15, 1,2.10096
1, 15, 8, 21, 14, 19, 10, 12, 13, 26, 22, 3, 7, 9, 33, 32, 20, 34, 16, 6, 18, 28, 25, 27, 5, 31, 11, 4, 17, 29, 30, 23, 24, 2, 1,2.39725
1, 15, 8, 21, 14, 19, 10, 12, 13, 26, 22, 3, 7, 9, 33, 32, 20, 34, 16, 6, 18, 28, 25, 27, 5, 31, 11, 4, 17, 29, 30, 23, 24, 2, 1,2.39725
1, 15, 8, 21, 14, 19, 10, 12, 13, 26, 22, 3, 7, 9, 33, 32, 20, 34, 16, 6, 18, 28, 25, 27, 5, 31, 11, 4, 17, 29, 30, 23, 24, 2, 1,2.39725
1, 15, 8, 21, 14, 19, 10, 12, 13, 26, 22, 3, 7, 9, 33, 32, 20, 34, 16, 6, 18, 28, 25, 27, 5, 31, 11, 4, 17, 29, 30, 23, 24, 2, 1,2.39725
1, 15, 8, 21, 14, 19, 10, 12, 13, 26, 22, 3, 7, 9, 33, 32, 20, 34, 16, 6, 18, 28, 25, 27, 5, 31, 11, 4, 17, 29, 30, 23, 24, 2, 1,2.39725
1, 15, 8, 21, 14, 19, 10, 12, 13, 26, 22, 3, 7, 9, 33, 32, 20, 34, 16, 6, 18, 28, 25, 27, 5, 31, 11, 4, 17, 29, 30, 23, 24, 2, 1,2.39725
1, 15, 8, 21, 14, 19, 10, 12, 13, 26, 22, 3, 7, 9, 33, 32, 20, 34, 16, 6, 18, 28, 25, 27, 5, 31, 11, 4, 17, 29, 30, 23, 24, 2, 1,2.39725
1, 15, 8, 21, 14, 19, 10, 12, 13, 26, 22, 3, 7, 9, 33, 32, 20, 34, 16, 6, 18, 28, 25, 27, 5, 31, 11, 4, 17, 29, 30, 23, 24, 2, 1,2.39725
1, 15, 8, 21, 14, 19, 10, 12, 13, 26, 22, 3, 7, 9, 33, 32, 20, 34, 16, 6, 18, 28, 25, 27, 5, 31, 11, 4, 17, 29, 30, 23, 24, 2, 1,2.39725
1, 15, 8, 21, 14, 19, 10, 12, 13, 26, 22, 3, 7, 9, 33, 32, 20, 34, 16, 6, 18, 28, 25, 27, 5, 31, 11, 4, 17, 29, 30, 23, 24, 2, 1,2.39725
1, 15, 8, 21, 14, 19, 10, 12, 13, 26, 22, 3, 7, 9, 33, 32, 20, 34, 16, 6, 18, 28, 25, 27, 5, 31, 11, 4, 17, 29, 30, 23, 24, 2, 1,2.39725
1, 15, 8, 21, 14, 19, 10, 12, 13, 26, 22, 3, 7, 9, 33, 32, 20, 34, 16, 6, 18, 28, 25, 27, 5, 31, 11, 4, 17, 29, 30, 23, 24, 2, 1,2.39725
1, 15, 8, 21, 14, 19, 10, 12, 13, 26, 22, 3, 7, 9, 33, 32, 20, 34, 16, 6, 18, 28, 25, 27, 5, 31, 11, 4, 17, 29, 30, 23, 24, 2, 1,2.39725
1, 15, 8, 21, 14, 19, 10, 12, 13, 26, 22, 3, 7, 9, 33, 32, 20, 34, 16, 6, 18, 28, 25, 27, 5, 31, 11, 4, 17, 29, 30, 23, 24, 2, 1,2.39725
1, 15, 8, 21, 14, 19, 10, 12, 13, 26, 22, 3, 7, 9, 33, 32, 20, 34, 16, 6, 18, 28, 25, 27, 5, 31, 11, 4, 17, 29, 30, 23, 24, 2, 1,2.39725
1, 15, 8, 21, 14, 19, 10, 12, 13, 26, 22, 3, 7, 9, 33, 32, 20, 34, 16, 6, 18, 28, 25, 27, 5, 31, 11, 4, 17, 29, 30, 23, 24, 2, 1,2.39725
1, 15, 8, 21, 14, 19, 10, 12, 13, 26, 22, 3, 7, 9, 33, 32, 20, 34, 16, 6, 18, 28, 25, 27, 5, 31, 11, 4, 17, 29, 30, 23, 24, 2, 1,2.39725
1, 15, 8, 21, 14, 19, 10, 12, 13, 26, 22, 3, 7, 9, 33, 32, 20, 34, 16, 6, 18, 28, 25, 27, 5, 31, 11, 4, 17, 29, 30, 23, 24, 2, 1,2.39725
1, 15, 8, 21, 14, 19, 10, 12, 13, 26, 22, 3, 7, 9, 33, 32, 20, 34, 16, 6, 18, 28, 25, 27, 5, 31, 11, 4, 17, 29, 30, 23, 24, 2, 1,2.39725
1, 15, 8, 21, 14, 19, 10, 12, 13, 26, 22, 3, 7, 9, 33, 32, 20, 34, 16, 6, 18, 28, 25, 27, 5, 31, 11, 4, 17, 29, 30, 23, 24, 2, 1,2.39725
1, 15, 8, 21, 14, 19, 10, 12, 13, 26, 22, 3, 7, 9, 33, 32, 20, 34, 16, 6, 18, 28, 25, 27, 5, 31, 11, 4, 17, 29, 30, 23, 24, 2, 1,2.39725
1, 15, 8, 21, 14, 19, 10, 12, 13, 26, 22, 3, 7, 9, 33, 32, 20, 34, 16, 6, 18, 28, 25, 27, 5, 31, 11, 4, 17, 29, 30, 23, 24, 2, 1,2.39725
1, 15, 8, 21, 14, 19, 10, 12, 13, 26, 22, 3, 7, 9, 33, 32, 20, 34, 16, 6, 18, 28, 25, 27, 5, 31, 11, 4, 17, 29, 30, 23, 24, 2, 1,2.39725
1, 15, 8, 21, 14, 19, 10, 12, 13, 26, 22, 3, 7, 9, 33, 32, 20, 34, 16, 6, 18, 28, 25, 27, 5, 31, 11, 4, 17, 29, 30, 23, 24, 2, 1,2.39725
1, 15, 8, 21, 14, 19, 10, 12, 13, 26, 22, 3, 7, 9, 33, 32, 20, 34, 16, 6, 18, 28, 25, 27, 5, 31, 11, 4, 17, 29, 30, 23, 24, 2, 1,2.39725
1, 21, 14, 19, 10, 12, 13, 26, 22, 3, 7, 9, 33, 32, 20, 34, 16, 6, 18, 28, 25, 27, 5, 31, 11, 4, 17, 29, 30, 23, 24, 2, 15, 8, 1,2.39414
1, 15, 8, 21, 14, 19, 10, 12, 13, 26, 22, 3, 7, 9, 33, 32, 20, 34, 16, 6, 18, 28, 25, 27, 5, 31, 11, 4, 17, 29, 30, 23, 24, 2, 1,2.39725
1, 15, 8, 21, 14, 19, 10, 12, 13, 26, 22, 3, 7, 9, 33, 32, 20, 34, 16, 6, 18, 28, 25, 27, 5, 31, 11, 4, 17, 29, 30, 23, 24, 2, 1,2.39725
1, 15, 8, 21, 14, 19, 10, 12, 13, 26, 22, 3, 7, 9, 33, 32, 20, 34, 16, 6, 18, 28, 25, 27, 5, 31, 11, 4, 17, 29, 30, 23, 24, 2, 1,2.39725
1, 15, 8, 21, 14, 19, 10, 12, 13, 26, 22, 3, 7, 9, 33, 32, 20, 34, 16, 6, 18, 28, 25, 27, 5, 31, 11, 4, 17, 29, 30, 23, 24, 2, 1,2.39725
1, 15, 8, 21, 14, 19, 10, 12, 13, 26, 22, 3, 7, 9, 33, 32, 20, 34, 16, 6, 18, 28, 25, 27, 5, 31, 11, 4, 17, 29, 30, 23, 24, 2, 1,2.39725
1, 15, 8, 21, 14, 19, 10, 12, 13, 26, 22, 3, 7, 9, 33, 32, 20, 34, 16, 6, 18, 28, 25, 27, 5, 31, 11, 4, 17, 29, 30, 23, 24, 2, 1,2.39725
1, 15, 8, 21, 14, 19, 10, 12, 13, 26, 22, 3, 7, 9, 33, 32, 20, 34, 16, 6, 18, 28, 25, 27, 5, 31, 11, 4, 17, 29, 30, 23, 24, 2, 1,2.39725
1, 15, 8, 21, 14, 19, 10, 12, 13, 26, 22, 3, 7, 9, 33, 32, 20, 34, 16, 6, 18, 28, 25, 27, 5, 31, 11, 4, 17, 29, 30, 23, 24, 2, 1,2.39725
1, 8, 21, 14, 19, 10, 12, 13, 26, 22, 3, 7, 9, 33, 32, 20, 34, 16, 6, 18, 28, 25, 27, 5, 31, 11, 4, 17, 29, 30, 23, 24, 2, 15, 1,2.10096
1, 8, 21, 14, 19, 10, 12, 13, 26, 22, 3, 7, 9, 33, 32, 20, 34, 16, 6, 18, 28, 25, 27, 5, 31, 11, 4, 17, 29, 30, 23, 24, 2, 15, 1,2.10096
1, 15, 8, 21, 14, 19, 10, 12, 13, 26, 22, 3, 7, 9, 33, 32, 20, 34, 16, 6, 18, 28, 25, 27, 5, 31, 11, 4, 17, 29, 30, 23, 24, 2, 1,2.39725
1, 15, 8, 21, 14, 19, 10, 12, 13, 26, 22, 3, 7, 9, 33, 32, 20, 34, 16, 6, 18, 28, 25, 27, 5, 31, 11, 4, 17, 29, 30, 23, 24, 2, 1,2.39725
1, 15, 2, 24, 23, 30, 29, 17, 4, 11, 31, 5, 27, 25, 28, 18, 6, 16, 34, 20, 32, 33, 9, 7, 3, 22, 26, 13, 12, 10, 19, 14, 21, 8, 1,2.10096
1, 15, 8, 21, 14, 19, 10, 12, 13, 26, 22, 3, 7, 9, 33, 32, 20, 34, 16, 6, 18, 28, 25, 27, 5, 31, 11, 4, 17, 29, 30, 23, 24, 2, 1,2.39725
1, 15, 8, 21, 14, 19, 10, 12, 13, 26, 22, 3, 7, 9, 33, 32, 20, 34, 16, 6, 18, 28, 25, 27, 5, 31, 11, 4, 17, 29, 30, 23, 24, 2, 1,2.39725
1, 15, 8, 21, 14, 19, 10, 12, 13, 26, 22, 3, 7, 9, 33, 32, 20, 34, 16, 6, 18, 28, 25, 27, 5, 31, 11, 4, 17, 29, 30, 23, 24, 2, 1,2.39725
1, 15, 2, 24, 23, 30, 29, 17, 4, 11, 31, 5, 27, 25, 28, 18, 6, 16, 34, 20, 32, 33, 9, 7, 3, 22, 26, 13, 12, 10, 19, 14, 21, 8, 1,2.10096
1, 15, 8, 21, 14, 19, 10, 12, 13, 26, 22, 3, 7, 9, 33, 32, 20, 34, 16, 6, 18, 28, 25, 27, 5, 31, 11, 4, 17, 29, 30, 23, 24, 2, 1,2.39725
1, 15, 8, 21, 14, 19, 10, 12, 13, 26, 22, 3, 7, 9, 33, 32, 20, 34, 16, 6, 18, 28, 25, 27, 5, 31, 11, 4, 17, 29, 30, 23, 24, 2, 1,2.39725
1, 15, 8, 21, 14, 19, 10, 12, 13, 26, 22, 3, 7, 9, 33, 32, 20, 34, 16, 6, 18, 28, 25, 27, 5, 31, 11, 4, 17, 29, 30, 23, 24, 2, 1,2.39725
1, 15, 8, 21, 14, 19, 10, 12, 13, 26, 22, 3, 7, 9, 33, 32, 20, 34, 16, 6, 18, 28, 25, 27, 5, 31, 11, 4, 17, 29, 30, 23, 24, 2, 1,2.39725
1, 15, 8, 21, 14, 19, 10, 12, 13, 26, 22, 3, 7, 9, 33, 32, 20, 34, 16, 6, 18, 28, 25, 27, 5, 31, 11, 4, 17, 29, 30, 23, 24, 2, 1,2.39725
1, 15, 8, 21, 14, 19, 10, 12, 13, 26, 22, 3, 7, 9, 33, 32, 20, 34, 16, 6, 18, 28, 25, 27, 5, 31, 11, 4, 17, 29, 30, 23, 24, 2, 1,2.39725
1, 15, 8, 21, 14, 19, 10, 12, 13, 26, 22, 3, 7, 9, 33, 32, 20, 34, 16, 6, 18, 28, 25, 27, 5, 31, 11, 4, 17, 29, 30, 23, 24, 2, 1,2.39725
1, 15, 8, 21, 14, 19, 10, 12, 13, 26, 22, 3, 7, 9, 33, 32, 20, 34, 16, 6, 18, 28, 25, 27, 5, 31, 11, 4, 17, 29, 30, 23, 24, 2, 1,2.39725
1, 15, 2, 24, 23, 30, 29, 17, 4, 11, 31, 5, 27, 25, 28, 18, 6, 16, 34, 20, 32, 33, 9, 7, 3, 22, 26, 13, 12, 10, 19, 14, 21, 8, 1,2.10096
1, 15, 8, 21, 14, 19, 10, 12, 13, 26, 22, 3, 7, 9, 33, 32, 20, 34, 16, 6, 18, 28, 25, 27, 5, 31, 11, 4, 17, 29, 30, 23, 24, 2, 1,2.39725
1, 15, 8, 21, 14, 19, 10, 12, 13, 26, 22, 3, 7, 9, 33, 32, 20, 34, 16, 6, 18, 28, 25, 27, 5, 31, 11, 4, 17, 29, 30, 23, 24, 2, 1,2.39725
1, 15, 8, 21, 14, 19, 10, 12, 13, 26, 22, 3, 7, 9, 33, 32, 20, 34, 16, 6, 18, 28, 25, 27, 5, 31, 11, 4, 17, 29, 30, 23, 24, 2, 1,2.39725
1, 15, 8, 21, 14, 19, 10, 12, 13, 26, 22, 3, 7, 9, 33, 32, 20, 34, 16, 6, 18, 28, 25, 27, 5, 31, 11, 4, 17, 29, 30, 23, 24, 2, 1,2.39725
1, 21, 14, 19, 10, 12, 13, 26, 22, 3, 7, 9, 33, 32, 20, 34, 16, 6, 18, 28, 25, 27, 5, 31, 11, 4, 17, 29, 30, 23, 24, 2, 15, 8, 1,2.39414
1, 21, 14, 19, 10, 12, 13, 26, 22, 3, 7, 9, 33, 32, 20, 34, 16, 6, 18, 28, 25, 27, 5, 31, 11, 4, 17, 29, 30, 23, 24, 2, 15, 8, 1,2.39414
1, 21, 14, 19, 10, 12, 13, 26, 22, 3, 7, 9, 33, 32, 20, 34, 16, 6, 18, 28, 25, 27, 5, 31, 11, 4, 17, 29, 30, 23, 24, 2, 15, 8, 1,2.39414
1, 21, 14, 19, 10, 12, 13, 26, 22, 3, 7, 9, 33, 32, 20, 34, 16, 6, 18, 28, 25, 27, 5, 31, 11, 4, 17, 29, 30, 23, 24, 2, 15, 8, 1,2.39414
1, 21, 14, 19, 10, 12, 13, 26, 22, 3, 7, 9, 33, 32, 20, 34, 16, 6, 18, 28, 25, 27, 5, 31, 11, 4, 17, 29, 30, 23, 24, 2, 15, 8, 1,2.39414
1, 21, 14, 19, 10, 12, 13, 26, 22, 3, 7, 9, 33, 32, 20, 34, 16, 6, 18, 28, 25, 27, 5, 31, 11, 4, 17, 29, 30, 23, 24, 2, 15, 8, 1,2.39414
1, 21, 14, 19, 10, 12, 13, 26, 22, 3, 7, 9, 33, 32, 20, 34, 16, 6, 18, 28, 25, 27, 5, 31, 11, 4, 17, 29, 30, 23, 24, 2, 15, 8, 1,2.39414
1, 15, 8, 21, 14, 19, 10, 12, 13, 26, 22, 3, 7, 9, 33, 32, 20, 34, 16, 6, 18, 28, 25, 27, 5, 31, 11, 4, 17, 29, 30, 23, 24, 2, 1,2.39725
1, 15, 8, 21, 14, 19, 10, 12, 13, 26, 22, 3, 7, 9, 33, 32, 20, 34, 16, 6, 18, 28, 25, 27, 5, 31, 11, 4, 17, 29, 30, 23, 24, 2, 1,2.39725
1, 15, 8, 21, 14, 19, 10, 12, 13, 26, 22, 3, 7, 9, 33, 32, 20, 34, 16, 6, 18, 28, 25, 27, 5, 31, 11, 4, 17, 29, 30, 23, 24, 2, 1,2.39725
1, 15, 8, 21, 14, 19, 10, 12, 13, 26, 22, 3, 7, 9, 33, 32, 20, 34, 16, 6, 18, 28, 25, 27, 5, 31, 11, 4, 17, 29, 30, 23, 24, 2, 1,2.39725
1, 15, 8, 21, 14, 19, 10, 12, 13, 26, 22, 3, 7, 9, 33, 32, 20, 34, 16, 6, 18, 28, 25, 27, 5, 31, 11, 4, 17, 29, 30, 23, 24, 2, 1,2.39725
1, 15, 8, 21, 14, 19, 10, 12, 13, 26, 22, 3, 7, 9, 33, 32, 20, 34, 16, 6, 18, 28, 25, 27, 5, 31, 11, 4, 17, 29, 30, 23, 24, 2, 1,2.39725
1, 15, 8, 21, 14, 19, 10, 12, 13, 26, 22, 3, 7, 9, 33, 32, 20, 34, 16, 6, 18, 28, 25, 27, 5, 31, 11, 4, 17, 29, 30, 23, 24, 2, 1,2.39725
1, 15, 2, 24, 23, 30, 29, 17, 4, 11, 31, 5, 27, 25, 28, 18, 6, 16, 34, 20, 32, 33, 9, 7, 3, 22, 26, 13, 12, 10, 19, 14, 21, 8, 1,2.10096
1, 15, 2, 24, 23, 30, 29, 17, 4, 11, 31, 5, 27, 25, 28, 18, 6, 16, 34, 20, 32, 33, 9, 7, 3, 22, 26, 13, 12, 10, 19, 14, 21, 8, 1,2.10096
1, 15, 8, 21, 14, 19, 10, 12, 13, 26, 22, 3, 7, 9, 33, 32, 20, 34, 16, 6, 18, 28, 25, 27, 5, 31, 11, 4, 17, 29, 30, 23, 24, 2, 1,2.39725
1, 15, 8, 21, 14, 19, 10, 12, 13, 26, 22, 3, 7, 9, 33, 32, 20, 34, 16, 6, 18, 28, 25, 27, 5, 31, 11, 4, 17, 29, 30, 23, 24, 2, 1,2.39725
1, 15, 8, 21, 14, 19, 10, 12, 13, 26, 22, 3, 7, 9, 33, 32, 20, 34, 16, 6, 18, 28, 25, 27, 5, 31, 11, 4, 17, 29, 30, 23, 24, 2, 1,2.39725
1, 15, 8, 21, 14, 19, 10, 12, 13, 26, 22, 3, 7, 9, 33, 32, 20, 34, 16, 6, 18, 28, 25, 27, 5, 31, 11, 4, 17, 29, 30, 23, 24, 2, 1,2.39725
1, 15, 8, 21, 14, 19, 10, 12, 13, 26, 22, 3, 7, 9, 33, 32, 20, 34, 16, 6, 18, 28, 25, 27, 5, 31, 11, 4, 17, 29, 30, 23, 24, 2, 1,2.39725
1, 15, 8, 21, 14, 19, 10, 12, 13, 26, 22, 3, 7, 9, 33, 32, 20, 34, 16, 6, 18, 28, 25, 27, 5, 31, 11, 4, 17, 29, 30, 23, 24, 2, 1,2.39725
1, 15, 8, 21, 14, 19, 10, 12, 13, 26, 22, 3, 7, 9, 33, 32, 20, 34, 16, 6, 18, 28, 25, 27, 5, 31, 11, 4, 17, 29, 30, 23, 24, 2, 1,2.39725
1, 15, 8, 21, 14, 19, 10, 12, 13, 26, 22, 3, 7, 9, 33, 32, 20, 34, 16, 6, 18, 28, 25, 27, 5, 31, 11, 4, 17, 29, 30, 23, 24, 2, 1,2.39725
1, 15, 8, 21, 14, 19, 10, 12, 13, 26, 22, 3, 7, 9, 33, 32, 20, 34, 16, 6, 18, 28, 25, 27, 5, 31, 11, 4, 17, 29, 30, 23, 24, 2, 1,2.39725
1, 15, 8, 21, 14, 19, 10, 12, 13, 26, 22, 3, 7, 9, 33, 32, 20, 34, 16, 6, 18, 28, 25, 27, 5, 31, 11, 4, 17, 29, 30, 23, 24, 2, 1,2.39725
1, 15, 8, 21, 14, 19, 10, 12, 13, 26, 22, 3, 7, 9, 33, 32, 20, 34, 16, 6, 18, 28, 25, 27, 5, 31, 11, 4, 17, 29, 30, 23, 24, 2, 1,2.39725
1, 15, 8, 21, 14, 19, 10, 12, 13, 26, 22, 3, 7, 9, 33, 32, 20, 34, 16, 6, 18, 28, 25, 27, 5, 31, 11, 4, 17, 29, 30, 23, 24, 2, 1,2.39725
1, 15, 8, 21, 14, 19, 10, 12, 13, 26, 22, 3, 7, 9, 33, 32, 20, 34, 16, 6, 18, 28, 25, 27, 5, 31, 11, 4, 17, 29, 30, 23, 24, 2, 1,2.39725
1, 15, 8, 21, 14, 19, 10, 12, 13, 26, 22, 3, 7, 9, 33, 32, 20, 34, 16, 6, 18, 28, 25, 27, 5, 31, 11, 4, 17, 29, 30, 23, 24, 2, 1,2.39725
1, 15, 8, 21, 14, 19, 10, 12, 13, 26, 22, 3, 7, 9, 33, 32, 20, 34, 16, 6, 18, 28, 25, 27, 5, 31, 11, 4, 17, 29, 30, 23, 24, 2, 1,2.39725
1, 15, 8, 21, 14, 19, 10, 12, 13, 26, 22, 3, 7, 9, 33, 32, 20, 34, 16, 6, 18, 28, 25, 27, 5, 31, 11, 4, 17, 29, 30, 23, 24, 2, 1,2.39725
1, 15, 8, 21, 14, 19, 10, 12, 13, 26, 22, 3, 7, 9, 33, 32, 20, 34, 16, 6, 18, 28, 25, 27, 5, 31, 11, 4, 17, 29, 30, 23, 24, 2, 1,2.39725
1, 15, 8, 21, 14, 19, 10, 12, 13, 26, 22, 3, 7, 9, 33, 32, 20, 34, 16, 6, 18, 28, 25, 27, 5, 31, 11, 4, 17, 29, 30, 23, 24, 2, 1,2.39725
1, 15, 8, 21, 14, 19, 10, 12, 13, 26, 22, 3, 7, 9, 33, 32, 20, 34, 16, 6, 18, 28, 25, 27, 5, 31, 11, 4, 17, 29, 30, 23, 24, 2, 1,2.39725
1, 15, 8, 21, 14, 19, 10, 12, 13, 26, 22, 3, 7, 9, 33, 32, 20, 34, 16, 6, 18, 28, 25, 27, 5, 31, 11, 4, 17, 29, 30, 23, 24, 2, 1,2.39725
1, 8, 21, 14, 19, 10, 12, 13, 26, 22, 3, 7, 9, 33, 32, 20, 34, 16, 6, 18, 28, 25, 27, 5, 31, 11, 4, 17, 29, 30, 23, 24, 2, 15, 1,2.10096
1, 15, 8, 21, 14, 19, 10, 12, 13, 26, 22, 3, 7, 9, 33, 32, 20, 34, 16, 6, 18, 28, 25, 27, 5, 31, 11, 4, 17, 29, 30, 23, 24, 2, 1,2.39725
1, 15, 8, 21, 14, 19, 10, 12, 13, 26, 22, 3, 7, 9, 33, 32, 20, 34, 16, 6, 18, 28, 25, 27, 5, 31, 11, 4, 17, 29, 30, 23, 24, 2, 1,2.39725
1, 15, 8, 21, 14, 19, 10, 12, 13, 26, 22, 3, 7, 9, 33, 32, 20, 34, 16, 6, 18, 28, 25, 27, 5, 31, 11, 4, 17, 29, 30, 23, 24, 2, 1,2.39725
1, 15, 8, 21, 14, 19, 10, 12, 13, 26, 22, 3, 7, 9, 33, 32, 20, 34, 16, 6, 18, 28, 25, 27, 5, 31, 11, 4, 17, 29, 30, 23, 24, 2, 1,2.39725
1, 15, 8, 21, 14, 19, 10, 12, 13, 26, 22, 3, 7, 9, 33, 32, 20, 34, 16, 6, 18, 28, 25, 27, 5, 31, 11, 4, 17, 29, 30, 23, 24, 2, 1,2.39725
1, 15, 2, 24, 23, 30, 29, 17, 4, 11, 31, 5, 27, 25, 28, 18, 6, 16, 34, 20, 32, 33, 9, 7, 3, 22, 26, 13, 12, 10, 14, 19, 21, 8, 1,2.14612
1, 21, 8, 14, 19, 10, 12, 13, 26, 22, 3, 7, 9, 33, 32, 20, 34, 16, 6, 18, 28, 25, 27, 5, 31, 11, 4, 17, 29, 30, 23, 24, 2, 15, 1,2.26914
1, 21, 8, 14, 19, 10, 12, 13, 26, 22, 3, 7, 9, 33, 32, 20, 34, 16, 6, 18, 28, 25, 27, 5, 31, 11, 4, 17, 29, 30, 23, 24, 2, 15, 1,2.26914
1, 15, 2, 24, 23, 30, 29, 17, 4, 11, 31, 5, 27, 25, 28, 18, 6, 16, 34, 20, 32, 33, 9, 7, 3, 22, 26, 13, 12, 10, 19, 14, 21, 8, 1,2.10096
1, 15, 2, 24, 23, 30, 29, 17, 4, 11, 31, 5, 27, 25, 28, 18, 6, 16, 34, 20, 32, 33, 9, 7, 3, 22, 26, 13, 12, 10, 19, 14, 21, 8, 1,2.10096
1, 15, 2, 24, 23, 30, 29, 17, 4, 11, 31, 5, 27, 25, 28, 18, 6, 16, 34, 20, 32, 33, 9, 7, 3, 22, 26, 13, 12, 10, 19, 14, 21, 8, 1,2.10096
1, 15, 8, 21, 14, 19, 10, 12, 13, 26, 22, 3, 7, 9, 33, 32, 20, 34, 16, 6, 18, 28, 25, 27, 5, 31, 11, 4, 17, 29, 30, 23, 24, 2, 1,2.39725
1, 15, 8, 21, 14, 19, 10, 12, 13, 26, 22, 3, 7, 9, 33, 32, 20, 34, 16, 6, 18, 28, 25, 27, 5, 31, 11, 4, 17, 29, 30, 23, 24, 2, 1,2.39725
1, 15, 8, 21, 14, 19, 10, 12, 13, 26, 22, 3, 7, 9, 33, 32, 20, 34, 16, 6, 18, 28, 25, 27, 5, 31, 11, 4, 17, 29, 30, 23, 24, 2, 1,2.39725
1, 15, 8, 21, 14, 19, 10, 12, 13, 26, 22, 3, 7, 9, 33, 32, 20, 34, 16, 6, 18, 28, 25, 27, 5, 31, 11, 4, 17, 29, 30, 23, 24, 2, 1,2.39725
1, 15, 8, 21, 14, 19, 10, 12, 13, 26, 22, 3, 7, 9, 33, 32, 20, 34, 16, 6, 18, 28, 25, 27, 5, 31, 11, 4, 17, 29, 30, 23, 24, 2, 1,2.39725
1, 15, 8, 21, 14, 19, 10, 12, 13, 26, 22, 3, 7, 9, 33, 32, 20, 34, 16, 6, 18, 28, 25, 27, 5, 31, 11, 4, 17, 29, 30, 23, 24, 2, 1,2.39725
1, 15, 2, 24, 23, 30, 29, 17, 4, 11, 31, 5, 27, 25, 28, 18, 6, 16, 34, 20, 32, 33, 9, 7, 3, 22, 26, 13, 12, 10, 19, 14, 21, 8, 1,2.10096
1, 15, 2, 24, 23, 30, 29, 17, 4, 11, 31, 5, 27, 25, 28, 18, 6, 16, 34, 20, 32, 33, 9, 7, 3, 22, 26, 13, 12, 10, 19, 14, 8, 21, 1,2.26914
1, 15, 8, 21, 14, 19, 10, 12, 13, 26, 22, 3, 7, 9, 33, 32, 20, 34, 16, 6, 18, 28, 25, 27, 5, 31, 11, 4, 17, 29, 30, 23, 24, 2, 1,2.39725
1, 15, 8, 21, 14, 19, 10, 12, 13, 26, 22, 3, 7, 9, 33, 32, 20, 34, 16, 6, 18, 28, 25, 27, 5, 31, 11, 4, 17, 29, 30, 23, 24, 2, 1,2.39725
1, 15, 8, 21, 14, 19, 10, 12, 13, 26, 22, 3, 7, 9, 33, 32, 20, 34, 16, 6, 18, 28, 25, 27, 5, 31, 11, 4, 17, 29, 30, 23, 24, 2, 1,2.39725
1, 21, 14, 19, 10, 12, 13, 26, 22, 3, 7, 9, 33, 32, 20, 34, 16, 6, 18, 28, 25, 27, 5, 31, 11, 4, 17, 29, 30, 23, 24, 2, 15, 8, 1,2.39414
1, 15, 8, 21, 14, 19, 10, 12, 13, 26, 22, 3, 7, 9, 33, 32, 20, 34, 16, 6, 18, 28, 25, 27, 5, 31, 11, 4, 17, 29, 30, 23, 24, 2, 1,2.39725
1, 15, 8, 21, 14, 19, 10, 12, 13, 26, 22, 3, 7, 9, 33, 32, 20, 34, 16, 6, 18, 28, 25, 27, 5, 31, 11, 4, 17, 29, 30, 23, 24, 2, 1,2.39725
1, 15, 8, 21, 14, 19, 10, 12, 13, 26, 22, 3, 7, 9, 33, 32, 20, 34, 16, 6, 18, 28, 25, 27, 5, 31, 11, 4, 17, 29, 30, 23, 24, 2, 1,2.39725
1, 15, 8, 21, 14, 19, 10, 12, 13, 26, 22, 3, 7, 9, 33, 32, 20, 34, 16, 6, 18, 28, 25, 27, 5, 31, 11, 4, 17, 29, 30, 23, 24, 2, 1,2.39725
1, 15, 8, 21, 14, 19, 10, 12, 13, 26, 22, 3, 7, 9, 33, 32, 20, 34, 16, 6, 18, 28, 25, 27, 5, 31, 11, 4, 17, 29, 30, 23, 24, 2, 1,2.39725
1, 15, 2, 24, 23, 30, 29, 17, 4, 11, 31, 5, 27, 25, 28, 18, 6, 16, 34, 20, 32, 33, 9, 7, 3, 22, 26, 13, 12, 10, 19, 14, 21, 8, 1,2.10096
1, 15, 8, 21, 14, 19, 10, 12, 13, 26, 22, 3, 7, 9, 33, 32, 20, 34, 16, 6, 18, 28, 25, 27, 5, 31, 11, 4, 17, 29, 30, 23, 24, 2, 1,2.39725
1, 15, 8, 21, 14, 19, 10, 12, 13, 26, 22, 3, 7, 9, 33, 32, 20, 34, 16, 6, 18, 28, 25, 27, 5, 31, 11, 4, 17, 29, 30, 23, 24, 2, 1,2.39725
1, 15, 8, 21, 14, 19, 10, 12, 13, 26, 22, 3, 7, 9, 33, 32, 20, 34, 16, 6, 18, 28, 25, 27, 5, 31, 11, 4, 17, 29, 30, 23, 24, 2, 1,2.39725
1, 15, 8, 21, 14, 19, 10, 12, 13, 26, 22, 3, 7, 9, 33, 32, 20, 34, 16, 6, 18, 28, 25, 27, 5, 31, 11, 4, 17, 29, 30, 23, 24, 2, 1,2.39725
1, 15, 8, 21, 14, 19, 10, 12, 13, 26, 22, 3, 7, 9, 33, 32, 20, 34, 16, 6, 18, 28, 25, 27, 5, 31, 11, 4, 17, 29, 30, 23, 24, 2, 1,2.39725
1, 15, 8, 21, 14, 19, 10, 12, 13, 26, 22, 3, 7, 9, 33, 32, 20, 34, 16, 6, 18, 28, 25, 27, 5, 31, 11, 4, 17, 29, 30, 23, 24, 2, 1,2.39725
1, 15, 8, 21, 14, 19, 10, 12, 13, 26, 22, 3, 7, 9, 33, 32, 20, 34, 16, 6, 18, 28, 25, 27, 5, 31, 11, 4, 17, 29, 30, 23, 24, 2, 1,2.39725
1, 15, 8, 21, 14, 19, 10, 12, 13, 26, 22, 3, 7, 9, 33, 32, 20, 34, 16, 6, 18, 28, 25, 27, 5, 31, 11, 4, 17, 29, 30, 23, 24, 2, 1,2.39725
1, 15, 2, 24, 23, 30, 29, 17, 4, 11, 31, 5, 27, 25, 28, 18, 6, 16, 34, 20, 32, 33, 9, 7, 3, 22, 26, 13, 12, 10, 19, 14, 21, 8, 1,2.10096
1, 15, 8, 21, 14, 19, 10, 12, 13, 26, 22, 3, 7, 9, 33, 32, 20, 34, 16, 6, 18, 28, 25, 27, 5, 31, 11, 4, 17, 29, 30, 23, 24, 2, 1,2.39725
1, 15, 8, 21, 14, 19, 10, 12, 13, 26, 22, 3, 7, 9, 33, 32, 20, 34, 16, 6, 18, 28, 25, 27, 5, 31, 11, 4, 17, 29, 30, 23, 24, 2, 1,2.39725
1, 15, 8, 21, 14, 19, 10, 12, 13, 26, 22, 3, 7, 9, 33, 32, 20, 34, 16, 6, 18, 28, 25, 27, 5, 31, 11, 4, 17, 29, 30, 23, 24, 2, 1,2.39725
1, 15, 8, 21, 14, 19, 10, 12, 13, 26, 22, 3, 7, 9, 33, 32, 20, 34, 16, 6, 18, 28, 25, 27, 5, 31, 11, 4, 17, 29, 30, 23, 24, 2, 1,2.39725
1, 15, 8, 21, 14, 19, 10, 12, 13, 26, 22, 3, 7, 9, 33, 32, 20, 34, 16, 6, 18, 28, 25, 27, 5, 31, 11, 4, 17, 29, 30, 23, 24, 2, 1,2.39725
1, 15, 2, 24, 23, 30, 29, 17, 4, 11, 31, 5, 27, 25, 28, 18, 6, 16, 34, 20, 32, 33, 9, 7, 3, 22, 26, 13, 12, 10, 19, 14, 21, 8, 1,2.10096
1, 8, 21, 14, 19, 10, 12, 13, 26, 22, 3, 7, 9, 33, 32, 20, 34, 16, 6, 18, 28, 25, 27, 5, 31, 11, 4, 17, 29, 30, 23, 24, 2, 15, 1,2.10096
1, 15, 8, 21, 14, 19, 10, 12, 13, 26, 22, 3, 7, 9, 33, 32, 20, 34, 16, 6, 18, 28, 25, 27, 5, 31, 11, 4, 17, 29, 30, 23, 24, 2, 1,2.39725
1, 8, 21, 14, 19, 10, 12, 13, 26, 22, 3, 7, 9, 33, 32, 20, 34, 16, 6, 18, 28, 25, 27, 5, 31, 11, 4, 17, 29, 30, 23, 15, 24, 2, 1,2.23243
1, 15, 8, 21, 14, 19, 10, 12, 13, 26, 22, 3, 7, 9, 33, 32, 20, 34, 16, 6, 18, 28, 25, 27, 5, 31, 11, 4, 17, 29, 30, 23, 24, 2, 1,2.39725
1, 15, 8, 21, 14, 19, 10, 12, 13, 26, 22, 3, 7, 9, 33, 32, 20, 34, 16, 6, 18, 28, 25, 27, 5, 31, 11, 4, 17, 29, 30, 23, 24, 2, 1,2.39725
1, 15, 8, 21, 14, 19, 10, 12, 13, 26, 22, 3, 7, 9, 33, 32, 20, 34, 16, 6, 18, 28, 25, 27, 5, 31, 11, 4, 17, 29, 30, 23, 24, 2, 1,2.39725
1, 15, 8, 21, 14, 19, 10, 12, 13, 26, 22, 3, 7, 9, 33, 32, 20, 34, 16, 6, 18, 28, 25, 27, 5, 31, 11, 4, 17, 29, 30, 23, 24, 2, 1,2.39725
1, 15, 8, 21, 14, 19, 10, 12, 13, 26, 22, 3, 7, 9, 33, 32, 20, 34, 16, 6, 18, 28, 25, 27, 5, 31, 11, 4, 17, 29, 30, 23, 24, 2, 1,2.39725
1, 15, 8, 21, 14, 19, 10, 12, 13, 26, 22, 3, 7, 9, 33, 32, 20, 34, 16, 6, 18, 28, 25, 27, 5, 31, 11, 4, 17, 29, 30, 23, 24, 2, 1,2.39725
1, 15, 8, 21, 14, 19, 10, 12, 13, 26, 22, 3, 7, 9, 33, 32, 20, 34, 16, 6, 18, 28, 25, 27, 5, 31, 11, 4, 17, 29, 30, 23, 24, 2, 1,2.39725
1, 15, 8, 21, 14, 19, 10, 12, 13, 26, 22, 3, 7, 9, 33, 32, 20, 34, 16, 6, 18, 28, 25, 27, 5, 31, 11, 4, 17, 29, 30, 23, 24, 2, 1,2.39725
1, 8, 21, 14, 19, 10, 12, 13, 26, 22, 3, 7, 9, 33, 32, 20, 34, 16, 6, 18, 28, 25, 27, 5, 31, 11, 4, 17, 29, 30, 23, 24, 2, 15, 1,2.10096
1, 15, 8, 21, 14, 19, 10, 12, 13, 26, 22, 3, 7, 9, 33, 32, 20, 34, 16, 6, 18, 28, 25, 27, 5, 31, 11, 4, 17, 29, 30, 23, 24, 2, 1,2.39725
1, 15, 8, 21, 14, 19, 10, 12, 13, 26, 22, 3, 7, 9, 33, 32, 20, 34, 16, 6, 18, 28, 25, 27, 5, 31, 11, 4, 17, 29, 30, 23, 24, 2, 1,2.39725
1, 15, 8, 21, 14, 19, 10, 12, 13, 26, 22, 3, 7, 9, 33, 32, 20, 34, 16, 6, 18, 28, 25, 27, 5, 31, 11, 4, 17, 29, 30, 23, 24, 2, 1,2.39725
1, 15, 2, 24, 23, 30, 29, 17, 4, 11, 31, 5, 27, 25, 28, 18, 6, 16, 34, 20, 32, 33, 9, 7, 3, 22, 26, 13, 12, 10, 19, 14, 21, 8, 1,2.10096
1, 15, 2, 24, 23, 30, 29, 17, 4, 11, 31, 5, 27, 25, 28, 18, 6, 16, 34, 20, 32, 33, 9, 7, 3, 22, 26, 13, 12, 10, 19, 14, 21, 8, 1,2.10096
1, 15, 2, 24, 23, 30, 29, 17, 4, 11, 31, 5, 27, 25, 28, 18, 6, 16, 34, 20, 32, 33, 9, 7, 3, 22, 26, 13, 12, 10, 19, 14, 21, 8, 1,2.10096
1, 15, 2, 24, 23, 30, 29, 17, 4, 11, 31, 5, 27, 25, 28, 18, 6, 16, 34, 20, 32, 33, 9, 7, 3, 22, 26, 13, 12, 10, 19, 14, 21, 8, 1,2.10096
1, 15, 8, 21, 14, 19, 10, 12, 13, 26, 22, 3, 7, 9, 33, 32, 20, 34, 16, 6, 18, 28, 25, 27, 5, 31, 11, 4, 17, 29, 30, 23, 24, 2, 1,2.39725
1, 15, 8, 21, 14, 19, 10, 12, 13, 26, 22, 3, 7, 9, 33, 32, 20, 34, 16, 6, 18, 28, 25, 27, 5, 31, 11, 4, 17, 29, 30, 23, 24, 2, 1,2.39725
1, 15, 8, 21, 14, 19, 10, 12, 13, 26, 22, 3, 7, 9, 33, 32, 20, 34, 16, 6, 18, 28, 25, 27, 5, 31, 11, 4, 17, 29, 30, 23, 24, 2, 1,2.39725
1, 15, 2, 24, 23, 30, 29, 17, 4, 11, 31, 5, 27, 25, 28, 18, 6, 16, 34, 20, 32, 33, 9, 7, 3, 22, 26, 13, 12, 10, 19, 14, 21, 8, 1,2.10096
1, 15, 8, 21, 14, 19, 10, 12, 13, 26, 22, 3, 7, 9, 33, 32, 20, 34, 16, 6, 18, 28, 25, 27, 5, 31, 11, 4, 17, 29, 30, 23, 24, 2, 1,2.39725
1, 15, 8, 21, 14, 19, 10, 12, 13, 26, 22, 3, 7, 9, 33, 32, 20, 34, 16, 6, 18, 28, 25, 27, 5, 31, 11, 4, 17, 29, 30, 23, 24, 2, 1,2.39725
1, 15, 8, 21, 14, 19, 10, 12, 13, 26, 22, 3, 7, 9, 33, 32, 20, 34, 16, 6, 18, 28, 25, 27, 5, 31, 11, 4, 17, 29, 30, 23, 24, 2, 1,2.39725
1, 15, 8, 21, 14, 19, 10, 12, 13, 26, 22, 3, 7, 9, 33, 32, 20, 34, 16, 6, 18, 28, 25, 27, 5, 31, 11, 4, 17, 29, 30, 23, 24, 2, 1,2.39725
1, 15, 2, 24, 23, 30, 29, 17, 4, 11, 31, 5, 27, 25, 28, 18, 6, 16, 34, 20, 32, 33, 9, 7, 3, 22, 26, 13, 12, 10, 19, 14, 21, 8, 1,2.10096
1, 15, 2, 24, 23, 30, 29, 17, 4, 11, 31, 5, 27, 25, 28, 18, 6, 16, 34, 20, 32, 33, 9, 7, 3, 22, 26, 13, 12, 10, 19, 14, 21, 8, 1,2.10096
1, 15, 8, 21, 14, 19, 10, 12, 13, 26, 22, 3, 7, 9, 33, 32, 20, 34, 16, 6, 18, 28, 25, 27, 5, 31, 11, 4, 17, 29, 30, 23, 24, 2, 1,2.39725
1, 15, 8, 21, 14, 19, 10, 12, 13, 26, 22, 3, 7, 9, 33, 32, 20, 34, 16, 6, 18, 28, 25, 27, 5, 31, 11, 4, 17, 29, 30, 23, 24, 2, 1,2.39725
1, 15, 8, 21, 14, 19, 10, 12, 13, 26, 22, 3, 7, 9, 33, 32, 20, 34, 16, 6, 18, 28, 25, 27, 5, 31, 11, 4, 17, 29, 30, 23, 24, 2, 1,2.39725
1, 15, 8, 21, 14, 19, 10, 12, 13, 26, 22, 3, 7, 9, 33, 32, 20, 34, 16, 6, 18, 28, 25, 27, 5, 31, 11, 4, 17, 29, 30, 23, 24, 2, 1,2.39725
1, 15, 8, 21, 14, 19, 10, 12, 13, 26, 22, 3, 7, 9, 33, 32, 20, 34, 16, 6, 18, 28, 25, 27, 5, 31, 11, 4, 17, 29, 30, 23, 24, 2, 1,2.39725
1, 15, 8, 21, 14, 19, 10, 12, 13, 26, 22, 3, 7, 9, 33, 32, 20, 34, 16, 6, 18, 28, 25, 27, 5, 31, 11, 4, 17, 29, 30, 23, 24, 2, 1,2.39725
1, 15, 8, 21, 14, 19, 10, 12, 13, 26, 22, 3, 7, 9, 33, 32, 20, 34, 16, 6, 18, 28, 25, 27, 5, 31, 11, 4, 17, 29, 30, 23, 24, 2, 1,2.39725
1, 15, 8, 21, 14, 19, 10, 12, 13, 26, 22, 3, 7, 9, 33, 32, 20, 34, 16, 6, 18, 28, 25, 27, 5, 31, 11, 4, 17, 29, 30, 23, 24, 2, 1,2.39725
1, 15, 8, 21, 14, 19, 10, 12, 13, 26, 22, 3, 7, 9, 33, 32, 20, 34, 16, 6, 18, 28, 25, 27, 5, 31, 11, 4, 17, 29, 30, 23, 24, 2, 1,2.39725
1, 15, 8, 21, 14, 19, 10, 12, 13, 26, 22, 3, 7, 9, 33, 32, 20, 34, 16, 6, 18, 28, 25, 27, 5, 31, 11, 4, 17, 29, 30, 23, 24, 2, 1,2.39725
1, 15, 8, 21, 14, 19, 10, 12, 13, 26, 22, 3, 7, 9, 33, 32, 20, 34, 16, 6, 18, 28, 25, 27, 5, 31, 11, 4, 17, 29, 30, 23, 24, 2, 1,2.39725
1, 15, 8, 21, 14, 19, 10, 12, 13, 26, 22, 3, 7, 9, 33, 32, 20, 34, 16, 6, 18, 28, 25, 27, 5, 31, 11, 4, 17, 29, 30, 23, 24, 2, 1,2.39725
1, 15, 8, 21, 14, 19, 10, 12, 13, 26, 22, 3, 7, 9, 33, 32, 20, 34, 16, 6, 18, 28, 25, 27, 5, 31, 11, 4, 17, 29, 30, 23, 24, 2, 1,2.39725
1, 15, 8, 21, 14, 19, 10, 12, 13, 26, 22, 3, 7, 9, 33, 32, 20, 34, 16, 6, 18, 28, 25, 27, 5, 31, 11, 4, 17, 29, 30, 23, 24, 2, 1,2.39725
1, 15, 8, 21, 14, 19, 10, 12, 13, 26, 22, 3, 7, 9, 33, 32, 20, 34, 16, 6, 18, 28, 25, 27, 5, 31, 11, 4, 17, 29, 30, 23, 24, 2, 1,2.39725
1, 15, 8, 21, 14, 19, 10, 12, 13, 26, 22, 3, 7, 9, 33, 32, 20, 34, 16, 6, 18, 28, 25, 27, 5, 31, 11, 4, 17, 29, 30, 23, 24, 2, 1,2.39725
1, 15, 8, 21, 14, 19, 10, 12, 13, 26, 22, 3, 7, 9, 33, 32, 20, 34, 16, 6, 18, 28, 25, 27, 5, 31, 11, 4, 17, 29, 30, 23, 24, 2, 1,2.39725
1, 8, 21, 14, 19, 10, 12, 13, 26, 22, 3, 7, 9, 33, 32, 20, 34, 16, 6, 18, 28, 25, 27, 5, 31, 11, 4, 17, 29, 30, 23, 24, 2, 15, 1,2.10096
1, 8, 21, 14, 19, 10, 12, 13, 26, 22, 3, 7, 9, 33, 32, 20, 34, 16, 6, 18, 28, 25, 27, 5, 31, 11, 4, 17, 29, 30, 23, 24, 2, 15, 1,2.10096
1, 15, 8, 21, 14, 19, 10, 12, 13, 26, 22, 3, 7, 9, 33, 32, 20, 34, 16, 6, 18, 28, 25, 27, 5, 31, 11, 4, 17, 29, 30, 23, 24, 2, 1,2.39725
1, 15, 8, 21, 14, 19, 10, 12, 13, 26, 22, 3, 7, 9, 33, 32, 20, 34, 16, 6, 18, 28, 25, 27, 5, 31, 11, 4, 17, 29, 30, 23, 24, 2, 1,2.39725
1, 8, 21, 14, 19, 10, 12, 13, 26, 22, 3, 7, 9, 33, 32, 20, 34, 16, 6, 18, 28, 25, 27, 5, 31, 11, 4, 17, 29, 30, 23, 24, 2, 15, 1,2.10096
1, 21, 14, 19, 10, 12, 13, 26, 22, 3, 7, 9, 33, 32, 20, 34, 16, 6, 18, 28, 25, 27, 5, 31, 11, 4, 17, 29, 30, 23, 24, 2, 15, 8, 1,2.39414
1, 15, 8, 21, 14, 19, 10, 12, 13, 26, 22, 3, 7, 9, 33, 32, 20, 34, 16, 6, 18, 28, 25, 27, 5, 31, 11, 4, 17, 29, 30, 23, 24, 2, 1,2.39725
1, 15, 8, 21, 14, 19, 10, 12, 13, 26, 22, 3, 7, 9, 33, 32, 20, 34, 16, 6, 18, 28, 25, 27, 5, 31, 11, 4, 17, 29, 30, 23, 24, 2, 1,2.39725
1, 21, 14, 19, 10, 12, 13, 26, 22, 3, 7, 9, 33, 32, 20, 34, 16, 6, 18, 28, 25, 27, 5, 31, 11, 4, 17, 29, 30, 23, 24, 2, 15, 8, 1,2.39414
1, 15, 8, 21, 14, 19, 10, 12, 13, 26, 22, 3, 7, 9, 33, 32, 20, 34, 16, 6, 18, 28, 25, 27, 5, 31, 11, 4, 17, 29, 30, 23, 24, 2, 1,2.39725
1, 15, 8, 21, 14, 19, 10, 12, 13, 26, 22, 3, 7, 9, 33, 32, 20, 34, 16, 6, 18, 28, 25, 27, 5, 31, 11, 4, 17, 29, 30, 23, 24, 2, 1,2.39725
1, 15, 8, 21, 14, 19, 10, 12, 13, 26, 22, 3, 7, 9, 33, 32, 20, 34, 16, 6, 18, 28, 25, 27, 5, 31, 11, 4, 17, 29, 30, 23, 24, 2, 1,2.39725
1, 15, 8, 21, 14, 19, 10, 12, 13, 26, 22, 3, 7, 9, 33, 32, 20, 34, 16, 6, 18, 28, 25, 27, 5, 31, 11, 4, 17, 29, 30, 23, 24, 2, 1,2.39725
1, 15, 8, 21, 14, 19, 10, 12, 13, 26, 22, 3, 7, 9, 33, 32, 20, 34, 16, 6, 18, 28, 25, 27, 5, 31, 11, 4, 17, 29, 30, 23, 24, 2, 1,2.39725
1, 15, 8, 21, 14, 19, 10, 12, 13, 26, 22, 3, 7, 9, 33, 32, 20, 34, 16, 6, 18, 28, 25, 27, 5, 31, 11, 4, 17, 29, 30, 23, 24, 2, 1,2.39725
1, 15, 8, 21, 14, 19, 10, 12, 13, 26, 22, 3, 7, 9, 33, 32, 20, 34, 16, 6, 18, 28, 25, 27, 5, 31, 11, 4, 17, 29, 30, 23, 24, 2, 1,2.39725
1, 21, 14, 19, 10, 12, 13, 26, 22, 3, 7, 9, 33, 32, 20, 34, 16, 6, 18, 28, 25, 27, 5, 31, 11, 4, 17, 29, 30, 23, 24, 2, 15, 8, 1,2.39414
1, 15, 8, 21, 14, 19, 10, 12, 13, 26, 22, 3, 7, 9, 33, 32, 20, 34, 16, 6, 18, 28, 25, 27, 5, 31, 11, 4, 17, 29, 30, 23, 24, 2, 1,2.39725
1, 15, 8, 21, 14, 19, 10, 12, 13, 26, 22, 3, 7, 9, 33, 32, 20, 34, 16, 6, 18, 28, 25, 27, 5, 31, 11, 4, 17, 29, 30, 23, 24, 2, 1,2.39725
1, 15, 8, 21, 14, 19, 10, 12, 13, 26, 22, 3, 7, 9, 33, 32, 20, 34, 16, 6, 18, 28, 25, 27, 5, 31, 11, 4, 17, 29, 30, 23, 24, 2, 1,2.39725
1, 15, 8, 21, 14, 19, 10, 12, 13, 26, 22, 3, 7, 9, 33, 32, 20, 34, 16, 6, 18, 28, 25, 27, 5, 31, 11, 4, 17, 29, 30, 23, 24, 2, 1,2.39725
1, 15, 8, 21, 14, 19, 10, 12, 13, 26, 22, 3, 7, 9, 33, 32, 20, 34, 16, 6, 18, 28, 25, 27, 5, 31, 11, 4, 17, 29, 30, 23, 24, 2, 1,2.39725
1, 15, 8, 21, 14, 19, 10, 12, 13, 26, 22, 3, 7, 9, 33, 32, 20, 34, 16, 6, 18, 28, 25, 27, 5, 31, 11, 4, 17, 29, 30, 23, 24, 2, 1,2.39725
1, 15, 8, 21, 14, 19, 10, 12, 13, 26, 22, 3, 7, 9, 33, 32, 20, 34, 16, 6, 18, 28, 25, 27, 5, 31, 11, 4, 17, 29, 30, 23, 24, 2, 1,2.39725
1, 15, 8, 21, 14, 19, 10, 12, 13, 26, 22, 3, 7, 9, 33, 32, 20, 34, 16, 6, 18, 28, 25, 27, 5, 31, 11, 4, 17, 29, 30, 23, 24, 2, 1,2.39725
1, 15, 2, 24, 23, 30, 29, 17, 4, 11, 31, 5, 27, 25, 28, 18, 6, 16, 34, 20, 32, 33, 9, 7, 3, 22, 26, 13, 12, 10, 19, 14, 21, 8, 1,2.10096
1, 15, 2, 24, 23, 30, 29, 17, 4, 11, 31, 5, 27, 25, 28, 18, 6, 16, 34, 20, 32, 33, 9, 7, 3, 22, 26, 13, 12, 10, 19, 14, 21, 8, 1,2.10096
1, 15, 8, 21, 14, 19, 10, 12, 13, 26, 22, 3, 7, 9, 33, 32, 20, 34, 16, 6, 18, 28, 25, 27, 5, 31, 11, 4, 17, 29, 30, 23, 24, 2, 1,2.39725
1, 15, 8, 21, 14, 19, 10, 12, 13, 26, 22, 3, 7, 9, 33, 32, 20, 34, 16, 6, 18, 28, 25, 27, 5, 31, 11, 4, 17, 29, 30, 23, 24, 2, 1,2.39725
1, 15, 8, 21, 14, 19, 10, 12, 13, 26, 22, 3, 7, 9, 33, 32, 20, 34, 16, 6, 18, 28, 25, 27, 5, 31, 11, 4, 17, 29, 30, 23, 24, 2, 1,2.39725
1, 15, 8, 21, 14, 19, 10, 12, 13, 26, 22, 3, 7, 9, 33, 32, 20, 34, 16, 6, 18, 28, 25, 27, 5, 31, 11, 4, 17, 29, 30, 23, 24, 2, 1,2.39725
1, 15, 8, 21, 14, 19, 10, 12, 13, 26, 22, 3, 7, 9, 33, 32, 20, 34, 16, 6, 18, 28, 25, 27, 5, 31, 11, 4, 17, 29, 30, 23, 24, 2, 1,2.39725
1, 15, 8, 21, 14, 19, 10, 12, 13, 26, 22, 3, 7, 9, 33, 32, 20, 34, 16, 6, 18, 28, 25, 27, 5, 31, 11, 4, 17, 29, 30, 23, 24, 2, 1,2.39725
1, 15, 8, 21, 14, 19, 10, 12, 13, 26, 22, 3, 7, 9, 33, 32, 20, 34, 16, 6, 18, 28, 25, 27, 5, 31, 11, 4, 17, 29, 30, 23, 24, 2, 1,2.39725
1, 21, 14, 19, 10, 12, 13, 26, 22, 3, 7, 9, 33, 32, 20, 34, 16, 6, 18, 28, 25, 27, 5, 31, 11, 4, 17, 29, 30, 23, 24, 2, 15, 8, 1,2.39414
1, 15, 8, 21, 14, 19, 10, 12, 13, 26, 22, 3, 7, 9, 33, 32, 20, 34, 16, 6, 18, 28, 25, 27, 5, 31, 11, 4, 17, 29, 30, 23, 24, 2, 1,2.39725
1, 15, 8, 21, 14, 19, 10, 12, 13, 26, 22, 3, 7, 9, 33, 32, 20, 34, 16, 6, 18, 28, 25, 27, 5, 31, 11, 4, 17, 29, 30, 23, 24, 2, 1,2.39725
1, 15, 2, 24, 23, 30, 29, 17, 4, 11, 31, 5, 27, 25, 28, 16, 6, 18, 34, 20, 32, 33, 9, 7, 3, 22, 26, 13, 12, 10, 19, 14, 21, 8, 1,2.27781
1, 15, 8, 21, 14, 19, 10, 12, 13, 26, 22, 3, 7, 9, 33, 32, 20, 34, 16, 6, 18, 28, 25, 27, 5, 31, 11, 4, 17, 29, 30, 23, 24, 2, 1,2.39725
1, 15, 8, 21, 14, 19, 10, 12, 13, 26, 22, 3, 7, 9, 33, 32, 20, 34, 16, 6, 18, 28, 25, 27, 5, 31, 11, 4, 17, 29, 30, 23, 24, 2, 1,2.39725
1, 15, 8, 21, 14, 19, 10, 12, 13, 26, 22, 3, 7, 9, 33, 32, 20, 34, 16, 6, 18, 28, 25, 27, 5, 31, 11, 4, 17, 29, 30, 23, 24, 2, 1,2.39725
1, 15, 8, 21, 14, 19, 10, 12, 13, 26, 22, 3, 7, 9, 33, 32, 20, 34, 16, 6, 18, 28, 25, 27, 5, 31, 11, 4, 17, 29, 30, 23, 24, 2, 1,2.39725
1, 15, 8, 21, 14, 19, 10, 12, 13, 26, 22, 3, 7, 9, 33, 32, 20, 34, 16, 6, 18, 28, 25, 27, 5, 31, 11, 4, 17, 29, 30, 23, 24, 2, 1,2.39725
1, 15, 8, 21, 14, 19, 10, 12, 13, 26, 22, 3, 7, 9, 33, 32, 20, 34, 16, 6, 18, 28, 25, 27, 5, 31, 11, 4, 17, 29, 30, 23, 24, 2, 1,2.39725
1, 15, 8, 21, 14, 19, 10, 12, 13, 26, 22, 3, 7, 9, 33, 32, 20, 34, 16, 6, 18, 28, 25, 27, 5, 31, 11, 4, 17, 29, 30, 23, 24, 2, 1,2.39725
1, 15, 8, 21, 14, 19, 10, 12, 13, 26, 22, 3, 7, 9, 33, 32, 20, 34, 16, 6, 18, 28, 25, 27, 5, 31, 11, 4, 17, 29, 30, 23, 24, 2, 1,2.39725
1, 15, 8, 21, 14, 19, 10, 12, 13, 26, 22, 3, 7, 9, 33, 32, 20, 34, 16, 6, 18, 28, 25, 27, 5, 31, 11, 4, 17, 29, 30, 23, 24, 2, 1,2.39725
1, 15, 8, 21, 14, 19, 10, 12, 13, 26, 22, 3, 7, 9, 33, 32, 20, 34, 16, 6, 18, 28, 25, 27, 5, 31, 11, 4, 17, 29, 30, 23, 24, 2, 1,2.39725
1, 15, 8, 21, 14, 19, 10, 12, 13, 26, 22, 3, 7, 9, 33, 32, 20, 34, 16, 6, 18, 28, 25, 27, 5, 31, 11, 4, 17, 29, 30, 23, 24, 2, 1,2.39725
1, 15, 8, 21, 14, 19, 10, 12, 13, 26, 22, 3, 7, 9, 33, 32, 20, 34, 16, 6, 18, 28, 25, 27, 5, 31, 11, 4, 17, 29, 30, 23, 24, 2, 1,2.39725
1, 15, 8, 21, 14, 19, 10, 12, 13, 26, 22, 3, 7, 9, 33, 32, 20, 34, 16, 6, 18, 28, 25, 27, 5, 31, 11, 4, 17, 29, 30, 23, 24, 2, 1,2.39725
1, 15, 8, 21, 14, 19, 10, 12, 13, 26, 22, 3, 7, 9, 33, 32, 20, 34, 16, 6, 18, 28, 25, 27, 5, 31, 11, 4, 17, 29, 30, 23, 24, 2, 1,2.39725
1, 15, 8, 21, 14, 19, 10, 12, 13, 26, 22, 3, 7, 9, 33, 32, 20, 34, 16, 6, 18, 28, 25, 27, 5, 31, 11, 4, 17, 29, 30, 23, 24, 2, 1,2.39725
1, 15, 8, 21, 14, 19, 10, 12, 13, 26, 22, 3, 7, 9, 33, 32, 20, 34, 16, 6, 18, 28, 25, 27, 5, 31, 11, 4, 17, 29, 30, 23, 24, 2, 1,2.39725
1, 15, 8, 21, 14, 19, 10, 12, 13, 26, 22, 3, 7, 9, 33, 32, 20, 34, 16, 6, 18, 28, 25, 27, 5, 31, 11, 4, 17, 29, 30, 23, 24, 2, 1,2.39725
1, 15, 8, 21, 14, 19, 10, 12, 13, 26, 22, 3, 7, 9, 33, 32, 20, 34, 16, 6, 18, 28, 25, 27, 5, 31, 11, 4, 17, 29, 30, 23, 24, 2, 1,2.39725
1, 15, 8, 21, 14, 19, 10, 12, 13, 26, 22, 3, 7, 9, 33, 32, 20, 34, 16, 6, 18, 28, 25, 27, 5, 31, 11, 4, 17, 29, 30, 23, 24, 2, 1,2.39725
1, 15, 8, 21, 14, 19, 10, 12, 13, 26, 22, 3, 7, 9, 33, 32, 20, 34, 16, 6, 18, 28, 25, 27, 5, 31, 11, 4, 17, 29, 30, 23, 24, 2, 1,2.39725
1, 15, 8, 21, 14, 19, 10, 12, 13, 26, 22, 3, 7, 9, 33, 32, 20, 34, 16, 6, 18, 28, 25, 27, 5, 31, 11, 4, 17, 29, 30, 23, 24, 2, 1,2.39725
1, 15, 8, 21, 14, 19, 10, 12, 13, 26, 22, 3, 7, 9, 33, 32, 20, 34, 16, 6, 18, 28, 25, 27, 5, 31, 11, 4, 17, 29, 30, 23, 24, 2, 1,2.39725
1, 15, 8, 21, 14, 19, 10, 12, 13, 26, 22, 3, 7, 9, 33, 32, 20, 34, 16, 6, 18, 28, 25, 27, 5, 31, 11, 4, 17, 29, 30, 23, 24, 2, 1,2.39725
1, 15, 8, 21, 14, 19, 10, 12, 13, 26, 22, 3, 7, 9, 33, 32, 20, 34, 16, 6, 18, 28, 25, 27, 5, 31, 11, 4, 17, 29, 30, 23, 24, 2, 1,2.39725
1, 21, 14, 19, 10, 12, 13, 26, 22, 3, 7, 9, 33, 32, 20, 34, 16, 6, 18, 28, 25, 27, 5, 31, 11, 4, 17, 29, 30, 23, 24, 2, 15, 8, 1,2.39414
1, 21, 14, 19, 10, 12, 13, 26, 22, 3, 7, 9, 33, 32, 20, 34, 16, 6, 18, 28, 25, 27, 5, 31, 11, 4, 17, 29, 30, 23, 24, 2, 15, 8, 1,2.39414
1, 21, 14, 19, 10, 12, 13, 26, 22, 3, 7, 9, 33, 32, 20, 34, 16, 6, 18, 28, 25, 27, 5, 31, 11, 4, 17, 29, 30, 23, 24, 2, 15, 8, 1,2.39414
1, 8, 21, 14, 19, 10, 12, 13, 26, 22, 3, 7, 9, 33, 32, 20, 34, 16, 6, 18, 28, 25, 27, 5, 31, 11, 4, 17, 29, 30, 23, 24, 2, 15, 1,2.10096
1, 8, 21, 14, 19, 10, 12, 13, 26, 22, 3, 7, 9, 33, 32, 20, 34, 16, 6, 18, 28, 25, 27, 5, 31, 11, 4, 17, 29, 30, 23, 24, 2, 15, 1,2.10096
1, 15, 2, 24, 23, 30, 29, 17, 4, 11, 31, 5, 27, 25, 28, 18, 6, 16, 34, 20, 32, 33, 9, 7, 3, 22, 26, 13, 12, 10, 19, 14, 21, 8, 1,2.10096
1, 15, 2, 24, 23, 30, 29, 17, 4, 11, 31, 5, 27, 25, 28, 18, 6, 16, 34, 20, 32, 33, 9, 7, 3, 22, 26, 13, 12, 10, 19, 14, 21, 8, 1,2.10096
1, 15, 8, 21, 14, 19, 10, 12, 13, 26, 22, 3, 7, 9, 33, 32, 20, 34, 16, 6, 18, 28, 25, 27, 5, 31, 11, 4, 17, 29, 30, 23, 24, 2, 1,2.39725
1, 15, 8, 21, 14, 19, 10, 12, 13, 26, 22, 3, 7, 9, 33, 32, 20, 34, 16, 6, 18, 28, 25, 27, 5, 31, 11, 4, 17, 29, 30, 23, 24, 2, 1,2.39725
1, 15, 8, 21, 14, 19, 10, 12, 13, 26, 22, 3, 7, 9, 33, 32, 20, 34, 16, 6, 18, 28, 25, 27, 5, 31, 11, 4, 17, 29, 30, 23, 24, 2, 1,2.39725
1, 15, 8, 21, 14, 19, 10, 12, 13, 26, 22, 3, 7, 9, 33, 32, 20, 34, 16, 6, 18, 28, 25, 27, 5, 31, 11, 4, 17, 29, 30, 23, 24, 2, 1,2.39725
1, 15, 8, 21, 14, 19, 10, 12, 13, 26, 22, 3, 7, 9, 33, 32, 20, 34, 16, 6, 18, 28, 25, 27, 5, 31, 11, 4, 17, 29, 30, 23, 24, 2, 1,2.39725
1, 15, 8, 21, 14, 19, 10, 12, 13, 26, 22, 3, 7, 9, 33, 32, 20, 34, 16, 6, 18, 28, 25, 27, 5, 31, 11, 4, 17, 29, 30, 23, 24, 2, 1,2.39725
1, 15, 8, 21, 14, 19, 10, 12, 13, 26, 22, 3, 7, 9, 33, 32, 20, 34, 16, 6, 18, 28, 25, 27, 5, 31, 11, 4, 17, 29, 30, 23, 24, 2, 1,2.39725
1, 15, 8, 21, 14, 19, 10, 12, 13, 26, 22, 3, 7, 9, 33, 32, 20, 34, 16, 6, 18, 28, 25, 27, 5, 31, 11, 4, 17, 29, 30, 23, 24, 2, 1,2.39725
1, 15, 8, 21, 14, 19, 10, 12, 13, 26, 22, 3, 7, 9, 33, 32, 20, 34, 16, 6, 18, 28, 25, 27, 5, 31, 11, 4, 17, 29, 30, 23, 24, 2, 1,2.39725
1, 15, 8, 21, 14, 19, 10, 12, 13, 26, 22, 3, 7, 9, 33, 32, 20, 34, 16, 6, 18, 28, 25, 27, 5, 31, 11, 4, 17, 29, 30, 23, 24, 2, 1,2.39725
1, 15, 8, 21, 14, 19, 10, 12, 13, 26, 22, 3, 7, 9, 33, 32, 20, 34, 16, 6, 18, 28, 25, 27, 5, 31, 11, 4, 17, 29, 30, 23, 24, 2, 1,2.39725
1, 15, 8, 21, 14, 19, 10, 12, 13, 26, 22, 3, 7, 9, 33, 32, 20, 34, 16, 6, 18, 28, 25, 27, 5, 31, 11, 4, 17, 29, 30, 23, 24, 2, 1,2.39725
1, 15, 8, 21, 14, 19, 10, 12, 13, 26, 22, 3, 7, 9, 33, 32, 20, 34, 16, 6, 18, 28, 25, 27, 5, 31, 11, 4, 17, 29, 30, 23, 24, 2, 1,2.39725
1, 15, 2, 24, 23, 30, 29, 17, 4, 11, 31, 5, 27, 25, 28, 18, 6, 16, 34, 20, 32, 33, 9, 7, 3, 22, 26, 13, 12, 10, 19, 14, 21, 8, 1,2.10096
1, 15, 8, 21, 14, 19, 10, 12, 13, 26, 22, 3, 7, 9, 33, 32, 20, 34, 16, 6, 18, 28, 25, 27, 5, 31, 11, 4, 17, 29, 30, 23, 24, 2, 1,2.39725
1, 15, 8, 21, 14, 19, 10, 12, 13, 26, 22, 3, 7, 9, 33, 32, 20, 34, 16, 6, 18, 28, 25, 27, 5, 31, 11, 4, 17, 29, 30, 23, 24, 2, 1,2.39725
1, 15, 8, 21, 14, 19, 10, 12, 13, 26, 22, 3, 7, 9, 33, 32, 20, 34, 16, 6, 18, 28, 25, 27, 5, 31, 11, 4, 17, 29, 30, 23, 24, 2, 1,2.39725
1, 15, 8, 21, 14, 19, 10, 12, 13, 26, 22, 3, 7, 9, 33, 32, 20, 34, 16, 6, 18, 28, 25, 27, 5, 31, 11, 4, 17, 29, 30, 23, 24, 2, 1,2.39725
1, 15, 8, 21, 14, 19, 10, 12, 13, 26, 22, 3, 7, 9, 33, 32, 20, 34, 16, 6, 18, 28, 25, 27, 5, 31, 11, 4, 17, 29, 30, 23, 24, 2, 1,2.39725
1, 15, 8, 21, 14, 19, 10, 12, 13, 26, 22, 3, 7, 9, 33, 32, 20, 34, 16, 6, 18, 28, 25, 27, 5, 31, 11, 4, 17, 29, 30, 23, 24, 2, 1,2.39725
1, 15, 8, 21, 14, 19, 10, 12, 13, 26, 22, 3, 7, 9, 33, 32, 20, 34, 16, 6, 18, 28, 25, 27, 5, 31, 11, 4, 17, 29, 30, 23, 24, 2, 1,2.39725
1, 15, 8, 21, 14, 19, 10, 12, 13, 26, 22, 3, 7, 9, 33, 32, 20, 34, 16, 6, 18, 28, 25, 27, 5, 31, 11, 4, 17, 29, 30, 23, 24, 2, 1,2.39725
1, 15, 8, 21, 14, 19, 10, 12, 13, 26, 22, 3, 7, 9, 33, 32, 20, 34, 16, 6, 18, 28, 25, 27, 5, 31, 11, 4, 17, 29, 30, 23, 24, 2, 1,2.39725
1, 15, 8, 21, 14, 19, 10, 12, 13, 26, 22, 3, 7, 9, 33, 32, 20, 34, 16, 6, 18, 28, 25, 27, 5, 31, 11, 4, 17, 29, 30, 23, 24, 2, 1,2.39725
1, 15, 8, 21, 14, 19, 10, 12, 13, 26, 22, 3, 7, 9, 33, 32, 20, 34, 16, 6, 18, 28, 25, 27, 5, 31, 11, 4, 17, 29, 30, 23, 24, 2, 1,2.39725
1, 15, 8, 21, 14, 19, 10, 12, 13, 26, 22, 3, 7, 9, 33, 32, 20, 34, 16, 6, 18, 28, 25, 27, 5, 31, 11, 4, 17, 29, 30, 23, 24, 2, 1,2.39725
1, 15, 8, 21, 14, 19, 10, 12, 13, 26, 22, 3, 7, 9, 33, 32, 20, 34, 16, 6, 18, 28, 25, 27, 5, 31, 11, 4, 17, 29, 30, 23, 24, 2, 1,2.39725
1, 15, 8, 21, 14, 19, 10, 12, 13, 26, 22, 3, 7, 9, 33, 32, 20, 34, 16, 6, 18, 28, 25, 27, 5, 31, 11, 4, 17, 29, 30, 23, 24, 2, 1,2.39725
1, 8, 21, 14, 19, 10, 12, 13, 26, 22, 3, 7, 9, 33, 32, 20, 34, 16, 6, 18, 28, 25, 27, 5, 31, 11, 4, 17, 29, 30, 23, 24, 2, 15, 1,2.10096
1, 15, 8, 21, 14, 19, 10, 12, 13, 26, 22, 3, 7, 9, 33, 32, 20, 34, 16, 6, 18, 28, 25, 27, 5, 31, 11, 4, 17, 29, 30, 23, 24, 2, 1,2.39725
1, 15, 8, 21, 14, 19, 10, 12, 13, 26, 22, 3, 7, 9, 33, 32, 20, 34, 16, 6, 18, 28, 25, 27, 5, 31, 11, 4, 17, 29, 30, 23, 24, 2, 1,2.39725
1, 15, 8, 21, 14, 19, 10, 12, 13, 26, 22, 3, 7, 9, 33, 32, 20, 34, 16, 6, 18, 28, 25, 27, 5, 31, 11, 4, 17, 29, 30, 23, 24, 2, 1,2.39725
1, 15, 8, 21, 14, 19, 10, 12, 13, 26, 22, 3, 7, 9, 33, 32, 20, 34, 16, 6, 18, 28, 25, 27, 5, 31, 11, 4, 17, 29, 30, 23, 24, 2, 1,2.39725
1, 15, 8, 21, 14, 19, 10, 12, 13, 26, 22, 3, 7, 9, 33, 32, 20, 34, 16, 6, 18, 28, 25, 27, 5, 31, 11, 4, 17, 29, 30, 23, 24, 2, 1,2.39725
1, 15, 8, 21, 14, 19, 10, 12, 13, 26, 22, 3, 7, 9, 33, 32, 20, 34, 16, 6, 18, 28, 25, 27, 5, 31, 11, 4, 17, 29, 30, 23, 24, 2, 1,2.39725
1, 15, 8, 21, 14, 19, 10, 12, 13, 26, 22, 3, 7, 9, 33, 32, 20, 34, 16, 6, 18, 28, 25, 27, 5, 31, 11, 4, 17, 29, 30, 23, 24, 2, 1,2.39725
1, 15, 8, 21, 14, 19, 10, 12, 13, 26, 22, 3, 7, 9, 33, 32, 20, 34, 16, 6, 18, 28, 25, 27, 5, 31, 11, 4, 17, 29, 30, 23, 24, 2, 1,2.39725
1, 15, 8, 21, 14, 19, 10, 12, 13, 26, 22, 3, 7, 9, 33, 32, 20, 34, 16, 6, 18, 28, 25, 27, 5, 31, 11, 4, 17, 29, 30, 23, 24, 2, 1,2.39725
1, 15, 8, 21, 14, 19, 10, 12, 13, 26, 22, 3, 7, 9, 33, 32, 20, 34, 16, 6, 18, 28, 25, 27, 5, 31, 11, 4, 17, 29, 30, 23, 24, 2, 1,2.39725
1, 15, 8, 21, 14, 19, 10, 12, 13, 26, 22, 3, 7, 9, 33, 32, 20, 34, 16, 6, 18, 28, 25, 27, 5, 31, 11, 4, 17, 29, 30, 23, 24, 2, 1,2.39725
1, 15, 8, 21, 14, 19, 10, 12, 13, 26, 22, 3, 7, 9, 33, 32, 20, 34, 16, 6, 18, 28, 25, 27, 5, 31, 11, 4, 17, 29, 30, 23, 24, 2, 1,2.39725
1, 15, 8, 21, 14, 19, 10, 12, 13, 26, 22, 3, 7, 9, 33, 32, 20, 34, 16, 6, 18, 28, 25, 27, 5, 31, 11, 4, 17, 29, 30, 23, 24, 2, 1,2.39725
1, 15, 8, 21, 14, 19, 10, 12, 13, 26, 22, 3, 7, 9, 33, 32, 20, 34, 16, 6, 18, 28, 25, 27, 5, 31, 11, 4, 17, 29, 30, 23, 24, 2, 1,2.39725
1, 15, 8, 21, 14, 19, 10, 12, 13, 26, 22, 3, 7, 9, 33, 32, 20, 34, 16, 6, 18, 28, 25, 27, 5, 31, 11, 4, 17, 29, 30, 23, 24, 2, 1,2.39725
1, 15, 8, 21, 14, 19, 10, 12, 13, 26, 22, 3, 7, 9, 33, 32, 20, 34, 16, 6, 18, 28, 25, 27, 5, 31, 11, 4, 17, 29, 30, 23, 24, 2, 1,2.39725
1, 8, 21, 14, 19, 10, 12, 13, 26, 22, 3, 7, 9, 33, 32, 20, 34, 16, 6, 18, 28, 25, 27, 5, 31, 11, 4, 17, 29, 30, 23, 24, 2, 15, 1,2.10096
1, 15, 8, 21, 14, 19, 10, 12, 13, 26, 22, 3, 7, 9, 33, 32, 20, 34, 16, 6, 18, 28, 25, 27, 5, 31, 11, 4, 17, 29, 30, 23, 24, 2, 1,2.39725
1, 15, 2, 24, 23, 30, 29, 17, 4, 11, 31, 5, 27, 25, 28, 18, 6, 16, 34, 20, 32, 33, 9, 7, 3, 22, 26, 13, 12, 10, 19, 14, 21, 8, 1,2.10096
1, 15, 8, 21, 14, 19, 10, 12, 13, 26, 22, 3, 7, 9, 33, 32, 20, 34, 16, 6, 18, 28, 25, 27, 5, 31, 11, 4, 17, 29, 30, 23, 24, 2, 1,2.39725
1, 15, 8, 21, 14, 19, 10, 12, 13, 26, 22, 3, 7, 9, 33, 32, 20, 34, 16, 6, 18, 28, 25, 27, 5, 31, 11, 4, 17, 29, 30, 23, 24, 2, 1,2.39725
1, 15, 8, 21, 14, 19, 10, 12, 13, 26, 22, 3, 7, 9, 33, 32, 20, 34, 16, 6, 18, 28, 25, 27, 5, 31, 11, 4, 17, 29, 30, 23, 24, 2, 1,2.39725
1, 15, 8, 21, 14, 19, 10, 12, 13, 26, 22, 3, 7, 9, 33, 32, 20, 34, 16, 6, 18, 28, 25, 27, 5, 31, 11, 4, 17, 29, 30, 23, 24, 2, 1,2.39725
1, 15, 8, 21, 14, 19, 10, 12, 13, 26, 22, 3, 7, 9, 33, 32, 20, 34, 16, 6, 18, 28, 25, 27, 5, 31, 11, 4, 17, 29, 30, 23, 24, 2, 1,2.39725
1, 15, 8, 21, 14, 19, 10, 12, 13, 26, 22, 3, 7, 9, 33, 32, 20, 34, 16, 6, 18, 28, 25, 27, 5, 31, 11, 4, 17, 29, 30, 23, 24, 2, 1,2.39725
1, 15, 8, 21, 14, 19, 10, 12, 13, 26, 22, 3, 7, 9, 33, 32, 20, 34, 16, 6, 18, 28, 25, 27, 5, 31, 11, 4, 17, 29, 30, 23, 24, 2, 1,2.39725
1, 15, 8, 21, 14, 19, 10, 12, 13, 26, 22, 3, 7, 9, 33, 32, 20, 34, 16, 6, 18, 28, 25, 27, 5, 31, 11, 4, 17, 29, 30, 23, 24, 2, 1,2.39725
1, 15, 8, 21, 14, 19, 10, 12, 13, 26, 22, 3, 7, 9, 33, 32, 20, 34, 16, 6, 18, 28, 25, 27, 5, 31, 11, 4, 17, 29, 30, 23, 24, 2, 1,2.39725
1, 15, 8, 21, 14, 19, 10, 12, 13, 26, 22, 3, 7, 9, 33, 32, 20, 34, 16, 6, 18, 28, 25, 27, 5, 31, 11, 4, 17, 29, 30, 23, 24, 2, 1,2.39725
1, 15, 8, 21, 14, 19, 10, 12, 13, 26, 22, 3, 7, 9, 33, 32, 20, 34, 16, 6, 18, 28, 25, 27, 5, 31, 11, 4, 17, 29, 30, 23, 24, 2, 1,2.39725
1, 15, 8, 21, 14, 19, 10, 12, 13, 26, 22, 3, 7, 9, 33, 32, 20, 34, 16, 6, 18, 28, 25, 27, 5, 31, 11, 4, 17, 29, 30, 23, 24, 2, 1,2.39725
1, 15, 8, 21, 14, 19, 10, 12, 13, 26, 22, 3, 7, 9, 33, 32, 20, 34, 16, 6, 18, 28, 25, 27, 5, 31, 11, 4, 17, 29, 30, 23, 24, 2, 1,2.39725
1, 15, 8, 21, 14, 19, 10, 12, 13, 26, 22, 3, 7, 9, 33, 32, 20, 34, 16, 6, 18, 28, 25, 27, 5, 31, 11, 4, 17, 29, 30, 23, 24, 2, 1,2.39725
1, 15, 8, 21, 14, 19, 10, 12, 13, 26, 22, 3, 7, 9, 33, 32, 20, 34, 16, 6, 18, 28, 25, 27, 5, 31, 11, 4, 17, 29, 30, 23, 24, 2, 1,2.39725
1, 15, 8, 21, 14, 19, 10, 12, 13, 26, 22, 3, 7, 9, 33, 32, 20, 34, 16, 6, 18, 28, 25, 27, 5, 31, 11, 4, 17, 29, 30, 23, 24, 2, 1,2.39725
1, 15, 8, 21, 14, 19, 10, 12, 13, 26, 22, 3, 7, 9, 33, 32, 20, 34, 16, 6, 18, 28, 25, 27, 5, 31, 11, 4, 17, 29, 30, 23, 24, 2, 1,2.39725
1, 15, 8, 21, 14, 19, 10, 12, 13, 26, 22, 3, 7, 9, 33, 32, 20, 34, 16, 6, 18, 28, 25, 27, 5, 31, 11, 4, 17, 29, 30, 23, 24, 2, 1,2.39725
1, 15, 8, 21, 14, 19, 10, 12, 13, 26, 22, 3, 7, 9, 33, 32, 20, 34, 16, 6, 18, 28, 25, 27, 5, 31, 11, 4, 17, 29, 30, 23, 24, 2, 1,2.39725
1, 15, 8, 21, 14, 19, 10, 12, 13, 26, 22, 3, 7, 9, 33, 32, 20, 34, 16, 6, 18, 28, 25, 27, 5, 31, 11, 4, 17, 29, 30, 23, 24, 2, 1,2.39725
1, 15, 8, 21, 14, 19, 10, 12, 13, 26, 22, 3, 7, 9, 33, 32, 20, 34, 16, 6, 18, 28, 25, 27, 5, 31, 11, 4, 17, 29, 30, 23, 24, 2, 1,2.39725
1, 15, 8, 21, 14, 19, 10, 12, 13, 26, 22, 3, 7, 9, 33, 32, 20, 34, 16, 6, 18, 28, 25, 27, 5, 31, 11, 4, 17, 29, 30, 23, 24, 2, 1,2.39725
1, 15, 8, 21, 14, 19, 10, 12, 13, 26, 22, 3, 7, 9, 33, 32, 20, 34, 16, 6, 18, 28, 25, 27, 5, 31, 11, 4, 17, 29, 30, 23, 24, 2, 1,2.39725
1, 15, 2, 24, 23, 30, 29, 17, 4, 11, 31, 5, 27, 25, 28, 18, 6, 16, 34, 20, 32, 33, 9, 7, 3, 22, 26, 13, 12, 10, 19, 14, 21, 8, 1,2.10096
1, 15, 8, 21, 14, 19, 10, 12, 13, 26, 22, 3, 7, 9, 33, 32, 20, 34, 16, 6, 18, 28, 25, 27, 5, 31, 11, 4, 17, 29, 30, 23, 24, 2, 1,2.39725
1, 15, 8, 21, 14, 19, 10, 12, 13, 26, 22, 3, 7, 9, 33, 32, 20, 34, 16, 6, 18, 28, 25, 27, 5, 31, 11, 4, 17, 29, 30, 23, 24, 2, 1,2.39725
1, 15, 8, 21, 14, 19, 10, 12, 13, 26, 22, 3, 7, 9, 33, 32, 20, 34, 16, 6, 18, 28, 25, 27, 5, 31, 11, 4, 17, 29, 30, 23, 24, 2, 1,2.39725
1, 15, 8, 21, 14, 19, 10, 12, 13, 26, 22, 3, 7, 9, 33, 32, 20, 34, 16, 6, 18, 28, 25, 27, 5, 31, 11, 4, 17, 29, 30, 23, 24, 2, 1,2.39725
1, 15, 8, 21, 14, 19, 10, 12, 13, 26, 22, 3, 7, 9, 33, 32, 20, 34, 16, 6, 18, 28, 25, 27, 5, 31, 11, 4, 17, 29, 30, 23, 24, 2, 1,2.39725
1, 15, 8, 21, 14, 19, 10, 12, 13, 26, 22, 3, 7, 9, 33, 32, 20, 34, 16, 6, 18, 28, 25, 27, 5, 31, 11, 4, 17, 29, 30, 23, 24, 2, 1,2.39725
1, 15, 8, 21, 14, 19, 10, 12, 13, 26, 22, 3, 7, 9, 33, 32, 20, 34, 16, 6, 18, 28, 25, 27, 5, 31, 11, 4, 17, 29, 30, 23, 24, 2, 1,2.39725
1, 8, 21, 14, 19, 10, 12, 13, 26, 22, 3, 7, 9, 33, 32, 20, 34, 16, 6, 18, 28, 25, 27, 5, 31, 11, 4, 17, 29, 30, 23, 24, 2, 15, 1,2.10096
1, 15, 2, 24, 23, 30, 29, 17, 4, 11, 31, 5, 27, 25, 28, 18, 6, 16, 34, 20, 32, 33, 9, 7, 3, 22, 26, 13, 12, 10, 19, 14, 21, 8, 1,2.10096
1, 15, 2, 24, 23, 30, 29, 17, 4, 11, 31, 5, 27, 25, 28, 18, 6, 16, 34, 20, 32, 33, 9, 7, 3, 22, 26, 13, 12, 10, 19, 14, 21, 8, 1,2.10096
1, 15, 2, 24, 23, 30, 29, 17, 4, 11, 31, 5, 27, 25, 28, 18, 6, 16, 34, 20, 32, 33, 9, 7, 3, 22, 26, 13, 12, 10, 19, 14, 8, 21, 1,2.26914
1, 15, 8, 21, 14, 19, 10, 12, 13, 26, 22, 3, 7, 9, 33, 32, 20, 34, 16, 6, 18, 28, 25, 27, 5, 31, 11, 4, 17, 29, 30, 23, 24, 2, 1,2.39725
1, 15, 8, 21, 14, 19, 10, 12, 13, 26, 22, 3, 7, 9, 33, 32, 20, 34, 16, 6, 18, 28, 25, 27, 5, 31, 11, 4, 17, 29, 30, 23, 24, 2, 1,2.39725
1, 15, 8, 21, 14, 19, 10, 12, 13, 26, 22, 3, 7, 9, 33, 32, 20, 34, 16, 6, 18, 28, 25, 27, 5, 31, 11, 4, 17, 29, 30, 23, 24, 2, 1,2.39725
1, 15, 8, 21, 14, 19, 10, 12, 13, 26, 22, 3, 7, 9, 33, 32, 20, 34, 16, 6, 18, 28, 25, 27, 5, 31, 11, 4, 17, 29, 30, 23, 24, 2, 1,2.39725
1, 15, 8, 21, 14, 19, 10, 12, 13, 26, 22, 3, 7, 9, 33, 32, 20, 34, 16, 6, 18, 28, 25, 27, 5, 31, 11, 4, 17, 29, 30, 23, 24, 2, 1,2.39725
1, 15, 8, 21, 14, 19, 10, 12, 13, 26, 22, 3, 7, 9, 33, 32, 20, 34, 16, 6, 18, 28, 25, 27, 5, 31, 11, 4, 17, 29, 30, 23, 24, 2, 1,2.39725
1, 8, 21, 14, 19, 10, 12, 13, 26, 22, 3, 7, 9, 33, 32, 20, 34, 16, 6, 18, 28, 25, 27, 5, 31, 11, 4, 17, 29, 30, 23, 24, 2, 15, 1,2.10096
1, 21, 14, 19, 10, 12, 13, 26, 22, 3, 7, 9, 33, 32, 20, 34, 16, 6, 18, 28, 25, 27, 5, 31, 11, 4, 17, 29, 30, 23, 24, 2, 15, 8, 1,2.39414
1, 15, 8, 21, 14, 19, 10, 12, 13, 26, 22, 3, 7, 9, 33, 32, 20, 34, 16, 6, 18, 28, 25, 27, 5, 31, 11, 4, 17, 29, 30, 23, 24, 2, 1,2.39725
1, 15, 8, 21, 14, 19, 10, 12, 13, 26, 22, 3, 7, 9, 33, 32, 20, 34, 16, 6, 18, 28, 25, 27, 5, 31, 11, 4, 17, 29, 30, 23, 24, 2, 1,2.39725
1, 15, 8, 21, 14, 19, 10, 12, 13, 26, 22, 3, 7, 9, 33, 32, 20, 34, 16, 6, 18, 28, 25, 27, 5, 31, 11, 4, 17, 29, 30, 23, 24, 2, 1,2.39725
1, 15, 2, 24, 23, 30, 29, 17, 4, 11, 31, 5, 27, 25, 28, 18, 6, 16, 34, 20, 32, 33, 9, 7, 3, 22, 26, 13, 12, 10, 19, 14, 21, 8, 1,2.10096
1, 15, 8, 21, 14, 19, 10, 12, 13, 26, 22, 3, 7, 9, 33, 32, 20, 34, 16, 6, 18, 28, 25, 27, 5, 31, 11, 4, 17, 29, 30, 23, 24, 2, 1,2.39725
1, 15, 2, 24, 23, 30, 29, 17, 4, 11, 31, 5, 27, 25, 28, 18, 6, 16, 34, 20, 32, 33, 9, 7, 3, 22, 26, 13, 12, 10, 19, 14, 21, 8, 1,2.10096
1, 15, 2, 24, 23, 30, 29, 17, 4, 11, 31, 5, 27, 25, 28, 20, 6, 16, 34, 18, 32, 33, 9, 7, 3, 22, 26, 13, 12, 10, 19, 14, 21, 8, 1,2.386
1, 15, 8, 21, 14, 19, 10, 12, 13, 26, 22, 3, 7, 9, 33, 32, 20, 34, 16, 6, 18, 28, 25, 27, 5, 31, 11, 4, 17, 29, 30, 23, 24, 2, 1,2.39725
1, 15, 8, 21, 14, 19, 10, 12, 13, 26, 22, 3, 7, 9, 33, 32, 20, 34, 16, 6, 18, 28, 25, 27, 5, 31, 11, 4, 17, 29, 30, 23, 24, 2, 1,2.39725
1, 15, 8, 21, 14, 19, 10, 12, 13, 26, 22, 3, 7, 9, 33, 32, 20, 34, 16, 6, 18, 28, 25, 27, 5, 31, 11, 4, 17, 29, 30, 23, 24, 2, 1,2.39725
1, 15, 2, 24, 23, 30, 29, 17, 4, 11, 31, 5, 27, 25, 28, 18, 6, 16, 34, 20, 32, 33, 9, 7, 3, 22, 26, 13, 12, 10, 19, 14, 21, 8, 1,2.10096
1, 21, 14, 19, 10, 12, 13, 26, 22, 3, 7, 9, 33, 32, 20, 34, 16, 6, 18, 28, 25, 27, 5, 31, 11, 4, 17, 29, 30, 23, 24, 2, 15, 8, 1,2.39414
1, 15, 8, 21, 14, 19, 10, 12, 13, 26, 22, 3, 7, 9, 33, 32, 20, 34, 16, 6, 18, 28, 25, 27, 5, 31, 11, 4, 17, 29, 30, 23, 24, 2, 1,2.39725
1, 15, 8, 21, 14, 19, 10, 12, 13, 26, 22, 3, 7, 9, 33, 32, 20, 34, 16, 6, 18, 28, 25, 27, 5, 31, 11, 4, 17, 29, 30, 23, 24, 2, 1,2.39725
1, 15, 8, 21, 14, 19, 10, 12, 13, 26, 22, 3, 7, 9, 33, 32, 20, 34, 16, 6, 18, 28, 25, 27, 5, 31, 11, 4, 17, 29, 30, 23, 24, 2, 1,2.39725
1, 15, 8, 21, 14, 19, 10, 12, 13, 26, 22, 3, 7, 9, 33, 32, 20, 34, 16, 6, 18, 28, 25, 27, 5, 31, 11, 4, 17, 29, 30, 23, 24, 2, 1,2.39725
1, 15, 2, 24, 23, 30, 29, 17, 4, 11, 31, 5, 27, 25, 28, 18, 6, 16, 34, 20, 32, 33, 9, 7, 3, 22, 26, 13, 12, 10, 19, 14, 21, 8, 1,2.10096
1, 15, 8, 21, 14, 19, 10, 12, 13, 26, 22, 3, 7, 9, 33, 32, 20, 34, 16, 6, 18, 28, 25, 27, 5, 31, 11, 4, 17, 29, 30, 23, 24, 2, 1,2.39725
1, 15, 8, 21, 14, 19, 10, 12, 13, 26, 22, 3, 7, 9, 33, 32, 20, 34, 16, 6, 18, 28, 25, 27, 5, 31, 11, 4, 17, 29, 30, 23, 24, 2, 1,2.39725
1, 21, 14, 19, 10, 12, 13, 26, 22, 3, 7, 9, 33, 32, 20, 34, 16, 6, 18, 28, 25, 27, 5, 31, 11, 4, 17, 29, 30, 23, 24, 2, 15, 8, 1,2.39414
1, 21, 14, 19, 10, 12, 13, 26, 22, 3, 7, 9, 33, 32, 20, 34, 16, 6, 18, 28, 25, 27, 5, 31, 11, 4, 17, 29, 30, 23, 24, 2, 15, 8, 1,2.39414
1, 21, 14, 19, 10, 12, 13, 26, 22, 3, 7, 9, 33, 32, 20, 34, 16, 6, 18, 28, 25, 27, 5, 31, 11, 4, 17, 29, 30, 23, 24, 2, 15, 8, 1,2.39414
1, 21, 14, 19, 10, 12, 13, 26, 22, 3, 7, 9, 33, 32, 20, 34, 16, 6, 18, 28, 25, 27, 5, 31, 11, 4, 17, 29, 30, 23, 24, 2, 15, 8, 1,2.39414
1, 21, 14, 19, 10, 12, 13, 26, 22, 3, 7, 9, 33, 32, 20, 34, 16, 6, 18, 28, 25, 27, 5, 31, 11, 4, 17, 29, 30, 23, 24, 2, 15, 8, 1,2.39414
1, 15, 8, 21, 14, 19, 10, 12, 13, 26, 22, 3, 7, 9, 33, 32, 20, 34, 16, 6, 18, 28, 25, 27, 5, 31, 11, 4, 17, 29, 30, 23, 24, 2, 1,2.39725
1, 15, 8, 21, 14, 19, 10, 12, 13, 26, 22, 3, 7, 9, 33, 32, 20, 34, 16, 6, 18, 28, 25, 27, 5, 31, 11, 4, 17, 29, 30, 23, 24, 2, 1,2.39725
1, 15, 8, 21, 14, 19, 10, 12, 13, 26, 22, 3, 7, 9, 33, 32, 20, 34, 16, 6, 18, 28, 25, 27, 5, 31, 11, 4, 17, 29, 30, 23, 24, 2, 1,2.39725
1, 15, 8, 21, 14, 19, 10, 12, 13, 26, 22, 3, 7, 9, 33, 32, 20, 34, 16, 6, 18, 28, 25, 27, 5, 31, 11, 4, 17, 29, 30, 23, 24, 2, 1,2.39725
1, 15, 2, 24, 23, 30, 29, 17, 4, 11, 31, 5, 27, 25, 28, 18, 6, 16, 34, 20, 32, 33, 9, 7, 3, 22, 26, 13, 12, 10, 19, 14, 21, 8, 1,2.10096
1, 8, 21, 14, 19, 10, 12, 13, 26, 22, 3, 7, 9, 33, 32, 20, 34, 16, 6, 18, 28, 25, 27, 5, 31, 11, 4, 17, 29, 30, 23, 15, 24, 2, 1,2.23243
1, 15, 8, 21, 14, 19, 10, 12, 13, 26, 22, 3, 7, 9, 33, 32, 20, 34, 16, 6, 18, 28, 25, 27, 5, 31, 11, 4, 17, 29, 30, 23, 24, 2, 1,2.39725
1, 15, 8, 21, 14, 19, 10, 12, 13, 26, 22, 3, 7, 9, 33, 32, 20, 34, 16, 6, 18, 28, 25, 27, 5, 31, 11, 4, 17, 29, 30, 23, 24, 2, 1,2.39725
1, 15, 2, 24, 23, 30, 29, 17, 4, 11, 31, 5, 27, 25, 28, 18, 6, 16, 34, 20, 32, 33, 9, 7, 3, 22, 26, 13, 12, 10, 19, 14, 21, 8, 1,2.10096
1, 15, 2, 24, 23, 30, 29, 17, 4, 11, 31, 5, 27, 25, 28, 18, 6, 16, 34, 20, 32, 33, 9, 7, 3, 22, 26, 13, 12, 10, 19, 14, 21, 8, 1,2.10096
1, 15, 8, 21, 14, 19, 10, 12, 13, 26, 22, 3, 7, 9, 33, 32, 20, 34, 16, 6, 18, 28, 25, 27, 5, 31, 11, 4, 17, 29, 30, 23, 24, 2, 1,2.39725
1, 15, 8, 21, 14, 19, 10, 12, 13, 26, 22, 3, 7, 9, 33, 32, 20, 34, 16, 6, 18, 28, 25, 27, 5, 31, 11, 4, 17, 29, 30, 23, 24, 2, 1,2.39725
1, 15, 8, 21, 14, 19, 10, 12, 13, 26, 22, 3, 7, 9, 33, 32, 20, 34, 16, 6, 18, 28, 25, 27, 5, 31, 11, 4, 17, 29, 30, 23, 24, 2, 1,2.39725
1, 21, 14, 19, 10, 12, 13, 26, 22, 3, 7, 9, 33, 32, 20, 34, 16, 6, 18, 28, 25, 27, 5, 31, 11, 4, 17, 29, 30, 23, 24, 2, 15, 8, 1,2.39414
1, 15, 8, 21, 14, 19, 10, 12, 13, 26, 22, 3, 7, 9, 33, 32, 20, 34, 16, 6, 18, 28, 25, 27, 5, 31, 11, 4, 17, 29, 30, 23, 24, 2, 1,2.39725
1, 15, 8, 21, 14, 19, 10, 12, 13, 26, 22, 3, 7, 9, 33, 32, 20, 34, 16, 6, 18, 28, 25, 27, 5, 31, 11, 4, 17, 29, 30, 23, 24, 2, 1,2.39725
1, 15, 2, 24, 23, 30, 29, 17, 4, 11, 31, 5, 27, 25, 28, 18, 6, 16, 34, 20, 32, 33, 9, 7, 3, 22, 26, 13, 12, 10, 19, 14, 21, 8, 1,2.10096
1, 15, 8, 21, 14, 19, 10, 12, 13, 26, 22, 3, 7, 9, 33, 32, 20, 34, 16, 6, 18, 28, 25, 27, 5, 31, 11, 4, 17, 29, 30, 23, 24, 2, 1,2.39725
1, 15, 8, 21, 14, 19, 10, 12, 13, 26, 22, 3, 7, 9, 33, 32, 20, 34, 16, 6, 18, 28, 25, 27, 5, 31, 11, 4, 17, 29, 30, 23, 24, 2, 1,2.39725
1, 15, 8, 21, 14, 19, 10, 12, 13, 26, 22, 3, 7, 9, 33, 32, 20, 34, 16, 6, 18, 28, 25, 27, 5, 31, 11, 4, 17, 29, 30, 23, 24, 2, 1,2.39725
1, 15, 8, 21, 14, 19, 10, 12, 13, 26, 22, 3, 7, 9, 33, 32, 20, 34, 16, 6, 18, 28, 25, 27, 5, 31, 11, 4, 17, 29, 30, 23, 24, 2, 1,2.39725
1, 15, 8, 21, 14, 19, 10, 12, 13, 26, 22, 3, 7, 9, 33, 32, 20, 34, 16, 6, 18, 28, 25, 27, 5, 31, 11, 4, 17, 29, 30, 23, 24, 2, 1,2.39725
1, 15, 8, 21, 14, 19, 10, 12, 13, 26, 22, 3, 7, 9, 33, 32, 20, 34, 16, 6, 18, 28, 25, 27, 5, 31, 11, 4, 17, 29, 30, 23, 24, 2, 1,2.39725
1, 15, 2, 24, 23, 30, 29, 17, 4, 11, 31, 5, 27, 25, 28, 18, 6, 16, 34, 20, 32, 33, 9, 7, 3, 22, 26, 13, 12, 10, 19, 14, 21, 8, 1,2.10096
1, 15, 8, 21, 14, 19, 10, 12, 13, 26, 22, 3, 7, 9, 33, 32, 20, 34, 16, 6, 18, 28, 25, 27, 5, 31, 11, 4, 17, 29, 30, 23, 24, 2, 1,2.39725
1, 15, 8, 21, 14, 19, 10, 12, 13, 26, 22, 3, 7, 9, 33, 32, 20, 34, 16, 6, 18, 28, 25, 27, 5, 31, 11, 4, 17, 29, 30, 23, 24, 2, 1,2.39725
1, 15, 8, 21, 14, 19, 10, 12, 13, 26, 22, 3, 7, 9, 33, 32, 20, 34, 16, 6, 18, 28, 25, 27, 5, 31, 11, 4, 17, 29, 30, 23, 24, 2, 1,2.39725
1, 15, 8, 21, 14, 19, 10, 12, 13, 26, 22, 3, 7, 9, 33, 32, 20, 34, 16, 6, 18, 28, 25, 27, 5, 31, 11, 4, 17, 29, 30, 23, 24, 2, 1,2.39725
1, 15, 8, 21, 14, 19, 10, 12, 13, 26, 22, 3, 7, 9, 33, 32, 20, 34, 16, 6, 18, 28, 25, 27, 5, 31, 11, 4, 17, 29, 30, 23, 24, 2, 1,2.39725
1, 15, 8, 21, 14, 19, 10, 12, 13, 26, 22, 3, 7, 9, 33, 32, 20, 34, 16, 6, 18, 28, 25, 27, 5, 31, 11, 4, 17, 29, 30, 23, 24, 2, 1,2.39725
1, 15, 8, 21, 14, 19, 10, 12, 13, 26, 22, 3, 7, 9, 33, 32, 20, 34, 16, 6, 18, 28, 25, 27, 5, 31, 11, 4, 17, 29, 30, 23, 24, 2, 1,2.39725
1, 15, 8, 21, 14, 19, 10, 12, 13, 26, 22, 3, 7, 9, 33, 32, 20, 34, 16, 6, 18, 28, 25, 27, 5, 31, 11, 4, 17, 29, 30, 23, 24, 2, 1,2.39725
1, 15, 8, 21, 14, 19, 10, 12, 13, 26, 22, 3, 7, 9, 33, 32, 20, 34, 16, 6, 18, 28, 25, 27, 5, 31, 11, 4, 17, 29, 30, 23, 24, 2, 1,2.39725
1, 15, 8, 21, 14, 19, 10, 12, 13, 26, 22, 3, 7, 9, 33, 32, 20, 34, 16, 6, 18, 28, 25, 27, 5, 31, 11, 4, 17, 29, 30, 23, 24, 2, 1,2.39725
1, 15, 8, 21, 14, 19, 10, 12, 13, 26, 22, 3, 7, 9, 33, 32, 20, 34, 16, 6, 18, 28, 25, 27, 5, 31, 11, 4, 17, 29, 30, 23, 24, 2, 1,2.39725
1, 15, 8, 21, 14, 19, 10, 12, 13, 26, 22, 3, 7, 9, 33, 32, 20, 34, 16, 6, 18, 28, 25, 27, 5, 31, 11, 4, 17, 29, 30, 23, 24, 2, 1,2.39725
1, 15, 8, 21, 14, 19, 10, 12, 13, 26, 22, 3, 7, 9, 33, 32, 20, 34, 16, 6, 18, 28, 25, 27, 5, 31, 11, 4, 17, 29, 30, 23, 24, 2, 1,2.39725
1, 15, 8, 21, 14, 19, 10, 12, 13, 26, 22, 3, 7, 9, 33, 32, 20, 34, 16, 6, 18, 28, 25, 27, 5, 31, 11, 4, 17, 29, 30, 23, 24, 2, 1,2.39725
1, 15, 8, 21, 14, 19, 10, 12, 13, 26, 22, 3, 7, 9, 33, 32, 20, 34, 16, 6, 18, 28, 25, 27, 5, 31, 11, 4, 17, 29, 30, 23, 24, 2, 1,2.39725
1, 15, 8, 21, 14, 19, 10, 12, 13, 26, 22, 3, 7, 9, 33, 32, 20, 34, 16, 6, 18, 28, 25, 27, 5, 31, 11, 4, 17, 29, 30, 23, 24, 2, 1,2.39725
1, 15, 8, 21, 14, 19, 10, 12, 13, 26, 22, 3, 7, 9, 33, 32, 20, 34, 16, 6, 18, 28, 25, 27, 5, 31, 11, 4, 17, 29, 30, 23, 24, 2, 1,2.39725
1, 15, 8, 21, 14, 19, 10, 12, 13, 26, 22, 3, 7, 9, 33, 32, 20, 34, 16, 6, 18, 28, 25, 27, 5, 31, 11, 4, 17, 29, 30, 23, 24, 2, 1,2.39725
1, 15, 2, 24, 23, 30, 29, 17, 4, 11, 31, 5, 27, 25, 28, 18, 6, 16, 34, 20, 32, 33, 9, 7, 3, 22, 26, 13, 12, 10, 19, 14, 21, 8, 1,2.10096
1, 15, 8, 21, 14, 19, 10, 12, 13, 26, 22, 3, 7, 9, 33, 32, 20, 34, 16, 6, 18, 28, 25, 27, 5, 31, 11, 4, 17, 29, 30, 23, 24, 2, 1,2.39725
1, 15, 8, 21, 14, 19, 10, 12, 13, 26, 22, 3, 7, 9, 33, 32, 20, 34, 16, 6, 18, 28, 25, 27, 5, 31, 11, 4, 17, 29, 30, 23, 24, 2, 1,2.39725
