#BLOCK:  ACTUAL_PE:     PE_AVE:      ERROR:
           1  -0.0352157  -0.0352157           0
           2  -0.0353744  -0.0352951 5.60929e-05
           3  -0.0356922  -0.0354274 0.000114371
           4  -0.0362182  -0.0356251 0.000191482
           5  -0.0370401  -0.0359081  0.00029586
           6  -0.0381284  -0.0362782 0.000418207
           7  -0.0392322  -0.0367002 0.000530234
           8  -0.0406827   -0.037198 0.000657341
           9  -0.0425054  -0.0377877 0.000806558
          10  -0.0445112  -0.0384601 0.000966325
          11  -0.0468279  -0.0392208  0.00113921
          12  -0.0495801   -0.040084  0.00133179
          13  -0.0528571  -0.0410666  0.00154997
          14   -0.056628  -0.0421781  0.00179408
          15  -0.0613261  -0.0434546   0.0020796
          16  -0.0671086   -0.044933  0.00241868
          17  -0.0742657  -0.0466585  0.00282561
          18  -0.0831056  -0.0486833  0.00331569
          19  -0.0943798  -0.0510884  0.00391752
          20   -0.108751  -0.0539715  0.00466342
          21   -0.127517  -0.0574737  0.00560417
          22   -0.152212    -0.06178  0.00680571
          23   -0.185129   -0.067143  0.00835996
          24   -0.229093  -0.0738909   0.0103838
          25   -0.286816  -0.0824079   0.0130003
          26   -0.357617  -0.0929929   0.0162477
          27   -0.423077   -0.105218    0.019716
          28   -0.398841   -0.115705   0.0216215
          29  -0.0595087   -0.113767   0.0209626
          30    0.603602  -0.0898546   0.0310381
          31    0.666475  -0.0654569   0.0384481
          32  -0.0138506  -0.0638442   0.0372804
          33   -0.413155  -0.0744294   0.0376235
          34   -0.420997  -0.0846226   0.0378725
          35   -0.247427  -0.0892741    0.037075
          36    -0.20489  -0.0924857    0.036184
          37   -0.259084  -0.0969883   0.0354851
          38   -0.247245   -0.100942   0.0347709
          39   -0.217018   -0.103919   0.0340064
          40   -0.192056   -0.106122   0.0332276
          41   -0.174982   -0.107802   0.0324596
          42   -0.164178   -0.109144   0.0317145
          43   -0.157627   -0.110271    0.030997
          44   -0.153456   -0.111253    0.030308
          45    -0.14998   -0.112114   0.0296467
          46   -0.145731   -0.112844   0.0290112
          47   -0.140067   -0.113424   0.0283998
          48   -0.134459   -0.113862   0.0278115
          49   -0.133495   -0.114262   0.0272468
          50   -0.141337   -0.114804   0.0267072
          51   -0.156312   -0.115618    0.026196
          52   -0.174019   -0.116741   0.0257163
          53   -0.192132   -0.118163   0.0252704
          54   -0.209734   -0.119859   0.0248592
          55   -0.225253   -0.121775    0.024481
          56    -0.23421   -0.123783    0.024126
          57   -0.227185   -0.125597   0.0237708
          58   -0.197741   -0.126841   0.0233935
          59   -0.163581   -0.127464   0.0230053
          60   -0.144283   -0.127744   0.0226236
          61   -0.145536   -0.128036   0.0222546
          62    -0.20936   -0.129348   0.0219343
          63   -0.279533   -0.131731   0.0217153
          64   -0.269953   -0.133891   0.0214831
          65   -0.227726   -0.135335    0.021201
          66   -0.218737   -0.136598   0.0209174
          67   -0.239258   -0.138131   0.0206613
          68   -0.233952    -0.13954   0.0204054
          69   -0.223388   -0.140755   0.0201459
          70   -0.232282   -0.142063   0.0199004
          71   -0.271978   -0.143892   0.0197041
          72   -0.286664   -0.145875   0.0195299
          73   -0.212067   -0.146782   0.0192835
          74   -0.117254   -0.146383    0.019027
          75   -0.124795   -0.146095   0.0187755
          76   -0.201964    -0.14683   0.0185428
          77   -0.254133   -0.148224   0.0183543
          78   -0.268746   -0.149769   0.0181839
          79   -0.264775   -0.151225   0.0180119
          80   -0.253614   -0.152505   0.0178322
          81   -0.240055   -0.153585   0.0176447
          82   -0.225185   -0.154459   0.0174512
          83   -0.209883   -0.155126   0.0172537
          84   -0.200359   -0.155665   0.0170567
          85   -0.202317   -0.156214   0.0168648
          86   -0.209619   -0.156835   0.0166802
          87    -0.21604   -0.157515   0.0165023
          88    -0.22169   -0.158244   0.0163309
          89   -0.226127   -0.159007   0.0161652
          90   -0.223692   -0.159726   0.0160016
          91   -0.212605   -0.160307   0.0158363
          92   -0.216165   -0.160914   0.0156758
          93   -0.236326   -0.161725   0.0155282
          94   -0.257367   -0.162743   0.0153963
          95   -0.285964    -0.16404   0.0152887
          96   -0.307764   -0.165537   0.0152026
          97   -0.306453   -0.166989   0.0151151
          98   -0.270015   -0.168041   0.0149974
          99   -0.209863   -0.168463   0.0148519
         100   -0.201587   -0.168794    0.014707
         101   -0.263239    -0.16973   0.0145911
         102   -0.313851   -0.171142   0.0145163
         103   -0.314393   -0.172533   0.0144419
         104   -0.287844   -0.173642   0.0143455
         105   -0.290781   -0.174758   0.0142522
         106    -0.30718   -0.176007   0.0141724
         107   -0.304146   -0.177204   0.0140904
         108   -0.294706   -0.178292   0.0140019
         109    -0.29286   -0.179344   0.0139128
         110   -0.296162   -0.180405   0.0138268
         111   -0.306457   -0.181541   0.0137488
         112   -0.312372   -0.182709   0.0136756
         113   -0.304587   -0.183788    0.013597
         114   -0.274603   -0.184584   0.0135011
         115   -0.222775   -0.184917   0.0133878
         116   -0.225617   -0.185267    0.013277
         117   -0.254033   -0.185855   0.0131765
         118   -0.244884   -0.186355   0.0130743
         119   -0.245985   -0.186856    0.012974
         120   -0.266673   -0.187522    0.012883
         121   -0.277963   -0.188269   0.0127982
         122   -0.270703   -0.188945   0.0127111
         123   -0.262692   -0.189544   0.0126219
         124   -0.265625   -0.190158    0.012535
         125   -0.269676   -0.190794   0.0124508
         126   -0.269416   -0.191418   0.0123676
         127   -0.262175   -0.191975   0.0122828
         128    -0.23407   -0.192304   0.0121912
         129   -0.194283   -0.192319   0.0120967
         130   -0.222534   -0.192552   0.0120059
         131   -0.262538   -0.193086   0.0119262
         132   -0.281647   -0.193757   0.0118547
         133    -0.28846   -0.194469   0.0117869
         134   -0.278001   -0.195092   0.0117154
         135   -0.255155   -0.195537   0.0116371
         136   -0.262612    -0.19603    0.011562
         137   -0.288934   -0.196709   0.0114974
         138   -0.288848   -0.197376   0.0114335
         139   -0.283411   -0.197995    0.011368
         140   -0.313632   -0.198821   0.0113167
         141    -0.32136    -0.19969   0.0112698
         142   -0.337361    -0.20066   0.0112321
         143   -0.369532   -0.201841   0.0112154
         144   -0.369712   -0.203006    0.011198
         145   -0.344975   -0.203986   0.0111635
         146    -0.33876   -0.204909   0.0111251
         147   -0.364085   -0.205992    0.011102
         148   -0.383621   -0.207192   0.0110917
         149   -0.334237   -0.208044   0.0110499
         150   -0.310476   -0.208727   0.0109974
         151   -0.340118   -0.209597   0.0109589
         152   -0.361592   -0.210597   0.0109323
         153   -0.405222   -0.211869   0.0109346
         154   -0.434639   -0.213316   0.0109589
         155   -0.416715   -0.214628   0.0109665
         156   -0.360567   -0.215564    0.010936
         157   -0.336847   -0.216336   0.0108936
         158   -0.382214   -0.217386   0.0108751
         159   -0.386067   -0.218447   0.0108583
         160    -0.38902   -0.219513   0.0108427
         161   -0.406363   -0.220674   0.0108373
         162   -0.409905   -0.221842   0.0108331
         163   -0.398468   -0.222925   0.0108207
         164   -0.389481   -0.223941   0.0108023
         165   -0.396624   -0.224987   0.0107874
         166   -0.417059   -0.226144   0.0107843
         167   -0.430341   -0.227367   0.0107888
         168   -0.427156   -0.228556     0.01079
         169   -0.406122   -0.229607   0.0107771
         170   -0.375088   -0.230463   0.0107477
         171   -0.353492   -0.231182   0.0107089
         172   -0.367014   -0.231972   0.0106757
         173   -0.363956   -0.232735   0.0106412
         174   -0.362448    -0.23348   0.0106061
         175   -0.367526   -0.234246   0.0105732
         176   -0.371396   -0.235026   0.0105418
         177   -0.371851   -0.235799   0.0105105
         178   -0.372911   -0.236569   0.0104796
         179   -0.371437   -0.237322   0.0104481
         180   -0.360117   -0.238005   0.0104124
         181   -0.345845     -0.2386   0.0103719
         182    -0.34114   -0.239164   0.0103302
         183   -0.331243   -0.239667    0.010286
         184   -0.314574   -0.240074   0.0102381
         185   -0.321243   -0.240513   0.0101922
         186     -0.3503   -0.241103   0.0101544
         187   -0.362035    -0.24175   0.0101207
         188   -0.354219   -0.242348   0.0100845
         189   -0.331691   -0.242821   0.0100423
         190   -0.309368   -0.243171  0.00999551
         191    -0.31085   -0.243525  0.00994946
         192   -0.334531   -0.243999  0.00990892
         193   -0.351331   -0.244556  0.00987318
         194   -0.348581   -0.245092  0.00983683
         195   -0.347517   -0.245617   0.0098004
         196   -0.346893   -0.246134  0.00976401
         197   -0.340815   -0.246614  0.00972627
         198   -0.323443   -0.247002  0.00968488
         199   -0.309251   -0.247315  0.00964127
         200   -0.343289   -0.247795  0.00960499
         201   -0.347179   -0.248289  0.00956993
         202   -0.338299   -0.248735  0.00953292
         203   -0.339491   -0.249182  0.00949644
         204   -0.345878   -0.249656  0.00946171
         205   -0.349197   -0.250142    0.009428
         206   -0.346815   -0.250611  0.00939391
         207   -0.337139   -0.251029  0.00935782
         208   -0.319335   -0.251357  0.00931859
         209    -0.30049   -0.251592  0.00927697
         210   -0.292254   -0.251786  0.00923482
         211   -0.290607    -0.25197  0.00919288
         212   -0.274868   -0.252078  0.00915015
         213   -0.262956   -0.252129  0.00910734
         214   -0.285032   -0.252283  0.00906608
         215    -0.30446   -0.252526  0.00902716
         216   -0.307391    -0.25278  0.00898894
         217   -0.300758   -0.253001  0.00895023
         218   -0.289849    -0.25317  0.00891077
         219   -0.279024   -0.253288  0.00887087
         220   -0.275086   -0.253387   0.0088311
         221   -0.282293   -0.253518  0.00879211
         222   -0.293825   -0.253699  0.00875438
         223   -0.300386   -0.253909  0.00871762
         224    -0.29174   -0.254077  0.00868034
         225   -0.265321   -0.254127  0.00864191
         226    -0.27388   -0.254215  0.00860411
         227   -0.302981    -0.25443  0.00856889
         228   -0.310526   -0.254676  0.00853484
         229   -0.304696   -0.254894  0.00850036
         230    -0.29643   -0.255075  0.00846532
         231    -0.29189   -0.255234  0.00843017
         232    -0.28874   -0.255379  0.00839507
         233   -0.290426   -0.255529  0.00836039
         234   -0.299188   -0.255716  0.00832675
         235   -0.307327   -0.255935  0.00829421
         236   -0.307392   -0.256153  0.00826193
         237   -0.284257   -0.256272  0.00822792
         238   -0.257756   -0.256278  0.00819335
         239   -0.278871   -0.256373  0.00815961
         240   -0.265529   -0.256411   0.0081257
         241   -0.271482   -0.256473  0.00809223
         242   -0.303054   -0.256666  0.00806108
         243   -0.314839   -0.256905  0.00803146
         244   -0.289445   -0.257038  0.00799965
         245   -0.256072   -0.257035    0.007967
         246   -0.281088   -0.257132  0.00793521
         247   -0.290611   -0.257268  0.00790425
         248   -0.294158   -0.257417  0.00787377
         249   -0.288409   -0.257541  0.00784313
         250    -0.26508   -0.257571  0.00781182
         251   -0.253551   -0.257555  0.00778071
         252   -0.267169   -0.257593  0.00774993
         253   -0.278533   -0.257676  0.00771974
         254   -0.272776   -0.257736  0.00768958
         255   -0.260229   -0.257745  0.00765943
         256   -0.257955   -0.257746  0.00762951
         257   -0.266588   -0.257781   0.0075999
         258   -0.287698   -0.257897  0.00757133
         259   -0.301001   -0.258063  0.00754392
         260   -0.280744    -0.25815  0.00751541
         261   -0.222892   -0.258015  0.00748783
         262   -0.180148   -0.257718  0.00746515
         263   -0.166725   -0.257372  0.00744478
         264   -0.213065   -0.257204  0.00741847
         265   -0.276793   -0.257278  0.00739084
         266   -0.294761   -0.257419   0.0073644
         267   -0.281445   -0.257509  0.00733737
         268   -0.267712   -0.257547  0.00731009
         269   -0.247234   -0.257509  0.00728301
         270   -0.245827   -0.257465  0.00725617
         271   -0.252245   -0.257446  0.00722942
         272   -0.229306   -0.257343  0.00720358
         273   -0.287033   -0.257451  0.00717801
         274   -0.326016   -0.257702  0.00715618
         275   -0.312714   -0.257902  0.00713295
         276   -0.283669   -0.257995  0.00710772
         277   -0.277171   -0.258064  0.00708239
         278   -0.280379   -0.258145  0.00705737
         279   -0.287438    -0.25825  0.00703286
         280    -0.29967   -0.258397   0.0070093
         281   -0.326025   -0.258638  0.00698848
         282   -0.351758   -0.258968   0.0069715
         283   -0.354595   -0.259306  0.00695505
         284   -0.350389   -0.259627  0.00693795
         285    -0.36412   -0.259994  0.00692329
         286    -0.37108   -0.260382  0.00690997
         287   -0.360827   -0.260732  0.00689475
         288   -0.360137   -0.261077  0.00687944
         289   -0.366671   -0.261443  0.00686533
         290   -0.355632   -0.261767  0.00684934
         291   -0.317127   -0.261958  0.00682844
         292   -0.287612   -0.262045  0.00680562
         293   -0.284308   -0.262121  0.00678282
         294   -0.257868   -0.262107  0.00675976
         295   -0.246594   -0.262054  0.00673705
         296    -0.27429   -0.262096  0.00671442
         297   -0.301708   -0.262229  0.00669314
         298   -0.310885   -0.262392  0.00667267
         299   -0.305724   -0.262537  0.00665193
         300   -0.298819   -0.262658  0.00663085
         301    -0.29483   -0.262765  0.00660968
         302   -0.293864   -0.262868   0.0065886
         303   -0.295334   -0.262975  0.00656773
         304    -0.29858   -0.263092  0.00654717
         305   -0.302971   -0.263223  0.00652701
         306   -0.307867   -0.263369  0.00650731
         307   -0.312568   -0.263529  0.00648808
         308   -0.316003     -0.2637  0.00646925
         309   -0.316916   -0.263872  0.00645061
         310    -0.31487   -0.264036   0.0064319
         311   -0.312518   -0.264192  0.00641311
         312    -0.31025    -0.26434  0.00639425
         313   -0.298597   -0.264449  0.00637476
         314   -0.305764   -0.264581  0.00635581
         315   -0.334047   -0.264801  0.00633946
         316   -0.326849   -0.264998  0.00632244
         317   -0.295285   -0.265093  0.00630322
         318   -0.292478   -0.265179  0.00628398
         319   -0.320007   -0.265351  0.00626663
         320   -0.338666    -0.26558  0.00625124
         321   -0.339161    -0.26581  0.00623596
         322   -0.330843   -0.266012  0.00621987
         323   -0.320659   -0.266181  0.00620291
         324   -0.308382   -0.266311  0.00618513
         325   -0.296602   -0.266404  0.00616681
         326    -0.29406   -0.266489  0.00614847
         327   -0.294235   -0.266574  0.00613026
         328   -0.276347   -0.266604  0.00611164
         329   -0.268909   -0.266611  0.00609307
         330   -0.284812   -0.266666  0.00607485
         331   -0.275294   -0.266692  0.00605655
         332   -0.260818   -0.266674  0.00603834
         333   -0.289131   -0.266742  0.00602058
         334   -0.328972   -0.266928  0.00600544
         335   -0.323405   -0.267097  0.00598988
         336   -0.263469   -0.267086  0.00597206
         337   -0.248383    -0.26703   0.0059546
         338   -0.253653   -0.266991  0.00593711
         339   -0.263212    -0.26698  0.00591961
         340   -0.288521   -0.267043  0.00590254
         341   -0.309069   -0.267166  0.00588651
         342    -0.26861    -0.26717   0.0058693
         343   -0.110382   -0.266713  0.00586996
         344   -0.182229   -0.266468  0.00585804
         345   -0.255866   -0.266437  0.00584114
         346   -0.290873   -0.266508  0.00582468
         347   -0.298511     -0.2666  0.00580863
         348   -0.304654   -0.266709  0.00579296
         349   -0.317449   -0.266855  0.00577819
         350   -0.325952   -0.267023  0.00576415
         351   -0.327213   -0.267195  0.00575027
         352    -0.32169    -0.26735  0.00573602
         353   -0.292749   -0.267422  0.00572022
         354   -0.255672   -0.267388  0.00570416
         355   -0.294584   -0.267465  0.00568861
         356   -0.318271   -0.267608  0.00567442
         357   -0.315342   -0.267741   0.0056601
         358   -0.299385    -0.26783  0.00564498
         359   -0.276824   -0.267855  0.00562931
         360   -0.290039   -0.267917  0.00561401
         361   -0.306857   -0.268024   0.0055995
         362   -0.305193   -0.268127  0.00558497
         363   -0.274554   -0.268145  0.00556961
         364   -0.243523   -0.268077  0.00555472
         365   -0.291335   -0.268141  0.00553987
         366   -0.332218   -0.268316   0.0055275
         367   -0.341388   -0.268515  0.00551602
         368   -0.329176    -0.26868  0.00550349
         369   -0.284422   -0.268723  0.00548874
         370   -0.287158   -0.268772  0.00547414
         371   -0.329875   -0.268937  0.00546186
         372   -0.342764   -0.269136  0.00545078
         373   -0.347689   -0.269346  0.00544023
         374   -0.352549   -0.269569  0.00543023
         375   -0.355566   -0.269798  0.00542059
         376   -0.355472   -0.270026  0.00541096
         377   -0.350579   -0.270239  0.00540083
         378   -0.335449   -0.270412   0.0053893
         379   -0.310496   -0.270518  0.00537611
         380   -0.295641   -0.270584  0.00536237
         381   -0.299944   -0.270661  0.00534885
         382   -0.308387    -0.27076  0.00533576
         383   -0.303155   -0.270844   0.0053225
         384    -0.31045   -0.270947  0.00530964
         385   -0.336402   -0.271117  0.00529857
         386   -0.343606   -0.271305  0.00528817
         387   -0.326643   -0.271448  0.00527644
         388   -0.303928   -0.271532   0.0052635
         389    -0.29963   -0.271604  0.00525047
         390   -0.310625   -0.271704  0.00523796
         391   -0.318095   -0.271823   0.0052259
         392   -0.317822    -0.27194  0.00521389
         393   -0.312906   -0.272044  0.00520166
         394   -0.308086   -0.272136  0.00518927
         395   -0.309011   -0.272229  0.00517697
         396   -0.311878   -0.272329  0.00516486
         397   -0.306408   -0.272415  0.00515257
         398   -0.291617   -0.272463  0.00513985
         399   -0.280909   -0.272485  0.00512701
         400   -0.295632   -0.272542  0.00511452
         401   -0.317813   -0.272655  0.00510301
         402   -0.321108   -0.272776  0.00509174
         403   -0.319089   -0.272891   0.0050804
         404   -0.319081   -0.273005  0.00506911
         405   -0.323688    -0.27313  0.00505814
         406   -0.322522   -0.273252  0.00504714
         407   -0.317507   -0.273361  0.00503591
         408   -0.306645   -0.273442  0.00502423
         409   -0.303666   -0.273516  0.00501249
         410   -0.348373   -0.273699  0.00500359
         411   -0.383813   -0.273967  0.00499858
         412   -0.381675   -0.274228  0.00499328
         413   -0.327311   -0.274357  0.00498285
         414   -0.285419   -0.274383  0.00497088
         415   -0.334643   -0.274529  0.00496102
         416   -0.364712   -0.274745  0.00495383
         417    -0.37677    -0.27499  0.00494799
         418   -0.386942   -0.275258   0.0049434
         419    -0.39667   -0.275548  0.00494008
         420   -0.404269   -0.275854  0.00493782
         421   -0.408778    -0.27617  0.00493618
         422   -0.410745   -0.276489  0.00493477
         423   -0.409412   -0.276803   0.0049331
         424   -0.400121   -0.277094  0.00493003
         425   -0.383838   -0.277345  0.00492482
         426    -0.36807   -0.277558  0.00491787
         427   -0.343036   -0.277711  0.00490874
         428   -0.360887   -0.277906  0.00490111
         429   -0.381632   -0.278147  0.00489565
         430   -0.343213   -0.278299   0.0048866
         431   -0.325966   -0.278409  0.00487652
         432   -0.365352   -0.278611  0.00486938
         433   -0.382754   -0.278851  0.00486407
         434   -0.373388   -0.279069  0.00485774
         435   -0.352799   -0.279238  0.00484953
         436    -0.35668   -0.279416  0.00484166
         437   -0.364978   -0.279612  0.00483453
         438   -0.364007   -0.279804  0.00482733
         439    -0.36066   -0.279989  0.00481985
         440   -0.355967   -0.280161  0.00481199
         441   -0.355445   -0.280332   0.0048041
         442   -0.360161   -0.280513  0.00479663
         443   -0.358735   -0.280689  0.00478905
         444    -0.34452   -0.280833  0.00478042
         445   -0.336227   -0.280957   0.0047713
         446   -0.343043   -0.281097  0.00476263
         447   -0.349955   -0.281251  0.00475447
         448   -0.351001   -0.281406   0.0047464
         449   -0.348655   -0.281556  0.00473819
         450   -0.343079   -0.281693  0.00472964
         451   -0.339953   -0.281822  0.00472091
         452   -0.334372   -0.281938   0.0047119
         453    -0.31801   -0.282018  0.00470217
         454   -0.327541   -0.282118  0.00469288
         455   -0.343656   -0.282254  0.00468452
         456   -0.310497   -0.282315  0.00467465
         457   -0.272645   -0.282294  0.00466447
         458   -0.304446   -0.282343  0.00465454
         459    -0.33823   -0.282464  0.00464599
         460   -0.347161   -0.282605  0.00463802
         461   -0.322613   -0.282692  0.00462877
         462   -0.267335   -0.282659  0.00461887
         463   -0.274442   -0.282641  0.00460893
         464   -0.310101     -0.2827  0.00459938
         465   -0.293954   -0.282724  0.00458955
         466   -0.239873   -0.282632  0.00458062
         467    -0.25798   -0.282579  0.00457112
         468   -0.307119   -0.282632  0.00456165
         469   -0.317209   -0.282706  0.00455252
         470   -0.308559   -0.282761  0.00454317
         471   -0.304267   -0.282806  0.00453375
         472   -0.307354   -0.282858  0.00452444
         473   -0.308743   -0.282913  0.00451521
         474   -0.302335   -0.282954  0.00450587
         475   -0.285166   -0.282959  0.00449638
         476   -0.268627   -0.282929  0.00448704
         477   -0.274956   -0.282912  0.00447766
         478   -0.304422   -0.282957  0.00446852
         479    -0.33418   -0.283064  0.00446047
         480    -0.33557   -0.283173  0.00445252
         481   -0.335617   -0.283282   0.0044446
         482   -0.353517   -0.283428  0.00443777
         483   -0.358799   -0.283584  0.00443132
         484   -0.339149   -0.283699  0.00442365
         485   -0.323608   -0.283781   0.0044153
         486   -0.334773   -0.283886  0.00440746
         487   -0.353372   -0.284029  0.00440072
         488   -0.360842   -0.284186  0.00439451
         489   -0.358486   -0.284338  0.00438815
         490   -0.353452   -0.284479  0.00438146
         491   -0.343353   -0.284599  0.00437418
         492    -0.33326   -0.284698  0.00436641
         493   -0.340499   -0.284811  0.00435902
         494   -0.362143   -0.284968    0.004353
         495   -0.382399   -0.285164  0.00434866
         496   -0.381137   -0.285358  0.00434419
         497   -0.336774   -0.285461  0.00433668
         498   -0.275389   -0.285441  0.00432802
         499   -0.278956   -0.285428  0.00431937
         500    -0.33322   -0.285524  0.00431179
         501   -0.365423   -0.285683  0.00430613
         502   -0.374484    -0.28586  0.00430118
         503   -0.377092   -0.286041  0.00429645
         504   -0.375249   -0.286218  0.00429157
         505   -0.370754   -0.286386  0.00428634
         506   -0.370561   -0.286552  0.00428109
         507   -0.363419   -0.286704  0.00427533
         508   -0.328546   -0.286786  0.00426771
         509   -0.306592   -0.286825   0.0042595
         510   -0.355354   -0.286959  0.00425327
         511   -0.383419   -0.287148  0.00424913
         512   -0.372233   -0.287314  0.00424408
         513   -0.367297    -0.28747  0.00423867
         514   -0.380034    -0.28765  0.00423425
         515   -0.382202   -0.287834  0.00423001
         516   -0.353039    -0.28796   0.0042237
         517   -0.318259   -0.288019  0.00421593
         518   -0.327775   -0.288096  0.00420849
         519   -0.355835   -0.288226  0.00420241
         520   -0.360408   -0.288365  0.00419662
         521    -0.32773   -0.288441  0.00418924
         522   -0.336903   -0.288533  0.00418225
         523   -0.324011   -0.288601   0.0041748
         524   -0.260928   -0.288549  0.00416717
         525   -0.320171   -0.288609  0.00415967
         526   -0.336213   -0.288699  0.00415274
         527   -0.336756    -0.28879  0.00414586
         528   -0.339692   -0.288887  0.00413913
         529   -0.350541   -0.289003  0.00413295
         530   -0.372413   -0.289161  0.00412814
         531   -0.344987   -0.289266  0.00412171
         532   -0.287932   -0.289263  0.00411396
         533   -0.303503    -0.28929  0.00410633
         534   -0.334927   -0.289376  0.00409953
         535   -0.344692   -0.289479  0.00409317
         536   -0.351821   -0.289595  0.00408719
         537   -0.353646   -0.289715  0.00408132
         538   -0.339574   -0.289807  0.00407478
         539   -0.329864   -0.289882   0.0040679
         540   -0.356453   -0.290005  0.00406223
         541   -0.356329   -0.290127  0.00405657
         542   -0.359336   -0.290255   0.0040511
         543    -0.37598   -0.290413  0.00404671
         544    -0.39077   -0.290597  0.00404348
         545   -0.383137   -0.290767  0.00403962
         546   -0.373756   -0.290919  0.00403508
         547   -0.382583   -0.291087  0.00403118
         548   -0.379695   -0.291249  0.00402707
         549   -0.372927   -0.291397  0.00402248
         550    -0.36685   -0.291534  0.00401751
         551   -0.366877   -0.291671  0.00401254
         552   -0.386455   -0.291843  0.00400894
         553    -0.37495   -0.291993  0.00400451
         554   -0.367872    -0.29213  0.00399962
         555   -0.372611   -0.292275  0.00399504
         556   -0.378566    -0.29243  0.00399087
         557   -0.387754   -0.292602  0.00398738
         558   -0.390517   -0.292777  0.00398409
         559   -0.379335   -0.292932  0.00397997
         560   -0.367406   -0.293065  0.00397508
         561    -0.36702   -0.293197  0.00397018
         562   -0.370929   -0.293335  0.00396553
         563   -0.367032   -0.293466  0.00396064
         564   -0.352147    -0.29357  0.00395499
         565   -0.335344   -0.293644  0.00394868
         566   -0.322628   -0.293695  0.00394203
         567    -0.29932   -0.293705  0.00393509
         568   -0.285101    -0.29369   0.0039282
         569   -0.318074   -0.293733  0.00392153
         570   -0.336815   -0.293808  0.00391537
         571   -0.339152   -0.293888  0.00390932
         572   -0.351647   -0.293989  0.00390379
         573   -0.345199   -0.294078    0.003898
         574   -0.293483   -0.294077  0.00389121
         575   -0.308925   -0.294103  0.00388453
         576   -0.354912   -0.294208  0.00387922
         577   -0.360346   -0.294323  0.00387419
         578   -0.343174   -0.294408  0.00386841
         579   -0.300276   -0.294418  0.00386174
         580    -0.26833   -0.294373  0.00385534
         581   -0.299629   -0.294382  0.00384872
         582   -0.305274     -0.2944  0.00384215
         583   -0.306815   -0.294422  0.00383562
         584   -0.336137   -0.294493  0.00382972
         585   -0.352656   -0.294593  0.00382446
         586   -0.354533   -0.294695   0.0038193
         587   -0.348323   -0.294786  0.00381389
         588   -0.327924   -0.294843  0.00380782
         589   -0.302261   -0.294855  0.00380138
         590   -0.308494   -0.294878    0.003795
         591   -0.317248   -0.294916  0.00378877
         592   -0.310641   -0.294943  0.00378246
         593   -0.315328   -0.294977  0.00377624
         594   -0.336436   -0.295047  0.00377053
         595   -0.355757   -0.295149  0.00376557
         596    -0.36532   -0.295267  0.00376109
         597   -0.364861   -0.295383   0.0037566
         598   -0.356248   -0.295485   0.0037517
         599   -0.344751   -0.295567  0.00374633
         600   -0.343332   -0.295647  0.00374094
         601   -0.355643   -0.295747  0.00373604
         602   -0.368495   -0.295868  0.00373179
         603   -0.370808   -0.295992  0.00372767
         604    -0.35098   -0.296083  0.00372261
         605   -0.311275   -0.296108  0.00371654
         606   -0.299478   -0.296114  0.00371041
         607   -0.313721   -0.296143  0.00370442
         608   -0.337024    -0.29621  0.00369893
         609   -0.352046   -0.296301    0.003694
         610   -0.346347   -0.296384  0.00368885
         611   -0.326367   -0.296433  0.00368314
         612   -0.315624   -0.296464  0.00367725
         613   -0.302089   -0.296473  0.00367127
         614   -0.290287   -0.296463   0.0036653
         615   -0.294345    -0.29646  0.00365934
         616   -0.318634   -0.296496  0.00365358
         617   -0.345769   -0.296575  0.00364853
         618   -0.353459   -0.296668  0.00364379
         619   -0.351173   -0.296756  0.00363897
         620   -0.355389    -0.29685  0.00363432
         621    -0.36369   -0.296958  0.00363007
         622    -0.36429   -0.297066  0.00362584
         623   -0.333745   -0.297125   0.0036205
         624   -0.255284   -0.297058  0.00361532
         625   -0.293157   -0.297052  0.00360954
         626    -0.34419   -0.297127  0.00360456
         627   -0.346323   -0.297205  0.00359967
         628   -0.336874   -0.297269  0.00359449
         629   -0.351609   -0.297355  0.00358981
         630   -0.352612   -0.297443  0.00358518
         631   -0.325182   -0.297487  0.00357977
         632   -0.331405    -0.29754  0.00357451
         633   -0.374142   -0.297661  0.00357091
         634   -0.370461   -0.297776  0.00356712
         635   -0.353474   -0.297864  0.00356259
         636   -0.366973   -0.297972  0.00355864
         637   -0.370043   -0.298086  0.00355485
         638   -0.339233    -0.29815  0.00354987
         639   -0.285092    -0.29813  0.00354437
         640   -0.281055   -0.298103  0.00353893
         641   -0.311589   -0.298124  0.00353347
         642   -0.329192   -0.298172   0.0035283
         643   -0.318135   -0.298203  0.00352295
         644   -0.220999   -0.298084  0.00351952
         645   -0.251855   -0.298012  0.00351479
         646   -0.332109   -0.298065  0.00350975
         647   -0.359094   -0.298159  0.00350559
         648   -0.360155   -0.298255  0.00350148
         649   -0.340412    -0.29832  0.00349669
         650   -0.289707   -0.298306  0.00349134
         651    -0.25037   -0.298233  0.00348675
         652   -0.268895   -0.298188  0.00348169
         653   -0.306598   -0.298201  0.00347639
         654   -0.324719   -0.298241  0.00347131
         655   -0.331812   -0.298292  0.00346638
         656   -0.333604   -0.298346  0.00346152
         657   -0.331043   -0.298396  0.00345661
         658   -0.326231   -0.298438  0.00345161
         659    -0.32284   -0.298475  0.00344657
         660    -0.31819   -0.298505  0.00344148
         661   -0.304497   -0.298514  0.00343629
         662   -0.291333   -0.298503  0.00343111
         663   -0.300082   -0.298506  0.00342594
         664   -0.317793   -0.298535   0.0034209
         665   -0.322117    -0.29857  0.00341594
         666   -0.307657   -0.298584  0.00341084
         667   -0.288177   -0.298568  0.00340576
         668    -0.29937    -0.29857  0.00340066
         669   -0.321295   -0.298604  0.00339575
         670   -0.321561   -0.298638  0.00339086
         671   -0.307133    -0.29865  0.00338583
         672   -0.307507   -0.298664  0.00338081
         673   -0.320648   -0.298696  0.00337595
         674   -0.323229   -0.298733  0.00337113
         675   -0.310713    -0.29875  0.00336619
         676   -0.288785   -0.298736  0.00336124
         677   -0.285137   -0.298716  0.00335633
         678   -0.308378    -0.29873  0.00335141
         679   -0.326955   -0.298771  0.00334674
         680   -0.332178   -0.298821  0.00334218
         681   -0.328432   -0.298864  0.00333755
         682   -0.323606     -0.2989  0.00333285
         683   -0.325727    -0.29894  0.00332821
         684   -0.335646   -0.298993  0.00332377
         685   -0.346388   -0.299062  0.00331964
         686   -0.348958   -0.299135   0.0033156
         687   -0.340207   -0.299195  0.00331131
         688   -0.330707   -0.299241  0.00330681
         689    -0.33298    -0.29929  0.00330238
         690    -0.35227   -0.299367  0.00329848
         691   -0.375567   -0.299477  0.00329555
         692   -0.375018   -0.299586   0.0032926
         693   -0.348678   -0.299657  0.00328861
         694    -0.32407   -0.299692  0.00328406
         695   -0.321245   -0.299723  0.00327948
         696   -0.355121   -0.299803  0.00327573
         697    -0.38197   -0.299921  0.00327315
         698   -0.374961   -0.300028  0.00327023
         699   -0.361972   -0.300117  0.00326675
         700   -0.367794   -0.300213  0.00326352
         701   -0.383323   -0.300332  0.00326101
         702   -0.390385    -0.30046  0.00325889
         703     -0.3873   -0.300584  0.00325659
         704   -0.380732   -0.300698  0.00325396
         705   -0.370255   -0.300796  0.00325084
         706   -0.356211   -0.300875  0.00324718
         707   -0.353781    -0.30095  0.00324345
         708   -0.346487   -0.301014  0.00323951
         709    -0.34054    -0.30107  0.00323542
         710   -0.354138   -0.301144  0.00323172
         711   -0.361025   -0.301229  0.00322828
         712   -0.358294   -0.301309  0.00322474
         713   -0.358824   -0.301389  0.00322122
         714   -0.363793   -0.301477   0.0032179
         715   -0.367576   -0.301569  0.00321472
         716   -0.369867   -0.301665  0.00321165
         717    -0.35881   -0.301744  0.00320816
         718   -0.340225   -0.301798  0.00320414
         719   -0.358081   -0.301876  0.00320064
         720   -0.377733   -0.301982  0.00319793
         721     -0.3784   -0.302088  0.00319525
         722   -0.373947   -0.302187  0.00319237
         723   -0.373693   -0.302286  0.00318949
         724   -0.375168   -0.302387  0.00318667
         725   -0.374396   -0.302486  0.00318382
         726   -0.374642   -0.302585  0.00318099
         727   -0.370861   -0.302679    0.003178
         728   -0.352152   -0.302747  0.00317436
         729   -0.352325   -0.302815  0.00317073
         730    -0.38373   -0.302926  0.00316833
         731   -0.404969   -0.303066  0.00316706
         732   -0.391428   -0.303186  0.00316504
         733   -0.366095   -0.303272  0.00316188
         734     -0.3573   -0.303346  0.00315843
         735   -0.369125   -0.303435   0.0031554
         736   -0.387306   -0.303549  0.00315317
         737    -0.40713    -0.30369  0.00315202
         738   -0.417354   -0.303844  0.00315151
         739   -0.390817   -0.303961  0.00314945
         740   -0.376409   -0.304059  0.00314671
         741   -0.412088   -0.304205  0.00314584
         742   -0.420219   -0.304362  0.00314548
         743   -0.417215   -0.304513  0.00314492
         744   -0.413875    -0.30466  0.00314412
         745   -0.407878   -0.304799  0.00314295
         746   -0.401696   -0.304929  0.00314142
         747   -0.396251   -0.305051  0.00313959
         748   -0.389726   -0.305164  0.00313744
         749   -0.385242   -0.305271  0.00313507
         750   -0.376151   -0.305366  0.00313231
         751   -0.356456   -0.305434  0.00312888
         752    -0.34248   -0.305483  0.00312511
         753    -0.36546   -0.305563  0.00312197
         754   -0.406306   -0.305696  0.00312069
         755   -0.404427   -0.305827   0.0031193
         756   -0.362929   -0.305903  0.00311608
         757   -0.367621   -0.305984  0.00311303
         758   -0.361348   -0.306057  0.00310978
         759   -0.336335   -0.306097  0.00310594
         760   -0.323479    -0.30612  0.00310194
         761    -0.36697     -0.3062  0.00309889
         762   -0.397784    -0.30632  0.00309716
         763   -0.403616   -0.306448  0.00309572
         764   -0.400257    -0.30657   0.0030941
         765   -0.384777   -0.306673  0.00309175
         766   -0.347885   -0.306726  0.00308818
         767   -0.317973   -0.306741  0.00308419
         768   -0.321343    -0.30676  0.00308023
         769   -0.347022   -0.306812  0.00307667
         770   -0.373542   -0.306899   0.0030739
         771   -0.376385   -0.306989  0.00307123
         772   -0.349418   -0.307044  0.00306774
         773   -0.315692   -0.307055  0.00306379
         774   -0.308806   -0.307058  0.00305984
         775   -0.318478   -0.307072  0.00305592
         776   -0.313994   -0.307081    0.003052
         777   -0.314104    -0.30709  0.00304808
         778   -0.339257   -0.307132  0.00304445
         779   -0.342526   -0.307177  0.00304088
         780   -0.318681   -0.307192  0.00303702
         781   -0.294961   -0.307176  0.00303317
         782   -0.314822   -0.307186   0.0030293
         783   -0.338965   -0.307227  0.00302571
         784   -0.341976   -0.307271  0.00302217
         785   -0.324381   -0.307293   0.0030184
         786   -0.320931    -0.30731  0.00301461
         787   -0.325673   -0.307333  0.00301087
         788   -0.293011   -0.307315   0.0030071
         789    -0.28476   -0.307287  0.00300343
         790   -0.310082    -0.30729  0.00299963
         791   -0.307971   -0.307291  0.00299584
         792    -0.28247    -0.30726  0.00299222
         793    -0.31386   -0.307268  0.00298846
         794   -0.334083   -0.307302  0.00298488
         795   -0.332675   -0.307334   0.0029813
         796   -0.318512   -0.307348  0.00297759
         797   -0.318782   -0.307362  0.00297389
         798   -0.347297   -0.307412  0.00297058
         799   -0.361218   -0.307479  0.00296763
         800   -0.352757   -0.307536  0.00296446
         801   -0.333135   -0.307568  0.00296093
         802   -0.313726   -0.307576  0.00295725
         803   -0.316464   -0.307587  0.00295358
         804   -0.315683   -0.307597  0.00294993
         805   -0.266631   -0.307546   0.0029467
         806    -0.30088   -0.307538  0.00294306
         807    -0.31365   -0.307545  0.00293942
         808   -0.338862   -0.307584  0.00293604
         809   -0.353495   -0.307641  0.00293296
         810    -0.35066   -0.307694  0.00292982
         811   -0.341936   -0.307736  0.00292651
         812   -0.337014   -0.307772  0.00292313
         813    -0.34086   -0.307813  0.00291981
         814   -0.354023    -0.30787  0.00291678
         815   -0.371295   -0.307947  0.00291424
         816   -0.372327   -0.308026  0.00291173
         817   -0.346349   -0.308073  0.00290855
         818   -0.326938   -0.308096  0.00290508
         819   -0.319164    -0.30811  0.00290157
         820   -0.318717   -0.308123  0.00289806
         821   -0.319261   -0.308136  0.00289456
         822   -0.312838   -0.308142  0.00289105
         823   -0.332063   -0.308171  0.00288768
         824   -0.354713   -0.308228  0.00288473
         825   -0.363305   -0.308294    0.002882
         826   -0.361627   -0.308359  0.00287924
         827   -0.352465   -0.308412  0.00287625
         828   -0.350444   -0.308463  0.00287322
         829   -0.362924   -0.308529  0.00287051
         830   -0.374074   -0.308608  0.00286814
         831   -0.370418   -0.308682  0.00286565
         832   -0.333996   -0.308712  0.00286237
         833   -0.269187   -0.308665  0.00285932
         834   -0.249624   -0.308594  0.00285677
         835   -0.278532   -0.308558  0.00285358
         836   -0.325538   -0.308579  0.00285023
         837   -0.339605   -0.308616  0.00284707
         838   -0.331987   -0.308643  0.00284381
         839   -0.318107   -0.308655  0.00284044
         840   -0.318364   -0.308666  0.00283708
         841   -0.330626   -0.308692  0.00283383
         842   -0.334193   -0.308723  0.00283063
         843   -0.326239   -0.308743  0.00282735
         844   -0.314901   -0.308751  0.00282401
         845   -0.310583   -0.308753  0.00282066
         846   -0.314099   -0.308759  0.00281734
         847   -0.313294   -0.308765  0.00281402
         848   -0.302447   -0.308757  0.00281071
         849   -0.302559    -0.30875  0.00280741
         850   -0.321724   -0.308765  0.00280414
         851   -0.337525   -0.308799  0.00280105
         852   -0.334284   -0.308829  0.00279793
         853   -0.301736   -0.308821  0.00279466
         854   -0.271076   -0.308776  0.00279173
         855   -0.292645   -0.308757  0.00278853
         856   -0.332043   -0.308785  0.00278541
         857   -0.337425   -0.308818  0.00278236
         858   -0.309039   -0.308818  0.00277912
         859   -0.298904   -0.308807   0.0027759
         860   -0.317711   -0.308817   0.0027727
         861   -0.346018    -0.30886  0.00276981
         862   -0.372191   -0.308934  0.00276757
         863   -0.385062   -0.309022  0.00276577
         864   -0.379002   -0.309103  0.00276376
         865   -0.346236   -0.309146  0.00276089
         866   -0.308177   -0.309145  0.00275771
         867   -0.287383    -0.30912  0.00275464
         868   -0.314858   -0.309126  0.00275147
         869    -0.36257   -0.309188    0.002749
         870   -0.379173   -0.309268  0.00274701
         871   -0.378068   -0.309347  0.00274499
         872   -0.370027   -0.309417  0.00274273
         873    -0.35947   -0.309474  0.00274019
         874   -0.352928   -0.309524   0.0027375
         875   -0.350202    -0.30957  0.00273477
         876   -0.341475   -0.309607  0.00273189
         877   -0.326305   -0.309626  0.00272884
         878   -0.310207   -0.309627  0.00272573
         879   -0.297032   -0.309612  0.00272267
         880    -0.28513   -0.309584  0.00271972
         881   -0.277402   -0.309548  0.00271687
         882   -0.287417   -0.309523  0.00271391
         883    -0.30763   -0.309521  0.00271084
         884   -0.333799   -0.309548  0.00270791
         885   -0.348857   -0.309593  0.00270521
         886   -0.343076    -0.30963  0.00270243
         887   -0.321155   -0.309643  0.00269941
         888   -0.301605   -0.309634  0.00269639
         889   -0.279244     -0.3096  0.00269357
         890   -0.266763   -0.309552  0.00269097
         891   -0.293345   -0.309534  0.00268801
         892   -0.317337   -0.309542  0.00268501
         893   -0.327639   -0.309563  0.00268208
         894   -0.333641    -0.30959  0.00267922
         895   -0.339142   -0.309623  0.00267643
         896   -0.342537   -0.309659  0.00267369
         897   -0.342072   -0.309696  0.00267096
         898   -0.338271   -0.309727  0.00266817
         899    -0.33092   -0.309751  0.00266531
         900   -0.316292   -0.309758  0.00266236
         901   -0.308648   -0.309757   0.0026594
         902   -0.316516   -0.309765  0.00265647
         903   -0.327092   -0.309784  0.00265359
         904   -0.337538   -0.309814  0.00265083
         905   -0.343566   -0.309852  0.00264817
         906   -0.346618   -0.309892  0.00264556
         907   -0.348419   -0.309935  0.00264298
         908   -0.345023   -0.309973  0.00264035
         909   -0.331374   -0.309997  0.00263755
         910   -0.310801   -0.309998  0.00263465
         911   -0.313491   -0.310002  0.00263176
         912   -0.336715   -0.310031  0.00262904
         913   -0.338621   -0.310062  0.00262635
         914   -0.275431   -0.310024  0.00262375
         915   -0.306597   -0.310021  0.00262088
         916   -0.339277   -0.310053  0.00261822
         917   -0.331639   -0.310076  0.00261547
         918    -0.31057   -0.310077  0.00261262
         919    -0.27281   -0.310036  0.00261009
         920   -0.273962   -0.309997  0.00260755
         921    -0.30755   -0.309994  0.00260472
         922   -0.328602   -0.310014  0.00260197
         923   -0.332168   -0.310038  0.00259926
         924   -0.320489    -0.31005  0.00259647
         925   -0.301628   -0.310041  0.00259368
         926    -0.29455   -0.310024  0.00259094
         927   -0.305829   -0.310019  0.00258815
         928   -0.316406   -0.310026  0.00258537
         929   -0.313669    -0.31003  0.00258259
         930   -0.306534   -0.310026  0.00257981
         931   -0.305672   -0.310022  0.00257704
         932   -0.306897   -0.310018  0.00257428
         933   -0.307976   -0.310016  0.00257152
         934   -0.287256   -0.309992  0.00256889
         935   -0.254196   -0.309932  0.00256683
         936   -0.281339   -0.309902  0.00256427
         937   -0.318808   -0.309911  0.00256155
         938   -0.327415    -0.30993  0.00255889
         939    -0.32503   -0.309946  0.00255621
         940   -0.319361   -0.309956  0.00255351
         941   -0.313475    -0.30996   0.0025508
         942   -0.312539   -0.309962   0.0025481
         943    -0.31716    -0.30997  0.00254541
         944   -0.322204   -0.309983  0.00254274
         945   -0.324786   -0.309999   0.0025401
         946   -0.315848   -0.310005  0.00253742
         947   -0.280542   -0.309974  0.00253493
         948   -0.274264   -0.309936  0.00253254
         949   -0.314443   -0.309941  0.00252988
         950   -0.328619    -0.30996  0.00252729
         951    -0.32615   -0.309977  0.00252469
         952   -0.302795    -0.30997  0.00252205
         953   -0.240839   -0.309897  0.00252045
         954   -0.212891   -0.309796  0.00251985
         955   -0.279643   -0.309764  0.00251741
         956   -0.304906   -0.309759  0.00251478
         957    -0.31152   -0.309761  0.00251216
         958   -0.321933   -0.309774  0.00250957
         959   -0.320302   -0.309785  0.00250697
         960   -0.290668   -0.309765  0.00250444
         961   -0.255495   -0.309708  0.00250247
         962    -0.24598   -0.309642  0.00250075
         963   -0.202736   -0.309531  0.00250061
         964   -0.189705   -0.309407  0.00250111
         965   -0.276055   -0.309372  0.00249875
         966   -0.307002    -0.30937  0.00249617
         967   -0.309724    -0.30937  0.00249359
         968   -0.302593   -0.309363  0.00249102
         969   -0.291409   -0.309344  0.00248852
         970   -0.280189   -0.309314  0.00248614
         971   -0.273747   -0.309278  0.00248385
         972   -0.273536   -0.309241  0.00248156
         973   -0.276333   -0.309207  0.00247924
         974    -0.28002   -0.309177  0.00247688
         975   -0.285843   -0.309153  0.00247445
         976   -0.295335   -0.309139  0.00247196
         977   -0.306065   -0.309136  0.00246943
         978   -0.310764   -0.309138  0.00246691
         979   -0.301665    -0.30913   0.0024644
         980   -0.282259   -0.309103  0.00246204
         981   -0.273652   -0.309066  0.00245979
         982   -0.301314   -0.309058   0.0024573
         983   -0.346665   -0.309097   0.0024551
         984   -0.370489   -0.309159  0.00245339
         985   -0.365463   -0.309216  0.00245157
         986   -0.346165   -0.309254  0.00244937
         987    -0.33457   -0.309279  0.00244702
         988    -0.32083   -0.309291  0.00244457
         989    -0.29186   -0.309273  0.00244216
         990    -0.30842   -0.309273   0.0024397
         991    -0.32882   -0.309292  0.00243732
         992   -0.329869   -0.309313  0.00243495
         993   -0.356109    -0.30936  0.00243295
         994   -0.388481    -0.30944  0.00243181
         995   -0.406302   -0.309537  0.00243131
         996   -0.393789   -0.309622  0.00243034
         997   -0.337873    -0.30965  0.00242807
         998    -0.28991    -0.30963  0.00242571
         999   -0.283449   -0.309604  0.00242343
        1000      -0.313   -0.309608  0.00242101
        1001   -0.336814   -0.309635  0.00241874
        1002   -0.344105   -0.309669  0.00241657
        1003   -0.345824   -0.309705  0.00241443
        1004   -0.337928   -0.309733  0.00241219
        1005   -0.323025   -0.309746  0.00240983
        1006   -0.309843   -0.309747  0.00240743
        1007   -0.291856   -0.309729  0.00240511
        1008   -0.265962   -0.309685  0.00240311
        1009    -0.26369    -0.30964  0.00240116
        1010   -0.281393   -0.309612  0.00239895
        1011   -0.292131   -0.309595  0.00239664
        1012   -0.294324   -0.309579  0.00239432
        1013   -0.295121   -0.309565  0.00239199
        1014   -0.296431   -0.309552  0.00238967
        1015   -0.279708   -0.309523   0.0023875
        1016    -0.20258   -0.309418  0.00238747
        1017   -0.224631   -0.309334  0.00238657
        1018   -0.260909   -0.309287   0.0023847
        1019   -0.240132   -0.309219  0.00238333
        1020    -0.24337   -0.309154  0.00238187
        1021   -0.267437   -0.309113  0.00237988
        1022   -0.274061   -0.309079   0.0023778
        1023   -0.260136   -0.309031  0.00237596
        1024   -0.254958   -0.308978  0.00237423
        1025   -0.258182   -0.308929  0.00237243
        1026   -0.239603   -0.308861  0.00237108
        1027   -0.218729   -0.308774  0.00237039
        1028   -0.257888   -0.308724   0.0023686
        1029   -0.286671   -0.308703   0.0023664
        1030   -0.282409   -0.308677  0.00236424
        1031   -0.264484   -0.308634  0.00236233
        1032   -0.257036   -0.308584  0.00236057
        1033   -0.252236    -0.30853  0.00235892
        1034   -0.254377   -0.308477  0.00235722
        1035   -0.269737    -0.30844  0.00235524
        1036      -0.294   -0.308426  0.00235301
        1037   -0.312144   -0.308429  0.00235074
        1038   -0.289607   -0.308411  0.00234854
        1039   -0.264866   -0.308369  0.00234666
        1040   -0.301985   -0.308363  0.00234441
        1041   -0.306021   -0.308361  0.00234216
        1042   -0.290586   -0.308344  0.00233997
        1043   -0.297416   -0.308334  0.00233775
        1044   -0.304787    -0.30833  0.00233552
        1045   -0.309504   -0.308331  0.00233328
        1046   -0.309367   -0.308332  0.00233105
        1047   -0.319695   -0.308343  0.00232885
        1048   -0.327519   -0.308361   0.0023267
        1049    -0.31382   -0.308367  0.00232449
        1050   -0.307263   -0.308366  0.00232227
        1051   -0.308806   -0.308366  0.00232006
        1052   -0.279539   -0.308339  0.00231802
        1053   -0.296759   -0.308328  0.00231585
        1054   -0.349436   -0.308367  0.00231398
        1055   -0.365196    -0.30842  0.00231241
        1056   -0.349186   -0.308459  0.00231054
        1057   -0.320707   -0.308471  0.00230839
        1058   -0.302471   -0.308465  0.00230621
        1059    -0.24885   -0.308409  0.00230472
        1060   -0.252956   -0.308356  0.00230314
        1061   -0.318507   -0.308366  0.00230099
        1062   -0.360809   -0.308415  0.00229935
        1063   -0.352836   -0.308457  0.00229757
        1064   -0.310499   -0.308459  0.00229541
        1065   -0.313572   -0.308464  0.00229326
        1066   -0.332624   -0.308486  0.00229122
        1067   -0.317027   -0.308494  0.00228909
        1068   -0.304949   -0.308491  0.00228695
        1069    -0.31257   -0.308495  0.00228481
        1070   -0.309824   -0.308496  0.00228267
        1071   -0.287686   -0.308477  0.00228063
        1072   -0.271343   -0.308442  0.00227876
        1073    -0.31594   -0.308449  0.00227665
        1074    -0.34466   -0.308483  0.00227478
        1075   -0.347221   -0.308519  0.00227295
        1076   -0.346067   -0.308554   0.0022711
        1077   -0.347908    -0.30859  0.00226929
        1078   -0.353349   -0.308632  0.00226756
        1079   -0.360474    -0.30868  0.00226597
        1080   -0.363869   -0.308731  0.00226445
        1081   -0.353302   -0.308772  0.00226273
        1082   -0.330961   -0.308793  0.00226073
        1083   -0.331038   -0.308813  0.00225874
        1084   -0.354459   -0.308855  0.00225705
        1085   -0.373946   -0.308915  0.00225576
        1086   -0.378622    -0.30898   0.0022546
        1087   -0.380904   -0.309046   0.0022535
        1088   -0.387862   -0.309118  0.00225259
        1089   -0.390677   -0.309193  0.00225176
        1090   -0.384494   -0.309262  0.00225076
        1091   -0.371469   -0.309319  0.00224942
        1092   -0.348657   -0.309355  0.00224765
        1093    -0.31415    -0.30936  0.00224559
        1094   -0.333615   -0.309382  0.00224365
        1095   -0.366698   -0.309434  0.00224221
        1096   -0.370249    -0.30949  0.00224085
        1097   -0.363864   -0.309539  0.00223936
        1098   -0.351674   -0.309577  0.00223765
        1099   -0.337857   -0.309603  0.00223576
        1100   -0.331051   -0.309623  0.00223381
        1101   -0.330661   -0.309642  0.00223186
        1102    -0.33386   -0.309664  0.00222995
        1103   -0.340696   -0.309692   0.0022281
        1104   -0.346717   -0.309725  0.00222634
        1105   -0.349474   -0.309761  0.00222461
        1106   -0.349377   -0.309797  0.00222289
        1107   -0.346664   -0.309831  0.00222113
        1108   -0.344459   -0.309862  0.00221935
        1109   -0.350713   -0.309899  0.00221765
        1110   -0.365103   -0.309948  0.00221621
        1111   -0.366706   -0.309999   0.0022148
        1112   -0.319617   -0.310008  0.00221283
        1113   -0.263099   -0.309966  0.00221124
        1114   -0.253503   -0.309915  0.00220984
        1115   -0.273236   -0.309882   0.0022081
        1116   -0.334602   -0.309905  0.00220623
        1117   -0.361959   -0.309951  0.00220475
        1118   -0.371006   -0.310006  0.00220346
        1119   -0.374767   -0.310064  0.00220225
        1120   -0.371958   -0.310119  0.00220097
        1121   -0.368097   -0.310171  0.00219962
        1122   -0.366871   -0.310221  0.00219824
        1123   -0.365109    -0.31027  0.00219682
        1124   -0.357854   -0.310312  0.00219528
        1125   -0.343814   -0.310342  0.00219353
        1126    -0.32732   -0.310357  0.00219163
        1127   -0.318812   -0.310365   0.0021897
        1128   -0.318616   -0.310372  0.00218777
        1129   -0.312972   -0.310374  0.00218583
        1130   -0.287424   -0.310354  0.00218399
        1131   -0.284319   -0.310331  0.00218218
        1132   -0.317647   -0.310337  0.00218027
        1133   -0.328773   -0.310354   0.0021784
        1134   -0.323919   -0.310366  0.00217651
        1135    -0.31836   -0.310373  0.00217461
        1136   -0.321534   -0.310383  0.00217272
        1137   -0.326402   -0.310397  0.00217085
        1138   -0.315577   -0.310401  0.00216895
        1139   -0.292457   -0.310385   0.0021671
        1140   -0.291764   -0.310369  0.00216526
        1141   -0.315276   -0.310373  0.00216337
        1142     -0.3375   -0.310397   0.0021616
        1143   -0.342691   -0.310425   0.0021599
        1144   -0.336165   -0.310448  0.00215813
        1145   -0.332803   -0.310467  0.00215633
        1146   -0.340344   -0.310494  0.00215461
        1147   -0.347748   -0.310526  0.00215297
        1148   -0.340506   -0.310552  0.00215125
        1149    -0.32462   -0.310564  0.00214942
        1150   -0.319986   -0.310573  0.00214756
        1151   -0.297202   -0.310561  0.00214573
        1152   -0.273826   -0.310529   0.0021441
        1153   -0.309734   -0.310528  0.00214224
        1154   -0.341853   -0.310556  0.00214056
        1155   -0.326488   -0.310569  0.00213875
        1156   -0.299002   -0.310559  0.00213692
        1157   -0.311032    -0.31056  0.00213508
        1158    -0.32999   -0.310576   0.0021333
        1159   -0.335589   -0.310598  0.00213157
        1160   -0.336361    -0.31062  0.00212985
        1161   -0.332371   -0.310639  0.00212809
        1162   -0.320139   -0.310647  0.00212628
        1163   -0.300897   -0.310639  0.00212447
        1164   -0.288645    -0.31062  0.00212273
        1165   -0.302975   -0.310613  0.00212091
        1166   -0.331408   -0.310631  0.00211917
        1167    -0.34937   -0.310664  0.00211761
        1168   -0.355445   -0.310703  0.00211615
        1169   -0.353859    -0.31074  0.00211466
        1170   -0.342514   -0.310767  0.00211303
        1171   -0.323826   -0.310778  0.00211125
        1172   -0.312839    -0.31078  0.00210945
        1173   -0.308675   -0.310778  0.00210765
        1174   -0.317225   -0.310783  0.00210587
        1175   -0.307904   -0.310781  0.00210407
        1176   -0.272103   -0.310748  0.00210254
        1177   -0.251084   -0.310697  0.00210137
        1178    -0.28842   -0.310678  0.00209967
        1179   -0.319409   -0.310686   0.0020979
        1180   -0.327693     -0.3107  0.00209617
        1181   -0.313257   -0.310702   0.0020944
        1182   -0.278816   -0.310675   0.0020928
        1183   -0.297106   -0.310664  0.00209106
        1184   -0.327866   -0.310679  0.00208935
        1185   -0.330786   -0.310695  0.00208765
        1186   -0.326759   -0.310709  0.00208594
        1187   -0.317344   -0.310715  0.00208419
        1188   -0.308545   -0.310713  0.00208243
        1189   -0.312809   -0.310715  0.00208068
        1190   -0.325434   -0.310727  0.00207897
        1191     -0.3064   -0.310723  0.00207723
        1192   -0.280198   -0.310698  0.00207564
        1193   -0.319507   -0.310705  0.00207392
        1194   -0.348154   -0.310736  0.00207242
        1195   -0.346051   -0.310766  0.00207089
        1196   -0.340584   -0.310791  0.00206931
        1197     -0.3265   -0.310804  0.00206762
        1198   -0.295034   -0.310791  0.00206594
        1199   -0.290044   -0.310774  0.00206429
        1200   -0.306843    -0.31077  0.00206257
        1201    -0.29437   -0.310757   0.0020609
        1202   -0.303936   -0.310751  0.00205919
        1203   -0.330854   -0.310768  0.00205755
        1204   -0.333523   -0.310787  0.00205593
        1205   -0.330417   -0.310803  0.00205429
        1206   -0.326657   -0.310816  0.00205262
        1207    -0.31687   -0.310821  0.00205093
        1208    -0.32504   -0.310833  0.00204927
        1209   -0.339943   -0.310857  0.00204771
        1210    -0.33284   -0.310875   0.0020461
        1211   -0.332708   -0.310893  0.00204449
        1212   -0.347663   -0.310923  0.00204303
        1213   -0.352768   -0.310958  0.00204164
        1214   -0.345621   -0.310986  0.00204015
        1215   -0.337118   -0.311008  0.00203859
        1216   -0.327408   -0.311021  0.00203696
        1217   -0.305734   -0.311017  0.00203529
        1218   -0.296466   -0.311005  0.00203365
        1219   -0.336229   -0.311026  0.00203209
        1220   -0.376574    -0.31108  0.00203113
        1221    -0.38637   -0.311141   0.0020304
        1222   -0.371081    -0.31119  0.00202934
        1223   -0.318182   -0.311196  0.00202768
        1224   -0.281702   -0.311172  0.00202617
        1225   -0.307631   -0.311169  0.00202452
        1226   -0.343358   -0.311195  0.00202304
        1227   -0.366149    -0.31124  0.00202188
        1228    -0.36089   -0.311281  0.00202064
        1229   -0.296184   -0.311268  0.00201904
        1230   -0.184091   -0.311165  0.00202004
        1231   -0.220521   -0.311091  0.00201974
        1232   -0.317428   -0.311096  0.00201811
        1233   -0.339537   -0.311119   0.0020166
        1234   -0.295705   -0.311107  0.00201501
        1235   -0.252929    -0.31106  0.00201393
        1236   -0.272468   -0.311029  0.00201254
        1237    -0.30163   -0.311021  0.00201093
        1238   -0.318548   -0.311027  0.00200931
        1239   -0.326782    -0.31104  0.00200773
        1240    -0.32656   -0.311052  0.00200615
        1241   -0.320039    -0.31106  0.00200455
        1242   -0.311998    -0.31106  0.00200293
        1243   -0.313831   -0.311063  0.00200132
        1244   -0.325439   -0.311074  0.00199975
        1245   -0.330211   -0.311089   0.0019982
        1246   -0.331796   -0.311106  0.00199666
        1247   -0.344776   -0.311133  0.00199525
        1248   -0.359482   -0.311172  0.00199402
        1249   -0.362916   -0.311213  0.00199286
        1250    -0.35601   -0.311249  0.00199159
        1251   -0.343941   -0.311275  0.00199016
        1252   -0.349562   -0.311306  0.00198881
        1253   -0.373302   -0.311355  0.00198784
        1254   -0.378017   -0.311408  0.00198696
        1255   -0.364744   -0.311451  0.00198583
        1256   -0.348227    -0.31148  0.00198447
        1257   -0.347968   -0.311509   0.0019831
        1258   -0.366985   -0.311553  0.00198202
        1259    -0.37843   -0.311606  0.00198115
        1260   -0.364991   -0.311649  0.00198004
        1261   -0.330934   -0.311664  0.00197852
        1262   -0.309074   -0.311662  0.00197696
        1263   -0.299548   -0.311652  0.00197542
        1264   -0.297749   -0.311641  0.00197388
        1265    -0.31703   -0.311646  0.00197233
        1266   -0.329255    -0.31166  0.00197082
        1267   -0.311243   -0.311659  0.00196926
        1268   -0.307083   -0.311656  0.00196771
        1269   -0.324053   -0.311665  0.00196619
        1270   -0.323016   -0.311674  0.00196466
        1271   -0.320527   -0.311681  0.00196313
        1272   -0.338759   -0.311703   0.0019617
        1273   -0.344883   -0.311729  0.00196033
        1274   -0.335538   -0.311747  0.00195888
        1275   -0.321276   -0.311755  0.00195736
        1276   -0.309416   -0.311753  0.00195582
        1277   -0.287543   -0.311734  0.00195439
        1278   -0.257612   -0.311692  0.00195331
        1279   -0.269718   -0.311659  0.00195206
        1280   -0.303092   -0.311652  0.00195055
        1281   -0.325431   -0.311663  0.00194906
        1282   -0.337382   -0.311683  0.00194764
        1283   -0.342445   -0.311707  0.00194627
        1284   -0.345692   -0.311734  0.00194493
        1285   -0.349295   -0.311763  0.00194364
        1286   -0.353837   -0.311795   0.0019424
        1287   -0.359209   -0.311832  0.00194124
        1288   -0.362098   -0.311871  0.00194013
        1289   -0.343716   -0.311896  0.00193878
        1290   -0.306444   -0.311892  0.00193728
        1291   -0.334674   -0.311909  0.00193586
        1292   -0.373322   -0.311957  0.00193495
        1293   -0.363747   -0.311997  0.00193387
        1294   -0.319898   -0.312003  0.00193238
        1295   -0.303791   -0.311997   0.0019309
        1296   -0.340797   -0.312019  0.00192954
        1297   -0.376162   -0.312068  0.00192868
        1298   -0.375735   -0.312118  0.00192782
        1299   -0.356572   -0.312152  0.00192664
        1300   -0.350271   -0.312181  0.00192538
        1301   -0.368336   -0.312224  0.00192438
        1302   -0.388188   -0.312283  0.00192379
        1303   -0.393969   -0.312345  0.00192334
        1304   -0.385467   -0.312401  0.00192268
        1305   -0.363457    -0.31244   0.0019216
        1306   -0.345915   -0.312466   0.0019203
        1307   -0.332896   -0.312482   0.0019189
        1308   -0.313899   -0.312483  0.00191743
        1309   -0.303636   -0.312476  0.00191598
        1310   -0.244851   -0.312424  0.00191521
        1311   -0.239268   -0.312369  0.00191456
        1312   -0.311762   -0.312368   0.0019131
        1313   -0.318618   -0.312373  0.00191165
        1314   -0.307945    -0.31237   0.0019102
        1315   -0.289594   -0.312352  0.00190883
        1316   -0.271451   -0.312321  0.00190763
        1317   -0.259274   -0.312281   0.0019066
        1318   -0.293774   -0.312267  0.00190521
        1319   -0.322474   -0.312275  0.00190378
        1320   -0.329649   -0.312288  0.00190238
        1321   -0.328938     -0.3123  0.00190099
        1322   -0.321414   -0.312307  0.00189956
        1323   -0.304419   -0.312301  0.00189813
        1324   -0.285146   -0.312281  0.00189681
        1325   -0.277552   -0.312255  0.00189556
        1326   -0.274497   -0.312226  0.00189435
        1327    -0.27546   -0.312198  0.00189312
        1328   -0.288197    -0.31218  0.00189178
        1329   -0.297384   -0.312169  0.00189039
        1330   -0.304459   -0.312163  0.00188898
        1331   -0.310326   -0.312162  0.00188756
        1332   -0.309453    -0.31216  0.00188614
        1333   -0.302275   -0.312153  0.00188474
        1334   -0.292344   -0.312138  0.00188339
        1335   -0.291353   -0.312122  0.00188204
        1336   -0.302385   -0.312115  0.00188065
        1337   -0.297216   -0.312104  0.00187927
        1338   -0.286217   -0.312084  0.00187797
        1339   -0.285747   -0.312065  0.00187667
        1340   -0.280599   -0.312041  0.00187542
        1341   -0.275673   -0.312014  0.00187421
        1342   -0.277316   -0.311988  0.00187299
        1343   -0.293474   -0.311974  0.00187165
        1344   -0.304376   -0.311969  0.00187027
        1345    -0.29967    -0.31196   0.0018689
        1346   -0.293206   -0.311946  0.00186756
        1347   -0.297727   -0.311935  0.00186621
        1348   -0.309398   -0.311933  0.00186482
        1349   -0.316041   -0.311936  0.00186344
        1350   -0.316237   -0.311939  0.00186206
        1351   -0.311527   -0.311939  0.00186069
        1352   -0.291755   -0.311924  0.00185937
        1353   -0.252418    -0.31188  0.00185852
        1354   -0.219352   -0.311812   0.0018584
        1355   -0.275902   -0.311785  0.00185722
        1356   -0.331053     -0.3118   0.0018559
        1357   -0.329668   -0.311813  0.00185458
        1358    -0.28964   -0.311796  0.00185329
        1359   -0.264107   -0.311761  0.00185226
        1360   -0.277709   -0.311736  0.00185106
        1361   -0.261211   -0.311699  0.00185007
        1362   -0.290944   -0.311684  0.00184878
        1363   -0.322095   -0.311692  0.00184744
        1364   -0.319221   -0.311697  0.00184609
        1365   -0.300642   -0.311689  0.00184476
        1366   -0.298471   -0.311679  0.00184343
        1367   -0.312839    -0.31168  0.00184208
        1368   -0.320898   -0.311687  0.00184075
        1369   -0.324435   -0.311696  0.00183943
        1370   -0.311122   -0.311696  0.00183809
        1371   -0.290783   -0.311681  0.00183681
        1372   -0.312126   -0.311681  0.00183547
        1373   -0.355616   -0.311713  0.00183441
        1374   -0.376274    -0.31176  0.00183368
        1375    -0.35371    -0.31179   0.0018326
        1376   -0.284286    -0.31177  0.00183138
        1377   -0.284459   -0.311751  0.00183015
        1378   -0.324217    -0.31176  0.00182885
        1379   -0.353571    -0.31179  0.00182777
        1380    -0.37087   -0.311833  0.00182695
        1381   -0.359191   -0.311867  0.00182595
        1382   -0.362233   -0.311904  0.00182499
        1383   -0.386216   -0.311957  0.00182446
        1384   -0.359518   -0.311992  0.00182347
        1385   -0.340321   -0.312012  0.00182227
        1386   -0.363858   -0.312049  0.00182133
        1387   -0.344817   -0.312073  0.00182017
        1388   -0.328579   -0.312085   0.0018189
        1389   -0.346835    -0.31211  0.00181776
        1390   -0.373844   -0.312154    0.001817
        1391   -0.387155   -0.312208  0.00181649
        1392   -0.387039   -0.312262  0.00181598
        1393   -0.374319   -0.312307  0.00181523
        1394   -0.355968   -0.312338  0.00181419
        1395   -0.358205   -0.312371  0.00181319
        1396   -0.385122   -0.312423  0.00181264
        1397   -0.407346   -0.312491  0.00181262
        1398   -0.405932   -0.312558  0.00181255
        1399   -0.361165   -0.312592  0.00181159
        1400   -0.268049   -0.312561  0.00181058
        1401    -0.32366   -0.312569   0.0018093
        1402   -0.382571   -0.312619   0.0018087
        1403   -0.419138   -0.312694    0.001809
        1404   -0.430393   -0.312778  0.00180966
        1405   -0.427648    -0.31286  0.00181021
        1406   -0.425806    -0.31294  0.00181071
        1407   -0.429557   -0.313023  0.00181132
        1408   -0.428291   -0.313105  0.00181188
        1409   -0.397394   -0.313165  0.00181158
        1410   -0.352191   -0.313193  0.00181051
        1411   -0.384182   -0.313243  0.00180992
        1412   -0.419878   -0.313318  0.00181022
        1413   -0.419048   -0.313393  0.00181048
        1414   -0.349189   -0.313419  0.00180938
        1415   -0.311631   -0.313417   0.0018081
        1416   -0.387133   -0.313469  0.00180757
        1417   -0.396156   -0.313528  0.00180724
        1418   -0.374642   -0.313571  0.00180648
        1419   -0.359351   -0.313603  0.00180549
        1420   -0.371368   -0.313644  0.00180468
        1421   -0.396297   -0.313702  0.00180435
        1422   -0.398383   -0.313761  0.00180406
        1423   -0.375847   -0.313805  0.00180332
        1424   -0.353105   -0.313833  0.00180226
        1425   -0.356028   -0.313862  0.00180124
        1426   -0.372854   -0.313904  0.00180045
        1427   -0.390072   -0.313957  0.00179998
        1428   -0.395861   -0.314014  0.00179964
        1429   -0.392849    -0.31407  0.00179922
        1430   -0.387437   -0.314121   0.0017987
        1431   -0.382169   -0.314168  0.00179807
        1432   -0.362029   -0.314202  0.00179712
        1433   -0.299935   -0.314192   0.0017959
        1434   -0.311028    -0.31419  0.00179464
        1435   -0.361672   -0.314223   0.0017937
        1436   -0.367597    -0.31426  0.00179283
        1437   -0.376534   -0.314303  0.00179211
        1438   -0.386491   -0.314354  0.00179157
        1439   -0.388387   -0.314405  0.00179106
        1440   -0.380843   -0.314451  0.00179041
        1441   -0.367242   -0.314488  0.00178954
        1442   -0.350887   -0.314513  0.00178848
        1443    -0.33803   -0.314529  0.00178732
        1444   -0.336523   -0.314545  0.00178614
        1445   -0.339532   -0.314562  0.00178499
        1446   -0.340127   -0.314579  0.00178384
        1447   -0.342912   -0.314599  0.00178272
        1448   -0.348103   -0.314622  0.00178164
        1449   -0.350652   -0.314647  0.00178058
        1450   -0.348019    -0.31467   0.0017795
        1451   -0.343027    -0.31469  0.00177838
        1452   -0.343543   -0.314709  0.00177727
        1453   -0.342428   -0.314729  0.00177615
        1454   -0.336801   -0.314744  0.00177499
        1455   -0.341353   -0.314762  0.00177387
        1456   -0.314274   -0.314762  0.00177265
        1457   -0.278386   -0.314737  0.00177161
        1458    -0.26263   -0.314701  0.00177075
        1459   -0.295906   -0.314688  0.00176958
        1460   -0.323978   -0.314694  0.00176838
        1461   -0.325627   -0.314702  0.00176719
        1462   -0.310169   -0.314699  0.00176598
        1463   -0.312331   -0.314697  0.00176478
        1464   -0.323853   -0.314703  0.00176358
        1465   -0.307686   -0.314699  0.00176239
        1466   -0.276093   -0.314672  0.00176138
        1467   -0.237462    -0.31462  0.00176097
        1468   -0.274411   -0.314592  0.00175998
        1469   -0.302434   -0.314584   0.0017588
        1470   -0.303124   -0.314576  0.00175762
        1471   -0.299286   -0.314566  0.00175646
        1472   -0.296745   -0.314554  0.00175531
        1473   -0.295415   -0.314541  0.00175416
        1474   -0.290771   -0.314525  0.00175305
        1475   -0.275382   -0.314498  0.00175206
        1476   -0.257099   -0.314459   0.0017513
        1477   -0.257948   -0.314421  0.00175054
        1478   -0.272164   -0.314392  0.00174958
        1479   -0.278977   -0.314368  0.00174857
        1480   -0.275927   -0.314342  0.00174758
        1481   -0.272756   -0.314314  0.00174662
        1482   -0.275161   -0.314288  0.00174564
        1483   -0.287918    -0.31427  0.00174456
        1484   -0.291844   -0.314255  0.00174345
        1485   -0.296063   -0.314243  0.00174232
        1486   -0.314455   -0.314243  0.00174114
        1487   -0.331525   -0.314255  0.00174001
        1488   -0.341174   -0.314273  0.00173894
        1489   -0.342031   -0.314291  0.00173787
        1490   -0.329893   -0.314302  0.00173673
        1491   -0.308391   -0.314298  0.00173557
        1492   -0.291463   -0.314283  0.00173448
        1493   -0.269655   -0.314253  0.00173357
        1494    -0.23714   -0.314201  0.00173318
        1495   -0.230577   -0.314145  0.00173292
        1496   -0.298941   -0.314135   0.0017318
        1497   -0.350675   -0.314159  0.00173081
        1498   -0.356398   -0.314188  0.00172988
        1499   -0.342584   -0.314206  0.00172883
        1500    -0.34513   -0.314227   0.0017278
        1501   -0.349303    -0.31425  0.00172681
        1502    -0.34877   -0.314273  0.00172581
        1503   -0.354217     -0.3143  0.00172487
        1504   -0.353853   -0.314326  0.00172392
        1505   -0.348167   -0.314349  0.00172293
        1506   -0.342245   -0.314367  0.00172188
        1507   -0.306739   -0.314362  0.00172075
        1508   -0.255175   -0.314323  0.00172005
        1509   -0.274746   -0.314297  0.00171911
        1510   -0.295821   -0.314285  0.00171802
        1511   -0.277517    -0.31426  0.00171705
        1512   -0.284562   -0.314241  0.00171603
        1513   -0.303808   -0.314234  0.00171491
        1514   -0.319835   -0.314237  0.00171378
        1515   -0.328666   -0.314247  0.00171268
        1516   -0.324737   -0.314254  0.00171156
        1517   -0.311781   -0.314252  0.00171043
        1518   -0.290251   -0.314236  0.00170938
        1519   -0.261739   -0.314202   0.0017086
        1520   -0.239381   -0.314153  0.00170819
        1521    -0.24483   -0.314107  0.00170767
        1522   -0.271036   -0.314079  0.00170679
        1523   -0.281961   -0.314058   0.0017058
        1524    -0.27885   -0.314035  0.00170483
        1525   -0.286402   -0.314016  0.00170381
        1526   -0.295924   -0.314005  0.00170274
        1527   -0.297807   -0.313994  0.00170165
        1528   -0.292977    -0.31398   0.0017006
        1529   -0.284139   -0.313961  0.00169959
        1530   -0.280623   -0.313939  0.00169862
        1531   -0.281986   -0.313918  0.00169764
        1532   -0.279185   -0.313895  0.00169669
        1533   -0.282303   -0.313875   0.0016957
        1534   -0.296281   -0.313863  0.00169464
        1535   -0.300304   -0.313854  0.00169356
        1536   -0.274124   -0.313829  0.00169265
        1537   -0.244751   -0.313784  0.00169215
        1538   -0.278033    -0.31376  0.00169121
        1539   -0.327242   -0.313769  0.00169013
        1540   -0.347034   -0.313791  0.00168917
        1541   -0.345822   -0.313812   0.0016882
        1542   -0.318831   -0.313815  0.00168711
        1543   -0.281572   -0.313794  0.00168615
        1544   -0.309422   -0.313791  0.00168506
        1545   -0.326971     -0.3138  0.00168399
        1546   -0.300336   -0.313791  0.00168292
        1547   -0.281886    -0.31377  0.00168196
        1548   -0.327363   -0.313779   0.0016809
        1549   -0.359486   -0.313809  0.00168007
        1550   -0.350576   -0.313832  0.00167915
        1551   -0.318394   -0.313835  0.00167807
        1552   -0.311232   -0.313834  0.00167699
        1553   -0.333296   -0.313846  0.00167596
        1554   -0.351581    -0.31387  0.00167506
        1555   -0.353003   -0.313895  0.00167417
        1556   -0.337879   -0.313911  0.00167316
        1557   -0.326918   -0.313919  0.00167211
        1558   -0.326683   -0.313927  0.00167106
        1559   -0.331293   -0.313939  0.00167002
        1560   -0.337311   -0.313954  0.00166902
        1561   -0.337575   -0.313969  0.00166802
        1562   -0.339462   -0.313985  0.00166703
        1563   -0.344325   -0.314004  0.00166608
        1564   -0.347539   -0.314026  0.00166515
        1565   -0.348558   -0.314048  0.00166423
        1566   -0.348082    -0.31407  0.00166331
        1567   -0.349054   -0.314092   0.0016624
        1568   -0.353926   -0.314117  0.00166153
        1569   -0.357685   -0.314145  0.00166071
        1570   -0.355359   -0.314171  0.00165986
        1571    -0.35025   -0.314194  0.00165896
        1572   -0.347554   -0.314216  0.00165804
        1573   -0.345241   -0.314235   0.0016571
        1574   -0.321946    -0.31424  0.00165606
        1575   -0.296208   -0.314229  0.00165504
        1576   -0.317778   -0.314231    0.001654
        1577   -0.289974   -0.314216  0.00165302
        1578   -0.283191   -0.314196  0.00165209
        1579   -0.220043   -0.314136  0.00165212
        1580   -0.227523   -0.314082  0.00165198
        1581   -0.321033   -0.314086  0.00165094
        1582   -0.327934   -0.314095  0.00164992
        1583   -0.316745   -0.314096  0.00164888
        1584   -0.321869   -0.314101  0.00164785
        1585   -0.333365   -0.314113  0.00164685
        1586   -0.336094   -0.314127  0.00164587
        1587   -0.335005    -0.31414  0.00164489
        1588   -0.332659   -0.314152  0.00164389
        1589    -0.31838   -0.314155  0.00164286
        1590   -0.293754   -0.314142  0.00164188
        1591    -0.28881   -0.314126  0.00164092
        1592   -0.270001   -0.314098  0.00164013
        1593    -0.24582   -0.314055  0.00163966
        1594   -0.262174   -0.314023  0.00163895
        1595   -0.314349   -0.314023  0.00163792
        1596   -0.350897   -0.314046  0.00163706
        1597   -0.351428    -0.31407   0.0016362
        1598   -0.319838   -0.314073  0.00163518
        1599   -0.275029   -0.314049  0.00163434
        1600   -0.279555   -0.314027  0.00163346
        1601   -0.310256   -0.314025  0.00163244
        1602   -0.322143    -0.31403  0.00163143
        1603    -0.32115   -0.314034  0.00163042
        1604   -0.318881   -0.314037  0.00162941
        1605   -0.309977   -0.314035  0.00162839
        1606   -0.300428   -0.314026   0.0016274
        1607   -0.301329   -0.314019  0.00162641
        1608   -0.303534   -0.314012  0.00162541
        1609   -0.307882   -0.314008   0.0016244
        1610   -0.309391   -0.314005   0.0016234
        1611   -0.304179   -0.313999   0.0016224
        1612   -0.291394   -0.313985  0.00162146
        1613   -0.264184   -0.313954  0.00162074
        1614   -0.232966   -0.313904  0.00162052
        1615   -0.264438   -0.313874   0.0016198
        1616   -0.284554   -0.313855   0.0016189
        1617   -0.275406   -0.313832  0.00161808
        1618   -0.247004    -0.31379   0.0016176
        1619   -0.203595   -0.313722  0.00161803
        1620   -0.215268   -0.313661  0.00161818
        1621   -0.266715   -0.313632  0.00161744
        1622   -0.295889   -0.313622  0.00161648
        1623     -0.2936   -0.313609  0.00161553
        1624   -0.267694   -0.313581  0.00161478
        1625   -0.266391   -0.313552  0.00161405
        1626   -0.274627   -0.313528  0.00161323
        1627   -0.238784   -0.313482   0.0016129
        1628   -0.226786   -0.313429  0.00161278
        1629   -0.268787   -0.313401  0.00161203
        1630   -0.298919   -0.313392  0.00161106
        1631   -0.305604   -0.313388  0.00161008
        1632   -0.302729   -0.313381  0.00160911
        1633    -0.28534   -0.313364  0.00160821
        1634   -0.218681   -0.313306  0.00160827
        1635   -0.220089   -0.313249   0.0016083
        1636   -0.231306   -0.313199   0.0016081
        1637   -0.275785   -0.313176  0.00160728
        1638   -0.323749   -0.313183  0.00160631
        1639   -0.323325   -0.313189  0.00160534
        1640   -0.308683   -0.313186  0.00160436
        1641   -0.298929   -0.313177  0.00160341
        1642   -0.303974   -0.313172  0.00160244
        1643   -0.319526   -0.313176  0.00160147
        1644   -0.331097   -0.313186  0.00160054
        1645   -0.332877   -0.313198  0.00159961
        1646   -0.330587   -0.313209  0.00159867
        1647   -0.318668   -0.313212   0.0015977
        1648   -0.285972   -0.313196  0.00159682
        1649   -0.262037   -0.313165  0.00159615
        1650   -0.279075   -0.313144  0.00159532
        1651   -0.302729   -0.313138  0.00159437
        1652   -0.290634   -0.313124  0.00159346
        1653    -0.22896   -0.313073  0.00159331
        1654   -0.251419   -0.313036  0.00159278
        1655   -0.303336    -0.31303  0.00159183
        1656   -0.312328    -0.31303  0.00159087
        1657   -0.302095   -0.313023  0.00158992
        1658   -0.296913   -0.313013  0.00158899
        1659   -0.312247   -0.313013  0.00158803
        1660   -0.322186   -0.313018  0.00158709
        1661   -0.305686   -0.313014  0.00158614
        1662    -0.28774   -0.312999  0.00158526
        1663   -0.296153   -0.312989  0.00158434
        1664    -0.30483   -0.312984  0.00158339
        1665   -0.313369   -0.312984  0.00158244
        1666   -0.311053   -0.312983  0.00158149
        1667    -0.30688   -0.312979  0.00158055
        1668    -0.31452    -0.31298   0.0015796
        1669   -0.326688   -0.312988  0.00157867
        1670   -0.330522   -0.312999  0.00157776
        1671   -0.327275   -0.313007  0.00157684
        1672   -0.330844   -0.313018  0.00157593
        1673   -0.329736   -0.313028  0.00157502
        1674    -0.29109   -0.313015  0.00157414
        1675   -0.260703   -0.312984  0.00157351
        1676   -0.264881   -0.312955  0.00157283
        1677   -0.275071   -0.312932  0.00157206
        1678   -0.294941   -0.312922  0.00157116
        1679   -0.305072   -0.312917  0.00157023
        1680   -0.306712   -0.312913   0.0015693
        1681   -0.308006    -0.31291  0.00156837
        1682   -0.308202   -0.312908  0.00156744
        1683   -0.307368   -0.312904  0.00156651
        1684   -0.308698   -0.312902  0.00156558
        1685     -0.3136   -0.312902  0.00156465
        1686   -0.319485   -0.312906  0.00156373
        1687   -0.320227    -0.31291  0.00156281
        1688   -0.304455   -0.312905  0.00156189
        1689   -0.269832    -0.31288  0.00156117
        1690   -0.257272   -0.312847  0.00156059
        1691    -0.28772   -0.312832  0.00155974
        1692   -0.328618   -0.312842  0.00155885
        1693   -0.352278   -0.312865   0.0015581
        1694   -0.354104   -0.312889  0.00155737
        1695   -0.314563    -0.31289  0.00155645
        1696   -0.298999   -0.312882  0.00155556
        1697   -0.359276   -0.312909  0.00155488
        1698   -0.378776   -0.312948  0.00155445
        1699   -0.369738   -0.312982  0.00155389
        1700   -0.343901      -0.313  0.00155309
        1701   -0.334397   -0.313012  0.00155222
        1702   -0.345702   -0.313032  0.00155143
        1703   -0.354665   -0.313056  0.00155071
        1704   -0.360723   -0.313084  0.00155005
        1705   -0.369907   -0.313117   0.0015495
        1706   -0.390261   -0.313162  0.00154926
        1707   -0.408644   -0.313218  0.00154936
        1708   -0.411472   -0.313276  0.00154952
        1709   -0.393297   -0.313323  0.00154932
        1710   -0.373776   -0.313358  0.00154882
        1711   -0.403657   -0.313411  0.00154881
        1712   -0.439716   -0.313485  0.00154966
        1713   -0.454505   -0.313567  0.00155094
        1714   -0.451137   -0.313647  0.00155211
        1715   -0.427467   -0.313714  0.00155262
        1716   -0.380272   -0.313752   0.0015522
        1717   -0.339275   -0.313767  0.00155137
        1718    -0.36563   -0.313797  0.00155076
        1719   -0.396294   -0.313845   0.0015506
        1720   -0.407501     -0.3139  0.00155066
        1721   -0.409661   -0.313956  0.00155075
        1722   -0.404767   -0.314008  0.00155075
        1723   -0.390738   -0.314053  0.00155049
        1724   -0.373095   -0.314087  0.00154997
        1725   -0.361761   -0.314115  0.00154932
        1726   -0.359037   -0.314141  0.00154864
        1727   -0.360568   -0.314168  0.00154797
        1728   -0.361083   -0.314195  0.00154732
        1729   -0.358942   -0.314221  0.00154664
        1730    -0.35505   -0.314244  0.00154592
        1731   -0.350054   -0.314265  0.00154517
        1732   -0.343827   -0.314282  0.00154437
        1733   -0.336411   -0.314295  0.00154353
        1734   -0.327739   -0.314303  0.00154266
        1735   -0.318112   -0.314305  0.00154177
        1736   -0.305273   -0.314299  0.00154089
        1737    -0.29052   -0.314286  0.00154007
        1738   -0.302574   -0.314279   0.0015392
        1739   -0.330958   -0.314289  0.00153834
        1740   -0.340222   -0.314304  0.00153753
        1741   -0.329724   -0.314312  0.00153667
        1742   -0.320279   -0.314316  0.00153579
        1743   -0.332483   -0.314326  0.00153495
        1744   -0.359204   -0.314352  0.00153428
        1745    -0.37568   -0.314387  0.00153381
        1746   -0.357589   -0.314412  0.00153313
        1747   -0.309986   -0.314409  0.00153225
        1748   -0.324599   -0.314415  0.00153139
        1749    -0.36015   -0.314441  0.00153073
        1750   -0.352501   -0.314463  0.00153001
        1751   -0.350202   -0.314483  0.00152928
        1752   -0.372893   -0.314517  0.00152877
        1753   -0.377269   -0.314553  0.00152831
        1754   -0.395005   -0.314598  0.00152813
        1755   -0.413486   -0.314655   0.0015283
        1756   -0.412688   -0.314711  0.00152845
        1757    -0.39671   -0.314757  0.00152829
        1758   -0.367658   -0.314787  0.00152772
        1759   -0.316402   -0.314788  0.00152685
        1760   -0.320628   -0.314792  0.00152598
        1761   -0.367385   -0.314822  0.00152541
        1762   -0.381614   -0.314859  0.00152502
        1763   -0.377651   -0.314895  0.00152457
        1764    -0.35441   -0.314917  0.00152387
        1765   -0.308275   -0.314914  0.00152301
        1766   -0.313965   -0.314913  0.00152215
        1767   -0.345466    -0.31493  0.00152138
        1768   -0.353142   -0.314952  0.00152068
        1769    -0.35133   -0.314973  0.00151995
        1770    -0.34618    -0.31499   0.0015192
        1771   -0.340128   -0.315004  0.00151841
        1772   -0.339168   -0.315018  0.00151761
        1773   -0.341172   -0.315033  0.00151683
        1774   -0.336506   -0.315045  0.00151602
        1775   -0.325637   -0.315051  0.00151518
        1776   -0.321472   -0.315055  0.00151433
        1777   -0.332118   -0.315064  0.00151351
        1778   -0.338492   -0.315077  0.00151271
        1779   -0.327452   -0.315084  0.00151188
        1780   -0.335142   -0.315096  0.00151107
        1781   -0.362858   -0.315122  0.00151046
        1782   -0.391601   -0.315165  0.00151022
        1783    -0.41355    -0.31522  0.00151038
        1784   -0.427069   -0.315283  0.00151084
        1785   -0.430258   -0.315348  0.00151136
        1786   -0.416252   -0.315404  0.00151157
        1787   -0.387465   -0.315444  0.00151127
        1788   -0.372561   -0.315476  0.00151076
        1789   -0.379589   -0.315512  0.00151034
        1790   -0.382785    -0.31555  0.00150996
        1791   -0.376567   -0.315584   0.0015095
        1792   -0.363164    -0.31561  0.00150889
        1793   -0.354114   -0.315632  0.00150821
        1794    -0.37531   -0.315665  0.00150773
        1795   -0.396389    -0.31571  0.00150756
        1796   -0.404423   -0.315759  0.00150753
        1797   -0.403565   -0.315808  0.00150748
        1798   -0.397871   -0.315854  0.00150734
        1799   -0.391241   -0.315896  0.00150708
        1800   -0.387447   -0.315936  0.00150677
        1801   -0.388938   -0.315976  0.00150648
        1802   -0.394924    -0.31602  0.00150628
        1803   -0.402727   -0.316068  0.00150621
        1804   -0.409673    -0.31612  0.00150627
        1805   -0.412449   -0.316173  0.00150638
        1806     -0.4065   -0.316223  0.00150637
        1807   -0.389908   -0.316264  0.00150609
        1808   -0.371078   -0.316294  0.00150557
        1809   -0.351929   -0.316314  0.00150486
        1810   -0.341991   -0.316328   0.0015041
        1811   -0.378761   -0.316363  0.00150366
        1812   -0.396331   -0.316407  0.00150348
        1813   -0.420765   -0.316464  0.00150375
        1814   -0.426545   -0.316525  0.00150415
        1815   -0.402553   -0.316573  0.00150406
        1816   -0.377323   -0.316606  0.00150361
        1817   -0.358362   -0.316629  0.00150296
        1818   -0.325253   -0.316634  0.00150214
        1819   -0.254305   -0.316599   0.0015017
        1820   -0.347871   -0.316617  0.00150098
        1821     -0.3803   -0.316652  0.00150056
        1822   -0.392744   -0.316693  0.00150032
        1823   -0.416476   -0.316748  0.00150049
        1824   -0.420486   -0.316805  0.00150075
        1825   -0.376012   -0.316837  0.00150027
        1826   -0.351221   -0.316856  0.00149957
        1827   -0.341136    -0.31687  0.00149881
        1828   -0.349732   -0.316888   0.0014981
        1829   -0.367677   -0.316915  0.00149753
        1830   -0.364358   -0.316941  0.00149694
        1831   -0.334973   -0.316951  0.00149616
        1832   -0.313911   -0.316949  0.00149534
        1833   -0.322742   -0.316953  0.00149453
        1834   -0.326126   -0.316958  0.00149372
        1835   -0.328783   -0.316964  0.00149292
        1836    -0.32654   -0.316969  0.00149212
        1837   -0.311002   -0.316966  0.00149131
        1838   -0.292986   -0.316953  0.00149055
        1839   -0.266113   -0.316925     0.00149
        1840   -0.208242   -0.316866  0.00149036
        1841   -0.249527    -0.31683     0.00149
        1842   -0.303587   -0.316822  0.00148921
        1843    -0.30997   -0.316819   0.0014884
        1844    -0.30198   -0.316811  0.00148762
        1845   -0.310246   -0.316807  0.00148682
        1846   -0.313066   -0.316805  0.00148601
        1847   -0.287501   -0.316789  0.00148529
        1848   -0.287082   -0.316773  0.00148458
        1849    -0.29395   -0.316761  0.00148382
        1850   -0.284454   -0.316743  0.00148313
        1851   -0.276534   -0.316722  0.00148248
        1852   -0.263209   -0.316693  0.00148196
        1853   -0.239361   -0.316651  0.00148175
        1854   -0.263073   -0.316622  0.00148123
        1855   -0.290338   -0.316608   0.0014805
        1856    -0.29712   -0.316597  0.00147974
        1857   -0.296258   -0.316586  0.00147899
        1858    -0.30142   -0.316578  0.00147821
        1859   -0.314845   -0.316577  0.00147742
        1860    -0.32783   -0.316583  0.00147664
        1861   -0.337908   -0.316595  0.00147589
        1862   -0.344541    -0.31661  0.00147517
        1863   -0.334134   -0.316619  0.00147441
        1864    -0.33031   -0.316627  0.00147364
        1865   -0.346629   -0.316643  0.00147293
        1866   -0.341001   -0.316656   0.0014722
        1867   -0.352041   -0.316675  0.00147154
        1868   -0.333864   -0.316684  0.00147078
        1869   -0.314117   -0.316683  0.00146999
        1870   -0.300683   -0.316674  0.00146923
        1871   -0.325338   -0.316679  0.00146845
        1872   -0.387925   -0.316717  0.00146816
        1873   -0.437228   -0.316781  0.00146879
        1874   -0.464733    -0.31686  0.00147012
        1875   -0.468204   -0.316941  0.00147155
        1876   -0.439433   -0.317006  0.00147222
        1877    -0.40285   -0.317052  0.00147214
        1878   -0.391142   -0.317091  0.00147189
        1879   -0.382611   -0.317126  0.00147152
        1880   -0.385496   -0.317162  0.00147118
        1881   -0.413503   -0.317214  0.00147129
        1882    -0.43326   -0.317275   0.0014718
        1883   -0.429165   -0.317335  0.00147222
        1884   -0.416559   -0.317387  0.00147238
        1885   -0.413863   -0.317439  0.00147249
        1886   -0.409696   -0.317488  0.00147252
        1887   -0.389259   -0.317526  0.00147223
        1888    -0.39463   -0.317566  0.00147202
        1889   -0.399437    -0.31761  0.00147188
        1890   -0.399952   -0.317653  0.00147174
        1891   -0.410668   -0.317702  0.00147178
        1892    -0.40636   -0.317749  0.00147175
        1893   -0.377895   -0.317781  0.00147132
        1894   -0.361161   -0.317804  0.00147072
        1895   -0.375472   -0.317834  0.00147026
        1896   -0.386839   -0.317871  0.00146993
        1897   -0.399574   -0.317914  0.00146979
        1898   -0.411654   -0.317963  0.00146984
        1899   -0.404449   -0.318009  0.00146978
        1900   -0.376685    -0.31804  0.00146933
        1901    -0.35697    -0.31806   0.0014687
        1902   -0.347385   -0.318076    0.001468
        1903   -0.340059   -0.318087  0.00146728
        1904   -0.344561   -0.318101  0.00146657
        1905   -0.320977   -0.318103  0.00146581
        1906   -0.322199   -0.318105  0.00146504
        1907   -0.343985   -0.318118  0.00146433
        1908   -0.334092   -0.318127  0.00146359
        1909   -0.327353   -0.318132  0.00146283
        1910   -0.321791   -0.318133  0.00146207
        1911    -0.31529   -0.318132   0.0014613
        1912   -0.329968   -0.318138  0.00146055
        1913   -0.350341   -0.318155  0.00145988
        1914   -0.357536   -0.318176  0.00145927
        1915   -0.354985   -0.318195  0.00145863
        1916   -0.347203    -0.31821  0.00145795
        1917   -0.335792   -0.318219  0.00145722
        1918   -0.322258   -0.318221  0.00145646
        1919   -0.308357   -0.318216  0.00145571
        1920   -0.294921   -0.318204    0.001455
        1921   -0.309396   -0.318199  0.00145425
        1922   -0.331126   -0.318206  0.00145351
        1923   -0.332285   -0.318213  0.00145277
        1924   -0.324066   -0.318216  0.00145202
        1925   -0.311147   -0.318213  0.00145127
        1926   -0.294315     -0.3182  0.00145057
        1927    -0.29184   -0.318187  0.00144988
        1928    -0.30899   -0.318182  0.00144914
        1929   -0.316458   -0.318181  0.00144839
        1930   -0.305174   -0.318174  0.00144765
        1931   -0.291371    -0.31816  0.00144697
        1932   -0.299835   -0.318151  0.00144625
        1933   -0.314582   -0.318149   0.0014455
        1934   -0.321558   -0.318151  0.00144476
        1935    -0.32304   -0.318153  0.00144401
        1936     -0.3173   -0.318153  0.00144327
        1937   -0.301056   -0.318144  0.00144255
        1938   -0.281617   -0.318125  0.00144193
        1939   -0.272593   -0.318102  0.00144137
        1940   -0.274501   -0.318079  0.00144081
        1941   -0.292693   -0.318066  0.00144012
        1942   -0.317034   -0.318066  0.00143938
        1943   -0.334394   -0.318074  0.00143867
        1944   -0.345089   -0.318088  0.00143799
        1945   -0.347812   -0.318103  0.00143734
        1946   -0.335137   -0.318112  0.00143662
        1947     -0.3073   -0.318106   0.0014359
        1948   -0.303979   -0.318099  0.00143518
        1949    -0.28332   -0.318081  0.00143455
        1950   -0.272822   -0.318058    0.001434
        1951    -0.32444   -0.318061  0.00143327
        1952   -0.347654   -0.318077  0.00143262
        1953   -0.347476   -0.318092  0.00143196
        1954   -0.343383   -0.318105  0.00143129
        1955   -0.338651   -0.318115   0.0014306
        1956   -0.332411   -0.318122  0.00142988
        1957   -0.326785   -0.318127  0.00142916
        1958   -0.323123   -0.318129  0.00142843
        1959   -0.327024   -0.318134  0.00142771
        1960    -0.33734   -0.318144  0.00142702
        1961    -0.34059   -0.318155  0.00142633
        1962    -0.33546   -0.318164  0.00142563
        1963   -0.334044   -0.318172  0.00142493
        1964   -0.341695   -0.318184  0.00142426
        1965   -0.347133   -0.318199  0.00142361
        1966   -0.339734    -0.31821  0.00142292
        1967   -0.321673   -0.318211   0.0014222
        1968   -0.321518   -0.318213  0.00142148
        1969   -0.332061    -0.31822  0.00142078
        1970   -0.311595   -0.318217  0.00142006
        1971   -0.285322     -0.3182  0.00141944
        1972   -0.332324   -0.318207  0.00141873
        1973   -0.372702   -0.318235  0.00141828
        1974   -0.365887   -0.318259  0.00141777
        1975   -0.342549   -0.318271  0.00141711
        1976   -0.304229   -0.318264  0.00141641
        1977   -0.257631   -0.318234  0.00141602
        1978   -0.318691   -0.318234  0.00141531
        1979   -0.365777   -0.318258   0.0014148
        1980   -0.346557   -0.318272  0.00141415
        1981   -0.316816   -0.318271  0.00141344
        1982   -0.337008   -0.318281  0.00141276
        1983   -0.378796   -0.318311  0.00141238
        1984   -0.397314   -0.318351  0.00141223
        1985    -0.38674   -0.318386  0.00141193
        1986    -0.36426   -0.318409  0.00141141
        1987   -0.362609   -0.318431  0.00141088
        1988   -0.372165   -0.318458  0.00141043
        1989   -0.341428    -0.31847  0.00140976
        1990   -0.286004   -0.318453  0.00140915
        1991   -0.312207    -0.31845  0.00140845
        1992   -0.361036   -0.318471   0.0014079
        1993   -0.367369   -0.318496  0.00140741
        1994   -0.365756    -0.31852   0.0014069
        1995   -0.371501   -0.318546  0.00140645
        1996   -0.377162   -0.318576  0.00140605
        1997   -0.378391   -0.318606  0.00140566
        1998   -0.371083   -0.318632  0.00140521
        1999   -0.349135   -0.318647  0.00140459
        2000   -0.325065    -0.31865  0.00140389
        2001   -0.316765   -0.318649  0.00140319
        2002   -0.335228   -0.318658  0.00140251
        2003   -0.376107   -0.318686   0.0014021
        2004   -0.372855   -0.318713  0.00140166
        2005   -0.291309     -0.3187  0.00140103
        2006   -0.286094   -0.318683  0.00140043
        2007   -0.330811   -0.318689  0.00139974
        2008   -0.324683   -0.318692  0.00139905
        2009   -0.340943   -0.318704   0.0013984
        2010   -0.368523   -0.318728  0.00139792
        2011   -0.384012   -0.318761   0.0013976
        2012   -0.386788   -0.318795  0.00139732
        2013    -0.38298   -0.318827  0.00139699
        2014   -0.370906   -0.318852  0.00139653
        2015   -0.349088   -0.318867  0.00139592
        2016   -0.345256    -0.31888  0.00139529
        2017   -0.356675   -0.318899  0.00139472
        2018   -0.345333   -0.318912  0.00139409
        2019   -0.337367   -0.318921  0.00139343
        2020   -0.357673   -0.318941  0.00139287
        2021    -0.37058   -0.318966  0.00139242
        2022   -0.372191   -0.318992  0.00139198
        2023   -0.372671   -0.319019  0.00139154
        2024   -0.381648    -0.31905   0.0013912
        2025   -0.384516   -0.319082  0.00139089
        2026   -0.371442   -0.319108  0.00139044
        2027   -0.358045   -0.319127  0.00138989
        2028   -0.365915    -0.31915   0.0013894
        2029   -0.385681   -0.319183   0.0013891
        2030   -0.378729   -0.319213  0.00138872
        2031   -0.309814   -0.319208  0.00138805
        2032   -0.289271   -0.319193  0.00138744
        2033   -0.340667   -0.319204   0.0013868
        2034   -0.327497   -0.319208  0.00138612
        2035   -0.320408   -0.319208  0.00138544
        2036    -0.32856   -0.319213  0.00138477
        2037   -0.340028   -0.319223  0.00138413
        2038   -0.342882   -0.319235   0.0013835
        2039   -0.328306   -0.319239  0.00138283
        2040   -0.302152   -0.319231  0.00138217
        2041   -0.302055   -0.319222  0.00138152
        2042     -0.3217   -0.319224  0.00138085
        2043   -0.329664   -0.319229  0.00138018
        2044   -0.319274   -0.319229   0.0013795
        2045   -0.283689   -0.319211  0.00137894
        2046   -0.253577   -0.319179  0.00137864
        2047   -0.268211   -0.319154  0.00137819
        2048   -0.290057    -0.31914  0.00137759
        2049   -0.299223   -0.319131  0.00137695
        2050   -0.297227    -0.31912  0.00137632
        2051    -0.28941   -0.319105  0.00137573
        2052   -0.282741   -0.319088  0.00137517
        2053   -0.276688   -0.319067  0.00137466
        2054   -0.266337   -0.319041  0.00137423
        2055   -0.263417   -0.319014  0.00137382
        2056   -0.284698   -0.318998  0.00137326
        2057   -0.309604   -0.318993   0.0013726
        2058   -0.320213   -0.318994  0.00137193
        2059   -0.311521    -0.31899  0.00137127
        2060   -0.285851   -0.318974   0.0013707
        2061   -0.268026   -0.318949  0.00137026
        2062   -0.269937   -0.318925   0.0013698
        2063   -0.294919   -0.318914  0.00136918
        2064   -0.324115   -0.318916  0.00136852
        2065    -0.33651   -0.318925  0.00136789
        2066    -0.32997    -0.31893  0.00136723
        2067   -0.311337   -0.318926  0.00136658
        2068   -0.303542   -0.318919  0.00136594
        2069   -0.306559   -0.318913  0.00136529
        2070   -0.294689   -0.318901  0.00136468
        2071   -0.304459   -0.318894  0.00136404
        2072   -0.326798   -0.318898  0.00136339
        2073   -0.319809   -0.318899  0.00136273
        2074   -0.298841   -0.318889  0.00136211
        2075   -0.316934   -0.318888  0.00136145
        2076   -0.343868     -0.3189  0.00136085
        2077   -0.343634   -0.318912  0.00136024
        2078    -0.32284   -0.318914  0.00135959
        2079   -0.312633   -0.318911  0.00135894
        2080   -0.292382   -0.318898  0.00135835
        2081   -0.272195   -0.318876  0.00135788
        2082   -0.301543   -0.318867  0.00135725
        2083   -0.320449   -0.318868   0.0013566
        2084   -0.311967   -0.318865  0.00135595
        2085   -0.300321   -0.318856  0.00135533
        2086   -0.283822   -0.318839  0.00135479
        2087   -0.303863   -0.318832  0.00135416
        2088    -0.33345   -0.318839  0.00135353
        2089   -0.339508   -0.318849  0.00135291
        2090   -0.329745   -0.318854  0.00135228
        2091   -0.315356   -0.318852  0.00135163
        2092   -0.316944   -0.318851  0.00135099
        2093    -0.32555   -0.318855  0.00135034
        2094   -0.323818   -0.318857   0.0013497
        2095   -0.325255    -0.31886  0.00134906
        2096   -0.347558   -0.318874  0.00134849
        2097   -0.364149   -0.318895  0.00134802
        2098   -0.354667   -0.318912  0.00134748
        2099   -0.339035   -0.318922  0.00134687
        2100    -0.32806   -0.318926  0.00134624
        2101   -0.321684   -0.318928   0.0013456
        2102   -0.339551   -0.318937  0.00134499
        2103   -0.354163   -0.318954  0.00134446
        2104   -0.351464    -0.31897  0.00134391
        2105   -0.349627   -0.318984  0.00134335
        2106   -0.363239   -0.319005  0.00134288
        2107   -0.384598   -0.319036   0.0013426
        2108   -0.400856   -0.319075  0.00134252
        2109   -0.403035   -0.319115  0.00134248
        2110   -0.378889   -0.319143  0.00134214
        2111   -0.293069   -0.319131  0.00134156
        2112   -0.241821   -0.319094  0.00134143
        2113   -0.323065   -0.319096  0.00134079
        2114   -0.357838   -0.319115  0.00134028
        2115    -0.32443   -0.319117  0.00133965
        2116   -0.319779   -0.319117  0.00133902
        2117    -0.35671   -0.319135   0.0013385
        2118   -0.370947    -0.31916  0.00133809
        2119   -0.369093   -0.319183  0.00133767
        2120   -0.361611   -0.319203  0.00133719
        2121    -0.34459   -0.319215  0.00133661
        2122   -0.306141   -0.319209    0.001336
        2123    -0.26696   -0.319184  0.00133559
        2124   -0.271916   -0.319162  0.00133515
        2125   -0.293997    -0.31915  0.00133458
        2126   -0.314958   -0.319148  0.00133395
        2127   -0.332199   -0.319154  0.00133334
        2128   -0.341202   -0.319165  0.00133275
        2129   -0.339306   -0.319174  0.00133216
        2130   -0.306995   -0.319169  0.00133154
        2131   -0.232614   -0.319128  0.00133154
        2132    -0.25842   -0.319099  0.00133122
        2133    -0.30239   -0.319092  0.00133062
        2134   -0.274077   -0.319071  0.00133016
        2135   -0.245997   -0.319036  0.00132998
        2136   -0.263561    -0.31901  0.00132961
        2137   -0.262524   -0.318984  0.00132925
        2138   -0.288085   -0.318969  0.00132871
        2139   -0.314011   -0.318967  0.00132809
        2140   -0.318362   -0.318967  0.00132747
        2141   -0.309362   -0.318962  0.00132685
        2142   -0.303988   -0.318955  0.00132625
        2143   -0.291012   -0.318942   0.0013257
        2144   -0.295677   -0.318931  0.00132512
        2145   -0.313212   -0.318929  0.00132451
        2146   -0.301858   -0.318921  0.00132392
        2147   -0.284083   -0.318905   0.0013234
        2148   -0.285676   -0.318889  0.00132287
        2149   -0.312455   -0.318886  0.00132226
        2150   -0.333707   -0.318893  0.00132166
        2151   -0.340837   -0.318903  0.00132109
        2152   -0.335002   -0.318911   0.0013205
        2153   -0.317109    -0.31891  0.00131988
        2154   -0.295499   -0.318899  0.00131932
        2155   -0.288799   -0.318885  0.00131878
        2156   -0.296967   -0.318875   0.0013182
        2157   -0.302836   -0.318867  0.00131761
        2158   -0.256347   -0.318838  0.00131732
        2159   -0.187815   -0.318778  0.00131811
        2160   -0.227044   -0.318735  0.00131818
        2161   -0.270178   -0.318713  0.00131776
        2162   -0.296631   -0.318703  0.00131719
        2163   -0.312942     -0.3187  0.00131659
        2164   -0.322474   -0.318702  0.00131598
        2165   -0.334504   -0.318709  0.00131539
        2166   -0.346262   -0.318722  0.00131485
        2167   -0.348752   -0.318736  0.00131431
        2168   -0.342206   -0.318746  0.00131375
        2169   -0.341298   -0.318757  0.00131319
        2170   -0.348074    -0.31877  0.00131265
        2171   -0.350325   -0.318785  0.00131213
        2172    -0.35179     -0.3188  0.00131161
        2173   -0.359133   -0.318819  0.00131114
        2174      -0.374   -0.318844  0.00131078
        2175   -0.391296   -0.318877   0.0013106
        2176   -0.403995   -0.318916  0.00131058
        2177   -0.410506   -0.318959  0.00131066
        2178   -0.410876   -0.319001  0.00131073
        2179   -0.390294   -0.319033  0.00131054
        2180   -0.291682   -0.319021     0.00131
        2181   -0.185341    -0.31896  0.00131083
        2182   -0.236307   -0.318922  0.00131078
        2183   -0.320362   -0.318922  0.00131018
        2184   -0.396038   -0.318958  0.00131005
        2185    -0.41546   -0.319002   0.0013102
        2186   -0.392852   -0.319036  0.00131004
        2187   -0.345905   -0.319048  0.00130949
        2188   -0.329648   -0.319053   0.0013089
        2189     -0.3481   -0.319066  0.00130837
        2190   -0.353175   -0.319082  0.00130787
        2191   -0.335477   -0.319089  0.00130729
        2192   -0.326709   -0.319093   0.0013067
        2193   -0.330969   -0.319098  0.00130612
        2194   -0.291851   -0.319086  0.00130558
        2195   -0.241002    -0.31905  0.00130547
        2196   -0.256861   -0.319022  0.00130518
        2197   -0.323837   -0.319024  0.00130459
        2198   -0.341756   -0.319034  0.00130404
        2199   -0.321709   -0.319035  0.00130345
        2200   -0.303375   -0.319028  0.00130287
        2201   -0.308564   -0.319024  0.00130229
        2202    -0.31258   -0.319021   0.0013017
        2203   -0.310148   -0.319017  0.00130112
        2204    -0.30961   -0.319012  0.00130053
        2205   -0.322322   -0.319014  0.00129994
        2206   -0.340501   -0.319024  0.00129939
        2207   -0.340625   -0.319033  0.00129884
        2208   -0.311865    -0.31903  0.00129826
        2209   -0.263555   -0.319005  0.00129791
        2210   -0.238985   -0.318969  0.00129783
        2211   -0.258615   -0.318941  0.00129753
        2212   -0.287463   -0.318927  0.00129702
        2213   -0.319052   -0.318927  0.00129643
        2214   -0.341914   -0.318938  0.00129589
        2215   -0.349537   -0.318952  0.00129538
        2216   -0.348149   -0.318965  0.00129486
        2217   -0.337494   -0.318973   0.0012943
        2218   -0.314603   -0.318971  0.00129372
        2219   -0.303938   -0.318964  0.00129316
        2220   -0.318444   -0.318964  0.00129257
        2221   -0.344726   -0.318976  0.00129204
        2222   -0.357173   -0.318993  0.00129158
        2223   -0.348151   -0.319006  0.00129106
        2224   -0.329307   -0.319011  0.00129049
        2225   -0.308436   -0.319006  0.00128992
        2226   -0.271725   -0.318985  0.00128951
        2227   -0.275487   -0.318965  0.00128908
        2228    -0.32676   -0.318969  0.00128851
        2229   -0.341795   -0.318979  0.00128797
        2230   -0.337606   -0.318987  0.00128742
        2231   -0.344798   -0.318999   0.0012869
        2232   -0.351228   -0.319013   0.0012864
        2233    -0.34513   -0.319025  0.00128588
        2234   -0.316875   -0.319024   0.0012853
        2235   -0.290424   -0.319011  0.00128479
        2236   -0.316939    -0.31901  0.00128422
        2237   -0.335858   -0.319018  0.00128367
        2238   -0.334759   -0.319025  0.00128311
        2239   -0.336629   -0.319033  0.00128256
        2240   -0.342006   -0.319043  0.00128203
        2241   -0.344105   -0.319054  0.00128151
        2242   -0.339657   -0.319063  0.00128097
        2243   -0.342109   -0.319074  0.00128044
        2244   -0.351658   -0.319088  0.00127995
        2245   -0.353183   -0.319103  0.00127947
        2246   -0.354548   -0.319119    0.001279
        2247   -0.360416   -0.319137  0.00127856
        2248   -0.346634    -0.31915  0.00127805
        2249   -0.298743   -0.319141  0.00127751
        2250   -0.281594   -0.319124  0.00127706
        2251    -0.32428   -0.319126  0.00127649
        2252   -0.303407   -0.319119  0.00127594
        2253   -0.301998   -0.319112   0.0012754
        2254   -0.358674   -0.319129  0.00127495
        2255   -0.366834    -0.31915  0.00127456
        2256   -0.347894   -0.319163  0.00127406
        2257   -0.321272   -0.319164   0.0012735
        2258   -0.318642   -0.319164  0.00127293
        2259    -0.33592   -0.319171  0.00127239
        2260   -0.350121   -0.319185   0.0012719
        2261   -0.345958   -0.319197   0.0012714
        2262   -0.327794     -0.3192  0.00127084
        2263   -0.331565   -0.319206  0.00127029
        2264   -0.332253   -0.319212  0.00126974
        2265   -0.301502   -0.319204  0.00126921
        2266    -0.27974   -0.319186  0.00126876
        2267   -0.293981   -0.319175  0.00126825
        2268   -0.310976   -0.319172   0.0012677
        2269   -0.307525   -0.319167  0.00126715
        2270   -0.289621   -0.319154  0.00126666
        2271    -0.28118   -0.319137  0.00126621
        2272   -0.286958   -0.319123  0.00126573
        2273   -0.297378   -0.319113  0.00126521
        2274   -0.302121   -0.319106  0.00126468
        2275   -0.281937   -0.319089  0.00126423
        2276   -0.236169   -0.319053   0.0012642
        2277   -0.265063   -0.319029  0.00126387
        2278   -0.296483   -0.319019  0.00126335
        2279   -0.299107   -0.319011  0.00126283
        2280   -0.297341   -0.319001  0.00126231
        2281   -0.296419   -0.318991  0.00126179
        2282   -0.295291   -0.318981  0.00126128
        2283    -0.29123   -0.318969  0.00126079
        2284   -0.281326   -0.318952  0.00126034
        2285   -0.267305    -0.31893     0.00126
        2286   -0.253152   -0.318901  0.00125977
        2287   -0.262441   -0.318876  0.00125946
        2288   -0.290105   -0.318863  0.00125898
        2289   -0.302194   -0.318856  0.00125845
        2290   -0.300077   -0.318848  0.00125792
        2291   -0.288902   -0.318835  0.00125744
        2292   -0.281469   -0.318819    0.001257
        2293    -0.29032   -0.318806  0.00125651
        2294   -0.304458     -0.3188  0.00125598
        2295    -0.30668   -0.318795  0.00125545
        2296    -0.28085   -0.318778  0.00125501
        2297   -0.236247   -0.318742  0.00125498
        2298     -0.2484   -0.318712   0.0012548
        2299   -0.286514   -0.318698  0.00125433
        2300   -0.303095   -0.318691  0.00125381
        2301   -0.307308   -0.318686  0.00125327
        2302   -0.307824   -0.318681  0.00125274
        2303   -0.307137   -0.318676   0.0012522
        2304   -0.305006    -0.31867  0.00125167
        2305   -0.303482   -0.318664  0.00125115
        2306   -0.312355   -0.318661  0.00125061
        2307   -0.327059   -0.318665  0.00125007
        2308   -0.333239   -0.318671  0.00124955
        2309   -0.333033   -0.318677  0.00124902
        2310   -0.333437   -0.318683   0.0012485
        2311   -0.336166   -0.318691  0.00124798
        2312   -0.337763   -0.318699  0.00124747
        2313   -0.329999   -0.318704  0.00124694
        2314   -0.320382   -0.318705   0.0012464
        2315   -0.310693   -0.318701  0.00124586
        2316   -0.303695   -0.318695  0.00124534
        2317   -0.316861   -0.318694  0.00124481
        2318   -0.347352   -0.318706  0.00124433
        2319   -0.369392   -0.318728  0.00124399
        2320   -0.375157   -0.318753  0.00124369
        2321   -0.372951   -0.318776  0.00124337
        2322   -0.365404   -0.318796    0.001243
        2323   -0.343297   -0.318807  0.00124251
        2324    -0.28878   -0.318794  0.00124204
        2325   -0.256272   -0.318767   0.0012418
        2326   -0.306469   -0.318762  0.00124127
        2327   -0.341861   -0.318771  0.00124078
        2328   -0.343873   -0.318782  0.00124029
        2329   -0.324506   -0.318785  0.00123976
        2330   -0.290638   -0.318773  0.00123929
        2331   -0.273942   -0.318753  0.00123891
        2332   -0.278933   -0.318736  0.00123849
        2333   -0.302851    -0.31873  0.00123798
        2334   -0.327124   -0.318733  0.00123746
        2335   -0.332587   -0.318739  0.00123694
        2336   -0.329409   -0.318744  0.00123642
        2337   -0.325762   -0.318747  0.00123589
        2338     -0.3202   -0.318747  0.00123537
        2339    -0.30515   -0.318741  0.00123485
        2340   -0.285485   -0.318727  0.00123441
        2341   -0.289572   -0.318715  0.00123394
        2342   -0.315384   -0.318713  0.00123342
        2343   -0.334433    -0.31872  0.00123291
        2344   -0.342254    -0.31873  0.00123242
        2345   -0.344386   -0.318741  0.00123194
        2346   -0.343842   -0.318752  0.00123147
        2347   -0.343987   -0.318762  0.00123099
        2348   -0.346787   -0.318774  0.00123052
        2349   -0.332206    -0.31878  0.00123001
        2350   -0.265007   -0.318757   0.0012297
        2351   -0.283455   -0.318742  0.00122927
        2352    -0.32574   -0.318745  0.00122875
        2353   -0.335235   -0.318752  0.00122825
        2354   -0.345001   -0.318763  0.00122778
        2355   -0.346302   -0.318775  0.00122731
        2356   -0.327825   -0.318779   0.0012268
        2357   -0.297686    -0.31877  0.00122631
        2358   -0.272745    -0.31875  0.00122594
        2359   -0.281173   -0.318735  0.00122553
        2360   -0.316418   -0.318734  0.00122501
        2361   -0.321454   -0.318735  0.00122449
        2362   -0.312939   -0.318732  0.00122397
        2363   -0.302563   -0.318725  0.00122348
        2364   -0.295636   -0.318716    0.001223
        2365   -0.298907   -0.318707  0.00122251
        2366   -0.303836   -0.318701  0.00122201
        2367   -0.301948   -0.318694  0.00122151
        2368   -0.292733   -0.318683  0.00122105
        2369   -0.286343   -0.318669  0.00122061
        2370   -0.282127   -0.318654  0.00122019
        2371   -0.270475   -0.318634  0.00121984
        2372   -0.259347   -0.318609  0.00121959
        2373   -0.259809   -0.318584  0.00121932
        2374    -0.24895   -0.318554  0.00121916
        2375   -0.242655   -0.318522  0.00121907
        2376   -0.282289   -0.318507  0.00121865
        2377   -0.293786   -0.318497  0.00121818
        2378   -0.272914   -0.318478  0.00121782
        2379    -0.26419   -0.318455  0.00121752
        2380      -0.282    -0.31844  0.00121711
        2381   -0.295453    -0.31843  0.00121663
        2382   -0.296604   -0.318421  0.00121616
        2383    -0.27669   -0.318403  0.00121577
        2384   -0.261715   -0.318379   0.0012155
        2385    -0.24383   -0.318348  0.00121539
        2386   -0.226486    -0.31831  0.00121549
        2387   -0.282456   -0.318295  0.00121507
        2388   -0.302496   -0.318288  0.00121458
        2389   -0.289072   -0.318276  0.00121413
        2390   -0.282447   -0.318261  0.00121372
        2391    -0.28635   -0.318247  0.00121328
        2392   -0.293107   -0.318237  0.00121282
        2393   -0.303226   -0.318231  0.00121233
        2394   -0.306947   -0.318226  0.00121184
        2395   -0.304181    -0.31822  0.00121134
        2396   -0.304382   -0.318214  0.00121085
        2397   -0.310359   -0.318211  0.00121035
        2398   -0.316951    -0.31821  0.00120985
        2399   -0.317865    -0.31821  0.00120934
        2400    -0.30529   -0.318205  0.00120885
        2401   -0.281651    -0.31819  0.00120844
        2402   -0.278845   -0.318173  0.00120805
        2403   -0.312685   -0.318171  0.00120755
        2404    -0.32997   -0.318176  0.00120706
        2405     -0.3144   -0.318174  0.00120656
        2406    -0.33071    -0.31818  0.00120607
        2407   -0.346939   -0.318192  0.00120562
        2408   -0.335767   -0.318199  0.00120515
        2409   -0.330325   -0.318204  0.00120466
        2410   -0.350737   -0.318217  0.00120423
        2411    -0.36904   -0.318238  0.00120392
        2412   -0.368333   -0.318259   0.0012036
        2413   -0.334668   -0.318266  0.00120312
        2414   -0.293755   -0.318256  0.00120266
        2415   -0.314626   -0.318254  0.00120216
        2416    -0.34866   -0.318267  0.00120173
        2417   -0.370764   -0.318289  0.00120143
        2418   -0.373107   -0.318311  0.00120115
        2419   -0.367258   -0.318332  0.00120082
        2420   -0.360218   -0.318349  0.00120045
        2421   -0.352612   -0.318363  0.00120004
        2422   -0.350988   -0.318377  0.00119962
        2423   -0.351335    -0.31839   0.0011992
        2424   -0.348429   -0.318403  0.00119877
        2425   -0.344311   -0.318413  0.00119832
        2426   -0.343766   -0.318424  0.00119788
        2427   -0.343035   -0.318434  0.00119742
        2428   -0.334012    -0.31844  0.00119695
        2429   -0.306428   -0.318435  0.00119647
        2430   -0.286098   -0.318422  0.00119605
        2431    -0.31072   -0.318419  0.00119556
        2432   -0.325247   -0.318422  0.00119507
        2433    -0.32371   -0.318424  0.00119458
        2434   -0.318411   -0.318424  0.00119409
        2435   -0.313716   -0.318422   0.0011936
        2436   -0.311573   -0.318419  0.00119312
        2437   -0.312604   -0.318417  0.00119263
        2438   -0.315951   -0.318416  0.00119214
        2439   -0.319316   -0.318416  0.00119165
        2440   -0.318956   -0.318416  0.00119116
        2441   -0.312179   -0.318414  0.00119068
        2442   -0.307041   -0.318409   0.0011902
        2443   -0.312722   -0.318407  0.00118971
        2444   -0.316157   -0.318406  0.00118923
        2445   -0.315298   -0.318405  0.00118874
        2446     -0.3167   -0.318404  0.00118826
        2447   -0.314414   -0.318402  0.00118777
        2448   -0.314079     -0.3184  0.00118729
        2449   -0.327758   -0.318404  0.00118681
        2450   -0.346222   -0.318416  0.00118638
        2451   -0.353762    -0.31843  0.00118598
        2452   -0.348161   -0.318442  0.00118556
        2453    -0.34566   -0.318453  0.00118513
        2454   -0.356319   -0.318469  0.00118475
        2455   -0.353165   -0.318483  0.00118435
        2456   -0.318443   -0.318483  0.00118387
        2457   -0.316518   -0.318482  0.00118339
        2458   -0.349551   -0.318495  0.00118297
        2459   -0.361457   -0.318512  0.00118262
        2460   -0.368919   -0.318533  0.00118232
        2461   -0.376982   -0.318556  0.00118207
        2462   -0.379071   -0.318581  0.00118185
        2463    -0.37848   -0.318605  0.00118162
        2464   -0.376084   -0.318629  0.00118137
        2465   -0.361511   -0.318646  0.00118102
        2466   -0.331618   -0.318651  0.00118055
        2467   -0.338167   -0.318659   0.0011801
        2468   -0.366747   -0.318679  0.00117978
        2469   -0.373737   -0.318701  0.00117952
        2470    -0.36463   -0.318719  0.00117918
        2471   -0.348021   -0.318731  0.00117877
        2472   -0.336225   -0.318738  0.00117831
        2473   -0.340093   -0.318747  0.00117787
        2474   -0.352468   -0.318761  0.00117747
        2475   -0.360631   -0.318778  0.00117712
        2476   -0.358028   -0.318793  0.00117675
        2477   -0.348198   -0.318805  0.00117633
        2478    -0.34249   -0.318815   0.0011759
        2479   -0.348426   -0.318827  0.00117548
        2480    -0.35525   -0.318842   0.0011751
        2481   -0.331066   -0.318846  0.00117464
        2482   -0.281938   -0.318832  0.00117426
        2483   -0.293517   -0.318821  0.00117383
        2484   -0.269667   -0.318802  0.00117352
        2485   -0.274127   -0.318784  0.00117319
        2486   -0.322232   -0.318785  0.00117272
        2487   -0.336425   -0.318792  0.00117227
        2488   -0.326758   -0.318795   0.0011718
        2489   -0.311265   -0.318792  0.00117133
        2490    -0.30447   -0.318787  0.00117088
        2491   -0.300066   -0.318779  0.00117043
        2492    -0.27698   -0.318762  0.00117008
        2493   -0.251344   -0.318735  0.00116992
        2494   -0.251504   -0.318708  0.00116977
        2495   -0.283088   -0.318694  0.00116938
        2496    -0.30316   -0.318688  0.00116893
        2497   -0.311082   -0.318685  0.00116847
        2498   -0.312278   -0.318682    0.001168
        2499   -0.304699   -0.318677  0.00116755
        2500   -0.293004   -0.318666  0.00116713
        2501    -0.29397   -0.318656   0.0011667
        2502   -0.314685   -0.318655  0.00116624
        2503   -0.339126   -0.318663   0.0011658
        2504    -0.35716   -0.318678  0.00116544
        2505   -0.365459   -0.318697  0.00116512
        2506     -0.3525   -0.318711  0.00116473
        2507   -0.308129   -0.318706  0.00116428
        2508   -0.269339   -0.318687  0.00116398
        2509   -0.258522   -0.318663  0.00116376
        2510    -0.33239   -0.318668  0.00116331
        2511   -0.370109   -0.318689  0.00116303
        2512   -0.373369    -0.31871  0.00116277
        2513   -0.365363   -0.318729  0.00116245
        2514   -0.352565   -0.318742  0.00116207
        2515    -0.35009   -0.318755  0.00116167
        2516   -0.341288   -0.318764  0.00116125
        2517   -0.326646   -0.318767  0.00116079
        2518   -0.357864   -0.318782  0.00116043
        2519   -0.338175    -0.31879     0.00116
        2520   -0.303835   -0.318784  0.00115955
        2521   -0.324992   -0.318787   0.0011591
        2522   -0.357935   -0.318802  0.00115874
        2523    -0.34625   -0.318813  0.00115833
        2524   -0.330542   -0.318818  0.00115788
        2525   -0.344812   -0.318828  0.00115747
        2526   -0.366417   -0.318847  0.00115716
        2527   -0.375993   -0.318869  0.00115693
        2528   -0.377417   -0.318893   0.0011567
        2529    -0.36924   -0.318913  0.00115642
        2530   -0.340552   -0.318921  0.00115599
        2531   -0.300309   -0.318914  0.00115556
        2532   -0.293071   -0.318904  0.00115515
        2533   -0.343859   -0.318913  0.00115473
        2534   -0.363604   -0.318931  0.00115441
        2535   -0.348576   -0.318943  0.00115401
        2536   -0.323175   -0.318944  0.00115356
        2537   -0.304194   -0.318939  0.00115312
        2538   -0.310641   -0.318935  0.00115267
        2539   -0.329964    -0.31894  0.00115222
        2540   -0.329041   -0.318944  0.00115178
        2541    -0.30284   -0.318937  0.00115134
        2542   -0.301427    -0.31893  0.00115091
        2543   -0.320574   -0.318931  0.00115046
        2544   -0.326031   -0.318934  0.00115001
        2545   -0.321744   -0.318935  0.00114956
        2546   -0.314966   -0.318933  0.00114911
        2547   -0.308825   -0.318929  0.00114866
        2548   -0.302875   -0.318923  0.00114823
        2549   -0.293418   -0.318913  0.00114782
        2550   -0.275564   -0.318896   0.0011475
        2551   -0.257825   -0.318872   0.0011473
        2552   -0.262734    -0.31885  0.00114706
        2553   -0.279184   -0.318835  0.00114671
        2554   -0.286546   -0.318822  0.00114634
        2555    -0.28047   -0.318807  0.00114599
        2556   -0.265686   -0.318786  0.00114573
        2557   -0.253632   -0.318761  0.00114556
        2558   -0.244167   -0.318732  0.00114548
        2559    -0.23889     -0.3187  0.00114546
        2560    -0.25322   -0.318675   0.0011453
        2561   -0.275839   -0.318658  0.00114497
        2562   -0.285119   -0.318645   0.0011446
        2563   -0.281563    -0.31863  0.00114425
        2564   -0.280824   -0.318616   0.0011439
        2565   -0.292125   -0.318605   0.0011435
        2566   -0.299156   -0.318598  0.00114308
        2567   -0.283605   -0.318584  0.00114271
        2568   -0.239421   -0.318553  0.00114268
        2569   -0.221619   -0.318516  0.00114286
        2570   -0.265851   -0.318495   0.0011426
        2571   -0.276413   -0.318479  0.00114227
        2572   -0.279097   -0.318463  0.00114193
        2573   -0.300197   -0.318456  0.00114151
        2574   -0.288288   -0.318445  0.00114113
        2575   -0.257414   -0.318421  0.00114093
        2576   -0.274888   -0.318404  0.00114061
        2577     -0.3216   -0.318405  0.00114017
        2578   -0.345865   -0.318416  0.00113978
        2579   -0.352245   -0.318429  0.00113941
        2580   -0.345191   -0.318439  0.00113902
        2581   -0.340686   -0.318448  0.00113861
        2582   -0.344064   -0.318458  0.00113821
        2583    -0.33891   -0.318466   0.0011378
        2584   -0.326344   -0.318469  0.00113736
        2585   -0.317138   -0.318468  0.00113692
        2586   -0.318193   -0.318468  0.00113648
        2587   -0.312773   -0.318466  0.00113604
        2588   -0.306204   -0.318461  0.00113561
        2589   -0.308419   -0.318458  0.00113518
        2590    -0.31196   -0.318455  0.00113475
        2591   -0.303975   -0.318449  0.00113432
        2592   -0.283692   -0.318436  0.00113396
        2593   -0.324603   -0.318438  0.00113353
        2594   -0.348452    -0.31845  0.00113315
        2595   -0.346607   -0.318461  0.00113277
        2596   -0.332058   -0.318466  0.00113234
        2597   -0.316846   -0.318465  0.00113191
        2598   -0.315221   -0.318464  0.00113147
        2599   -0.295093   -0.318455  0.00113107
        2600   -0.317128   -0.318455  0.00113064
        2601   -0.341556   -0.318464  0.00113024
        2602   -0.340943   -0.318472  0.00112984
        2603   -0.348719   -0.318484  0.00112946
        2604   -0.366113   -0.318502  0.00112918
        2605   -0.381778   -0.318526    0.001129
        2606   -0.379153    -0.31855  0.00112881
        2607   -0.325874   -0.318552  0.00112838
        2608   -0.272415   -0.318535  0.00112809
        2609    -0.30912   -0.318531  0.00112766
        2610   -0.362311   -0.318548  0.00112735
        2611   -0.380022   -0.318571  0.00112717
        2612   -0.365301   -0.318589  0.00112688
        2613   -0.329689   -0.318594  0.00112645
        2614   -0.269243   -0.318575  0.00112618
        2615   -0.300847   -0.318568  0.00112577
        2616    -0.34666   -0.318579  0.00112539
        2617   -0.359435   -0.318594  0.00112507
        2618   -0.354902   -0.318608  0.00112473
        2619   -0.344012   -0.318618  0.00112434
        2620    -0.34781   -0.318629  0.00112396
        2621    -0.36139   -0.318645  0.00112365
        2622   -0.368124   -0.318664  0.00112338
        2623   -0.367507   -0.318683  0.00112311
        2624    -0.35269   -0.318696  0.00112276
        2625   -0.315688   -0.318695  0.00112233
        2626    -0.29467   -0.318685  0.00112194
        2627   -0.304163    -0.31868  0.00112153
        2628   -0.329044   -0.318684  0.00112111
        2629    -0.35194   -0.318697  0.00112075
        2630   -0.355254    -0.31871  0.00112041
        2631   -0.343325    -0.31872  0.00112002
        2632   -0.330258   -0.318724  0.00111961
        2633   -0.328245   -0.318728  0.00111919
        2634   -0.330134   -0.318732  0.00111877
        2635   -0.334818   -0.318738  0.00111836
        2636   -0.347958   -0.318749  0.00111799
        2637   -0.359153   -0.318765  0.00111767
        2638    -0.36341   -0.318782  0.00111738
        2639    -0.36352   -0.318799  0.00111708
        2640   -0.361929   -0.318815  0.00111678
        2641   -0.348885   -0.318826  0.00111642
        2642   -0.308572   -0.318822    0.001116
        2643   -0.306089   -0.318818  0.00111559
        2644   -0.338762   -0.318825  0.00111519
        2645   -0.341756   -0.318834   0.0011148
        2646   -0.346701   -0.318844  0.00111443
        2647   -0.358446   -0.318859  0.00111411
        2648    -0.35528   -0.318873  0.00111378
        2649   -0.347219   -0.318884  0.00111341
        2650   -0.340342   -0.318892  0.00111302
        2651   -0.353792   -0.318905  0.00111267
        2652   -0.368724   -0.318924  0.00111241
        2653   -0.374328   -0.318945  0.00111219
        2654   -0.374706   -0.318966  0.00111197
        2655   -0.371716   -0.318986  0.00111173
        2656   -0.364956   -0.319003  0.00111144
        2657   -0.356885   -0.319017  0.00111112
        2658   -0.346039   -0.319027  0.00111075
        2659   -0.319849   -0.319028  0.00111033
        2660   -0.323789   -0.319029  0.00110991
        2661   -0.366919   -0.319047  0.00110964
        2662    -0.37784   -0.319069  0.00110944
        2663   -0.368806   -0.319088  0.00110918
        2664   -0.355219   -0.319102  0.00110885
        2665   -0.344414   -0.319111  0.00110848
        2666   -0.343877    -0.31912   0.0011081
        2667   -0.351822   -0.319133  0.00110775
        2668   -0.355473   -0.319146  0.00110742
        2669   -0.353318   -0.319159  0.00110708
        2670     -0.3463   -0.319169  0.00110671
        2671   -0.330726   -0.319174   0.0011063
        2672   -0.325095   -0.319176  0.00110589
        2673   -0.341773   -0.319184  0.00110551
        2674   -0.353408   -0.319197  0.00110517
        2675   -0.354038    -0.31921  0.00110484
        2676   -0.346529    -0.31922  0.00110447
        2677   -0.330179   -0.319224  0.00110407
        2678   -0.319806   -0.319225  0.00110365
        2679   -0.329379   -0.319228  0.00110325
        2680   -0.340692   -0.319236  0.00110286
        2681   -0.349715   -0.319248  0.00110251
        2682    -0.36047   -0.319263  0.00110221
        2683   -0.370186   -0.319282  0.00110196
        2684   -0.373597   -0.319302  0.00110174
        2685   -0.368799   -0.319321  0.00110148
        2686   -0.361837   -0.319337  0.00110118
        2687   -0.360013   -0.319352  0.00110088
        2688   -0.361553   -0.319368  0.00110058
        2689   -0.374252   -0.319388  0.00110036
        2690   -0.384467   -0.319412  0.00110022
        2691   -0.365471   -0.319429  0.00109994
        2692   -0.326362   -0.319432  0.00109954
        2693   -0.317008   -0.319431  0.00109913
        2694    -0.33351   -0.319436  0.00109873
        2695   -0.349707   -0.319447  0.00109838
        2696   -0.361489   -0.319463  0.00109809
        2697   -0.388151   -0.319488  0.00109797
        2698   -0.389076   -0.319514  0.00109787
        2699   -0.383056   -0.319538  0.00109771
        2700   -0.385888   -0.319562  0.00109758
        2701   -0.353618   -0.319575  0.00109725
        2702   -0.332171    -0.31958  0.00109685
        2703   -0.374677     -0.3196  0.00109664
        2704   -0.370545   -0.319619  0.00109639
        2705   -0.335302   -0.319625    0.001096
        2706   -0.297061   -0.319616  0.00109563
        2707   -0.289701   -0.319605  0.00109528
        2708   -0.301633   -0.319599   0.0010949
        2709   -0.287748   -0.319587  0.00109456
        2710   -0.326983    -0.31959  0.00109415
        2711   -0.350764   -0.319601  0.00109381
        2712   -0.343788    -0.31961  0.00109344
        2713    -0.33021   -0.319614  0.00109305
        2714    -0.30625   -0.319609  0.00109266
        2715   -0.266379   -0.319589  0.00109243
        2716   -0.249377   -0.319564  0.00109233
        2717   -0.277629   -0.319548  0.00109204
        2718   -0.290327   -0.319537  0.00109169
        2719   -0.289585   -0.319526  0.00109135
        2720   -0.286804   -0.319514  0.00109101
        2721   -0.266471   -0.319495  0.00109078
        2722   -0.252908    -0.31947  0.00109066
        2723   -0.271262   -0.319453   0.0010904
        2724   -0.275395   -0.319436  0.00109012
        2725   -0.256607   -0.319413  0.00108996
        2726   -0.230892   -0.319381  0.00109005
        2727   -0.253558   -0.319357  0.00108992
        2728   -0.296089   -0.319348  0.00108955
        2729   -0.312955   -0.319346  0.00108915
        2730   -0.310518   -0.319343  0.00108876
        2731   -0.293638   -0.319333   0.0010884
        2732   -0.265458   -0.319314  0.00108818
        2733   -0.260672   -0.319292  0.00108799
        2734   -0.277999   -0.319277   0.0010877
        2735   -0.270118   -0.319259  0.00108745
        2736   -0.251714   -0.319234  0.00108733
        2737    -0.26982   -0.319216  0.00108709
        2738   -0.307256   -0.319212   0.0010867
        2739   -0.325795   -0.319214  0.00108631
        2740   -0.323859   -0.319216  0.00108591
        2741   -0.309929   -0.319213  0.00108552
        2742   -0.303711   -0.319207  0.00108514
        2743   -0.307306   -0.319203  0.00108475
        2744   -0.313962   -0.319201  0.00108436
        2745   -0.314889   -0.319199  0.00108396
        2746   -0.282577   -0.319186  0.00108365
        2747   -0.232682   -0.319154  0.00108371
        2748   -0.251943    -0.31913   0.0010836
        2749   -0.290209   -0.319119  0.00108325
        2750    -0.29698   -0.319111  0.00108289
        2751   -0.305557   -0.319106  0.00108251
        2752   -0.322036   -0.319107  0.00108211
        2753   -0.335277   -0.319113  0.00108174
        2754   -0.338057    -0.31912  0.00108136
        2755    -0.31808    -0.31912  0.00108097
        2756   -0.265994   -0.319101  0.00108075
        2757   -0.238497   -0.319071  0.00108076
        2758   -0.233044    -0.31904  0.00108081
        2759   -0.256618   -0.319017  0.00108066
        2760   -0.281983   -0.319004  0.00108035
        2761    -0.29311   -0.318995     0.00108
        2762    -0.30022   -0.318988  0.00107963
        2763   -0.307439   -0.318984  0.00107925
        2764   -0.314076   -0.318982  0.00107886
        2765   -0.314246    -0.31898  0.00107847
        2766   -0.306001   -0.318976  0.00107809
        2767   -0.301125   -0.318969  0.00107772
        2768   -0.300154   -0.318962  0.00107735
        2769   -0.292964   -0.318953    0.001077
        2770   -0.287253   -0.318941  0.00107668
        2771   -0.280136   -0.318927  0.00107638
        2772   -0.263088   -0.318907  0.00107618
        2773   -0.250674   -0.318883  0.00107607
        2774   -0.283138    -0.31887  0.00107576
        2775   -0.309992   -0.318867  0.00107538
        2776   -0.322523   -0.318868  0.00107499
        2777   -0.336225   -0.318874  0.00107462
        2778   -0.342387   -0.318883  0.00107427
        2779   -0.340372    -0.31889  0.00107391
        2780   -0.332283   -0.318895  0.00107353
        2781    -0.32113   -0.318896  0.00107315
        2782    -0.30712   -0.318892  0.00107277
        2783    -0.28548    -0.31888  0.00107245
        2784   -0.284603   -0.318867  0.00107214
        2785   -0.316253   -0.318866  0.00107175
        2786    -0.34078   -0.318874   0.0010714
        2787    -0.35145   -0.318886  0.00107108
        2788    -0.35943   -0.318901  0.00107079
        2789   -0.356344   -0.318914  0.00107049
        2790   -0.325829   -0.318916  0.00107011
        2791   -0.280276   -0.318903  0.00106982
        2792    -0.26175   -0.318882  0.00106963
        2793   -0.264225   -0.318863  0.00106943
        2794   -0.284191    -0.31885  0.00106912
        2795   -0.327289   -0.318853  0.00106874
        2796   -0.331446   -0.318858  0.00106836
        2797   -0.315297   -0.318856  0.00106798
        2798   -0.310392   -0.318853  0.00106761
        2799   -0.317294   -0.318853  0.00106722
        2800   -0.325192   -0.318855  0.00106685
        2801   -0.326665   -0.318858  0.00106647
        2802   -0.319619   -0.318858  0.00106609
        2803    -0.30551   -0.318853  0.00106572
        2804   -0.295644   -0.318845  0.00106537
        2805   -0.307955   -0.318841    0.001065
        2806   -0.326568   -0.318844  0.00106462
        2807   -0.332127   -0.318849  0.00106425
        2808   -0.325214   -0.318851  0.00106388
        2809   -0.309496   -0.318848   0.0010635
        2810   -0.296116    -0.31884  0.00106316
        2811    -0.28198   -0.318826  0.00106286
        2812   -0.289354   -0.318816  0.00106253
        2813   -0.307224   -0.318812  0.00106216
        2814   -0.302464   -0.318806   0.0010618
        2815   -0.316248   -0.318805  0.00106142
        2816   -0.342851   -0.318814  0.00106108
        2817   -0.365105    -0.31883  0.00106083
        2818   -0.376905   -0.318851  0.00106066
        2819    -0.38153   -0.318873  0.00106051
        2820    -0.38181   -0.318895  0.00106037
        2821    -0.37276   -0.318914  0.00106017
        2822   -0.357927   -0.318928  0.00105988
        2823   -0.357309   -0.318942  0.00105959
        2824   -0.365568   -0.318958  0.00105935
        2825   -0.363241   -0.318974  0.00105909
        2826    -0.35288   -0.318986  0.00105878
        2827   -0.336872   -0.318992  0.00105842
        2828   -0.366762   -0.319009  0.00105819
        2829   -0.408607   -0.319041  0.00105829
        2830   -0.411379   -0.319074  0.00105841
        2831   -0.400109   -0.319102  0.00105843
        2832   -0.393501   -0.319128  0.00105838
        2833   -0.379904    -0.31915  0.00105822
        2834   -0.357235   -0.319163  0.00105794
        2835   -0.384045   -0.319186  0.00105781
        2836   -0.401131   -0.319215  0.00105783
        2837   -0.403788   -0.319245  0.00105788
        2838   -0.411181   -0.319277    0.001058
        2839    -0.41603   -0.319311  0.00105818
        2840   -0.418819   -0.319346  0.00105838
        2841   -0.421203   -0.319382  0.00105862
        2842   -0.418841   -0.319417  0.00105882
        2843   -0.403931   -0.319447  0.00105887
        2844   -0.374821   -0.319466  0.00105868
        2845   -0.346976   -0.319476  0.00105835
        2846   -0.344401   -0.319485  0.00105801
        2847   -0.377788   -0.319505  0.00105784
        2848   -0.392272   -0.319531  0.00105778
        2849   -0.385423   -0.319554  0.00105766
        2850   -0.388546   -0.319578  0.00105756
        2851   -0.394976   -0.319605  0.00105752
        2852   -0.392195    -0.31963  0.00105746
        2853   -0.387887   -0.319654  0.00105736
        2854   -0.389926   -0.319679  0.00105728
        2855   -0.391632   -0.319704  0.00105721
        2856   -0.375294   -0.319723  0.00105701
        2857   -0.327327   -0.319726  0.00105665
        2858   -0.278765   -0.319712  0.00105637
        2859   -0.312854   -0.319709  0.00105601
        2860   -0.364088   -0.319725  0.00105575
        2861   -0.352846   -0.319736  0.00105545
        2862   -0.351033   -0.319747  0.00105514
        2863   -0.357304    -0.31976  0.00105485
        2864   -0.332634   -0.319765  0.00105449
        2865   -0.296382   -0.319757  0.00105415
        2866   -0.288276   -0.319746  0.00105384
        2867   -0.337754   -0.319752  0.00105349
        2868   -0.365069   -0.319768  0.00105324
        2869   -0.359263   -0.319782  0.00105297
        2870   -0.326171   -0.319784   0.0010526
        2871    -0.27142   -0.319767  0.00105237
        2872   -0.287169   -0.319756  0.00105207
        2873   -0.322514   -0.319757   0.0010517
        2874    -0.33866   -0.319763  0.00105135
        2875   -0.347685   -0.319773  0.00105103
        2876   -0.348803   -0.319783  0.00105072
        2877   -0.337838   -0.319789  0.00105037
        2878   -0.313264   -0.319787  0.00105001
        2879   -0.287946   -0.319776   0.0010497
        2880    -0.27962   -0.319762  0.00104943
        2881   -0.284747    -0.31975  0.00104914
        2882   -0.305766   -0.319745  0.00104878
        2883   -0.332027   -0.319749  0.00104843
        2884   -0.335123   -0.319755  0.00104808
        2885   -0.296277   -0.319746  0.00104775
        2886   -0.262079   -0.319726  0.00104757
        2887   -0.309165   -0.319723  0.00104722
        2888   -0.344957   -0.319732  0.00104689
        2889   -0.347174   -0.319741  0.00104657
        2890    -0.33771   -0.319747  0.00104623
        2891   -0.325603   -0.319749  0.00104587
        2892   -0.309659   -0.319746  0.00104551
        2893   -0.295764   -0.319738  0.00104518
        2894   -0.293676   -0.319729  0.00104486
        2895   -0.282131   -0.319716  0.00104458
        2896   -0.293363   -0.319706  0.00104426
        2897   -0.315941   -0.319705   0.0010439
        2898   -0.311134   -0.319702  0.00104354
        2899   -0.290922   -0.319692  0.00104323
        2900   -0.284071    -0.31968  0.00104294
        2901   -0.294578   -0.319671  0.00104262
        2902   -0.306013   -0.319667  0.00104227
        2903   -0.309572   -0.319663  0.00104192
        2904   -0.310622    -0.31966  0.00104156
        2905   -0.304289   -0.319655  0.00104122
        2906   -0.251011   -0.319631  0.00104113
        2907   -0.222842   -0.319598   0.0010413
        2908   -0.230886   -0.319567  0.00104139
        2909   -0.259421   -0.319547  0.00104124
        2910   -0.311885   -0.319544  0.00104088
        2911   -0.316699   -0.319543  0.00104053
        2912   -0.306677   -0.319539  0.00104018
        2913   -0.308512   -0.319535  0.00103983
        2914   -0.315509   -0.319533  0.00103947
        2915   -0.311449   -0.319531  0.00103912
        2916   -0.296355   -0.319523  0.00103879
        2917   -0.279844   -0.319509  0.00103853
        2918   -0.275116   -0.319494  0.00103828
        2919   -0.290047   -0.319484  0.00103798
        2920   -0.310625   -0.319481  0.00103763
        2921   -0.311724   -0.319478  0.00103727
        2922   -0.298611   -0.319471  0.00103694
        2923   -0.336901   -0.319477  0.00103661
        2924   -0.351745   -0.319488  0.00103631
        2925    -0.31154   -0.319485  0.00103596
        2926   -0.266972   -0.319467  0.00103576
        2927   -0.283833   -0.319455  0.00103548
        2928   -0.282916   -0.319443   0.0010352
        2929   -0.283175    -0.31943  0.00103492
        2930   -0.308518   -0.319427  0.00103457
        2931   -0.332284   -0.319431  0.00103423
        2932   -0.320805   -0.319431  0.00103388
        2933   -0.284651    -0.31942  0.00103359
        2934   -0.315272   -0.319418  0.00103324
        2935   -0.336341   -0.319424  0.00103291
        2936   -0.317664   -0.319423  0.00103255
        2937   -0.241968   -0.319397  0.00103254
        2938    -0.22685   -0.319365  0.00103267
        2939   -0.292415   -0.319356  0.00103236
        2940   -0.311998   -0.319354  0.00103201
        2941   -0.320815   -0.319354  0.00103166
        2942   -0.329165   -0.319358  0.00103131
        2943   -0.333672   -0.319362  0.00103097
        2944   -0.331536   -0.319367  0.00103063
        2945   -0.325569   -0.319369  0.00103028
        2946   -0.325525   -0.319371  0.00102994
        2947   -0.330302   -0.319374  0.00102959
        2948   -0.319133   -0.319374  0.00102925
        2949   -0.301343   -0.319368  0.00102891
        2950   -0.311737   -0.319366  0.00102857
        2951   -0.315771   -0.319364  0.00102822
        2952   -0.299677   -0.319358  0.00102789
        2953   -0.313334   -0.319356  0.00102755
        2954   -0.340647   -0.319363  0.00102723
        2955   -0.345942   -0.319372  0.00102692
        2956   -0.336597   -0.319378  0.00102659
        2957   -0.321215   -0.319378  0.00102624
        2958   -0.320429   -0.319379  0.00102589
        2959   -0.350321   -0.319389   0.0010256
        2960   -0.366964   -0.319405  0.00102538
        2961   -0.363976    -0.31942  0.00102514
        2962    -0.34671    -0.31943  0.00102484
        2963   -0.324918   -0.319431  0.00102449
        2964   -0.323247   -0.319433  0.00102415
        2965   -0.342268    -0.31944  0.00102383
        2966   -0.339471   -0.319447  0.00102351
        2967   -0.294058   -0.319439   0.0010232
        2968   -0.281971   -0.319426  0.00102293
        2969   -0.294252   -0.319418  0.00102262
        2970   -0.319201   -0.319417  0.00102228
        2971   -0.357305    -0.31943  0.00102202
        2972   -0.372602   -0.319448  0.00102183
        2973   -0.372373   -0.319466  0.00102164
        2974   -0.366674   -0.319482  0.00102142
        2975   -0.358227   -0.319495  0.00102116
        2976   -0.339181   -0.319501  0.00102084
        2977   -0.290499   -0.319492  0.00102054
        2978   -0.263111   -0.319473  0.00102037
        2979   -0.284634   -0.319461   0.0010201
        2980   -0.244953   -0.319436  0.00102006
        2981    -0.28819   -0.319426  0.00101977
        2982   -0.316972   -0.319425  0.00101943
        2983   -0.310564   -0.319422  0.00101909
        2984   -0.306844   -0.319418  0.00101876
        2985   -0.310899   -0.319415  0.00101842
        2986   -0.317267   -0.319414  0.00101808
        2987    -0.31874   -0.319414  0.00101774
        2988   -0.320229   -0.319414   0.0010174
        2989   -0.326848   -0.319416  0.00101707
        2990   -0.335863   -0.319422  0.00101674
        2991   -0.343451    -0.31943  0.00101643
        2992   -0.345768   -0.319439  0.00101613
        2993   -0.337404   -0.319445  0.00101581
        2994   -0.319117   -0.319445  0.00101547
        2995   -0.308959   -0.319441  0.00101514
        2996   -0.318168   -0.319441   0.0010148
        2997   -0.335714   -0.319446  0.00101447
        2998   -0.349932   -0.319456  0.00101419
        2999   -0.346667   -0.319465  0.00101389
        3000   -0.323604   -0.319467  0.00101355
        3001   -0.318054   -0.319466  0.00101321
        3002   -0.341686   -0.319474   0.0010129
        3003   -0.342173   -0.319481  0.00101259
        3004   -0.321018   -0.319482  0.00101226
        3005   -0.319272   -0.319482  0.00101192
        3006   -0.306601   -0.319477  0.00101159
        3007   -0.281628   -0.319465  0.00101133
        3008   -0.305978    -0.31946  0.00101101
        3009   -0.328724   -0.319464  0.00101068
        3010   -0.273449   -0.319448  0.00101046
        3011   -0.283851   -0.319436  0.00101019
        3012   -0.366553   -0.319452  0.00100998
        3013   -0.372343    -0.31947  0.00100979
        3014   -0.348404   -0.319479   0.0010095
        3015   -0.311926   -0.319477  0.00100917
        3016   -0.299925    -0.31947  0.00100886
        3017   -0.323677   -0.319472  0.00100853
        3018   -0.336584   -0.319477  0.00100821
        3019   -0.292301   -0.319468  0.00100791
        3020   -0.249322   -0.319445  0.00100785
        3021   -0.314477   -0.319443  0.00100751
        3022   -0.325235   -0.319445  0.00100718
        3023   -0.331907   -0.319449  0.00100686
        3024   -0.358577   -0.319462  0.00100661
        3025   -0.363423   -0.319477  0.00100638
        3026   -0.346963   -0.319486  0.00100609
        3027   -0.327563   -0.319489  0.00100576
        3028    -0.33776   -0.319495  0.00100545
        3029    -0.37127   -0.319512  0.00100526
        3030   -0.381068   -0.319532  0.00100513
        3031   -0.368165   -0.319548  0.00100493
        3032   -0.347451   -0.319557  0.00100464
        3033   -0.332606   -0.319562  0.00100432
        3034   -0.349164   -0.319571  0.00100403
        3035   -0.380666   -0.319592  0.00100391
        3036   -0.395075   -0.319616  0.00100388
        3037   -0.395892   -0.319642  0.00100387
        3038   -0.388948   -0.319664  0.00100379
        3039   -0.384993   -0.319686  0.00100369
        3040   -0.386968   -0.319708  0.00100361
        3041   -0.381734   -0.319728  0.00100349
        3042   -0.379056   -0.319748  0.00100335
        3043     -0.3755   -0.319766  0.00100318
        3044   -0.376599   -0.319785  0.00100303
        3045   -0.384288   -0.319806  0.00100292
        3046   -0.412624   -0.319837  0.00100305
        3047   -0.441515   -0.319876  0.00100352
        3048   -0.453651    -0.31992  0.00100415
        3049   -0.446614   -0.319962  0.00100468
        3050   -0.398398   -0.319988  0.00100468
        3051   -0.332988   -0.319992  0.00100436
        3052    -0.33218   -0.319996  0.00100404
        3053   -0.350798   -0.320006  0.00100376
        3054   -0.384382   -0.320027  0.00100365
        3055    -0.41906   -0.320059  0.00100385
        3056   -0.423619   -0.320093  0.00100409
        3057   -0.412416   -0.320124  0.00100422
        3058   -0.387645   -0.320146  0.00100413
        3059   -0.369613   -0.320162  0.00100393
        3060    -0.36121   -0.320175  0.00100369
        3061    -0.37507   -0.320193  0.00100353
        3062   -0.370424    -0.32021  0.00100333
        3063   -0.345102   -0.320218  0.00100304
        3064   -0.355192   -0.320229  0.00100278
        3065   -0.370749   -0.320246  0.00100258
        3066   -0.370845   -0.320262  0.00100239
        3067   -0.364059   -0.320276  0.00100217
        3068   -0.352071   -0.320287   0.0010019
        3069   -0.335616   -0.320292  0.00100158
        3070   -0.318513   -0.320291  0.00100126
        3071   -0.298087   -0.320284  0.00100096
        3072   -0.281129   -0.320271  0.00100071
        3073   -0.282559   -0.320259  0.00100046
        3074    -0.29658   -0.320251  0.00100016
        3075   -0.320321   -0.320251 0.000999839
        3076   -0.334663   -0.320256 0.000999525
        3077   -0.338373   -0.320262 0.000999218
        3078   -0.337716   -0.320267 0.000998909
        3079    -0.33152   -0.320271 0.000998591
        3080   -0.320888   -0.320271 0.000998267
        3081    -0.31041   -0.320268 0.000997948
        3082   -0.291207   -0.320259 0.000997669
        3083   -0.310111   -0.320255 0.000997351
        3084   -0.339161   -0.320261 0.000997046
        3085   -0.334309   -0.320266 0.000996733
        3086   -0.324146   -0.320267 0.000996411
        3087     -0.3093   -0.320264 0.000996095
        3088   -0.319559   -0.320264 0.000995772
        3089   -0.341244    -0.32027 0.000995473
        3090   -0.359045   -0.320283  0.00099523
        3091   -0.365801   -0.320298 0.000995017
        3092    -0.34558   -0.320306 0.000994729
        3093   -0.308022   -0.320302 0.000994415
        3094   -0.319251   -0.320301 0.000994094
        3095   -0.344955   -0.320309 0.000993804
        3096   -0.347108   -0.320318 0.000993521
        3097   -0.339126   -0.320324 0.000993219
        3098   -0.344543   -0.320332 0.000992929
        3099   -0.356733   -0.320344 0.000992678
        3100   -0.361596   -0.320357 0.000992447
        3101   -0.360836    -0.32037 0.000992213
        3102   -0.358361   -0.320382 0.000991969
        3103   -0.354415   -0.320393  0.00099171
        3104   -0.348365   -0.320402 0.000991431
        3105   -0.340943   -0.320409 0.000991134
        3106   -0.336261   -0.320414 0.000990828
        3107   -0.346087   -0.320422 0.000990543
        3108   -0.347101   -0.320431 0.000990262
        3109   -0.323647   -0.320432 0.000989944
        3110   -0.339749   -0.320438 0.000989645
        3111   -0.370054   -0.320454 0.000989455
        3112   -0.384683   -0.320475 0.000989353
        3113   -0.389993   -0.320497 0.000989287
        3114    -0.38607   -0.320518 0.000989193
        3115   -0.374901   -0.320536  0.00098903
        3116   -0.361372   -0.320549 0.000988799
        3117   -0.349209   -0.320558 0.000988525
        3118   -0.352663   -0.320568 0.000988261
        3119   -0.369852   -0.320584 0.000988071
        3120   -0.381763   -0.320604 0.000987949
        3121   -0.370964    -0.32062 0.000987764
        3122   -0.336778   -0.320625 0.000987461
        3123   -0.337626    -0.32063  0.00098716
        3124   -0.336182   -0.320635 0.000986856
        3125   -0.276222   -0.320621 0.000986643
        3126   -0.307754   -0.320617 0.000986336
        3127    -0.33206   -0.320621 0.000986027
        3128   -0.352041   -0.320631 0.000985763
        3129   -0.384754   -0.320651 0.000985661
        3130   -0.391559   -0.320674 0.000985607
        3131   -0.388628   -0.320696 0.000985531
        3132   -0.377088   -0.320714 0.000985381
        3133   -0.357054   -0.320725 0.000985134
        3134   -0.350919   -0.320735 0.000984867
        3135   -0.356289   -0.320746 0.000984618
        3136   -0.357235   -0.320758 0.000984373
        3137   -0.367688   -0.320773 0.000984173
        3138    -0.36398   -0.320786 0.000983956
        3139   -0.349564   -0.320796 0.000983685
        3140   -0.362148   -0.320809  0.00098346
        3141   -0.370316   -0.320825 0.000983273
        3142   -0.339498    -0.32083 0.000982978
        3143   -0.264472   -0.320813 0.000982829
        3144   -0.260044   -0.320793 0.000982706
        3145   -0.317831   -0.320792 0.000982394
        3146   -0.334788   -0.320797 0.000982092
        3147   -0.313924   -0.320795 0.000981782
        3148   -0.287088   -0.320784 0.000981529
        3149   -0.319318   -0.320783 0.000981217
        3150    -0.33945   -0.320789 0.000980924
        3151   -0.338547   -0.320795 0.000980628
        3152   -0.330718   -0.320798 0.000980322
        3153   -0.314499   -0.320796 0.000980014
        3154   -0.289491   -0.320786 0.000979753
        3155   -0.285009   -0.320775 0.000979508
        3156   -0.310971   -0.320772 0.000979203
        3157   -0.329028   -0.320774 0.000978896
        3158   -0.330347   -0.320777 0.000978591
        3159   -0.320995   -0.320777 0.000978281
        3160   -0.306124   -0.320773 0.000977982
        3161   -0.299272   -0.320766 0.000977697
        3162   -0.302522    -0.32076 0.000977404
        3163   -0.313499   -0.320758 0.000977098
        3164   -0.325339   -0.320759  0.00097679
        3165   -0.334512   -0.320764 0.000976491
        3166   -0.342212   -0.320771 0.000976207
        3167   -0.340817   -0.320777 0.000975919
        3168   -0.306954   -0.320772  0.00097562
        3169   -0.272071   -0.320757 0.000975434
        3170   -0.312245   -0.320754  0.00097513
        3171   -0.330283   -0.320757 0.000974827
        3172   -0.331985   -0.320761 0.000974526
        3173   -0.334433   -0.320765 0.000974228
        3174   -0.337364   -0.320771 0.000973935
        3175    -0.33867   -0.320776 0.000973645
        3176   -0.333874    -0.32078 0.000973347
        3177   -0.313897   -0.320778 0.000973043
        3178   -0.293317   -0.320769 0.000972775
        3179   -0.302777   -0.320764 0.000972486
        3180   -0.309037    -0.32076 0.000972187
        3181   -0.313685   -0.320758 0.000971884
        3182   -0.329381   -0.320761 0.000971582
        3183   -0.332584   -0.320764 0.000971284
        3184   -0.327531   -0.320766 0.000970981
        3185   -0.324075   -0.320767 0.000970677
        3186   -0.316502   -0.320766 0.000970373
        3187   -0.299764    -0.32076 0.000970091
        3188   -0.295729   -0.320752 0.000969819
        3189   -0.302278   -0.320746 0.000969532
        3190   -0.322563   -0.320746 0.000969228
        3191   -0.344934   -0.320754 0.000968954
        3192   -0.348472   -0.320763 0.000968689
        3193   -0.335661   -0.320767 0.000968397
        3194   -0.319359   -0.320767 0.000968094
        3195   -0.320565   -0.320767 0.000967791
        3196   -0.337461   -0.320772 0.000967502
        3197   -0.349838   -0.320781 0.000967242
        3198   -0.352266   -0.320791  0.00096699
        3199   -0.351728   -0.320801 0.000966736
        3200   -0.355755   -0.320812 0.000966496
        3201   -0.363498   -0.320825 0.000966286
        3202   -0.369366    -0.32084 0.000966103
        3203   -0.372728   -0.320856 0.000965937
        3204   -0.374815   -0.320873 0.000965783
        3205   -0.371941   -0.320889 0.000965613
        3206   -0.355371     -0.3209 0.000965371
        3207   -0.314356   -0.320898 0.000965072
        3208   -0.279779   -0.320885 0.000964857
        3209   -0.323654   -0.320886 0.000964556
        3210      -0.376   -0.320903 0.000964409
        3211   -0.393752   -0.320926 0.000964375
        3212   -0.387992   -0.320947 0.000964301
        3213   -0.370719   -0.320962 0.000964125
        3214   -0.367922   -0.320977 0.000963936
        3215   -0.375841   -0.320994 0.000963787
        3216   -0.375769   -0.321011 0.000963638
        3217   -0.376978   -0.321028 0.000963496
        3218   -0.379555   -0.321046 0.000963368
        3219   -0.354122   -0.321057 0.000963123
        3220   -0.329075   -0.321059 0.000962827
        3221    -0.38941    -0.32108 0.000962762
        3222   -0.407335   -0.321107 0.000962836
        3223   -0.346264   -0.321115 0.000962569
        3224   -0.341956   -0.321121 0.000962292
        3225   -0.420892   -0.321152  0.00096249
        3226   -0.445788   -0.321191 0.000962967
        3227   -0.434777   -0.321226 0.000963312
        3228   -0.404817   -0.321252 0.000963361
        3229   -0.388729   -0.321273  0.00096329
        3230   -0.412162   -0.321301 0.000963402
        3231   -0.422519   -0.321332 0.000963613
        3232   -0.405632   -0.321359 0.000963668
        3233   -0.393255   -0.321381 0.000963627
        3234    -0.39394   -0.321403  0.00096359
        3235   -0.399707   -0.321427 0.000963596
        3236   -0.412992   -0.321456 0.000963714
        3237   -0.427069   -0.321488 0.000963968
        3238   -0.422443    -0.32152 0.000964174
        3239   -0.390368   -0.321541 0.000964111
        3240   -0.366481   -0.321555 0.000963913
        3241   -0.371967    -0.32157 0.000963741
        3242   -0.380018   -0.321588 0.000963613
        3243     -0.3808   -0.321606 0.000963488
        3244   -0.367296   -0.321621 0.000963294
        3245   -0.343784   -0.321627 0.000963022
        3246   -0.351169   -0.321636 0.000962768
        3247   -0.373698   -0.321653 0.000962605
        3248   -0.378017    -0.32167 0.000962465
        3249   -0.364311   -0.321683 0.000962258
        3250   -0.340085   -0.321689 0.000961979
        3251   -0.319339   -0.321688 0.000961683
        3252   -0.328577    -0.32169  0.00096139
        3253   -0.348556   -0.321698  0.00096113
        3254   -0.341328   -0.321704 0.000960853
        3255   -0.334911   -0.321708 0.000960567
        3256   -0.340384   -0.321714 0.000960289
        3257   -0.343167   -0.321721 0.000960017
        3258   -0.345494   -0.321728  0.00095975
        3259   -0.347827   -0.321736 0.000959489
        3260   -0.349192   -0.321744 0.000959231
        3261   -0.347261   -0.321752 0.000958969
        3262   -0.336335   -0.321757 0.000958685
        3263   -0.312307   -0.321754 0.000958396
        3264   -0.277773    -0.32174 0.000958197
        3265    -0.27657   -0.321727 0.000958003
        3266   -0.320392   -0.321726  0.00095771
        3267   -0.342284   -0.321732 0.000957438
        3268   -0.343792   -0.321739 0.000957169
        3269    -0.32841   -0.321741 0.000956878
        3270    -0.31148   -0.321738  0.00095659
        3271   -0.315684   -0.321736   0.0009563
        3272   -0.307906   -0.321732 0.000956017
        3273   -0.297541   -0.321725 0.000955753
        3274    -0.31628   -0.321723 0.000955463
        3275   -0.334204   -0.321727 0.000955179
        3276   -0.329025   -0.321729  0.00095489
        3277   -0.300197   -0.321722 0.000954621
        3278   -0.270348   -0.321707 0.000954458
        3279   -0.286057   -0.321696 0.000954229
        3280   -0.320651   -0.321696 0.000953938
        3281   -0.338047   -0.321701 0.000953661
        3282   -0.344945   -0.321708 0.000953396
        3283   -0.348402   -0.321716 0.000953141
        3284   -0.343977   -0.321723 0.000952874
        3285   -0.314661    -0.32172 0.000952587
        3286   -0.271873   -0.321705 0.000952418
        3287   -0.284647   -0.321694 0.000952195
        3288   -0.325337   -0.321695 0.000951906
        3289   -0.339214     -0.3217 0.000951631
        3290   -0.328095   -0.321702 0.000951344
        3291   -0.302385   -0.321696 0.000951073
        3292   -0.286909   -0.321686 0.000950843
        3293   -0.296117   -0.321678 0.000950586
        3294   -0.312433   -0.321675 0.000950301
        3295   -0.283182   -0.321664 0.000950085
        3296   -0.312396   -0.321661 0.000949801
        3297   -0.319247    -0.32166 0.000949513
        3298   -0.279686   -0.321647  0.00094931
        3299   -0.297927    -0.32164  0.00094905
        3300   -0.325402   -0.321641 0.000948763
        3301   -0.331093   -0.321644  0.00094848
        3302   -0.322145   -0.321644 0.000948192
        3303   -0.307332    -0.32164 0.000947915
        3304   -0.294163   -0.321632 0.000947665
        3305   -0.279632   -0.321619 0.000947463
        3306   -0.276959   -0.321605 0.000947273
        3307   -0.303109     -0.3216 0.000947003
        3308   -0.319702   -0.321599 0.000946717
        3309   -0.309334   -0.321596 0.000946438
        3310   -0.282643   -0.321584 0.000946225
        3311   -0.292531   -0.321575  0.00094598
        3312   -0.317723   -0.321574 0.000945695
        3313   -0.325848   -0.321575 0.000945411
        3314   -0.328869   -0.321577 0.000945128
        3315   -0.337653   -0.321582 0.000944855
        3316   -0.349333   -0.321591 0.000944608
        3317   -0.346766   -0.321598 0.000944353
        3318   -0.299254   -0.321591 0.000944093
        3319   -0.284486    -0.32158 0.000943874
        3320   -0.339498   -0.321586 0.000943606
        3321   -0.327102   -0.321587 0.000943323
        3322   -0.278872   -0.321574 0.000943127
        3323    -0.29206   -0.321566 0.000942885
        3324   -0.310659   -0.321562 0.000942607
        3325   -0.338885   -0.321568 0.000942337
        3326   -0.374751   -0.321584  0.00094219
        3327   -0.373312   -0.321599 0.000942035
        3328    -0.36599   -0.321612 0.000941846
        3329   -0.371573   -0.321627 0.000941683
        3330   -0.379082   -0.321645 0.000941558
        3331   -0.372715    -0.32166   0.0009414
        3332   -0.360196   -0.321672 0.000941189
        3333   -0.368125   -0.321685  0.00094101
        3334   -0.392462   -0.321707 0.000940967
        3335   -0.398422    -0.32173 0.000940966
        3336   -0.375853   -0.321746 0.000940824
        3337   -0.367914    -0.32176 0.000940643
        3338    -0.37182   -0.321775 0.000940481
        3339    -0.37376    -0.32179 0.000940328
        3340   -0.377522   -0.321807 0.000940195
        3341   -0.393903   -0.321829 0.000940161
        3342   -0.420374   -0.321858 0.000940342
        3343   -0.424875   -0.321889 0.000940565
        3344   -0.389232   -0.321909   0.0009405
        3345   -0.349495   -0.321917 0.000940255
        3346   -0.376129   -0.321934 0.000940113
        3347   -0.413183   -0.321961 0.000940228
        3348   -0.427039   -0.321992 0.000940471
        3349   -0.418321   -0.322021 0.000940629
        3350   -0.370841   -0.322035 0.000940462
        3351   -0.309776   -0.322032 0.000940188
        3352    -0.32598   -0.322033 0.000939908
        3353   -0.369102   -0.322047 0.000939733
        3354   -0.402727   -0.322071  0.00093976
        3355   -0.396497   -0.322093 0.000939742
        3356   -0.361253   -0.322105 0.000939535
        3357   -0.350553   -0.322113 0.000939293
        3358   -0.372256   -0.322128 0.000939132
        3359   -0.385113   -0.322147 0.000939039
        3360   -0.385041   -0.322166 0.000938947
        3361   -0.378545   -0.322183 0.000938817
        3362   -0.368296   -0.322196 0.000938638
        3363   -0.360806   -0.322208 0.000938429
        3364   -0.364551    -0.32222 0.000938234
        3365   -0.373104   -0.322236 0.000938077
        3366   -0.373518   -0.322251 0.000937923
        3367   -0.357833   -0.322261 0.000937703
        3368   -0.335588   -0.322265 0.000937433
        3369   -0.338039    -0.32227 0.000937167
        3370   -0.354545    -0.32228 0.000936938
        3371   -0.353814   -0.322289 0.000936706
        3372   -0.327897   -0.322291  0.00093643
        3373   -0.308344   -0.322286 0.000936162
        3374   -0.330159   -0.322289 0.000935887
        3375   -0.356155   -0.322299 0.000935664
        3376   -0.365643   -0.322312 0.000935475
        3377    -0.37021   -0.322326 0.000935305
        3378   -0.373687   -0.322341 0.000935152
        3379   -0.374333   -0.322356 0.000935002
        3380   -0.369777    -0.32237  0.00093483
        3381      -0.356    -0.32238 0.000934607
        3382   -0.340786   -0.322386 0.000934346
        3383   -0.341436   -0.322391 0.000934087
        3384   -0.349234   -0.322399 0.000933845
        3385   -0.359161    -0.32241 0.000933632
        3386   -0.366144   -0.322423 0.000933445
        3387   -0.357316   -0.322433 0.000933227
        3388   -0.322425   -0.322433 0.000932951
        3389   -0.289708   -0.322424 0.000932726
        3390   -0.303037   -0.322418 0.000932468
        3391   -0.323396   -0.322418 0.000932193
        3392   -0.325427   -0.322419 0.000931919
        3393   -0.326646    -0.32242 0.000931645
        3394   -0.335776   -0.322424 0.000931379
        3395   -0.321924   -0.322424 0.000931105
        3396   -0.289338   -0.322415 0.000930881
        3397   -0.328114   -0.322416 0.000930609
        3398   -0.354141   -0.322426 0.000930382
        3399    -0.35567   -0.322435  0.00093016
        3400   -0.353894   -0.322445 0.000929932
        3401   -0.352783   -0.322454 0.000929701
        3402   -0.349691   -0.322462 0.000929462
        3403   -0.341025   -0.322467 0.000929205
        3404   -0.332059    -0.32247 0.000928937
        3405   -0.336739   -0.322474 0.000928673
        3406   -0.350285   -0.322482 0.000928437
        3407   -0.356587   -0.322492 0.000928218
        3408    -0.35492   -0.322502 0.000927994
        3409   -0.357099   -0.322512 0.000927778
        3410   -0.363514   -0.322524 0.000927584
        3411   -0.358957   -0.322535 0.000927373
        3412   -0.342076    -0.32254 0.000927119
        3413   -0.348746   -0.322548 0.000926879
        3414   -0.369316   -0.322562 0.000926709
        3415   -0.375759   -0.322577 0.000926568
        3416   -0.375254   -0.322593 0.000926425
        3417   -0.375053   -0.322608 0.000926282
        3418    -0.37733   -0.322624 0.000926149
        3419   -0.380491   -0.322641 0.000926033
        3420   -0.375279   -0.322656  0.00092589
        3421   -0.357494   -0.322666 0.000925675
        3422   -0.350907   -0.322675 0.000925441
        3423   -0.360024   -0.322686 0.000925235
        3424   -0.363005   -0.322697  0.00092504
        3425   -0.316295   -0.322696 0.000924772
        3426   -0.257284   -0.322676 0.000924699
        3427   -0.278346   -0.322664  0.00092452
        3428   -0.334308   -0.322667 0.000924256
        3429   -0.379553   -0.322684 0.000924136
        3430   -0.393945   -0.322704   0.0009241
        3431   -0.385188   -0.322723  0.00092401
        3432   -0.326549   -0.322724 0.000923741
        3433   -0.245285   -0.322701 0.000923747
        3434   -0.283622    -0.32269 0.000923549
        3435   -0.325873   -0.322691  0.00092328
        3436   -0.339416   -0.322695 0.000923024
        3437   -0.351638   -0.322704 0.000922794
        3438   -0.350697   -0.322712 0.000922562
        3439    -0.33292   -0.322715 0.000922298
        3440   -0.305365    -0.32271 0.000922044
        3441   -0.257337   -0.322691 0.000921972
        3442   -0.295839   -0.322683 0.000921737
        3443   -0.358774   -0.322694 0.000921529
        3444   -0.377915    -0.32271 0.000921401
        3445   -0.374994   -0.322725 0.000921258
        3446   -0.360339   -0.322736 0.000921055
        3447   -0.351003   -0.322744 0.000920825
        3448   -0.363149   -0.322756 0.000920632
        3449   -0.361405   -0.322767 0.000920433
        3450   -0.335917   -0.322771 0.000920175
        3451   -0.333796   -0.322774 0.000919913
        3452   -0.335713   -0.322778 0.000919655
        3453   -0.365723    -0.32279 0.000919472
        3454   -0.395461   -0.322811 0.000919447
        3455   -0.399557   -0.322833 0.000919449
        3456   -0.389382   -0.322853 0.000919385
        3457   -0.387051   -0.322871 0.000919306
        3458   -0.393137   -0.322891 0.000919265
        3459   -0.386927    -0.32291 0.000919185
        3460   -0.372452   -0.322924 0.000919031
        3461    -0.37186   -0.322938 0.000918875
        3462   -0.383426   -0.322956 0.000918775
        3463   -0.391052   -0.322976  0.00091872
        3464   -0.391026   -0.322995 0.000918665
        3465   -0.385192   -0.323013 0.000918575
        3466   -0.377199   -0.323029 0.000918443
        3467    -0.37317   -0.323043 0.000918292
        3468   -0.371638   -0.323057 0.000918134
        3469   -0.364282   -0.323069 0.000917947
        3470   -0.327339    -0.32307 0.000917683
        3471   -0.266799   -0.323054 0.000917562
        3472   -0.287733   -0.323044 0.000917354
        3473   -0.334176   -0.323047 0.000917095
        3474   -0.362135   -0.323058   0.0009169
        3475   -0.381995   -0.323075 0.000916793
        3476   -0.385981   -0.323094 0.000916708
        3477   -0.363297   -0.323105 0.000916517
        3478   -0.340105    -0.32311 0.000916267
        3479   -0.348837   -0.323117 0.000916033
        3480   -0.355771   -0.323127 0.000915818
        3481    -0.34923   -0.323134 0.000915586
        3482   -0.337718   -0.323138 0.000915333
        3483   -0.330378   -0.323141 0.000915072
        3484    -0.32015    -0.32314  0.00091481
        3485   -0.282395   -0.323128 0.000914622
        3486   -0.235253   -0.323103 0.000914707
        3487   -0.291265   -0.323094  0.00091449
        3488    -0.33738   -0.323098 0.000914237
        3489   -0.368277   -0.323111 0.000914067
        3490   -0.389459    -0.32313 0.000914003
        3491   -0.393393    -0.32315 0.000913962
        3492   -0.361168   -0.323161 0.000913766
        3493   -0.273297   -0.323146 0.000913615
        3494   -0.251873   -0.323126 0.000913582
        3495   -0.328219   -0.323128 0.000913321
        3496   -0.381866   -0.323144 0.000913215
        3497   -0.404093   -0.323167 0.000913247
        3498   -0.391715   -0.323187 0.000913196
        3499   -0.329648   -0.323189 0.000912937
        3500   -0.319853   -0.323188 0.000912677
        3501   -0.386151   -0.323206 0.000912593
        3502   -0.421918   -0.323234 0.000912768
        3503   -0.424056   -0.323263 0.000912961
        3504   -0.405828   -0.323286 0.000913004
        3505   -0.370189     -0.3233 0.000912842
        3506   -0.347408   -0.323307 0.000912607
        3507   -0.377183   -0.323322 0.000912476
        3508   -0.418206   -0.323349 0.000912617
        3509   -0.405954   -0.323373 0.000912661
        3510   -0.334501   -0.323376 0.000912406
        3511    -0.32163   -0.323375 0.000912146
        3512   -0.382638   -0.323392 0.000912043
        3513   -0.425032   -0.323421 0.000912242
        3514    -0.44457   -0.323456 0.000912633
        3515   -0.440607   -0.323489 0.000912982
        3516   -0.447198   -0.323524   0.0009134
        3517    -0.47454   -0.323567 0.000914149
        3518   -0.492998   -0.323615 0.000915157
        3519   -0.483068   -0.323661 0.000916018
        3520   -0.463136     -0.3237 0.000916615
        3521   -0.472991   -0.323743 0.000917334
        3522   -0.476856   -0.323786 0.000918103
        3523   -0.479996    -0.32383 0.000918913
        3524   -0.445879   -0.323865 0.000919305
        3525   -0.378476   -0.323881 0.000919174
        3526   -0.383254   -0.323897 0.000919068
        3527   -0.441352   -0.323931  0.00091941
        3528   -0.472739   -0.323973 0.000920117
        3529   -0.475808   -0.324016 0.000920862
        3530   -0.468118   -0.324057 0.000921505
        3531   -0.456869   -0.324094 0.000922011
        3532   -0.446501   -0.324129 0.000922401
        3533   -0.440765   -0.324162 0.000922731
        3534   -0.438544   -0.324194 0.000923037
        3535   -0.434439   -0.324226 0.000923303
        3536   -0.424813   -0.324254  0.00092348
        3537   -0.417704    -0.32428 0.000923597
        3538    -0.42371   -0.324308 0.000923763
        3539   -0.430485   -0.324338 0.000923989
        3540   -0.419955   -0.324365 0.000924123
        3541   -0.397991   -0.324386 0.000924096
        3542   -0.388223   -0.324404 0.000924011
        3543    -0.39377   -0.324424 0.000923957
        3544   -0.398563   -0.324445 0.000923933
        3545   -0.373983   -0.324459 0.000923778
        3546   -0.343577   -0.324464 0.000923533
        3547   -0.378274   -0.324479 0.000923398
        3548   -0.406261   -0.324502 0.000923425
        3549   -0.403164   -0.324525 0.000923431
        3550   -0.394608   -0.324544 0.000923382
        3551    -0.38781   -0.324562 0.000923294
        3552     -0.3442   -0.324568  0.00092305
        3553   -0.321366   -0.324567 0.000922791
        3554   -0.346208   -0.324573 0.000922551
        3555   -0.372965   -0.324586 0.000922392
        3556     -0.3996   -0.324608 0.000922374
        3557   -0.410929   -0.324632 0.000922434
        3558   -0.402574   -0.324654 0.000922435
        3559   -0.376738   -0.324668 0.000922292
        3560   -0.333236   -0.324671 0.000922036
        3561   -0.290524   -0.324661 0.000921827
        3562   -0.294975   -0.324653 0.000921605
        3563   -0.332767   -0.324655  0.00092135
        3564    -0.36289   -0.324666 0.000921154
        3565   -0.373845    -0.32468 0.000920998
        3566   -0.367431   -0.324692 0.000920818
        3567   -0.347531   -0.324698 0.000920582
        3568   -0.340665   -0.324703 0.000920335
        3569   -0.362284   -0.324713 0.000920138
        3570   -0.380398   -0.324729 0.000920012
        3571   -0.387017   -0.324746  0.00091992
        3572   -0.389855   -0.324764 0.000919843
        3573    -0.38115    -0.32478 0.000919721
        3574   -0.349038   -0.324787 0.000919488
        3575   -0.300179    -0.32478 0.000919257
        3576   -0.281204   -0.324768 0.000919081
        3577   -0.320784   -0.324767 0.000918824
        3578    -0.36151   -0.324777 0.000918625
        3579   -0.372252    -0.32479 0.000918464
        3580   -0.370798   -0.324803 0.000918297
        3581    -0.36998   -0.324816 0.000918128
        3582   -0.367554   -0.324828 0.000917949
        3583   -0.360564   -0.324838 0.000917747
        3584   -0.352794   -0.324845 0.000917524
        3585   -0.350949   -0.324853 0.000917297
        3586   -0.353997   -0.324861 0.000917077
        3587    -0.35059   -0.324868 0.000916849
        3588   -0.323421   -0.324868 0.000916594
        3589     -0.3087   -0.324863  0.00091635
        3590   -0.333337   -0.324865 0.000916097
        3591   -0.314353   -0.324862 0.000915847
        3592    -0.31415    -0.32486 0.000915597
        3593   -0.328691   -0.324861 0.000915343
        3594   -0.337068   -0.324864 0.000915094
        3595   -0.343223   -0.324869 0.000914854
        3596   -0.338879   -0.324873 0.000914608
        3597   -0.331446   -0.324875 0.000914356
        3598   -0.331951   -0.324877 0.000914103
        3599   -0.332471   -0.324879 0.000913852
        3600   -0.311633   -0.324875 0.000913605
        3601   -0.287889   -0.324865  0.00091341
        3602   -0.324875   -0.324865 0.000913156
        3603   -0.351001   -0.324872 0.000912931
        3604   -0.346493   -0.324878 0.000912698
        3605   -0.328003   -0.324879 0.000912445
        3606   -0.311341   -0.324875   0.0009122
        3607    -0.28833   -0.324865 0.000912003
        3608   -0.249866   -0.324844 0.000911987
        3609   -0.287197   -0.324834 0.000911794
        3610   -0.347795    -0.32484 0.000911564
        3611   -0.359435    -0.32485 0.000911362
        3612   -0.350513   -0.324857 0.000911137
        3613   -0.341194   -0.324862 0.000910896
        3614   -0.340183   -0.324866 0.000910654
        3615   -0.344096   -0.324871 0.000910417
        3616   -0.343555   -0.324876  0.00091018
        3617   -0.334434   -0.324879 0.000909933
        3618   -0.322695   -0.324878 0.000909681
        3619    -0.31246   -0.324875 0.000909436
        3620   -0.308494    -0.32487 0.000909196
        3621   -0.312745   -0.324867 0.000908951
        3622   -0.327823   -0.324868 0.000908701
        3623   -0.356877   -0.324877 0.000908493
        3624   -0.363803   -0.324887 0.000908306
        3625   -0.356205   -0.324896 0.000908096
        3626   -0.351497   -0.324903 0.000907875
        3627   -0.339758   -0.324907 0.000907634
        3628   -0.325335   -0.324908 0.000907384
        3629   -0.333176    -0.32491 0.000907137
        3630   -0.361493    -0.32492 0.000906943
        3631   -0.384877   -0.324936 0.000906844
        3632   -0.388481   -0.324954 0.000906763
        3633   -0.363139   -0.324964 0.000906574
        3634   -0.315619   -0.324962 0.000906328
        3635   -0.254908   -0.324943 0.000906284
        3636   -0.236145   -0.324918 0.000906364
        3637   -0.286202   -0.324908 0.000906177
        3638   -0.315963   -0.324905 0.000905931
        3639   -0.331025   -0.324907 0.000905684
        3640    -0.34211   -0.324911 0.000905447
        3641   -0.347799   -0.324918  0.00090522
        3642   -0.345534   -0.324923  0.00090499
        3643   -0.339669   -0.324927  0.00090475
        3644   -0.337175   -0.324931 0.000904508
        3645   -0.337247   -0.324934 0.000904266
        3646    -0.33003   -0.324936 0.000904019
        3647   -0.318556   -0.324934 0.000903773
        3648   -0.329751   -0.324935 0.000903526
        3649   -0.345673   -0.324941 0.000903297
        3650   -0.327074   -0.324941 0.000903049
        3651   -0.271933   -0.324927 0.000902919
        3652   -0.296722   -0.324919 0.000902704
        3653   -0.358905   -0.324929 0.000902505
        3654   -0.366517    -0.32494  0.00090233
        3655   -0.330873   -0.324942 0.000902085
        3656   -0.290278   -0.324932 0.000901888
        3657   -0.305942   -0.324927 0.000901656
        3658   -0.364677   -0.324938 0.000901475
        3659   -0.392082   -0.324956 0.000901415
        3660   -0.380736   -0.324971 0.000901298
        3661   -0.360669   -0.324981 0.000901105
        3662   -0.370603   -0.324994 0.000900945
        3663   -0.382438   -0.325009 0.000900835
        3664    -0.38354   -0.325025 0.000900731
        3665   -0.386253   -0.325042  0.00090064
        3666   -0.392743    -0.32506 0.000900584
        3667   -0.399237   -0.325081 0.000900565
        3668   -0.401357   -0.325101  0.00090056
        3669   -0.389179   -0.325119 0.000900484
        3670   -0.369185   -0.325131 0.000900318
        3671   -0.391624   -0.325149 0.000900255
        3672    -0.41755   -0.325174 0.000900362
        3673   -0.418273   -0.325199 0.000900473
        3674   -0.414051   -0.325224 0.000900553
        3675   -0.418757   -0.325249 0.000900667
        3676   -0.422541   -0.325276 0.000900811
        3677   -0.423207   -0.325302  0.00090096
        3678    -0.42825    -0.32533  0.00090115
        3679   -0.435278    -0.32536   0.0009014
        3680   -0.435401    -0.32539 0.000901651
        3681   -0.417732   -0.325415 0.000901755
        3682   -0.394467   -0.325434 0.000901705
        3683   -0.407332   -0.325456 0.000901734
        3684      -0.416   -0.325481 0.000901824
        3685   -0.385323   -0.325497 0.000901726
        3686   -0.400545   -0.325517 0.000901711
        3687   -0.416548   -0.325542 0.000901804
        3688   -0.386242   -0.325558  0.00090171
        3689   -0.364819   -0.325569 0.000901529
        3690   -0.357375   -0.325578 0.000901325
        3691    -0.39066   -0.325595 0.000901254
        3692    -0.41554    -0.32562 0.000901339
        3693   -0.396234   -0.325639 0.000901297
        3694   -0.351337   -0.325646  0.00090108
        3695   -0.360543   -0.325655 0.000900886
        3696   -0.383811   -0.325671  0.00090078
        3697   -0.384938   -0.325687 0.000900679
        3698   -0.376746   -0.325701 0.000900541
        3699   -0.352884   -0.325708 0.000900327
        3700    -0.30656   -0.325703 0.000900099
        3701   -0.296194   -0.325695 0.000899891
        3702   -0.314646   -0.325692 0.000899653
        3703   -0.330581   -0.325693 0.000899411
        3704   -0.342278   -0.325698 0.000899179
        3705   -0.347431   -0.325704 0.000898956
        3706   -0.350509    -0.32571 0.000898738
        3707   -0.350646   -0.325717 0.000898521
        3708   -0.339786   -0.325721 0.000898286
        3709    -0.31906   -0.325719 0.000898046
        3710   -0.317596   -0.325717 0.000897807
        3711   -0.330158   -0.325718 0.000897566
        3712   -0.336123   -0.325721 0.000897328
        3713   -0.337683   -0.325724 0.000897092
        3714   -0.336398   -0.325727 0.000896855
        3715   -0.323477   -0.325726 0.000896614
        3716   -0.297557   -0.325719 0.000896405
        3717   -0.294983    -0.32571 0.000896202
        3718    -0.30515   -0.325705 0.000895978
        3719   -0.311828   -0.325701 0.000895745
        3720   -0.309934   -0.325697 0.000895514
        3721   -0.299216    -0.32569 0.000895302
        3722   -0.284242   -0.325679  0.00089513
        3723   -0.278198   -0.325666 0.000894981
        3724   -0.288013   -0.325656 0.000894797
        3725   -0.322195   -0.325655 0.000894558
        3726   -0.344604    -0.32566 0.000894332
        3727   -0.350838   -0.325667 0.000894118
        3728   -0.336713    -0.32567 0.000893883
        3729   -0.284282   -0.325659 0.000893712
        3730   -0.250657   -0.325639 0.000893698
        3731   -0.287683   -0.325628 0.000893517
        3732   -0.315442   -0.325626 0.000893282
        3733   -0.314297   -0.325623 0.000893047
        3734   -0.319133   -0.325621  0.00089281
        3735   -0.338322   -0.325624 0.000892577
        3736   -0.344389   -0.325629 0.000892353
        3737   -0.333937   -0.325631 0.000892117
        3738   -0.294543   -0.325623 0.000891917
        3739   -0.306879   -0.325618 0.000891692
        3740    -0.33752   -0.325621  0.00089146
        3741   -0.342142   -0.325626 0.000891232
        3742   -0.337008   -0.325629 0.000890999
        3743   -0.350247   -0.325635 0.000890785
        3744   -0.366254   -0.325646 0.000890614
        3745   -0.370547   -0.325658 0.000890456
        3746    -0.36706   -0.325669 0.000890287
        3747   -0.355657   -0.325677 0.000890086
        3748   -0.338614   -0.325681 0.000889855
        3749    -0.32921   -0.325682 0.000889618
        3750   -0.331431   -0.325683 0.000889382
        3751   -0.342776   -0.325688 0.000889157
        3752   -0.360815   -0.325697 0.000888969
        3753   -0.367922   -0.325708 0.000888803
        3754   -0.359566   -0.325717 0.000888612
        3755   -0.347649   -0.325723 0.000888395
        3756   -0.338979   -0.325727 0.000888165
        3757   -0.325624   -0.325727 0.000887929
        3758   -0.311349   -0.325723 0.000887701
        3759   -0.319077   -0.325721 0.000887467
        3760   -0.336241   -0.325724 0.000887235
        3761   -0.336065   -0.325727 0.000887003
        3762   -0.324822   -0.325726 0.000886768
        3763   -0.325108   -0.325726 0.000886532
        3764   -0.335402   -0.325729   0.0008863
        3765   -0.340857   -0.325733 0.000886074
        3766    -0.33349   -0.325735 0.000885841
        3767   -0.319196   -0.325733 0.000885607
        3768   -0.324921   -0.325733 0.000885372
        3769   -0.342422   -0.325737 0.000885149
        3770   -0.347508   -0.325743 0.000884933
        3771   -0.342792   -0.325748  0.00088471
        3772   -0.339129   -0.325751 0.000884482
        3773   -0.337606   -0.325754 0.000884253
        3774   -0.337861   -0.325758 0.000884025
        3775   -0.348295   -0.325764 0.000883811
        3776   -0.359219   -0.325772 0.000883621
        3777   -0.356796   -0.325781 0.000883425
        3778   -0.341024   -0.325785 0.000883201
        3779   -0.317316   -0.325782  0.00088297
        3780   -0.292147   -0.325774 0.000882781
        3781   -0.294042   -0.325765 0.000882587
        3782   -0.326287   -0.325765 0.000882354
        3783   -0.340094   -0.325769 0.000882129
        3784   -0.339871   -0.325773 0.000881904
        3785   -0.345852   -0.325778 0.000881687
        3786   -0.356164   -0.325786  0.00088149
        3787   -0.362703   -0.325796 0.000881311
        3788   -0.363117   -0.325806 0.000881134
        3789   -0.355336   -0.325814 0.000880936
        3790   -0.333132   -0.325815 0.000880706
        3791   -0.293931   -0.325807 0.000880513
        3792   -0.279501   -0.325795 0.000880366
        3793   -0.308173    -0.32579 0.000880146
        3794   -0.339788   -0.325794 0.000879922
        3795   -0.352369   -0.325801 0.000879718
        3796   -0.357702   -0.325809 0.000879526
        3797   -0.362923   -0.325819 0.000879349
        3798   -0.360984   -0.325828 0.000879166
        3799   -0.353009   -0.325835 0.000878964
        3800    -0.34269    -0.32584 0.000878744
        3801   -0.334856   -0.325842 0.000878516
        3802   -0.335291   -0.325845 0.000878288
        3803   -0.339118   -0.325848 0.000878064
        3804   -0.329033   -0.325849 0.000877834
        3805   -0.303888   -0.325843 0.000877622
        3806   -0.318795   -0.325841 0.000877393
        3807   -0.339934   -0.325845 0.000877171
        3808   -0.339708   -0.325849 0.000876948
        3809   -0.328921    -0.32585 0.000876718
        3810   -0.320361   -0.325848 0.000876489
        3811   -0.320632   -0.325847  0.00087626
        3812   -0.322908   -0.325846 0.000876031
        3813   -0.318261   -0.325844 0.000875803
        3814    -0.31078    -0.32584 0.000875582
        3815    -0.31921   -0.325838 0.000875355
        3816   -0.336042   -0.325841 0.000875129
        3817   -0.344732   -0.325846 0.000874914
        3818   -0.338412   -0.325849 0.000874691
        3819   -0.330932   -0.325851 0.000874463
        3820    -0.33881   -0.325854 0.000874241
        3821   -0.353397   -0.325861 0.000874042
        3822    -0.35479   -0.325869 0.000873846
        3823   -0.361856   -0.325878 0.000873668
        3824   -0.370847    -0.32589 0.000873518
        3825   -0.363086     -0.3259 0.000873344
        3826   -0.371463   -0.325912 0.000873197
        3827   -0.398731   -0.325931 0.000873176
        3828   -0.413874   -0.325954  0.00087325
        3829   -0.414284   -0.325977 0.000873327
        3830   -0.398443   -0.325996 0.000873304
        3831    -0.36609   -0.326006 0.000873139
        3832   -0.375758   -0.326019 0.000873007
        3833   -0.388388   -0.326035 0.000872931
        3834   -0.372774   -0.326047 0.000872789
        3835   -0.364326   -0.326057 0.000872618
        3836   -0.375195    -0.32607 0.000872485
        3837   -0.392468   -0.326088 0.000872429
        3838   -0.404915   -0.326108 0.000872443
        3839   -0.409182    -0.32613 0.000872484
        3840   -0.396257   -0.326148 0.000872448
        3841   -0.370321    -0.32616 0.000872297
        3842   -0.366943    -0.32617 0.000872134
        3843   -0.369856   -0.326182 0.000871981
        3844   -0.358868    -0.32619 0.000871796
        3845   -0.337688   -0.326193 0.000871574
        3846   -0.319537   -0.326191  0.00087135
        3847   -0.351752   -0.326198 0.000871148
        3848   -0.379097   -0.326212  0.00087103
        3849   -0.373663   -0.326224 0.000870891
        3850   -0.338464   -0.326227 0.000870671
        3851   -0.305249   -0.326222 0.000870462
        3852   -0.322809   -0.326221 0.000870236
        3853    -0.36065    -0.32623 0.000870056
        3854   -0.384098   -0.326245  0.00086996
        3855   -0.389708   -0.326261  0.00086989
        3856   -0.385797   -0.326277 0.000869802
        3857   -0.381802   -0.326291 0.000869695
        3858   -0.373448   -0.326303 0.000869556
        3859   -0.376784   -0.326316 0.000869429
        3860   -0.399074   -0.326335 0.000869408
        3861   -0.401432   -0.326355   0.0008694
        3862   -0.379842   -0.326369 0.000869286
        3863   -0.364543   -0.326378 0.000869117
        3864   -0.384576   -0.326393 0.000869022
        3865   -0.403296   -0.326413 0.000869025
        3866   -0.371251   -0.326425 0.000868878
        3867   -0.353126   -0.326432  0.00086868
        3868   -0.388948   -0.326448 0.000868606
        3869   -0.388167   -0.326464 0.000868528
        3870   -0.396257   -0.326482 0.000868491
        3871   -0.404387   -0.326502   0.0008685
        3872   -0.375194   -0.326515 0.000868367
        3873   -0.360374   -0.326523 0.000868186
        3874   -0.383937   -0.326538 0.000868089
        3875   -0.379027   -0.326552  0.00086797
        3876   -0.356028   -0.326559  0.00086778
        3877   -0.352039   -0.326566 0.000867581
        3878   -0.362763   -0.326575 0.000867407
        3879   -0.369599   -0.326586 0.000867255
        3880   -0.371584   -0.326598 0.000867109
        3881   -0.363569   -0.326608 0.000866937
        3882   -0.346666   -0.326613  0.00086673
        3883   -0.345346   -0.326618  0.00086652
        3884   -0.357223   -0.326625 0.000866333
        3885   -0.361293   -0.326634 0.000866155
        3886   -0.357594   -0.326642 0.000865969
        3887   -0.348077   -0.326648 0.000865764
        3888   -0.331569   -0.326649 0.000865542
        3889   -0.309366   -0.326645 0.000865331
        3890   -0.297423   -0.326637 0.000865141
        3891   -0.316846   -0.326635 0.000864923
        3892   -0.341128   -0.326638 0.000864708
        3893   -0.347933   -0.326644 0.000864504
        3894   -0.342578   -0.326648 0.000864291
        3895   -0.336926   -0.326651 0.000864073
        3896   -0.339878   -0.326654 0.000863858
        3897    -0.34753   -0.326659 0.000863653
        3898   -0.340781   -0.326663 0.000863439
        3899   -0.310464   -0.326659 0.000863228
        3900   -0.310153   -0.326655 0.000863017
        3901   -0.323822   -0.326654 0.000862796
        3902   -0.292759   -0.326645 0.000862618
        3903   -0.313148   -0.326642 0.000862404
        3904   -0.315885   -0.326639 0.000862188
        3905   -0.293857   -0.326631 0.000862008
        3906   -0.306451   -0.326625 0.000861803
        3907   -0.327245   -0.326626 0.000861582
        3908   -0.331053   -0.326627 0.000861362
        3909   -0.326491   -0.326627 0.000861142
        3910   -0.323449   -0.326626 0.000860922
        3911   -0.324953   -0.326625 0.000860702
        3912   -0.329467   -0.326626 0.000860483
        3913   -0.332538   -0.326628 0.000860264
        3914   -0.331538   -0.326629 0.000860045
        3915   -0.328629   -0.326629 0.000859826
        3916    -0.32936    -0.32663 0.000859606
        3917   -0.334233   -0.326632 0.000859389
        3918   -0.338589   -0.326635 0.000859175
        3919   -0.341798   -0.326639 0.000858965
        3920    -0.34635   -0.326644  0.00085876
        3921   -0.351303    -0.32665 0.000858564
        3922    -0.35111   -0.326656 0.000858368
        3923   -0.340746    -0.32666 0.000858157
        3924   -0.326342    -0.32666 0.000857938
        3925   -0.320502   -0.326658 0.000857721
        3926   -0.330901    -0.32666 0.000857503
        3927   -0.346528   -0.326665   0.0008573
        3928   -0.356755   -0.326672 0.000857115
        3929   -0.360397   -0.326681  0.00085694
        3930   -0.362015    -0.32669 0.000856769
        3931   -0.344219   -0.326694 0.000856563
        3932    -0.28846   -0.326685   0.0008564
        3933   -0.278713   -0.326672  0.00085627
        3934   -0.324945   -0.326672 0.000856052
        3935   -0.350788   -0.326678 0.000855856
        3936   -0.346747   -0.326683 0.000855654
        3937   -0.319116   -0.326681 0.000855439
        3938   -0.288021   -0.326671 0.000855278
        3939   -0.299534   -0.326665 0.000855089
        3940   -0.332453   -0.326666 0.000854873
        3941   -0.346529   -0.326671 0.000854671
        3942   -0.348288   -0.326676 0.000854472
        3943   -0.342163    -0.32668 0.000854264
        3944   -0.326685    -0.32668 0.000854047
        3945   -0.303798   -0.326675 0.000853851
        3946   -0.257401   -0.326657 0.000853815
        3947   -0.246005   -0.326637 0.000853843
        3948   -0.298419   -0.326629 0.000853656
        3949   -0.316898   -0.326627 0.000853444
        3950   -0.319557   -0.326625  0.00085323
        3951   -0.319462   -0.326623 0.000853016
        3952   -0.319993   -0.326622 0.000852801
        3953   -0.323529   -0.326621 0.000852586
        3954   -0.329318   -0.326622 0.000852371
        3955   -0.333875   -0.326623 0.000852157
        3956   -0.337926   -0.326626 0.000851947
        3957   -0.341154    -0.32663 0.000851739
        3958   -0.332438   -0.326631 0.000851525
        3959   -0.296563   -0.326624 0.000851344
        3960   -0.249559   -0.326604 0.000851351
        3961   -0.240105   -0.326583 0.000851416
        3962   -0.274103   -0.326569 0.000851305
        3963   -0.315316   -0.326566 0.000851095
        3964   -0.332052   -0.326568 0.000850881
        3965    -0.33249   -0.326569 0.000850668
        3966   -0.330468    -0.32657 0.000850454
        3967   -0.330485   -0.326571  0.00085024
        3968   -0.329848   -0.326572 0.000850026
        3969   -0.324767   -0.326572 0.000849812
        3970   -0.320354    -0.32657 0.000849599
        3971   -0.324409    -0.32657 0.000849386
        3972   -0.322717   -0.326569 0.000849172
        3973   -0.302245   -0.326563 0.000848981
        3974    -0.28196   -0.326551 0.000848841
        3975   -0.287503   -0.326541 0.000848685
        3976   -0.303786   -0.326536  0.00084849
        3977   -0.314916   -0.326533 0.000848282
        3978   -0.319007   -0.326531 0.000848071
        3979   -0.319237   -0.326529  0.00084786
        3980   -0.313384   -0.326526 0.000847653
        3981   -0.312147   -0.326522 0.000847448
        3982   -0.324236   -0.326522 0.000847235
        3983   -0.328133   -0.326522 0.000847023
        3984   -0.327601   -0.326522  0.00084681
        3985   -0.328489   -0.326523 0.000846598
        3986    -0.31189   -0.326519 0.000846393
        3987   -0.291544    -0.32651 0.000846227
        3988   -0.314449   -0.326507  0.00084602
        3989   -0.306535   -0.326502 0.000845822
        3990   -0.281362   -0.326491 0.000845686
        3991   -0.317874   -0.326489 0.000845477
        3992   -0.331364    -0.32649 0.000845266
        3993   -0.325438    -0.32649 0.000845054
        3994   -0.308178   -0.326485 0.000844855
        3995   -0.299442   -0.326478 0.000844671
        3996   -0.307412   -0.326474 0.000844473
        3997   -0.317103   -0.326471 0.000844265
        3998   -0.323706   -0.326471 0.000844054
        3999   -0.326035   -0.326471 0.000843843
        4000   -0.315196   -0.326468 0.000843637
        4001    -0.29723    -0.32646 0.000843458
        4002   -0.296117   -0.326453 0.000843281
        4003   -0.306349   -0.326448 0.000843085
        4004   -0.302658   -0.326442 0.000842896
        4005   -0.306045   -0.326437   0.0008427
        4006   -0.330627   -0.326438 0.000842491
        4007   -0.345038   -0.326442 0.000842293
        4008   -0.346893   -0.326448 0.000842099
        4009   -0.337652    -0.32645 0.000841893
        4010   -0.308492   -0.326446 0.000841695
        4011   -0.274477   -0.326433 0.000841585
        4012   -0.285876   -0.326423 0.000841436
        4013   -0.320685   -0.326421 0.000841228
        4014   -0.345614   -0.326426 0.000841032
        4015   -0.356002   -0.326434 0.000840854
        4016   -0.348807   -0.326439 0.000840663
        4017   -0.325808   -0.326439 0.000840454
        4018   -0.317138   -0.326437 0.000840248
        4019   -0.335741   -0.326439 0.000840042
        4020    -0.34523   -0.326444 0.000839846
        4021   -0.288981   -0.326434 0.000839689
        4022   -0.195852   -0.326402 0.000840108
        4023   -0.291446   -0.326393 0.000839944
        4024   -0.337234   -0.326396 0.000839739
        4025   -0.350176   -0.326402 0.000839552
        4026   -0.355147   -0.326409 0.000839373
        4027   -0.354841   -0.326416 0.000839195
        4028   -0.348835   -0.326421 0.000839005
        4029    -0.34592   -0.326426 0.000838811
        4030   -0.352559   -0.326433 0.000838627
        4031    -0.35285   -0.326439 0.000838445
        4032   -0.344422   -0.326444 0.000838249
        4033   -0.342073   -0.326448  0.00083805
        4034   -0.347276   -0.326453 0.000837858
        4035   -0.347417   -0.326458 0.000837667
        4036   -0.335047    -0.32646 0.000837462
        4037   -0.333169   -0.326462 0.000837256
        4038   -0.344821   -0.326466 0.000837061
        4039   -0.348791   -0.326472 0.000836872
        4040   -0.353179   -0.326479 0.000836691
        4041   -0.361086   -0.326487 0.000836528
        4042   -0.366061   -0.326497 0.000836378
        4043   -0.354292   -0.326504   0.0008362
        4044   -0.299754   -0.326497 0.000836019
        4045   -0.290376   -0.326488  0.00083586
        4046   -0.351329   -0.326494 0.000835676
        4047   -0.370514   -0.326505  0.00083554
        4048   -0.362327   -0.326514 0.000835381
        4049   -0.339988   -0.326517 0.000835181
        4050   -0.313811   -0.326514 0.000834981
        4051   -0.304623   -0.326509 0.000834792
        4052   -0.326289   -0.326509 0.000834586
        4053   -0.356665   -0.326516 0.000834413
        4054   -0.359807   -0.326524 0.000834248
        4055    -0.34226   -0.326528 0.000834051
        4056   -0.336552   -0.326531 0.000833849
        4057   -0.319064   -0.326529 0.000833646
        4058   -0.286403   -0.326519 0.000833499
        4059    -0.33388   -0.326521 0.000833295
        4060   -0.358761   -0.326529 0.000833128
        4061   -0.350878   -0.326535 0.000832944
        4062   -0.349381    -0.32654 0.000832758
        4063   -0.356822   -0.326548 0.000832587
        4064   -0.359613   -0.326556 0.000832422
        4065   -0.371191   -0.326567 0.000832289
        4066   -0.390414   -0.326583 0.000832233
        4067   -0.402549   -0.326601 0.000832238
        4068   -0.397581   -0.326619 0.000832216
        4069   -0.368393   -0.326629 0.000832075
        4070   -0.335937   -0.326631 0.000831873
        4071   -0.348223   -0.326637 0.000831686
        4072   -0.383916   -0.326651 0.000831601
        4073   -0.396619   -0.326668 0.000831574
        4074   -0.383194   -0.326682 0.000831486
        4075   -0.364618   -0.326691 0.000831334
        4076   -0.362878     -0.3267 0.000831177
        4077   -0.362709   -0.326709  0.00083102
        4078    -0.35554   -0.326716 0.000830846
        4079   -0.353729   -0.326723 0.000830669
        4080   -0.365821   -0.326732 0.000830521
        4081   -0.368195   -0.326742 0.000830379
        4082   -0.355496   -0.326749 0.000830206
        4083   -0.347057   -0.326754 0.000830017
        4084   -0.341097   -0.326758 0.000829822
        4085   -0.336594    -0.32676 0.000829622
        4086   -0.339114   -0.326763 0.000829424
        4087   -0.342683   -0.326767 0.000829231
        4088   -0.346472   -0.326772 0.000829042
        4089    -0.33473   -0.326774 0.000828841
        4090   -0.315128   -0.326771 0.000828644
        4091   -0.330187   -0.326772 0.000828442
        4092   -0.359562    -0.32678 0.000828278
        4093   -0.365963   -0.326789 0.000828131
        4094    -0.34157   -0.326793 0.000827936
        4095   -0.302778   -0.326787 0.000827755
        4096   -0.262739   -0.326772 0.000827701
        4097   -0.270622   -0.326758 0.000827612
        4098   -0.303816   -0.326752 0.000827429
        4099    -0.31875    -0.32675 0.000827229
        4100    -0.32033   -0.326749 0.000827029
        4101   -0.336285   -0.326751 0.000826831
        4102   -0.354478   -0.326758 0.000826657
        4103   -0.360436   -0.326766 0.000826496
        4104   -0.358428   -0.326774 0.000826331
        4105   -0.350502    -0.32678  0.00082615
        4106   -0.339133   -0.326783 0.000825954
        4107   -0.335872   -0.326785 0.000825756
        4108   -0.347949    -0.32679 0.000825571
        4109   -0.358707   -0.326798 0.000825406
        4110   -0.347759   -0.326803 0.000825221
        4111   -0.315268     -0.3268 0.000825025
        4112   -0.309537   -0.326796 0.000824835
        4113   -0.352975   -0.326802 0.000824659
        4114   -0.373435   -0.326814 0.000824537
        4115   -0.358536   -0.326821 0.000824373
        4116    -0.34133   -0.326825  0.00082418
        4117   -0.350394    -0.32683 0.000823999
        4118   -0.364394    -0.32684  0.00082385
        4119    -0.36021   -0.326848  0.00082369
        4120   -0.340786   -0.326851 0.000823497
        4121   -0.326393   -0.326851 0.000823297
        4122   -0.326204   -0.326851 0.000823097
        4123   -0.322909    -0.32685 0.000822898
        4124   -0.323409   -0.326849 0.000822699
        4125   -0.331942    -0.32685   0.0008225
        4126   -0.330569   -0.326851 0.000822302
        4127   -0.279041    -0.32684 0.000822184
        4128    -0.28017   -0.326828 0.000822063
        4129   -0.339514   -0.326831 0.000821869
        4130   -0.334696   -0.326833 0.000821672
        4131   -0.306596   -0.326828 0.000821488
        4132   -0.329937   -0.326829  0.00082129
        4133   -0.335204   -0.326831 0.000821093
        4134    -0.28463   -0.326821 0.000820958
        4135    -0.25703   -0.326804 0.000820933
        4136   -0.313552   -0.326801 0.000820741
        4137   -0.356669   -0.326808 0.000820574
        4138   -0.360993   -0.326816 0.000820418
        4139   -0.355036   -0.326823 0.000820248
        4140   -0.345831   -0.326828 0.000820062
        4141   -0.317037   -0.326825 0.000819868
        4142   -0.302533   -0.326819 0.000819691
        4143   -0.335837   -0.326822 0.000819496
        4144   -0.370926   -0.326832 0.000819367
        4145   -0.383711   -0.326846 0.000819284
        4146   -0.358941   -0.326854 0.000819123
        4147   -0.275319   -0.326841  0.00081902
        4148   -0.297333   -0.326834 0.000818854
        4149   -0.355167   -0.326841 0.000818685
        4150   -0.362155    -0.32685 0.000818532
        4151   -0.360994   -0.326858 0.000818376
        4152   -0.352224   -0.326864 0.000818201
        4153   -0.341575   -0.326867 0.000818012
        4154   -0.341256   -0.326871 0.000817823
        4155   -0.350895   -0.326877 0.000817646
        4156   -0.371855   -0.326888 0.000817521
        4157   -0.386922   -0.326902 0.000817452
        4158    -0.38313   -0.326915 0.000817367
        4159   -0.369104   -0.326926 0.000817234
        4160   -0.367555   -0.326935 0.000817095
        4161   -0.374988   -0.326947 0.000816981
        4162   -0.365655   -0.326956 0.000816837
        4163   -0.313742   -0.326953 0.000816647
        4164   -0.272197    -0.32694 0.000816557
        4165   -0.324992   -0.326939 0.000816361
        4166    -0.38545   -0.326953 0.000816286
        4167   -0.405101   -0.326972 0.000816306
        4168   -0.394579   -0.326988 0.000816271
        4169   -0.385324   -0.327002 0.000816195
        4170   -0.396073   -0.327019 0.000816167
        4171   -0.397994   -0.327036 0.000816149
        4172   -0.386694    -0.32705 0.000816079
        4173   -0.368209    -0.32706 0.000815943
        4174   -0.338202   -0.327063 0.000815751
        4175   -0.322868   -0.327062 0.000815557
        4176   -0.314198   -0.327059 0.000815367
        4177   -0.307007   -0.327054 0.000815186
        4178   -0.362172   -0.327062 0.000815034
        4179   -0.366465   -0.327072 0.000814894
        4180    -0.32499   -0.327071 0.000814699
        4181   -0.293017   -0.327063 0.000814545
        4182   -0.301596   -0.327057 0.000814373
        4183   -0.333481   -0.327059  0.00081418
        4184   -0.345053   -0.327063 0.000813996
        4185   -0.306442   -0.327058 0.000813817
        4186   -0.271281   -0.327045 0.000813732
        4187   -0.300662   -0.327038 0.000813562
        4188   -0.304802   -0.327033 0.000813385
        4189   -0.277055   -0.327021 0.000813278
        4190   -0.268612   -0.327007 0.000813203
        4191   -0.278043   -0.326996 0.000813093
        4192   -0.299458   -0.326989 0.000812926
        4193   -0.314307   -0.326986 0.000812738
        4194   -0.318813   -0.326984 0.000812546
        4195   -0.318919   -0.326982 0.000812355
        4196   -0.314277   -0.326979 0.000812167
        4197   -0.305815   -0.326974 0.000811989
        4198   -0.305988   -0.326969 0.000811811
        4199   -0.319497   -0.326967 0.000811619
        4200    -0.33227   -0.326968 0.000811427
        4201   -0.331503    -0.32697 0.000811235
        4202   -0.321913   -0.326968 0.000811043
        4203    -0.31564   -0.326966 0.000810854
        4204   -0.311611   -0.326962 0.000810669
        4205   -0.308867   -0.326958 0.000810488
        4206   -0.330833   -0.326959 0.000810296
        4207   -0.360065   -0.326966 0.000810142
        4208   -0.362654   -0.326975 0.000809993
        4209   -0.326976   -0.326975 0.000809801
        4210   -0.277332   -0.326963 0.000809694
        4211   -0.313223    -0.32696 0.000809509
        4212   -0.336069   -0.326962 0.000809319
        4213   -0.337482   -0.326965 0.000809131
        4214   -0.356684   -0.326972  0.00080897
        4215    -0.37453   -0.326983 0.000808857
        4216   -0.383466   -0.326996 0.000808776
        4217   -0.378365   -0.327008 0.000808676
        4218   -0.349929   -0.327014 0.000808502
        4219   -0.328621   -0.327014 0.000808311
        4220   -0.333953   -0.327016 0.000808121
        4221   -0.324319   -0.327015  0.00080793
        4222    -0.33266   -0.327017 0.000807739
        4223   -0.338203   -0.327019 0.000807552
        4224     -0.3351   -0.327021 0.000807363
        4225   -0.352717   -0.327027 0.000807195
        4226   -0.377269   -0.327039 0.000807092
        4227   -0.391323   -0.327054 0.000807044
        4228   -0.393839    -0.32707 0.000807008
        4229   -0.382612   -0.327083 0.000806924
        4230   -0.351425   -0.327089 0.000806754
        4231    -0.31506   -0.327086 0.000806568
        4232   -0.318547   -0.327084  0.00080638
        4233    -0.34749   -0.327089 0.000806204
        4234   -0.370569   -0.327099 0.000806079
        4235   -0.381934   -0.327112 0.000805992
        4236   -0.385469   -0.327126  0.00080592
        4237   -0.386786    -0.32714 0.000805853
        4238   -0.384637   -0.327154 0.000805777
        4239   -0.370512   -0.327164 0.000805652
        4240   -0.340544   -0.327167 0.000805468
        4241   -0.311468   -0.327163 0.000805286
        4242   -0.339778   -0.327166 0.000805102
        4243   -0.375762   -0.327178 0.000804994
        4244   -0.338842   -0.327181 0.000804809
        4245   -0.304932   -0.327175 0.000804636
        4246   -0.328168   -0.327176 0.000804447
        4247   -0.341635   -0.327179 0.000804265
        4248   -0.352521   -0.327185 0.000804097
        4249    -0.34773    -0.32719 0.000803923
        4250   -0.316247   -0.327187 0.000803738
        4251    -0.26023   -0.327171 0.000803703
        4252   -0.269504   -0.327158 0.000803628
        4253   -0.333711   -0.327159 0.000803441
        4254   -0.342582   -0.327163  0.00080326
        4255   -0.330268   -0.327164 0.000803072
        4256   -0.325427   -0.327163 0.000802883
        4257    -0.32504   -0.327163 0.000802695
        4258   -0.292875   -0.327155 0.000802546
        4259   -0.274163   -0.327142 0.000802454
        4260    -0.33451   -0.327144 0.000802268
        4261   -0.343593   -0.327148 0.000802089
        4262    -0.33315   -0.327149 0.000801902
        4263   -0.325677   -0.327149 0.000801714
        4264   -0.325598   -0.327149 0.000801526
        4265     -0.3319    -0.32715 0.000801339
        4266   -0.337699   -0.327152 0.000801155
        4267   -0.330879   -0.327153 0.000800968
        4268   -0.300241   -0.327147 0.000800805
        4269   -0.295723   -0.327139 0.000800651
        4270   -0.322018   -0.327138 0.000800464
        4271   -0.297643   -0.327131 0.000800307
        4272   -0.322378    -0.32713  0.00080012
        4273   -0.354127   -0.327136 0.000799958
        4274   -0.341194    -0.32714 0.000799777
        4275    -0.31484   -0.327137 0.000799596
        4276   -0.302757   -0.327131 0.000799429
        4277   -0.324747   -0.327131 0.000799242
        4278   -0.328311   -0.327131 0.000799055
        4279   -0.315967   -0.327128 0.000798873
        4280   -0.352819   -0.327134 0.000798709
        4281    -0.38428   -0.327148 0.000798634
        4282   -0.385614   -0.327161 0.000798564
        4283   -0.361655   -0.327169 0.000798418
        4284   -0.331694    -0.32717 0.000798232
        4285   -0.315203   -0.327168 0.000798051
        4286   -0.307443   -0.327163 0.000797878
        4287   -0.340034   -0.327166 0.000797698
        4288   -0.365393   -0.327175 0.000797561
        4289   -0.366428   -0.327184 0.000797428
        4290   -0.353416    -0.32719 0.000797266
        4291    -0.32427    -0.32719  0.00079708
        4292   -0.295709   -0.327182 0.000796928
        4293   -0.328986   -0.327183 0.000796743
        4294   -0.342793   -0.327186 0.000796565
        4295   -0.331954   -0.327187 0.000796381
        4296   -0.318479   -0.327185 0.000796198
        4297   -0.306928   -0.327181 0.000796026
        4298   -0.309132   -0.327176 0.000795852
        4299   -0.324185   -0.327176 0.000795668
        4300   -0.326712   -0.327176 0.000795483
        4301   -0.322726   -0.327175 0.000795298
        4302   -0.323938   -0.327174 0.000795114
        4303   -0.307939   -0.327169 0.000794941
        4304   -0.268438   -0.327156 0.000794874
        4305   -0.267043   -0.327142 0.000794812
        4306   -0.304704   -0.327137 0.000794644
        4307   -0.328515   -0.327137  0.00079446
        4308   -0.327678   -0.327137 0.000794276
        4309   -0.311603   -0.327133 0.000794099
        4310   -0.303982   -0.327128 0.000793933
        4311   -0.319148   -0.327126 0.000793751
        4312   -0.327066   -0.327126 0.000793567
        4313   -0.322512   -0.327125 0.000793384
        4314    -0.32279   -0.327124 0.000793201
        4315   -0.333662   -0.327126 0.000793018
        4316   -0.329468   -0.327126 0.000792835
        4317     -0.2755   -0.327114 0.000792741
        4318   -0.261424   -0.327099 0.000792704
        4319   -0.332722     -0.3271 0.000792521
        4320   -0.375212   -0.327111 0.000792416
        4321    -0.37038   -0.327121 0.000792296
        4322   -0.314858   -0.327119 0.000792118
        4323   -0.303754   -0.327113 0.000791953
        4324    -0.34097   -0.327116 0.000791776
        4325   -0.348755   -0.327121 0.000791609
        4326   -0.354079   -0.327128  0.00079145
        4327   -0.355452   -0.327134 0.000791295
        4328   -0.342448   -0.327138  0.00079112
        4329   -0.317726   -0.327136  0.00079094
        4330    -0.31631   -0.327133 0.000790761
        4331   -0.305315   -0.327128 0.000790595
        4332   -0.268757   -0.327115 0.000790527
        4333   -0.289258   -0.327106 0.000790393
        4334   -0.323809   -0.327105 0.000790211
        4335   -0.324178   -0.327104 0.000790029
        4336   -0.308318     -0.3271 0.000789859
        4337   -0.298421   -0.327093 0.000789704
        4338   -0.305118   -0.327088 0.000789538
        4339   -0.314989   -0.327086 0.000789361
        4340    -0.32138   -0.327084  0.00078918
        4341   -0.324912   -0.327084 0.000788999
        4342   -0.324205   -0.327083 0.000788817
        4343   -0.315208    -0.32708  0.00078864
        4344   -0.293976   -0.327073 0.000788496
        4345   -0.268737   -0.327059 0.000788429
        4346   -0.264292   -0.327045 0.000788379
        4347   -0.288526   -0.327036 0.000788248
        4348   -0.303892   -0.327031 0.000788085
        4349   -0.290779   -0.327022 0.000787947
        4350   -0.263738   -0.327008 0.000787901
        4351   -0.277563   -0.326996 0.000787801
        4352   -0.311546   -0.326993 0.000787628
        4353   -0.314317    -0.32699 0.000787453
        4354   -0.280218   -0.326979 0.000787345
        4355   -0.243834    -0.32696 0.000787396
        4356   -0.257825   -0.326944 0.000787375
        4357   -0.283534   -0.326934 0.000787257
        4358   -0.277126   -0.326923  0.00078716
        4359   -0.273661   -0.326911 0.000787074
        4360   -0.286639   -0.326901 0.000786948
        4361   -0.292104   -0.326893 0.000786808
        4362   -0.291066   -0.326885  0.00078667
        4363   -0.288889   -0.326876 0.000786538
        4364   -0.283638   -0.326867  0.00078642
        4365   -0.275985   -0.326855 0.000786326
        4366   -0.278341   -0.326844 0.000786225
        4367   -0.286755   -0.326835 0.000786098
        4368   -0.287569   -0.326826  0.00078597
        4369   -0.283644   -0.326816 0.000785852
        4370   -0.286254   -0.326806 0.000785727
        4371   -0.297463     -0.3268 0.000785576
        4372   -0.308531   -0.326796 0.000785407
        4373   -0.314933   -0.326793 0.000785232
        4374   -0.316419   -0.326791 0.000785057
        4375   -0.310213   -0.326787 0.000784886
        4376   -0.297534    -0.32678 0.000784735
        4377    -0.29209   -0.326772 0.000784596
        4378   -0.299527   -0.326766 0.000784442
        4379   -0.313927   -0.326763 0.000784268
        4380    -0.33256   -0.326764  0.00078409
        4381   -0.343196   -0.326768  0.00078392
        4382   -0.334069    -0.32677 0.000783743
        4383   -0.329016    -0.32677 0.000783564
        4384   -0.345526   -0.326774 0.000783397
        4385    -0.36014   -0.326782 0.000783255
        4386    -0.36818   -0.326792 0.000783134
        4387    -0.36919   -0.326801 0.000783015
        4388   -0.350151   -0.326807 0.000782854
        4389   -0.320292   -0.326805 0.000782677
        4390   -0.298122   -0.326798 0.000782526
        4391   -0.261313   -0.326784  0.00078249
        4392   -0.284784   -0.326774 0.000782371
        4393   -0.315174   -0.326771 0.000782197
        4394   -0.344035   -0.326775 0.000782029
        4395   -0.366685   -0.326784 0.000781904
        4396   -0.365959   -0.326793 0.000781777
        4397    -0.34911   -0.326798 0.000781615
        4398   -0.331889     -0.3268 0.000781438
        4399   -0.331443   -0.326801 0.000781261
        4400   -0.345029   -0.326805 0.000781095
        4401   -0.357529   -0.326812 0.000780949
        4402   -0.361103    -0.32682  0.00078081
        4403   -0.350093   -0.326825 0.000780651
        4404   -0.329646   -0.326825 0.000780474
        4405   -0.324745   -0.326825 0.000780297
        4406   -0.328566   -0.326825  0.00078012
        4407   -0.324753   -0.326825 0.000779943
        4408   -0.310632   -0.326821 0.000779774
        4409   -0.303901   -0.326816 0.000779615
        4410   -0.324465   -0.326815 0.000779438
        4411   -0.348191    -0.32682 0.000779277
        4412   -0.358036   -0.326827 0.000779132
        4413   -0.355728   -0.326834 0.000778983
        4414   -0.350731   -0.326839 0.000778825
        4415   -0.356125   -0.326846 0.000778677
        4416   -0.362432   -0.326854 0.000778543
        4417   -0.355741   -0.326861 0.000778394
        4418   -0.333174   -0.326862 0.000778219
        4419   -0.309405   -0.326858 0.000778053
        4420   -0.312722   -0.326855 0.000777883
        4421   -0.315168   -0.326852 0.000777712
        4422   -0.327139   -0.326852 0.000777536
        4423   -0.355449   -0.326859 0.000777387
        4424   -0.351038   -0.326864 0.000777231
        4425   -0.334754   -0.326866 0.000777057
        4426   -0.316838   -0.326864 0.000776885
        4427   -0.319072   -0.326862 0.000776711
        4428   -0.329183   -0.326863 0.000776536
        4429   -0.332625   -0.326864 0.000776362
        4430   -0.331909   -0.326865 0.000776187
        4431   -0.321221   -0.326864 0.000776013
        4432   -0.304569   -0.326859 0.000775854
        4433   -0.317491   -0.326857 0.000775682
        4434   -0.337546   -0.326859 0.000775511
        4435   -0.336136   -0.326861 0.000775339
        4436   -0.319419   -0.326859 0.000775166
        4437    -0.30466   -0.326854 0.000775008
        4438   -0.293507   -0.326847 0.000774869
        4439    -0.29136   -0.326839 0.000774736
        4440   -0.312377   -0.326836 0.000774568
        4441   -0.326123   -0.326835 0.000774394
        4442   -0.310049   -0.326832 0.000774229
        4443   -0.293584   -0.326824 0.000774091
        4444   -0.307155    -0.32682 0.000773929
        4445   -0.304857   -0.326815 0.000773771
        4446   -0.292493   -0.326807 0.000773635
        4447   -0.280234   -0.326797 0.000773532
        4448   -0.280443   -0.326786 0.000773429
        4449   -0.297698    -0.32678 0.000773282
        4450   -0.323339   -0.326779 0.000773109
        4451   -0.346495   -0.326783 0.000772948
        4452   -0.360412   -0.326791 0.000772811
        4453   -0.361511   -0.326799 0.000772677
        4454   -0.344199   -0.326803 0.000772513
        4455   -0.317181     -0.3268 0.000772343
        4456   -0.305437   -0.326796 0.000772185
        4457   -0.287046   -0.326787 0.000772063
        4458   -0.257457   -0.326771 0.000772046
        4459   -0.274276   -0.326759 0.000771963
        4460   -0.300734   -0.326754 0.000771812
        4461   -0.340025   -0.326757 0.000771645
        4462   -0.358986   -0.326764 0.000771506
        4463   -0.352205   -0.326769 0.000771354
        4464     -0.3308    -0.32677 0.000771181
        4465   -0.301784   -0.326765 0.000771029
        4466   -0.299862   -0.326759  0.00077088
        4467    -0.32397   -0.326758 0.000770708
        4468   -0.344284   -0.326762 0.000770545
        4469   -0.349706   -0.326767  0.00077039
        4470   -0.331774   -0.326768 0.000770218
        4471   -0.292081   -0.326761 0.000770085
        4472   -0.305676   -0.326756 0.000769927
        4473   -0.338395   -0.326758  0.00076976
        4474   -0.354065   -0.326764 0.000769612
        4475   -0.367833   -0.326774 0.000769494
        4476   -0.374731   -0.326784 0.000769397
        4477   -0.364161   -0.326793 0.000769271
        4478   -0.330808   -0.326794 0.000769099
        4479   -0.297402   -0.326787 0.000768956
        4480    -0.31941   -0.326785 0.000768786
        4481   -0.365045   -0.326794 0.000768662
        4482   -0.387871   -0.326808 0.000768611
        4483    -0.38035    -0.32682 0.000768532
        4484   -0.323927   -0.326819 0.000768361
        4485   -0.288122    -0.32681 0.000768238
        4486   -0.316657   -0.326808  0.00076807
        4487   -0.342019   -0.326811 0.000767907
        4488   -0.365344    -0.32682 0.000767783
        4489   -0.387163   -0.326833  0.00076773
        4490   -0.394299   -0.326848 0.000767706
        4491     -0.3862   -0.326862 0.000767649
        4492   -0.372999   -0.326872 0.000767547
        4493   -0.371681   -0.326882 0.000767441
        4494   -0.378965   -0.326893 0.000767357
        4495   -0.384264   -0.326906 0.000767293
        4496   -0.378963   -0.326918 0.000767209
        4497   -0.374325   -0.326928 0.000767111
        4498   -0.387469   -0.326942 0.000767059
        4499   -0.383473   -0.326954 0.000766991
        4500   -0.350252    -0.32696 0.000766838
        4501   -0.333941   -0.326961 0.000766669
        4502   -0.376046   -0.326972 0.000766577
        4503   -0.413506   -0.326991 0.000766647
        4504   -0.419512   -0.327012 0.000766752
        4505   -0.411698   -0.327031 0.000766812
        4506   -0.400715   -0.327047 0.000766817
        4507   -0.394514   -0.327062 0.000766793
        4508   -0.400098   -0.327078 0.000766794
        4509   -0.414027   -0.327097 0.000766866
        4510   -0.427782    -0.32712 0.000767021
        4511   -0.439168   -0.327145 0.000767253
        4512   -0.447846   -0.327171 0.000767549
        4513   -0.448276   -0.327198 0.000767848
        4514   -0.439077   -0.327223 0.000768078
        4515   -0.425263   -0.327245 0.000768214
        4516   -0.402236   -0.327261 0.000768224
        4517   -0.403307   -0.327278 0.000768238
        4518   -0.438316   -0.327303 0.000768461
        4519   -0.453394   -0.327331 0.000768798
        4520   -0.463195   -0.327361 0.000769215
        4521   -0.450967   -0.327388  0.00076953
        4522   -0.420999   -0.327409 0.000769639
        4523   -0.404879   -0.327426 0.000769659
        4524   -0.426041   -0.327448 0.000769798
        4525   -0.449164   -0.327474 0.000770097
        4526   -0.435117   -0.327498 0.000770294
        4527   -0.430846   -0.327521 0.000770462
        4528   -0.440975   -0.327546 0.000770699
        4529    -0.42821   -0.327568  0.00077085
        4530   -0.403835   -0.327585 0.000770863
        4531   -0.388801   -0.327599 0.000770812
        4532   -0.371478   -0.327608 0.000770702
        4533   -0.365826   -0.327617 0.000770578
        4534   -0.337083   -0.327619 0.000770411
        4535   -0.300053   -0.327613 0.000770265
        4536    -0.33467   -0.327614 0.000770097
        4537   -0.385847   -0.327627 0.000770034
        4538   -0.396211   -0.327642 0.000770013
        4539   -0.383701   -0.327655 0.000769942
        4540   -0.369161   -0.327664 0.000769827
        4541   -0.361113   -0.327671 0.000769693
        4542   -0.355043   -0.327677 0.000769547
        4543   -0.344401   -0.327681 0.000769386
        4544   -0.341663   -0.327684 0.000769223
        4545   -0.356512    -0.32769  0.00076908
        4546   -0.371229     -0.3277 0.000768971
        4547   -0.376444   -0.327711 0.000768876
        4548   -0.374122   -0.327721 0.000768775
        4549   -0.375089   -0.327731 0.000768676
        4550   -0.384745   -0.327744  0.00076861
        4551   -0.395923   -0.327759 0.000768587
        4552   -0.396072   -0.327774 0.000768564
        4553   -0.366344   -0.327782 0.000768442
        4554   -0.325761   -0.327782 0.000768274
        4555   -0.345866   -0.327786 0.000768115
        4556   -0.361522   -0.327793 0.000767982
        4557    -0.36613   -0.327802  0.00076786
        4558   -0.360371   -0.327809 0.000767725
        4559   -0.340685   -0.327812 0.000767561
        4560   -0.357189   -0.327818  0.00076742
        4561   -0.391934   -0.327832 0.000767381
        4562   -0.402034   -0.327848 0.000767385
        4563   -0.396586   -0.327863 0.000767364
        4564   -0.392917   -0.327878 0.000767329
        4565   -0.383735    -0.32789 0.000767258
        4566   -0.357459   -0.327896 0.000767117
        4567   -0.337134   -0.327898 0.000766952
        4568   -0.335525     -0.3279 0.000766786
        4569   -0.323512   -0.327899 0.000766619
        4570   -0.314541   -0.327896 0.000766457
        4571   -0.322761   -0.327895  0.00076629
        4572   -0.332936   -0.327896 0.000766123
        4573   -0.342714   -0.327899 0.000765962
        4574   -0.337987   -0.327902 0.000765798
        4575   -0.316877   -0.327899 0.000765634
        4576    -0.30991   -0.327895 0.000765477
        4577   -0.320163   -0.327894 0.000765312
        4578   -0.325146   -0.327893 0.000765145
        4579    -0.32402   -0.327892 0.000764978
        4580   -0.320673   -0.327891 0.000764813
        4581   -0.315201   -0.327888 0.000764651
        4582   -0.299286   -0.327882 0.000764509
        4583   -0.259981   -0.327867 0.000764486
        4584   -0.245434   -0.327849 0.000764531
        4585   -0.278789   -0.327838 0.000764439
        4586   -0.297636   -0.327831 0.000764301
        4587   -0.287269   -0.327823 0.000764185
        4588    -0.23833   -0.327803 0.000764268
        4589   -0.238797   -0.327784 0.000764347
        4590   -0.309865    -0.32778 0.000764191
        4591   -0.325009   -0.327779 0.000764024
        4592   -0.318784   -0.327777  0.00076386
        4593   -0.311265   -0.327774 0.000763703
        4594   -0.310216    -0.32777 0.000763546
        4595   -0.319442   -0.327768 0.000763382
        4596   -0.332079   -0.327769 0.000763216
        4597   -0.343469   -0.327772 0.000763058
        4598   -0.346757   -0.327776 0.000762903
        4599   -0.318556   -0.327774  0.00076274
        4600   -0.253248   -0.327758 0.000762746
        4601   -0.233521   -0.327738 0.000762855
        4602   -0.276722   -0.327727  0.00076277
        4603   -0.325243   -0.327726 0.000762605
        4604   -0.357039   -0.327733 0.000762466
        4605   -0.344892   -0.327736 0.000762309
        4606   -0.298431    -0.32773  0.00076217
        4607   -0.260252   -0.327715 0.000762145
        4608   -0.297392   -0.327709 0.000762008
        4609   -0.342125   -0.327712  0.00076185
        4610   -0.354488   -0.327718 0.000761706
        4611   -0.353317   -0.327723 0.000761561
        4612   -0.349205   -0.327728 0.000761411
        4613   -0.342667   -0.327731 0.000761252
        4614   -0.332171   -0.327732 0.000761088
        4615    -0.31972    -0.32773 0.000760925
        4616   -0.307633   -0.327726 0.000760773
        4617   -0.300592    -0.32772 0.000760631
        4618   -0.298871   -0.327714 0.000760492
        4619   -0.299528   -0.327708 0.000760351
        4620   -0.305884   -0.327703 0.000760201
        4621   -0.307943   -0.327699 0.000760049
        4622   -0.306104   -0.327694 0.000759899
        4623   -0.304742   -0.327689 0.000759751
        4624    -0.30244   -0.327684 0.000759606
        4625   -0.298895   -0.327677 0.000759467
        4626   -0.297007   -0.327671 0.000759332
        4627   -0.299018   -0.327665 0.000759193
        4628   -0.302914   -0.327659 0.000759048
        4629   -0.302739   -0.327654 0.000758903
        4630   -0.292257   -0.327646 0.000758778
        4631     -0.2752   -0.327635 0.000758698
        4632   -0.270882   -0.327623 0.000758634
        4633   -0.281389   -0.327613 0.000758535
        4634   -0.286764   -0.327604 0.000758423
        4635    -0.30281   -0.327598 0.000758278
        4636   -0.323639   -0.327598 0.000758115
        4637   -0.320105   -0.327596 0.000757953
        4638   -0.333471   -0.327597 0.000757791
        4639   -0.357192   -0.327604 0.000757654
        4640   -0.364727   -0.327612 0.000757533
        4641   -0.354035   -0.327617 0.000757392
        4642   -0.332959   -0.327618 0.000757229
        4643   -0.320023   -0.327617 0.000757068
        4644   -0.359079   -0.327624 0.000756935
        4645   -0.395375   -0.327638 0.000756913
        4646   -0.391149   -0.327652 0.000756873
        4647   -0.364638    -0.32766 0.000756752
        4648   -0.383321   -0.327672 0.000756684
        4649   -0.387713   -0.327685 0.000756632
        4650   -0.364075   -0.327693 0.000756509
        4651   -0.313322   -0.327689 0.000756353
        4652   -0.246599   -0.327672 0.000756391
        4653   -0.303729   -0.327667 0.000756246
        4654   -0.366147   -0.327675 0.000756129
        4655   -0.358119   -0.327682 0.000755995
        4656   -0.372939   -0.327691 0.000755895
        4657   -0.380619   -0.327703 0.000755818
        4658   -0.339494   -0.327705  0.00075566
        4659   -0.311857   -0.327702 0.000755506
        4660   -0.345482   -0.327706 0.000755353
        4661   -0.351901   -0.327711 0.000755209
        4662   -0.344791   -0.327715 0.000755056
        4663   -0.344238   -0.327718 0.000754902
        4664   -0.346054   -0.327722  0.00075475
        4665   -0.339725   -0.327725 0.000754593
        4666   -0.330778   -0.327725 0.000754432
        4667    -0.33539   -0.327727 0.000754272
        4668    -0.34495   -0.327731 0.000754119
        4669   -0.342714   -0.327734 0.000753965
        4670   -0.324306   -0.327733 0.000753803
        4671   -0.311307    -0.32773  0.00075365
        4672   -0.332201   -0.327731  0.00075349
        4673   -0.357744   -0.327737 0.000753356
        4674   -0.367583   -0.327745 0.000753243
        4675   -0.365079   -0.327753 0.000753124
        4676   -0.354031   -0.327759 0.000752984
        4677   -0.334171    -0.32776 0.000752824
        4678   -0.323417    -0.32776 0.000752664
        4679   -0.334627   -0.327761 0.000752504
        4680   -0.341819   -0.327764  0.00075235
        4681    -0.33744   -0.327766 0.000752192
        4682   -0.327727   -0.327766 0.000752031
        4683   -0.322811   -0.327765 0.000751871
        4684   -0.324287   -0.327764 0.000751711
        4685    -0.32515   -0.327764 0.000751551
        4686   -0.323819   -0.327763 0.000751391
        4687   -0.319955   -0.327761 0.000751232
        4688   -0.307494   -0.327757 0.000751085
        4689   -0.268882   -0.327744 0.000751029
        4690   -0.224384   -0.327722 0.000751192
        4691   -0.249932   -0.327706 0.000751215
        4692   -0.264267   -0.327692 0.000751177
        4693    -0.26439   -0.327679 0.000751138
        4694   -0.259754   -0.327664 0.000751117
        4695   -0.242574   -0.327646 0.000751176
        4696   -0.243453   -0.327628  0.00075123
        4697   -0.272339   -0.327616 0.000751162
        4698   -0.296143    -0.32761 0.000751032
        4699    -0.30289   -0.327604 0.000750891
        4700   -0.301606   -0.327599 0.000750751
        4701   -0.298139   -0.327593 0.000750618
        4702   -0.286838   -0.327584 0.000750508
        4703   -0.260273    -0.32757 0.000750485
        4704   -0.252161   -0.327554 0.000750497
        4705   -0.275299   -0.327543 0.000750419
        4706   -0.291698   -0.327535 0.000750299
        4707   -0.299093   -0.327529 0.000750164
        4708   -0.311578   -0.327525 0.000750012
        4709   -0.327298   -0.327525 0.000749853
        4710   -0.337895   -0.327528 0.000749697
        4711   -0.339386    -0.32753 0.000749542
        4712   -0.324775    -0.32753 0.000749383
        4713   -0.295641   -0.327523 0.000749254
        4714   -0.263832   -0.327509 0.000749217
        4715   -0.226227   -0.327488 0.000749366
        4716   -0.251312   -0.327472 0.000749381
        4717   -0.332841   -0.327473 0.000749223
        4718   -0.366801   -0.327481 0.000749111
        4719   -0.347777   -0.327485 0.000748965
        4720   -0.318205   -0.327483 0.000748808
        4721   -0.349061   -0.327488 0.000748664
        4722   -0.367466   -0.327496 0.000748553
        4723   -0.362473   -0.327504 0.000748431
        4724    -0.36356   -0.327512 0.000748312
        4725   -0.342522   -0.327515  0.00074816
        4726   -0.329902   -0.327515 0.000748002
        4727   -0.348383    -0.32752 0.000747857
        4728   -0.358104   -0.327526 0.000747727
        4729    -0.34874   -0.327531 0.000747582
        4730   -0.353812   -0.327536 0.000747445
        4731   -0.360177   -0.327543 0.000747318
        4732   -0.350616   -0.327548 0.000747176
        4733   -0.346717   -0.327552 0.000747029
        4734   -0.364495    -0.32756 0.000746912
        4735   -0.380328   -0.327571 0.000746838
        4736   -0.366463   -0.327579 0.000746725
        4737   -0.325476   -0.327579 0.000746568
        4738   -0.297927   -0.327572 0.000746436
        4739   -0.312027   -0.327569 0.000746286
        4740    -0.33857   -0.327571 0.000746132
        4741   -0.349952   -0.327576  0.00074599
        4742   -0.353381   -0.327582 0.000745852
        4743   -0.374432   -0.327591 0.000745761
        4744   -0.386308   -0.327604 0.000745706
        4745   -0.339057   -0.327606 0.000745553
        4746   -0.301016   -0.327601 0.000745417
        4747   -0.342686   -0.327604 0.000745266
        4748   -0.344572   -0.327607 0.000745118
        4749   -0.333289   -0.327609 0.000744962
        4750   -0.325125   -0.327608 0.000744805
        4751   -0.312891   -0.327605 0.000744655
        4752   -0.305248     -0.3276 0.000744513
        4753   -0.313322   -0.327597 0.000744363
        4754    -0.34405   -0.327601 0.000744214
        4755   -0.372725    -0.32761 0.000744118
        4756   -0.372119    -0.32762 0.000744021
        4757   -0.365816   -0.327628 0.000743907
        4758   -0.356114   -0.327634 0.000743775
        4759   -0.328488   -0.327634 0.000743619
        4760   -0.305989   -0.327629 0.000743477
        4761   -0.302672   -0.327624 0.000743339
        4762   -0.298339   -0.327618 0.000743208
        4763   -0.293902   -0.327611 0.000743086
        4764    -0.30667   -0.327606 0.000742943
        4765   -0.320233   -0.327605 0.000742789
        4766   -0.323838   -0.327604 0.000742633
        4767    -0.31772   -0.327602  0.00074248
        4768   -0.312044   -0.327599 0.000742332
        4769   -0.316438   -0.327596  0.00074218
        4770   -0.328895   -0.327597 0.000742024
        4771   -0.338333   -0.327599 0.000741872
        4772   -0.340677   -0.327602 0.000741722
        4773   -0.336339   -0.327603 0.000741569
        4774   -0.320026   -0.327602 0.000741415
        4775   -0.279306   -0.327592 0.000741329
        4776   -0.279612   -0.327582 0.000741242
        4777   -0.316284   -0.327579  0.00074109
        4778   -0.320756   -0.327578 0.000740936
        4779   -0.311159   -0.327574 0.000740789
        4780   -0.303207   -0.327569 0.000740652
        4781   -0.296249   -0.327563 0.000740526
        4782   -0.292713   -0.327556 0.000740407
        4783   -0.306012   -0.327551 0.000740266
        4784   -0.314596   -0.327548 0.000740116
        4785   -0.313297   -0.327545 0.000739967
        4786   -0.315032   -0.327543 0.000739817
        4787   -0.316187    -0.32754 0.000739667
        4788   -0.312408   -0.327537 0.000739519
        4789   -0.300799   -0.327532 0.000739386
        4790   -0.275627   -0.327521 0.000739311
        4791   -0.247348   -0.327504 0.000739346
        4792   -0.265271   -0.327491 0.000739305
        4793    -0.31608   -0.327489 0.000739155
        4794   -0.329196   -0.327489 0.000739001
        4795   -0.320378   -0.327488 0.000738848
        4796   -0.295866   -0.327481 0.000738724
        4797   -0.255942   -0.327466  0.00073872
        4798   -0.257045   -0.327451 0.000738712
        4799   -0.330789   -0.327452 0.000738558
        4800   -0.348752   -0.327457 0.000738418
        4801   -0.341453   -0.327459  0.00073827
        4802   -0.346223   -0.327463 0.000738126
        4803   -0.333918   -0.327465 0.000737974
        4804    -0.29537   -0.327458 0.000737851
        4805   -0.303601   -0.327453 0.000737714
        4806    -0.31688   -0.327451 0.000737564
        4807   -0.283907   -0.327442 0.000737466
        4808   -0.216778   -0.327419 0.000737671
        4809   -0.280581   -0.327409 0.000737582
        4810   -0.369943   -0.327418 0.000737482
        4811   -0.384811    -0.32743 0.000737425
        4812   -0.370102   -0.327439 0.000737325
        4813   -0.345619   -0.327442 0.000737182
        4814   -0.326767   -0.327442 0.000737029
        4815   -0.329795   -0.327443 0.000736876
        4816   -0.338848   -0.327445 0.000736727
        4817   -0.341212   -0.327448 0.000736579
        4818   -0.336169    -0.32745 0.000736428
        4819   -0.321164   -0.327449 0.000736277
        4820   -0.306845   -0.327444 0.000736136
        4821   -0.311477   -0.327441 0.000735991
        4822   -0.313996   -0.327438 0.000735844
        4823    -0.30311   -0.327433 0.000735709
        4824   -0.302203   -0.327428 0.000735575
        4825   -0.318854   -0.327426 0.000735424
        4826   -0.332555   -0.327427 0.000735273
        4827   -0.339303    -0.32743 0.000735125
        4828   -0.342503   -0.327433 0.000734979
        4829   -0.345131   -0.327436 0.000734836
        4830   -0.348074   -0.327441 0.000734696
        4831   -0.350141   -0.327445 0.000734559
        4832   -0.348937    -0.32745 0.000734421
        4833   -0.335605   -0.327452  0.00073427
        4834   -0.292876   -0.327444 0.000734153
        4835     -0.2987   -0.327438 0.000734026
        4836   -0.347622   -0.327443 0.000733886
        4837   -0.359294   -0.327449 0.000733764
        4838   -0.347551   -0.327453 0.000733624
        4839   -0.327394   -0.327453 0.000733472
        4840   -0.332711   -0.327454 0.000733321
        4841   -0.348549   -0.327459 0.000733183
        4842   -0.356471   -0.327465 0.000733056
        4843   -0.359866   -0.327471 0.000732935
        4844   -0.359591   -0.327478 0.000732814
        4845   -0.355858   -0.327484 0.000732686
        4846   -0.351268   -0.327489 0.000732551
        4847   -0.350234   -0.327494 0.000732415
        4848   -0.351685   -0.327499 0.000732281
        4849   -0.344495   -0.327502 0.000732138
        4850   -0.312445   -0.327499 0.000731994
        4851   -0.271313   -0.327487 0.000731935
        4852   -0.301868   -0.327482 0.000731803
        4853   -0.343112   -0.327485 0.000731659
        4854   -0.346915   -0.327489 0.000731519
        4855   -0.333112    -0.32749  0.00073137
        4856   -0.323602    -0.32749 0.000731219
        4857   -0.330113    -0.32749 0.000731069
        4858   -0.339384   -0.327493 0.000730923
        4859   -0.322521   -0.327492 0.000730773
        4860   -0.265017   -0.327479 0.000730736
        4861   -0.249419   -0.327463 0.000730762
        4862   -0.285498   -0.327454 0.000730662
        4863   -0.312478   -0.327451 0.000730519
        4864   -0.335384   -0.327453  0.00073037
        4865    -0.35224   -0.327458 0.000730238
        4866   -0.355369   -0.327463  0.00073011
        4867   -0.325339   -0.327463 0.000729961
        4868   -0.250992   -0.327447  0.00072998
        4869   -0.235547   -0.327428 0.000730074
        4870   -0.295207   -0.327422 0.000729954
        4871   -0.331659   -0.327423 0.000729804
        4872   -0.334481   -0.327424 0.000729656
        4873   -0.316148   -0.327422  0.00072951
        4874   -0.277131   -0.327411 0.000729433
        4875   -0.281181   -0.327402 0.000729345
        4876   -0.304191   -0.327397 0.000729211
        4877   -0.296775   -0.327391 0.000729089
        4878   -0.285315   -0.327382  0.00072899
        4879   -0.287737   -0.327374 0.000728886
        4880   -0.299399   -0.327368 0.000728759
        4881   -0.306291   -0.327364 0.000728623
        4882   -0.308669    -0.32736 0.000728484
        4883   -0.301781   -0.327355 0.000728353
        4884   -0.290148   -0.327347 0.000728244
        4885   -0.281271   -0.327338 0.000728156
        4886   -0.281126   -0.327329 0.000728068
        4887   -0.305415   -0.327324 0.000727933
        4888   -0.329677   -0.327325 0.000727784
        4889   -0.331371   -0.327325 0.000727636
        4890   -0.322513   -0.327324 0.000727488
        4891   -0.310812   -0.327321 0.000727347
        4892   -0.295224   -0.327314 0.000727228
        4893   -0.289762   -0.327307  0.00072712
        4894   -0.279329   -0.327297 0.000727037
        4895    -0.28135   -0.327288 0.000726949
        4896   -0.318831   -0.327286 0.000726803
        4897   -0.329477   -0.327286 0.000726655
        4898   -0.316455   -0.327284  0.00072651
        4899   -0.302141   -0.327279 0.000726379
        4900   -0.308765   -0.327275 0.000726241
        4901   -0.326647   -0.327275 0.000726093
        4902   -0.332034   -0.327276 0.000725945
        4903   -0.324801   -0.327276 0.000725798
        4904   -0.315463   -0.327273 0.000725654
        4905   -0.290628   -0.327266 0.000725544
        4906   -0.255468   -0.327251 0.000725544
        4907   -0.261682   -0.327238 0.000725519
        4908   -0.302053   -0.327233 0.000725389
        4909   -0.328216   -0.327233 0.000725242
        4910   -0.312908    -0.32723   0.0007251
        4911   -0.268108   -0.327218 0.000725052
        4912   -0.266453   -0.327205  0.00072501
        4913   -0.296613   -0.327199 0.000724889
        4914   -0.316955   -0.327197 0.000724745
        4915   -0.316694   -0.327195   0.0007246
        4916   -0.302068    -0.32719 0.000724471
        4917   -0.281329   -0.327181 0.000724384
        4918    -0.28157   -0.327171 0.000724296
        4919    -0.30159   -0.327166 0.000724167
        4920   -0.309189   -0.327162 0.000724029
        4921   -0.304902   -0.327158 0.000723896
        4922   -0.295043   -0.327151 0.000723778
        4923   -0.283189   -0.327142 0.000723686
        4924   -0.277172   -0.327132 0.000723611
        4925   -0.282087   -0.327123 0.000723522
        4926   -0.288665   -0.327115 0.000723417
        4927   -0.283646   -0.327107 0.000723324
        4928   -0.258079   -0.327093 0.000723313
        4929   -0.241654   -0.327075 0.000723373
        4930   -0.253529    -0.32706 0.000723381
        4931   -0.275149    -0.32705  0.00072331
        4932   -0.292725   -0.327043 0.000723197
        4933   -0.292665   -0.327036 0.000723084
        4934   -0.285966   -0.327027 0.000722986
        4935   -0.279212   -0.327018 0.000722904
        4936   -0.281648   -0.327009 0.000722816
        4937   -0.300923   -0.327003 0.000722689
        4938   -0.317611   -0.327001 0.000722545
        4939   -0.324087   -0.327001 0.000722399
        4940   -0.324672      -0.327 0.000722253
        4941   -0.322452   -0.326999 0.000722107
        4942   -0.316563   -0.326997 0.000721964
        4943   -0.310586   -0.326994 0.000721826
        4944   -0.313493   -0.326991 0.000721685
        4945    -0.31151   -0.326988 0.000721546
        4946   -0.302684   -0.326983 0.000721417
        4947   -0.288749   -0.326975 0.000721312
        4948    -0.26223   -0.326962 0.000721285
        4949   -0.257063   -0.326948 0.000721278
        4950    -0.29531   -0.326942  0.00072116
        4951   -0.325204   -0.326942 0.000721015
        4952   -0.324312   -0.326941 0.000720869
        4953   -0.308905   -0.326937 0.000720733
        4954   -0.301306   -0.326932 0.000720606
        4955   -0.301652   -0.326927 0.000720479
        4956   -0.299012   -0.326921 0.000720355
        4957   -0.296575   -0.326915 0.000720236
        4958   -0.297772   -0.326909 0.000720115
        4959   -0.296965   -0.326903 0.000719995
        4960    -0.29285   -0.326897 0.000719882
        4961   -0.289618   -0.326889 0.000719777
        4962   -0.276181   -0.326879 0.000719704
        4963   -0.220809   -0.326857 0.000719876
        4964   -0.187246   -0.326829 0.000720281
        4965   -0.233928   -0.326811 0.000720378
        4966   -0.260034   -0.326797 0.000720359
        4967    -0.26382   -0.326784 0.000720325
        4968   -0.260568   -0.326771 0.000720304
        4969   -0.247558   -0.326755 0.000720335
        4970   -0.245017   -0.326739 0.000720378
        4971   -0.261006   -0.326726 0.000720354
        4972   -0.272226   -0.326715 0.000720293
        4973   -0.276072   -0.326704  0.00072022
        4974   -0.277353   -0.326694 0.000720144
        4975   -0.276626   -0.326684 0.000720069
        4976   -0.270447   -0.326673 0.000720013
        4977   -0.254129   -0.326659 0.000720016
        4978   -0.230666   -0.326639 0.000720129
        4979   -0.213523   -0.326617 0.000720343
        4980   -0.218511   -0.326595 0.000720526
        4981   -0.241581   -0.326578 0.000720583
        4982   -0.268273   -0.326566 0.000720533
        4983   -0.289934   -0.326559 0.000720426
        4984   -0.302407   -0.326554 0.000720298
        4985   -0.308006    -0.32655 0.000720163
        4986   -0.309074   -0.326547 0.000720027
        4987   -0.306765   -0.326543 0.000719894
        4988   -0.302059   -0.326538 0.000719766
        4989   -0.297334   -0.326532 0.000719646
        4990   -0.301008   -0.326527  0.00071952
        4991   -0.310839   -0.326524 0.000719382
        4992   -0.309468    -0.32652 0.000719246
        4993   -0.292201   -0.326513 0.000719135
        4994   -0.264908   -0.326501 0.000719097
        4995   -0.247535   -0.326485 0.000719127
        4996    -0.29525   -0.326479  0.00071901
        4997   -0.332173    -0.32648 0.000718867
        4998   -0.341655   -0.326483  0.00071873
        4999   -0.339333   -0.326486  0.00071859
        5000   -0.332706   -0.326487 0.000718448
        5001    -0.31322   -0.326484 0.000718309
        5002   -0.258253   -0.326471 0.000718295
        5003   -0.228159   -0.326451  0.00071842
        5004   -0.268365   -0.326439  0.00071837
        5005   -0.289796   -0.326432 0.000718264
        5006   -0.311144   -0.326429 0.000718127
        5007   -0.321913   -0.326428 0.000717984
        5008   -0.318282   -0.326426 0.000717843
        5009   -0.295707    -0.32642 0.000717726
        5010   -0.278722   -0.326411 0.000717645
        5011   -0.294026   -0.326404 0.000717531
        5012   -0.303924     -0.3264 0.000717402
        5013   -0.300134   -0.326395 0.000717278
        5014   -0.281923   -0.326386  0.00071719
        5015   -0.235703   -0.326368 0.000717275
        5016   -0.213407   -0.326345 0.000717485
        5017   -0.262405   -0.326332 0.000717456
        5018     -0.2942   -0.326326 0.000717341
        5019   -0.299912   -0.326321 0.000717218
        5020   -0.297655   -0.326315 0.000717097
        5021   -0.295853   -0.326309  0.00071698
        5022   -0.296966   -0.326303 0.000716861
        5023    -0.29901   -0.326298 0.000716739
        5024   -0.299234   -0.326292 0.000716617
        5025   -0.297647   -0.326287 0.000716497
        5026    -0.29411    -0.32628 0.000716383
        5027    -0.27889   -0.326271 0.000716302
        5028   -0.248098   -0.326255 0.000716329
        5029   -0.252285   -0.326241 0.000716337
        5030   -0.287534   -0.326233 0.000716236
        5031   -0.305973   -0.326229 0.000716105
        5032   -0.313117   -0.326226 0.000715967
        5033   -0.314224   -0.326224 0.000715829
        5034   -0.324333   -0.326223 0.000715687
        5035   -0.340664   -0.326226 0.000715551
        5036   -0.327347   -0.326227 0.000715409
        5037    -0.27837   -0.326217  0.00071533
        5038   -0.255616   -0.326203 0.000715325
        5039   -0.274731   -0.326193 0.000715256
        5040   -0.300007   -0.326188 0.000715133
        5041   -0.316675   -0.326186 0.000714993
        5042   -0.311331   -0.326183 0.000714858
        5043   -0.324216   -0.326182 0.000714716
        5044   -0.353075   -0.326188 0.000714594
        5045   -0.365595   -0.326196 0.000714495
        5046   -0.356755   -0.326202 0.000714379
        5047   -0.330815   -0.326203 0.000714238
        5048   -0.316113   -0.326201   0.0007141
        5049   -0.332769   -0.326202 0.000713959
        5050   -0.345906   -0.326206 0.000713829
        5051   -0.346816    -0.32621 0.000713699
        5052   -0.339211   -0.326212 0.000713562
        5053   -0.322101   -0.326212 0.000713422
        5054   -0.302874   -0.326207 0.000713296
        5055   -0.300197   -0.326202 0.000713173
        5056   -0.308358   -0.326198 0.000713041
        5057     -0.3077   -0.326195 0.000712909
        5058   -0.308174   -0.326191 0.000712777
        5059   -0.316732   -0.326189 0.000712639
        5060   -0.323193   -0.326189 0.000712498
        5061   -0.334511    -0.32619 0.000712359
        5062   -0.325117    -0.32619 0.000712218
        5063   -0.293798   -0.326184 0.000712106
        5064    -0.28771   -0.326176 0.000712006
        5065   -0.292625   -0.326169 0.000711897
        5066   -0.299811   -0.326164 0.000711775
        5067   -0.308351   -0.326161 0.000711643
        5068   -0.301188   -0.326156  0.00071152
        5069    -0.32069   -0.326155  0.00071138
        5070   -0.345999   -0.326159 0.000711251
        5071   -0.336517   -0.326161 0.000711114
        5072   -0.310023   -0.326157  0.00071098
        5073    -0.30049   -0.326152 0.000710858
        5074   -0.313172    -0.32615 0.000710723
        5075   -0.330828   -0.326151 0.000710583
        5076   -0.345934   -0.326155 0.000710454
        5077   -0.349329   -0.326159 0.000710329
        5078   -0.327593   -0.326159 0.000710189
        5079   -0.300623   -0.326154 0.000710067
        5080   -0.312145   -0.326152 0.000709932
        5081   -0.330712   -0.326153 0.000709793
        5082   -0.321921   -0.326152 0.000709654
        5083   -0.294731   -0.326146 0.000709541
        5084   -0.293318   -0.326139 0.000709431
        5085   -0.308516   -0.326136   0.0007093
        5086   -0.309422   -0.326132 0.000709168
        5087    -0.31748   -0.326131 0.000709031
        5088   -0.326194   -0.326131 0.000708892
        5089   -0.321701    -0.32613 0.000708753
        5090   -0.311389   -0.326127  0.00070862
        5091   -0.289313    -0.32612 0.000708517
        5092    -0.25905   -0.326107 0.000708501
        5093   -0.286712   -0.326099 0.000708404
        5094   -0.306933   -0.326095 0.000708275
        5095   -0.308398   -0.326092 0.000708144
        5096   -0.301746   -0.326087 0.000708021
        5097   -0.283028   -0.326078 0.000707933
        5098   -0.285821    -0.32607 0.000707838
        5099   -0.297477   -0.326065 0.000707721
        5100    -0.29277   -0.326058 0.000707613
        5101   -0.289012   -0.326051 0.000707511
        5102   -0.286001   -0.326043 0.000707416
        5103   -0.281938   -0.326035  0.00070733
        5104   -0.292366   -0.326028 0.000707222
        5105   -0.305112   -0.326024 0.000707096
        5106   -0.290058   -0.326017 0.000706992
        5107   -0.250395   -0.326002 0.000707009
        5108   -0.242726   -0.325986 0.000707058
        5109   -0.267969   -0.325974 0.000707011
        5110   -0.286412   -0.325967 0.000706915
        5111   -0.301343   -0.325962 0.000706793
        5112    -0.31032   -0.325959 0.000706662
        5113   -0.281567    -0.32595 0.000706577
        5114   -0.274902    -0.32594 0.000706509
        5115   -0.308931   -0.325937 0.000706379
        5116   -0.304525   -0.325933 0.000706253
        5117   -0.296414   -0.325927 0.000706139
        5118   -0.295703   -0.325921 0.000706026
        5119    -0.28972   -0.325914 0.000705923
        5120   -0.285252   -0.325906  0.00070583
        5121   -0.289714   -0.325899 0.000705727
        5122   -0.303593   -0.325894 0.000705603
        5123   -0.317129   -0.325893 0.000705467
        5124    -0.31591   -0.325891 0.000705332
        5125   -0.314174   -0.325888 0.000705198
        5126   -0.316758   -0.325887 0.000705063
        5127   -0.312893   -0.325884  0.00070493
        5128   -0.319266   -0.325883 0.000704794
        5129    -0.33691   -0.325885  0.00070466
        5130   -0.344345   -0.325889 0.000704532
        5131   -0.335325    -0.32589 0.000704397
        5132   -0.327948   -0.325891  0.00070426
        5133   -0.327753   -0.325891 0.000704122
        5134   -0.324869   -0.325891 0.000703985
        5135   -0.326066   -0.325891 0.000703848
        5136   -0.324803   -0.325891 0.000703711
        5137   -0.326406   -0.325891 0.000703574
        5138   -0.333303   -0.325892 0.000703439
        5139   -0.339743   -0.325895 0.000703307
        5140   -0.349628     -0.3259 0.000703185
        5141   -0.350429   -0.325904 0.000703065
        5142   -0.338295   -0.325907 0.000702932
        5143   -0.319015   -0.325906 0.000702797
        5144   -0.304755   -0.325901 0.000702672
        5145   -0.300933   -0.325897 0.000702552
        5146   -0.296526   -0.325891 0.000702439
        5147   -0.276576   -0.325881 0.000702368
        5148   -0.271303   -0.325871 0.000702311
        5149   -0.292611   -0.325864 0.000702205
        5150   -0.307742   -0.325861 0.000702077
        5151   -0.326766   -0.325861 0.000701941
        5152   -0.334114   -0.325862 0.000701807
        5153   -0.326983   -0.325863  0.00070167
        5154   -0.326276   -0.325863 0.000701534
        5155   -0.334876   -0.325865   0.0007014
        5156   -0.336723   -0.325867 0.000701267
        5157   -0.329374   -0.325867 0.000701132
        5158   -0.316245   -0.325865 0.000700998
        5159   -0.298698    -0.32586 0.000700882
        5160   -0.282267   -0.325852 0.000700797
        5161    -0.29334   -0.325845  0.00070069
        5162   -0.334774   -0.325847 0.000700556
        5163   -0.359129   -0.325854  0.00070045
        5164   -0.350036   -0.325858  0.00070033
        5165   -0.330256   -0.325859 0.000700195
        5166   -0.309524   -0.325856 0.000700067
        5167   -0.292502    -0.32585 0.000699961
        5168   -0.319926   -0.325848 0.000699827
        5169   -0.306205   -0.325845 0.000699701
        5170   -0.261803   -0.325832 0.000699676
        5171    -0.29552   -0.325826 0.000699565
        5172   -0.332541   -0.325828 0.000699431
        5173   -0.322375   -0.325827 0.000699296
        5174   -0.308476   -0.325824 0.000699169
        5175   -0.305729    -0.32582 0.000699045
        5176    -0.30901   -0.325816 0.000698917
        5177   -0.326764   -0.325817 0.000698782
        5178   -0.345433    -0.32582 0.000698657
        5179   -0.352059   -0.325826 0.000698541
        5180   -0.350631    -0.32583 0.000698422
        5181   -0.345549   -0.325834 0.000698298
        5182   -0.338705   -0.325837 0.000698168
        5183   -0.332048   -0.325838 0.000698034
        5184   -0.326244   -0.325838 0.000697899
        5185    -0.32522   -0.325838 0.000697765
        5186   -0.333824   -0.325839 0.000697632
        5187   -0.339999   -0.325842 0.000697503
        5188   -0.329766   -0.325843 0.000697369
        5189   -0.315063   -0.325841 0.000697237
        5190   -0.303798   -0.325836 0.000697116
        5191   -0.274685   -0.325827 0.000697051
        5192   -0.288472   -0.325819 0.000696954
        5193   -0.329474    -0.32582  0.00069682
        5194    -0.33987   -0.325823 0.000696691
        5195     -0.3354   -0.325825  0.00069656
        5196   -0.331938   -0.325826 0.000696427
        5197    -0.32654   -0.325826 0.000696293
        5198   -0.317641   -0.325824 0.000696161
        5199   -0.307521   -0.325821 0.000696036
        5200   -0.295965   -0.325815 0.000695925
        5201   -0.299566    -0.32581  0.00069581
        5202   -0.318301   -0.325809 0.000695678
        5203   -0.332893    -0.32581 0.000695545
        5204   -0.336798   -0.325812 0.000695415
        5205   -0.324627   -0.325812 0.000695281
        5206   -0.294833   -0.325806 0.000695173
        5207   -0.287647   -0.325799 0.000695078
        5208   -0.291778   -0.325792 0.000694976
        5209    -0.29777   -0.325787 0.000694863
        5210   -0.320871   -0.325786  0.00069473
        5211   -0.324214   -0.325785 0.000694597
        5212   -0.306424   -0.325782 0.000694474
        5213   -0.251641   -0.325768 0.000694486
        5214    -0.22287   -0.325748 0.000694633
        5215   -0.270966   -0.325737 0.000694579
        5216   -0.312117   -0.325735 0.000694451
        5217      -0.322   -0.325734 0.000694318
        5218   -0.314267   -0.325732 0.000694189
        5219   -0.308536   -0.325728 0.000694064
        5220   -0.311584   -0.325726 0.000693936
        5221   -0.318301   -0.325724 0.000693804
        5222   -0.318576   -0.325723 0.000693673
        5223   -0.302612   -0.325719 0.000693554
        5224   -0.284142   -0.325711 0.000693467
        5225   -0.288794   -0.325704  0.00069337
        5226    -0.29841   -0.325698 0.000693257
        5227   -0.302051   -0.325694  0.00069314
        5228   -0.303806    -0.32569  0.00069302
        5229   -0.303312   -0.325685   0.0006929
        5230   -0.304505   -0.325681  0.00069278
        5231   -0.304496   -0.325677 0.000692659
        5232   -0.305944   -0.325673 0.000692537
        5233   -0.325131   -0.325673 0.000692405
        5234   -0.347696   -0.325678 0.000692285
        5235   -0.348973   -0.325682 0.000692167
        5236   -0.328294   -0.325682 0.000692035
        5237   -0.299427   -0.325677 0.000691921
        5238   -0.301577   -0.325673 0.000691804
        5239   -0.331364   -0.325674 0.000691673
        5240   -0.348193   -0.325678 0.000691555
        5241   -0.349279   -0.325683 0.000691437
        5242   -0.334202   -0.325684 0.000691307
        5243   -0.293481   -0.325678 0.000691203
        5244   -0.261799   -0.325666 0.000691178
        5245   -0.313497   -0.325664  0.00069105
        5246   -0.348423   -0.325668 0.000690932
        5247   -0.347264   -0.325672 0.000690813
        5248   -0.322975   -0.325672 0.000690681
        5249   -0.235574   -0.325655 0.000690763
        5250   -0.252762   -0.325641 0.000690771
        5251   -0.263343   -0.325629 0.000690741
        5252   -0.281147    -0.32562 0.000690662
        5253   -0.300214   -0.325615 0.000690547
        5254   -0.287902   -0.325608 0.000690453
        5255   -0.280904     -0.3256 0.000690374
        5256   -0.271433   -0.325589  0.00069032
        5257   -0.248955   -0.325575 0.000690342
        5258   -0.248402    -0.32556 0.000690367
        5259   -0.250613   -0.325546 0.000690383
        5260   -0.300573   -0.325541 0.000690268
        5261   -0.332411   -0.325543 0.000690138
        5262    -0.32241   -0.325542 0.000690007
        5263   -0.308688   -0.325539 0.000689883
        5264   -0.315662   -0.325537 0.000689755
        5265    -0.32642   -0.325537 0.000689624
        5266   -0.327969   -0.325537 0.000689493
        5267   -0.321014   -0.325537 0.000689363
        5268   -0.308923   -0.325533 0.000689239
        5269   -0.300585   -0.325529 0.000689124
        5270   -0.301915   -0.325524 0.000689008
        5271   -0.306668   -0.325521 0.000688887
        5272   -0.309815   -0.325518 0.000688762
        5273   -0.309062   -0.325515 0.000688639
        5274   -0.300821    -0.32551 0.000688524
        5275   -0.286058   -0.325502 0.000688434
        5276   -0.281901   -0.325494 0.000688353
        5277   -0.295864   -0.325489 0.000688246
        5278   -0.305874   -0.325485 0.000688126
        5279   -0.298903    -0.32548 0.000688014
        5280   -0.281883   -0.325472 0.000687933
        5281   -0.287138   -0.325464 0.000687841
        5282   -0.308719   -0.325461 0.000687718
        5283    -0.31164   -0.325458 0.000687593
        5284   -0.242419   -0.325443 0.000687642
        5285   -0.199967   -0.325419 0.000687922
        5286   -0.284214   -0.325411 0.000687836
        5287   -0.294429   -0.325405 0.000687731
        5288   -0.271424   -0.325395 0.000687676
        5289   -0.249776   -0.325381 0.000687695
        5290   -0.266912    -0.32537 0.000687654
        5291   -0.297077   -0.325364 0.000687545
        5292   -0.296557   -0.325359 0.000687436
        5293   -0.281224   -0.325351 0.000687357
        5294   -0.266661    -0.32534 0.000687317
        5295    -0.24442   -0.325324 0.000687357
        5296    -0.24491   -0.325309 0.000687395
        5297   -0.273898   -0.325299 0.000687333
        5298   -0.280793   -0.325291 0.000687255
        5299   -0.294351   -0.325285  0.00068715
        5300    -0.31507   -0.325283 0.000687023
        5301   -0.315915   -0.325281 0.000686896
        5302   -0.305062   -0.325278 0.000686777
        5303   -0.292363   -0.325271 0.000686675
        5304   -0.285484   -0.325264 0.000686587
        5305   -0.281538   -0.325256 0.000686507
        5306   -0.268852   -0.325245  0.00068646
        5307   -0.279142   -0.325236 0.000686385
        5308    -0.28116   -0.325228 0.000686306
        5309   -0.287775   -0.325221 0.000686213
        5310   -0.297934   -0.325216 0.000686103
        5311   -0.293041    -0.32521 0.000686001
        5312   -0.296941   -0.325205 0.000685892
        5313   -0.302224     -0.3252 0.000685777
        5314   -0.309473   -0.325197 0.000685654
        5315   -0.317867   -0.325196 0.000685527
        5316   -0.316752   -0.325194   0.0006854
        5317   -0.317447   -0.325193 0.000685272
        5318   -0.328185   -0.325193 0.000685144
        5319   -0.327501   -0.325194 0.000685015
        5320    -0.31605   -0.325192 0.000684888
        5321   -0.329372   -0.325193  0.00068476
        5322   -0.348691   -0.325197 0.000684646
        5323   -0.351513   -0.325202 0.000684535
        5324   -0.337096   -0.325204  0.00068441
        5325   -0.300597     -0.3252 0.000684297
        5326   -0.280268   -0.325191  0.00068422
        5327   -0.327097   -0.325192 0.000684092
        5328   -0.373297   -0.325201 0.000684023
        5329   -0.377218   -0.325211 0.000683965
        5330   -0.341713   -0.325214 0.000683843
        5331   -0.315324   -0.325212 0.000683717
        5332   -0.317136    -0.32521 0.000683591
        5333   -0.310632   -0.325208 0.000683468
        5334   -0.337159    -0.32521 0.000683344
        5335   -0.355106   -0.325215 0.000683239
        5336   -0.343401   -0.325219 0.000683119
        5337   -0.323388   -0.325218 0.000682991
        5338   -0.321867   -0.325218 0.000682864
        5339   -0.343588   -0.325221 0.000682744
        5340   -0.315948    -0.32522 0.000682619
        5341   -0.263644   -0.325208 0.000682588
        5342   -0.282404     -0.3252 0.000682507
        5343   -0.287699   -0.325193 0.000682416
        5344   -0.279207   -0.325184 0.000682342
        5345   -0.296313   -0.325179 0.000682236
        5346   -0.322613   -0.325178 0.000682109
        5347   -0.336929   -0.325181 0.000681985
        5348   -0.337788   -0.325183 0.000681861
        5349    -0.33137   -0.325184 0.000681735
        5350   -0.322395   -0.325184 0.000681607
        5351   -0.315123   -0.325182 0.000681483
        5352   -0.311623   -0.325179  0.00068136
        5353   -0.310035   -0.325176 0.000681239
        5354   -0.307905   -0.325173 0.000681119
        5355   -0.295129   -0.325168 0.000681015
        5356   -0.273257   -0.325158 0.000680957
        5357    -0.30026   -0.325153 0.000680845
        5358   -0.341064   -0.325156 0.000680725
        5359   -0.347116    -0.32516  0.00068061
        5360   -0.348018   -0.325165 0.000680497
        5361   -0.344081   -0.325168 0.000680379
        5362    -0.30545   -0.325164 0.000680262
        5363   -0.337241   -0.325167 0.000680139
        5364   -0.371477   -0.325175 0.000680067
        5365   -0.326344   -0.325176  0.00067994
        5366   -0.146871   -0.325142 0.000680625
        5367   -0.226088   -0.325124 0.000680748
        5368   -0.298754   -0.325119 0.000680639
        5369   -0.339976   -0.325122 0.000680518
        5370   -0.342348   -0.325125 0.000680399
        5371   -0.324413   -0.325125 0.000680272
        5372   -0.313891   -0.325123 0.000680149
        5373   -0.310702    -0.32512 0.000680027
        5374   -0.315995   -0.325118 0.000679903
        5375   -0.318181   -0.325117 0.000679778
        5376   -0.299027   -0.325112 0.000679668
        5377   -0.259631     -0.3251 0.000679651
        5378   -0.260693   -0.325088  0.00067963
        5379   -0.288728   -0.325081 0.000679538
        5380   -0.282952   -0.325073 0.000679456
        5381   -0.281248   -0.325065 0.000679379
        5382   -0.288873   -0.325059 0.000679286
        5383    -0.28331   -0.325051 0.000679204
        5384   -0.278574   -0.325042 0.000679133
        5385   -0.277802   -0.325033 0.000679063
        5386   -0.227287   -0.325015  0.00067918
        5387   -0.115068   -0.324976 0.000680171
        5388   -0.236698    -0.32496 0.000680242
        5389   -0.281436   -0.324952 0.000680164
        5390   -0.291974   -0.324946 0.000680065
        5391   -0.290242   -0.324939 0.000679969
        5392   -0.283123   -0.324932 0.000679887
        5393   -0.284149   -0.324924 0.000679803
        5394   -0.285777   -0.324917 0.000679716
        5395   -0.256246   -0.324904 0.000679709
        5396   -0.228478   -0.324886 0.000679818
        5397   -0.250016   -0.324872 0.000679834
        5398   -0.271773   -0.324862 0.000679779
        5399   -0.299562   -0.324858 0.000679669
        5400   -0.310705   -0.324855 0.000679548
        5401   -0.282278   -0.324847 0.000679468
        5402   -0.231492    -0.32483 0.000679562
        5403   -0.236158   -0.324814 0.000679635
        5404   -0.264384   -0.324802 0.000679601
        5405   -0.287968   -0.324796 0.000679509
        5406   -0.307879   -0.324792 0.000679391
        5407    -0.28442   -0.324785 0.000679306
        5408   -0.280028   -0.324777 0.000679231
        5409   -0.307909   -0.324774 0.000679113
        5410   -0.291017   -0.324767 0.000679016
        5411   -0.265613   -0.324756 0.000678978
        5412   -0.263007   -0.324745 0.000678949
        5413   -0.277995   -0.324736 0.000678878
        5414   -0.289452    -0.32473 0.000678784
        5415   -0.296749   -0.324725 0.000678678
        5416   -0.304616   -0.324721 0.000678563
        5417   -0.307619   -0.324718 0.000678445
        5418   -0.298084   -0.324713 0.000678338
        5419   -0.279395   -0.324704 0.000678264
        5420   -0.277955   -0.324696 0.000678194
        5421   -0.285479   -0.324689 0.000678107
        5422   -0.262225   -0.324677  0.00067808
        5423   -0.272248   -0.324667 0.000678024
        5424   -0.309431   -0.324665 0.000677905
        5425    -0.32348   -0.324664  0.00067778
        5426   -0.330504   -0.324665 0.000677656
        5427   -0.326301   -0.324666 0.000677531
        5428   -0.308401   -0.324663 0.000677413
        5429   -0.296128   -0.324658 0.000677308
        5430   -0.267439   -0.324647 0.000677266
        5431   -0.296306   -0.324642 0.000677161
        5432    -0.30455   -0.324638 0.000677047
        5433   -0.283057    -0.32463 0.000676965
        5434   -0.313544   -0.324628 0.000676844
        5435   -0.334942    -0.32463 0.000676722
        5436   -0.321807    -0.32463 0.000676598
        5437   -0.306565   -0.324626 0.000676481
        5438    -0.30502   -0.324623 0.000676366
        5439   -0.314072   -0.324621 0.000676245
        5440   -0.322566   -0.324621 0.000676121
        5441   -0.325836   -0.324621 0.000675996
        5442   -0.326095   -0.324621 0.000675872
        5443   -0.326429   -0.324621 0.000675748
        5444   -0.327808   -0.324622 0.000675624
        5445   -0.326549   -0.324622   0.0006755
        5446   -0.312907    -0.32462  0.00067538
        5447   -0.278073   -0.324612  0.00067531
        5448   -0.250043   -0.324598 0.000675325
        5449   -0.292918   -0.324592 0.000675226
        5450   -0.334052   -0.324594 0.000675104
        5451   -0.326194   -0.324594  0.00067498
        5452   -0.331716   -0.324595 0.000674858
        5453   -0.347257     -0.3246 0.000674747
        5454    -0.31875   -0.324598 0.000674624
        5455   -0.244991   -0.324584 0.000674658
        5456    -0.24001   -0.324568 0.000674712
        5457   -0.322147   -0.324568 0.000674589
        5458   -0.354884   -0.324574 0.000674488
        5459   -0.354411   -0.324579 0.000674387
        5460   -0.337988   -0.324581 0.000674268
        5461   -0.321483   -0.324581 0.000674144
        5462   -0.326396   -0.324581 0.000674021
        5463   -0.310313   -0.324579 0.000673903
        5464   -0.262508   -0.324567 0.000673875
        5465   -0.248868   -0.324553 0.000673894
        5466   -0.293128   -0.324548 0.000673795
        5467   -0.327812   -0.324548 0.000673672
        5468   -0.343299   -0.324552 0.000673558
        5469   -0.358654   -0.324558 0.000673464
        5470   -0.366478   -0.324566 0.000673384
        5471   -0.352398   -0.324571  0.00067328
        5472    -0.32598   -0.324571 0.000673157
        5473   -0.333089   -0.324572 0.000673036
        5474   -0.350059   -0.324577 0.000672929
        5475   -0.358682   -0.324583 0.000672835
        5476   -0.358265   -0.324589  0.00067274
        5477   -0.350847   -0.324594 0.000672635
        5478   -0.342489   -0.324598  0.00067252
        5479   -0.330086   -0.324599 0.000672398
        5480   -0.323865   -0.324598 0.000672275
        5481    -0.33467     -0.3246 0.000672155
        5482   -0.345225   -0.324604 0.000672043
        5483   -0.344757   -0.324608  0.00067193
        5484   -0.336943    -0.32461 0.000671812
        5485    -0.32479    -0.32461 0.000671689
        5486   -0.303491   -0.324606 0.000671578
        5487   -0.280749   -0.324598 0.000671503
        5488   -0.291561   -0.324592 0.000671408
        5489   -0.317455   -0.324591 0.000671287
        5490   -0.327403   -0.324591 0.000671164
        5491   -0.318292    -0.32459 0.000671043
        5492   -0.303317   -0.324586 0.000670932
        5493   -0.309144   -0.324583 0.000670816
        5494    -0.32429   -0.324583 0.000670694
        5495   -0.326582   -0.324584 0.000670572
        5496   -0.309772   -0.324581 0.000670455
        5497   -0.281289   -0.324573  0.00067038
        5498   -0.275102   -0.324564 0.000670318
        5499   -0.295496   -0.324559 0.000670217
        5500   -0.315456   -0.324557 0.000670097
        5501    -0.32286   -0.324557 0.000669975
        5502   -0.318372   -0.324556 0.000669855
        5503   -0.306225   -0.324553 0.000669741
        5504   -0.295674   -0.324547  0.00066964
        5505   -0.295858   -0.324542 0.000669539
        5506    -0.30202   -0.324538  0.00066943
        5507   -0.306339   -0.324535 0.000669316
        5508   -0.308525   -0.324532 0.000669201
        5509   -0.310292   -0.324529 0.000669084
        5510   -0.312713   -0.324527 0.000668966
        5511   -0.317381   -0.324526 0.000668846
        5512   -0.323946   -0.324526 0.000668725
        5513   -0.327692   -0.324526 0.000668604
        5514   -0.321353   -0.324526 0.000668483
        5515   -0.301352   -0.324521 0.000668375
        5516   -0.283288   -0.324514 0.000668296
        5517   -0.301573    -0.32451 0.000668187
        5518   -0.338513   -0.324512 0.000668071
        5519    -0.35305   -0.324518  0.00066797
        5520   -0.339644    -0.32452 0.000667855
        5521   -0.319063   -0.324519 0.000667734
        5522   -0.324964   -0.324519 0.000667613
        5523   -0.333678   -0.324521 0.000667495
        5524   -0.334369   -0.324523 0.000667376
        5525   -0.336389   -0.324525 0.000667259
        5526   -0.336322   -0.324527 0.000667142
        5527   -0.326742   -0.324527 0.000667021
        5528   -0.306084   -0.324524 0.000666909
        5529   -0.290868   -0.324518 0.000666816
        5530   -0.285433   -0.324511 0.000666733
        5531   -0.269851   -0.324501 0.000666685
        5532   -0.272274   -0.324492 0.000666632
        5533   -0.313208    -0.32449 0.000666514
        5534   -0.321483   -0.324489 0.000666394
        5535    -0.30598   -0.324486 0.000666282
        5536   -0.302712   -0.324482 0.000666173
        5537   -0.312899    -0.32448 0.000666056
        5538   -0.319266   -0.324479 0.000665937
        5539   -0.317309   -0.324477 0.000665818
        5540   -0.307611   -0.324474 0.000665705
        5541    -0.29163   -0.324468 0.000665611
        5542    -0.28151   -0.324461 0.000665536
        5543   -0.281414   -0.324453 0.000665461
        5544   -0.297028   -0.324448 0.000665359
        5545    -0.32167   -0.324448  0.00066524
        5546    -0.33657    -0.32445 0.000665123
        5547   -0.334845   -0.324452 0.000665006
        5548   -0.313066    -0.32445 0.000664889
        5549   -0.286483   -0.324443 0.000664805
        5550   -0.293274   -0.324437 0.000664709
        5551   -0.322441   -0.324437 0.000664589
        5552   -0.346405   -0.324441 0.000664481
        5553   -0.363709   -0.324448 0.000664399
        5554   -0.376646   -0.324457 0.000664346
        5555   -0.383056   -0.324468  0.00066431
        5556   -0.375767   -0.324477 0.000664255
        5557   -0.348658   -0.324481 0.000664149
        5558   -0.319753    -0.32448  0.00066403
        5559   -0.314599   -0.324479 0.000663913
        5560   -0.327579   -0.324479 0.000663794
        5561   -0.348912   -0.324484 0.000663689
        5562    -0.37182   -0.324492 0.000663625
        5563    -0.37528   -0.324501 0.000663568
        5564   -0.365102   -0.324509 0.000663489
        5565   -0.367385   -0.324516 0.000663414
        5566   -0.352172   -0.324521 0.000663314
        5567    -0.32677   -0.324522 0.000663195
        5568   -0.329153   -0.324522 0.000663076
        5569    -0.30412   -0.324519 0.000662967
        5570   -0.300771   -0.324515 0.000662862
        5571   -0.355128    -0.32452 0.000662766
        5572   -0.382214    -0.32453 0.000662728
        5573   -0.379341    -0.32454 0.000662682
        5574   -0.363523   -0.324547   0.0006626
        5575     -0.3418    -0.32455 0.000662488
        5576    -0.32127    -0.32455  0.00066237
        5577   -0.309527   -0.324547 0.000662256
        5578   -0.304229   -0.324543 0.000662148
        5579    -0.27955   -0.324535 0.000662078
        5580   -0.279761   -0.324527 0.000662008
        5581   -0.311801   -0.324525 0.000661893
        5582   -0.315304   -0.324523 0.000661777
        5583   -0.302534   -0.324519  0.00066167
        5584    -0.28003   -0.324511 0.000661599
        5585   -0.258197     -0.3245 0.000661587
        5586   -0.253807   -0.324487  0.00066159
        5587   -0.264857   -0.324476 0.000661558
        5588    -0.28072   -0.324468 0.000661486
        5589    -0.29197   -0.324463 0.000661393
        5590   -0.296361   -0.324458 0.000661294
        5591   -0.296555   -0.324453 0.000661194
        5592   -0.297688   -0.324448 0.000661093
        5593   -0.303233   -0.324444 0.000660986
        5594   -0.308716   -0.324441 0.000660874
        5595   -0.305927   -0.324438 0.000660764
        5596   -0.295408   -0.324433 0.000660666
        5597   -0.286604   -0.324426 0.000660583
        5598   -0.271128   -0.324416 0.000660533
        5599   -0.285178   -0.324409 0.000660453
        5600   -0.322225   -0.324409 0.000660335
        5601   -0.320977   -0.324408 0.000660217
        5602   -0.311982   -0.324406 0.000660103
        5603   -0.328387   -0.324407 0.000659986
        5604   -0.343798    -0.32441 0.000659877
        5605   -0.334665   -0.324412 0.000659762
        5606   -0.311882    -0.32441 0.000659648
        5607   -0.312436   -0.324408 0.000659534
        5608   -0.327358   -0.324408 0.000659416
        5609   -0.313637   -0.324406 0.000659301
        5610   -0.262082   -0.324395 0.000659278
        5611   -0.265358   -0.324385 0.000659244
        5612   -0.320188   -0.324384 0.000659127
        5613   -0.346224   -0.324388 0.000659021
        5614   -0.354493   -0.324393 0.000658925
        5615   -0.354355   -0.324399  0.00065883
        5616   -0.351277   -0.324403  0.00065873
        5617   -0.346019   -0.324407 0.000658624
        5618   -0.335586   -0.324409 0.000658509
        5619   -0.320526   -0.324409 0.000658393
        5620   -0.312987   -0.324407 0.000658279
        5621   -0.318608   -0.324405 0.000658162
        5622   -0.323157   -0.324405 0.000658045
        5623   -0.323276   -0.324405 0.000657928
        5624   -0.320368   -0.324404 0.000657812
        5625   -0.300702     -0.3244 0.000657708
        5626   -0.266515    -0.32439 0.000657672
        5627   -0.270631    -0.32438 0.000657624
        5628   -0.307033   -0.324377 0.000657515
        5629   -0.322559   -0.324377 0.000657398
        5630   -0.318677   -0.324376 0.000657282
        5631   -0.310606   -0.324373  0.00065717
        5632   -0.304341    -0.32437 0.000657063
        5633   -0.309581   -0.324367 0.000656951
        5634   -0.318322   -0.324366 0.000656836
        5635    -0.31004   -0.324364 0.000656724
        5636   -0.274635   -0.324355 0.000656667
        5637   -0.238325    -0.32434 0.000656728
        5638   -0.236599   -0.324324 0.000656795
        5639   -0.264491   -0.324313 0.000656765
        5640   -0.292359   -0.324308 0.000656673
        5641   -0.294311   -0.324302 0.000656578
        5642   -0.291302   -0.324297 0.000656487
        5643   -0.303077   -0.324293 0.000656382
        5644   -0.313992   -0.324291 0.000656268
        5645   -0.319997    -0.32429 0.000656152
        5646   -0.326451   -0.324291 0.000656036
        5647   -0.334163   -0.324292 0.000655922
        5648   -0.332869   -0.324294 0.000655808
        5649     -0.3026    -0.32429 0.000655703
        5650    -0.26753    -0.32428 0.000655664
        5651   -0.254076   -0.324268 0.000655666
        5652   -0.261926   -0.324257 0.000655642
        5653   -0.322587   -0.324256 0.000655527
        5654   -0.382828   -0.324267 0.000655492
        5655   -0.385407   -0.324277 0.000655466
        5656   -0.341568    -0.32428 0.000655357
        5657   -0.325284   -0.324281 0.000655241
        5658   -0.362572   -0.324287  0.00065516
        5659   -0.378869   -0.324297 0.000655116
        5660   -0.368403   -0.324305 0.000655046
        5661   -0.359238   -0.324311 0.000654959
        5662   -0.377096    -0.32432  0.00065491
        5663   -0.398789   -0.324333 0.000654926
        5664   -0.394839   -0.324346 0.000654929
        5665   -0.377564   -0.324355 0.000654881
        5666   -0.371625   -0.324364 0.000654818
        5667   -0.386758   -0.324375 0.000654795
        5668   -0.398479   -0.324388  0.00065481
        5669    -0.39089   -0.324399   0.0006548
        5670     -0.3839    -0.32441 0.000654769
        5671   -0.368365   -0.324418 0.000654699
        5672   -0.320069   -0.324417 0.000654584
        5673   -0.361143   -0.324423 0.000654501
        5674    -0.41087   -0.324439 0.000654563
        5675   -0.405813   -0.324453 0.000654604
        5676   -0.394803   -0.324465 0.000654606
        5677   -0.383911   -0.324476 0.000654575
        5678   -0.372042   -0.324484 0.000654513
        5679    -0.37027   -0.324492 0.000654447
        5680   -0.383961   -0.324503 0.000654416
        5681   -0.393717   -0.324515 0.000654414
        5682   -0.393103   -0.324527  0.00065441
        5683   -0.395568    -0.32454 0.000654415
        5684   -0.393873   -0.324552 0.000654413
        5685   -0.381041   -0.324562 0.000654373
        5686   -0.363752   -0.324569 0.000654295
        5687   -0.351443   -0.324573 0.000654197
        5688   -0.362132    -0.32458 0.000654115
        5689   -0.380751    -0.32459 0.000654075
        5690    -0.38592   -0.324601 0.000654048
        5691   -0.381248    -0.32461 0.000654009
        5692   -0.368685   -0.324618  0.00065394
        5693    -0.34685   -0.324622 0.000653837
        5694   -0.337968   -0.324624 0.000653726
        5695   -0.352702   -0.324629  0.00065363
        5696   -0.362554   -0.324636 0.000653549
        5697    -0.35801   -0.324642 0.000653461
        5698   -0.335958   -0.324644 0.000653349
        5699   -0.316851   -0.324643 0.000653236
        5700   -0.322747   -0.324642 0.000653121
        5701   -0.295359   -0.324637 0.000653027
        5702   -0.240123   -0.324622 0.000653081
        5703   -0.264178   -0.324612 0.000653052
        5704   -0.324944   -0.324612 0.000652938
        5705   -0.345241   -0.324615 0.000652833
        5706   -0.334549   -0.324617 0.000652721
        5707   -0.315452   -0.324615 0.000652609
        5708   -0.306281   -0.324612 0.000652502
        5709   -0.314047    -0.32461 0.000652391
        5710   -0.321145    -0.32461 0.000652277
        5711   -0.321219   -0.324609 0.000652163
        5712   -0.319464   -0.324608 0.000652049
        5713   -0.317055   -0.324607 0.000651936
        5714   -0.305848   -0.324604 0.000651831
        5715   -0.271353   -0.324594 0.000651783
        5716   -0.257583   -0.324583 0.000651775
        5717   -0.286815   -0.324576 0.000651694
        5718   -0.299279   -0.324572 0.000651595
        5719   -0.301512   -0.324568 0.000651494
        5720   -0.303343   -0.324564  0.00065139
        5721   -0.304508    -0.32456 0.000651286
        5722   -0.299956   -0.324556 0.000651186
        5723   -0.286959   -0.324549 0.000651106
        5724    -0.28093   -0.324542 0.000651036
        5725   -0.280558   -0.324534 0.000650968
        5726   -0.245039    -0.32452 0.000651002
        5727   -0.208596     -0.3245 0.000651203
        5728   -0.252964   -0.324488 0.000651209
        5729   -0.279749    -0.32448 0.000651142
        5730   -0.298435   -0.324475 0.000651045
        5731   -0.304643   -0.324472  0.00065094
        5732   -0.298009   -0.324467 0.000650843
        5733   -0.289445   -0.324461 0.000650758
        5734   -0.285625   -0.324454  0.00065068
        5735    -0.28867   -0.324448 0.000650596
        5736   -0.292571   -0.324442 0.000650507
        5737   -0.279418   -0.324435 0.000650441
        5738   -0.257177   -0.324423 0.000650433
        5739   -0.270119   -0.324413 0.000650388
        5740    -0.28599   -0.324407  0.00065031
        5741    -0.27546   -0.324398 0.000650252
        5742   -0.269103   -0.324389  0.00065021
        5743     -0.2815   -0.324381  0.00065014
        5744   -0.294642   -0.324376 0.000650047
        5745   -0.293945   -0.324371 0.000649956
        5746   -0.288952   -0.324364 0.000649872
        5747    -0.30357   -0.324361 0.000649769
        5748   -0.310581   -0.324358  0.00064966
        5749    -0.27934   -0.324351 0.000649594
        5750   -0.254057   -0.324338 0.000649597
        5751   -0.270043   -0.324329 0.000649552
        5752   -0.278655   -0.324321 0.000649488
        5753   -0.278482   -0.324313 0.000649424
        5754   -0.307376    -0.32431 0.000649318
        5755   -0.330678   -0.324311 0.000649206
        5756    -0.30433   -0.324308 0.000649102
        5757   -0.265908   -0.324298 0.000649069
        5758   -0.282734    -0.32429 0.000648996
        5759   -0.295198   -0.324285 0.000648903
        5760   -0.280153   -0.324278 0.000648836
        5761   -0.271305   -0.324268 0.000648788
        5762   -0.286308   -0.324262 0.000648709
        5763   -0.320659   -0.324261 0.000648597
        5764   -0.343891   -0.324265 0.000648493
        5765   -0.348533   -0.324269 0.000648394
        5766   -0.329534    -0.32427 0.000648283
        5767   -0.285261   -0.324263 0.000648205
        5768   -0.266125   -0.324253 0.000648171
        5769   -0.287579   -0.324247  0.00064809
        5770   -0.297764   -0.324242 0.000647994
        5771    -0.29048   -0.324236 0.000647908
        5772   -0.277564   -0.324228 0.000647846
        5773   -0.293094   -0.324223 0.000647757
        5774   -0.323082   -0.324222 0.000647645
        5775   -0.334561   -0.324224 0.000647535
        5776   -0.328614   -0.324225 0.000647423
        5777   -0.318534   -0.324224 0.000647312
        5778   -0.322003   -0.324224   0.0006472
        5779   -0.331822   -0.324225 0.000647089
        5780   -0.332024   -0.324226 0.000646979
        5781   -0.325067   -0.324226 0.000646867
        5782   -0.320139   -0.324226 0.000646755
        5783   -0.307458   -0.324223  0.00064665
        5784   -0.292154   -0.324217 0.000646562
        5785   -0.283957    -0.32421 0.000646488
        5786   -0.273994   -0.324202 0.000646434
        5787   -0.292397   -0.324196 0.000646346
        5788   -0.315703   -0.324195 0.000646236
        5789   -0.333222   -0.324196 0.000646126
        5790    -0.35064   -0.324201 0.000646031
        5791   -0.365133   -0.324208 0.000645958
        5792   -0.374051   -0.324217 0.000645904
        5793   -0.363464   -0.324223 0.000645828
        5794   -0.294289   -0.324218 0.000645737
        5795   -0.248072   -0.324205 0.000645759
        5796    -0.31893   -0.324204 0.000645648
        5797   -0.342978   -0.324207 0.000645545
        5798   -0.328365   -0.324208 0.000645434
        5799   -0.335401    -0.32421 0.000645326
        5800   -0.348005   -0.324214 0.000645227
        5801   -0.346902   -0.324218 0.000645128
        5802   -0.337598    -0.32422 0.000645021
        5803   -0.336696   -0.324222 0.000644913
        5804   -0.348429   -0.324227 0.000644816
        5805   -0.352392   -0.324231 0.000644723
        5806   -0.342727   -0.324235  0.00064462
        5807   -0.330081   -0.324236  0.00064451
        5808    -0.33141   -0.324237   0.0006444
        5809   -0.349307   -0.324241 0.000644303
        5810   -0.371688   -0.324249 0.000644244
        5811    -0.38134   -0.324259 0.000644208
        5812   -0.356128   -0.324265 0.000644121
        5813   -0.289617   -0.324259 0.000644037
        5814   -0.297893   -0.324254 0.000643943
        5815   -0.327574   -0.324255 0.000643832
        5816    -0.31088   -0.324252 0.000643726
        5817   -0.294578   -0.324247 0.000643635
        5818   -0.281307    -0.32424 0.000643567
        5819   -0.282604   -0.324233 0.000643496
        5820   -0.326296   -0.324233 0.000643386
        5821   -0.355495   -0.324239 0.000643297
        5822   -0.367388   -0.324246  0.00064323
        5823   -0.374515   -0.324255 0.000643177
        5824   -0.371754   -0.324263 0.000643118
        5825   -0.321637   -0.324262 0.000643008
        5826   -0.215913   -0.324244 0.000643167
        5827   -0.198121   -0.324222  0.00064342
        5828   -0.280213   -0.324214 0.000643354
        5829   -0.306549   -0.324211 0.000643251
        5830   -0.289305   -0.324205 0.000643169
        5831   -0.284063   -0.324199 0.000643095
        5832   -0.299918   -0.324194 0.000642998
        5833   -0.310759   -0.324192 0.000642892
        5834   -0.312848    -0.32419 0.000642785
        5835   -0.311952   -0.324188 0.000642678
        5836   -0.309937   -0.324186 0.000642573
        5837    -0.30404   -0.324182 0.000642472
        5838   -0.285482   -0.324176 0.000642396
        5839   -0.253268   -0.324163 0.000642401
        5840   -0.257196   -0.324152 0.000642393
        5841   -0.294016   -0.324147 0.000642304
        5842   -0.317781   -0.324146 0.000642195
        5843   -0.326734   -0.324146 0.000642085
        5844   -0.316651   -0.324145 0.000641977
        5845   -0.269031   -0.324135 0.000641936
        5846   -0.245589   -0.324122 0.000641967
        5847   -0.278666   -0.324114 0.000641904
        5848   -0.304614   -0.324111 0.000641803
        5849   -0.328161   -0.324112 0.000641694
        5850   -0.328944   -0.324112 0.000641584
        5851    -0.27497   -0.324104  0.00064153
        5852     -0.2131   -0.324085   0.0006417
        5853   -0.247647   -0.324072 0.000641724
        5854   -0.299866   -0.324068 0.000641627
        5855   -0.323262   -0.324068 0.000641518
        5856   -0.377859   -0.324077 0.000641474
        5857   -0.396898   -0.324089 0.000641485
        5858   -0.381676   -0.324099 0.000641451
        5859   -0.341171   -0.324102 0.000641348
        5860   -0.310883     -0.3241 0.000641242
        5861   -0.314522   -0.324098 0.000641135
        5862   -0.333565     -0.3241 0.000641028
        5863    -0.34535   -0.324103 0.000640929
        5864   -0.346425   -0.324107 0.000640831
        5865   -0.358269   -0.324113 0.000640748
        5866   -0.367652    -0.32412 0.000640682
        5867   -0.347467   -0.324124 0.000640585
        5868   -0.300301    -0.32412 0.000640489
        5869   -0.298466   -0.324116 0.000640394
        5870   -0.326324   -0.324116 0.000640285
        5871   -0.321743   -0.324116 0.000640176
        5872   -0.273923   -0.324107 0.000640124
        5873   -0.270672   -0.324098  0.00064008
        5874   -0.309296   -0.324096 0.000639976
        5875   -0.317175   -0.324095 0.000639868
        5876   -0.310002   -0.324092 0.000639764
        5877   -0.297925   -0.324088  0.00063967
        5878   -0.286906   -0.324081 0.000639593
        5879   -0.279063   -0.324074  0.00063953
        5880   -0.274268   -0.324065 0.000639477
        5881   -0.270013   -0.324056 0.000639435
        5882   -0.260153   -0.324045 0.000639418
        5883   -0.247938   -0.324032  0.00063944
        5884   -0.245322   -0.324019 0.000639472
        5885   -0.232943   -0.324003  0.00063955
        5886   -0.225978   -0.323987 0.000639658
        5887   -0.241861   -0.323973 0.000639702
        5888   -0.248465    -0.32396 0.000639722
        5889   -0.246087   -0.323947  0.00063975
        5890   -0.253274   -0.323935 0.000639754
        5891   -0.261513   -0.323924 0.000639733
        5892   -0.262066   -0.323914  0.00063971
        5893   -0.260393   -0.323903 0.000639693
        5894   -0.262564   -0.323893 0.000639669
        5895   -0.267969   -0.323883  0.00063963
        5896   -0.271013   -0.323874 0.000639585
        5897   -0.264009   -0.323864 0.000639557
        5898   -0.248226   -0.323851 0.000639577
        5899   -0.247337   -0.323838   0.0006396
        5900   -0.255468   -0.323827 0.000639597
        5901   -0.264224   -0.323816 0.000639568
        5902   -0.276963   -0.323809 0.000639509
        5903   -0.273285     -0.3238 0.000639458
        5904   -0.243444   -0.323786 0.000639494
        5905   -0.214427   -0.323768 0.000639654
        5906    -0.20485   -0.323748 0.000639863
        5907   -0.209129   -0.323728 0.000640049
        5908   -0.269845   -0.323719 0.000640005
        5909   -0.271784    -0.32371 0.000639957
        5910    -0.24994   -0.323698 0.000639971
        5911   -0.269719   -0.323689 0.000639928
        5912   -0.293721   -0.323684 0.000639839
        5913   -0.301844    -0.32368 0.000639742
        5914   -0.297279   -0.323676 0.000639649
        5915   -0.280589   -0.323668 0.000639583
        5916   -0.260474   -0.323658 0.000639564
        5917   -0.260075   -0.323647 0.000639546
        5918   -0.275709   -0.323639 0.000639489
        5919   -0.286315   -0.323632 0.000639412
        5920   -0.290224   -0.323627 0.000639329
        5921   -0.290296   -0.323621 0.000639246
        5922   -0.284461   -0.323615 0.000639172
        5923   -0.271352   -0.323606 0.000639125
        5924   -0.266172   -0.323596 0.000639091
        5925   -0.282115   -0.323589 0.000639021
        5926   -0.300765   -0.323585 0.000638925
        5927   -0.313146   -0.323583  0.00063882
        5928   -0.322282   -0.323583 0.000638712
        5929   -0.330628   -0.323584 0.000638605
        5930   -0.338526   -0.323587 0.000638503
        5931   -0.342887    -0.32359 0.000638403
        5932   -0.335782   -0.323592 0.000638299
        5933   -0.319882   -0.323592 0.000638192
        5934   -0.319624   -0.323591 0.000638084
        5935   -0.323608   -0.323591 0.000637977
        5936   -0.271607   -0.323582  0.00063793
        5937   -0.313584    -0.32358 0.000637824
        5938   -0.362195   -0.323587  0.00063775
        5939   -0.357302   -0.323593 0.000637668
        5940   -0.342198   -0.323596 0.000637568
        5941   -0.346095     -0.3236 0.000637472
        5942   -0.356706   -0.323605 0.000637389
        5943   -0.353243    -0.32361 0.000637302
        5944   -0.340782   -0.323613 0.000637201
        5945   -0.329044   -0.323614 0.000637094
        5946   -0.326021   -0.323614 0.000636987
        5947   -0.327065   -0.323615  0.00063688
        5948    -0.32679   -0.323615 0.000636774
        5949   -0.315722   -0.323614 0.000636668
        5950   -0.294031   -0.323609  0.00063658
        5951       -0.33    -0.32361 0.000636474
        5952   -0.357814   -0.323616 0.000636393
        5953   -0.359529   -0.323622 0.000636315
        5954   -0.355222   -0.323627  0.00063623
        5955   -0.349936   -0.323632 0.000636139
        5956   -0.340463   -0.323635 0.000636038
        5957   -0.323075   -0.323634 0.000635931
        5958   -0.307763   -0.323632  0.00063583
        5959   -0.301208   -0.323628 0.000635735
        5960   -0.304457   -0.323625 0.000635636
        5961   -0.316857   -0.323624 0.000635531
        5962   -0.303694    -0.32362 0.000635433
        5963   -0.285777   -0.323614 0.000635358
        5964   -0.333907   -0.323616 0.000635254
        5965   -0.367871   -0.323623 0.000635191
        5966   -0.376197   -0.323632 0.000635145
        5967   -0.378579   -0.323641 0.000635106
        5968   -0.373839    -0.32365 0.000635055
        5969   -0.345598   -0.323653 0.000634959
        5970    -0.33404   -0.323655 0.000634855
        5971   -0.380247   -0.323664 0.000634819
        5972   -0.392658   -0.323676 0.000634818
        5973   -0.381525   -0.323686 0.000634786
        5974   -0.374469   -0.323694 0.000634737
        5975    -0.36544   -0.323701 0.000634669
        5976    -0.36634   -0.323708 0.000634603
        5977   -0.376095   -0.323717 0.000634557
        5978    -0.37129   -0.323725 0.000634501
        5979   -0.363236   -0.323732 0.000634429
        5980   -0.360167   -0.323738 0.000634352
        5981   -0.354354   -0.323743 0.000634267
        5982   -0.345073   -0.323746 0.000634171
        5983   -0.339641   -0.323749  0.00063407
        5984   -0.352767   -0.323754 0.000633983
        5985   -0.375669   -0.323763 0.000633936
        5986   -0.390957   -0.323774  0.00063393
        5987   -0.385155   -0.323784 0.000633907
        5988    -0.34263   -0.323787 0.000633809
        5989   -0.309502   -0.323785 0.000633707
        5990   -0.348135   -0.323789 0.000633615
        5991   -0.391549     -0.3238  0.00063361
        5992    -0.39712   -0.323812 0.000633622
        5993   -0.379882   -0.323822 0.000633586
        5994   -0.351988   -0.323827 0.000633497
        5995    -0.29453   -0.323822 0.000633411
        5996   -0.239082   -0.323808 0.000633463
        5997   -0.303879   -0.323804 0.000633366
        5998   -0.367955   -0.323812 0.000633303
        5999   -0.384154   -0.323822 0.000633277
        6000   -0.384866   -0.323832 0.000633253
        6001   -0.368103   -0.323839 0.000633191
        6002   -0.328321    -0.32384 0.000633086
        6003   -0.323083    -0.32384  0.00063298
        6004   -0.297156   -0.323835  0.00063289
        6005   -0.313084   -0.323834 0.000632788
        6006    -0.35306   -0.323838 0.000632701
        6007   -0.363758   -0.323845  0.00063263
        6008   -0.367689   -0.323852 0.000632567
        6009   -0.354091   -0.323857 0.000632482
        6010   -0.318759   -0.323857 0.000632377
        6011   -0.288695   -0.323851 0.000632299
        6012   -0.302965   -0.323847 0.000632204
        6013   -0.318276   -0.323846 0.000632099
        6014   -0.305729   -0.323843 0.000632001
        6015   -0.262037   -0.323833  0.00063198
        6016   -0.257295   -0.323822 0.000631971
        6017   -0.307812   -0.323819 0.000631872
        6018    -0.33988   -0.323822 0.000631773
        6019   -0.339907   -0.323825 0.000631673
        6020   -0.302882   -0.323821 0.000631578
        6021   -0.264726   -0.323811 0.000631549
        6022   -0.292905   -0.323806 0.000631465
        6023   -0.315965   -0.323805 0.000631362
        6024   -0.316297   -0.323804 0.000631258
        6025   -0.297942   -0.323799 0.000631168
        6026   -0.278929   -0.323792 0.000631107
        6027   -0.272871   -0.323783 0.000631059
        6028   -0.282181   -0.323777 0.000630992
        6029   -0.301441   -0.323773 0.000630898
        6030   -0.311325   -0.323771 0.000630797
        6031   -0.310607   -0.323769 0.000630696
        6032   -0.306709   -0.323766 0.000630598
        6033   -0.301926   -0.323762 0.000630504
        6034   -0.297185   -0.323758 0.000630415
        6035   -0.296803   -0.323753 0.000630326
        6036   -0.304676    -0.32375  0.00063023
        6037   -0.316357   -0.323749 0.000630126
        6038   -0.321984   -0.323749 0.000630022
        6039   -0.315286   -0.323747 0.000629919
        6040   -0.294051   -0.323742 0.000629834
        6041   -0.273461   -0.323734 0.000629785
        6042   -0.286164   -0.323728 0.000629711
        6043   -0.304336   -0.323725 0.000629615
        6044   -0.311241   -0.323722 0.000629515
        6045   -0.311628    -0.32372 0.000629414
        6046   -0.300914   -0.323717 0.000629321
        6047   -0.283159    -0.32371 0.000629253
        6048   -0.279973   -0.323703  0.00062919
        6049   -0.291801   -0.323697 0.000629108
        6050   -0.310816   -0.323695 0.000629008
        6051   -0.331204   -0.323697 0.000628905
        6052   -0.332042   -0.323698 0.000628803
        6053   -0.316944   -0.323697   0.0006287
        6054   -0.301402   -0.323693 0.000628607
        6055   -0.288786   -0.323687 0.000628529
        6056   -0.276707    -0.32368 0.000628473
        6057    -0.27282   -0.323671 0.000628426
        6058   -0.274421   -0.323663 0.000628375
        6059   -0.254147   -0.323652 0.000628376
        6060    -0.27273   -0.323643 0.000628328
        6061   -0.292754   -0.323638 0.000628245
        6062   -0.303625   -0.323635  0.00062815
        6063   -0.311983   -0.323633 0.000628049
        6064   -0.316406   -0.323632 0.000627947
        6065   -0.319184   -0.323631 0.000627844
        6066   -0.322188   -0.323631  0.00062774
        6067   -0.323387   -0.323631 0.000627637
        6068   -0.317723    -0.32363 0.000627534
        6069   -0.304335   -0.323627 0.000627439
        6070   -0.298678   -0.323622 0.000627349
        6071   -0.311839   -0.323621 0.000627249
        6072   -0.330143   -0.323622 0.000627146
        6073   -0.340971   -0.323624  0.00062705
        6074   -0.342442   -0.323628 0.000626954
        6075   -0.339498    -0.32363 0.000626856
        6076    -0.33631   -0.323632 0.000626757
        6077   -0.318972   -0.323631 0.000626654
        6078   -0.288751   -0.323626 0.000626577
        6079   -0.315442   -0.323624 0.000626475
        6080    -0.35191   -0.323629  0.00062639
        6081   -0.362365   -0.323635 0.000626319
        6082   -0.372866   -0.323644 0.000626268
        6083   -0.361742    -0.32365 0.000626197
        6084   -0.315843   -0.323649 0.000626095
        6085   -0.271143    -0.32364 0.000626052
        6086   -0.277202   -0.323632 0.000625995
        6087   -0.310776    -0.32363 0.000625896
        6088   -0.353365   -0.323635 0.000625812
        6089     -0.3783   -0.323644 0.000625774
        6090   -0.376324   -0.323653 0.000625731
        6091   -0.356497   -0.323658 0.000625651
        6092   -0.353434   -0.323663 0.000625568
        6093   -0.369055    -0.32367 0.000625509
        6094   -0.369241   -0.323678 0.000625452
        6095   -0.345626   -0.323681 0.000625359
        6096    -0.31668    -0.32368 0.000625258
        6097   -0.308564   -0.323678  0.00062516
        6098   -0.323021   -0.323678 0.000625058
        6099    -0.34474   -0.323681 0.000624965
        6100   -0.358024   -0.323687 0.000624888
        6101   -0.362062   -0.323693 0.000624817
        6102   -0.360329   -0.323699 0.000624743
        6103    -0.34845   -0.323703 0.000624654
        6104   -0.325762   -0.323703 0.000624552
        6105   -0.268581   -0.323694 0.000624515
        6106   -0.298705    -0.32369 0.000624426
        6107   -0.340389   -0.323693  0.00062433
        6108   -0.348419   -0.323697 0.000624241
        6109   -0.359236   -0.323703 0.000624165
        6110   -0.329792   -0.323704 0.000624064
        6111   -0.292823   -0.323699 0.000623982
        6112   -0.272546   -0.323691 0.000623936
        6113   -0.303517   -0.323687 0.000623843
        6114   -0.332521   -0.323689 0.000623743
        6115   -0.347307   -0.323693 0.000623653
        6116   -0.359779   -0.323698 0.000623579
        6117   -0.366432   -0.323705 0.000623516
        6118   -0.360597   -0.323711 0.000623443
        6119   -0.343925   -0.323715  0.00062335
        6120   -0.335498   -0.323717 0.000623251
        6121   -0.340218   -0.323719 0.000623155
        6122   -0.333449   -0.323721 0.000623055
        6123   -0.315027    -0.32372 0.000622955
        6124   -0.315557   -0.323718 0.000622855
        6125   -0.336425    -0.32372 0.000622757
        6126   -0.349603   -0.323725 0.000622669
        6127   -0.352035   -0.323729 0.000622585
        6128   -0.338681   -0.323732 0.000622488
        6129   -0.319199   -0.323731 0.000622387
        6130   -0.330148   -0.323732 0.000622286
        6131   -0.316681   -0.323731 0.000622186
        6132   -0.310566   -0.323729 0.000622088
        6133   -0.313379   -0.323727 0.000621989
        6134   -0.281302    -0.32372 0.000621926
        6135   -0.285888   -0.323714 0.000621855
        6136   -0.327334   -0.323714 0.000621754
        6137    -0.33483   -0.323716 0.000621655
        6138   -0.306229   -0.323713 0.000621561
        6139   -0.303988    -0.32371 0.000621468
        6140   -0.320019    -0.32371 0.000621367
        6141   -0.336271   -0.323712 0.000621269
        6142   -0.332883   -0.323713  0.00062117
        6143   -0.303645    -0.32371 0.000621077
        6144   -0.284454   -0.323703 0.000621009
        6145   -0.304898     -0.3237 0.000620915
        6146   -0.332947   -0.323702 0.000620816
        6147   -0.344769   -0.323705 0.000620725
        6148   -0.328578   -0.323706 0.000620624
        6149   -0.314067   -0.323705 0.000620525
        6150    -0.34455   -0.323708 0.000620434
        6151   -0.361579   -0.323714 0.000620363
        6152   -0.357844    -0.32372 0.000620287
        6153     -0.3539   -0.323725 0.000620206
        6154   -0.356577    -0.32373 0.000620128
        6155   -0.354346   -0.323735 0.000620047
        6156   -0.347015   -0.323739 0.000619958
        6157   -0.354234   -0.323744 0.000619877
        6158   -0.365526    -0.32375 0.000619814
        6159   -0.366384   -0.323757 0.000619752
        6160   -0.354046   -0.323762  0.00061967
        6161   -0.332837   -0.323764 0.000619572
        6162   -0.329365   -0.323765 0.000619472
        6163   -0.328113   -0.323765 0.000619372
        6164   -0.310649   -0.323763 0.000619275
        6165   -0.312769   -0.323761 0.000619177
        6166   -0.338695   -0.323764 0.000619081
        6167   -0.355122   -0.323769 0.000619002
        6168   -0.354295   -0.323774 0.000618921
        6169   -0.346687   -0.323778 0.000618832
        6170   -0.333496   -0.323779 0.000618734
        6171   -0.329452    -0.32378 0.000618634
        6172   -0.333128   -0.323782 0.000618536
        6173   -0.329602   -0.323783 0.000618436
        6174   -0.334774   -0.323784 0.000618339
        6175   -0.340068   -0.323787 0.000618244
        6176    -0.33034   -0.323788 0.000618145
        6177   -0.324097   -0.323788 0.000618045
        6178   -0.326716   -0.323789 0.000617945
        6179   -0.321658   -0.323788 0.000617845
        6180    -0.32067   -0.323788 0.000617745
        6181   -0.326581   -0.323788 0.000617646
        6182   -0.329911   -0.323789 0.000617546
        6183   -0.330302    -0.32379 0.000617447
        6184   -0.328402   -0.323791 0.000617348
        6185   -0.327156   -0.323791 0.000617249
        6186   -0.326374   -0.323792 0.000617149
        6187   -0.323487   -0.323792 0.000617049
        6188   -0.319097   -0.323791  0.00061695
        6189   -0.313021   -0.323789 0.000616853
        6190   -0.305951   -0.323786  0.00061676
        6191   -0.301161   -0.323783 0.000616671
        6192   -0.294755   -0.323778 0.000616589
        6193   -0.280513   -0.323771 0.000616529
        6194   -0.280262   -0.323764  0.00061647
        6195   -0.300153    -0.32376 0.000616382
        6196   -0.311451   -0.323758 0.000616286
        6197   -0.305025   -0.323755 0.000616194
        6198   -0.278751   -0.323748 0.000616137
        6199   -0.261103   -0.323738  0.00061612
        6200   -0.283573   -0.323731 0.000616055
        6201   -0.301595   -0.323728 0.000615966
        6202   -0.305752   -0.323725 0.000615874
        6203   -0.301795   -0.323721 0.000615784
        6204   -0.283423   -0.323715 0.000615719
        6205   -0.249426   -0.323703 0.000615737
        6206   -0.247871   -0.323691 0.000615759
        6207   -0.272874   -0.323683 0.000615714
        6208   -0.280889   -0.323676 0.000615653
        6209   -0.280317   -0.323669 0.000615594
        6210   -0.284791   -0.323662 0.000615526
        6211   -0.290835   -0.323657  0.00061545
        6212   -0.297146   -0.323653 0.000615366
        6213   -0.305624    -0.32365 0.000615274
        6214   -0.312378   -0.323648 0.000615177
        6215   -0.315478   -0.323647  0.00061508
        6216   -0.316949   -0.323646 0.000614982
        6217   -0.317311   -0.323645 0.000614884
        6218   -0.312749   -0.323643 0.000614787
        6219   -0.301622   -0.323639 0.000614698
        6220   -0.292436   -0.323634  0.00061462
        6221   -0.294964    -0.32363 0.000614539
        6222   -0.307982   -0.323627 0.000614445
        6223   -0.319618   -0.323627 0.000614347
        6224   -0.313204   -0.323625  0.00061425
        6225   -0.284472   -0.323619 0.000614184
        6226    -0.27181    -0.32361 0.000614141
        6227   -0.300283   -0.323607 0.000614054
        6228   -0.328406   -0.323607 0.000613956
        6229   -0.338801    -0.32361 0.000613862
        6230   -0.338405   -0.323612 0.000613768
        6231   -0.331096   -0.323613 0.000613671
        6232    -0.31719   -0.323612 0.000613574
        6233   -0.297937   -0.323608 0.000613489
        6234   -0.272444     -0.3236 0.000613445
        6235   -0.244096   -0.323587  0.00061348
        6236   -0.274451   -0.323579 0.000613432
        6237   -0.312897   -0.323578 0.000613336
        6238   -0.321726   -0.323577 0.000613238
        6239   -0.317658   -0.323576  0.00061314
        6240     -0.3023   -0.323573 0.000613051
        6241   -0.280131   -0.323566 0.000612992
        6242   -0.272782   -0.323558 0.000612948
        6243   -0.259215   -0.323548 0.000612937
        6244    -0.25503   -0.323537 0.000612937
        6245   -0.284043    -0.32353 0.000612871
        6246   -0.294005   -0.323526 0.000612791
        6247   -0.276269   -0.323518  0.00061274
        6248   -0.254109   -0.323507 0.000612743
        6249   -0.239832   -0.323494 0.000612791
        6250   -0.256739   -0.323483 0.000612786
        6251    -0.28675   -0.323477 0.000612716
        6252   -0.295563   -0.323473 0.000612634
        6253   -0.291044   -0.323467 0.000612558
        6254   -0.310168   -0.323465 0.000612464
        6255   -0.319779   -0.323465 0.000612366
        6256   -0.313447   -0.323463 0.000612271
        6257   -0.307643   -0.323461 0.000612178
        6258   -0.303026   -0.323457 0.000612089
        6259   -0.301236   -0.323454 0.000612001
        6260   -0.305441   -0.323451  0.00061191
        6261   -0.303806   -0.323448 0.000611821
        6262   -0.300248   -0.323444 0.000611734
        6263   -0.308208   -0.323442 0.000611641
        6264   -0.329475   -0.323443 0.000611544
        6265   -0.339264   -0.323445 0.000611452
        6266   -0.325811   -0.323445 0.000611355
        6267   -0.307417   -0.323443 0.000611262
        6268   -0.280533   -0.323436 0.000611203
        6269   -0.234811   -0.323422 0.000611269
        6270   -0.309145    -0.32342 0.000611176
        6271   -0.353471   -0.323424 0.000611097
        6272   -0.357898    -0.32343 0.000611024
        6273   -0.349387   -0.323434 0.000610941
        6274   -0.311959   -0.323432 0.000610846
        6275   -0.232838   -0.323418  0.00061092
        6276   -0.222044   -0.323402 0.000611036
        6277   -0.284267   -0.323395  0.00061097
        6278    -0.30119   -0.323392 0.000610883
        6279   -0.310974    -0.32339 0.000610789
        6280   -0.319166   -0.323389 0.000610692
        6281   -0.322106   -0.323389 0.000610595
        6282   -0.325855   -0.323389 0.000610498
        6283   -0.321663   -0.323389 0.000610401
        6284    -0.29613   -0.323385 0.000610319
        6285   -0.278814   -0.323378 0.000610263
        6286   -0.285748   -0.323372 0.000610196
        6287   -0.295479   -0.323367 0.000610115
        6288   -0.298779   -0.323363  0.00061003
        6289   -0.294056   -0.323359 0.000609951
        6290   -0.299812   -0.323355 0.000609865
        6291   -0.310365   -0.323353 0.000609772
        6292   -0.312105   -0.323351 0.000609678
        6293   -0.309279   -0.323349 0.000609585
        6294   -0.308554   -0.323346 0.000609493
        6295   -0.310995   -0.323345 0.000609399
        6296   -0.313675   -0.323343 0.000609304
        6297    -0.30977   -0.323341 0.000609211
        6298   -0.294282   -0.323336 0.000609132
        6299   -0.294244   -0.323332 0.000609053
        6300   -0.308033   -0.323329 0.000608961
        6301   -0.295139   -0.323325 0.000608881
        6302   -0.289685   -0.323319 0.000608807
        6303   -0.311829   -0.323318 0.000608714
        6304   -0.314383   -0.323316 0.000608619
        6305   -0.306526   -0.323313 0.000608528
        6306   -0.313395   -0.323312 0.000608433
        6307   -0.319377   -0.323311 0.000608337
        6308   -0.316585    -0.32331 0.000608242
        6309   -0.313568   -0.323309 0.000608147
        6310    -0.31382   -0.323307 0.000608053
        6311   -0.315095   -0.323306 0.000607958
        6312   -0.319215   -0.323305 0.000607862
        6313   -0.323173   -0.323305 0.000607766
        6314   -0.317324   -0.323304  0.00060767
        6315   -0.301802   -0.323301 0.000607583
        6316   -0.296614   -0.323297 0.000607502
        6317   -0.302724   -0.323293 0.000607414
        6318   -0.300262    -0.32329 0.000607329
        6319   -0.290983   -0.323285 0.000607255
        6320   -0.289472   -0.323279 0.000607182
        6321   -0.300182   -0.323276 0.000607097
        6322   -0.302697   -0.323272  0.00060701
        6323   -0.280272   -0.323266 0.000606952
        6324   -0.245079   -0.323253 0.000606982
        6325   -0.180371   -0.323231 0.000607306
        6326   -0.198971   -0.323211 0.000607528
        6327   -0.292032   -0.323206 0.000607452
        6328   -0.292112   -0.323201 0.000607375
        6329   -0.264345   -0.323192 0.000607351
        6330   -0.261676   -0.323182 0.000607333
        6331   -0.278979   -0.323175 0.000607277
        6332    -0.28369   -0.323169 0.000607213
        6333   -0.282355   -0.323162 0.000607151
        6334   -0.285225   -0.323156 0.000607085
        6335   -0.287053   -0.323151 0.000607016
        6336   -0.283774   -0.323144 0.000606952
        6337    -0.27839   -0.323137 0.000606897
        6338   -0.273188    -0.32313 0.000606852
        6339   -0.267454   -0.323121  0.00060682
        6340   -0.263132   -0.323111 0.000606798
        6341   -0.264721   -0.323102 0.000606773
        6342   -0.284916   -0.323096 0.000606707
        6343   -0.311738   -0.323094 0.000606614
        6344   -0.322278   -0.323094 0.000606518
        6345   -0.296868    -0.32309 0.000606437
        6346   -0.260983    -0.32308  0.00060642
        6347   -0.293473   -0.323076 0.000606342
        6348   -0.269855   -0.323067 0.000606305
        6349   -0.279916    -0.32306 0.000606247
        6350   -0.327369   -0.323061 0.000606152
        6351   -0.309518   -0.323059 0.000606061
        6352   -0.254487   -0.323048 0.000606061
        6353   -0.283604   -0.323042 0.000605998
        6354   -0.333375   -0.323044 0.000605905
        6355    -0.34635   -0.323047  0.00060582
        6356   -0.334056   -0.323049 0.000605728
        6357   -0.326878    -0.32305 0.000605633
        6358   -0.339986   -0.323052 0.000605543
        6359   -0.353967   -0.323057 0.000605467
        6360   -0.358859   -0.323063 0.000605398
        6361   -0.343449   -0.323066 0.000605312
        6362   -0.302821   -0.323063 0.000605225
        6363   -0.280917   -0.323056 0.000605166
        6364   -0.304791   -0.323053 0.000605078
        6365   -0.333951   -0.323055 0.000604985
        6366   -0.346345   -0.323059 0.000604901
        6367   -0.346991   -0.323062 0.000604818
        6368   -0.347267   -0.323066 0.000604735
        6369   -0.350586    -0.32307 0.000604655
        6370   -0.354949   -0.323076 0.000604581
        6371   -0.352008    -0.32308 0.000604503
        6372   -0.341274   -0.323083 0.000604415
        6373   -0.333261   -0.323084 0.000604322
        6374   -0.334139   -0.323086  0.00060423
        6375   -0.328002   -0.323087 0.000604136
        6376   -0.305956   -0.323084 0.000604047
        6377   -0.250265   -0.323073  0.00060406
        6378   -0.191294   -0.323052 0.000604319
        6379   -0.277404   -0.323045 0.000604266
        6380   -0.338082   -0.323047 0.000604176
        6381   -0.365595   -0.323054 0.000604118
        6382   -0.368554   -0.323061 0.000604066
        6383   -0.359086   -0.323067 0.000603997
        6384   -0.341174    -0.32307  0.00060391
        6385   -0.328553   -0.323071 0.000603816
        6386   -0.349508   -0.323075 0.000603735
        6387   -0.369875   -0.323082 0.000603685
        6388    -0.34006   -0.323085 0.000603596
        6389   -0.305262   -0.323082 0.000603508
        6390   -0.326738   -0.323082 0.000603414
        6391   -0.329903   -0.323084 0.000603321
        6392   -0.307276   -0.323081 0.000603231
        6393   -0.325876   -0.323082 0.000603137
        6394   -0.373316   -0.323089 0.000603094
        6395   -0.394235     -0.3231 0.000603102
        6396   -0.401383   -0.323113 0.000603132
        6397   -0.395648   -0.323124 0.000603145
        6398   -0.383937   -0.323134 0.000603125
        6399   -0.392333   -0.323144 0.000603128
        6400   -0.418824   -0.323159 0.000603219
        6401   -0.432322   -0.323176 0.000603366
        6402   -0.421925   -0.323192 0.000603469
        6403   -0.399362   -0.323204 0.000603492
        6404   -0.393853   -0.323215 0.000603498
        6405   -0.387908   -0.323225 0.000603488
        6406    -0.39078   -0.323235 0.000603486
        6407   -0.409862   -0.323249 0.000603544
        6408   -0.424885   -0.323265 0.000603658
        6409   -0.435495   -0.323282 0.000603818
        6410   -0.445622   -0.323301 0.000604025
        6411   -0.449054   -0.323321 0.000604249
        6412   -0.433121   -0.323338 0.000604397
        6413   -0.385933   -0.323348 0.000604382
        6414   -0.343482   -0.323351 0.000604296
        6415   -0.360226   -0.323357 0.000604229
        6416   -0.384091   -0.323366 0.000604209
        6417   -0.394193   -0.323377 0.000604216
        6418   -0.399005   -0.323389 0.000604236
        6419   -0.401428   -0.323401 0.000604265
        6420   -0.402162   -0.323413 0.000604295
        6421   -0.401174   -0.323426 0.000604322
        6422   -0.400671   -0.323438 0.000604348
        6423    -0.39937   -0.323449 0.000604369
        6424   -0.390695    -0.32346 0.000604366
        6425   -0.391654   -0.323471 0.000604365
        6426   -0.404354   -0.323483 0.000604402
        6427   -0.389786   -0.323493 0.000604396
        6428   -0.341273   -0.323496 0.000604308
        6429    -0.36571   -0.323503  0.00060425
        6430   -0.406776   -0.323516 0.000604295
        6431   -0.397956   -0.323527 0.000604312
        6432   -0.377078   -0.323536 0.000604275
        6433   -0.374039   -0.323543 0.000604232
        6434   -0.384661   -0.323553 0.000604213
        6435   -0.395244   -0.323564 0.000604222
        6436   -0.403836   -0.323577 0.000604257
        6437   -0.408684    -0.32359 0.000604307
        6438    -0.40696   -0.323603 0.000604352
        6439   -0.387304   -0.323613 0.000604339
        6440   -0.331888   -0.323614 0.000604247
        6441   -0.349476   -0.323618 0.000604166
        6442   -0.404781   -0.323631 0.000604204
        6443   -0.426512   -0.323646 0.000604321
        6444   -0.431735   -0.323663  0.00060446
        6445   -0.420804   -0.323678 0.000604554
        6446   -0.384292   -0.323688 0.000604534
        6447   -0.323791   -0.323688  0.00060444
        6448    -0.33299   -0.323689 0.000604348
        6449   -0.382724   -0.323698 0.000604323
        6450   -0.408131   -0.323711 0.000604371
        6451   -0.415498   -0.323726 0.000604445
        6452   -0.418394    -0.32374  0.00060453
        6453   -0.422649   -0.323756  0.00060463
        6454   -0.424339   -0.323771 0.000604737
        6455   -0.414242   -0.323785 0.000604806
        6456   -0.399413   -0.323797 0.000604826
        6457   -0.397675   -0.323808  0.00060484
        6458   -0.355839   -0.323813 0.000604767
        6459   -0.384356   -0.323823 0.000604746
        6460   -0.403568   -0.323835 0.000604778
        6461   -0.380447   -0.323844 0.000604748
        6462   -0.372296   -0.323851 0.000604701
        6463     -0.3957   -0.323862  0.00060471
        6464   -0.422192   -0.323878 0.000604807
        6465   -0.427081   -0.323894 0.000604925
        6466    -0.41971   -0.323908 0.000605012
        6467   -0.414321   -0.323922  0.00060508
        6468   -0.410922   -0.323936 0.000605136
        6469   -0.400677   -0.323948 0.000605159
        6470   -0.393214   -0.323958  0.00060516
        6471   -0.401495    -0.32397 0.000605185
        6472     -0.4132   -0.323984 0.000605249
        6473   -0.420252   -0.323999 0.000605338
        6474   -0.420525   -0.324014 0.000605428
        6475   -0.397381   -0.324025 0.000605441
        6476   -0.341158   -0.324028 0.000605353
        6477   -0.337869    -0.32403 0.000605263
        6478   -0.373274   -0.324038 0.000605218
        6479   -0.397626   -0.324049 0.000605231
        6480   -0.406486   -0.324062 0.000605271
        6481   -0.399572   -0.324073  0.00060529
        6482   -0.382666   -0.324083 0.000605264
        6483   -0.368744   -0.324089  0.00060521
        6484   -0.368656   -0.324096 0.000605155
        6485   -0.378638   -0.324105  0.00060512
        6486   -0.390558   -0.324115 0.000605114
        6487   -0.399145   -0.324127 0.000605131
        6488   -0.401236   -0.324138 0.000605155
        6489   -0.397543    -0.32415 0.000605167
        6490   -0.385735   -0.324159 0.000605148
        6491   -0.363231   -0.324165 0.000605085
        6492   -0.318002   -0.324164 0.000604992
        6493   -0.272077   -0.324156 0.000604952
        6494   -0.309368   -0.324154 0.000604864
        6495   -0.335407   -0.324156 0.000604773
        6496   -0.356782   -0.324161 0.000604701
        6497   -0.382883    -0.32417 0.000604675
        6498   -0.399462   -0.324181 0.000604693
        6499    -0.40349   -0.324194 0.000604723
        6500   -0.393762   -0.324204 0.000604725
        6501     -0.3717   -0.324212 0.000604676
        6502   -0.353835   -0.324216   0.0006046
        6503   -0.354697   -0.324221 0.000604525
        6504   -0.359256   -0.324226 0.000604456
        6505   -0.353456   -0.324231  0.00060438
        6506   -0.346266   -0.324234 0.000604297
        6507   -0.338181   -0.324236 0.000604208
        6508    -0.33054   -0.324237 0.000604116
        6509   -0.344596    -0.32424 0.000604031
        6510   -0.357761   -0.324245  0.00060396
        6511   -0.347273   -0.324249 0.000603878
        6512   -0.316883   -0.324248 0.000603786
        6513   -0.297698   -0.324244 0.000603707
        6514   -0.264546   -0.324235 0.000603684
        6515    -0.16606    -0.32421 0.000604079
        6516   -0.277434   -0.324203 0.000604029
        6517   -0.317534   -0.324202 0.000603937
        6518   -0.315833   -0.324201 0.000603846
        6519   -0.313228   -0.324199 0.000603756
        6520   -0.311281   -0.324197 0.000603666
        6521   -0.307154   -0.324195  0.00060358
        6522    -0.29926   -0.324191 0.000603499
        6523   -0.294746   -0.324186 0.000603424
        6524   -0.300695   -0.324183 0.000603342
        6525   -0.309705    -0.32418 0.000603253
        6526   -0.313462   -0.324179 0.000603163
        6527   -0.304477   -0.324176 0.000603078
        6528    -0.29554   -0.324171 0.000603002
        6529   -0.314485    -0.32417 0.000602911
        6530   -0.329083   -0.324171 0.000602819
        6531   -0.317838    -0.32417 0.000602728
        6532   -0.301216   -0.324166 0.000602646
        6533   -0.303681   -0.324163 0.000602562
        6534   -0.324118   -0.324163  0.00060247
        6535   -0.337705   -0.324165 0.000602381
        6536   -0.345819   -0.324168 0.000602298
        6537   -0.342042   -0.324171 0.000602212
        6538   -0.255779   -0.324161 0.000602211
        6539   -0.296987   -0.324157 0.000602133
        6540   -0.353268   -0.324161 0.000602057
        6541    -0.36235   -0.324167 0.000601994
        6542    -0.36387   -0.324173 0.000601932
        6543   -0.350262   -0.324177 0.000601853
        6544   -0.304124   -0.324174 0.000601769
        6545   -0.260329   -0.324164 0.000601756
        6546   -0.321705   -0.324164 0.000601665
        6547   -0.336142   -0.324165 0.000601575
        6548   -0.298714   -0.324162 0.000601496
        6549   -0.305696   -0.324159 0.000601411
        6550   -0.300561   -0.324155  0.00060133
        6551   -0.350704   -0.324159 0.000601252
        6552   -0.388696   -0.324169 0.000601241
        6553   -0.394229    -0.32418 0.000601244
        6554   -0.383535   -0.324189  0.00060122
        6555   -0.350073   -0.324193 0.000601142
        6556   -0.311944   -0.324191 0.000601053
        6557   -0.316216    -0.32419 0.000600962
        6558    -0.35035   -0.324194 0.000600884
        6559   -0.364276     -0.3242 0.000600823
        6560   -0.355185   -0.324205  0.00060075
        6561   -0.339967   -0.324207 0.000600664
        6562   -0.332414   -0.324208 0.000600573
        6563   -0.332141   -0.324209 0.000600483
        6564   -0.340134   -0.324212 0.000600397
        6565   -0.339633   -0.324214  0.00060031
        6566   -0.329418   -0.324215 0.000600219
        6567   -0.326854   -0.324215 0.000600128
        6568   -0.332876   -0.324217 0.000600038
        6569   -0.335619   -0.324218 0.000599949
        6570   -0.336981    -0.32422 0.000599861
        6571   -0.340307   -0.324223 0.000599774
        6572   -0.333817   -0.324224 0.000599685
        6573   -0.313954   -0.324223 0.000599596
        6574   -0.296668   -0.324219 0.000599519
        6575   -0.309351   -0.324216 0.000599432
        6576    -0.33172   -0.324217 0.000599342
        6577   -0.343606    -0.32422 0.000599258
        6578   -0.345899   -0.324224 0.000599176
        6579   -0.340928   -0.324226 0.000599091
        6580   -0.334006   -0.324228 0.000599001
        6581   -0.328914   -0.324228 0.000598911
        6582   -0.323008   -0.324228  0.00059882
        6583   -0.311994   -0.324226 0.000598732
        6584    -0.28903   -0.324221 0.000598665
        6585   -0.265187   -0.324212 0.000598641
        6586   -0.263963   -0.324203  0.00059862
        6587   -0.277064   -0.324196 0.000598572
        6588   -0.305477   -0.324193 0.000598488
        6589   -0.301818   -0.324189 0.000598406
        6590   -0.277221   -0.324182 0.000598358
        6591   -0.294239   -0.324178 0.000598284
        6592   -0.310081   -0.324176 0.000598198
        6593   -0.306493   -0.324173 0.000598113
        6594   -0.303879    -0.32417  0.00059803
        6595     -0.3077   -0.324167 0.000597945
        6596   -0.313229   -0.324166 0.000597856
        6597   -0.320042   -0.324165 0.000597766
        6598   -0.324395   -0.324165 0.000597675
        6599   -0.308807   -0.324163 0.000597589
        6600   -0.281122   -0.324156 0.000597534
        6601   -0.294031   -0.324152 0.000597461
        6602   -0.281253   -0.324145 0.000597406
        6603    -0.25354   -0.324135 0.000597411
        6604   -0.269733   -0.324126 0.000597378
        6605   -0.300687   -0.324123 0.000597298
        6606   -0.308455    -0.32412 0.000597212
        6607   -0.304061   -0.324117 0.000597129
        6608   -0.326678   -0.324118 0.000597039
        6609   -0.350446   -0.324122 0.000596962
        6610   -0.355778   -0.324127 0.000596891
        6611   -0.349324    -0.32413 0.000596813
        6612   -0.331049   -0.324131 0.000596723
        6613   -0.306064   -0.324129 0.000596639
        6614   -0.290369   -0.324124 0.000596571
        6615   -0.305964   -0.324121 0.000596487
        6616   -0.334789   -0.324122 0.000596399
        6617   -0.337908   -0.324124 0.000596313
        6618    -0.32179   -0.324124 0.000596223
        6619   -0.312504   -0.324122 0.000596135
        6620   -0.316292   -0.324121 0.000596046
        6621   -0.322759   -0.324121 0.000595956
        6622   -0.329074   -0.324122 0.000595867
        6623   -0.329908   -0.324123 0.000595778
        6624   -0.326822   -0.324123 0.000595688
        6625   -0.316639   -0.324122 0.000595599
        6626   -0.300792   -0.324118 0.000595519
        6627    -0.31192   -0.324117 0.000595432
        6628    -0.31821   -0.324116 0.000595343
        6629   -0.292552   -0.324111 0.000595272
        6630   -0.249359     -0.3241 0.000595289
        6631   -0.228542   -0.324085 0.000595374
        6632   -0.252738   -0.324074 0.000595381
        6633    -0.28005   -0.324068 0.000595329
        6634   -0.293418   -0.324063 0.000595257
        6635   -0.293419   -0.324059 0.000595185
        6636   -0.286022   -0.324053 0.000595123
        6637   -0.276325   -0.324046 0.000595077
        6638   -0.268683   -0.324037 0.000595046
        6639   -0.266406   -0.324029 0.000595019
        6640   -0.269181    -0.32402 0.000594987
        6641   -0.273122   -0.324013 0.000594947
        6642   -0.272153   -0.324005 0.000594908
        6643   -0.262352   -0.323996 0.000594891
        6644   -0.256452   -0.323985 0.000594889
        6645   -0.262815   -0.323976  0.00059487
        6646   -0.265302   -0.323967 0.000594846
        6647   -0.267786   -0.323959 0.000594817
        6648    -0.28097   -0.323952 0.000594763
        6649   -0.289578   -0.323947 0.000594696
        6650   -0.275477    -0.32394 0.000594651
        6651   -0.236605   -0.323927 0.000594706
        6652   -0.234283   -0.323913  0.00059477
        6653   -0.280685   -0.323907 0.000594716
        6654   -0.315452   -0.323906 0.000594628
        6655   -0.323681   -0.323906 0.000594538
        6656   -0.300483   -0.323902 0.000594459
        6657    -0.27339   -0.323895 0.000594419
        6658    -0.28409   -0.323889 0.000594359
        6659   -0.293601   -0.323884 0.000594287
        6660   -0.302782   -0.323881 0.000594207
        6661   -0.312875   -0.323879  0.00059412
        6662   -0.279907   -0.323873 0.000594067
        6663   -0.246848   -0.323861 0.000594091
        6664   -0.231075   -0.323847 0.000594165
        6665   -0.228707   -0.323833 0.000594247
        6666   -0.247887   -0.323821 0.000594267
        6667   -0.276134   -0.323814 0.000594221
        6668   -0.333362   -0.323816 0.000594133
        6669    -0.29466   -0.323811  0.00059406
        6670   -0.160995   -0.323787 0.000594473
        6671   -0.285227   -0.323781 0.000594412
        6672   -0.275395   -0.323774 0.000594367
        6673   -0.246714   -0.323762  0.00059439
        6674   -0.246212   -0.323751 0.000594414
        6675   -0.268425   -0.323742 0.000594383
        6676   -0.286421   -0.323737  0.00059432
        6677   -0.297387   -0.323733 0.000594244
        6678   -0.310604   -0.323731 0.000594159
        6679    -0.30534   -0.323728 0.000594076
        6680   -0.283925   -0.323722 0.000594017
        6681   -0.276691   -0.323715  0.00059397
        6682   -0.290528    -0.32371 0.000593902
        6683   -0.297048   -0.323706 0.000593826
        6684   -0.286706   -0.323701 0.000593763
        6685   -0.261991   -0.323691 0.000593746
        6686   -0.241768   -0.323679 0.000593784
        6687   -0.253479   -0.323669 0.000593788
        6688   -0.282392   -0.323663 0.000593731
        6689   -0.300601   -0.323659 0.000593652
        6690   -0.297245   -0.323655 0.000593577
        6691   -0.256037   -0.323645 0.000593574
        6692   -0.235149   -0.323632 0.000593633
        6693   -0.285297   -0.323626 0.000593572
        6694   -0.320475   -0.323626 0.000593483
        6695   -0.331709   -0.323627 0.000593396
        6696   -0.336988   -0.323629  0.00059331
        6697   -0.336948   -0.323631 0.000593225
        6698   -0.319948    -0.32363 0.000593137
        6699   -0.286402   -0.323625 0.000593074
        6700   -0.285554   -0.323619 0.000593013
        6701   -0.321544   -0.323619 0.000592925
        6702   -0.347596   -0.323622 0.000592847
        6703   -0.336439   -0.323624 0.000592762
        6704   -0.271804   -0.323616 0.000592724
        6705   -0.333252   -0.323618 0.000592637
        6706   -0.383049   -0.323627 0.000592615
        6707   -0.381821   -0.323635  0.00059259
        6708   -0.360571   -0.323641 0.000592527
        6709   -0.326785   -0.323641 0.000592439
        6710   -0.307526   -0.323639 0.000592356
        6711   -0.301871   -0.323636 0.000592276
        6712   -0.267219   -0.323627 0.000592248
        6713    -0.30522   -0.323625 0.000592166
        6714    -0.37249   -0.323632 0.000592122
        6715   -0.399523   -0.323643 0.000592142
        6716   -0.388416   -0.323653 0.000592132
        6717   -0.363307   -0.323659 0.000592074
        6718   -0.349767   -0.323663 0.000591998
        6719   -0.340882   -0.323665 0.000591916
        6720   -0.328674   -0.323666 0.000591828
        6721   -0.331531   -0.323667 0.000591741
        6722   -0.325622   -0.323667 0.000591653
        6723   -0.308896   -0.323665 0.000591569
        6724   -0.327957   -0.323666 0.000591482
        6725   -0.337422   -0.323668 0.000591397
        6726   -0.321778   -0.323668 0.000591309
        6727    -0.29677   -0.323664 0.000591235
        6728   -0.281524   -0.323657  0.00059118
        6729   -0.289054   -0.323652 0.000591115
        6730   -0.295387   -0.323648 0.000591042
        6731    -0.29106   -0.323643 0.000590974
        6732   -0.292562   -0.323639 0.000590904
        6733   -0.299025   -0.323635 0.000590828
        6734   -0.293964    -0.32363 0.000590756
        6735   -0.276414   -0.323623  0.00059071
        6736   -0.277828   -0.323617 0.000590662
        6737   -0.293028   -0.323612 0.000590591
        6738    -0.29709   -0.323608 0.000590517
        6739   -0.280327   -0.323602 0.000590464
        6740    -0.27025   -0.323594  0.00059043
        6741   -0.290785   -0.323589 0.000590362
        6742   -0.290033   -0.323584 0.000590296
        6743     -0.2779   -0.323577 0.000590247
        6744   -0.281363   -0.323571 0.000590193
        6745   -0.293022   -0.323566 0.000590122
        6746   -0.310031   -0.323564 0.000590038
        6747   -0.321084   -0.323564 0.000589951
        6748   -0.318295   -0.323563 0.000589864
        6749   -0.309046   -0.323561 0.000589781
        6750   -0.303142   -0.323558 0.000589701
        6751   -0.276683   -0.323551 0.000589655
        6752   -0.214999   -0.323535 0.000589786
        6753   -0.222242    -0.32352  0.00058989
        6754   -0.319658    -0.32352 0.000589803
        6755   -0.360545   -0.323525 0.000589741
        6756     -0.3745   -0.323533 0.000589702
        6757   -0.380973   -0.323541 0.000589676
        6758    -0.37306   -0.323548 0.000589634
        6759   -0.346514   -0.323552 0.000589557
        6760   -0.317496   -0.323551  0.00058947
        6761   -0.256311   -0.323541 0.000589467
        6762   -0.242118   -0.323529 0.000589503
        6763   -0.306986   -0.323526 0.000589421
        6764   -0.323597   -0.323526 0.000589333
        6765   -0.315749   -0.323525 0.000589247
        6766   -0.355733    -0.32353  0.00058918
        6767   -0.354016   -0.323535  0.00058911
        6768   -0.334456   -0.323536 0.000589025
        6769   -0.326141   -0.323537 0.000588938
        6770   -0.307981   -0.323534 0.000588855
        6771   -0.268547   -0.323526 0.000588824
        6772   -0.291329   -0.323521 0.000588757
        6773   -0.334242   -0.323523 0.000588672
        6774    -0.33618   -0.323525 0.000588588
        6775   -0.320211   -0.323524 0.000588501
        6776   -0.310702   -0.323522 0.000588417
        6777   -0.315055   -0.323521 0.000588332
        6778   -0.328463   -0.323522 0.000588246
        6779   -0.335348   -0.323524 0.000588161
        6780   -0.328351   -0.323524 0.000588075
        6781   -0.316632   -0.323523 0.000587989
        6782   -0.316433   -0.323522 0.000587904
        6783   -0.327949   -0.323523 0.000587817
        6784    -0.33389   -0.323525 0.000587733
        6785   -0.317942   -0.323524 0.000587647
        6786   -0.294647   -0.323519 0.000587575
        6787   -0.285255   -0.323514 0.000587516
        6788   -0.284304   -0.323508 0.000587458
        6789   -0.301748   -0.323505  0.00058738
        6790   -0.314245   -0.323503 0.000587295
        6791   -0.314562   -0.323502  0.00058721
        6792     -0.3216   -0.323502 0.000587124
        6793   -0.333576   -0.323503 0.000587039
        6794   -0.334675   -0.323505 0.000586955
        6795   -0.332009   -0.323506  0.00058687
        6796   -0.340451   -0.323509 0.000586789
        6797   -0.347468   -0.323512 0.000586713
        6798   -0.343768   -0.323515 0.000586634
        6799   -0.334965   -0.323517  0.00058655
        6800   -0.328113   -0.323518 0.000586465
        6801   -0.329178   -0.323518 0.000586379
        6802   -0.342252   -0.323521 0.000586299
        6803   -0.350965   -0.323525 0.000586227
        6804     -0.3447   -0.323528 0.000586149
        6805   -0.340572   -0.323531 0.000586068
        6806   -0.316353    -0.32353 0.000585983
        6807   -0.295565   -0.323526 0.000585911
        6808   -0.324301   -0.323526 0.000585825
        6809   -0.336503   -0.323528 0.000585742
        6810   -0.350009   -0.323532 0.000585669
        6811   -0.378328    -0.32354 0.000585639
        6812   -0.391739    -0.32355 0.000585638
        6813   -0.388894   -0.323559 0.000585631
        6814   -0.380819   -0.323568 0.000585605
        6815   -0.383236   -0.323576 0.000585585
        6816   -0.389671   -0.323586 0.000585579
        6817   -0.388272   -0.323596  0.00058557
        6818   -0.379846   -0.323604 0.000585542
        6819   -0.366106    -0.32361 0.000585489
        6820   -0.357112   -0.323615 0.000585424
        6821   -0.369155   -0.323622 0.000585376
        6822   -0.387472   -0.323631 0.000585365
        6823   -0.397763   -0.323642  0.00058538
        6824   -0.402117   -0.323653 0.000585408
        6825   -0.390989   -0.323663 0.000585405
        6826   -0.340992   -0.323666 0.000585325
        6827   -0.300518   -0.323662 0.000585249
        6828   -0.330518   -0.323663 0.000585164
        6829   -0.370174    -0.32367 0.000585118
        6830   -0.383918   -0.323679 0.000585099
        6831   -0.379792   -0.323687 0.000585071
        6832   -0.371164   -0.323694 0.000585026
        6833   -0.372869   -0.323701 0.000584985
        6834   -0.387066   -0.323711 0.000584973
        6835   -0.401418   -0.323722 0.000584998
        6836   -0.408873   -0.323734 0.000585045
        6837   -0.409887   -0.323747 0.000585095
        6838   -0.405514   -0.323759 0.000585132
        6839   -0.390583   -0.323769 0.000585128
        6840   -0.345668   -0.323772 0.000585051
        6841    -0.32797   -0.323773 0.000584966
        6842   -0.381339   -0.323781 0.000584941
        6843   -0.395548   -0.323792 0.000584949
        6844   -0.387429   -0.323801 0.000584938
        6845   -0.382875   -0.323809 0.000584916
        6846   -0.354412   -0.323814 0.000584847
        6847   -0.301359   -0.323811 0.000584771
        6848   -0.301338   -0.323807 0.000584695
        6849   -0.347234   -0.323811  0.00058462
        6850   -0.368109   -0.323817  0.00058457
        6851   -0.370097   -0.323824 0.000584524
        6852   -0.369318   -0.323831 0.000584476
        6853   -0.362101   -0.323836 0.000584418
        6854   -0.356479   -0.323841 0.000584352
        6855   -0.347935   -0.323845 0.000584277
        6856   -0.337782   -0.323847 0.000584195
        6857   -0.344669    -0.32385 0.000584118
        6858   -0.364934   -0.323856 0.000584064
        6859   -0.373721   -0.323863 0.000584024
        6860   -0.356455   -0.323868 0.000583958
        6861   -0.317508   -0.323867 0.000583873
        6862   -0.291632   -0.323862 0.000583807
        6863   -0.306373   -0.323859 0.000583728
        6864    -0.33684   -0.323861 0.000583646
        6865   -0.333684   -0.323863 0.000583563
        6866   -0.321521   -0.323862 0.000583478
        6867   -0.326322   -0.323863 0.000583393
        6868   -0.341427   -0.323865 0.000583313
        6869   -0.354947    -0.32387 0.000583246
        6870   -0.364892   -0.323876 0.000583192
        6871    -0.36977   -0.323882 0.000583145
        6872   -0.368298   -0.323889 0.000583096
        6873   -0.357853   -0.323894 0.000583032
        6874   -0.335682   -0.323896  0.00058295
        6875   -0.306848   -0.323893  0.00058287
        6876   -0.289388   -0.323888 0.000582807
        6877   -0.292728   -0.323884  0.00058274
        6878   -0.292926   -0.323879 0.000582673
        6879   -0.307673   -0.323877 0.000582593
        6880   -0.327542   -0.323877 0.000582508
        6881   -0.240638   -0.323865 0.000582549
        6882   -0.261143   -0.323856 0.000582536
        6883   -0.343803   -0.323859 0.000582458
        6884   -0.365026   -0.323865 0.000582405
        6885   -0.366678   -0.323871 0.000582353
        6886   -0.329481   -0.323872 0.000582269
        6887   -0.279787   -0.323866  0.00058222
        6888   -0.271908   -0.323858 0.000582184
        6889    -0.28731   -0.323853 0.000582124
        6890   -0.270581   -0.323845 0.000582091
        6891   -0.275418   -0.323838 0.000582049
        6892   -0.303633   -0.323835 0.000581972
        6893   -0.304076   -0.323832 0.000581894
        6894   -0.299202   -0.323829 0.000581821
        6895   -0.324788   -0.323829 0.000581736
        6896   -0.354198   -0.323833 0.000581669
        6897   -0.365681   -0.323839 0.000581616
        6898   -0.368379   -0.323846 0.000581568
        6899   -0.363314   -0.323851 0.000581511
        6900   -0.334153   -0.323853 0.000581429
        6901   -0.284701   -0.323847 0.000581372
        6902   -0.292737   -0.323843 0.000581306
        6903   -0.311798   -0.323841 0.000581224
        6904   -0.292973   -0.323836 0.000581157
        6905   -0.290033   -0.323832 0.000581094
        6906   -0.329317   -0.323832  0.00058101
        6907   -0.356621   -0.323837 0.000580945
        6908   -0.360343   -0.323842 0.000580885
        6909   -0.357189   -0.323847 0.000580821
        6910   -0.356128   -0.323852 0.000580756
        6911   -0.354875   -0.323856 0.000580689
        6912   -0.345957    -0.32386 0.000580614
        6913   -0.331129   -0.323861 0.000580531
        6914   -0.324843   -0.323861 0.000580447
        6915   -0.319992    -0.32386 0.000580363
        6916     -0.3166   -0.323859  0.00058028
        6917   -0.334109   -0.323861 0.000580198
        6918   -0.361727   -0.323866  0.00058014
        6919   -0.377938   -0.323874 0.000580109
        6920   -0.379119   -0.323882  0.00058008
        6921   -0.372449   -0.323889 0.000580039
        6922   -0.362618   -0.323895 0.000579982
        6923   -0.351771   -0.323899 0.000579912
        6924   -0.346892   -0.323902 0.000579838
        6925   -0.353694   -0.323906  0.00057977
        6926   -0.360711   -0.323911 0.000579711
        6927   -0.355954   -0.323916 0.000579646
        6928   -0.331315   -0.323917 0.000579563
        6929   -0.290597   -0.323912 0.000579499
        6930   -0.293569   -0.323908 0.000579432
        6931   -0.343401   -0.323911 0.000579355
        6932    -0.37429   -0.323918 0.000579317
        6933   -0.381416   -0.323926 0.000579293
        6934   -0.380927   -0.323935 0.000579268
        6935   -0.379199   -0.323943 0.000579239
        6936   -0.373543    -0.32395   0.0005792
        6937   -0.359662   -0.323955 0.000579139
        6938   -0.327422   -0.323955 0.000579056
        6939   -0.299918   -0.323952 0.000578983
        6940   -0.353831   -0.323956 0.000578915
        6941   -0.377073   -0.323964 0.000578883
        6942   -0.320055   -0.323963   0.0005788
        6943   -0.248388   -0.323952 0.000578819
        6944   -0.324405   -0.323952 0.000578735
        6945   -0.362576   -0.323958 0.000578679
        6946   -0.388719   -0.323967  0.00057867
        6947   -0.391927   -0.323977  0.00057867
        6948   -0.388184   -0.323986  0.00057866
        6949   -0.388862   -0.323996 0.000578652
        6950    -0.39065   -0.324005 0.000578648
        6951   -0.374921   -0.324013 0.000578612
        6952   -0.329526   -0.324013 0.000578529
        6953   -0.311093   -0.324012 0.000578449
        6954   -0.331241   -0.324013 0.000578366
        6955    -0.33538   -0.324014 0.000578286
        6956   -0.326967   -0.324015 0.000578203
        6957    -0.31059   -0.324013 0.000578123
        6958   -0.295597   -0.324009 0.000578054
        6959   -0.311382   -0.324007 0.000577974
        6960   -0.319332   -0.324006 0.000577891
        6961   -0.306633   -0.324004 0.000577814
        6962   -0.290023   -0.323999 0.000577751
        6963   -0.287885   -0.323994 0.000577691
        6964   -0.294467   -0.323989 0.000577624
        6965    -0.29021   -0.323985 0.000577561
        6966   -0.275661   -0.323978  0.00057752
        6967   -0.271234    -0.32397 0.000577487
        6968   -0.266883   -0.323962 0.000577462
        6969    -0.25551   -0.323952 0.000577463
        6970   -0.251252   -0.323942 0.000577474
        6971     -0.2497   -0.323931  0.00057749
        6972   -0.257066   -0.323921 0.000577486
        6973   -0.279733   -0.323915 0.000577438
        6974   -0.301419   -0.323912 0.000577365
        6975   -0.307126   -0.323909 0.000577287
        6976    -0.30267   -0.323906 0.000577212
        6977   -0.299566   -0.323903  0.00057714
        6978   -0.277067   -0.323896 0.000577096
        6979   -0.265496   -0.323888 0.000577074
        6980   -0.283394   -0.323882 0.000577021
        6981   -0.276197   -0.323875 0.000576978
        6982   -0.260354   -0.323866 0.000576967
        6983   -0.285233    -0.32386 0.000576911
        6984    -0.31972    -0.32386 0.000576829
        6985   -0.329822   -0.323861 0.000576747
        6986   -0.316318    -0.32386 0.000576666
        6987   -0.291821   -0.323855 0.000576601
        6988   -0.288067    -0.32385 0.000576542
        6989   -0.296949   -0.323846 0.000576472
        6990   -0.293126   -0.323842 0.000576406
        6991   -0.292571   -0.323837 0.000576341
        6992   -0.283587   -0.323831 0.000576287
        6993   -0.272125   -0.323824 0.000576252
        6994   -0.281335   -0.323818 0.000576202
        6995   -0.306334   -0.323815 0.000576125
        6996   -0.321461   -0.323815 0.000576043
        6997   -0.319085   -0.323814 0.000575961
        6998   -0.301802   -0.323811 0.000575887
        6999   -0.282536   -0.323805 0.000575835
        7000   -0.258087   -0.323796 0.000575829
        7001   -0.202743   -0.323779 0.000576007
        7002    -0.22939   -0.323765 0.000576082
        7003   -0.310429   -0.323763 0.000576003
        7004   -0.338974   -0.323766 0.000575925
        7005   -0.316415   -0.323764 0.000575844
        7006   -0.253219   -0.323754 0.000575849
        7007   -0.201646   -0.323737 0.000576031
        7008   -0.276921    -0.32373 0.000575987
        7009   -0.348461   -0.323734 0.000575916
        7010    -0.33959   -0.323736 0.000575838
        7011   -0.322316   -0.323736 0.000575756
        7012   -0.270412   -0.323728 0.000575724
        7013   -0.251537   -0.323718 0.000575734
        7014   -0.314321   -0.323717 0.000575654
        7015   -0.370185   -0.323723  0.00057561
        7016   -0.386277   -0.323732 0.000575597
        7017   -0.379808    -0.32374  0.00057557
        7018   -0.368975   -0.323747 0.000575524
        7019   -0.360654   -0.323752 0.000575466
        7020   -0.364978   -0.323758 0.000575414
        7021   -0.379237   -0.323766 0.000575387
        7022   -0.380194   -0.323774 0.000575361
        7023   -0.355809   -0.323778 0.000575297
        7024   -0.340138   -0.323781  0.00057522
        7025   -0.348447   -0.323784 0.000575149
        7026    -0.32419   -0.323784 0.000575067
        7027   -0.319033   -0.323784 0.000574985
        7028   -0.328765   -0.323784 0.000574904
        7029   -0.355071   -0.323789 0.000574839
        7030   -0.362228   -0.323794 0.000574784
        7031   -0.348253   -0.323798 0.000574712
        7032   -0.312482   -0.323796 0.000574633
        7033   -0.257196   -0.323787 0.000574629
        7034   -0.266433   -0.323778 0.000574605
        7035   -0.301047   -0.323775 0.000574533
        7036    -0.30101   -0.323772  0.00057446
        7037   -0.286026   -0.323767 0.000574404
        7038   -0.267829   -0.323759 0.000574377
        7039   -0.256562   -0.323749 0.000574375
        7040   -0.252259   -0.323739 0.000574383
        7041   -0.255855   -0.323729 0.000574382
        7042   -0.264897   -0.323721 0.000574361
        7043   -0.271026   -0.323713 0.000574329
        7044   -0.276901   -0.323707 0.000574286
        7045   -0.286199   -0.323701 0.000574229
        7046   -0.295218   -0.323697 0.000574161
        7047   -0.294997   -0.323693 0.000574094
        7048   -0.275897   -0.323687 0.000574053
        7049   -0.253841   -0.323677 0.000574057
        7050   -0.252792   -0.323667 0.000574064
        7051   -0.219554   -0.323652 0.000574172
        7052    -0.22187   -0.323637 0.000574272
        7053    -0.29105   -0.323633 0.000574209
        7054   -0.326515   -0.323633 0.000574128
        7055   -0.332244   -0.323634 0.000574048
        7056   -0.310545   -0.323633  0.00057397
        7057   -0.255036   -0.323623 0.000573971
        7058   -0.238893   -0.323611 0.000574015
        7059   -0.277898   -0.323604  0.00057397
        7060   -0.304775   -0.323602 0.000573895
        7061   -0.322136   -0.323601 0.000573814
        7062   -0.329884   -0.323602 0.000573733
        7063   -0.328897   -0.323603 0.000573652
        7064   -0.321906   -0.323603 0.000573571
        7065   -0.311581   -0.323601 0.000573492
        7066     -0.3037   -0.323598 0.000573418
        7067   -0.308119   -0.323596 0.000573341
        7068   -0.314158   -0.323595 0.000573262
        7069   -0.304256   -0.323592 0.000573187
        7070   -0.294911   -0.323588  0.00057312
        7071    -0.31018   -0.323586 0.000573043
        7072   -0.320864   -0.323586 0.000572962
        7073   -0.292487   -0.323581 0.000572897
        7074   -0.231045   -0.323568 0.000572966
        7075   -0.271972   -0.323561 0.000572931
        7076   -0.315846    -0.32356 0.000572851
        7077   -0.322256    -0.32356  0.00057277
        7078   -0.322383    -0.32356 0.000572689
        7079   -0.325626    -0.32356 0.000572609
        7080   -0.328495   -0.323561 0.000572528
        7081   -0.319824    -0.32356 0.000572448
        7082    -0.29702   -0.323556 0.000572379
        7083   -0.292437   -0.323552 0.000572315
        7084   -0.330675   -0.323553 0.000572235
        7085    -0.35418   -0.323557 0.000572171
        7086   -0.337369   -0.323559 0.000572093
        7087   -0.328889    -0.32356 0.000572013
        7088   -0.356968   -0.323565 0.000571952
        7089    -0.36788   -0.323571 0.000571905
        7090   -0.360588   -0.323576 0.000571848
        7091   -0.343407   -0.323579 0.000571775
        7092   -0.340263   -0.323581 0.000571699
        7093   -0.357584   -0.323586 0.000571638
        7094   -0.365789   -0.323592 0.000571589
        7095   -0.356804   -0.323597 0.000571527
        7096   -0.340023   -0.323599 0.000571451
        7097   -0.347566   -0.323602 0.000571381
        7098   -0.370182   -0.323609 0.000571338
        7099   -0.376582   -0.323616 0.000571306
        7100   -0.367627   -0.323623  0.00057126
        7101   -0.347992   -0.323626 0.000571189
        7102   -0.325384   -0.323626 0.000571109
        7103   -0.315787   -0.323625  0.00057103
        7104   -0.336081   -0.323627 0.000570952
        7105   -0.324912   -0.323627 0.000570872
        7106   -0.297136   -0.323623 0.000570804
        7107   -0.295488   -0.323619 0.000570737
        7108   -0.312013   -0.323618 0.000570659
        7109    -0.32548   -0.323618 0.000570579
        7110   -0.331864   -0.323619   0.0005705
        7111   -0.336727   -0.323621 0.000570422
        7112   -0.332736   -0.323622 0.000570344
        7113   -0.311557   -0.323621 0.000570266
        7114   -0.317071    -0.32362 0.000570187
        7115   -0.323961    -0.32362 0.000570106
        7116   -0.307161   -0.323617 0.000570031
        7117   -0.284221   -0.323612 0.000569978
        7118   -0.297404   -0.323608  0.00056991
        7119   -0.323476   -0.323608  0.00056983
        7120   -0.348937   -0.323612 0.000569761
        7121   -0.357478   -0.323616   0.0005697
        7122   -0.354886   -0.323621 0.000569637
        7123   -0.347604   -0.323624 0.000569567
        7124   -0.345253   -0.323627 0.000569496
        7125   -0.348163   -0.323631 0.000569426
        7126   -0.346327   -0.323634 0.000569355
        7127   -0.332489   -0.323635 0.000569276
        7128   -0.297879   -0.323632 0.000569208
        7129   -0.292677   -0.323627 0.000569145
        7130   -0.344075    -0.32363 0.000569072
        7131    -0.38918   -0.323639 0.000569067
        7132   -0.390777   -0.323649 0.000569065
        7133   -0.367495   -0.323655 0.000569018
        7134   -0.351681   -0.323659 0.000568952
        7135   -0.357451   -0.323663 0.000568892
        7136   -0.353349   -0.323668 0.000568827
        7137   -0.330262   -0.323669 0.000568748
        7138   -0.314836   -0.323667  0.00056867
        7139   -0.326056   -0.323668 0.000568591
        7140    -0.34322    -0.32367 0.000568517
        7141   -0.345057   -0.323673 0.000568446
        7142   -0.342433   -0.323676 0.000568372
        7143   -0.349445    -0.32368 0.000568304
        7144   -0.358313   -0.323684 0.000568245
        7145   -0.363471    -0.32369 0.000568193
        7146    -0.36273   -0.323696  0.00056814
        7147   -0.355608     -0.3237 0.000568078
        7148   -0.350497   -0.323704 0.000568011
        7149   -0.346645   -0.323707  0.00056794
        7150   -0.334596   -0.323708 0.000567863
        7151   -0.340193   -0.323711 0.000567788
        7152   -0.361409   -0.323716 0.000567733
        7153   -0.367349   -0.323722 0.000567687
        7154   -0.356542   -0.323727 0.000567626
        7155   -0.332447   -0.323728 0.000567548
        7156   -0.304276   -0.323725 0.000567475
        7157   -0.315312   -0.323724 0.000567397
        7158   -0.351296   -0.323728 0.000567331
        7159   -0.361623   -0.323733 0.000567276
        7160    -0.36141   -0.323738 0.000567221
        7161   -0.371459   -0.323745 0.000567181
        7162   -0.382301   -0.323753 0.000567161
        7163   -0.383792   -0.323762 0.000567144
        7164   -0.379689   -0.323769 0.000567118
        7165   -0.370922   -0.323776 0.000567077
        7166   -0.337564   -0.323778 0.000567002
        7167   -0.302837   -0.323775  0.00056693
        7168   -0.326154   -0.323775 0.000566851
        7169    -0.35723    -0.32378 0.000566791
        7170   -0.365512   -0.323786 0.000566742
        7171   -0.368208   -0.323792 0.000566697
        7172   -0.369963   -0.323799 0.000566654
        7173   -0.367384   -0.323805 0.000566608
        7174   -0.359435    -0.32381 0.000566551
        7175   -0.345356   -0.323813  0.00056648
        7176   -0.328623   -0.323813 0.000566401
        7177   -0.322008   -0.323813 0.000566322
        7178   -0.337433   -0.323815 0.000566247
        7179   -0.358748    -0.32382 0.000566189
        7180    -0.36969   -0.323826 0.000566146
        7181    -0.37142   -0.323833 0.000566106
        7182   -0.364772   -0.323838 0.000566056
        7183   -0.348062   -0.323842 0.000565987
        7184   -0.329953   -0.323843 0.000565909
        7185   -0.317006   -0.323842 0.000565831
        7186   -0.291847   -0.323837 0.000565769
        7187   -0.292702   -0.323833 0.000565707
        7188    -0.33232   -0.323834  0.00056563
        7189   -0.359704   -0.323839 0.000565573
        7190   -0.361528   -0.323844 0.000565519
        7191   -0.354317   -0.323849 0.000565456
        7192   -0.333833    -0.32385 0.000565379
        7193   -0.286619   -0.323845 0.000565324
        7194   -0.272286   -0.323838 0.000565291
        7195   -0.315541   -0.323836 0.000565214
        7196   -0.345178   -0.323839 0.000565143
        7197   -0.351066   -0.323843 0.000565077
        7198   -0.353729   -0.323847 0.000565014
        7199   -0.356493   -0.323852 0.000564954
        7200   -0.351202   -0.323856 0.000564888
        7201   -0.322778   -0.323856 0.000564809
        7202   -0.277219   -0.323849 0.000564768
        7203   -0.264793   -0.323841 0.000564749
        7204   -0.286063   -0.323836 0.000564695
        7205   -0.327859   -0.323836 0.000564617
        7206   -0.360935   -0.323841 0.000564562
        7207   -0.359915   -0.323846 0.000564506
        7208   -0.307856   -0.323844 0.000564432
        7209   -0.272255   -0.323837 0.000564399
        7210   -0.315875   -0.323836 0.000564322
        7211   -0.324297   -0.323836 0.000564244
        7212   -0.317752   -0.323835 0.000564166
        7213   -0.335939   -0.323837  0.00056409
        7214   -0.339972   -0.323839 0.000564017
        7215    -0.32829    -0.32384 0.000563939
        7216   -0.333599   -0.323841 0.000563862
        7217   -0.340239   -0.323843 0.000563789
        7218   -0.320684   -0.323843 0.000563711
        7219   -0.302824    -0.32384  0.00056364
        7220   -0.327236    -0.32384 0.000563562
        7221   -0.339726   -0.323843 0.000563489
        7222   -0.330145   -0.323843 0.000563411
        7223   -0.312978   -0.323842 0.000563335
        7224   -0.308245    -0.32384 0.000563261
        7225   -0.344004   -0.323843  0.00056319
        7226   -0.368242   -0.323849 0.000563146
        7227    -0.36489   -0.323854 0.000563097
        7228   -0.355143   -0.323859 0.000563035
        7229   -0.363372   -0.323864 0.000562984
        7230   -0.368099    -0.32387 0.000562939
        7231   -0.362795   -0.323876 0.000562887
        7232   -0.347114   -0.323879 0.000562819
        7233   -0.348604   -0.323882 0.000562751
        7234    -0.35943   -0.323887 0.000562695
        7235   -0.369517   -0.323894 0.000562652
        7236   -0.366909     -0.3239 0.000562606
        7237   -0.364301   -0.323905 0.000562556
        7238   -0.362578    -0.32391 0.000562504
        7239   -0.376932   -0.323918 0.000562474
        7240   -0.397092   -0.323928 0.000562487
        7241   -0.381601   -0.323936 0.000562465
        7242   -0.337506   -0.323938 0.000562391
        7243   -0.363934   -0.323943  0.00056234
        7244   -0.391792   -0.323953 0.000562341
        7245   -0.377946    -0.32396 0.000562312
        7246    -0.35633   -0.323965 0.000562253
        7247   -0.358804   -0.323969 0.000562196
        7248   -0.378695   -0.323977 0.000562169
        7249   -0.395136   -0.323987 0.000562177
        7250   -0.401403   -0.323997 0.000562201
        7251   -0.387587   -0.324006 0.000562192
        7252   -0.348606    -0.32401 0.000562124
        7253   -0.339066   -0.324012 0.000562051
        7254   -0.341561   -0.324014 0.000561978
        7255   -0.311458   -0.324012 0.000561904
        7256   -0.326312   -0.324013 0.000561826
        7257   -0.360698   -0.324018 0.000561772
        7258   -0.362294   -0.324023 0.000561719
        7259    -0.32152   -0.324023 0.000561642
        7260   -0.307523    -0.32402 0.000561569
        7261   -0.344511   -0.324023 0.000561499
        7262   -0.358316   -0.324028 0.000561441
        7263   -0.355177   -0.324032  0.00056138
        7264    -0.34426   -0.324035  0.00056131
        7265   -0.336449   -0.324037 0.000561235
        7266   -0.341824   -0.324039 0.000561163
        7267   -0.356567   -0.324044 0.000561104
        7268   -0.361718   -0.324049 0.000561051
        7269   -0.354966   -0.324053  0.00056099
        7270   -0.341351   -0.324055 0.000560917
        7271   -0.330134   -0.324056 0.000560841
        7272    -0.33092   -0.324057 0.000560765
        7273   -0.336604   -0.324059  0.00056069
        7274   -0.333746    -0.32406 0.000560615
        7275   -0.311021   -0.324058  0.00056054
        7276   -0.237399   -0.324047  0.00056059
        7277   -0.241137   -0.324035 0.000560629
        7278   -0.326179   -0.324035 0.000560552
        7279   -0.351386   -0.324039 0.000560487
        7280   -0.366658   -0.324045 0.000560441
        7281   -0.378323   -0.324052 0.000560413
        7282   -0.384199   -0.324061 0.000560397
        7283   -0.381041   -0.324069 0.000560375
        7284   -0.361546   -0.324074 0.000560322
        7285   -0.322969   -0.324074 0.000560245
        7286   -0.304238   -0.324071 0.000560175
        7287    -0.34839   -0.324074 0.000560108
        7288   -0.380973   -0.324082 0.000560085
        7289   -0.350876   -0.324086  0.00056002
        7290   -0.300272   -0.324082 0.000559953
        7291   -0.290213   -0.324078 0.000559896
        7292   -0.322282   -0.324078 0.000559819
        7293   -0.384935   -0.324086 0.000559804
        7294   -0.417985   -0.324099 0.000559876
        7295   -0.420526   -0.324112 0.000559955
        7296   -0.408206   -0.324123 0.000559997
        7297    -0.36383   -0.324129 0.000559946
        7298   -0.319282   -0.324128  0.00055987
        7299   -0.327465   -0.324129 0.000559794
        7300   -0.328852   -0.324129 0.000559717
        7301    -0.32976    -0.32413 0.000559641
        7302    -0.33433   -0.324132 0.000559566
        7303   -0.331081   -0.324132  0.00055949
        7304   -0.305608    -0.32413  0.00055942
        7305   -0.272954   -0.324123 0.000559387
        7306   -0.277945   -0.324117 0.000559346
        7307   -0.296652   -0.324113 0.000559282
        7308   -0.302715    -0.32411 0.000559213
        7309   -0.314856   -0.324109 0.000559138
        7310   -0.317148   -0.324108 0.000559062
        7311   -0.313766   -0.324106 0.000558988
        7312   -0.312352   -0.324105 0.000558914
        7313    -0.27983   -0.324099  0.00055887
        7314   -0.226897   -0.324085 0.000558952
        7315   -0.247477   -0.324075 0.000558973
        7316   -0.279793   -0.324069  0.00055893
        7317   -0.248044   -0.324058  0.00055895
        7318   -0.224502   -0.324045 0.000559039
        7319   -0.263105   -0.324036 0.000559025
        7320   -0.287776   -0.324032  0.00055897
        7321   -0.280725   -0.324026 0.000558925
        7322   -0.282326    -0.32402 0.000558878
        7323   -0.289699   -0.324015 0.000558821
        7324   -0.292631   -0.324011 0.000558761
        7325   -0.296135   -0.324007 0.000558698
        7326   -0.303618   -0.324004 0.000558629
        7327   -0.305359   -0.324002 0.000558558
        7328   -0.282674   -0.323996  0.00055851
        7329   -0.247163   -0.323986 0.000558533
        7330   -0.263802   -0.323977 0.000558517
        7331   -0.304242   -0.323975 0.000558447
        7332   -0.302492   -0.323972 0.000558379
        7333   -0.300991   -0.323969 0.000558311
        7334   -0.316575   -0.323968 0.000558236
        7335   -0.313811   -0.323966 0.000558162
        7336   -0.291127   -0.323962 0.000558103
        7337   -0.274328   -0.323955 0.000558068
        7338   -0.291277   -0.323951  0.00055801
        7339   -0.311427   -0.323949 0.000557937
        7340   -0.333866    -0.32395 0.000557862
        7341   -0.352626   -0.323954   0.0005578
        7342   -0.358592   -0.323959 0.000557744
        7343   -0.355113   -0.323963 0.000557684
        7344   -0.349742   -0.323967 0.000557619
        7345   -0.356149   -0.323971 0.000557561
        7346   -0.360835   -0.323976 0.000557507
        7347   -0.350225    -0.32398 0.000557443
        7348   -0.339218   -0.323982 0.000557371
        7349   -0.348564   -0.323985 0.000557305
        7350   -0.366583   -0.323991 0.000557259
        7351   -0.366184   -0.323997 0.000557213
        7352   -0.309124   -0.323995 0.000557141
        7353   -0.270066   -0.323987 0.000557113
        7354   -0.332465   -0.323988 0.000557039
        7355   -0.371777   -0.323995 0.000557001
        7356   -0.383421   -0.324003 0.000556984
        7357   -0.377156    -0.32401 0.000556955
        7358   -0.350865   -0.324014 0.000556891
        7359   -0.344954   -0.324017 0.000556823
        7360   -0.362436   -0.324022 0.000556772
        7361   -0.324807   -0.324022 0.000556696
        7362   -0.220865   -0.324008 0.000556797
        7363   -0.178368   -0.323988 0.000557072
        7364   -0.253312   -0.323979 0.000557079
        7365   -0.358594   -0.323983 0.000557024
        7366   -0.371787    -0.32399 0.000556986
        7367   -0.354825   -0.323994 0.000556926
        7368   -0.338282   -0.323996 0.000556854
        7369    -0.33286   -0.323997 0.000556779
        7370   -0.334803   -0.323999 0.000556706
        7371   -0.338445   -0.324001 0.000556634
        7372   -0.343448   -0.324003 0.000556564
        7373   -0.348639   -0.324007 0.000556499
        7374   -0.351035    -0.32401 0.000556436
        7375   -0.330767   -0.324011 0.000556361
        7376    -0.25489   -0.324002 0.000556364
        7377   -0.303923   -0.323999 0.000556296
        7378   -0.349442   -0.324002 0.000556231
        7379   -0.331336   -0.324003 0.000556156
        7380    -0.27933   -0.323997 0.000556114
        7381   -0.231167   -0.323985 0.000556181
        7382   -0.256658   -0.323976  0.00055618
        7383   -0.316601   -0.323975 0.000556106
        7384   -0.338517   -0.323977 0.000556034
        7385   -0.318338   -0.323976 0.000555959
        7386   -0.273737   -0.323969 0.000555926
        7387   -0.266024   -0.323961 0.000555906
        7388   -0.322445   -0.323961  0.00055583
        7389   -0.352343   -0.323965 0.000555768
        7390   -0.329466   -0.323966 0.000555694
        7391   -0.296524   -0.323962 0.000555631
        7392   -0.305228   -0.323959 0.000555562
        7393   -0.325574    -0.32396 0.000555487
        7394   -0.343104   -0.323962 0.000555417
        7395    -0.30299   -0.323959  0.00055535
        7396   -0.275787   -0.323953 0.000555313
        7397   -0.311401   -0.323951  0.00055524
        7398   -0.332342   -0.323952 0.000555166
        7399   -0.350819   -0.323956 0.000555103
        7400   -0.358409   -0.323961 0.000555048
        7401   -0.361392   -0.323966 0.000554996
        7402   -0.353469    -0.32397 0.000554935
        7403   -0.317437   -0.323969 0.000554861
        7404   -0.352994   -0.323973   0.0005548
        7405   -0.409834   -0.323984 0.000554846
        7406   -0.423959   -0.323998 0.000554935
        7407   -0.410777   -0.324009 0.000554984
        7408   -0.376115   -0.324017 0.000554954
        7409   -0.334295   -0.324018  0.00055488
        7410   -0.347615   -0.324021 0.000554815
        7411   -0.390105    -0.32403 0.000554811
        7412   -0.413136   -0.324042 0.000554867
        7413   -0.414089   -0.324054 0.000554925
        7414   -0.400604   -0.324065 0.000554946
        7415   -0.389077   -0.324073 0.000554941
        7416   -0.389661   -0.324082 0.000554936
        7417    -0.37743   -0.324089 0.000554908
        7418   -0.356779   -0.324094 0.000554851
        7419   -0.371626     -0.3241 0.000554813
        7420   -0.379177   -0.324108 0.000554788
        7421   -0.361139   -0.324113 0.000554735
        7422   -0.340448   -0.324115 0.000554665
        7423   -0.333143   -0.324116 0.000554592
        7424   -0.311265   -0.324114  0.00055452
        7425   -0.249119   -0.324104 0.000554537
        7426   -0.272304   -0.324097 0.000554506
        7427   -0.333003   -0.324098 0.000554433
        7428   -0.354359   -0.324102 0.000554373
        7429   -0.356883   -0.324107 0.000554316
        7430   -0.344575    -0.32411 0.000554248
        7431   -0.326306    -0.32411 0.000554174
        7432   -0.312926   -0.324108 0.000554101
        7433   -0.302301   -0.324105 0.000554034
        7434   -0.283616     -0.3241 0.000553987
        7435   -0.263369   -0.324092 0.000553972
        7436    -0.26313   -0.324084 0.000553959
        7437   -0.264889   -0.324076 0.000553941
        7438   -0.263175   -0.324067 0.000553927
        7439   -0.274892   -0.324061 0.000553892
        7440   -0.275332   -0.324054 0.000553857
        7441   -0.240616   -0.324043 0.000553896
        7442   -0.250566   -0.324033 0.000553909
        7443   -0.278243   -0.324027 0.000553869
        7444   -0.285022   -0.324022 0.000553819
        7445   -0.283917   -0.324016 0.000553771
        7446   -0.278484    -0.32401 0.000553731
        7447   -0.264294   -0.324002 0.000553714
        7448   -0.236068   -0.323991 0.000553766
        7449   -0.223036   -0.323977 0.000553857
        7450   -0.262719   -0.323969 0.000553844
        7451   -0.296401   -0.323965 0.000553782
        7452   -0.305254   -0.323963 0.000553713
        7453   -0.303707    -0.32396 0.000553646
        7454   -0.299591   -0.323957 0.000553581
        7455   -0.296541   -0.323953 0.000553519
        7456    -0.30162    -0.32395 0.000553453
        7457   -0.311275   -0.323948 0.000553381
        7458   -0.315995   -0.323947 0.000553308
        7459   -0.315262   -0.323946 0.000553235
        7460   -0.324058   -0.323946 0.000553161
        7461    -0.34111   -0.323948 0.000553092
        7462    -0.34264   -0.323951 0.000553023
        7463   -0.325185   -0.323951 0.000552949
        7464   -0.303391   -0.323948 0.000552882
        7465   -0.295106   -0.323944 0.000552821
        7466   -0.291563    -0.32394 0.000552764
        7467   -0.287712   -0.323935 0.000552712
        7468   -0.272647   -0.323928  0.00055268
        7469   -0.262172    -0.32392 0.000552668
        7470   -0.289355   -0.323915 0.000552613
        7471   -0.312723   -0.323914 0.000552541
        7472   -0.319603   -0.323913 0.000552468
        7473   -0.323046   -0.323913 0.000552394
        7474   -0.325772   -0.323913  0.00055232
        7475   -0.325359   -0.323914 0.000552246
        7476      -0.311   -0.323912 0.000552175
        7477   -0.263678   -0.323904  0.00055216
        7478   -0.238465   -0.323892 0.000552204
        7479   -0.282288   -0.323887 0.000552159
        7480   -0.303895   -0.323884 0.000552091
        7481   -0.284602   -0.323879 0.000552042
        7482   -0.253142   -0.323869  0.00055205
        7483   -0.282241   -0.323864 0.000552004
        7484   -0.311322   -0.323862 0.000551933
        7485   -0.331045   -0.323863  0.00055186
        7486   -0.350606   -0.323867 0.000551797
        7487   -0.366658   -0.323872 0.000551753
        7488   -0.372321   -0.323879 0.000551718
        7489   -0.315418   -0.323878 0.000551645
        7490   -0.146853   -0.323854 0.000552078
        7491    -0.23294   -0.323842 0.000552137
        7492   -0.299243   -0.323839 0.000552073
        7493   -0.322252   -0.323839    0.000552
        7494   -0.348579   -0.323842 0.000551936
        7495   -0.364446   -0.323847 0.000551889
        7496   -0.362519   -0.323852 0.000551839
        7497   -0.336572   -0.323854 0.000551768
        7498   -0.288854   -0.323849 0.000551714
        7499   -0.261947   -0.323841 0.000551703
        7500   -0.277539   -0.323835 0.000551664
        7501   -0.322013   -0.323835  0.00055159
        7502   -0.327608   -0.323835 0.000551517
        7503   -0.315327   -0.323834 0.000551444
        7504   -0.317361   -0.323833 0.000551372
        7505   -0.326562   -0.323834 0.000551298
        7506   -0.331244   -0.323835 0.000551226
        7507   -0.324099   -0.323835 0.000551152
        7508   -0.308988   -0.323833 0.000551082
        7509   -0.299081   -0.323829 0.000551019
        7510   -0.288621   -0.323825 0.000550966
        7511   -0.272082   -0.323818 0.000550935
        7512   -0.289586   -0.323813 0.000550881
        7513   -0.301818    -0.32381 0.000550815
        7514   -0.243453     -0.3238 0.000550846
        7515   -0.241937   -0.323789  0.00055088
        7516   -0.305339   -0.323786 0.000550812
        7517   -0.323593   -0.323786 0.000550739
        7518   -0.322668   -0.323786 0.000550666
        7519   -0.311312   -0.323784 0.000550595
        7520   -0.289432    -0.32378 0.000550541
        7521   -0.275556   -0.323773 0.000550505
        7522   -0.279182   -0.323768 0.000550464
        7523   -0.285131   -0.323762 0.000550414
        7524   -0.288558   -0.323758 0.000550361
        7525   -0.263396    -0.32375 0.000550346
        7526   -0.248238    -0.32374 0.000550365
        7527    -0.22864   -0.323727 0.000550437
        7528   -0.242867   -0.323716 0.000550468
        7529   -0.303246   -0.323714 0.000550402
        7530   -0.335627   -0.323715 0.000550331
        7531   -0.334859   -0.323717  0.00055026
        7532   -0.319886   -0.323716 0.000550187
        7533   -0.297413   -0.323713 0.000550125
        7534   -0.288179   -0.323708 0.000550072
        7535    -0.31025   -0.323706 0.000550002
        7536   -0.340706   -0.323708 0.000549934
        7537   -0.358173   -0.323713  0.00054988
        7538   -0.346041   -0.323716 0.000549815
        7539    -0.24856   -0.323706 0.000549833
        7540   -0.183117   -0.323687 0.000550076
        7541    -0.27587   -0.323681 0.000550039
        7542   -0.329208   -0.323682 0.000549967
        7543   -0.319454   -0.323681 0.000549894
        7544   -0.303856   -0.323679 0.000549828
        7545   -0.316988   -0.323678 0.000549755
        7546    -0.31932   -0.323677 0.000549683
        7547   -0.320241   -0.323677  0.00054961
        7548   -0.317982   -0.323676 0.000549538
        7549    -0.30518   -0.323673 0.000549471
        7550   -0.248164   -0.323663 0.000549489
        7551   -0.243049   -0.323653  0.00054952
        7552   -0.305322    -0.32365 0.000549452
        7553   -0.309606   -0.323648 0.000549383
        7554   -0.309464   -0.323647 0.000549313
        7555   -0.309463   -0.323645 0.000549244
        7556   -0.314406   -0.323643 0.000549172
        7557   -0.329271   -0.323644   0.0005491
        7558   -0.342147   -0.323647 0.000549033
        7559   -0.350973    -0.32365 0.000548972
        7560    -0.35146   -0.323654 0.000548912
        7561   -0.333592   -0.323655 0.000548841
        7562    -0.30634   -0.323653 0.000548773
        7563   -0.308955   -0.323651 0.000548704
        7564   -0.337131   -0.323653 0.000548634
        7565   -0.353914   -0.323657 0.000548576
        7566   -0.353084   -0.323661 0.000548518
        7567   -0.343773   -0.323663 0.000548452
        7568   -0.313868   -0.323662 0.000548381
        7569   -0.260453   -0.323654 0.000548372
        7570   -0.290718   -0.323649 0.000548317
        7571   -0.291565   -0.323645 0.000548261
        7572   -0.321278   -0.323645 0.000548188
        7573   -0.346751   -0.323648 0.000548124
        7574   -0.328856   -0.323649 0.000548053
        7575    -0.29982   -0.323645 0.000547989
        7576   -0.303904   -0.323643 0.000547923
        7577     -0.3178   -0.323642 0.000547851
        7578   -0.312923   -0.323641 0.000547781
        7579   -0.297318   -0.323637  0.00054772
        7580    -0.26986    -0.32363 0.000547693
        7581   -0.228872   -0.323618 0.000547764
        7582   -0.219882   -0.323604 0.000547862
        7583   -0.258666   -0.323595 0.000547857
        7584   -0.288943   -0.323591 0.000547804
        7585   -0.270449   -0.323584 0.000547776
        7586    -0.28862   -0.323579 0.000547723
        7587   -0.299096   -0.323576 0.000547661
        7588   -0.226066   -0.323563 0.000547739
        7589   -0.168767   -0.323543 0.000548047
        7590   -0.247765   -0.323533 0.000548066
        7591   -0.296111   -0.323529 0.000548005
        7592    -0.30224   -0.323526  0.00054794
        7593   -0.288193   -0.323522 0.000547888
        7594   -0.257016   -0.323513 0.000547886
        7595   -0.255254   -0.323504 0.000547887
        7596    -0.29212     -0.3235 0.000547831
        7597   -0.313368   -0.323498  0.00054776
        7598   -0.284165   -0.323493 0.000547713
        7599   -0.224837    -0.32348 0.000547794
        7600   -0.244648    -0.32347  0.00054782
        7601   -0.280521   -0.323464 0.000547778
        7602   -0.293928    -0.32346 0.000547719
        7603   -0.295391   -0.323457  0.00054766
        7604   -0.283101   -0.323451 0.000547613
        7605   -0.273663   -0.323445  0.00054758
        7606    -0.28028   -0.323439 0.000547538
        7607    -0.28937   -0.323435 0.000547484
        7608   -0.290323    -0.32343  0.00054743
        7609   -0.251709   -0.323421 0.000547439
        7610    -0.23724    -0.32341 0.000547484
        7611   -0.278111   -0.323404 0.000547444
        7612    -0.29605     -0.3234 0.000547384
        7613   -0.288021   -0.323395 0.000547332
        7614   -0.211881   -0.323381 0.000547456
        7615   -0.209295   -0.323366 0.000547589
        7616   -0.289861   -0.323361 0.000547535
        7617   -0.293293   -0.323357 0.000547477
        7618   -0.283635   -0.323352  0.00054743
        7619   -0.264748   -0.323344 0.000547412
        7620   -0.262141   -0.323336   0.0005474
        7621   -0.286937   -0.323332 0.000547349
        7622   -0.277679   -0.323326 0.000547309
        7623   -0.239092   -0.323315 0.000547349
        7624   -0.225209   -0.323302 0.000547429
        7625   -0.260679   -0.323294 0.000547418
        7626   -0.287346   -0.323289 0.000547367
        7627   -0.291092   -0.323285 0.000547312
        7628   -0.289189    -0.32328 0.000547258
        7629   -0.282416   -0.323275 0.000547212
        7630   -0.269406   -0.323268 0.000547186
        7631   -0.271432   -0.323261 0.000547157
        7632   -0.263467   -0.323253 0.000547141
        7633   -0.268578   -0.323246 0.000547116
        7634   -0.282062    -0.32324 0.000547071
        7635   -0.284219   -0.323235 0.000547024
        7636   -0.261754   -0.323227 0.000547011
        7637   -0.227739   -0.323215 0.000547082
        7638     -0.2018   -0.323199 0.000547242
        7639   -0.260253   -0.323191 0.000547232
        7640   -0.272735   -0.323184   0.0005472
        7641   -0.265213   -0.323177 0.000547181
        7642   -0.267291   -0.323169 0.000547159
        7643   -0.251349    -0.32316 0.000547168
        7644   -0.265719   -0.323152 0.000547148
        7645   -0.285775   -0.323147 0.000547098
        7646    -0.29272   -0.323143 0.000547041
        7647   -0.294217    -0.32314 0.000546982
        7648   -0.291841   -0.323136 0.000546926
        7649   -0.288316   -0.323131 0.000546874
        7650   -0.285923   -0.323126 0.000546824
        7651   -0.285816   -0.323121 0.000546774
        7652   -0.284725   -0.323116 0.000546726
        7653   -0.273761    -0.32311 0.000546692
        7654   -0.256249   -0.323101 0.000546691
        7655   -0.259125   -0.323093 0.000546683
        7656   -0.275399   -0.323086 0.000546647
        7657   -0.276145    -0.32308  0.00054661
        7658   -0.262581   -0.323072 0.000546596
        7659   -0.259321   -0.323064 0.000546588
        7660   -0.277211   -0.323058 0.000546549
        7661   -0.292457   -0.323054 0.000546492
        7662   -0.297637   -0.323051 0.000546431
        7663   -0.300785   -0.323048 0.000546368
        7664   -0.300984   -0.323045 0.000546304
        7665   -0.288206    -0.32304 0.000546252
        7666    -0.26756   -0.323033 0.000546228
        7667   -0.258421   -0.323025 0.000546222
        7668   -0.264595   -0.323017 0.000546204
        7669   -0.271994   -0.323011 0.000546173
        7670   -0.273887   -0.323004  0.00054614
        7671   -0.268765   -0.322997 0.000546114
        7672   -0.261937   -0.322989 0.000546101
        7673   -0.273561   -0.322983 0.000546068
        7674   -0.297048   -0.322979 0.000546007
        7675   -0.310551   -0.322978 0.000545938
        7676   -0.314822   -0.322977 0.000545868
        7677   -0.312753   -0.322975 0.000545799
        7678   -0.296404   -0.322972 0.000545739
        7679   -0.259885   -0.322964 0.000545729
        7680   -0.234198   -0.322952 0.000545781
        7681   -0.247583   -0.322942 0.000545798
        7682   -0.280507   -0.322937 0.000545755
        7683   -0.303595   -0.322934  0.00054569
        7684   -0.312321   -0.322933  0.00054562
        7685   -0.315507   -0.322932  0.00054555
        7686   -0.319472   -0.322931 0.000545479
        7687    -0.32532   -0.322932 0.000545408
        7688   -0.327949   -0.322932 0.000545338
        7689   -0.317662   -0.322932 0.000545267
        7690   -0.293658   -0.322928  0.00054521
        7691   -0.291243   -0.322924 0.000545154
        7692   -0.307873   -0.322922 0.000545087
        7693   -0.287757   -0.322917 0.000545035
        7694   -0.264204    -0.32291 0.000545018
        7695   -0.263655   -0.322902 0.000545002
        7696   -0.260173   -0.322894 0.000544992
        7697   -0.269388   -0.322887 0.000544965
        7698   -0.256335   -0.322878 0.000544963
        7699    -0.24589   -0.322868 0.000544984
        7700   -0.280695   -0.322863 0.000544941
        7701   -0.305272    -0.32286 0.000544875
        7702   -0.307674   -0.322858 0.000544808
        7703   -0.286422   -0.322854 0.000544757
        7704   -0.235432   -0.322842 0.000544805
        7705   -0.257665   -0.322834   0.0005448
        7706   -0.292485    -0.32283 0.000544743
        7707   -0.295362   -0.322826 0.000544684
        7708   -0.311372   -0.322825 0.000544616
        7709   -0.310278   -0.322823 0.000544547
        7710   -0.272175   -0.322817 0.000544516
        7711   -0.223656   -0.322804 0.000544598
        7712   -0.255472   -0.322795 0.000544597
        7713   -0.308049   -0.322793  0.00054453
        7714   -0.321412   -0.322793 0.000544459
        7715   -0.297113    -0.32279 0.000544399
        7716   -0.261696   -0.322782 0.000544386
        7717    -0.23044    -0.32277 0.000544447
        7718   -0.224176   -0.322757 0.000544526
        7719   -0.245396   -0.322747 0.000544548
        7720   -0.272223    -0.32274 0.000544517
        7721   -0.290909   -0.322736 0.000544462
        7722   -0.300251   -0.322733 0.000544399
        7723   -0.305488   -0.322731 0.000544333
        7724   -0.306283   -0.322729 0.000544267
        7725   -0.297278   -0.322726 0.000544206
        7726   -0.280923    -0.32272 0.000544163
        7727   -0.276484   -0.322714 0.000544125
        7728   -0.273284   -0.322708 0.000544092
        7729   -0.251045   -0.322699 0.000544101
        7730   -0.256363    -0.32269 0.000544098
        7731   -0.302282   -0.322687 0.000544034
        7732   -0.306959   -0.322685 0.000543968
        7733   -0.264584   -0.322678 0.000543949
        7734   -0.260341    -0.32267 0.000543939
        7735   -0.269242   -0.322663 0.000543912
        7736   -0.284818   -0.322658 0.000543864
        7737   -0.294229   -0.322654 0.000543806
        7738   -0.288727    -0.32265 0.000543753
        7739    -0.27672   -0.322644 0.000543715
        7740   -0.280734   -0.322639 0.000543672
        7741   -0.291924   -0.322635 0.000543616
        7742    -0.30398   -0.322632 0.000543552
        7743   -0.305045    -0.32263 0.000543486
        7744    -0.26311   -0.322622  0.00054347
        7745   -0.224676    -0.32261 0.000543547
        7746   -0.273145   -0.322603 0.000543515
        7747   -0.243801   -0.322593  0.00054354
        7748   -0.259965   -0.322585 0.000543529
        7749   -0.315799   -0.322584  0.00054346
        7750   -0.325442   -0.322585  0.00054339
        7751    -0.31756   -0.322584  0.00054332
        7752   -0.307103   -0.322582 0.000543254
        7753   -0.299338   -0.322579 0.000543192
        7754   -0.303096   -0.322576 0.000543128
        7755   -0.318731   -0.322576 0.000543058
        7756   -0.331571   -0.322577 0.000542989
        7757   -0.332841   -0.322578 0.000542921
        7758   -0.326646   -0.322579 0.000542851
        7759   -0.324144   -0.322579 0.000542781
        7760   -0.314614   -0.322578 0.000542712
        7761   -0.267965   -0.322571 0.000542688
        7762   -0.245366   -0.322561 0.000542709
        7763   -0.274358   -0.322555 0.000542675
        7764   -0.307207   -0.322553 0.000542609
        7765   -0.329421   -0.322554 0.000542539
        7766   -0.340006   -0.322556 0.000542474
        7767     -0.3427   -0.322559  0.00054241
        7768   -0.341156   -0.322561 0.000542346
        7769   -0.340045   -0.322563 0.000542281
        7770    -0.34091   -0.322566 0.000542216
        7771   -0.339452   -0.322568 0.000542151
        7772   -0.334117   -0.322569 0.000542083
        7773   -0.327387    -0.32257 0.000542014
        7774   -0.320936    -0.32257 0.000541944
        7775   -0.316755   -0.322569 0.000541875
        7776   -0.319475   -0.322569 0.000541805
        7777   -0.328483   -0.322569 0.000541736
        7778    -0.33548   -0.322571 0.000541669
        7779   -0.335655   -0.322573 0.000541602
        7780   -0.334176   -0.322574 0.000541534
        7781   -0.335436   -0.322576 0.000541467
        7782   -0.326404   -0.322576 0.000541398
        7783   -0.314334   -0.322575 0.000541329
        7784   -0.332905   -0.322577 0.000541262
        7785   -0.345179   -0.322579   0.0005412
        7786   -0.327614    -0.32258 0.000541131
        7787   -0.311539   -0.322579 0.000541063
        7788    -0.30896   -0.322577 0.000540996
        7789   -0.300607   -0.322574 0.000540934
        7790   -0.324414   -0.322574 0.000540865
        7791   -0.364529    -0.32258 0.000540822
        7792   -0.381535   -0.322587 0.000540806
        7793   -0.382393   -0.322595 0.000540791
        7794   -0.383076   -0.322603 0.000540777
        7795   -0.328368   -0.322603 0.000540708
        7796   -0.261423   -0.322596 0.000540696
        7797   -0.339655   -0.322598 0.000540631
        7798   -0.268509   -0.322591 0.000540606
        7799   -0.212358   -0.322577 0.000540722
        7800   -0.321575   -0.322577 0.000540652
        7801   -0.381671   -0.322584 0.000540636
        7802   -0.383734   -0.322592 0.000540623
        7803   -0.372767   -0.322598 0.000540592
        7804   -0.385731   -0.322607 0.000540584
        7805   -0.394769   -0.322616 0.000540594
        7806   -0.378063   -0.322623 0.000540571
        7807   -0.345137   -0.322626 0.000540509
        7808   -0.325432   -0.322626  0.00054044
        7809   -0.338847   -0.322628 0.000540375
        7810   -0.324829   -0.322628 0.000540306
        7811   -0.299798   -0.322626 0.000540245
        7812    -0.31665   -0.322625 0.000540176
        7813   -0.323717   -0.322625 0.000540107
        7814   -0.349301   -0.322628 0.000540049
        7815   -0.368636   -0.322634 0.000540012
        7816   -0.366766    -0.32264 0.000539972
        7817   -0.344326   -0.322643  0.00053991
        7818   -0.297566   -0.322639 0.000539851
        7819   -0.259036   -0.322631 0.000539843
        7820    -0.29562   -0.322628 0.000539785
        7821   -0.324513   -0.322628 0.000539716
        7822   -0.313939   -0.322627 0.000539648
        7823   -0.280514   -0.322622 0.000539606
        7824   -0.260214   -0.322614 0.000539596
        7825   -0.212365     -0.3226 0.000539711
        7826    -0.24526    -0.32259 0.000539732
        7827   -0.294155   -0.322586 0.000539676
        7828   -0.289719   -0.322582 0.000539623
        7829   -0.278326   -0.322576 0.000539584
        7830   -0.277156    -0.32257 0.000539546
        7831   -0.256915   -0.322562 0.000539542
        7832    -0.24163   -0.322552 0.000539572
        7833   -0.261247   -0.322544  0.00053956
        7834    -0.28303   -0.322539 0.000539515
        7835   -0.291575   -0.322535  0.00053946
        7836   -0.294358   -0.322531 0.000539403
        7837   -0.296286   -0.322528 0.000539345
        7838   -0.296956   -0.322525 0.000539286
        7839   -0.291394   -0.322521 0.000539232
        7840   -0.278057   -0.322515 0.000539193
        7841   -0.274552   -0.322509 0.000539159
        7842   -0.291971   -0.322505 0.000539104
        7843    -0.31498   -0.322504 0.000539036
        7844   -0.326409   -0.322505 0.000538968
        7845   -0.320914   -0.322504 0.000538899
        7846   -0.300856   -0.322502 0.000538838
        7847    -0.26177   -0.322494 0.000538824
        7848   -0.231561   -0.322482  0.00053888
        7849   -0.250421   -0.322473  0.00053889
        7850   -0.277346   -0.322467 0.000538852
        7851   -0.298097   -0.322464 0.000538792
        7852   -0.305262   -0.322462 0.000538728
        7853    -0.28184   -0.322457 0.000538684
        7854   -0.248294   -0.322447 0.000538698
        7855   -0.261099    -0.32244 0.000538687
        7856   -0.264252   -0.322432 0.000538669
        7857   -0.260341   -0.322424 0.000538658
        7858   -0.267393   -0.322417 0.000538635
        7859   -0.277425   -0.322412 0.000538597
        7860   -0.282761   -0.322406 0.000538552
        7861   -0.280349   -0.322401  0.00053851
        7862   -0.268744   -0.322394 0.000538485
        7863   -0.255683   -0.322386 0.000538483
        7864   -0.255402   -0.322377 0.000538482
        7865   -0.257976   -0.322369 0.000538476
        7866   -0.256896   -0.322361 0.000538472
        7867   -0.270964   -0.322354 0.000538443
        7868   -0.283392   -0.322349 0.000538397
        7869    -0.29997   -0.322346 0.000538337
        7870   -0.311471   -0.322345  0.00053827
        7871   -0.283111    -0.32234 0.000538225
        7872   -0.218524   -0.322327 0.000538318
        7873   -0.259972   -0.322319 0.000538308
        7874   -0.299707   -0.322316 0.000538247
        7875   -0.314921   -0.322315 0.000538179
        7876   -0.321948   -0.322315 0.000538111
        7877   -0.329928   -0.322316 0.000538044
        7878   -0.337044   -0.322318 0.000537979
        7879   -0.333151   -0.322319 0.000537912
        7880   -0.309774   -0.322318 0.000537846
        7881   -0.297772   -0.322315 0.000537787
        7882    -0.31713   -0.322314 0.000537719
        7883   -0.321866   -0.322314 0.000537651
        7884   -0.299296   -0.322311 0.000537591
        7885   -0.316871    -0.32231 0.000537523
        7886   -0.358189   -0.322315 0.000537474
        7887   -0.364209    -0.32232 0.000537432
        7888   -0.383255   -0.322328  0.00053742
        7889   -0.394116   -0.322337 0.000537428
        7890   -0.391305   -0.322346 0.000537431
        7891   -0.384551   -0.322354 0.000537421
        7892    -0.37521    -0.32236 0.000537395
        7893    -0.36095   -0.322365 0.000537349
        7894   -0.344563   -0.322368 0.000537288
        7895   -0.335096    -0.32237 0.000537223
        7896   -0.336827   -0.322371 0.000537158
        7897   -0.355882   -0.322376 0.000537106
        7898   -0.390028   -0.322384 0.000537107
        7899   -0.411635   -0.322396 0.000537157
        7900   -0.419097   -0.322408 0.000537229
        7901   -0.409606   -0.322419 0.000537274
        7902   -0.362783   -0.322424 0.000537231
        7903   -0.303771   -0.322422 0.000537168
        7904   -0.303584   -0.322419 0.000537105
        7905   -0.342798   -0.322422 0.000537043
        7906   -0.378528   -0.322429 0.000537022
        7907      -0.388   -0.322437 0.000537018
        7908   -0.382376   -0.322445 0.000537004
        7909   -0.376088   -0.322452 0.000536979
        7910   -0.370839   -0.322458 0.000536946
        7911   -0.354201   -0.322462 0.000536893
        7912   -0.319542   -0.322461 0.000536825
        7913   -0.282749   -0.322456 0.000536781
        7914   -0.295349   -0.322453 0.000536724
        7915   -0.302537    -0.32245 0.000536662
        7916   -0.326198   -0.322451 0.000536594
        7917   -0.339594   -0.322453 0.000536531
        7918   -0.342481   -0.322456 0.000536469
        7919   -0.346601   -0.322459  0.00053641
        7920   -0.348763   -0.322462 0.000536353
        7921   -0.346026   -0.322465 0.000536293
        7922   -0.350094   -0.322468 0.000536237
        7923   -0.359487   -0.322473  0.00053619
        7924   -0.356825   -0.322477 0.000536139
        7925   -0.326898   -0.322478 0.000536072
        7926    -0.28612   -0.322473 0.000536024
        7927   -0.286621   -0.322469 0.000535976
        7928   -0.326702   -0.322469 0.000535908
        7929    -0.35734   -0.322474 0.000535859
        7930    -0.36525   -0.322479 0.000535818
        7931   -0.360964   -0.322484 0.000535773
        7932   -0.350223   -0.322487 0.000535717
        7933   -0.319383   -0.322487 0.000535649
        7934   -0.311536   -0.322486 0.000535583
        7935   -0.326855   -0.322486 0.000535516
        7936   -0.279755   -0.322481 0.000535476
        7937   -0.303936   -0.322479 0.000535413
        7938   -0.321603   -0.322478 0.000535346
        7939   -0.319796   -0.322478 0.000535279
        7940   -0.360933   -0.322483 0.000535233
        7941   -0.390687   -0.322492 0.000535235
        7942   -0.396216   -0.322501 0.000535248
        7943   -0.365488   -0.322506 0.000535208
        7944   -0.308721   -0.322504 0.000535143
        7945   -0.340177   -0.322507  0.00053508
        7946   -0.342419   -0.322509 0.000535019
        7947   -0.335894   -0.322511 0.000534954
        7948   -0.325119   -0.322511 0.000534887
        7949   -0.324727   -0.322512  0.00053482
        7950    -0.31956   -0.322511 0.000534753
        7951   -0.365737   -0.322517 0.000534713
        7952   -0.391311   -0.322525 0.000534716
        7953   -0.378993   -0.322532 0.000534696
        7954   -0.375151   -0.322539 0.000534669
        7955   -0.374718   -0.322546 0.000534642
        7956   -0.363874   -0.322551 0.000534601
        7957   -0.364209   -0.322556 0.000534559
        7958   -0.374224   -0.322562 0.000534531
        7959   -0.382647    -0.32257 0.000534517
        7960    -0.38878   -0.322578 0.000534515
        7961   -0.389324   -0.322587 0.000534514
        7962   -0.382179   -0.322594 0.000534499
        7963   -0.369026     -0.3226 0.000534463
        7964   -0.360097   -0.322605 0.000534417
        7965    -0.36062   -0.322609 0.000534371
        7966   -0.358322   -0.322614 0.000534323
        7967   -0.336913   -0.322616 0.000534259
        7968   -0.314384   -0.322615 0.000534193
        7969   -0.324767   -0.322615 0.000534126
        7970   -0.337671   -0.322617 0.000534062
        7971   -0.340784   -0.322619    0.000534
        7972   -0.333384   -0.322621 0.000533935
        7973   -0.317333    -0.32262 0.000533868
        7974   -0.297354   -0.322617 0.000533811
        7975   -0.300768   -0.322614 0.000533751
        7976   -0.333672   -0.322615 0.000533686
        7977   -0.356647    -0.32262 0.000533636
        7978   -0.361118   -0.322624 0.000533591
        7979   -0.344346   -0.322627 0.000533531
        7980   -0.327418   -0.322628 0.000533464
        7981    -0.33817    -0.32263 0.000533401
        7982   -0.348873   -0.322633 0.000533344
        7983   -0.341265   -0.322635 0.000533283
        7984   -0.316706   -0.322635 0.000533216
        7985   -0.297077   -0.322631 0.000533159
        7986   -0.312916    -0.32263 0.000533094
        7987   -0.338904   -0.322632 0.000533031
        7988   -0.354367   -0.322636 0.000532979
        7989   -0.364026   -0.322641 0.000532938
        7990   -0.368871   -0.322647 0.000532902
        7991   -0.358206   -0.322652 0.000532854
        7992   -0.318982   -0.322651 0.000532788
        7993   -0.261246   -0.322643 0.000532776
        7994   -0.211155   -0.322629 0.000532892
        7995   -0.214602   -0.322616 0.000532997
        7996   -0.281764   -0.322611 0.000532955
        7997   -0.335465   -0.322612 0.000532891
        7998    -0.35215   -0.322616 0.000532837
        7999   -0.345299   -0.322619 0.000532778
        8000   -0.325235   -0.322619 0.000532711
        8001   -0.311748   -0.322618 0.000532646
        8002   -0.317971   -0.322617  0.00053258
        8003   -0.333956   -0.322619 0.000532515
        8004   -0.346465   -0.322622 0.000532457
        8005   -0.349584   -0.322625 0.000532401
        8006   -0.340512   -0.322627 0.000532339
        8007   -0.329045   -0.322628 0.000532274
        8008   -0.336086    -0.32263  0.00053221
        8009   -0.335911   -0.322632 0.000532146
        8010   -0.324412   -0.322632  0.00053208
        8011   -0.323587   -0.322632 0.000532013
        8012   -0.304767    -0.32263 0.000531951
        8013    -0.27274   -0.322623 0.000531921
        8014   -0.294213    -0.32262 0.000531867
        8015    -0.33355   -0.322621 0.000531802
        8016   -0.342825   -0.322624 0.000531742
        8017   -0.332135   -0.322625 0.000531677
        8018   -0.325994   -0.322625 0.000531611
        8019   -0.330362   -0.322626 0.000531545
        8020   -0.336502   -0.322628 0.000531482
        8021   -0.341101    -0.32263 0.000531421
        8022   -0.343541   -0.322633 0.000531361
        8023   -0.343289   -0.322636 0.000531301
        8024   -0.341687   -0.322638  0.00053124
        8025   -0.342589    -0.32264 0.000531179
        8026   -0.348311   -0.322644 0.000531123
        8027   -0.355593   -0.322648 0.000531073
        8028    -0.35913   -0.322652 0.000531026
        8029   -0.354099   -0.322656 0.000530974
        8030   -0.340191   -0.322658 0.000530913
        8031   -0.333808    -0.32266 0.000530848
        8032   -0.343374   -0.322662 0.000530788
        8033   -0.354899   -0.322666 0.000530738
        8034   -0.365775   -0.322672 0.000530699
        8035   -0.370967   -0.322678 0.000530667
        8036   -0.369904   -0.322684 0.000530633
        8037   -0.384377   -0.322691 0.000530623
        8038   -0.402469   -0.322701 0.000530649
        8039   -0.406673   -0.322712 0.000530686
        8040   -0.400772   -0.322721 0.000530709
        8041   -0.391168    -0.32273 0.000530711
        8042   -0.380065   -0.322737 0.000530693
        8043   -0.372964   -0.322743 0.000530664
        8044   -0.377686    -0.32275 0.000530642
        8045    -0.38058   -0.322757 0.000530625
        8046   -0.369469   -0.322763  0.00053059
        8047    -0.37322   -0.322769 0.000530562
        8048   -0.400658   -0.322779 0.000530584
        8049   -0.406219   -0.322789 0.000530619
        8050   -0.377625   -0.322796 0.000530597
        8051   -0.356129     -0.3228 0.000530547
        8052   -0.363544   -0.322805 0.000530505
        8053   -0.364241   -0.322811 0.000530465
        8054   -0.362342   -0.322815 0.000530421
        8055   -0.380792   -0.322823 0.000530404
        8056   -0.388653   -0.322831 0.000530402
        8057   -0.388933   -0.322839 0.000530399
        8058   -0.385793   -0.322847 0.000530391
        8059   -0.380904   -0.322854 0.000530374
        8060    -0.37186    -0.32286 0.000530343
        8061   -0.362347   -0.322865   0.0005303
        8062   -0.361503    -0.32287 0.000530256
        8063   -0.346629   -0.322873 0.000530198
        8064   -0.318276   -0.322872 0.000530133
        8065   -0.291868   -0.322868 0.000530081
        8066   -0.288437   -0.322864 0.000530032
        8067   -0.319288   -0.322864 0.000529967
        8068   -0.341145   -0.322866 0.000529906
        8069   -0.349749   -0.322869 0.000529851
        8070   -0.358088   -0.322874 0.000529803
        8071   -0.372173    -0.32288 0.000529773
        8072   -0.378625   -0.322887 0.000529752
        8073     -0.3628   -0.322892  0.00052971
        8074   -0.329741   -0.322892 0.000529645
        8075   -0.322839   -0.322892 0.000529579
        8076   -0.350038   -0.322896 0.000529524
        8077   -0.374642   -0.322902 0.000529497
        8078    -0.37739   -0.322909 0.000529475
        8079   -0.354614   -0.322913 0.000529424
        8080   -0.361245   -0.322918 0.000529379
        8081   -0.381448   -0.322925 0.000529363
        8082    -0.37485   -0.322931 0.000529337
        8083   -0.362031   -0.322936 0.000529294
        8084   -0.368012   -0.322942 0.000529257
        8085   -0.391916    -0.32295 0.000529261
        8086   -0.414599   -0.322961 0.000529317
        8087    -0.42869   -0.322975 0.000529413
        8088   -0.435111   -0.322988 0.000529529
        8089   -0.434659   -0.323002 0.000529643
        8090   -0.424422   -0.323015 0.000529726
        8091   -0.414533   -0.323026 0.000529781
        8092    -0.38931   -0.323034 0.000529779
        8093   -0.341317   -0.323037 0.000529719
        8094   -0.373885   -0.323043  0.00052969
        8095   -0.434174   -0.323057 0.000529803
        8096   -0.462112   -0.323074 0.000530016
        8097   -0.469937   -0.323092  0.00053026
        8098   -0.462951   -0.323109 0.000530476
        8099   -0.441515   -0.323124 0.000530612
        8100   -0.417584   -0.323135 0.000530675
        8101   -0.409691   -0.323146 0.000530717
        8102   -0.425538   -0.323159 0.000530802
        8103   -0.420595   -0.323171 0.000530872
        8104   -0.403292   -0.323181 0.000530899
        8105   -0.417835   -0.323192 0.000530962
        8106   -0.435134   -0.323206 0.000531076
        8107   -0.437079    -0.32322 0.000531196
        8108   -0.437018   -0.323234 0.000531316
        8109   -0.421309   -0.323246 0.000531388
        8110   -0.352259    -0.32325 0.000531335
        8111   -0.411251   -0.323261  0.00053138
        8112   -0.458461   -0.323277 0.000531576
        8113    -0.42958   -0.323291 0.000531672
        8114   -0.362983   -0.323295 0.000531629
        8115   -0.306731   -0.323293 0.000531567
        8116   -0.309366   -0.323292 0.000531504
        8117   -0.360882   -0.323296 0.000531459
        8118   -0.401512   -0.323306 0.000531481
        8119   -0.409507   -0.323317 0.000531521
        8120   -0.414536   -0.323328 0.000531575
        8121   -0.420773    -0.32334 0.000531645
        8122    -0.41708   -0.323351 0.000531704
        8123   -0.401328   -0.323361 0.000531726
        8124   -0.389023   -0.323369 0.000531722
        8125   -0.392138   -0.323377 0.000531724
        8126   -0.399675   -0.323387 0.000531741
        8127   -0.400187   -0.323396  0.00053176
        8128   -0.393344   -0.323405 0.000531764
        8129   -0.392417   -0.323413 0.000531766
        8130   -0.393489   -0.323422 0.000531771
        8131   -0.376304   -0.323429 0.000531745
        8132   -0.359992   -0.323433 0.000531699
        8133   -0.368163   -0.323439 0.000531662
        8134   -0.367958   -0.323444 0.000531624
        8135   -0.371717    -0.32345 0.000531592
        8136   -0.367728   -0.323455 0.000531555
        8137   -0.337631   -0.323457 0.000531492
        8138   -0.333742   -0.323458 0.000531428
        8139   -0.363372   -0.323463 0.000531386
        8140   -0.368881   -0.323469  0.00053135
        8141   -0.334995    -0.32347 0.000531286
        8142   -0.301974   -0.323468 0.000531228
        8143   -0.325474   -0.323468 0.000531162
        8144   -0.368442   -0.323473 0.000531126
        8145   -0.367393   -0.323479 0.000531088
        8146   -0.342404   -0.323481 0.000531028
        8147   -0.324589   -0.323481 0.000530963
        8148   -0.332093   -0.323482 0.000530899
        8149   -0.350611   -0.323486 0.000530844
        8150   -0.357018    -0.32349 0.000530795
        8151   -0.356688   -0.323494 0.000530745
        8152   -0.358121   -0.323498 0.000530697
        8153   -0.355673   -0.323502 0.000530647
        8154   -0.349081   -0.323505 0.000530591
        8155   -0.346225   -0.323508 0.000530533
        8156   -0.355281   -0.323512 0.000530483
        8157   -0.370542   -0.323518 0.000530449
        8158   -0.379049   -0.323524 0.000530427
        8159   -0.370143    -0.32353 0.000530393
        8160   -0.341305   -0.323532 0.000530333
        8161   -0.316917   -0.323531 0.000530268
        8162   -0.314029    -0.32353 0.000530205
        8163   -0.302683   -0.323528 0.000530146
        8164   -0.281078   -0.323523 0.000530106
        8165   -0.282284   -0.323518 0.000530066
        8166   -0.305787   -0.323515 0.000530005
        8167     -0.3204   -0.323515  0.00052994
        8168   -0.316198   -0.323514 0.000529876
        8169   -0.315471   -0.323513 0.000529812
        8170   -0.326351   -0.323513 0.000529748
        8171   -0.328705   -0.323514 0.000529683
        8172   -0.314486   -0.323513 0.000529619
        8173   -0.288124   -0.323509 0.000529572
        8174    -0.25464     -0.3235 0.000529575
        8175   -0.241632    -0.32349 0.000529604
        8176   -0.277785   -0.323485 0.000529569
        8177   -0.304496   -0.323482 0.000529509
        8178   -0.311141   -0.323481 0.000529447
        8179   -0.313673    -0.32348 0.000529384
        8180   -0.317357   -0.323479 0.000529319
        8181   -0.322511   -0.323479 0.000529255
        8182   -0.329537   -0.323479  0.00052919
        8183   -0.339065   -0.323481 0.000529129
        8184     -0.3488   -0.323484 0.000529074
        8185    -0.35025   -0.323488 0.000529019
        8186   -0.334448   -0.323489 0.000528956
        8187   -0.316073   -0.323488 0.000528892
        8188   -0.309819   -0.323486  0.00052883
        8189   -0.301196   -0.323484 0.000528773
        8190    -0.31047   -0.323482 0.000528711
        8191   -0.353234   -0.323486 0.000528659
        8192   -0.392701   -0.323494 0.000528662
        8193   -0.407767   -0.323505 0.000528697
        8194   -0.400547   -0.323514 0.000528716
        8195     -0.3849   -0.323521 0.000528705
        8196   -0.384385   -0.323529 0.000528692
        8197   -0.409186   -0.323539 0.000528731
        8198   -0.433227   -0.323553 0.000528836
        8199   -0.437861   -0.323567 0.000528955
        8200   -0.429704    -0.32358 0.000529049
        8201   -0.419594   -0.323591 0.000529114
        8202   -0.413657   -0.323602 0.000529163
        8203   -0.408072   -0.323613 0.000529199
        8204   -0.398077   -0.323622 0.000529212
        8205   -0.385258   -0.323629 0.000529201
        8206   -0.375331   -0.323635 0.000529174
        8207   -0.372838   -0.323641 0.000529144
        8208   -0.343097   -0.323644 0.000529085
        8209   -0.307125   -0.323642 0.000529024
        8210    -0.33696   -0.323643 0.000528962
        8211   -0.372937   -0.323649 0.000528932
        8212   -0.328755    -0.32365 0.000528868
        8213   -0.269639   -0.323643 0.000528844
        8214   -0.335686   -0.323645 0.000528782
        8215   -0.334656   -0.323646 0.000528719
        8216   -0.312769   -0.323645 0.000528656
        8217   -0.307017   -0.323643 0.000528596
        8218   -0.288038   -0.323639 0.000528549
        8219   -0.262234   -0.323631 0.000528538
        8220   -0.282765   -0.323626 0.000528497
        8221    -0.20645   -0.323612 0.000528625
        8222   -0.249844   -0.323603 0.000528637
        8223   -0.295785     -0.3236 0.000528583
        8224   -0.317215   -0.323599 0.000528519
        8225   -0.324743   -0.323599 0.000528455
        8226   -0.307701   -0.323597 0.000528394
        8227    -0.30282   -0.323594 0.000528336
        8228   -0.322629   -0.323594 0.000528272
        8229   -0.346643   -0.323597 0.000528215
        8230   -0.357117   -0.323601 0.000528167
        8231    -0.32607   -0.323601 0.000528103
        8232   -0.317362   -0.323601 0.000528039
        8233   -0.320363     -0.3236 0.000527975
        8234   -0.311548   -0.323599 0.000527913
        8235   -0.338267   -0.323601 0.000527852
        8236   -0.356502   -0.323605 0.000527803
        8237   -0.369834    -0.32361 0.000527769
        8238   -0.371686   -0.323616 0.000527737
        8239   -0.366635   -0.323621 0.000527699
        8240   -0.346467   -0.323624 0.000527642
        8241   -0.317183   -0.323623 0.000527578
        8242   -0.318034   -0.323623 0.000527515
        8243   -0.336481   -0.323624 0.000527453
        8244   -0.330869   -0.323625  0.00052739
        8245   -0.314354   -0.323624 0.000527327
        8246   -0.335136   -0.323625 0.000527265
        8247   -0.351989   -0.323629 0.000527212
        8248   -0.346938   -0.323632 0.000527156
        8249   -0.325323   -0.323632 0.000527092
        8250   -0.288931   -0.323628 0.000527045
        8251   -0.282412   -0.323623 0.000527005
        8252   -0.298411    -0.32362  0.00052695
        8253   -0.315849   -0.323619 0.000526887
        8254   -0.312594   -0.323617 0.000526825
        8255   -0.306831   -0.323615 0.000526765
        8256   -0.315569   -0.323614 0.000526702
        8257   -0.323823   -0.323614 0.000526638
        8258   -0.325642   -0.323615 0.000526574
        8259   -0.323164   -0.323614 0.000526511
        8260    -0.30075   -0.323612 0.000526454
        8261   -0.263301   -0.323604 0.000526441
        8262   -0.272304   -0.323598 0.000526414
        8263   -0.303935   -0.323596 0.000526356
        8264   -0.322904   -0.323596 0.000526292
        8265   -0.320115   -0.323595 0.000526228
        8266    -0.31573   -0.323594 0.000526166
        8267   -0.318069   -0.323594 0.000526102
        8268   -0.320981   -0.323593 0.000526039
        8269   -0.325132   -0.323594 0.000525975
        8270   -0.317157   -0.323593 0.000525912
        8271   -0.310212   -0.323591 0.000525851
        8272   -0.322035   -0.323591 0.000525788
        8273   -0.327201   -0.323591 0.000525724
        8274   -0.299289   -0.323588 0.000525669
        8275   -0.269741   -0.323582 0.000525646
        8276   -0.302262   -0.323579 0.000525588
        8277   -0.331466    -0.32358 0.000525526
        8278   -0.320517    -0.32358 0.000525463
        8279   -0.301756   -0.323577 0.000525406
        8280   -0.302415   -0.323575 0.000525348
        8281   -0.305643   -0.323573 0.000525289
        8282   -0.301555    -0.32357 0.000525233
        8283   -0.267281   -0.323563 0.000525213
        8284   -0.279265   -0.323558 0.000525177
        8285    -0.30951   -0.323556 0.000525116
        8286   -0.335538   -0.323558 0.000525055
        8287   -0.312464   -0.323556 0.000524993
        8288   -0.279911   -0.323551 0.000524956
        8289   -0.302156   -0.323548   0.0005249
        8290   -0.312172   -0.323547 0.000524838
        8291   -0.315156   -0.323546 0.000524776
        8292   -0.320985   -0.323546 0.000524712
        8293   -0.329373   -0.323546  0.00052465
        8294     -0.3357   -0.323548 0.000524588
        8295   -0.326913   -0.323548 0.000524525
        8296   -0.276272   -0.323543 0.000524493
        8297   -0.239585   -0.323532 0.000524527
        8298   -0.273318   -0.323526 0.000524499
        8299   -0.290659   -0.323522 0.000524451
        8300   -0.290155   -0.323518 0.000524403
        8301    -0.29667   -0.323515  0.00052435
        8302   -0.285863   -0.323511 0.000524306
        8303   -0.290213   -0.323507 0.000524259
        8304   -0.283856   -0.323502 0.000524217
        8305   -0.273458   -0.323496 0.000524189
        8306   -0.296104   -0.323493 0.000524136
        8307   -0.316348   -0.323492 0.000524074
        8308   -0.317448   -0.323491 0.000524011
        8309   -0.308086   -0.323489 0.000523951
        8310   -0.283617   -0.323484  0.00052391
        8311   -0.240765   -0.323474 0.000523942
        8312   -0.266702   -0.323468 0.000523923
        8313   -0.304699   -0.323465 0.000523865
        8314   -0.302449   -0.323463 0.000523808
        8315   -0.303335    -0.32346 0.000523751
        8316   -0.316569   -0.323459 0.000523688
        8317   -0.324532    -0.32346 0.000523625
        8318   -0.319626   -0.323459 0.000523563
        8319   -0.301506   -0.323457 0.000523506
        8320   -0.281026   -0.323451 0.000523468
        8321   -0.287387   -0.323447 0.000523423
        8322   -0.311153   -0.323446 0.000523362
        8323   -0.317772   -0.323445   0.0005233
        8324   -0.298639   -0.323442 0.000523246
        8325   -0.262007   -0.323435 0.000523235
        8326   -0.276053   -0.323429 0.000523203
        8327   -0.348012   -0.323432 0.000523148
        8328    -0.37833   -0.323438 0.000523127
        8329   -0.381014   -0.323445  0.00052311
        8330   -0.361428    -0.32345 0.000523067
        8331    -0.32376    -0.32345 0.000523004
        8332   -0.315546   -0.323449 0.000522942
        8333   -0.323528   -0.323449  0.00052288
        8334   -0.316755   -0.323448 0.000522818
        8335   -0.319558   -0.323448 0.000522755
        8336   -0.328779   -0.323448 0.000522693
        8337   -0.331099   -0.323449 0.000522631
        8338   -0.334449   -0.323451  0.00052257
        8339   -0.341018   -0.323453 0.000522511
        8340   -0.345574   -0.323455 0.000522455
        8341   -0.343914   -0.323458 0.000522399
        8342   -0.331134   -0.323459 0.000522337
        8343   -0.307946   -0.323457 0.000522277
        8344   -0.298496   -0.323454 0.000522223
        8345   -0.317897   -0.323453 0.000522161
        8346   -0.338493   -0.323455 0.000522102
        8347   -0.327499   -0.323456 0.000522039
        8348   -0.285682   -0.323451 0.000521997
        8349    -0.32345   -0.323451 0.000521934
        8350   -0.365373   -0.323456 0.000521896
        8351   -0.376973   -0.323462 0.000521873
        8352   -0.374188   -0.323468 0.000521845
        8353   -0.359016   -0.323473   0.0005218
        8354   -0.335285   -0.323474  0.00052174
        8355   -0.319685   -0.323474 0.000521677
        8356   -0.323596   -0.323474 0.000521615
        8357   -0.329594   -0.323474 0.000521553
        8358   -0.332157   -0.323475 0.000521492
        8359    -0.33543   -0.323477 0.000521431
        8360   -0.333942   -0.323478  0.00052137
        8361   -0.335175    -0.32348  0.00052131
        8362   -0.336986   -0.323481  0.00052125
        8363   -0.326571   -0.323482 0.000521188
        8364   -0.301282   -0.323479 0.000521132
        8365   -0.276686   -0.323473   0.0005211
        8366   -0.257323   -0.323465 0.000521098
        8367    -0.26928   -0.323459 0.000521076
        8368   -0.302437   -0.323456  0.00052102
        8369   -0.311775   -0.323455 0.000520959
        8370   -0.283648    -0.32345 0.000520919
        8371   -0.235342    -0.32344 0.000520963
        8372   -0.236502   -0.323429 0.000521004
        8373   -0.255838   -0.323421 0.000521004
        8374    -0.30938    -0.32342 0.000520945
        8375   -0.339674   -0.323422 0.000520886
        8376     -0.3213   -0.323421 0.000520824
        8377   -0.315201    -0.32342 0.000520763
        8378   -0.326922   -0.323421 0.000520701
        8379   -0.309491   -0.323419 0.000520641
        8380   -0.294916   -0.323416  0.00052059
        8381   -0.297635   -0.323413 0.000520537
        8382    -0.30064    -0.32341 0.000520482
        8383   -0.294443   -0.323406 0.000520432
        8384   -0.292861   -0.323403 0.000520382
        8385   -0.298846     -0.3234 0.000520329
        8386   -0.312255   -0.323399 0.000520268
        8387   -0.327856   -0.323399 0.000520206
        8388    -0.33225     -0.3234 0.000520145
        8389    -0.32735   -0.323401 0.000520084
        8390   -0.322416     -0.3234 0.000520022
        8391   -0.326134   -0.323401  0.00051996
        8392   -0.335672   -0.323402   0.0005199
        8393   -0.342183   -0.323404 0.000519843
        8394   -0.344019   -0.323407 0.000519787
        8395   -0.344942   -0.323409 0.000519731
        8396   -0.348013   -0.323412 0.000519677
        8397   -0.345706   -0.323415 0.000519622
        8398   -0.325184   -0.323415 0.000519561
        8399   -0.300183   -0.323413 0.000519506
        8400   -0.310108   -0.323411 0.000519447
        8401   -0.307254   -0.323409 0.000519388
        8402   -0.275969   -0.323403 0.000519357
        8403   -0.260108   -0.323396  0.00051935
        8404   -0.328526   -0.323396 0.000519289
        8405   -0.367319   -0.323402 0.000519253
        8406   -0.344785   -0.323404 0.000519198
        8407   -0.269378   -0.323398 0.000519176
        8408   -0.221008   -0.323386 0.000519257
        8409   -0.285774   -0.323381 0.000519214
        8410   -0.342771   -0.323383 0.000519157
        8411   -0.330142   -0.323384 0.000519096
        8412   -0.270384   -0.323378 0.000519073
        8413   -0.272666   -0.323372 0.000519046
        8414   -0.298329   -0.323369 0.000518993
        8415   -0.296436   -0.323366 0.000518941
        8416   -0.293144   -0.323362 0.000518892
        8417    -0.29795   -0.323359 0.000518839
        8418   -0.301831   -0.323357 0.000518784
        8419   -0.302736   -0.323354 0.000518728
        8420   -0.306762   -0.323352  0.00051867
        8421   -0.308078    -0.32335 0.000518612
        8422   -0.303719   -0.323348 0.000518555
        8423   -0.289715   -0.323344 0.000518509
        8424    -0.27522   -0.323338 0.000518479
        8425   -0.245599   -0.323329   0.0005185
        8426   -0.217979   -0.323317 0.000518589
        8427   -0.273371   -0.323311 0.000518561
        8428   -0.292989   -0.323307 0.000518512
        8429   -0.275172   -0.323301 0.000518482
        8430   -0.282643   -0.323297 0.000518443
        8431   -0.300758   -0.323294 0.000518388
        8432   -0.314137   -0.323293 0.000518328
        8433   -0.321629   -0.323293 0.000518267
        8434   -0.333048   -0.323294 0.000518206
        8435   -0.346238   -0.323296 0.000518152
        8436   -0.349186     -0.3233   0.0005181
        8437   -0.333352   -0.323301  0.00051804
        8438   -0.306335   -0.323299 0.000517982
        8439   -0.302333   -0.323296 0.000517927
        8440   -0.342132   -0.323298  0.00051787
        8441   -0.369767   -0.323304 0.000517838
        8442   -0.374037    -0.32331 0.000517812
        8443   -0.364246   -0.323315 0.000517773
        8444   -0.324264   -0.323315 0.000517712
        8445   -0.281947    -0.32331 0.000517674
        8446   -0.301042   -0.323307 0.000517619
        8447   -0.311255   -0.323306  0.00051756
        8448   -0.290798   -0.323302 0.000517513
        8449   -0.293439   -0.323299 0.000517464
        8450   -0.333736     -0.3233 0.000517404
        8451    -0.35401   -0.323303 0.000517355
        8452   -0.363406   -0.323308 0.000517316
        8453   -0.361653   -0.323313 0.000517275
        8454   -0.342298   -0.323315 0.000517218
        8455   -0.317714   -0.323314 0.000517158
        8456   -0.324296   -0.323314 0.000517096
        8457   -0.342728   -0.323317  0.00051704
        8458   -0.327127   -0.323317 0.000516979
        8459   -0.294574   -0.323314  0.00051693
        8460   -0.297319   -0.323311 0.000516878
        8461   -0.312782   -0.323309 0.000516818
        8462   -0.346784   -0.323312 0.000516764
        8463   -0.372305   -0.323318 0.000516736
        8464   -0.381802   -0.323325 0.000516721
        8465   -0.381382   -0.323332 0.000516705
        8466   -0.381194   -0.323339 0.000516689
        8467   -0.385302   -0.323346  0.00051668
        8468   -0.383271   -0.323353 0.000516668
        8469    -0.38918   -0.323361 0.000516665
        8470   -0.405103    -0.32337 0.000516694
        8471    -0.38919   -0.323378 0.000516692
        8472   -0.342557    -0.32338 0.000516636
        8473   -0.322714    -0.32338 0.000516575
        8474   -0.354041   -0.323384 0.000516526
        8475   -0.391519   -0.323392 0.000516528
        8476   -0.406671   -0.323402 0.000516561
        8477   -0.403484   -0.323411 0.000516586
        8478   -0.408132   -0.323421 0.000516622
        8479    -0.42952   -0.323434 0.000516712
        8480   -0.432701   -0.323447 0.000516812
        8481   -0.395619   -0.323455 0.000516821
        8482   -0.347141   -0.323458 0.000516768
        8483   -0.365885   -0.323463 0.000516731
        8484   -0.389135   -0.323471 0.000516728
        8485   -0.373953   -0.323477 0.000516701
        8486   -0.371086   -0.323482 0.000516671
        8487   -0.395458   -0.323491  0.00051668
        8488   -0.412317   -0.323501 0.000516725
        8489   -0.413314   -0.323512 0.000516772
        8490   -0.394958    -0.32352  0.00051678
        8491   -0.344469   -0.323523 0.000516725
        8492   -0.329624   -0.323523 0.000516665
        8493   -0.336537   -0.323525 0.000516606
        8494   -0.334228   -0.323526 0.000516547
        8495   -0.357494    -0.32353 0.000516501
        8496   -0.353036   -0.323534 0.000516452
        8497   -0.341208   -0.323536 0.000516396
        8498   -0.334767   -0.323537 0.000516337
        8499   -0.314701   -0.323536 0.000516277
        8500   -0.327951   -0.323537 0.000516216
        8501   -0.358085   -0.323541 0.000516172
        8502   -0.356218   -0.323544 0.000516125
        8503   -0.353516   -0.323548 0.000516077
        8504   -0.355146   -0.323552 0.000516029
        8505   -0.350834   -0.323555 0.000515979
        8506   -0.333823   -0.323556 0.000515919
        8507   -0.331874   -0.323557  0.00051586
        8508   -0.348142    -0.32356 0.000515807
        8509   -0.348279   -0.323563 0.000515755
        8510   -0.329948   -0.323564 0.000515695
        8511   -0.311766   -0.323562 0.000515636
        8512   -0.323661   -0.323562 0.000515575
        8513   -0.304565    -0.32356  0.00051552
        8514    -0.20629   -0.323546 0.000515643
        8515    -0.26887    -0.32354 0.000515622
        8516   -0.312938   -0.323539 0.000515563
        8517    -0.32031   -0.323538 0.000515503
        8518   -0.320156   -0.323538 0.000515443
        8519   -0.318984   -0.323537 0.000515382
        8520   -0.316551   -0.323536 0.000515323
        8521   -0.311615   -0.323535 0.000515264
        8522   -0.311528   -0.323534 0.000515205
        8523   -0.322267   -0.323534 0.000515145
        8524   -0.329238   -0.323534 0.000515085
        8525   -0.322684   -0.323534 0.000515025
        8526   -0.316395   -0.323533 0.000514965
        8527   -0.315145   -0.323532 0.000514905
        8528   -0.313879   -0.323531 0.000514846
        8529   -0.318893   -0.323531 0.000514786
        8530   -0.323847   -0.323531 0.000514726
        8531   -0.334548   -0.323532 0.000514667
        8532   -0.351078   -0.323535 0.000514617
        8533   -0.354116   -0.323539 0.000514569
        8534   -0.342283   -0.323541 0.000514513
        8535    -0.32564   -0.323541 0.000514453
        8536   -0.321011   -0.323541 0.000514393
        8537   -0.345232   -0.323543 0.000514339
        8538   -0.365577   -0.323548 0.000514302
        8539   -0.349788   -0.323551 0.000514251
        8540   -0.292897   -0.323548 0.000514204
        8541   -0.283601   -0.323543 0.000514165
        8542   -0.293766    -0.32354 0.000514116
        8543   -0.294434   -0.323536 0.000514067
        8544   -0.277806   -0.323531 0.000514035
        8545   -0.273015   -0.323525 0.000514009
        8546   -0.275435   -0.323519  0.00051398
        8547   -0.304605   -0.323517 0.000513924
        8548   -0.327631   -0.323518 0.000513864
        8549   -0.327085   -0.323518 0.000513804
        8550   -0.316083   -0.323517 0.000513745
        8551   -0.307889   -0.323515 0.000513688
        8552   -0.305911   -0.323513 0.000513632
        8553   -0.287412   -0.323509  0.00051359
        8554   -0.268623   -0.323503  0.00051357
        8555   -0.290376   -0.323499 0.000513524
        8556   -0.313045   -0.323498 0.000513466
        8557   -0.326092   -0.323498 0.000513406
        8558   -0.317977   -0.323497 0.000513346
        8559   -0.281682   -0.323492 0.000513309
        8560   -0.302498    -0.32349 0.000513255
        8561   -0.306579   -0.323488 0.000513199
        8562   -0.272375   -0.323482 0.000513174
        8563   -0.265982   -0.323475 0.000513158
        8564   -0.290954   -0.323471 0.000513112
        8565   -0.319999   -0.323471 0.000513052
        8566   -0.352071   -0.323474 0.000513003
        8567   -0.351989   -0.323478 0.000512954
        8568   -0.338168   -0.323479 0.000512897
        8569   -0.331051    -0.32348 0.000512838
        8570   -0.331748   -0.323481 0.000512779
        8571   -0.344525   -0.323484 0.000512725
        8572    -0.34799   -0.323487 0.000512673
        8573   -0.336159   -0.323488 0.000512616
        8574   -0.352307   -0.323491 0.000512567
        8575   -0.368136   -0.323497 0.000512534
        8576   -0.359293   -0.323501 0.000512491
        8577   -0.345702   -0.323503 0.000512438
        8578   -0.350384   -0.323507 0.000512387
        8579   -0.356665    -0.32351 0.000512342
        8580   -0.352109   -0.323514 0.000512293
        8581   -0.340148   -0.323516 0.000512237
        8582   -0.323661   -0.323516 0.000512178
        8583   -0.317573   -0.323515 0.000512119
        8584    -0.33335   -0.323516  0.00051206
        8585   -0.345601   -0.323519 0.000512007
        8586   -0.337407    -0.32352  0.00051195
        8587   -0.329904   -0.323521 0.000511891
        8588   -0.341402   -0.323523 0.000511835
        8589   -0.358771   -0.323527 0.000511792
        8590   -0.369913   -0.323533 0.000511761
        8591   -0.369696   -0.323538  0.00051173
        8592   -0.346997   -0.323541 0.000511678
        8593   -0.301955   -0.323538 0.000511624
        8594   -0.310736   -0.323537 0.000511567
        8595   -0.326685   -0.323537 0.000511507
        8596   -0.283953   -0.323533 0.000511469
        8597    -0.30043    -0.32353 0.000511416
        8598   -0.346222   -0.323532 0.000511364
        8599   -0.370632   -0.323538 0.000511333
        8600   -0.372293   -0.323544 0.000511305
        8601   -0.356704   -0.323547  0.00051126
        8602   -0.330181   -0.323548 0.000511202
        8603   -0.329697   -0.323549 0.000511143
        8604   -0.351076   -0.323552 0.000511093
        8605   -0.354262   -0.323556 0.000511046
        8606   -0.376632   -0.323562 0.000511024
        8607   -0.408769   -0.323572 0.000511061
        8608   -0.404316   -0.323581 0.000511087
        8609   -0.365441   -0.323586 0.000511051
        8610    -0.30055   -0.323583 0.000510999
        8611   -0.330002   -0.323584  0.00051094
        8612   -0.361558   -0.323589   0.0005109
        8613   -0.389501   -0.323596 0.000510898
        8614   -0.400083   -0.323605 0.000510916
        8615   -0.381349   -0.323612   0.0005109
        8616   -0.360415   -0.323616 0.000510859
        8617   -0.359669    -0.32362 0.000510817
        8618   -0.368032   -0.323625 0.000510783
        8619   -0.362771    -0.32363 0.000510744
        8620   -0.331143   -0.323631 0.000510686
        8621   -0.297794   -0.323628 0.000510635
        8622   -0.305688   -0.323626  0.00051058
        8623   -0.334088   -0.323627 0.000510523
        8624   -0.345061   -0.323629 0.000510469
        8625   -0.331467    -0.32363 0.000510411
        8626   -0.274222   -0.323625 0.000510384
        8627   -0.219769   -0.323613 0.000510467
        8628   -0.279958   -0.323607 0.000510433
        8629   -0.306062   -0.323605 0.000510378
        8630   -0.299937   -0.323603 0.000510326
        8631   -0.279934   -0.323598 0.000510292
        8632   -0.255897    -0.32359 0.000510293
        8633   -0.248467   -0.323581 0.000510308
        8634   -0.263163   -0.323574 0.000510297
        8635   -0.278312   -0.323569 0.000510265
        8636   -0.284751   -0.323564 0.000510225
        8637   -0.284786    -0.32356 0.000510186
        8638   -0.279718   -0.323555 0.000510152
        8639   -0.274207   -0.323549 0.000510125
        8640   -0.274983   -0.323543 0.000510097
        8641   -0.279913   -0.323538 0.000510063
        8642   -0.281925   -0.323534 0.000510027
        8643   -0.277991   -0.323528 0.000509995
        8644   -0.271417   -0.323522 0.000509972
        8645   -0.264209   -0.323515 0.000509959
        8646   -0.257306   -0.323508 0.000509957
        8647   -0.265364   -0.323501 0.000509943
        8648   -0.275556   -0.323496 0.000509914
        8649    -0.26462   -0.323489   0.0005099
        8650   -0.242389   -0.323479 0.000509928
        8651   -0.241589    -0.32347 0.000509956
        8652   -0.259438   -0.323462 0.000509951
        8653   -0.274514   -0.323457 0.000509924
        8654   -0.278174   -0.323452 0.000509892
        8655   -0.270043   -0.323445  0.00050987
        8656   -0.253924   -0.323437 0.000509874
        8657   -0.237262   -0.323427 0.000509913
        8658   -0.232232   -0.323417 0.000509963
        8659   -0.244893   -0.323408 0.000509984
        8660    -0.25774     -0.3234 0.000509982
        8661   -0.271462   -0.323394 0.000509958
        8662   -0.283823    -0.32339  0.00050992
        8663   -0.291357   -0.323386 0.000509874
        8664    -0.29569   -0.323383 0.000509825
        8665    -0.29743    -0.32338 0.000509775
        8666   -0.291341   -0.323376  0.00050973
        8667   -0.266344   -0.323369 0.000509714
        8668   -0.224726   -0.323358 0.000509782
        8669   -0.195571   -0.323343 0.000509936
        8670   -0.195215   -0.323329 0.000510091
        8671   -0.223197   -0.323317 0.000510163
        8672   -0.261242    -0.32331 0.000510155
        8673   -0.284684   -0.323305 0.000510115
        8674   -0.293659   -0.323302 0.000510068
        8675    -0.29532   -0.323299 0.000510019
        8676   -0.286628   -0.323295 0.000509978
        8677   -0.261387   -0.323287 0.000509969
        8678   -0.235226   -0.323277 0.000510011
        8679   -0.234299   -0.323267 0.000510056
        8680   -0.250129   -0.323259 0.000510066
        8681   -0.270264   -0.323253 0.000510044
        8682   -0.281252   -0.323248 0.000510008
        8683    -0.28319   -0.323243 0.000509971
        8684   -0.279851   -0.323238 0.000509936
        8685   -0.269534   -0.323232 0.000509915
        8686   -0.262738   -0.323225 0.000509904
        8687   -0.275315   -0.323219 0.000509875
        8688   -0.297864   -0.323216 0.000509825
        8689    -0.30567   -0.323214  0.00050977
        8690   -0.269864   -0.323208 0.000509748
        8691   -0.233944   -0.323198 0.000509793
        8692   -0.279138   -0.323193  0.00050976
        8693   -0.301765   -0.323191 0.000509707
        8694   -0.261479   -0.323183 0.000509698
        8695   -0.201444   -0.323169 0.000509832
        8696   -0.209839   -0.323156 0.000509939
        8697   -0.258962   -0.323149 0.000509934
        8698   -0.293251   -0.323146 0.000509887
        8699   -0.298951   -0.323143 0.000509836
        8700   -0.297521    -0.32314 0.000509786
        8701   -0.293981   -0.323136 0.000509738
        8702   -0.282855   -0.323132 0.000509701
        8703   -0.265024   -0.323125 0.000509686
        8704     -0.2501   -0.323117 0.000509697
        8705   -0.247805   -0.323108 0.000509711
        8706   -0.258705   -0.323101 0.000509707
        8707   -0.267854   -0.323094 0.000509688
        8708   -0.256262   -0.323087 0.000509687
        8709   -0.244741   -0.323078 0.000509708
        8710    -0.25738    -0.32307 0.000509705
        8711   -0.281557   -0.323065 0.000509669
        8712   -0.299524   -0.323063 0.000509617
        8713   -0.306086   -0.323061 0.000509563
        8714   -0.301969   -0.323058  0.00050951
        8715   -0.289225   -0.323054 0.000509466
        8716   -0.278819   -0.323049 0.000509433
        8717   -0.259133   -0.323042 0.000509427
        8718   -0.228186   -0.323031 0.000509485
        8719   -0.222947    -0.32302 0.000509556
        8720   -0.219533   -0.323008 0.000509636
        8721   -0.194041   -0.322993 0.000509792
        8722   -0.243091   -0.322984 0.000509816
        8723   -0.292849    -0.32298 0.000509769
        8724   -0.308815   -0.322979 0.000509713
        8725   -0.314931   -0.322978 0.000509655
        8726   -0.315409   -0.322977 0.000509598
        8727    -0.31288   -0.322976 0.000509541
        8728   -0.305882   -0.322974 0.000509486
        8729   -0.292036    -0.32297  0.00050944
        8730   -0.281807   -0.322966 0.000509403
        8731   -0.287448   -0.322962 0.000509361
        8732   -0.302193   -0.322959 0.000509309
        8733    -0.31364   -0.322958 0.000509251
        8734    -0.30037   -0.322956   0.0005092
        8735    -0.26599   -0.322949 0.000509183
        8736   -0.294735   -0.322946 0.000509135
        8737   -0.344756   -0.322948 0.000509083
        8738   -0.339818    -0.32295 0.000509028
        8739   -0.272988   -0.322944 0.000509002
        8740   -0.203524   -0.322931 0.000509127
        8741    -0.19146   -0.322916 0.000509291
        8742    -0.26253   -0.322909  0.00050928
        8743   -0.346899   -0.322912 0.000509229
        8744    -0.35069   -0.322915 0.000509181
        8745   -0.328397   -0.322915 0.000509123
        8746   -0.301255   -0.322913 0.000509071
        8747   -0.292925    -0.32291 0.000509024
        8748   -0.310057   -0.322908 0.000508968
        8749   -0.325194   -0.322908  0.00050891
        8750   -0.327238   -0.322909 0.000508852
        8751   -0.318601   -0.322908 0.000508794
        8752   -0.310717   -0.322907 0.000508738
        8753   -0.315617   -0.322906  0.00050868
        8754   -0.310656   -0.322905 0.000508624
        8755    -0.25571   -0.322897 0.000508624
        8756   -0.248789   -0.322889 0.000508636
        8757   -0.318218   -0.322888 0.000508578
        8758   -0.343184    -0.32289 0.000508526
        8759   -0.337613   -0.322892  0.00050847
        8760    -0.30914    -0.32289 0.000508415
        8761   -0.249672   -0.322882 0.000508425
        8762   -0.278204   -0.322877 0.000508393
        8763   -0.322475   -0.322877 0.000508335
        8764   -0.325871   -0.322877 0.000508277
        8765   -0.326612   -0.322878 0.000508219
        8766   -0.328013   -0.322878 0.000508162
        8767   -0.321776   -0.322878 0.000508104
        8768   -0.305215   -0.322876  0.00050805
        8769   -0.297765   -0.322873    0.000508
        8770   -0.306463   -0.322871 0.000507945
        8771   -0.313233    -0.32287 0.000507889
        8772   -0.305039   -0.322868 0.000507835
        8773   -0.293099   -0.322865 0.000507788
        8774   -0.299082   -0.322862 0.000507738
        8775   -0.305932    -0.32286 0.000507683
        8776   -0.304648   -0.322858  0.00050763
        8777   -0.300732   -0.322856 0.000507578
        8778   -0.285096   -0.322851 0.000507539
        8779    -0.27113   -0.322845 0.000507515
        8780   -0.287479   -0.322841 0.000507473
        8781   -0.299932   -0.322839 0.000507422
        8782   -0.302593   -0.322837 0.000507369
        8783   -0.304614   -0.322834 0.000507316
        8784   -0.307245   -0.322833 0.000507261
        8785   -0.306856   -0.322831 0.000507207
        8786   -0.294287   -0.322828  0.00050716
        8787   -0.262927   -0.322821 0.000507148
        8788   -0.245722   -0.322812 0.000507166
        8789   -0.271105   -0.322806 0.000507142
        8790    -0.28599   -0.322802 0.000507102
        8791   -0.276677   -0.322797 0.000507071
        8792   -0.277605   -0.322792  0.00050704
        8793   -0.286033   -0.322787 0.000506999
        8794   -0.268942   -0.322781 0.000506979
        8795    -0.23081   -0.322771 0.000507029
        8796   -0.204602   -0.322757 0.000507149
        8797   -0.224471   -0.322746 0.000507214
        8798   -0.243802   -0.322737 0.000507236
        8799   -0.258761    -0.32273 0.000507231
        8800    -0.26372   -0.322723 0.000507217
        8801   -0.246617   -0.322715 0.000507233
        8802   -0.213908   -0.322702 0.000507326
        8803   -0.228663   -0.322692 0.000507381
        8804   -0.248098   -0.322683 0.000507394
        8805    -0.23953   -0.322674 0.000507425
        8806   -0.233425   -0.322664 0.000507468
        8807   -0.245495   -0.322655 0.000507486
        8808   -0.252721   -0.322647 0.000507491
        8809   -0.244315   -0.322638 0.000507511
        8810   -0.227754   -0.322627 0.000507568
        8811   -0.221846   -0.322616 0.000507639
        8812   -0.264252   -0.322609 0.000507624
        8813   -0.301877   -0.322607 0.000507572
        8814   -0.308997   -0.322605 0.000507517
        8815   -0.301888   -0.322603 0.000507465
        8816   -0.300861     -0.3226 0.000507413
        8817   -0.315477     -0.3226 0.000507356
        8818   -0.334161   -0.322601 0.000507301
        8819   -0.345902   -0.322604  0.00050725
        8820   -0.350963   -0.322607 0.000507203
        8821   -0.354145    -0.32261 0.000507158
        8822   -0.359544   -0.322614 0.000507118
        8823   -0.365686   -0.322619 0.000507084
        8824   -0.364205   -0.322624 0.000507048
        8825   -0.346503   -0.322627 0.000506998
        8826   -0.323046   -0.322627  0.00050694
        8827   -0.320284   -0.322627 0.000506883
        8828   -0.333308   -0.322628 0.000506827
        8829   -0.345816    -0.32263 0.000506776
        8830   -0.354334   -0.322634 0.000506732
        8831   -0.351618   -0.322637 0.000506685
        8832   -0.343814    -0.32264 0.000506633
        8833   -0.356722   -0.322644 0.000506591
        8834   -0.381325    -0.32265 0.000506577
        8835   -0.391536   -0.322658 0.000506579
        8836   -0.388669   -0.322665 0.000506577
        8837   -0.383085   -0.322672 0.000506566
        8838   -0.381695   -0.322679 0.000506553
        8839   -0.386494   -0.322686 0.000506547
        8840   -0.392164   -0.322694  0.00050655
        8841   -0.388402   -0.322701 0.000506548
        8842   -0.366256   -0.322706 0.000506514
        8843   -0.354571    -0.32271  0.00050647
        8844    -0.38858   -0.322717 0.000506467
        8845   -0.395496   -0.322726 0.000506477
        8846   -0.387589   -0.322733 0.000506473
        8847   -0.383977    -0.32274 0.000506463
        8848   -0.356129   -0.322744  0.00050642
        8849   -0.309059   -0.322742 0.000506365
        8850   -0.358624   -0.322746 0.000506324
        8851   -0.409949   -0.322756 0.000506362
        8852   -0.395378   -0.322764 0.000506372
        8853   -0.369796    -0.32277 0.000506342
        8854   -0.369761   -0.322775 0.000506313
        8855   -0.377174   -0.322781 0.000506293
        8856   -0.372191   -0.322787 0.000506267
        8857   -0.356228    -0.32279 0.000506224
        8858   -0.354824   -0.322794 0.000506179
        8859   -0.365491   -0.322799 0.000506145
        8860   -0.365728   -0.322804 0.000506111
        8861   -0.362998   -0.322808 0.000506074
        8862   -0.363038   -0.322813 0.000506038
        8863   -0.352706   -0.322816 0.000505992
        8864   -0.334079   -0.322817 0.000505936
        8865   -0.334027   -0.322819 0.000505881
        8866   -0.349124   -0.322822 0.000505833
        8867   -0.358904   -0.322826 0.000505792
        8868   -0.357362    -0.32283  0.00050575
        8869   -0.351091   -0.322833 0.000505703
        8870   -0.348936   -0.322836 0.000505654
        8871   -0.352741   -0.322839 0.000505609
        8872   -0.349932   -0.322842 0.000505561
        8873   -0.328874   -0.322843 0.000505504
        8874   -0.319877   -0.322842 0.000505447
        8875   -0.339086   -0.322844 0.000505394
        8876   -0.350268   -0.322847 0.000505346
        8877   -0.349599    -0.32285 0.000505298
        8878    -0.33125   -0.322851 0.000505242
        8879   -0.275663   -0.322846 0.000505213
        8880   -0.273853   -0.322841 0.000505187
        8881   -0.336201   -0.322842 0.000505132
        8882    -0.35767   -0.322846  0.00050509
        8883   -0.363766   -0.322851 0.000505054
        8884   -0.363512   -0.322855 0.000505018
        8885   -0.354048   -0.322859 0.000504974
        8886   -0.332485    -0.32286 0.000504918
        8887   -0.302067   -0.322857 0.000504867
        8888   -0.296568   -0.322854 0.000504819
        8889   -0.311884   -0.322853 0.000504763
        8890   -0.261002   -0.322846 0.000504754
        8891   -0.212064   -0.322834 0.000504851
        8892   -0.256176   -0.322826  0.00050485
        8893   -0.265879    -0.32282 0.000504834
        8894    -0.26867   -0.322814 0.000504814
        8895   -0.287757    -0.32281 0.000504773
        8896   -0.304431   -0.322808  0.00050472
        8897     -0.3065   -0.322806 0.000504667
        8898   -0.298129   -0.322803 0.000504618
        8899   -0.285081   -0.322799 0.000504579
        8900   -0.272101   -0.322793 0.000504554
        8901   -0.263581   -0.322787 0.000504541
        8902   -0.253795   -0.322779 0.000504544
        8903   -0.231038   -0.322769 0.000504593
        8904   -0.226758   -0.322758 0.000504651
        8905   -0.251147    -0.32275 0.000504659
        8906   -0.263587   -0.322743 0.000504646
        8907    -0.26537   -0.322737  0.00050463
        8908   -0.265128    -0.32273 0.000504615
        8909   -0.266417   -0.322724 0.000504598
        8910   -0.270637   -0.322718 0.000504575
        8911   -0.276365   -0.322713 0.000504545
        8912   -0.277214   -0.322708 0.000504515
        8913   -0.262531   -0.322701 0.000504503
        8914   -0.239358   -0.322692 0.000504533
        8915   -0.246411   -0.322683 0.000504549
        8916   -0.265957   -0.322677 0.000504533
        8917   -0.272379   -0.322671 0.000504508
        8918   -0.286764   -0.322667 0.000504467
        8919   -0.307598   -0.322665 0.000504413
        8920   -0.321354   -0.322665 0.000504357
        8921   -0.326921   -0.322666 0.000504301
        8922   -0.326701   -0.322666 0.000504244
        8923   -0.322423   -0.322666 0.000504188
        8924   -0.319489   -0.322666 0.000504131
        8925   -0.320102   -0.322665 0.000504075
        8926     -0.3128   -0.322664  0.00050402
        8927    -0.30317   -0.322662 0.000503968
        8928     -0.3094   -0.322661 0.000503914
        8929   -0.319525    -0.32266 0.000503857
        8930   -0.335007   -0.322662 0.000503803
        8931   -0.350258   -0.322665 0.000503756
        8932   -0.345971   -0.322667 0.000503706
        8933   -0.334146   -0.322669 0.000503652
        8934   -0.332635    -0.32267 0.000503596
        8935   -0.350738   -0.322673  0.00050355
        8936   -0.368691   -0.322678  0.00050352
        8937   -0.362043   -0.322682 0.000503483
        8938   -0.337533   -0.322684 0.000503429
        8939    -0.31447   -0.322683 0.000503374
        8940   -0.338824   -0.322685 0.000503321
        8941   -0.363965    -0.32269 0.000503285
        8942   -0.345334   -0.322692 0.000503236
        8943   -0.323731   -0.322692 0.000503179
        8944   -0.316411   -0.322692 0.000503124
        8945   -0.259235   -0.322684 0.000503117
        8946   -0.295316   -0.322681  0.00050307
        8947   -0.366919   -0.322686 0.000503038
        8948   -0.384671   -0.322693  0.00050303
        8949   -0.363073   -0.322698 0.000502994
        8950   -0.331829   -0.322699 0.000502939
        8951   -0.356988   -0.322703 0.000502897
        8952   -0.389612    -0.32271 0.000502897
        8953   -0.399671   -0.322719 0.000502914
        8954   -0.399528   -0.322727 0.000502931
        8955   -0.391667   -0.322735 0.000502934
        8956    -0.37927   -0.322741 0.000502917
        8957   -0.374524   -0.322747 0.000502894
        8958   -0.381529   -0.322754 0.000502881
        8959   -0.389969   -0.322761 0.000502881
        8960   -0.388965   -0.322769 0.000502879
        8961   -0.360008   -0.322773  0.00050284
        8962   -0.314632   -0.322772 0.000502785
        8963   -0.314151   -0.322771 0.000502729
        8964    -0.35293   -0.322774 0.000502685
        8965   -0.367153   -0.322779 0.000502653
        8966   -0.356548   -0.322783 0.000502611
        8967    -0.33767   -0.322785 0.000502558
        8968   -0.315311   -0.322784 0.000502502
        8969   -0.307298   -0.322782 0.000502449
        8970   -0.326093   -0.322782 0.000502393
        8971   -0.340084   -0.322784 0.000502341
        8972    -0.32442   -0.322785 0.000502285
        8973   -0.312606   -0.322783  0.00050223
        8974   -0.342103   -0.322786 0.000502179
        8975   -0.356134   -0.322789 0.000502137
        8976   -0.336911   -0.322791 0.000502083
        8977   -0.296576   -0.322788 0.000502036
        8978   -0.325674   -0.322788  0.00050198
        8979   -0.362844   -0.322793 0.000501944
        8980   -0.355855   -0.322796 0.000501902
        8981   -0.336081   -0.322798 0.000501848
        8982    -0.33239   -0.322799 0.000501793
        8983   -0.283707   -0.322795 0.000501756
        8984    -0.24607   -0.322786 0.000501773
        8985   -0.315603   -0.322785 0.000501718
        8986   -0.393105   -0.322793 0.000501723
        8987   -0.390247   -0.322801 0.000501723
        8988   -0.366935   -0.322805 0.000501691
        8989   -0.359886    -0.32281 0.000501653
        8990   -0.350535   -0.322813 0.000501606
        8991   -0.345608   -0.322815 0.000501557
        8992    -0.34548   -0.322818 0.000501507
        8993   -0.346942    -0.32282 0.000501459
        8994   -0.359761   -0.322825  0.00050142
        8995   -0.380415   -0.322831 0.000501405
        8996   -0.396547   -0.322839 0.000501416
        8997   -0.408304   -0.322849 0.000501451
        8998   -0.414874   -0.322859 0.000501499
        8999   -0.404295   -0.322868 0.000501525
        9000   -0.379811   -0.322874 0.000501509
        9001    -0.35334   -0.322878 0.000501465
        9002   -0.287125   -0.322874 0.000501425
        9003   -0.261957   -0.322867 0.000501415
        9004   -0.360679   -0.322871 0.000501377
        9005   -0.408508   -0.322881 0.000501411
        9006   -0.415573   -0.322891 0.000501461
        9007   -0.386061   -0.322898 0.000501455
        9008   -0.339551     -0.3229 0.000501402
        9009   -0.347351   -0.322902 0.000501354
        9010   -0.360195   -0.322907 0.000501315
        9011   -0.343872   -0.322909 0.000501265
        9012   -0.324816   -0.322909  0.00050121
        9013   -0.322233   -0.322909 0.000501154
        9014   -0.334732    -0.32291   0.0005011
        9015   -0.348481   -0.322913 0.000501053
        9016   -0.352587   -0.322916 0.000501008
        9017    -0.34732   -0.322919  0.00050096
        9018    -0.35056   -0.322922 0.000500913
        9019   -0.360677   -0.322926 0.000500875
        9020   -0.366122   -0.322931 0.000500843
        9021   -0.368254   -0.322936 0.000500812
        9022   -0.369195   -0.322941 0.000500783
        9023   -0.368446   -0.322946 0.000500753
        9024   -0.364896   -0.322951 0.000500719
        9025   -0.360308   -0.322955 0.000500681
        9026   -0.360413   -0.322959 0.000500642
        9027    -0.35728   -0.322963 0.000500601
        9028   -0.320616   -0.322963 0.000500546
        9029   -0.299546    -0.32296 0.000500497
        9030   -0.294266   -0.322957 0.000500452
        9031    -0.30899   -0.322956 0.000500399
        9032   -0.350544   -0.322959 0.000500353
        9033   -0.379541   -0.322965 0.000500337
        9034   -0.386476   -0.322972 0.000500331
        9035   -0.385512   -0.322979 0.000500323
        9036   -0.386272   -0.322986 0.000500317
        9037   -0.383248   -0.322993 0.000500306
        9038   -0.384601   -0.322999 0.000500297
        9039    -0.39474   -0.323007 0.000500305
        9040   -0.400491   -0.323016 0.000500323
        9041   -0.385222   -0.323023 0.000500315
        9042    -0.34346   -0.323025 0.000500264
        9043   -0.327695   -0.323026 0.000500209
        9044   -0.364459    -0.32303 0.000500175
        9045   -0.396844   -0.323038 0.000500186
        9046   -0.408337   -0.323048  0.00050022
        9047   -0.406043   -0.323057 0.000500249
        9048   -0.397928   -0.323065 0.000500262
        9049   -0.394578   -0.323073 0.000500269
        9050   -0.399928   -0.323082 0.000500286
        9051    -0.39563    -0.32309 0.000500295
        9052   -0.369164   -0.323095 0.000500265
        9053   -0.352037   -0.323098  0.00050022
        9054   -0.347136     -0.3231 0.000500172
        9055   -0.376522   -0.323106 0.000500152
        9056    -0.40982   -0.323116 0.000500188
        9057    -0.40347   -0.323125 0.000500212
        9058   -0.393818   -0.323133 0.000500217
        9059    -0.40108   -0.323141 0.000500236
        9060   -0.391877   -0.323149 0.000500238
        9061   -0.407024   -0.323158 0.000500269
        9062   -0.437172   -0.323171 0.000500372
        9063   -0.435646   -0.323183  0.00050047
        9064   -0.400392   -0.323192 0.000500488
        9065   -0.360332   -0.323196 0.000500449
        9066   -0.361076     -0.3232 0.000500411
        9067   -0.381467   -0.323206 0.000500398
        9068   -0.405872   -0.323215 0.000500425
        9069   -0.403399   -0.323224 0.000500448
        9070   -0.398486   -0.323233 0.000500462
        9071   -0.410765   -0.323242   0.0005005
        9072   -0.415296   -0.323252 0.000500547
        9073    -0.39907   -0.323261 0.000500562
        9074   -0.403127    -0.32327 0.000500584
        9075   -0.415171    -0.32328 0.000500631
        9076   -0.346437   -0.323282 0.000500583
        9077   -0.308356   -0.323281  0.00050053
        9078   -0.395416   -0.323288 0.000500538
        9079   -0.397254   -0.323297 0.000500549
        9080   -0.401545   -0.323305 0.000500569
        9081   -0.419425   -0.323316 0.000500625
        9082   -0.437901   -0.323328 0.000500729
        9083   -0.441798   -0.323341 0.000500844
        9084   -0.424012   -0.323353 0.000500911
        9085   -0.389799    -0.32336  0.00050091
        9086   -0.346749   -0.323362 0.000500861
        9087   -0.353846   -0.323366 0.000500817
        9088   -0.404903   -0.323375 0.000500842
        9089     -0.4421   -0.323388 0.000500958
        9090   -0.449053   -0.323402 0.000501093
        9091   -0.433015   -0.323414 0.000501183
        9092   -0.406057   -0.323423  0.00050121
        9093   -0.374439   -0.323428 0.000501187
        9094   -0.372537   -0.323434 0.000501161
        9095   -0.406752   -0.323443 0.000501189
        9096   -0.416263   -0.323453 0.000501238
        9097   -0.419087   -0.323464 0.000501293
        9098   -0.439111   -0.323476 0.000501399
        9099   -0.460843   -0.323492 0.000501571
        9100   -0.474497   -0.323508 0.000501791
        9101   -0.475185   -0.323525 0.000502012
        9102    -0.45182   -0.323539 0.000502155
        9103   -0.410392   -0.323548  0.00050219
        9104   -0.383833   -0.323555 0.000502179
        9105    -0.36924    -0.32356 0.000502149
        9106   -0.419746   -0.323571 0.000502205
        9107   -0.459542   -0.323586 0.000502371
        9108   -0.469566   -0.323602 0.000502572
        9109   -0.491333    -0.32362 0.000502854
        9110   -0.522694   -0.323642 0.000503273
        9111   -0.540639   -0.323666 0.000503781
        9112    -0.53737   -0.323689 0.000504272
        9113   -0.517295    -0.32371 0.000504664
        9114   -0.493125   -0.323729 0.000504951
        9115   -0.469578   -0.323745 0.000505149
        9116   -0.454015   -0.323759 0.000505295
        9117    -0.46236   -0.323774 0.000505469
        9118    -0.47629   -0.323791  0.00050569
        9119   -0.470628   -0.323807 0.000505891
        9120   -0.456362   -0.323822 0.000506044
        9121   -0.442654   -0.323835 0.000506156
        9122   -0.416166   -0.323845 0.000506202
        9123   -0.439147   -0.323858 0.000506304
        9124   -0.489507   -0.323876 0.000506574
        9125   -0.501988   -0.323895 0.000506894
        9126   -0.471525   -0.323911 0.000507097
        9127    -0.39577   -0.323919 0.000507102
        9128   -0.373975   -0.323925 0.000507077
        9129   -0.360186   -0.323929 0.000507037
        9130   -0.311331   -0.323927 0.000506983
        9131   -0.355996   -0.323931  0.00050694
        9132   -0.406601    -0.32394 0.000506965
        9133   -0.412907    -0.32395 0.000507003
        9134   -0.403321   -0.323958 0.000507022
        9135   -0.382663   -0.323965 0.000507007
        9136   -0.369381    -0.32397 0.000506976
        9137   -0.377702   -0.323976 0.000506955
        9138   -0.386637   -0.323983 0.000506945
        9139    -0.37163   -0.323988 0.000506917
        9140   -0.340299    -0.32399 0.000506865
        9141   -0.359563   -0.323993 0.000506824
        9142     -0.3832      -0.324  0.00050681
        9143   -0.327909      -0.324 0.000506755
        9144   -0.295969   -0.323997 0.000506709
        9145   -0.359231   -0.324001 0.000506668
        9146   -0.387655   -0.324008  0.00050666
        9147   -0.397302   -0.324016 0.000506668
        9148   -0.391222   -0.324023 0.000506666
        9149   -0.382711    -0.32403 0.000506651
        9150   -0.386567   -0.324037 0.000506642
        9151    -0.39765   -0.324045  0.00050665
        9152   -0.397778   -0.324053 0.000506659
        9153   -0.381906   -0.324059 0.000506643
        9154   -0.364081   -0.324063 0.000506607
        9155   -0.364415   -0.324068 0.000506571
        9156   -0.375167   -0.324073 0.000506546
        9157   -0.392701   -0.324081 0.000506546
        9158   -0.407623    -0.32409 0.000506573
        9159   -0.415617     -0.3241 0.000506616
        9160   -0.421996   -0.324111 0.000506674
        9161   -0.427153   -0.324122 0.000506743
        9162   -0.430419   -0.324134 0.000506821
        9163   -0.433409   -0.324146 0.000506906
        9164    -0.43789   -0.324158 0.000507002
        9165   -0.442377   -0.324171 0.000507111
        9166   -0.441462   -0.324184 0.000507217
        9167   -0.431451   -0.324195 0.000507297
        9168   -0.422812   -0.324206 0.000507355
        9169   -0.429419   -0.324218  0.00050743
        9170   -0.434612    -0.32423 0.000507517
        9171   -0.435031   -0.324242 0.000507606
        9172   -0.448552   -0.324255 0.000507731
        9173   -0.466548   -0.324271 0.000507913
        9174   -0.470479   -0.324287 0.000508107
        9175   -0.458873   -0.324301 0.000508264
        9176   -0.453135   -0.324315 0.000508402
        9177   -0.463262   -0.324331 0.000508572
        9178    -0.46685   -0.324346 0.000508754
        9179   -0.463745   -0.324361 0.000508925
        9180   -0.464633   -0.324377 0.000509099
        9181   -0.459486   -0.324391 0.000509256
        9182   -0.447856   -0.324405 0.000509378
        9183   -0.441296   -0.324417 0.000509482
        9184   -0.441568    -0.32443 0.000509586
        9185   -0.441213   -0.324443 0.000509689
        9186   -0.436714   -0.324455  0.00050978
        9187   -0.427228   -0.324466 0.000509847
        9188    -0.41726   -0.324476 0.000509892
        9189    -0.41877   -0.324487  0.00050994
        9190   -0.430789   -0.324498 0.000510015
        9191    -0.43889   -0.324511 0.000510112
        9192   -0.437577   -0.324523 0.000510204
        9193   -0.430334   -0.324534 0.000510279
        9194   -0.425906   -0.324546 0.000510342
        9195   -0.429531   -0.324557 0.000510415
        9196    -0.43706   -0.324569 0.000510506
        9197    -0.45587   -0.324583  0.00051065
        9198   -0.480938     -0.3246 0.000510877
        9199   -0.482485   -0.324618  0.00051111
        9200   -0.420049   -0.324628 0.000511159
        9201   -0.349937   -0.324631 0.000511111
        9202   -0.397923   -0.324639 0.000511118
        9203   -0.449396   -0.324652 0.000511242
        9204   -0.476817   -0.324669 0.000511454
        9205   -0.494196   -0.324687  0.00051173
        9206   -0.497695   -0.324706 0.000512019
        9207   -0.488169   -0.324724 0.000512271
        9208   -0.470498    -0.32474  0.00051246
        9209   -0.454221   -0.324754 0.000512597
        9210   -0.446465   -0.324767 0.000512712
        9211   -0.449638    -0.32478 0.000512835
        9212   -0.458003   -0.324795 0.000512984
        9213   -0.468627    -0.32481 0.000513165
        9214   -0.461834   -0.324825 0.000513325
        9215   -0.412126   -0.324835 0.000513357
        9216   -0.407169   -0.324844 0.000513379
        9217   -0.432991   -0.324855 0.000513457
        9218   -0.443308   -0.324868 0.000513562
        9219   -0.453414   -0.324882 0.000513696
        9220    -0.45325   -0.324896 0.000513829
        9221   -0.434353   -0.324908  0.00051391
        9222   -0.421537   -0.324919 0.000513961
        9223   -0.435201   -0.324931 0.000514045
        9224   -0.437887   -0.324943 0.000514135
        9225   -0.414424   -0.324952  0.00051417
        9226   -0.400879   -0.324961 0.000514181
        9227   -0.428916   -0.324972 0.000514248
        9228   -0.435189   -0.324984 0.000514331
        9229   -0.392338   -0.324991 0.000514327
        9230   -0.351475   -0.324994  0.00051428
        9231   -0.368954   -0.324999 0.000514246
        9232   -0.366457   -0.325003  0.00051421
        9233   -0.338025   -0.325005 0.000514156
        9234   -0.383178   -0.325011 0.000514139
        9235    -0.43197   -0.325023 0.000514214
        9236    -0.43984   -0.325035 0.000514308
        9237   -0.424511   -0.325046 0.000514365
        9238   -0.395819   -0.325053 0.000514367
        9239   -0.385393    -0.32506 0.000514353
        9240   -0.390029   -0.325067 0.000514345
        9241   -0.388914   -0.325074 0.000514336
        9242   -0.390767   -0.325081 0.000514329
        9243   -0.400598   -0.325089 0.000514338
        9244   -0.403912   -0.325098 0.000514353
        9245   -0.397736   -0.325106 0.000514358
        9246    -0.39167   -0.325113 0.000514353
        9247    -0.40055   -0.325121 0.000514362
        9248   -0.416856   -0.325131 0.000514402
        9249    -0.41161    -0.32514 0.000514431
        9250   -0.370432   -0.325145 0.000514399
        9251    -0.32362   -0.325145 0.000514343
        9252   -0.303407   -0.325143 0.000514293
        9253   -0.340885   -0.325144  0.00051424
        9254   -0.374465    -0.32515 0.000514212
        9255   -0.393234   -0.325157 0.000514209
        9256   -0.400055   -0.325165 0.000514217
        9257   -0.389457   -0.325172 0.000514209
        9258   -0.378468   -0.325178 0.000514185
        9259   -0.364218   -0.325182 0.000514147
        9260   -0.358359   -0.325186 0.000514104
        9261   -0.370501    -0.32519 0.000514072
        9262   -0.342966   -0.325192  0.00051402
        9263   -0.323783   -0.325192 0.000513964
        9264    -0.30317    -0.32519 0.000513914
        9265   -0.303118   -0.325188 0.000513864
        9266     -0.3426   -0.325189 0.000513812
        9267   -0.326837    -0.32519 0.000513757
        9268   -0.297767   -0.325187  0.00051371
        9269   -0.347948   -0.325189 0.000513661
        9270   -0.359697   -0.325193 0.000513619
        9271   -0.308115   -0.325191 0.000513567
        9272   -0.292263   -0.325187 0.000513523
        9273   -0.309225   -0.325186 0.000513471
        9274   -0.303377   -0.325183 0.000513421
        9275   -0.282773   -0.325179 0.000513386
        9276   -0.262736   -0.325172 0.000513375
        9277   -0.298364   -0.325169 0.000513328
        9278   -0.336588    -0.32517 0.000513274
        9279   -0.341856   -0.325172 0.000513222
        9280   -0.325703   -0.325172 0.000513166
        9281   -0.280573   -0.325167 0.000513133
        9282   -0.271647   -0.325162 0.000513111
        9283   -0.307775    -0.32516 0.000513059
        9284   -0.310217   -0.325158 0.000513006
        9285   -0.289693   -0.325154 0.000512965
        9286   -0.296073   -0.325151 0.000512919
        9287   -0.311922    -0.32515 0.000512866
        9288   -0.311781   -0.325148 0.000512813
        9289   -0.301368   -0.325146 0.000512764
        9290   -0.302328   -0.325143 0.000512715
        9291   -0.316066   -0.325142  0.00051266
        9292   -0.329834   -0.325143 0.000512606
        9293   -0.341186   -0.325145 0.000512553
        9294   -0.343814   -0.325147 0.000512502
        9295   -0.336222   -0.325148 0.000512448
        9296   -0.332733   -0.325149 0.000512394
        9297   -0.322614   -0.325148 0.000512339
        9298   -0.278544   -0.325143 0.000512308
        9299   -0.309644   -0.325142 0.000512256
        9300   -0.324634   -0.325142 0.000512201
        9301   -0.315716   -0.325141 0.000512147
        9302    -0.32053    -0.32514 0.000512092
        9303   -0.321294    -0.32514 0.000512037
        9304   -0.316782   -0.325139 0.000511983
        9305   -0.321864   -0.325138 0.000511928
        9306   -0.333995   -0.325139 0.000511874
        9307   -0.342147   -0.325141 0.000511822
        9308   -0.347111   -0.325144 0.000511772
        9309   -0.348656   -0.325146 0.000511724
        9310   -0.339704   -0.325148 0.000511671
        9311   -0.327545   -0.325148 0.000511616
        9312   -0.331415   -0.325149 0.000511562
        9313   -0.327941   -0.325149 0.000511507
        9314   -0.318962   -0.325148 0.000511452
        9315   -0.331676   -0.325149 0.000511398
        9316   -0.355851   -0.325152 0.000511354
        9317   -0.334902   -0.325153   0.0005113
        9318   -0.285707   -0.325149 0.000511263
        9319   -0.280169   -0.325144  0.00051123
        9320   -0.293157   -0.325141 0.000511187
        9321   -0.333842   -0.325142 0.000511133
        9322   -0.383117   -0.325148 0.000511116
        9323   -0.421466   -0.325158 0.000511166
        9324   -0.443368   -0.325171 0.000511268
        9325   -0.444749   -0.325184 0.000511374
        9326   -0.416606   -0.325194 0.000511413
        9327   -0.371106   -0.325198 0.000511382
        9328   -0.327468   -0.325199 0.000511327
        9329   -0.305909   -0.325197 0.000511277
        9330   -0.338826   -0.325198 0.000511224
        9331   -0.362271   -0.325202 0.000511185
        9332   -0.384985   -0.325208  0.00051117
        9333   -0.392702   -0.325216 0.000511166
        9334    -0.42055   -0.325226 0.000511214
        9335   -0.435821   -0.325238 0.000511296
        9336   -0.435055    -0.32525 0.000511377
        9337   -0.428638   -0.325261 0.000511442
        9338   -0.420979   -0.325271  0.00051149
        9339   -0.416223   -0.325281 0.000511528
        9340   -0.424203   -0.325291 0.000511582
        9341   -0.439058   -0.325303 0.000511673
        9342   -0.430136   -0.325315 0.000511741
        9343   -0.373467    -0.32532 0.000511712
        9344   -0.326222    -0.32532 0.000511657
        9345   -0.326142    -0.32532 0.000511603
        9346   -0.339756   -0.325321  0.00051155
        9347   -0.358636   -0.325325 0.000511508
        9348   -0.368082    -0.32533 0.000511474
        9349   -0.370986   -0.325335 0.000511442
        9350   -0.387384   -0.325341 0.000511431
        9351   -0.390337   -0.325348 0.000511423
        9352   -0.388561   -0.325355 0.000511413
        9353   -0.399074   -0.325363 0.000511419
        9354   -0.413127   -0.325372  0.00051145
        9355   -0.422168   -0.325382   0.0005115
        9356   -0.424976   -0.325393 0.000511557
        9357   -0.416413   -0.325403 0.000511594
        9358   -0.393478    -0.32541 0.000511591
        9359   -0.384613   -0.325416 0.000511576
        9360   -0.382869   -0.325423 0.000511558
        9361   -0.359712   -0.325426 0.000511516
        9362   -0.353108   -0.325429  0.00051147
        9363   -0.365208   -0.325433 0.000511433
        9364   -0.375317   -0.325439 0.000511407
        9365   -0.368185   -0.325443 0.000511372
        9366    -0.38818    -0.32545 0.000511362
        9367   -0.418213    -0.32546 0.000511403
        9368   -0.438076   -0.325472  0.00051149
        9369   -0.436666   -0.325484 0.000511573
        9370   -0.377055   -0.325489 0.000511548
        9371   -0.330726    -0.32549 0.000511493
        9372   -0.393578   -0.325497  0.00051149
        9373    -0.41406   -0.325507 0.000511523
        9374   -0.386721   -0.325513  0.00051151
        9375   -0.336215   -0.325514 0.000511457
        9376   -0.352699   -0.325517 0.000511411
        9377   -0.392779   -0.325524 0.000511406
        9378   -0.393164   -0.325532 0.000511403
        9379   -0.371659   -0.325536 0.000511372
        9380    -0.32702   -0.325537 0.000511317
        9381   -0.291877   -0.325533 0.000511275
        9382   -0.324087   -0.325533 0.000511221
        9383   -0.385212   -0.325539 0.000511206
        9384   -0.422435    -0.32555 0.000511256
        9385   -0.409597   -0.325559  0.00051128
        9386   -0.370689   -0.325563 0.000511248
        9387   -0.364998   -0.325568 0.000511211
        9388   -0.375404   -0.325573 0.000511184
        9389   -0.363257   -0.325577 0.000511145
        9390   -0.344576   -0.325579 0.000511095
        9391   -0.341344   -0.325581 0.000511043
        9392   -0.346927   -0.325583 0.000510994
        9393   -0.350787   -0.325586 0.000510946
        9394   -0.356744   -0.325589 0.000510903
        9395   -0.359766   -0.325592 0.000510861
        9396   -0.358102   -0.325596 0.000510819
        9397   -0.355717   -0.325599 0.000510774
        9398   -0.351376   -0.325602 0.000510727
        9399   -0.335402   -0.325603 0.000510674
        9400   -0.307576   -0.325601 0.000510623
        9401   -0.305575   -0.325599 0.000510573
        9402   -0.347681   -0.325601 0.000510524
        9403   -0.367154   -0.325606 0.000510489
        9404    -0.34996   -0.325608 0.000510442
        9405   -0.314347   -0.325607 0.000510389
        9406   -0.292362   -0.325604 0.000510347
        9407   -0.302146   -0.325601 0.000510299
        9408    -0.32995   -0.325601 0.000510245
        9409   -0.352256   -0.325604 0.000510198
        9410   -0.355833   -0.325608 0.000510154
        9411    -0.32188   -0.325607   0.0005101
        9412   -0.267155   -0.325601 0.000510084
        9413   -0.309635   -0.325599 0.000510032
        9414   -0.339895   -0.325601  0.00050998
        9415   -0.345447   -0.325603 0.000509931
        9416   -0.350757   -0.325606 0.000509883
        9417    -0.35578   -0.325609 0.000509839
        9418   -0.358458   -0.325612 0.000509797
        9419   -0.356876   -0.325616 0.000509754
        9420   -0.344309   -0.325618 0.000509703
        9421   -0.322007   -0.325617  0.00050965
        9422   -0.305603   -0.325615   0.0005096
        9423    -0.32079   -0.325614 0.000509546
        9424   -0.324823   -0.325614 0.000509492
        9425   -0.295807   -0.325611 0.000509448
        9426   -0.312392    -0.32561 0.000509396
        9427   -0.360716   -0.325614 0.000509355
        9428   -0.357813   -0.325617 0.000509313
        9429   -0.337871   -0.325618  0.00050926
        9430   -0.337947    -0.32562 0.000509208
        9431   -0.336921   -0.325621 0.000509155
        9432   -0.291096   -0.325617 0.000509115
        9433   -0.262636    -0.32561 0.000509104
        9434    -0.32765   -0.325611  0.00050905
        9435   -0.344153   -0.325613    0.000509
        9436   -0.334934   -0.325614 0.000508947
        9437   -0.318073   -0.325613 0.000508894
        9438   -0.310156   -0.325611 0.000508843
        9439   -0.316733    -0.32561  0.00050879
        9440    -0.32345    -0.32561 0.000508736
        9441   -0.320114   -0.325609 0.000508682
        9442   -0.306482   -0.325607 0.000508632
        9443   -0.307635   -0.325605 0.000508582
        9444   -0.330169   -0.325606 0.000508528
        9445   -0.317538   -0.325605 0.000508475
        9446   -0.260988   -0.325598 0.000508468
        9447   -0.250523    -0.32559 0.000508476
        9448   -0.259347   -0.325583  0.00050847
        9449    -0.25374   -0.325576 0.000508473
        9450   -0.291894   -0.325572 0.000508432
        9451    -0.30175    -0.32557 0.000508385
        9452   -0.306159   -0.325568 0.000508335
        9453   -0.315756   -0.325567 0.000508282
        9454   -0.327506   -0.325567 0.000508228
        9455   -0.334751   -0.325568 0.000508176
        9456   -0.335567   -0.325569 0.000508123
        9457   -0.328014   -0.325569 0.000508069
        9458   -0.310736   -0.325567 0.000508018
        9459   -0.293779   -0.325564 0.000507975
        9460   -0.286718    -0.32556 0.000507938
        9461   -0.286476   -0.325556 0.000507901
        9462   -0.295934   -0.325553 0.000507857
        9463   -0.308777   -0.325551 0.000507807
        9464   -0.306839   -0.325549 0.000507757
        9465   -0.279326   -0.325544 0.000507727
        9466   -0.262445   -0.325537 0.000507717
        9467   -0.271723   -0.325532 0.000507695
        9468   -0.264089   -0.325525 0.000507683
        9469   -0.291642   -0.325522 0.000507642
        9470   -0.312067    -0.32552  0.00050759
        9471    -0.29357   -0.325517 0.000507548
        9472   -0.254693   -0.325509  0.00050755
        9473   -0.252273   -0.325502 0.000507555
        9474   -0.277124   -0.325497 0.000507527
        9475   -0.268978   -0.325491 0.000507508
        9476   -0.266556   -0.325484 0.000507493
        9477   -0.288214    -0.32548 0.000507455
        9478   -0.294239   -0.325477 0.000507412
        9479   -0.319178   -0.325477 0.000507359
        9480   -0.342848   -0.325478 0.000507308
        9481   -0.349529   -0.325481 0.000507261
        9482   -0.330282   -0.325481 0.000507208
        9483   -0.269321   -0.325475 0.000507189
        9484    -0.21991   -0.325464 0.000507258
        9485   -0.291746   -0.325461 0.000507217
        9486   -0.364301   -0.325465  0.00050718
        9487   -0.364865   -0.325469 0.000507143
        9488   -0.346799   -0.325471 0.000507095
        9489   -0.340654   -0.325473 0.000507044
        9490   -0.337044   -0.325474 0.000506992
        9491   -0.326469   -0.325474 0.000506939
        9492   -0.323537   -0.325474 0.000506885
        9493   -0.320639   -0.325473 0.000506832
        9494   -0.327958   -0.325474 0.000506779
        9495     -0.3284   -0.325474 0.000506726
        9496   -0.313523   -0.325473 0.000506674
        9497   -0.317031   -0.325472 0.000506621
        9498   -0.330575   -0.325472 0.000506568
        9499   -0.338342   -0.325474 0.000506517
        9500   -0.342141   -0.325476 0.000506466
        9501    -0.34814   -0.325478 0.000506419
        9502   -0.353962   -0.325481 0.000506374
        9503   -0.352617   -0.325484 0.000506329
        9504    -0.33822   -0.325485 0.000506277
        9505   -0.304857   -0.325483 0.000506229
        9506   -0.263142   -0.325476 0.000506218
        9507     -0.2414   -0.325468 0.000506242
        9508   -0.272828   -0.325462 0.000506219
        9509   -0.339771   -0.325464 0.000506168
        9510    -0.35851   -0.325467 0.000506127
        9511   -0.335976   -0.325468 0.000506075
        9512   -0.320535   -0.325468 0.000506022
        9513   -0.336034   -0.325469  0.00050597
        9514    -0.34872   -0.325471 0.000505923
        9515   -0.349153   -0.325474 0.000505876
        9516   -0.337817   -0.325475 0.000505824
        9517   -0.304587   -0.325473 0.000505776
        9518   -0.284495   -0.325468 0.000505741
        9519   -0.288687   -0.325465 0.000505702
        9520   -0.359666   -0.325468 0.000505662
        9521   -0.388476   -0.325475 0.000505652
        9522   -0.382297   -0.325481 0.000505634
        9523   -0.344278   -0.325483 0.000505585
        9524   -0.308658   -0.325481 0.000505535
        9525   -0.344378   -0.325483 0.000505486
        9526   -0.377686   -0.325488 0.000505463
        9527   -0.395495   -0.325496 0.000505463
        9528   -0.404811   -0.325504 0.000505478
        9529   -0.401574   -0.325512 0.000505488
        9530   -0.386809   -0.325518 0.000505476
        9531   -0.365333   -0.325523 0.000505441
        9532   -0.344541   -0.325525 0.000505391
        9533   -0.361597   -0.325528 0.000505353
        9534   -0.395663   -0.325536 0.000505353
        9535    -0.38365   -0.325542 0.000505337
        9536   -0.351864   -0.325545 0.000505291
        9537   -0.364491   -0.325549 0.000505255
        9538   -0.337624    -0.32555 0.000505204
        9539   -0.330117    -0.32555 0.000505151
        9540   -0.360092   -0.325554 0.000505111
        9541   -0.361503   -0.325558 0.000505072
        9542    -0.33884   -0.325559 0.000505021
        9543   -0.328348    -0.32556 0.000504968
        9544   -0.353361   -0.325562 0.000504924
        9545   -0.360121   -0.325566 0.000504884
        9546   -0.325982   -0.325566 0.000504831
        9547    -0.28958   -0.325562 0.000504792
        9548   -0.286834   -0.325558 0.000504755
        9549   -0.332694   -0.325559 0.000504703
        9550   -0.338832    -0.32556 0.000504652
        9551   -0.315584   -0.325559   0.0005046
        9552    -0.32782    -0.32556 0.000504548
        9553   -0.360998   -0.325563 0.000504509
        9554   -0.355079   -0.325566 0.000504465
        9555   -0.323422   -0.325566 0.000504412
        9556   -0.298649   -0.325563 0.000504368
        9557   -0.286909   -0.325559 0.000504331
        9558   -0.258475   -0.325552 0.000504327
        9559   -0.293265   -0.325549 0.000504286
        9560   -0.341419   -0.325551 0.000504236
        9561    -0.35593   -0.325554 0.000504193
        9562   -0.357107   -0.325557 0.000504151
        9563   -0.353842    -0.32556 0.000504107
        9564   -0.346481   -0.325562 0.000504059
        9565   -0.330705   -0.325563 0.000504006
        9566   -0.302608    -0.32556  0.00050396
        9567   -0.269529   -0.325555 0.000503941
        9568   -0.258989   -0.325548 0.000503936
        9569   -0.289088   -0.325544 0.000503898
        9570   -0.326099   -0.325544 0.000503845
        9571   -0.338609   -0.325545 0.000503795
        9572   -0.329337   -0.325546 0.000503742
        9573   -0.312095   -0.325544 0.000503691
        9574   -0.300907   -0.325542 0.000503645
        9575   -0.300194   -0.325539   0.0005036
        9576   -0.311855   -0.325538 0.000503549
        9577   -0.332029   -0.325538 0.000503497
        9578   -0.346899    -0.32554 0.000503449
        9579   -0.349691   -0.325543 0.000503403
        9580   -0.339937   -0.325544 0.000503353
        9581   -0.320214   -0.325544 0.000503301
        9582   -0.308761   -0.325542 0.000503251
        9583   -0.316674   -0.325541 0.000503199
        9584   -0.326626   -0.325541 0.000503147
        9585   -0.337874   -0.325543 0.000503096
        9586   -0.351374   -0.325545 0.000503051
        9587   -0.361986   -0.325549 0.000503013
        9588   -0.367706   -0.325554 0.000502979
        9589   -0.369622   -0.325558 0.000502948
        9590   -0.367703   -0.325563 0.000502915
        9591   -0.358522   -0.325566 0.000502874
        9592   -0.340281   -0.325567 0.000502824
        9593   -0.323231   -0.325567 0.000502772
        9594   -0.318491   -0.325566  0.00050272
        9595   -0.317858   -0.325566 0.000502668
        9596   -0.311023   -0.325564 0.000502618
        9597   -0.286207    -0.32556 0.000502582
        9598   -0.286871   -0.325556 0.000502546
        9599   -0.322008   -0.325556 0.000502494
        9600   -0.353829   -0.325559  0.00050245
        9601   -0.370598   -0.325563  0.00050242
        9602   -0.374785   -0.325568 0.000502394
        9603   -0.368489   -0.325573 0.000502361
        9604   -0.342923   -0.325575 0.000502312
        9605   -0.277214    -0.32557 0.000502285
        9606   -0.222315   -0.325559 0.000502348
        9607   -0.264211   -0.325553 0.000502336
        9608   -0.289384   -0.325549 0.000502298
        9609   -0.297881   -0.325546 0.000502254
        9610   -0.258262   -0.325539  0.00050225
        9611   -0.276803   -0.325534 0.000502224
        9612     -0.3182   -0.325533 0.000502172
        9613   -0.325919   -0.325533  0.00050212
        9614   -0.327458   -0.325533 0.000502068
        9615   -0.325264   -0.325533 0.000502015
        9616   -0.321729   -0.325533 0.000501963
        9617   -0.322558   -0.325533 0.000501911
        9618   -0.324095   -0.325532 0.000501859
        9619   -0.315296   -0.325531 0.000501808
        9620   -0.304355   -0.325529 0.000501761
        9621   -0.311408   -0.325528 0.000501711
        9622   -0.325431   -0.325528 0.000501659
        9623   -0.328019   -0.325528 0.000501606
        9624   -0.323705   -0.325528 0.000501554
        9625   -0.322907   -0.325527 0.000501502
        9626   -0.303358   -0.325525 0.000501456
        9627   -0.294797   -0.325522 0.000501414
        9628   -0.331389   -0.325523 0.000501362
        9629   -0.352394   -0.325525 0.000501318
        9630   -0.356743   -0.325529 0.000501276
        9631   -0.345419   -0.325531 0.000501228
        9632   -0.325581   -0.325531 0.000501176
        9633   -0.294505   -0.325527 0.000501135
        9634   -0.280222   -0.325523 0.000501105
        9635     -0.3471   -0.325525 0.000501058
        9636   -0.362707   -0.325529  0.00050102
        9637   -0.353543   -0.325532 0.000500977
        9638   -0.353755   -0.325535 0.000500933
        9639   -0.359301   -0.325538 0.000500894
        9640   -0.377241   -0.325544  0.00050087
        9641   -0.380027   -0.325549  0.00050085
        9642   -0.362336   -0.325553 0.000500813
        9643   -0.372566   -0.325558 0.000500785
        9644   -0.400207   -0.325566 0.000500793
        9645   -0.409446   -0.325574 0.000500816
        9646   -0.392978   -0.325581 0.000500813
        9647   -0.342329   -0.325583 0.000500764
        9648   -0.317746   -0.325582 0.000500713
        9649   -0.329344   -0.325583 0.000500661
        9650   -0.352407   -0.325585 0.000500617
        9651   -0.357884   -0.325589 0.000500576
        9652   -0.382373   -0.325595 0.000500559
        9653   -0.397406   -0.325602 0.000500562
        9654   -0.383897   -0.325608 0.000500547
        9655   -0.364156   -0.325612 0.000500511
        9656   -0.353082   -0.325615 0.000500467
        9657     -0.3436   -0.325617 0.000500419
        9658   -0.344439   -0.325619 0.000500371
        9659   -0.357767   -0.325622  0.00050033
        9660   -0.366582   -0.325626 0.000500296
        9661   -0.361611    -0.32563 0.000500259
        9662   -0.343015   -0.325632  0.00050021
        9663    -0.34682   -0.325634 0.000500163
        9664   -0.371149   -0.325639 0.000500133
        9665   -0.380439   -0.325644 0.000500114
        9666   -0.378806    -0.32565 0.000500092
        9667   -0.367695   -0.325654 0.000500059
        9668   -0.346347   -0.325656 0.000500012
        9669   -0.339138   -0.325658 0.000499963
        9670   -0.344014    -0.32566 0.000499914
        9671   -0.354843   -0.325663 0.000499872
        9672   -0.362805   -0.325667 0.000499835
        9673   -0.359996    -0.32567 0.000499796
        9674   -0.366495   -0.325674 0.000499762
        9675   -0.386988   -0.325681 0.000499751
        9676   -0.393433   -0.325688 0.000499748
        9677   -0.376843   -0.325693 0.000499724
        9678   -0.326971   -0.325693 0.000499673
        9679   -0.321358   -0.325693 0.000499621
        9680   -0.361581   -0.325696 0.000499583
        9681   -0.381791   -0.325702 0.000499565
        9682   -0.375433   -0.325707  0.00049954
        9683   -0.354001    -0.32571 0.000499497
        9684   -0.342098   -0.325712 0.000499448
        9685   -0.353959   -0.325715 0.000499405
        9686   -0.365985   -0.325719 0.000499371
        9687   -0.354669   -0.325722 0.000499329
        9688   -0.313853   -0.325721 0.000499278
        9689   -0.334913   -0.325722 0.000499228
        9690   -0.372023   -0.325726 0.000499199
        9691   -0.374292   -0.325732 0.000499173
        9692   -0.385441   -0.325738 0.000499159
        9693   -0.386917   -0.325744 0.000499148
        9694    -0.35422   -0.325747 0.000499105
        9695    -0.30873   -0.325745 0.000499057
        9696   -0.305218   -0.325743  0.00049901
        9697   -0.354788   -0.325746 0.000498967
        9698   -0.392638   -0.325753 0.000498963
        9699   -0.391595    -0.32576 0.000498958
        9700   -0.366228   -0.325764 0.000498924
        9701    -0.33581   -0.325765 0.000498874
        9702   -0.332072   -0.325766 0.000498823
        9703   -0.356086   -0.325769 0.000498781
        9704   -0.376491   -0.325774 0.000498757
        9705   -0.384449    -0.32578 0.000498742
        9706   -0.384155   -0.325786 0.000498727
        9707   -0.380958   -0.325792 0.000498708
        9708   -0.377309   -0.325797 0.000498685
        9709   -0.371409   -0.325802 0.000498656
        9710   -0.364512   -0.325806  0.00049862
        9711   -0.363055   -0.325809 0.000498584
        9712   -0.370156   -0.325814 0.000498553
        9713   -0.379738    -0.32582 0.000498533
        9714   -0.382723   -0.325825 0.000498516
        9715   -0.379686   -0.325831 0.000498496
        9716   -0.376158   -0.325836 0.000498471
        9717   -0.372431   -0.325841 0.000498443
        9718   -0.362731   -0.325845 0.000498406
        9719   -0.338737   -0.325846 0.000498357
        9720   -0.327536   -0.325846 0.000498305
        9721   -0.329812   -0.325847 0.000498254
        9722   -0.334797   -0.325848 0.000498204
        9723   -0.341592   -0.325849 0.000498155
        9724   -0.347365   -0.325851 0.000498109
        9725   -0.367563   -0.325856 0.000498076
        9726   -0.382026   -0.325862 0.000498058
        9727   -0.382492   -0.325867 0.000498041
        9728   -0.369295   -0.325872  0.00049801
        9729   -0.348009   -0.325874 0.000497964
        9730   -0.337146   -0.325875 0.000497914
        9731   -0.332347   -0.325876 0.000497864
        9732   -0.328776   -0.325876 0.000497812
        9733   -0.329151   -0.325877 0.000497761
        9734   -0.337794   -0.325878 0.000497712
        9735    -0.36652   -0.325882 0.000497678
        9736   -0.383096   -0.325888 0.000497662
        9737   -0.381899   -0.325894 0.000497644
        9738   -0.357432   -0.325897 0.000497603
        9739   -0.301603   -0.325894 0.000497558
        9740   -0.287538    -0.32589 0.000497523
        9741   -0.343976   -0.325892 0.000497475
        9742   -0.364724   -0.325896  0.00049744
        9743   -0.352806   -0.325899 0.000497397
        9744   -0.349212   -0.325901 0.000497352
        9745   -0.350717   -0.325904 0.000497307
        9746   -0.344042   -0.325906  0.00049726
        9747   -0.334614   -0.325907 0.000497209
        9748   -0.340833   -0.325908 0.000497161
        9749   -0.348939   -0.325911 0.000497115
        9750   -0.344098   -0.325912 0.000497068
        9751   -0.332422   -0.325913 0.000497017
        9752   -0.324628   -0.325913 0.000496966
        9753   -0.325602   -0.325913 0.000496915
        9754   -0.329382   -0.325913 0.000496865
        9755   -0.331158   -0.325914 0.000496814
        9756   -0.330374   -0.325914 0.000496763
        9757   -0.322877   -0.325914 0.000496712
        9758    -0.30851   -0.325912 0.000496665
        9759   -0.313367   -0.325911 0.000496615
        9760   -0.321125    -0.32591 0.000496565
        9761   -0.307849   -0.325909 0.000496517
        9762   -0.307637   -0.325907  0.00049647
        9763    -0.32588   -0.325907 0.000496419
        9764   -0.346002   -0.325909 0.000496373
        9765    -0.35451   -0.325912  0.00049633
        9766   -0.346292   -0.325914 0.000496284
        9767   -0.322896   -0.325913 0.000496233
        9768   -0.299894   -0.325911  0.00049619
        9769   -0.305367   -0.325909 0.000496143
        9770   -0.322004   -0.325908 0.000496093
        9771   -0.319977   -0.325908 0.000496042
        9772   -0.275453   -0.325903 0.000496018
        9773    -0.24101   -0.325894 0.000496044
        9774   -0.282522   -0.325889 0.000496013
        9775   -0.308097   -0.325888 0.000495965
        9776   -0.319723   -0.325887 0.000495915
        9777   -0.326635   -0.325887 0.000495864
        9778   -0.329973   -0.325887 0.000495814
        9779   -0.329291   -0.325888 0.000495763
        9780   -0.327371   -0.325888 0.000495713
        9781   -0.329926   -0.325888 0.000495662
        9782   -0.335807   -0.325889 0.000495612
        9783    -0.34058   -0.325891 0.000495564
        9784   -0.343434   -0.325893 0.000495517
        9785   -0.341489   -0.325894 0.000495469
        9786   -0.337604   -0.325895 0.000495419
        9787    -0.32869   -0.325896 0.000495369
        9788   -0.323208   -0.325895 0.000495318
        9789   -0.325052   -0.325895 0.000495268
        9790   -0.331551   -0.325896 0.000495217
        9791   -0.340304   -0.325897 0.000495169
        9792   -0.331815   -0.325898 0.000495119
        9793   -0.337151   -0.325899  0.00049507
        9794   -0.362454   -0.325903 0.000495033
        9795   -0.380548   -0.325908 0.000495014
        9796   -0.385378   -0.325915 0.000495001
        9797   -0.381608    -0.32592 0.000494983
        9798   -0.373045   -0.325925 0.000494956
        9799   -0.361407   -0.325929 0.000494918
        9800   -0.349481   -0.325931 0.000494874
        9801    -0.34213   -0.325933 0.000494826
        9802   -0.326777   -0.325933 0.000494776
        9803   -0.299249    -0.32593 0.000494733
        9804   -0.326377    -0.32593 0.000494682
        9805   -0.362477   -0.325934 0.000494646
        9806   -0.374235   -0.325939  0.00049462
        9807   -0.373396   -0.325944 0.000494593
        9808   -0.358808   -0.325947 0.000494554
        9809   -0.339855   -0.325948 0.000494506
        9810   -0.346072    -0.32595 0.000494459
        9811   -0.364596   -0.325954 0.000494425
        9812   -0.371006   -0.325959 0.000494396
        9813   -0.370771   -0.325964 0.000494366
        9814   -0.369795   -0.325968 0.000494336
        9815   -0.365982   -0.325972 0.000494303
        9816   -0.356765   -0.325975 0.000494262
        9817   -0.328564   -0.325975 0.000494212
        9818   -0.310529   -0.325974 0.000494164
        9819   -0.344117   -0.325976 0.000494117
        9820   -0.376269   -0.325981 0.000494093
        9821   -0.384511   -0.325987 0.000494079
        9822   -0.393531   -0.325994 0.000494077
        9823   -0.404468   -0.326002 0.000494091
        9824   -0.403171    -0.32601 0.000494103
        9825   -0.399189   -0.326017 0.000494109
        9826   -0.396521   -0.326024 0.000494111
        9827   -0.397149   -0.326031 0.000494113
        9828   -0.388283   -0.326038 0.000494104
        9829    -0.37351   -0.326043 0.000494077
        9830   -0.396321    -0.32605 0.000494078
        9831   -0.399147   -0.326057 0.000494084
        9832   -0.393113   -0.326064 0.000494081
        9833   -0.404664   -0.326072 0.000494095
        9834   -0.420548   -0.326082 0.000494139
        9835   -0.432328   -0.326092 0.000494206
        9836   -0.436375   -0.326104 0.000494283
        9837   -0.429137   -0.326114 0.000494344
        9838    -0.40728   -0.326122 0.000494363
        9839    -0.38531   -0.326128 0.000494349
        9840   -0.395883   -0.326135  0.00049435
        9841   -0.416292   -0.326145 0.000494384
        9842   -0.413629   -0.326153 0.000494414
        9843   -0.395798   -0.326161 0.000494414
        9844    -0.39616   -0.326168 0.000494415
        9845   -0.420882   -0.326177 0.000494459
        9846   -0.444489   -0.326189 0.000494554
        9847   -0.449633   -0.326202 0.000494663
        9848   -0.430448   -0.326212 0.000494726
        9849   -0.375381   -0.326217 0.000494701
        9850   -0.279174   -0.326213 0.000494674
        9851   -0.288023   -0.326209 0.000494639
        9852   -0.384467   -0.326215 0.000494624
        9853   -0.407631   -0.326223 0.000494643
        9854   -0.394838    -0.32623 0.000494642
        9855   -0.380095   -0.326235 0.000494622
        9856   -0.372572    -0.32624 0.000494594
        9857   -0.362899   -0.326244 0.000494557
        9858   -0.347781   -0.326246 0.000494512
        9859   -0.344466   -0.326248 0.000494465
        9860   -0.356666   -0.326251 0.000494425
        9861   -0.363378   -0.326255 0.000494389
        9862   -0.367561   -0.326259 0.000494357
        9863   -0.368137   -0.326263 0.000494325
        9864    -0.34909   -0.326265  0.00049428
        9865   -0.299286   -0.326263 0.000494238
        9866   -0.303337    -0.32626 0.000494193
        9867   -0.344591   -0.326262 0.000494146
        9868   -0.360782   -0.326266 0.000494109
        9869   -0.329476   -0.326266 0.000494059
        9870   -0.268424    -0.32626 0.000494043
        9871   -0.333821   -0.326261 0.000493994
        9872   -0.367938   -0.326265 0.000493962
        9873   -0.376428    -0.32627 0.000493938
        9874   -0.382019   -0.326276  0.00049392
        9875   -0.367506    -0.32628 0.000493888
        9876    -0.29822   -0.326277 0.000493846
        9877   -0.326273   -0.326277 0.000493796
        9878   -0.378108   -0.326282 0.000493774
        9879   -0.384647   -0.326288 0.000493759
        9880   -0.379753   -0.326294 0.000493739
        9881   -0.360444   -0.326297 0.000493701
        9882   -0.329563   -0.326298 0.000493651
        9883   -0.302422   -0.326295 0.000493607
        9884   -0.318614   -0.326294 0.000493558
        9885   -0.369005   -0.326299 0.000493527
        9886   -0.392431   -0.326305 0.000493522
        9887   -0.404777   -0.326313 0.000493536
        9888    -0.40559   -0.326321 0.000493551
        9889   -0.386642   -0.326327 0.000493539
        9890   -0.343934   -0.326329 0.000493493
        9891   -0.313551   -0.326328 0.000493444
        9892    -0.32693   -0.326328 0.000493394
        9893   -0.345264    -0.32633 0.000493348
        9894    -0.35189   -0.326333 0.000493305
        9895   -0.351207   -0.326335 0.000493262
        9896   -0.345549   -0.326337 0.000493216
        9897   -0.332729   -0.326338 0.000493166
        9898   -0.307715   -0.326336  0.00049312
        9899   -0.290527   -0.326332 0.000493084
        9900   -0.302879    -0.32633 0.000493039
        9901   -0.311977   -0.326328 0.000492992
        9902   -0.309633   -0.326327 0.000492945
        9903    -0.30634   -0.326325 0.000492899
        9904   -0.308268   -0.326323 0.000492853
        9905    -0.31321   -0.326321 0.000492805
        9906   -0.315021    -0.32632 0.000492756
        9907   -0.308714   -0.326319  0.00049271
        9908   -0.298304   -0.326316 0.000492668
        9909   -0.302919   -0.326313 0.000492624
        9910   -0.320191   -0.326313 0.000492575
        9911    -0.32473   -0.326313 0.000492525
        9912   -0.302895    -0.32631 0.000492481
        9913   -0.278763   -0.326305 0.000492455
        9914   -0.284065   -0.326301 0.000492424
        9915   -0.301072   -0.326299  0.00049238
        9916   -0.302076   -0.326296 0.000492337
        9917   -0.290841   -0.326293   0.0004923
        9918   -0.286039   -0.326289 0.000492267
        9919   -0.293971   -0.326285 0.000492228
        9920   -0.315741   -0.326284  0.00049218
        9921   -0.333513   -0.326285 0.000492131
        9922   -0.338418   -0.326286 0.000492083
        9923   -0.334977   -0.326287 0.000492034
        9924   -0.326011   -0.326287 0.000491984
        9925   -0.318623   -0.326286 0.000491935
        9926   -0.324779   -0.326286 0.000491886
        9927   -0.330165   -0.326286 0.000491837
        9928   -0.322059   -0.326286 0.000491787
        9929   -0.313662   -0.326285 0.000491739
        9930   -0.321662   -0.326284  0.00049169
        9931    -0.33594   -0.326285 0.000491641
        9932   -0.344665   -0.326287 0.000491595
        9933   -0.344233   -0.326289 0.000491549
        9934   -0.324887   -0.326289   0.0004915
        9935   -0.305361   -0.326287 0.000491455
        9936   -0.328516   -0.326287 0.000491405
        9937   -0.342893   -0.326289 0.000491359
        9938   -0.331251   -0.326289  0.00049131
        9939   -0.311691   -0.326288 0.000491262
        9940   -0.307777   -0.326286 0.000491217
        9941   -0.333847   -0.326287 0.000491168
        9942   -0.359261    -0.32629 0.000491129
        9943   -0.365615   -0.326294 0.000491096
        9944   -0.340416   -0.326295 0.000491049
        9945   -0.281356   -0.326291  0.00049102
        9946   -0.260416   -0.326284 0.000491015
        9947    -0.26266   -0.326278 0.000491008
        9948    -0.27417   -0.326272 0.000490986
        9949   -0.306357    -0.32627 0.000490941
        9950   -0.326408    -0.32627 0.000490892
        9951   -0.327677   -0.326271 0.000490842
        9952   -0.321789    -0.32627 0.000490793
        9953   -0.319223   -0.326269 0.000490744
        9954   -0.308322   -0.326268 0.000490698
        9955   -0.260224   -0.326261 0.000490694
        9956   -0.252948   -0.326254   0.0004907
        9957   -0.324765   -0.326253 0.000490651
        9958   -0.358512   -0.326257 0.000490612
        9959   -0.349398   -0.326259 0.000490568
        9960   -0.307464   -0.326257 0.000490523
        9961   -0.277053   -0.326252 0.000490498
        9962   -0.314103   -0.326251 0.000490451
        9963   -0.340549   -0.326252 0.000490404
        9964   -0.321725   -0.326252 0.000490355
        9965   -0.320249   -0.326251 0.000490306
        9966   -0.350561   -0.326254 0.000490263
        9967   -0.356947   -0.326257 0.000490223
        9968   -0.349514   -0.326259 0.000490179
        9969   -0.339844   -0.326261 0.000490132
        9970   -0.332103   -0.326261 0.000490083
        9971   -0.325643   -0.326261 0.000490034
        9972   -0.322998   -0.326261 0.000489985
        9973   -0.325351   -0.326261 0.000489936
        9974    -0.32181    -0.32626 0.000489887
        9975   -0.306168   -0.326258 0.000489842
        9976   -0.294667   -0.326255 0.000489803
        9977   -0.300096   -0.326252 0.000489761
        9978   -0.310125   -0.326251 0.000489715
        9979   -0.314164    -0.32625 0.000489667
        9980   -0.319384   -0.326249 0.000489619
        9981   -0.321112   -0.326248  0.00048957
        9982   -0.317244   -0.326248 0.000489522
        9983   -0.317477   -0.326247 0.000489473
        9984    -0.32346   -0.326246 0.000489424
        9985   -0.324488   -0.326246 0.000489375
        9986   -0.313401   -0.326245 0.000489328
        9987   -0.291476   -0.326241 0.000489292
        9988   -0.282716   -0.326237 0.000489262
        9989    -0.29743   -0.326234 0.000489221
        9990   -0.282528    -0.32623 0.000489192
        9991   -0.211732   -0.326218 0.000489277
        9992   -0.277268   -0.326213 0.000489253
        9993   -0.330698   -0.326214 0.000489204
        9994   -0.321869   -0.326213 0.000489155
        9995   -0.287489    -0.32621 0.000489122
        9996    -0.26525   -0.326203 0.000489111
        9997   -0.305719   -0.326201 0.000489066
        9998   -0.344735   -0.326203 0.000489021
        9999   -0.346894   -0.326205 0.000488976
       10000    -0.34167   -0.326207  0.00048893
       10001   -0.346286   -0.326209 0.000488885
       10002   -0.353873   -0.326212 0.000488844
       10003   -0.352052   -0.326214 0.000488802
       10004   -0.338157   -0.326215 0.000488755
       10005   -0.319042   -0.326215 0.000488706
       10006   -0.296801   -0.326212 0.000488666
       10007   -0.278775   -0.326207  0.00048864
       10008   -0.306032   -0.326205 0.000488596
       10009   -0.341527   -0.326207 0.000488549
       10010   -0.347256   -0.326209 0.000488505
       10011   -0.342098    -0.32621 0.000488459
       10012   -0.341837   -0.326212 0.000488412
       10013   -0.350503   -0.326214  0.00048837
       10014   -0.350782   -0.326217 0.000488327
       10015   -0.320786   -0.326216 0.000488279
       10016   -0.319004   -0.326215  0.00048823
       10017   -0.362652   -0.326219 0.000488195
       10018   -0.359378   -0.326222 0.000488158
       10019   -0.340054   -0.326224 0.000488111
       10020    -0.33557   -0.326225 0.000488063
       10021   -0.334488   -0.326226 0.000488015
       10022    -0.33284   -0.326226 0.000487967
       10023   -0.357721   -0.326229 0.000487928
       10024   -0.382369   -0.326235 0.000487912
       10025   -0.382009    -0.32624 0.000487895
       10026   -0.346627   -0.326243  0.00048785
       10027   -0.304886    -0.32624 0.000487806
       10028   -0.323509    -0.32624 0.000487758
       10029   -0.346808   -0.326242 0.000487714
       10030   -0.363707   -0.326246 0.000487679
       10031   -0.384939   -0.326252 0.000487666
       10032   -0.388833   -0.326258 0.000487657
       10033   -0.350043    -0.32626 0.000487614
       10034   -0.288765   -0.326257  0.00048758
       10035   -0.257777    -0.32625 0.000487579
       10036   -0.304554   -0.326248 0.000487535
       10037   -0.335671   -0.326249 0.000487488
       10038   -0.333908   -0.326249  0.00048744
       10039   -0.331716    -0.32625 0.000487391
       10040    -0.31743   -0.326249 0.000487344
       10041   -0.321663   -0.326249 0.000487295
       10042   -0.343845    -0.32625  0.00048725
       10043   -0.352466   -0.326253 0.000487208
       10044   -0.350392   -0.326255 0.000487166
       10045   -0.340735   -0.326257 0.000487119
       10046   -0.327292   -0.326257 0.000487071
       10047   -0.316255   -0.326256 0.000487023
       10048   -0.312769   -0.326255 0.000486977
       10049   -0.312897   -0.326253  0.00048693
       10050   -0.311245   -0.326252 0.000486884
       10051    -0.31503   -0.326251 0.000486837
       10052   -0.317419    -0.32625 0.000486789
       10053   -0.312016   -0.326248 0.000486743
       10054   -0.299655   -0.326246 0.000486702
       10055   -0.294893   -0.326243 0.000486663
       10056     -0.3116   -0.326241 0.000486617
       10057   -0.324075   -0.326241 0.000486569
       10058   -0.314274    -0.32624 0.000486522
       10059    -0.29066   -0.326236 0.000486486
       10060   -0.293074   -0.326233 0.000486449
       10061   -0.310572   -0.326231 0.000486403
       10062   -0.298866   -0.326229 0.000486362
       10063   -0.314005   -0.326227 0.000486316
       10064   -0.351064    -0.32623 0.000486274
       10065   -0.348057   -0.326232  0.00048623
       10066   -0.322703   -0.326232 0.000486182
       10067   -0.317301   -0.326231 0.000486134
       10068   -0.337082   -0.326232 0.000486087
       10069   -0.343212   -0.326233 0.000486042
       10070   -0.316357   -0.326233 0.000485995
       10071   -0.277657   -0.326228  0.00048597
       10072   -0.305329   -0.326226 0.000485927
       10073   -0.364325   -0.326229 0.000485893
       10074   -0.389331   -0.326236 0.000485885
       10075   -0.384643   -0.326241 0.000485872
       10076   -0.356907   -0.326245 0.000485833
       10077   -0.322797   -0.326244 0.000485785
       10078   -0.311045   -0.326243 0.000485739
       10079    -0.32306   -0.326242 0.000485691
       10080   -0.332669   -0.326243 0.000485643
       10081   -0.338778   -0.326244 0.000485596
       10082    -0.35135   -0.326247 0.000485555
       10083   -0.359703    -0.32625 0.000485518
       10084    -0.32088   -0.326249  0.00048547
       10085   -0.278831   -0.326245 0.000485445
       10086   -0.319098   -0.326244 0.000485397
       10087   -0.348587   -0.326246 0.000485354
       10088   -0.355551   -0.326249 0.000485315
       10089   -0.354023   -0.326252 0.000485274
       10090   -0.350106   -0.326254 0.000485232
       10091   -0.345469   -0.326256 0.000485188
       10092   -0.340735   -0.326258 0.000485142
       10093   -0.336959   -0.326259 0.000485095
       10094   -0.336508    -0.32626 0.000485048
       10095   -0.341177   -0.326261 0.000485002
       10096    -0.34814   -0.326263 0.000484959
       10097   -0.351263   -0.326266 0.000484917
       10098   -0.349884   -0.326268 0.000484875
       10099    -0.35157   -0.326271 0.000484833
       10100   -0.350283   -0.326273 0.000484791
       10101   -0.345634   -0.326275 0.000484747
       10102   -0.355063   -0.326278 0.000484707
       10103    -0.37214   -0.326282  0.00048468
       10104   -0.358812   -0.326286 0.000484643
       10105   -0.340292   -0.326287 0.000484597
       10106   -0.374744   -0.326292 0.000484573
       10107   -0.380675   -0.326297 0.000484555
       10108   -0.364656   -0.326301 0.000484522
       10109   -0.334594   -0.326302 0.000484475
       10110   -0.322994   -0.326301 0.000484427
       10111   -0.365359   -0.326305 0.000484394
       10112   -0.381186   -0.326311 0.000484377
       10113   -0.355462   -0.326314 0.000484337
       10114   -0.336986   -0.326315 0.000484291
       10115   -0.354949   -0.326318 0.000484251
       10116   -0.359773   -0.326321 0.000484214
       10117   -0.349815   -0.326323 0.000484172
       10118   -0.338694   -0.326324 0.000484126
       10119   -0.333583   -0.326325 0.000484079
       10120   -0.335408   -0.326326 0.000484032
       10121   -0.336275   -0.326327 0.000483985
       10122   -0.319349   -0.326326 0.000483937
       10123    -0.29765   -0.326323 0.000483898
       10124   -0.277023   -0.326319 0.000483875
       10125   -0.264011   -0.326312 0.000483866
       10126   -0.291008   -0.326309 0.000483831
       10127   -0.320952   -0.326308 0.000483783
       10128   -0.324995   -0.326308 0.000483735
       10129   -0.318313   -0.326307 0.000483688
       10130   -0.313947   -0.326306 0.000483642
       10131   -0.314344   -0.326305 0.000483596
       10132   -0.316715   -0.326304 0.000483549
       10133   -0.317393   -0.326303 0.000483502
       10134   -0.310896   -0.326302 0.000483457
       10135   -0.289529   -0.326298 0.000483423
       10136   -0.257922   -0.326291 0.000483422
       10137   -0.249958   -0.326284 0.000483433
       10138   -0.277685   -0.326279 0.000483409
       10139    -0.30834   -0.326277 0.000483365
       10140   -0.308134   -0.326275  0.00048332
       10141     -0.2564   -0.326269 0.000483322
       10142    -0.23103   -0.326259 0.000483365
       10143   -0.257333   -0.326252 0.000483365
       10144    -0.28526   -0.326248 0.000483335
       10145   -0.234463   -0.326239 0.000483372
       10146   -0.118913   -0.326219 0.000483756
       10147    -0.20607   -0.326207 0.000483853
       10148   -0.296055   -0.326204 0.000483814
       10149   -0.318612   -0.326203 0.000483767
       10150   -0.323936   -0.326203  0.00048372
       10151   -0.322701   -0.326203 0.000483672
       10152   -0.314001   -0.326202 0.000483626
       10153   -0.304602   -0.326199 0.000483583
       10154   -0.308996   -0.326198 0.000483538
       10155    -0.31417   -0.326197 0.000483492
       10156   -0.303495   -0.326194  0.00048345
       10157   -0.292445   -0.326191 0.000483414
       10158   -0.301794   -0.326189 0.000483372
       10159   -0.316912   -0.326188 0.000483325
       10160   -0.316562   -0.326187 0.000483279
       10161   -0.298782   -0.326184 0.000483239
       10162    -0.29999   -0.326181 0.000483198
       10163   -0.322133   -0.326181 0.000483151
       10164   -0.312253    -0.32618 0.000483105
       10165   -0.270356   -0.326174 0.000483089
       10166   -0.269835   -0.326169 0.000483073
       10167   -0.321681   -0.326168 0.000483026
       10168   -0.335495   -0.326169 0.000482979
       10169   -0.320385   -0.326169 0.000482932
       10170   -0.309567   -0.326167 0.000482887
       10171   -0.291774   -0.326164 0.000482852
       10172   -0.286016    -0.32616  0.00048282
       10173   -0.329358    -0.32616 0.000482773
       10174   -0.351303   -0.326162 0.000482732
       10175   -0.345569   -0.326164 0.000482688
       10176   -0.320841   -0.326164 0.000482641
       10177   -0.272492   -0.326158 0.000482622
       10178   -0.237324    -0.32615 0.000482654
       10179   -0.266954   -0.326144 0.000482641
       10180   -0.333437   -0.326145 0.000482594
       10181   -0.367649   -0.326149 0.000482564
       10182   -0.376309   -0.326154 0.000482542
       10183     -0.3405   -0.326155 0.000482497
       10184   -0.313142   -0.326154 0.000482451
       10185   -0.373453   -0.326158 0.000482426
       10186   -0.381376   -0.326164 0.000482409
       10187    -0.36395   -0.326168 0.000482376
       10188   -0.339942   -0.326169 0.000482331
       10189   -0.319547   -0.326168 0.000482284
       10190   -0.328712   -0.326169 0.000482236
       10191   -0.356305   -0.326171 0.000482198
       10192   -0.371725   -0.326176 0.000482172
       10193   -0.365841    -0.32618  0.00048214
       10194   -0.347682   -0.326182 0.000482097
       10195    -0.35845   -0.326185  0.00048206
       10196   -0.361371   -0.326189 0.000482025
       10197     -0.3428    -0.32619 0.000481981
       10198   -0.344646   -0.326192 0.000481937
       10199   -0.361051   -0.326195 0.000481902
       10200   -0.378078   -0.326201 0.000481882
       10201   -0.383851   -0.326206 0.000481867
       10202   -0.360205   -0.326209 0.000481832
       10203   -0.297713   -0.326207 0.000481793
       10204   -0.257517     -0.3262 0.000481792
       10205   -0.283524   -0.326196 0.000481763
       10206   -0.326208   -0.326196 0.000481716
       10207   -0.352343   -0.326198 0.000481676
       10208   -0.356542   -0.326201 0.000481638
       10209   -0.345262   -0.326203 0.000481594
       10210   -0.308184   -0.326201  0.00048155
       10211   -0.278931   -0.326197 0.000481525
       10212   -0.265222   -0.326191 0.000481515
       10213   -0.243639   -0.326183 0.000481536
       10214   -0.270572   -0.326177  0.00048152
       10215   -0.303405   -0.326175 0.000481478
       10216   -0.315104   -0.326174 0.000481432
       10217   -0.298283   -0.326171 0.000481392
       10218   -0.298442   -0.326169 0.000481353
       10219   -0.312648   -0.326167 0.000481308
       10220   -0.292727   -0.326164 0.000481272
       10221    -0.22757   -0.326154 0.000481321
       10222   -0.260891   -0.326148 0.000481316
       10223   -0.253475   -0.326141 0.000481322
       10224   -0.229424   -0.326131 0.000481368
       10225   -0.244405   -0.326123 0.000481387
       10226    -0.19165    -0.32611 0.000481519
       10227    -0.24524   -0.326102 0.000481537
       10228   -0.315031   -0.326101 0.000481491
       10229   -0.326339   -0.326101 0.000481444
       10230   -0.318248     -0.3261 0.000481398
       10231   -0.313087   -0.326099 0.000481353
       10232   -0.307072   -0.326097 0.000481309
       10233   -0.296305   -0.326094 0.000481271
       10234   -0.299657   -0.326092 0.000481231
       10235   -0.315932   -0.326091 0.000481185
       10236   -0.326383   -0.326091 0.000481138
       10237   -0.331291   -0.326091 0.000481091
       10238   -0.335205   -0.326092 0.000481045
       10239   -0.334616   -0.326093 0.000480999
       10240   -0.324991   -0.326093 0.000480952
       10241   -0.316377   -0.326092 0.000480906
       10242   -0.325916   -0.326092 0.000480859
       10243   -0.337303   -0.326093 0.000480813
       10244   -0.339371   -0.326094 0.000480768
       10245   -0.335511   -0.326095 0.000480722
       10246   -0.332602   -0.326096 0.000480675
       10247   -0.334381   -0.326097 0.000480629
       10248   -0.338303   -0.326098 0.000480584
       10249    -0.35284   -0.326101 0.000480544
       10250   -0.371721   -0.326105 0.000480517
       10251   -0.367189   -0.326109 0.000480487
       10252   -0.338719    -0.32611 0.000480442
       10253    -0.34605   -0.326112 0.000480399
       10254    -0.36621   -0.326116 0.000480368
       10255   -0.378931   -0.326121 0.000480349
       10256   -0.391604   -0.326128 0.000480345
       10257   -0.392882   -0.326134 0.000480342
       10258   -0.379275   -0.326139 0.000480323
       10259   -0.358098   -0.326142 0.000480286
       10260    -0.35798   -0.326146 0.000480249
       10261   -0.371806    -0.32615 0.000480223
       10262   -0.344178   -0.326152  0.00048018
       10263    -0.28914   -0.326148 0.000480146
       10264   -0.304279   -0.326146 0.000480104
       10265   -0.367821    -0.32615 0.000480075
       10266    -0.39217   -0.326157 0.000480071
       10267   -0.380632   -0.326162 0.000480054
       10268   -0.351019   -0.326164 0.000480013
       10269   -0.317548   -0.326163 0.000479967
       10270   -0.307102   -0.326162 0.000479924
       10271   -0.324793   -0.326161 0.000479877
       10272   -0.342613   -0.326163 0.000479833
       10273   -0.349954   -0.326165 0.000479792
       10274   -0.353274   -0.326168 0.000479752
       10275   -0.353215   -0.326171 0.000479713
       10276   -0.321814    -0.32617 0.000479666
       10277    -0.27997   -0.326166 0.000479641
       10278   -0.257473   -0.326159 0.000479641
       10279   -0.316514   -0.326158 0.000479595
       10280   -0.375676   -0.326163 0.000479573
       10281   -0.380796   -0.326168 0.000479555
       10282   -0.368871   -0.326172 0.000479527
       10283   -0.348646   -0.326175 0.000479485
       10284   -0.337515   -0.326176  0.00047944
       10285   -0.346872   -0.326178 0.000479397
       10286   -0.353596    -0.32618 0.000479358
       10287   -0.342639   -0.326182 0.000479314
       10288   -0.343746   -0.326184 0.000479271
       10289   -0.364467   -0.326187 0.000479238
       10290   -0.379426   -0.326193  0.00047922
       10291   -0.372983   -0.326197 0.000479195
       10292   -0.344934   -0.326199 0.000479152
       10293    -0.32272   -0.326199 0.000479105
       10294   -0.335538   -0.326199  0.00047906
       10295    -0.34706   -0.326201 0.000479017
       10296   -0.339819   -0.326203 0.000478973
       10297   -0.322205   -0.326202 0.000478926
       10298   -0.309648   -0.326201 0.000478883
       10299   -0.309728   -0.326199 0.000478839
       10300    -0.31845   -0.326198 0.000478793
       10301    -0.33204   -0.326199 0.000478747
       10302   -0.343493   -0.326201 0.000478703
       10303   -0.348462   -0.326203 0.000478662
       10304   -0.346195   -0.326205 0.000478619
       10305   -0.334862   -0.326206 0.000478573
       10306   -0.306039   -0.326204 0.000478531
       10307   -0.263308   -0.326198 0.000478523
       10308   -0.280309   -0.326193 0.000478498
       10309   -0.327815   -0.326193 0.000478451
       10310   -0.344357   -0.326195 0.000478408
       10311   -0.341087   -0.326197 0.000478364
       10312   -0.318499   -0.326196 0.000478318
       10313   -0.283536   -0.326192  0.00047829
       10314   -0.287001   -0.326188 0.000478258
       10315   -0.309244   -0.326186 0.000478215
       10316   -0.315616   -0.326185 0.000478169
       10317   -0.309553   -0.326184 0.000478126
       10318    -0.30692   -0.326182 0.000478083
       10319   -0.309337    -0.32618  0.00047804
       10320   -0.306295   -0.326178 0.000477997
       10321   -0.285923   -0.326174 0.000477967
       10322   -0.245209   -0.326166 0.000477985
       10323   -0.237023   -0.326158 0.000478017
       10324   -0.275524   -0.326153 0.000477995
       10325   -0.295879    -0.32615 0.000477958
       10326    -0.28296   -0.326146  0.00047793
       10327    -0.24421   -0.326138  0.00047795
       10328   -0.246859    -0.32613 0.000477965
       10329   -0.275987   -0.326125 0.000477943
       10330   -0.281665   -0.326121 0.000477917
       10331   -0.276112   -0.326116 0.000477895
       10332   -0.270117   -0.326111 0.000477879
       10333   -0.270386   -0.326105 0.000477863
       10334   -0.273531     -0.3261 0.000477844
       10335   -0.271206   -0.326095 0.000477828
       10336   -0.264364   -0.326089 0.000477819
       10337   -0.268246   -0.326083 0.000477805
       10338   -0.288869    -0.32608 0.000477773
       10339    -0.30765   -0.326078  0.00047773
       10340   -0.318233   -0.326077 0.000477684
       10341   -0.323901   -0.326077 0.000477638
       10342   -0.312635   -0.326076 0.000477593
       10343    -0.28534   -0.326072 0.000477564
       10344    -0.28617   -0.326068 0.000477533
       10345   -0.279196   -0.326063 0.000477508
       10346   -0.301633   -0.326061 0.000477468
       10347   -0.337532   -0.326062 0.000477423
       10348   -0.344836   -0.326064  0.00047738
       10349   -0.310689   -0.326062 0.000477337
       10350   -0.286043   -0.326059 0.000477306
       10351   -0.312303   -0.326057 0.000477262
       10352   -0.329642   -0.326058 0.000477216
       10353   -0.326639   -0.326058  0.00047717
       10354   -0.329391   -0.326058 0.000477124
       10355   -0.338342   -0.326059 0.000477079
       10356   -0.308245   -0.326057 0.000477036
       10357    -0.27217   -0.326052 0.000477019
       10358   -0.287712   -0.326049 0.000476987
       10359   -0.284885   -0.326045 0.000476957
       10360   -0.312328   -0.326043 0.000476913
       10361   -0.339771   -0.326045 0.000476869
       10362   -0.336897   -0.326046 0.000476824
       10363   -0.331658   -0.326046 0.000476778
       10364    -0.33245   -0.326047 0.000476733
       10365   -0.329197   -0.326047 0.000476687
       10366   -0.319094   -0.326046 0.000476641
       10367   -0.314068   -0.326045 0.000476597
       10368   -0.311401   -0.326044 0.000476553
       10369   -0.308254   -0.326042  0.00047651
       10370    -0.32011   -0.326042 0.000476464
       10371   -0.331878   -0.326042 0.000476419
       10372    -0.32836   -0.326042 0.000476373
       10373   -0.307682   -0.326041  0.00047633
       10374   -0.305443   -0.326039 0.000476289
       10375   -0.340737    -0.32604 0.000476245
       10376   -0.354672   -0.326043 0.000476207
       10377   -0.333362   -0.326043 0.000476162
       10378   -0.282885   -0.326039 0.000476134
       10379   -0.280963   -0.326035 0.000476108
       10380   -0.333987   -0.326036 0.000476062
       10381   -0.369087    -0.32604 0.000476035
       10382   -0.341221   -0.326041 0.000475991
       10383   -0.267333   -0.326036 0.000475979
       10384   -0.340911   -0.326037 0.000475935
       10385   -0.363223   -0.326041 0.000475903
       10386   -0.365663   -0.326044 0.000475872
       10387   -0.381095    -0.32605 0.000475856
       10388    -0.38134   -0.326055  0.00047584
       10389   -0.371476   -0.326059 0.000475814
       10390   -0.339405   -0.326061  0.00047577
       10391   -0.287426   -0.326057 0.000475739
       10392   -0.305925   -0.326055 0.000475697
       10393   -0.361637   -0.326059 0.000475664
       10394   -0.397972   -0.326065 0.000475668
       10395   -0.414558   -0.326074 0.000475699
       10396     -0.4116   -0.326082 0.000475724
       10397    -0.38849   -0.326088 0.000475716
       10398   -0.358105   -0.326091  0.00047568
       10399   -0.345813   -0.326093 0.000475638
       10400   -0.360111   -0.326096 0.000475604
       10401   -0.371349   -0.326101 0.000475578
       10402   -0.356634   -0.326104 0.000475541
       10403   -0.326851   -0.326104 0.000475496
       10404   -0.295675   -0.326101 0.000475459
       10405   -0.314459     -0.3261 0.000475414
       10406   -0.354347   -0.326102 0.000475377
       10407   -0.365947   -0.326106 0.000475346
       10408   -0.367246    -0.32611 0.000475317
       10409   -0.369995   -0.326114  0.00047529
       10410   -0.374363   -0.326119 0.000475267
       10411   -0.371481   -0.326123 0.000475241
       10412   -0.339305   -0.326125 0.000475197
       10413   -0.266558   -0.326119 0.000475186
       10414   -0.217077   -0.326109 0.000475256
       10415    -0.25734   -0.326102 0.000475256
       10416   -0.334354   -0.326103 0.000475211
       10417     -0.3757   -0.326107 0.000475189
       10418   -0.387775   -0.326113 0.000475181
       10419   -0.383482   -0.326119 0.000475167
       10420   -0.357949   -0.326122 0.000475131
       10421   -0.329737   -0.326122 0.000475086
       10422    -0.34279   -0.326124 0.000475043
       10423   -0.356959   -0.326127 0.000475006
       10424   -0.353814    -0.32613 0.000474968
       10425   -0.342472   -0.326131 0.000474925
       10426   -0.336284   -0.326132 0.000474881
       10427   -0.349879   -0.326134 0.000474841
       10428   -0.368642   -0.326138 0.000474813
       10429   -0.367308   -0.326142 0.000474784
       10430   -0.360884   -0.326146  0.00047475
       10431    -0.37471    -0.32615 0.000474727
       10432   -0.392209   -0.326157 0.000474724
       10433   -0.399592   -0.326164  0.00047473
       10434   -0.396279    -0.32617 0.000474732
       10435   -0.381962   -0.326176 0.000474717
       10436   -0.366655    -0.32618 0.000474687
       10437   -0.358779   -0.326183 0.000474652
       10438    -0.33118   -0.326183 0.000474607
       10439   -0.326407   -0.326183 0.000474562
       10440   -0.369023   -0.326187 0.000474534
       10441    -0.37962   -0.326193 0.000474516
       10442   -0.364595   -0.326196 0.000474485
       10443   -0.352066   -0.326199 0.000474446
       10444   -0.364041   -0.326202 0.000474414
       10445   -0.384505   -0.326208 0.000474402
       10446   -0.398664   -0.326215 0.000474407
       10447   -0.406347   -0.326222 0.000474424
       10448    -0.41398   -0.326231 0.000474452
       10449   -0.421305    -0.32624 0.000474494
       10450   -0.418348   -0.326249 0.000474531
       10451   -0.399772   -0.326256 0.000474537
       10452    -0.37642   -0.326261 0.000474516
       10453   -0.349807   -0.326263 0.000474476
       10454   -0.377338   -0.326268 0.000474456
       10455   -0.422926   -0.326277 0.000474501
       10456   -0.478704   -0.326292 0.000474679
       10457   -0.498484   -0.326308 0.000474919
       10458   -0.481514   -0.326323 0.000475106
       10459    -0.45795   -0.326335 0.000475227
       10460   -0.456147   -0.326348 0.000475344
       10461   -0.462185   -0.326361 0.000475476
       10462   -0.467554   -0.326374 0.000475622
       10463   -0.474149   -0.326389 0.000475786
       10464   -0.485729   -0.326404 0.000475984
       10465   -0.497205    -0.32642 0.000476218
       10466   -0.495233   -0.326436 0.000476446
       10467   -0.473793    -0.32645 0.000476608
       10468   -0.440823   -0.326461 0.000476688
       10469   -0.422404    -0.32647  0.00047673
       10470   -0.418654   -0.326479 0.000476766
       10471   -0.432466   -0.326489 0.000476828
       10472   -0.441685     -0.3265 0.000476909
       10473   -0.407316   -0.326508 0.000476926
       10474   -0.366714   -0.326512 0.000476896
       10475   -0.378808   -0.326517 0.000476877
       10476   -0.406014   -0.326524 0.000476892
       10477   -0.408229   -0.326532  0.00047691
       10478   -0.395404   -0.326539  0.00047691
       10479   -0.377059   -0.326544 0.000476889
       10480   -0.353519   -0.326546  0.00047685
       10481   -0.347376   -0.326548 0.000476809
       10482   -0.355767   -0.326551 0.000476771
       10483   -0.354844   -0.326554 0.000476733
       10484   -0.345182   -0.326555 0.000476691
       10485   -0.349793   -0.326558 0.000476651
       10486   -0.362633   -0.326561 0.000476618
       10487   -0.364488   -0.326565 0.000476586
       10488   -0.360601   -0.326568 0.000476552
       10489   -0.359971   -0.326571 0.000476517
       10490   -0.362937   -0.326575 0.000476484
       10491   -0.370213   -0.326579 0.000476457
       10492   -0.363398   -0.326582 0.000476424
       10493    -0.32616   -0.326582 0.000476379
       10494   -0.313473   -0.326581 0.000476335
       10495   -0.333188   -0.326582  0.00047629
       10496   -0.341126   -0.326583 0.000476247
       10497   -0.341855   -0.326584 0.000476204
       10498   -0.337247   -0.326585  0.00047616
       10499   -0.331391   -0.326586 0.000476114
       10500   -0.332242   -0.326586 0.000476069
       10501   -0.337283   -0.326587 0.000476025
       10502   -0.340191   -0.326589 0.000475982
       10503   -0.338244    -0.32659 0.000475938
       10504   -0.333725   -0.326591 0.000475893
       10505   -0.331163   -0.326591 0.000475848
       10506   -0.331916   -0.326592 0.000475803
       10507   -0.326938   -0.326592 0.000475757
       10508   -0.287929   -0.326588 0.000475726
       10509   -0.240993    -0.32658 0.000475751
       10510   -0.267977   -0.326574 0.000475738
       10511   -0.277408   -0.326569 0.000475716
       10512   -0.266681   -0.326564 0.000475705
       10513    -0.28547    -0.32656 0.000475676
       10514   -0.292562   -0.326557 0.000475641
       10515   -0.318215   -0.326556 0.000475597
       10516   -0.336458   -0.326557 0.000475552
       10517   -0.328264   -0.326557 0.000475507
       10518   -0.311766   -0.326556 0.000475464
       10519   -0.333152   -0.326556 0.000475419
       10520   -0.359682   -0.326559 0.000475385
       10521   -0.331654    -0.32656  0.00047534
       10522   -0.332895    -0.32656 0.000475295
       10523   -0.373558   -0.326565 0.000475271
       10524     -0.3596   -0.326568 0.000475236
       10525   -0.343822    -0.32657 0.000475193
       10526     -0.3602   -0.326573 0.000475159
       10527   -0.376429   -0.326578 0.000475138
       10528   -0.381241   -0.326583 0.000475121
       10529   -0.375274   -0.326587 0.000475098
       10530   -0.355768    -0.32659 0.000475061
       10531   -0.338986   -0.326591 0.000475017
       10532    -0.34947   -0.326594 0.000474977
       10533   -0.362295   -0.326597 0.000474944
       10534    -0.36074     -0.3266  0.00047491
       10535     -0.3466   -0.326602 0.000474869
       10536   -0.336386   -0.326603 0.000474825
       10537   -0.347059   -0.326605 0.000474784
       10538   -0.356336   -0.326608 0.000474747
       10539   -0.340439   -0.326609 0.000474704
       10540   -0.320736   -0.326608 0.000474659
       10541   -0.335209   -0.326609 0.000474615
       10542   -0.351978   -0.326612 0.000474576
       10543   -0.334679   -0.326612 0.000474532
       10544   -0.298581    -0.32661 0.000474494
       10545   -0.316868   -0.326609  0.00047445
       10546   -0.332843   -0.326609 0.000474405
       10547   -0.327896    -0.32661  0.00047436
       10548    -0.31943   -0.326609 0.000474316
       10549   -0.312246   -0.326608 0.000474273
       10550    -0.30693   -0.326606 0.000474231
       10551   -0.302979   -0.326603 0.000474192
       10552   -0.297043   -0.326601 0.000474155
       10553   -0.289761   -0.326597 0.000474123
       10554   -0.291344   -0.326594  0.00047409
       10555   -0.299943   -0.326591 0.000474052
       10556   -0.307293   -0.326589  0.00047401
       10557   -0.309336   -0.326588 0.000473968
       10558   -0.306657   -0.326586 0.000473927
       10559   -0.307688   -0.326584 0.000473886
       10560   -0.319678   -0.326583 0.000473841
       10561   -0.330934   -0.326584 0.000473797
       10562   -0.312851   -0.326583 0.000473753
       10563   -0.239741   -0.326574  0.00047378
       10564   -0.241707   -0.326566 0.000473803
       10565   -0.274167   -0.326561 0.000473784
       10566   -0.307173    -0.32656 0.000473743
       10567   -0.316096   -0.326559 0.000473699
       10568   -0.315437   -0.326558 0.000473656
       10569   -0.316758   -0.326557 0.000473612
       10570   -0.315473   -0.326556 0.000473568
       10571   -0.304246   -0.326553 0.000473528
       10572   -0.295884   -0.326551 0.000473492
       10573   -0.300822   -0.326548 0.000473453
       10574   -0.311097   -0.326547 0.000473411
       10575   -0.332209   -0.326547 0.000473366
       10576   -0.349115   -0.326549 0.000473327
       10577   -0.347154   -0.326551 0.000473286
       10578   -0.337209   -0.326552 0.000473242
       10579   -0.324189   -0.326552 0.000473197
       10580   -0.308461    -0.32655 0.000473156
       10581   -0.303599   -0.326548 0.000473116
       10582   -0.308289   -0.326546 0.000473074
       10583   -0.305507   -0.326544 0.000473034
       10584   -0.292885   -0.326541    0.000473
       10585   -0.298953   -0.326539 0.000472962
       10586   -0.313936   -0.326537 0.000472919
       10587   -0.296653   -0.326535 0.000472883
       10588   -0.245217   -0.326527 0.000472901
       10589   -0.235033   -0.326518 0.000472935
       10590   -0.293712   -0.326515   0.0004729
       10591   -0.330713   -0.326516 0.000472856
       10592   -0.335895   -0.326517 0.000472812
       10593   -0.314334   -0.326515 0.000472769
       10594   -0.267198    -0.32651 0.000472757
       10595   -0.260259   -0.326504 0.000472754
       10596   -0.234269   -0.326495  0.00047279
       10597   -0.257281   -0.326488  0.00047279
       10598   -0.286169   -0.326484 0.000472761
       10599    -0.27978    -0.32648 0.000472737
       10600   -0.296132   -0.326477 0.000472701
       10601   -0.334336   -0.326478 0.000472657
       10602   -0.356353   -0.326481 0.000472621
       10603   -0.338081   -0.326482 0.000472577
       10604   -0.279986   -0.326477 0.000472553
       10605   -0.260217   -0.326471  0.00047255
       10606   -0.321727   -0.326471 0.000472506
       10607   -0.367896   -0.326475 0.000472477
       10608   -0.379561    -0.32648 0.000472459
       10609   -0.365208   -0.326483 0.000472429
       10610   -0.346342   -0.326485 0.000472388
       10611   -0.343197   -0.326487 0.000472346
       10612   -0.341996   -0.326488 0.000472304
       10613   -0.319672   -0.326488  0.00047226
       10614   -0.285197   -0.326484 0.000472231
       10615   -0.285243    -0.32648 0.000472203
       10616   -0.312705   -0.326479  0.00047216
       10617   -0.328407   -0.326479 0.000472116
       10618   -0.337397    -0.32648 0.000472072
       10619   -0.343145   -0.326481  0.00047203
       10620   -0.342394   -0.326483 0.000471988
       10621    -0.34077   -0.326484 0.000471946
       10622    -0.34027   -0.326485 0.000471903
       10623   -0.335696   -0.326486  0.00047186
       10624   -0.321719   -0.326486 0.000471815
       10625   -0.298118   -0.326483 0.000471778
       10626   -0.279146   -0.326479 0.000471755
       10627   -0.288364   -0.326475 0.000471724
       10628   -0.315175   -0.326474 0.000471681
       10629   -0.333874   -0.326475 0.000471637
       10630   -0.345521   -0.326477 0.000471596
       10631   -0.344263   -0.326478 0.000471555
       10632   -0.318458   -0.326477 0.000471511
       10633   -0.304416   -0.326475 0.000471471
       10634   -0.305936   -0.326473 0.000471431
       10635   -0.317562   -0.326473 0.000471387
       10636   -0.334081   -0.326473 0.000471344
       10637   -0.346056   -0.326475 0.000471303
       10638   -0.348542   -0.326477 0.000471263
       10639   -0.336424   -0.326478  0.00047122
       10640   -0.304129   -0.326476  0.00047118
       10641   -0.281698   -0.326472 0.000471155
       10642   -0.295928   -0.326469 0.000471119
       10643   -0.318662   -0.326468 0.000471076
       10644   -0.330117   -0.326469 0.000471031
       10645   -0.319347   -0.326468 0.000470988
       10646   -0.310593   -0.326466 0.000470946
       10647   -0.316422   -0.326466 0.000470902
       10648    -0.31882   -0.326465 0.000470859
       10649    -0.31605   -0.326464 0.000470816
       10650   -0.317266   -0.326463 0.000470772
       10651   -0.318986   -0.326462 0.000470728
       10652   -0.304203    -0.32646 0.000470689
       10653   -0.274259   -0.326455  0.00047067
       10654   -0.248999   -0.326448 0.000470682
       10655   -0.274686   -0.326443 0.000470663
       10656   -0.328109   -0.326443 0.000470619
       10657   -0.340591   -0.326445 0.000470577
       10658   -0.346412   -0.326447 0.000470536
       10659   -0.355324   -0.326449   0.0004705
       10660   -0.357335   -0.326452 0.000470465
       10661   -0.347386   -0.326454 0.000470425
       10662   -0.315753   -0.326453 0.000470382
       10663   -0.274009   -0.326448 0.000470363
       10664   -0.259209   -0.326442 0.000470361
       10665   -0.283928   -0.326438 0.000470334
       10666   -0.262943   -0.326432 0.000470328
       10667   -0.269419   -0.326427 0.000470314
       10668   -0.333518   -0.326427  0.00047027
       10669   -0.336624   -0.326428 0.000470227
       10670   -0.314997   -0.326427 0.000470184
       10671   -0.299412   -0.326425 0.000470147
       10672   -0.302974   -0.326422 0.000470108
       10673   -0.298255    -0.32642 0.000470072
       10674    -0.25618   -0.326413 0.000470074
       10675     -0.1839     -0.3264 0.000470219
       10676   -0.221691    -0.32639 0.000470277
       10677   -0.300093   -0.326388  0.00047024
       10678   -0.330778   -0.326388 0.000470196
       10679   -0.319971   -0.326387 0.000470152
       10680   -0.283418   -0.326383 0.000470125
       10681   -0.296957   -0.326381  0.00047009
       10682   -0.330312   -0.326381 0.000470046
       10683   -0.314341    -0.32638 0.000470003
       10684   -0.247438   -0.326372 0.000470017
       10685   -0.242437   -0.326365 0.000470039
       10686   -0.296497   -0.326362 0.000470003
       10687   -0.316033   -0.326361  0.00046996
       10688   -0.323784   -0.326361 0.000469916
       10689   -0.335686   -0.326361 0.000469873
       10690   -0.341719   -0.326363 0.000469831
       10691   -0.338093   -0.326364 0.000469789
       10692   -0.325583   -0.326364 0.000469745
       10693   -0.307981   -0.326362 0.000469704
       10694   -0.299715    -0.32636 0.000469667
       10695    -0.27944   -0.326355 0.000469643
       10696   -0.282285   -0.326351 0.000469617
       10697   -0.294649   -0.326348 0.000469583
       10698    -0.29765   -0.326346 0.000469547
       10699   -0.338161   -0.326347 0.000469504
       10700   -0.354306   -0.326349 0.000469467
       10701   -0.323581   -0.326349 0.000469424
       10702    -0.30853   -0.326347 0.000469383
       10703   -0.307111   -0.326346 0.000469342
       10704   -0.292031   -0.326342 0.000469309
       10705   -0.283009   -0.326338 0.000469283
       10706   -0.270466   -0.326333 0.000469268
       10707   -0.265506   -0.326327 0.000469259
       10708   -0.280563   -0.326323 0.000469234
       10709   -0.286077   -0.326319 0.000469206
       10710   -0.281306   -0.326315 0.000469181
       10711   -0.284837   -0.326311 0.000469153
       10712   -0.290825   -0.326308 0.000469121
       10713   -0.298734   -0.326305 0.000469084
       10714   -0.298731   -0.326303 0.000469047
       10715   -0.281936   -0.326299 0.000469022
       10716   -0.268438   -0.326293 0.000469009
       10717   -0.286405    -0.32629  0.00046898
       10718   -0.293122   -0.326286 0.000468946
       10719   -0.283553   -0.326282  0.00046892
       10720   -0.281355   -0.326278 0.000468895
       10721   -0.241672    -0.32627 0.000468917
       10722   -0.234047   -0.326262 0.000468952
       10723   -0.279848   -0.326257 0.000468929
       10724   -0.297534   -0.326255 0.000468893
       10725    -0.30427   -0.326253 0.000468853
       10726   -0.298976    -0.32625 0.000468817
       10727    -0.28652   -0.326246 0.000468787
       10728   -0.299971   -0.326244  0.00046875
       10729   -0.324039   -0.326244 0.000468707
       10730    -0.32776   -0.326244 0.000468663
       10731   -0.300218   -0.326242 0.000468625
       10732   -0.281488   -0.326237   0.0004686
       10733   -0.314203   -0.326236 0.000468558
       10734   -0.339171   -0.326237 0.000468516
       10735   -0.349521    -0.32624 0.000468477
       10736   -0.352538   -0.326242  0.00046844
       10737   -0.353046   -0.326245 0.000468403
       10738   -0.357352   -0.326247 0.000468368
       10739   -0.364185   -0.326251 0.000468338
       10740   -0.369461   -0.326255 0.000468312
       10741   -0.372708   -0.326259 0.000468288
       10742   -0.374344   -0.326264 0.000468266
       10743   -0.372535   -0.326268 0.000468242
       10744   -0.358709   -0.326271 0.000468208
       10745   -0.337539   -0.326272 0.000468166
       10746   -0.352124   -0.326275 0.000468129
       10747   -0.362111   -0.326278 0.000468097
       10748   -0.372875   -0.326282 0.000468073
       10749   -0.395883   -0.326289 0.000468075
       10750   -0.403771   -0.326296 0.000468087
       10751   -0.394615   -0.326302 0.000468086
       10752   -0.389652   -0.326308  0.00046808
       10753   -0.408741   -0.326316 0.000468099
       10754    -0.40905   -0.326324 0.000468119
       10755   -0.375905   -0.326328 0.000468098
       10756    -0.32953   -0.326328 0.000468054
       10757   -0.343295    -0.32633 0.000468014
       10758   -0.392712   -0.326336 0.000468011
       10759    -0.40818   -0.326344 0.000468029
       10760   -0.403664   -0.326351 0.000468041
       10761   -0.392856   -0.326357 0.000468038
       10762   -0.376173   -0.326362 0.000468017
       10763   -0.361925   -0.326365 0.000467986
       10764   -0.363645   -0.326369 0.000467955
       10765   -0.376541   -0.326373 0.000467935
       10766    -0.37949   -0.326378 0.000467917
       10767   -0.367017   -0.326382 0.000467889
       10768   -0.346857   -0.326384 0.000467849
       10769   -0.333596   -0.326385 0.000467806
       10770   -0.334078   -0.326385 0.000467764
       10771   -0.337622   -0.326386 0.000467721
       10772   -0.340292   -0.326388  0.00046768
       10773    -0.34077   -0.326389 0.000467638
       10774    -0.33289    -0.32639 0.000467595
       10775   -0.322543   -0.326389 0.000467552
       10776   -0.297235   -0.326386 0.000467516
       10777   -0.222734   -0.326377 0.000467572
       10778   -0.252527    -0.32637 0.000467579
       10779   -0.327125    -0.32637 0.000467535
       10780   -0.336851   -0.326371 0.000467493
       10781   -0.323435   -0.326371  0.00046745
       10782   -0.302083   -0.326369 0.000467412
       10783   -0.279645   -0.326364 0.000467388
       10784   -0.261442   -0.326358 0.000467384
       10785   -0.255379   -0.326352 0.000467387
       10786   -0.269785   -0.326346 0.000467373
       10787   -0.289621   -0.326343 0.000467342
       10788   -0.307802   -0.326341 0.000467302
       10789    -0.31573    -0.32634  0.00046726
       10790   -0.307872   -0.326339 0.000467219
       10791   -0.288627   -0.326335 0.000467189
       10792   -0.268358    -0.32633 0.000467177
       10793   -0.263587   -0.326324  0.00046717
       10794   -0.277743   -0.326319 0.000467148
       10795   -0.295046   -0.326316 0.000467114
       10796   -0.304526   -0.326314 0.000467075
       10797   -0.306498   -0.326313 0.000467035
       10798   -0.304981   -0.326311 0.000466996
       10799   -0.302581   -0.326308 0.000466958
       10800   -0.299725   -0.326306 0.000466921
       10801   -0.296803   -0.326303 0.000466886
       10802   -0.293212     -0.3263 0.000466853
       10803   -0.283038   -0.326296 0.000466827
       10804   -0.261366    -0.32629 0.000466822
       10805   -0.250024   -0.326283 0.000466833
       10806   -0.271087   -0.326278 0.000466817
       10807   -0.294159   -0.326275 0.000466784
       10808   -0.297146   -0.326272 0.000466748
       10809   -0.282523   -0.326268 0.000466723
       10810   -0.264087   -0.326263 0.000466715
       10811   -0.273095   -0.326258 0.000466698
       10812   -0.308356   -0.326256 0.000466657
       10813   -0.326076   -0.326256 0.000466614
       10814   -0.315726   -0.326255 0.000466572
       10815   -0.283074   -0.326251 0.000466546
       10816    -0.26929   -0.326246 0.000466533
       10817   -0.293023   -0.326243   0.0004665
       10818   -0.317865   -0.326242 0.000466457
       10819   -0.326903   -0.326242 0.000466414
       10820   -0.326805   -0.326242 0.000466371
       10821   -0.325422   -0.326242 0.000466328
       10822   -0.325446   -0.326242 0.000466285
       10823   -0.325776   -0.326242 0.000466242
       10824   -0.325595   -0.326242 0.000466198
       10825   -0.315585   -0.326241 0.000466156
       10826   -0.294992   -0.326238 0.000466122
       10827   -0.308813   -0.326236 0.000466082
       10828    -0.32912   -0.326236 0.000466039
       10829   -0.325369   -0.326236 0.000465996
       10830   -0.304411   -0.326234 0.000465957
       10831   -0.272575   -0.326229 0.000465941
       10832   -0.251766   -0.326223 0.000465948
       10833   -0.289651   -0.326219 0.000465918
       10834   -0.333476    -0.32622 0.000465875
       10835   -0.315755   -0.326219 0.000465833
       10836   -0.259619   -0.326213 0.000465831
       10837   -0.235037   -0.326204 0.000465864
       10838   -0.274268     -0.3262 0.000465845
       10839   -0.303779   -0.326197 0.000465807
       10840   -0.281118   -0.326193 0.000465783
       10841   -0.221089   -0.326184  0.00046584
       10842   -0.219746   -0.326174 0.000465901
       10843   -0.267657   -0.326168 0.000465889
       10844    -0.26148   -0.326162 0.000465884
       10845   -0.234537   -0.326154 0.000465918
       10846   -0.245715   -0.326147 0.000465934
       10847   -0.247254   -0.326139 0.000465948
       10848   -0.254265   -0.326133 0.000465952
       10849    -0.28224   -0.326129 0.000465927
       10850   -0.290297   -0.326125 0.000465895
       10851    -0.29079   -0.326122 0.000465864
       10852   -0.288659   -0.326119 0.000465834
       10853   -0.282549   -0.326115 0.000465808
       10854   -0.276716    -0.32611 0.000465787
       10855   -0.277239   -0.326106 0.000465766
       10856   -0.286603   -0.326102 0.000465738
       10857   -0.298372   -0.326099 0.000465702
       10858   -0.294327   -0.326096 0.000465668
       10859    -0.27961   -0.326092 0.000465645
       10860   -0.290022   -0.326089 0.000465614
       10861    -0.30921   -0.326087 0.000465574
       10862   -0.315451   -0.326086 0.000465532
       10863   -0.312233   -0.326085 0.000465491
       10864   -0.313677   -0.326084 0.000465449
       10865   -0.325562   -0.326084 0.000465406
       10866   -0.329488   -0.326084 0.000465364
       10867   -0.302138   -0.326082 0.000465326
       10868   -0.232267   -0.326073 0.000465363
       10869   -0.183926    -0.32606 0.000465504
       10870   -0.270614   -0.326055 0.000465489
       10871   -0.358409   -0.326058 0.000465456
       10872   -0.375159   -0.326063 0.000465435
       10873   -0.365583   -0.326066 0.000465406
       10874   -0.357726   -0.326069 0.000465373
       10875   -0.360928   -0.326072 0.000465341
       10876   -0.362739   -0.326076  0.00046531
       10877   -0.346278   -0.326078 0.000465271
       10878   -0.321687   -0.326077 0.000465229
       10879   -0.326912   -0.326077 0.000465186
       10880   -0.331352   -0.326078 0.000465143
       10881   -0.329315   -0.326078 0.000465101
       10882   -0.332396   -0.326079 0.000465058
       10883   -0.335511    -0.32608 0.000465017
       10884    -0.33242    -0.32608 0.000464974
       10885    -0.33541   -0.326081 0.000464932
       10886   -0.355037   -0.326084 0.000464897
       10887   -0.350397   -0.326086  0.00046486
       10888   -0.298199   -0.326083 0.000464824
       10889    -0.34729   -0.326085 0.000464786
       10890   -0.393204   -0.326091 0.000464784
       10891   -0.373754   -0.326096 0.000464762
       10892    -0.32879   -0.326096 0.000464719
       10893   -0.322252   -0.326096 0.000464677
       10894   -0.280881   -0.326092 0.000464652
       10895    -0.24905   -0.326084 0.000464664
       10896   -0.325316   -0.326084 0.000464621
       10897    -0.35362   -0.326087 0.000464585
       10898   -0.305146   -0.326085 0.000464546
       10899   -0.316707   -0.326084 0.000464505
       10900    -0.34714   -0.326086 0.000464466
       10901    -0.34241   -0.326088 0.000464426
       10902   -0.326648   -0.326088 0.000464383
       10903   -0.318544   -0.326087 0.000464341
       10904   -0.320528   -0.326086 0.000464299
       10905   -0.323758   -0.326086 0.000464256
       10906   -0.325401   -0.326086 0.000464214
       10907   -0.326255   -0.326086 0.000464171
       10908   -0.324191   -0.326086 0.000464129
       10909   -0.310554   -0.326085 0.000464088
       10910   -0.281322    -0.32608 0.000464064
       10911   -0.275675   -0.326076 0.000464044
       10912   -0.303441   -0.326074 0.000464007
       10913   -0.319372   -0.326073 0.000463964
       10914   -0.319263   -0.326072 0.000463922
       10915   -0.319673   -0.326072  0.00046388
       10916   -0.316619   -0.326071 0.000463839
       10917   -0.309651    -0.32607 0.000463798
       10918   -0.316488   -0.326069 0.000463757
       10919   -0.325826   -0.326069 0.000463714
       10920   -0.322001   -0.326068 0.000463672
       10921   -0.307942   -0.326067 0.000463633
       10922   -0.298416   -0.326064 0.000463597
       10923   -0.273902   -0.326059 0.000463579
       10924   -0.259869   -0.326053 0.000463576
       10925   -0.294713    -0.32605 0.000463543
       10926   -0.315673   -0.326049 0.000463501
       10927   -0.319628   -0.326049 0.000463459
       10928   -0.308803   -0.326047  0.00046342
       10929   -0.273852   -0.326042 0.000463402
       10930   -0.287536   -0.326039 0.000463373
       10931   -0.312404   -0.326038 0.000463332
       10932   -0.295836   -0.326035 0.000463298
       10933   -0.284691   -0.326031 0.000463271
       10934   -0.258332   -0.326025  0.00046327
       10935   -0.232724   -0.326016 0.000463306
       10936   -0.269224   -0.326011 0.000463293
       10937   -0.302047   -0.326009 0.000463256
       10938   -0.289465   -0.326006 0.000463225
       10939   -0.305796   -0.326004 0.000463187
       10940   -0.338998   -0.326005 0.000463146
       10941   -0.335791   -0.326006 0.000463104
       10942   -0.297536   -0.326003 0.000463069
       10943    -0.23278   -0.325995 0.000463105
       10944   -0.297198   -0.325992 0.000463071
       10945   -0.329983   -0.325993 0.000463028
       10946   -0.322171   -0.325992 0.000462986
       10947   -0.343458   -0.325994 0.000462947
       10948    -0.36136   -0.325997 0.000462916
       10949    -0.35147   -0.325999 0.000462879
       10950   -0.321128   -0.325999 0.000462837
       10951   -0.314654   -0.325998 0.000462796
       10952   -0.334426   -0.325999 0.000462755
       10953    -0.36279   -0.326002 0.000462724
       10954   -0.376901   -0.326007 0.000462706
       10955   -0.373766   -0.326011 0.000462684
       10956   -0.372963   -0.326015 0.000462661
       10957   -0.383012   -0.326021 0.000462648
       10958   -0.382973   -0.326026 0.000462635
       10959   -0.372388    -0.32603 0.000462613
       10960   -0.370714   -0.326034 0.000462588
       10961   -0.366589   -0.326038 0.000462561
       10962   -0.365107   -0.326041 0.000462532
       10963   -0.371235   -0.326045 0.000462509
       10964    -0.36528   -0.326049  0.00046248
       10965   -0.360211   -0.326052 0.000462449
       10966   -0.381995   -0.326057 0.000462435
       10967   -0.402001   -0.326064 0.000462444
       10968   -0.406807   -0.326071 0.000462461
       10969   -0.391168   -0.326077 0.000462457
       10970   -0.371765   -0.326082 0.000462433
       10971   -0.385289   -0.326087 0.000462423
       10972   -0.386823   -0.326093 0.000462414
       10973   -0.344672   -0.326094 0.000462374
       10974   -0.249736   -0.326087 0.000462385
       10975   -0.257821   -0.326081 0.000462384
       10976   -0.351222   -0.326083 0.000462348
       10977   -0.385194   -0.326089 0.000462337
       10978   -0.374829   -0.326093 0.000462316
       10979   -0.349037   -0.326095 0.000462279
       10980    -0.33425   -0.326096 0.000462238
       10981   -0.329824   -0.326096 0.000462196
       10982   -0.333665   -0.326097 0.000462154
       10983   -0.345824   -0.326099 0.000462115
       10984   -0.359016   -0.326102 0.000462083
       10985   -0.359432   -0.326105 0.000462051
       10986   -0.342254   -0.326106 0.000462011
       10987   -0.311956   -0.326105 0.000461971
       10988   -0.289157   -0.326102 0.000461941
       10989   -0.296271   -0.326099 0.000461907
       10990   -0.315718   -0.326098 0.000461866
       10991   -0.320407   -0.326097 0.000461824
       10992   -0.304731   -0.326096 0.000461786
       10993   -0.288405   -0.326092 0.000461757
       10994   -0.288105   -0.326089 0.000461728
       10995   -0.284077   -0.326085 0.000461702
       10996   -0.264503   -0.326079 0.000461694
       10997   -0.279202   -0.326075 0.000461671
       10998   -0.315543   -0.326074 0.000461631
       10999   -0.327672   -0.326074 0.000461589
       11000   -0.297143   -0.326072 0.000461554
       11001   -0.231532   -0.326063 0.000461592
       11002   -0.257324   -0.326057 0.000461592
       11003   -0.268019   -0.326051 0.000461581
       11004   -0.261833   -0.326046 0.000461576
       11005   -0.247455   -0.326038 0.000461589
       11006    -0.23557    -0.32603  0.00046162
       11007   -0.266637   -0.326025  0.00046161
       11008   -0.312899   -0.326024 0.000461569
       11009    -0.32927   -0.326024 0.000461528
       11010     -0.3334   -0.326025 0.000461486
       11011   -0.336477   -0.326026 0.000461445
       11012   -0.330353   -0.326026 0.000461403
       11013   -0.302398   -0.326024 0.000461366
       11014   -0.259746   -0.326018 0.000461364
       11015   -0.240791    -0.32601 0.000461387
       11016    -0.24679   -0.326003 0.000461401
       11017   -0.258887   -0.325997 0.000461399
       11018   -0.291233   -0.325994 0.000461368
       11019   -0.301868   -0.325991 0.000461332
       11020   -0.314846    -0.32599 0.000461291
       11021   -0.349456   -0.325993 0.000461254
       11022   -0.337355   -0.325994 0.000461213
       11023   -0.314364   -0.325992 0.000461173
       11024   -0.304663   -0.325991 0.000461135
       11025   -0.325706   -0.325991 0.000461093
       11026   -0.349273   -0.325993 0.000461056
       11027   -0.339627   -0.325994 0.000461016
       11028   -0.336551   -0.325995 0.000460975
       11029   -0.343708   -0.325996 0.000460936
       11030   -0.331119   -0.325997 0.000460894
       11031   -0.327679   -0.325997 0.000460853
       11032   -0.355652      -0.326 0.000460819
       11033   -0.388045   -0.326005 0.000460811
       11034   -0.383925   -0.326011 0.000460799
       11035   -0.366001   -0.326014 0.000460772
       11036   -0.385963    -0.32602 0.000460762
       11037    -0.38793   -0.326025 0.000460755
       11038   -0.369498   -0.326029  0.00046073
       11039   -0.405767   -0.326036 0.000460745
       11040   -0.431096   -0.326046 0.000460801
       11041   -0.427148   -0.326055  0.00046085
       11042   -0.399888   -0.326062 0.000460857
       11043   -0.352646   -0.326064 0.000460822
       11044   -0.315165   -0.326063 0.000460781
       11045   -0.318215   -0.326063  0.00046074
       11046   -0.340259   -0.326064   0.0004607
       11047    -0.31966   -0.326063 0.000460659
       11048   -0.338225   -0.326064 0.000460618
       11049   -0.359462   -0.326067 0.000460586
       11050   -0.359837    -0.32607 0.000460555
       11051   -0.363486   -0.326074 0.000460526
       11052   -0.363787   -0.326077 0.000460497
       11053   -0.357417    -0.32608 0.000460464
       11054   -0.343889   -0.326082 0.000460425
       11055   -0.319374   -0.326081 0.000460384
       11056   -0.291939   -0.326078 0.000460352
       11057    -0.28472   -0.326074 0.000460326
       11058   -0.302098   -0.326072 0.000460289
       11059   -0.327739   -0.326072 0.000460248
       11060   -0.345489   -0.326074 0.000460209
       11061   -0.357503   -0.326077 0.000460177
       11062    -0.36492    -0.32608 0.000460148
       11063   -0.363115   -0.326084 0.000460119
       11064   -0.347498   -0.326086 0.000460081
       11065   -0.323616   -0.326085  0.00046004
       11066   -0.315844   -0.326084 0.000459999
       11067    -0.32278   -0.326084 0.000459958
       11068   -0.328105   -0.326084 0.000459916
       11069   -0.329451   -0.326085 0.000459875
       11070   -0.335514   -0.326085 0.000459834
       11071    -0.34251   -0.326087 0.000459795
       11072     -0.3398   -0.326088 0.000459755
       11073   -0.331663   -0.326089 0.000459714
       11074   -0.341843    -0.32609 0.000459675
       11075   -0.368551   -0.326094 0.000459649
       11076   -0.383168   -0.326099 0.000459636
       11077   -0.362991   -0.326102 0.000459607
       11078   -0.325005   -0.326102 0.000459566
       11079   -0.321402   -0.326102 0.000459524
       11080   -0.330443   -0.326102 0.000459483
       11081   -0.344481   -0.326104 0.000459444
       11082   -0.355117   -0.326107  0.00045941
       11083   -0.362063    -0.32611  0.00045938
       11084   -0.359894   -0.326113 0.000459349
       11085   -0.345756   -0.326115 0.000459311
       11086   -0.347754   -0.326117 0.000459274
       11087   -0.361837    -0.32612 0.000459244
       11088   -0.373493   -0.326124 0.000459222
       11089    -0.37702   -0.326129 0.000459204
       11090   -0.372577   -0.326133 0.000459181
       11091   -0.363181   -0.326136 0.000459152
       11092   -0.355488   -0.326139 0.000459118
       11093     -0.3615   -0.326142 0.000459088
       11094   -0.373021   -0.326146 0.000459066
       11095   -0.379288   -0.326151  0.00045905
       11096   -0.388704   -0.326157 0.000459043
       11097   -0.397748   -0.326163 0.000459047
       11098   -0.396872    -0.32617  0.00045905
       11099   -0.393412   -0.326176 0.000459048
       11100   -0.393361   -0.326182 0.000459047
       11101   -0.388179   -0.326187  0.00045904
       11102   -0.385254   -0.326193 0.000459029
       11103   -0.404395     -0.3262 0.000459042
       11104   -0.405259   -0.326207 0.000459056
       11105   -0.382122   -0.326212 0.000459042
       11106   -0.380503   -0.326217 0.000459027
       11107   -0.407031   -0.326224 0.000459043
       11108   -0.432244   -0.326233 0.000459101
       11109   -0.432895   -0.326243  0.00045916
       11110   -0.420226   -0.326252 0.000459196
       11111   -0.416498    -0.32626 0.000459227
       11112   -0.403886   -0.326267 0.000459239
       11113   -0.387611   -0.326272 0.000459231
       11114   -0.362595   -0.326275 0.000459201
       11115    -0.38078    -0.32628 0.000459186
       11116   -0.414864   -0.326288 0.000459214
       11117    -0.42657   -0.326297 0.000459261
       11118   -0.425188   -0.326306 0.000459306
       11119   -0.419995   -0.326315 0.000459342
       11120   -0.422777   -0.326323 0.000459382
       11121   -0.433342   -0.326333 0.000459442
       11122   -0.440794   -0.326343 0.000459516
       11123   -0.436005   -0.326353  0.00045958
       11124   -0.415393   -0.326361 0.000459609
       11125   -0.387858   -0.326367   0.0004596
       11126   -0.370356   -0.326371 0.000459576
       11127   -0.346577   -0.326372 0.000459538
       11128   -0.356201   -0.326375 0.000459505
       11129   -0.410876   -0.326383 0.000459526
       11130   -0.403569    -0.32639 0.000459537
       11131   -0.337411   -0.326391 0.000459497
       11132   -0.326456   -0.326391 0.000459456
       11133   -0.400855   -0.326397 0.000459463
       11134   -0.437132   -0.326407  0.00045953
       11135   -0.443282   -0.326418 0.000459608
       11136   -0.444873   -0.326428  0.00045969
       11137   -0.449125   -0.326439 0.000459781
       11138   -0.451536   -0.326451 0.000459877
       11139   -0.431925    -0.32646 0.000459933
       11140    -0.36411   -0.326463 0.000459904
       11141   -0.316283   -0.326463 0.000459864
       11142   -0.310225   -0.326461 0.000459825
       11143   -0.358326   -0.326464 0.000459792
       11144   -0.422938   -0.326473 0.000459833
       11145   -0.447483   -0.326483 0.000459919
       11146   -0.447282   -0.326494 0.000460006
       11147   -0.433461   -0.326504 0.000460065
       11148   -0.408012   -0.326511 0.000460082
       11149   -0.391594   -0.326517 0.000460077
       11150   -0.389476   -0.326523 0.000460071
       11151   -0.387528   -0.326528 0.000460062
       11152   -0.415963   -0.326536 0.000460091
       11153   -0.420743   -0.326545 0.000460127
       11154     -0.4075   -0.326552 0.000460143
       11155     -0.4121    -0.32656 0.000460165
       11156   -0.408826   -0.326567 0.000460183
       11157   -0.399926   -0.326573 0.000460189
       11158   -0.385713   -0.326579 0.000460178
       11159   -0.365684   -0.326582  0.00046015
       11160   -0.364791   -0.326586 0.000460122
       11161   -0.382969   -0.326591 0.000460108
       11162   -0.378281   -0.326595 0.000460091
       11163   -0.355398   -0.326598 0.000460057
       11164   -0.356423   -0.326601 0.000460023
       11165   -0.345671   -0.326602 0.000459985
       11166   -0.322418   -0.326602 0.000459944
       11167   -0.307243     -0.3266 0.000459906
       11168   -0.348099   -0.326602 0.000459869
       11169    -0.36705   -0.326606 0.000459842
       11170    -0.33452   -0.326607 0.000459801
       11171   -0.312019   -0.326605 0.000459762
       11172   -0.363972   -0.326609 0.000459733
       11173   -0.383061   -0.326614  0.00045972
       11174   -0.382982   -0.326619 0.000459706
       11175   -0.380486   -0.326623  0.00045969
       11176   -0.368018   -0.326627 0.000459664
       11177   -0.344566   -0.326629 0.000459626
       11178   -0.358364   -0.326632 0.000459594
       11179   -0.379636   -0.326636 0.000459577
       11180    -0.38639   -0.326642 0.000459567
       11181   -0.387729   -0.326647 0.000459558
       11182   -0.372104   -0.326651 0.000459535
       11183   -0.336405   -0.326652 0.000459495
       11184   -0.331746   -0.326653 0.000459454
       11185   -0.358096   -0.326655 0.000459421
       11186   -0.364339   -0.326659 0.000459393
       11187   -0.350403   -0.326661 0.000459357
       11188    -0.36286   -0.326664 0.000459327
       11189   -0.367446   -0.326668   0.0004593
       11190   -0.349625    -0.32667 0.000459264
       11191   -0.346037   -0.326672 0.000459226
       11192   -0.352678   -0.326674 0.000459191
       11193   -0.336785   -0.326675 0.000459151
       11194   -0.309081   -0.326673 0.000459112
       11195   -0.295127    -0.32667  0.00045908
       11196   -0.322188    -0.32667 0.000459039
       11197   -0.334859   -0.326671 0.000458999
       11198   -0.333516   -0.326671 0.000458958
       11199   -0.329306   -0.326672 0.000458917
       11200   -0.314435    -0.32667 0.000458878
       11201   -0.288594   -0.326667 0.000458849
       11202   -0.290545   -0.326664  0.00045882
       11203   -0.307144   -0.326662 0.000458782
       11204    -0.30795    -0.32666 0.000458744
       11205   -0.293902   -0.326657 0.000458713
       11206   -0.268858   -0.326652 0.000458701
       11207   -0.247852   -0.326645 0.000458714
       11208   -0.258263   -0.326639 0.000458713
       11209   -0.284782   -0.326635 0.000458687
       11210    -0.30171   -0.326633 0.000458652
       11211   -0.308215   -0.326632 0.000458614
       11212   -0.303851    -0.32663 0.000458578
       11213   -0.289715   -0.326626 0.000458548
       11214   -0.281156   -0.326622 0.000458526
       11215   -0.295294   -0.326619 0.000458493
       11216   -0.312123   -0.326618 0.000458454
       11217   -0.319695   -0.326618 0.000458414
       11218   -0.321046   -0.326617 0.000458373
       11219   -0.318539   -0.326616 0.000458333
       11220   -0.313242   -0.326615 0.000458293
       11221   -0.307155   -0.326613 0.000458256
       11222   -0.302888   -0.326611  0.00045822
       11223   -0.309108    -0.32661 0.000458182
       11224   -0.327115    -0.32661 0.000458141
       11225   -0.339296   -0.326611 0.000458102
       11226   -0.345708   -0.326613 0.000458064
       11227   -0.343045   -0.326614 0.000458025
       11228    -0.32681   -0.326614 0.000457985
       11229   -0.331965   -0.326615 0.000457944
       11230   -0.342539   -0.326616 0.000457905
       11231   -0.339885   -0.326617 0.000457866
       11232   -0.356751    -0.32662 0.000457833
       11233    -0.36197   -0.326623 0.000457803
       11234   -0.346836   -0.326625 0.000457766
       11235    -0.30523   -0.326623 0.000457729
       11236   -0.261156   -0.326617 0.000457726
       11237   -0.312713   -0.326616 0.000457687
       11238    -0.35239   -0.326618 0.000457652
       11239   -0.352053    -0.32662 0.000457617
       11240   -0.338681   -0.326621 0.000457577
       11241    -0.32835   -0.326622 0.000457536
       11242   -0.323687   -0.326621 0.000457496
       11243   -0.319851   -0.326621 0.000457456
       11244   -0.318303    -0.32662 0.000457415
       11245   -0.322469    -0.32662 0.000457375
       11246   -0.327417    -0.32662 0.000457334
       11247   -0.325851    -0.32662 0.000457294
       11248   -0.317208   -0.326619 0.000457254
       11249   -0.313825   -0.326618 0.000457214
       11250   -0.322987   -0.326617 0.000457174
       11251   -0.333847   -0.326618 0.000457134
       11252   -0.340505   -0.326619 0.000457095
       11253    -0.34209   -0.326621 0.000457056
       11254   -0.333051   -0.326621 0.000457016
       11255   -0.312471    -0.32662 0.000456977
       11256   -0.313861   -0.326619 0.000456938
       11257   -0.335704    -0.32662 0.000456898
       11258   -0.348384   -0.326621 0.000456862
       11259   -0.355363   -0.326624 0.000456828
       11260   -0.360738   -0.326627 0.000456798
       11261   -0.362923    -0.32663 0.000456768
       11262    -0.36397   -0.326634  0.00045674
       11263   -0.365449   -0.326637 0.000456712
       11264   -0.344827   -0.326639 0.000456675
       11265   -0.271174   -0.326634 0.000456661
       11266   -0.255452   -0.326627 0.000456664
       11267   -0.315983   -0.326626 0.000456624
       11268   -0.337769   -0.326627 0.000456585
       11269     -0.3488   -0.326629 0.000456548
       11270   -0.362759   -0.326633 0.000456519
       11271   -0.365585   -0.326636 0.000456492
       11272   -0.353381   -0.326638 0.000456457
       11273   -0.332783   -0.326639 0.000456417
       11274   -0.329837   -0.326639 0.000456377
       11275   -0.337972    -0.32664 0.000456338
       11276   -0.325119    -0.32664 0.000456297
       11277   -0.287925   -0.326637  0.00045627
       11278   -0.294589   -0.326634 0.000456238
       11279   -0.322549   -0.326634 0.000456198
       11280   -0.305711   -0.326632 0.000456161
       11281   -0.303198    -0.32663 0.000456125
       11282   -0.303434   -0.326628 0.000456089
       11283   -0.281916   -0.326624 0.000456066
       11284   -0.203264   -0.326613 0.000456157
       11285   -0.245081   -0.326605 0.000456174
       11286   -0.351162   -0.326608 0.000456138
       11287   -0.375522   -0.326612 0.000456119
       11288   -0.375228   -0.326616 0.000456099
       11289   -0.371719    -0.32662 0.000456076
       11290   -0.364587   -0.326624 0.000456048
       11291   -0.348612   -0.326626 0.000456011
       11292   -0.337698   -0.326627 0.000455972
       11293   -0.337253   -0.326627 0.000455933
       11294   -0.324441   -0.326627 0.000455892
       11295   -0.337039   -0.326628 0.000455853
       11296   -0.361385   -0.326631 0.000455823
       11297   -0.365607   -0.326635 0.000455796
       11298   -0.366623   -0.326638 0.000455769
       11299   -0.385522   -0.326643 0.000455758
       11300   -0.397625    -0.32665 0.000455761
       11301   -0.374323   -0.326654 0.000455741
       11302   -0.372368   -0.326658 0.000455718
       11303    -0.38592   -0.326663 0.000455708
       11304   -0.390895   -0.326669 0.000455703
       11305   -0.383173   -0.326674  0.00045569
       11306   -0.368638   -0.326678 0.000455665
       11307   -0.368209   -0.326681  0.00045564
       11308   -0.391392   -0.326687 0.000455635
       11309   -0.406674   -0.326694  0.00045565
       11310   -0.418699   -0.326702 0.000455682
       11311   -0.413782    -0.32671 0.000455707
       11312    -0.39794   -0.326716  0.00045571
       11313   -0.372864    -0.32672 0.000455688
       11314   -0.350557   -0.326722 0.000455653
       11315   -0.336784   -0.326723 0.000455613
       11316   -0.334069   -0.326724 0.000455574
       11317   -0.372954   -0.326728 0.000455552
       11318   -0.403286   -0.326735 0.000455562
       11319   -0.409326   -0.326742  0.00045558
       11320   -0.403968   -0.326749 0.000455591
       11321   -0.392729   -0.326755 0.000455588
       11322   -0.377274   -0.326759 0.000455569
       11323   -0.355353   -0.326762 0.000455536
       11324   -0.336542   -0.326763 0.000455497
       11325   -0.348078   -0.326764  0.00045546
       11326   -0.342991   -0.326766 0.000455422
       11327   -0.326724   -0.326766 0.000455382
       11328   -0.312551   -0.326765 0.000455344
       11329   -0.327858   -0.326765 0.000455303
       11330   -0.349473   -0.326767 0.000455268
       11331   -0.334571   -0.326767 0.000455228
       11332   -0.304321   -0.326765 0.000455192
       11333   -0.311555   -0.326764 0.000455154
       11334   -0.326681   -0.326764 0.000455114
       11335   -0.327843   -0.326764 0.000455074
       11336   -0.327442   -0.326764 0.000455033
       11337   -0.326803   -0.326764 0.000454993
       11338   -0.300875   -0.326762 0.000454959
       11339   -0.227316   -0.326753 0.000455003
       11340   -0.197166   -0.326742 0.000455107
       11341   -0.269909   -0.326737 0.000455094
       11342   -0.320909   -0.326736 0.000455054
       11343   -0.342353   -0.326738 0.000455016
       11344    -0.34591   -0.326739 0.000454979
       11345   -0.338483    -0.32674  0.00045494
       11346   -0.312869   -0.326739 0.000454902
       11347   -0.248132   -0.326732 0.000454915
       11348   -0.222305   -0.326723 0.000454968
       11349   -0.283319   -0.326719 0.000454944
       11350   -0.304927   -0.326717 0.000454908
       11351    -0.25018   -0.326711 0.000454917
       11352   -0.275341   -0.326706   0.0004549
       11353   -0.280504   -0.326702 0.000454878
       11354   -0.265372   -0.326697  0.00045487
       11355   -0.297118   -0.326694 0.000454837
       11356   -0.302255   -0.326692 0.000454802
       11357    -0.30967    -0.32669 0.000454765
       11358   -0.321015    -0.32669 0.000454725
       11359   -0.312973   -0.326689 0.000454687
       11360   -0.291855   -0.326686 0.000454657
       11361   -0.289458   -0.326682 0.000454629
       11362   -0.294325   -0.326679 0.000454598
       11363   -0.304045   -0.326677 0.000454562
       11364   -0.323334   -0.326677 0.000454522
       11365   -0.319006   -0.326676 0.000454483
       11366   -0.316653   -0.326676 0.000454443
       11367   -0.331517   -0.326676 0.000454404
       11368   -0.338323   -0.326677 0.000454365
       11369   -0.334882   -0.326678 0.000454325
       11370   -0.327829   -0.326678 0.000454286
       11371   -0.296813   -0.326675 0.000454253
       11372    -0.23612   -0.326667 0.000454283
       11373   -0.235134   -0.326659 0.000454314
       11374   -0.253865   -0.326653  0.00045432
       11375   -0.296583    -0.32665 0.000454287
       11376   -0.330627    -0.32665 0.000454247
       11377   -0.349924   -0.326653 0.000454212
       11378    -0.34994   -0.326655 0.000454177
       11379   -0.329634   -0.326655 0.000454137
       11380   -0.326811   -0.326655 0.000454097
       11381   -0.328906   -0.326655 0.000454057
       11382   -0.346991   -0.326657 0.000454021
       11383   -0.376969   -0.326661 0.000454002
       11384    -0.37614   -0.326666 0.000453983
       11385   -0.352097   -0.326668 0.000453949
       11386   -0.340362   -0.326669 0.000453911
       11387   -0.332443    -0.32667 0.000453871
       11388   -0.322417   -0.326669 0.000453831
       11389   -0.291256   -0.326666 0.000453802
       11390    -0.25919    -0.32666 0.000453801
       11391   -0.314072   -0.326659 0.000453763
       11392   -0.335111    -0.32666 0.000453723
       11393   -0.295995   -0.326657 0.000453692
       11394   -0.324875   -0.326657 0.000453652
       11395   -0.355762   -0.326659 0.000453619
       11396   -0.351895   -0.326662 0.000453585
       11397   -0.348425   -0.326664 0.000453549
       11398   -0.350471   -0.326666 0.000453514
       11399   -0.350498   -0.326668 0.000453479
       11400   -0.330196   -0.326668 0.000453439
       11401   -0.297648   -0.326666 0.000453407
       11402   -0.303206   -0.326663 0.000453372
       11403   -0.290061    -0.32666 0.000453343
       11404   -0.318914    -0.32666 0.000453304
       11405   -0.341515   -0.326661 0.000453266
       11406   -0.337843   -0.326662 0.000453227
       11407   -0.313224   -0.326661 0.000453189
       11408   -0.293122   -0.326658 0.000453159
       11409   -0.295415   -0.326655 0.000453128
       11410    -0.30075   -0.326653 0.000453094
       11411   -0.320939   -0.326652 0.000453054
       11412   -0.346689   -0.326654 0.000453018
       11413   -0.344418   -0.326656 0.000452981
       11414   -0.315606   -0.326655 0.000452942
       11415   -0.295993   -0.326652  0.00045291
       11416   -0.307976    -0.32665 0.000452874
       11417   -0.321138    -0.32665 0.000452834
       11418   -0.314982   -0.326649 0.000452796
       11419   -0.306462   -0.326647  0.00045276
       11420    -0.30515   -0.326645 0.000452724
       11421    -0.29826   -0.326643 0.000452691
       11422   -0.276053   -0.326638 0.000452673
       11423   -0.262654   -0.326633 0.000452668
       11424   -0.281664   -0.326629 0.000452646
       11425   -0.311263   -0.326627 0.000452608
       11426   -0.328828   -0.326628 0.000452568
       11427   -0.332334   -0.326628 0.000452529
       11428   -0.319351   -0.326627  0.00045249
       11429   -0.286864   -0.326624 0.000452464
       11430   -0.266718   -0.326619 0.000452454
       11431   -0.265382   -0.326613 0.000452447
       11432   -0.253939   -0.326607 0.000452452
       11433   -0.254537   -0.326601 0.000452456
       11434   -0.268478   -0.326596 0.000452445
       11435   -0.277416   -0.326591 0.000452426
       11436   -0.274563   -0.326587 0.000452409
       11437    -0.27997   -0.326583 0.000452388
       11438   -0.287459   -0.326579 0.000452361
       11439   -0.303967   -0.326577 0.000452326
       11440   -0.318634   -0.326577 0.000452287
       11441   -0.299985   -0.326574 0.000452254
       11442   -0.240746   -0.326567 0.000452276
       11443   -0.282763   -0.326563 0.000452253
       11444   -0.239658   -0.326555 0.000452277
       11445   -0.165797   -0.326541 0.000452456
       11446   -0.267797   -0.326536 0.000452445
       11447   -0.330911   -0.326537 0.000452406
       11448   -0.326855   -0.326537 0.000452366
       11449   -0.334382   -0.326537 0.000452327
       11450   -0.368083   -0.326541 0.000452302
       11451   -0.386653   -0.326546 0.000452293
       11452   -0.377318   -0.326551 0.000452276
       11453   -0.360494   -0.326553 0.000452246
       11454   -0.360769   -0.326556 0.000452216
       11455   -0.362074    -0.32656 0.000452187
       11456   -0.346536   -0.326561 0.000452151
       11457     -0.3381   -0.326562 0.000452113
       11458   -0.352483   -0.326565 0.000452079
       11459   -0.367011   -0.326568 0.000452053
       11460   -0.350954    -0.32657 0.000452019
       11461   -0.327781    -0.32657  0.00045198
       11462   -0.357805   -0.326573 0.000451948
       11463   -0.367245   -0.326577 0.000451923
       11464   -0.345834   -0.326578 0.000451887
       11465   -0.346904    -0.32658 0.000451851
       11466   -0.358575   -0.326583  0.00045182
       11467   -0.338829   -0.326584 0.000451782
       11468   -0.322111   -0.326584 0.000451743
       11469   -0.333852   -0.326584 0.000451704
       11470    -0.33791   -0.326585 0.000451665
       11471   -0.322892   -0.326585 0.000451626
       11472   -0.313271   -0.326584 0.000451588
       11473   -0.315021   -0.326583  0.00045155
       11474   -0.318763   -0.326582 0.000451511
       11475   -0.325883   -0.326582 0.000451472
       11476   -0.327959   -0.326582 0.000451432
       11477   -0.321274   -0.326582 0.000451393
       11478   -0.316364   -0.326581 0.000451355
       11479   -0.322367    -0.32658 0.000451316
       11480   -0.333637   -0.326581 0.000451277
       11481   -0.341444   -0.326582 0.000451239
       11482   -0.343115   -0.326584 0.000451202
       11483   -0.339278   -0.326585 0.000451164
       11484   -0.335299   -0.326586 0.000451126
       11485   -0.342877   -0.326587 0.000451089
       11486   -0.364127    -0.32659 0.000451061
       11487   -0.384934   -0.326595 0.000451051
       11488   -0.390862   -0.326601 0.000451046
       11489   -0.363428   -0.326604 0.000451018
       11490   -0.301757   -0.326602 0.000450984
       11491    -0.27872   -0.326598 0.000450964
       11492   -0.287608   -0.326594 0.000450938
       11493   -0.280164    -0.32659 0.000450916
       11494   -0.329598   -0.326591 0.000450877
       11495   -0.359948   -0.326594 0.000450847
       11496   -0.359249   -0.326596 0.000450817
       11497   -0.357499   -0.326599 0.000450786
       11498   -0.368059   -0.326603 0.000450761
       11499   -0.378282   -0.326607 0.000450744
       11500    -0.38438   -0.326612 0.000450733
       11501   -0.379576   -0.326617 0.000450718
       11502   -0.359029    -0.32662 0.000450687
       11503   -0.330202    -0.32662 0.000450648
       11504    -0.32388    -0.32662 0.000450609
       11505   -0.330991    -0.32662  0.00045057
       11506    -0.31961   -0.326619 0.000450531
       11507   -0.312042   -0.326618 0.000450494
       11508   -0.319765   -0.326618 0.000450455
       11509   -0.317261   -0.326617 0.000450417
       11510   -0.310662   -0.326615  0.00045038
       11511   -0.310225   -0.326614 0.000450343
       11512   -0.313396   -0.326613 0.000450305
       11513    -0.31608   -0.326612 0.000450267
       11514   -0.314068   -0.326611 0.000450229
       11515   -0.306127   -0.326609 0.000450194
       11516   -0.299146   -0.326607 0.000450161
       11517   -0.294138   -0.326604 0.000450131
       11518   -0.288091     -0.3266 0.000450104
       11519   -0.283009   -0.326597 0.000450081
       11520   -0.273906   -0.326592 0.000450065
       11521   -0.280584   -0.326588 0.000450044
       11522   -0.296197   -0.326585 0.000450012
       11523   -0.311481   -0.326584 0.000449975
       11524   -0.324445   -0.326584 0.000449936
       11525   -0.312005   -0.326583 0.000449899
       11526   -0.284404   -0.326579 0.000449875
       11527   -0.274035   -0.326575 0.000449859
       11528   -0.283128   -0.326571 0.000449835
       11529   -0.303504   -0.326569 0.000449801
       11530   -0.321302   -0.326568 0.000449762
       11531   -0.326123   -0.326568 0.000449723
       11532   -0.318697   -0.326568 0.000449685
       11533   -0.313093   -0.326566 0.000449647
       11534   -0.314932   -0.326565 0.000449609
       11535   -0.312954   -0.326564 0.000449572
       11536   -0.311607   -0.326563 0.000449535
       11537    -0.31824   -0.326562 0.000449496
       11538   -0.323811   -0.326562 0.000449457
       11539   -0.322563   -0.326562 0.000449419
       11540   -0.315846   -0.326561 0.000449381
       11541   -0.310809   -0.326559 0.000449344
       11542   -0.299877   -0.326557 0.000449311
       11543   -0.280447   -0.326553  0.00044929
       11544   -0.289641    -0.32655 0.000449262
       11545   -0.307856   -0.326548 0.000449226
       11546    -0.30558   -0.326546 0.000449191
       11547   -0.295087   -0.326544  0.00044916
       11548    -0.31339   -0.326543 0.000449123
       11549   -0.330048   -0.326543 0.000449084
       11550   -0.311054   -0.326541 0.000449047
       11551   -0.294208   -0.326539 0.000449017
       11552   -0.319482   -0.326538 0.000448979
       11553   -0.307458   -0.326536 0.000448943
       11554   -0.252921    -0.32653 0.000448949
       11555    -0.23678   -0.326522 0.000448977
       11556   -0.295406    -0.32652 0.000448947
       11557   -0.328499    -0.32652 0.000448908
       11558   -0.326587    -0.32652 0.000448869
       11559   -0.309292   -0.326518 0.000448833
       11560   -0.294921   -0.326516 0.000448802
       11561   -0.293046   -0.326513 0.000448773
       11562   -0.305486   -0.326511 0.000448737
       11563   -0.323052   -0.326511 0.000448699
       11564   -0.322392    -0.32651  0.00044866
       11565   -0.301908   -0.326508 0.000448626
       11566   -0.277379   -0.326504 0.000448608
       11567   -0.244334   -0.326497 0.000448625
       11568   -0.221904   -0.326488 0.000448677
       11569    -0.28126   -0.326484 0.000448656
       11570   -0.302414   -0.326482 0.000448622
       11571   -0.294923   -0.326479 0.000448591
       11572   -0.298278   -0.326476 0.000448559
       11573   -0.306529   -0.326475 0.000448524
       11574   -0.292907   -0.326472 0.000448494
       11575   -0.272742   -0.326467  0.00044848
       11576   -0.301675   -0.326465 0.000448446
       11577   -0.329867   -0.326465 0.000448407
       11578   -0.338141   -0.326466  0.00044837
       11579   -0.330085   -0.326467 0.000448331
       11580   -0.300348   -0.326464 0.000448298
       11581    -0.25613   -0.326458   0.0004483
       11582   -0.215138   -0.326449 0.000448365
       11583     -0.2731   -0.326444  0.00044835
       11584   -0.351246   -0.326446 0.000448316
       11585   -0.368868    -0.32645 0.000448292
       11586   -0.329974    -0.32645 0.000448254
       11587   -0.300446   -0.326448 0.000448221
       11588   -0.307616   -0.326446 0.000448185
       11589   -0.267761   -0.326441 0.000448175
       11590   -0.219232   -0.326432 0.000448232
       11591   -0.281708   -0.326428  0.00044821
       11592   -0.350155    -0.32643 0.000448176
       11593   -0.346776   -0.326432  0.00044814
       11594   -0.334563   -0.326433 0.000448102
       11595   -0.334423   -0.326433 0.000448064
       11596   -0.333552   -0.326434 0.000448026
       11597   -0.330394   -0.326434 0.000447988
       11598   -0.326794   -0.326434 0.000447949
       11599   -0.300377   -0.326432 0.000447916
       11600   -0.285749   -0.326429 0.000447891
       11601   -0.272778   -0.326424 0.000447876
       11602    -0.29557   -0.326421 0.000447846
       11603   -0.322245   -0.326421 0.000447807
       11604   -0.310727    -0.32642 0.000447771
       11605   -0.293161   -0.326417 0.000447741
       11606   -0.306153   -0.326415 0.000447706
       11607    -0.32501   -0.326415 0.000447667
       11608   -0.329573   -0.326415 0.000447629
       11609   -0.325248   -0.326415  0.00044759
       11610   -0.319457   -0.326414 0.000447552
       11611   -0.316818   -0.326414 0.000447514
       11612   -0.315694   -0.326413 0.000447477
       11613   -0.312392   -0.326412  0.00044744
       11614   -0.313175    -0.32641 0.000447403
       11615   -0.315296   -0.326409 0.000447365
       11616   -0.301676   -0.326407 0.000447332
       11617    -0.27145   -0.326403 0.000447318
       11618   -0.243144   -0.326395 0.000447337
       11619   -0.261663    -0.32639 0.000447334
       11620   -0.296797   -0.326387 0.000447302
       11621     -0.3314   -0.326388 0.000447264
       11622   -0.345859   -0.326389 0.000447229
       11623   -0.341836   -0.326391 0.000447192
       11624   -0.334741   -0.326391 0.000447154
       11625   -0.327879   -0.326392 0.000447116
       11626   -0.313836    -0.32639 0.000447079
       11627   -0.299251   -0.326388 0.000447046
       11628   -0.283825   -0.326384 0.000447023
       11629   -0.261718   -0.326379 0.000447019
       11630   -0.285785   -0.326375 0.000446994
       11631   -0.312004   -0.326374 0.000446957
       11632   -0.314713   -0.326373  0.00044692
       11633   -0.313691   -0.326372 0.000446883
       11634   -0.320162   -0.326372 0.000446845
       11635    -0.32164   -0.326371 0.000446807
       11636   -0.315335    -0.32637 0.000446769
       11637   -0.305126   -0.326368 0.000446735
       11638   -0.291566   -0.326365 0.000446706
       11639   -0.281232   -0.326362 0.000446685
       11640   -0.276574   -0.326357 0.000446667
       11641    -0.25608   -0.326351 0.000446669
       11642   -0.246921   -0.326344 0.000446683
       11643   -0.275604    -0.32634 0.000446666
       11644   -0.287647   -0.326337  0.00044664
       11645   -0.281468   -0.326333 0.000446618
       11646   -0.272055   -0.326328 0.000446604
       11647   -0.273431   -0.326324 0.000446589
       11648   -0.281501    -0.32632 0.000446567
       11649   -0.274592   -0.326315 0.000446551
       11650   -0.263708    -0.32631 0.000446545
       11651   -0.266835   -0.326305 0.000446536
       11652   -0.271678     -0.3263 0.000446522
       11653   -0.280814   -0.326296 0.000446501
       11654   -0.292236   -0.326293 0.000446472
       11655   -0.294726   -0.326291 0.000446442
       11656   -0.302192   -0.326289 0.000446408
       11657   -0.317603   -0.326288 0.000446371
       11658   -0.324044   -0.326288 0.000446333
       11659   -0.326155   -0.326288 0.000446294
       11660   -0.338624   -0.326289 0.000446257
       11661   -0.351737   -0.326291 0.000446224
       11662   -0.340393   -0.326292 0.000446188
       11663   -0.311299   -0.326291 0.000446151
       11664   -0.333028   -0.326291 0.000446113
       11665   -0.357093   -0.326294 0.000446083
       11666   -0.361356   -0.326297 0.000446055
       11667   -0.359079     -0.3263 0.000446025
       11668   -0.348192   -0.326302 0.000445991
       11669   -0.334718   -0.326302 0.000445954
       11670   -0.334745   -0.326303 0.000445916
       11671   -0.345083   -0.326305 0.000445881
       11672   -0.356104   -0.326307  0.00044585
       11673    -0.36361   -0.326311 0.000445823
       11674   -0.361886   -0.326314 0.000445795
       11675    -0.34915   -0.326316 0.000445761
       11676    -0.32816   -0.326316 0.000445723
       11677   -0.311594   -0.326314 0.000445687
       11678    -0.30166   -0.326312 0.000445654
       11679   -0.259479   -0.326307 0.000445652
       11680   -0.256372   -0.326301 0.000445654
       11681   -0.311904   -0.326299 0.000445618
       11682   -0.320837   -0.326299  0.00044558
       11683   -0.316494   -0.326298 0.000445543
       11684   -0.309462   -0.326297 0.000445507
       11685   -0.299154   -0.326294 0.000445475
       11686   -0.298792   -0.326292 0.000445443
       11687   -0.312177   -0.326291 0.000445406
       11688   -0.321476    -0.32629 0.000445368
       11689   -0.322295    -0.32629  0.00044533
       11690    -0.31672   -0.326289 0.000445293
       11691   -0.302968   -0.326287 0.000445259
       11692   -0.291967   -0.326284 0.000445231
       11693   -0.306443   -0.326283 0.000445196
       11694   -0.323278   -0.326282 0.000445158
       11695   -0.311593   -0.326281 0.000445122
       11696   -0.272177   -0.326276 0.000445108
       11697   -0.273573   -0.326272 0.000445093
       11698   -0.283882   -0.326268 0.000445069
       11699   -0.294367   -0.326266  0.00044504
       11700   -0.313957   -0.326264 0.000445003
       11701   -0.321556   -0.326264 0.000444965
       11702   -0.325681   -0.326264 0.000444927
       11703   -0.326825   -0.326264 0.000444889
       11704   -0.317012   -0.326263 0.000444852
       11705   -0.312559   -0.326262 0.000444815
       11706   -0.327422   -0.326262 0.000444777
       11707   -0.346245   -0.326264 0.000444743
       11708   -0.352093   -0.326266  0.00044471
       11709   -0.331924   -0.326267 0.000444672
       11710   -0.302576   -0.326265 0.000444639
       11711   -0.314435   -0.326264 0.000444602
       11712   -0.344033   -0.326265 0.000444567
       11713   -0.345463   -0.326267 0.000444532
       11714   -0.317478   -0.326266 0.000444494
       11715   -0.310535   -0.326265 0.000444459
       11716   -0.322318   -0.326264 0.000444421
       11717   -0.299155   -0.326262 0.000444389
       11718    -0.27911   -0.326258 0.000444369
       11719   -0.294227   -0.326255  0.00044434
       11720   -0.306226   -0.326254 0.000444305
       11721   -0.302687   -0.326252 0.000444272
       11722   -0.301584   -0.326249 0.000444239
       11723   -0.302507   -0.326247 0.000444205
       11724   -0.310415   -0.326246  0.00044417
       11725   -0.322101   -0.326246 0.000444132
       11726   -0.320893   -0.326245 0.000444094
       11727   -0.299757   -0.326243 0.000444062
       11728   -0.270872   -0.326238 0.000444049
       11729   -0.264533   -0.326233 0.000444043
       11730   -0.250615   -0.326227 0.000444052
       11731   -0.241276   -0.326219 0.000444073
       11732    -0.28267   -0.326216  0.00044405
       11733   -0.310069   -0.326214 0.000444015
       11734   -0.307993   -0.326213  0.00044398
       11735   -0.278168   -0.326209 0.000443961
       11736   -0.257123   -0.326203 0.000443962
       11737   -0.260914   -0.326197 0.000443959
       11738   -0.274714   -0.326193 0.000443943
       11739   -0.303939   -0.326191 0.000443909
       11740   -0.310064   -0.326189 0.000443873
       11741   -0.292816   -0.326187 0.000443845
       11742   -0.283238   -0.326183 0.000443822
       11743   -0.271463   -0.326178 0.000443808
       11744   -0.273521   -0.326174 0.000443793
       11745   -0.282026    -0.32617 0.000443771
       11746    -0.28572   -0.326167 0.000443747
       11747   -0.293603   -0.326164 0.000443718
       11748   -0.295835   -0.326161 0.000443688
       11749   -0.277394   -0.326157 0.000443669
       11750   -0.250666   -0.326151 0.000443678
       11751   -0.245964   -0.326144 0.000443693
       11752   -0.271748   -0.326139 0.000443679
       11753   -0.299188   -0.326137 0.000443647
       11754   -0.314379   -0.326136 0.000443611
       11755   -0.312586   -0.326135 0.000443574
       11756    -0.30337   -0.326133 0.000443541
       11757   -0.307254   -0.326131 0.000443506
       11758   -0.302904   -0.326129 0.000443473
       11759   -0.283579   -0.326126  0.00044345
       11760   -0.283636   -0.326122 0.000443427
       11761   -0.296232    -0.32612 0.000443396
       11762   -0.302034   -0.326117 0.000443364
       11763    -0.31554   -0.326117 0.000443327
       11764   -0.333121   -0.326117 0.000443289
       11765   -0.321533   -0.326117 0.000443252
       11766   -0.285957   -0.326113 0.000443227
       11767   -0.252545   -0.326107 0.000443234
       11768   -0.278566   -0.326103 0.000443215
       11769   -0.313898   -0.326102 0.000443178
       11770    -0.31248   -0.326101 0.000443142
       11771   -0.292732   -0.326098 0.000443113
       11772    -0.31414   -0.326097 0.000443077
       11773   -0.346176   -0.326099 0.000443043
       11774   -0.356154   -0.326101 0.000443012
       11775   -0.348589   -0.326103 0.000442979
       11776   -0.333257   -0.326104 0.000442942
       11777   -0.331024   -0.326104 0.000442904
       11778   -0.336489   -0.326105 0.000442867
       11779   -0.309322   -0.326104 0.000442832
       11780   -0.232306   -0.326096 0.000442866
       11781    -0.24746   -0.326089 0.000442879
       11782   -0.322302   -0.326089 0.000442841
       11783   -0.330885   -0.326089 0.000442804
       11784   -0.340337    -0.32609 0.000442768
       11785   -0.353047   -0.326093 0.000442736
       11786   -0.343738   -0.326094 0.000442701
       11787   -0.349723   -0.326096 0.000442668
       11788   -0.366668     -0.3261 0.000442644
       11789   -0.375319   -0.326104 0.000442626
       11790   -0.356073   -0.326106 0.000442596
       11791   -0.316977   -0.326105 0.000442559
       11792   -0.326238   -0.326106 0.000442522
       11793   -0.380259    -0.32611 0.000442508
       11794   -0.394177   -0.326116 0.000442508
       11795   -0.367393   -0.326119 0.000442484
       11796   -0.349743   -0.326121 0.000442451
       11797   -0.394134   -0.326127 0.000442451
       11798   -0.426024   -0.326136 0.000442495
       11799   -0.426962   -0.326144  0.00044254
       11800    -0.41256   -0.326151 0.000442563
       11801   -0.366431   -0.326155 0.000442539
       11802   -0.298476   -0.326153 0.000442507
       11803   -0.372019   -0.326156 0.000442487
       11804   -0.428555   -0.326165 0.000442535
       11805   -0.420952   -0.326173  0.00044257
       11806   -0.384049   -0.326178  0.00044256
       11807   -0.353162    -0.32618 0.000442528
       11808   -0.358295   -0.326183 0.000442499
       11809   -0.371575   -0.326187 0.000442478
       11810    -0.37451   -0.326191  0.00044246
       11811   -0.376997   -0.326195 0.000442443
       11812   -0.373214   -0.326199 0.000442423
       11813   -0.370169   -0.326203 0.000442402
       11814   -0.356706   -0.326206 0.000442372
       11815   -0.271523   -0.326201 0.000442359
       11816   -0.280555   -0.326197 0.000442338
       11817    -0.34169   -0.326198 0.000442302
       11818   -0.343864     -0.3262 0.000442268
       11819   -0.357248   -0.326202 0.000442238
       11820    -0.34523   -0.326204 0.000442203
       11821   -0.300007   -0.326202 0.000442172
       11822   -0.251863   -0.326196 0.000442179
       11823    -0.24141   -0.326188   0.0004422
       11824   -0.281359   -0.326185 0.000442179
       11825   -0.318758   -0.326184 0.000442142
       11826   -0.330189   -0.326184 0.000442104
       11827   -0.328225   -0.326185 0.000442067
       11828   -0.320016   -0.326184  0.00044203
       11829   -0.305153   -0.326182 0.000441996
       11830   -0.281379   -0.326178 0.000441975
       11831   -0.256266   -0.326173 0.000441977
       11832   -0.223851   -0.326164 0.000442024
       11833   -0.199719   -0.326153 0.000442116
       11834   -0.258187   -0.326147 0.000442116
       11835   -0.274757   -0.326143   0.0004421
       11836   -0.292984    -0.32614 0.000442072
       11837   -0.286922   -0.326137 0.000442047
       11838   -0.238488    -0.32613 0.000442071
       11839   -0.299973   -0.326127 0.000442039
       11840   -0.321389   -0.326127 0.000442002
       11841   -0.312778   -0.326126 0.000441966
       11842   -0.302758   -0.326124 0.000441934
       11843   -0.292376   -0.326121 0.000441905
       11844   -0.283875   -0.326117 0.000441882
       11845   -0.282234   -0.326114 0.000441861
       11846   -0.288682   -0.326111 0.000441835
       11847   -0.297969   -0.326108 0.000441804
       11848   -0.304698   -0.326106  0.00044177
       11849   -0.309131   -0.326105 0.000441735
       11850   -0.308034   -0.326103 0.000441701
       11851   -0.275375   -0.326099 0.000441684
       11852   -0.212488    -0.32609 0.000441751
       11853     -0.2491   -0.326083 0.000441761
       11854   -0.285711    -0.32608 0.000441737
       11855   -0.299732   -0.326077 0.000441705
       11856   -0.300267   -0.326075 0.000441674
       11857   -0.294657   -0.326073 0.000441644
       11858   -0.290215    -0.32607 0.000441617
       11859   -0.288007   -0.326066 0.000441592
       11860   -0.287323   -0.326063 0.000441567
       11861   -0.286527    -0.32606 0.000441542
       11862   -0.276719   -0.326056 0.000441524
       11863    -0.25581    -0.32605 0.000441527
       11864   -0.244218   -0.326043 0.000441544
       11865   -0.259519   -0.326037 0.000441542
       11866   -0.293926   -0.326035 0.000441513
       11867   -0.322309   -0.326034 0.000441476
       11868   -0.330233   -0.326035 0.000441439
       11869   -0.315648   -0.326034 0.000441403
       11870   -0.289385   -0.326031 0.000441376
       11871   -0.285631   -0.326027 0.000441352
       11872   -0.307027   -0.326026 0.000441318
       11873   -0.323253   -0.326025 0.000441281
       11874   -0.301471   -0.326023 0.000441248
       11875   -0.258486   -0.326018 0.000441248
       11876   -0.287167   -0.326014 0.000441223
       11877   -0.331987   -0.326015 0.000441186
       11878   -0.346788   -0.326017 0.000441152
       11879   -0.325911   -0.326017 0.000441115
       11880   -0.312184   -0.326015  0.00044108
       11881   -0.330065   -0.326016 0.000441043
       11882   -0.358291   -0.326018 0.000441014
       11883   -0.371296   -0.326022 0.000440993
       11884    -0.36134   -0.326025 0.000440966
       11885   -0.362542   -0.326028  0.00044094
       11886    -0.37569   -0.326032 0.000440922
       11887   -0.365539   -0.326036 0.000440898
       11888   -0.344958   -0.326037 0.000440864
       11889   -0.339198   -0.326039 0.000440828
       11890   -0.364235   -0.326042 0.000440803
       11891   -0.389305   -0.326047 0.000440798
       11892   -0.408397   -0.326054 0.000440815
       11893   -0.416612   -0.326062 0.000440844
       11894   -0.402726   -0.326068 0.000440854
       11895    -0.37332   -0.326072 0.000440834
       11896   -0.347097   -0.326074 0.000440801
       11897   -0.332643   -0.326074 0.000440764
       11898   -0.350537   -0.326076 0.000440732
       11899   -0.372857    -0.32608 0.000440712
       11900   -0.389265   -0.326086 0.000440707
       11901   -0.382438    -0.32609 0.000440696
       11902   -0.324671    -0.32609 0.000440659
       11903   -0.274665   -0.326086 0.000440643
       11904   -0.308228   -0.326084 0.000440609
       11905   -0.333891   -0.326085 0.000440572
       11906   -0.349275   -0.326087 0.000440539
       11907   -0.334838   -0.326088 0.000440503
       11908   -0.298681   -0.326085 0.000440472
       11909    -0.27966   -0.326082 0.000440452
       11910   -0.247451   -0.326075 0.000440465
       11911   -0.289637   -0.326072 0.000440438
       11912   -0.360118   -0.326075 0.000440411
       11913    -0.38375    -0.32608   0.0004404
       11914   -0.376973   -0.326084 0.000440384
       11915   -0.344859   -0.326085  0.00044035
       11916   -0.294653   -0.326083 0.000440321
       11917   -0.265653   -0.326078 0.000440313
       11918   -0.289728   -0.326075 0.000440287
       11919   -0.321521   -0.326074  0.00044025
       11920    -0.32362   -0.326074 0.000440213
       11921   -0.305596   -0.326072 0.000440179
       11922   -0.281837   -0.326069 0.000440158
       11923   -0.288031   -0.326065 0.000440133
       11924   -0.306525   -0.326064 0.000440099
       11925   -0.311182   -0.326063 0.000440064
       11926   -0.296184    -0.32606 0.000440034
       11927   -0.281042   -0.326056 0.000440013
       11928   -0.294688   -0.326054 0.000439984
       11929   -0.291789   -0.326051 0.000439957
       11930   -0.276739   -0.326047 0.000439939
       11931   -0.297165   -0.326044 0.000439909
       11932   -0.310629   -0.326043 0.000439874
       11933   -0.300722   -0.326041 0.000439842
       11934   -0.280145   -0.326037 0.000439822
       11935   -0.274986   -0.326033 0.000439806
       11936   -0.288705    -0.32603 0.000439781
       11937   -0.297783   -0.326027  0.00043975
       11938   -0.295751   -0.326025 0.000439721
       11939   -0.289534   -0.326022 0.000439694
       11940   -0.274907   -0.326017 0.000439678
       11941   -0.249052   -0.326011 0.000439689
       11942   -0.260465   -0.326005 0.000439686
       11943   -0.297643   -0.326003 0.000439656
       11944   -0.314817   -0.326002  0.00043962
       11945   -0.315491   -0.326001 0.000439584
       11946   -0.312402      -0.326 0.000439549
       11947    -0.31159   -0.325999 0.000439514
       11948   -0.306294   -0.325997  0.00043948
       11949   -0.286375   -0.325994 0.000439456
       11950   -0.255834   -0.325988 0.000439458
       11951   -0.229774    -0.32598 0.000439495
       11952   -0.246813   -0.325973 0.000439508
       11953   -0.275647   -0.325969 0.000439492
       11954   -0.303599   -0.325967 0.000439459
       11955    -0.32935   -0.325968 0.000439422
       11956   -0.334286   -0.325968 0.000439386
       11957   -0.304614   -0.325966 0.000439353
       11958   -0.283835   -0.325963  0.00043933
       11959     -0.2914    -0.32596 0.000439303
       11960   -0.281143   -0.325956 0.000439282
       11961    -0.28128   -0.325953 0.000439261
       11962   -0.313595   -0.325952 0.000439226
       11963   -0.338181   -0.325953  0.00043919
       11964    -0.32187   -0.325952 0.000439154
       11965   -0.289194   -0.325949 0.000439128
       11966   -0.305954   -0.325947 0.000439094
       11967   -0.352201    -0.32595 0.000439063
       11968   -0.366906   -0.325953  0.00043904
       11969   -0.342195   -0.325954 0.000439005
       11970   -0.309218   -0.325953 0.000438971
       11971   -0.316098   -0.325952 0.000438935
       11972    -0.33028   -0.325953 0.000438898
       11973   -0.325101   -0.325953 0.000438862
       11974   -0.322703   -0.325952 0.000438825
       11975   -0.331912   -0.325953 0.000438789
       11976   -0.351057   -0.325955 0.000438757
       11977   -0.366636   -0.325958 0.000438734
       11978   -0.357252   -0.325961 0.000438705
       11979   -0.300511   -0.325959 0.000438673
       11980   -0.213835   -0.325949 0.000438737
       11981   -0.227606   -0.325941 0.000438777
       11982   -0.316638    -0.32594 0.000438741
       11983   -0.358254   -0.325943 0.000438712
       11984   -0.364087   -0.325946 0.000438687
       11985   -0.358491   -0.325949 0.000438659
       11986   -0.349405   -0.325951 0.000438627
       11987   -0.334512   -0.325952 0.000438591
       11988   -0.316762   -0.325951 0.000438555
       11989   -0.310716    -0.32595  0.00043852
       11990   -0.316671   -0.325949 0.000438484
       11991   -0.329081   -0.325949 0.000438448
       11992   -0.349263   -0.325951 0.000438416
       11993    -0.36066   -0.325954 0.000438389
       11994   -0.356352   -0.325956 0.000438359
       11995   -0.327736   -0.325957 0.000438323
       11996   -0.286284   -0.325953 0.000438299
       11997   -0.326651   -0.325953 0.000438262
       11998   -0.334513   -0.325954 0.000438226
       11999   -0.303732   -0.325952 0.000438194
       12000   -0.316325   -0.325951 0.000438158
       12001   -0.346002   -0.325953 0.000438125
       12002   -0.381923   -0.325958 0.000438113
       12003   -0.407773   -0.325965 0.000438129
       12004   -0.410394   -0.325972 0.000438149
       12005   -0.396463   -0.325978 0.000438152
       12006   -0.384042   -0.325982 0.000438142
       12007   -0.371759   -0.325986 0.000438123
       12008   -0.363953   -0.325989 0.000438097
       12009   -0.377958   -0.325994 0.000438082
       12010   -0.382467   -0.325998 0.000438071
       12011   -0.371122   -0.326002 0.000438051
       12012   -0.371621   -0.326006 0.000438031
       12013   -0.359224   -0.326009 0.000438003
       12014   -0.344461    -0.32601 0.000437969
       12015   -0.354358   -0.326013 0.000437939
       12016   -0.377263   -0.326017 0.000437924
       12017   -0.389352   -0.326022 0.000437919
       12018   -0.392307   -0.326028 0.000437917
       12019   -0.392814   -0.326033 0.000437916
       12020   -0.356465   -0.326036 0.000437887
       12021   -0.270785   -0.326031 0.000437874
       12022    -0.29846   -0.326029 0.000437844
       12023   -0.360585   -0.326032 0.000437817
       12024      -0.365   -0.326035 0.000437793
       12025   -0.338562   -0.326036 0.000437757
       12026   -0.328858   -0.326036 0.000437721
       12027   -0.343866   -0.326038 0.000437687
       12028   -0.350665    -0.32604 0.000437656
       12029   -0.346855   -0.326041 0.000437623
       12030   -0.345668   -0.326043 0.000437589
       12031   -0.349648   -0.326045 0.000437557
       12032   -0.352865   -0.326047 0.000437527
       12033   -0.352113   -0.326049 0.000437496
       12034   -0.344805   -0.326051 0.000437462
       12035   -0.326992   -0.326051 0.000437426
       12036   -0.303578   -0.326049 0.000437393
       12037   -0.292608   -0.326046 0.000437366
       12038   -0.305347   -0.326045 0.000437333
       12039   -0.333428   -0.326045 0.000437297
       12040   -0.349847   -0.326047 0.000437265
       12041   -0.338676   -0.326048  0.00043723
       12042   -0.262603   -0.326043 0.000437226
       12043   -0.245244   -0.326036 0.000437241
       12044   -0.321736   -0.326036 0.000437205
       12045   -0.333605   -0.326037 0.000437169
       12046   -0.322656   -0.326036 0.000437133
       12047   -0.308682   -0.326035 0.000437099
       12048   -0.318438   -0.326034 0.000437063
       12049   -0.343215   -0.326036 0.000437029
       12050   -0.361427   -0.326039 0.000437002
       12051   -0.376129   -0.326043 0.000436986
       12052   -0.377513   -0.326047 0.000436971
       12053   -0.294207   -0.326044 0.000436942
       12054   -0.141983   -0.326029 0.000437173
       12055   -0.221702   -0.326021 0.000437222
       12056   -0.336958   -0.326021 0.000437187
       12057    -0.37943   -0.326026 0.000437173
       12058   -0.387458   -0.326031 0.000437166
       12059   -0.384655   -0.326036 0.000437157
       12060   -0.375111    -0.32604  0.00043714
       12061   -0.365976   -0.326043 0.000437116
       12062   -0.361467   -0.326046  0.00043709
       12063   -0.360017   -0.326049 0.000437063
       12064    -0.36334   -0.326052 0.000437037
       12065   -0.368946   -0.326056 0.000437016
       12066   -0.372807   -0.326059 0.000436997
       12067   -0.374168   -0.326063 0.000436979
       12068   -0.374696   -0.326067 0.000436961
       12069   -0.374817   -0.326072 0.000436943
       12070   -0.368056   -0.326075 0.000436921
       12071   -0.345029   -0.326077 0.000436888
       12072   -0.314801   -0.326076 0.000436852
       12073   -0.304547   -0.326074  0.00043682
       12074   -0.320486   -0.326073 0.000436784
       12075    -0.34763   -0.326075 0.000436751
       12076   -0.365479   -0.326078 0.000436727
       12077    -0.37372   -0.326082 0.000436709
       12078   -0.375534   -0.326086 0.000436692
       12079   -0.368616    -0.32609  0.00043667
       12080   -0.359491   -0.326093 0.000436643
       12081   -0.366901   -0.326096  0.00043662
       12082   -0.374602     -0.3261 0.000436602
       12083   -0.363502   -0.326103 0.000436577
       12084   -0.363457   -0.326106 0.000436552
       12085   -0.363329   -0.326109 0.000436526
       12086   -0.323457   -0.326109  0.00043649
       12087   -0.244367   -0.326102 0.000436507
       12088   -0.239416   -0.326095 0.000436529
       12089   -0.324539   -0.326095 0.000436493
       12090    -0.37345   -0.326099 0.000436475
       12091   -0.371763   -0.326103 0.000436455
       12092   -0.353522   -0.326105 0.000436425
       12093   -0.331566   -0.326106 0.000436389
       12094   -0.316961   -0.326105 0.000436354
       12095   -0.315398   -0.326104 0.000436318
       12096    -0.31955   -0.326103 0.000436283
       12097   -0.320685   -0.326103 0.000436247
       12098   -0.278102   -0.326099 0.000436229
       12099   -0.225137   -0.326091 0.000436273
       12100   -0.319096    -0.32609 0.000436237
       12101   -0.317161   -0.326089 0.000436201
       12102   -0.248389   -0.326083 0.000436213
       12103   -0.267559   -0.326078 0.000436203
       12104   -0.307013   -0.326076  0.00043617
       12105   -0.312157   -0.326075 0.000436136
       12106   -0.313527   -0.326074 0.000436101
       12107   -0.321174   -0.326074 0.000436065
       12108   -0.310792   -0.326073 0.000436031
       12109   -0.284908   -0.326069 0.000436008
       12110   -0.310708   -0.326068 0.000435974
       12111    -0.34759    -0.32607 0.000435942
       12112   -0.359827   -0.326073 0.000435915
       12113   -0.360549   -0.326075 0.000435888
       12114   -0.357154   -0.326078 0.000435859
       12115   -0.355182    -0.32608  0.00043583
       12116   -0.357546   -0.326083 0.000435802
       12117   -0.353093   -0.326085 0.000435772
       12118   -0.322725   -0.326085 0.000435736
       12119   -0.260539   -0.326079 0.000435733
       12120   -0.247023   -0.326073 0.000435746
       12121   -0.288258    -0.32607 0.000435721
       12122     -0.3196   -0.326069 0.000435686
       12123   -0.337825    -0.32607 0.000435651
       12124   -0.341462   -0.326072 0.000435617
       12125   -0.326491   -0.326072 0.000435581
       12126   -0.286147   -0.326068 0.000435557
       12127   -0.205117   -0.326058 0.000435636
       12128   -0.237642   -0.326051 0.000435661
       12129   -0.314899    -0.32605 0.000435626
       12130   -0.321503    -0.32605  0.00043559
       12131   -0.313105   -0.326049 0.000435555
       12132    -0.30572   -0.326047 0.000435523
       12133   -0.303721   -0.326045 0.000435491
       12134   -0.299725   -0.326043  0.00043546
       12135   -0.288312    -0.32604 0.000435436
       12136   -0.276788   -0.326036 0.000435419
       12137   -0.281601   -0.326032 0.000435398
       12138   -0.306073    -0.32603 0.000435365
       12139   -0.318547    -0.32603  0.00043533
       12140    -0.30125   -0.326028 0.000435299
       12141   -0.276245   -0.326024 0.000435282
       12142    -0.29041   -0.326021 0.000435256
       12143   -0.314882    -0.32602 0.000435221
       12144    -0.29915   -0.326018 0.000435191
       12145   -0.291747   -0.326015 0.000435165
       12146   -0.316179   -0.326014 0.000435129
       12147   -0.331505   -0.326014 0.000435094
       12148   -0.333818   -0.326015 0.000435058
       12149    -0.33303   -0.326016 0.000435023
       12150   -0.332471   -0.326016 0.000434988
       12151   -0.334961   -0.326017 0.000434952
       12152   -0.333062   -0.326018 0.000434917
       12153   -0.305345   -0.326016 0.000434885
       12154   -0.280029   -0.326012 0.000434865
       12155   -0.313353   -0.326011 0.000434831
       12156   -0.360138   -0.326014 0.000434804
       12157   -0.373343   -0.326018 0.000434786
       12158   -0.356201    -0.32602 0.000434757
       12159   -0.336564   -0.326021 0.000434722
       12160   -0.349834   -0.326023 0.000434691
       12161   -0.376226   -0.326027 0.000434675
       12162    -0.38832   -0.326032 0.000434669
       12163   -0.378054   -0.326037 0.000434654
       12164   -0.344005   -0.326038 0.000434621
       12165   -0.329951   -0.326038 0.000434586
       12166   -0.366352   -0.326042 0.000434562
       12167   -0.392367   -0.326047 0.000434561
       12168    -0.37563   -0.326051 0.000434544
       12169   -0.337578   -0.326052  0.00043451
       12170   -0.338581   -0.326053 0.000434475
       12171   -0.370383   -0.326057 0.000434455
       12172   -0.376398   -0.326061 0.000434439
       12173    -0.35145   -0.326063 0.000434408
       12174   -0.320875   -0.326063 0.000434373
       12175   -0.326271   -0.326063 0.000434337
       12176   -0.355291   -0.326065 0.000434308
       12177   -0.366424   -0.326068 0.000434285
       12178   -0.360571   -0.326071 0.000434258
       12179   -0.344079   -0.326073 0.000434225
       12180   -0.327646   -0.326073  0.00043419
       12181   -0.327853   -0.326073 0.000434154
       12182   -0.337827   -0.326074 0.000434119
       12183   -0.343909   -0.326075 0.000434086
       12184   -0.342817   -0.326077 0.000434053
       12185    -0.34879   -0.326079 0.000434021
       12186   -0.361739   -0.326082 0.000433995
       12187   -0.369886   -0.326085 0.000433975
       12188   -0.381072    -0.32609 0.000433963
       12189   -0.391679   -0.326095  0.00043396
       12190   -0.391957     -0.3261 0.000433958
       12191   -0.385965   -0.326105 0.000433951
       12192   -0.379013    -0.32611 0.000433937
       12193   -0.372163   -0.326113 0.000433917
       12194   -0.366916   -0.326117 0.000433895
       12195   -0.363747    -0.32612  0.00043387
       12196   -0.361227   -0.326123 0.000433844
       12197   -0.369098   -0.326126 0.000433823
       12198   -0.381083   -0.326131 0.000433811
       12199   -0.374977   -0.326135 0.000433794
       12200   -0.354416   -0.326137 0.000433764
       12201   -0.331586   -0.326138 0.000433729
       12202   -0.307451   -0.326136 0.000433696
       12203   -0.317765   -0.326135 0.000433661
       12204    -0.34379   -0.326137 0.000433628
       12205   -0.345786   -0.326138 0.000433595
       12206   -0.327621   -0.326139  0.00043356
       12207   -0.311281   -0.326137 0.000433526
       12208   -0.319941   -0.326137 0.000433491
       12209    -0.33647   -0.326138 0.000433456
       12210   -0.347061   -0.326139 0.000433424
       12211   -0.353778   -0.326142 0.000433395
       12212   -0.358608   -0.326144 0.000433367
       12213   -0.360452   -0.326147 0.000433341
       12214   -0.354729   -0.326149 0.000433312
       12215   -0.333428    -0.32615 0.000433277
       12216   -0.297637   -0.326148 0.000433247
       12217   -0.290816   -0.326145 0.000433222
       12218   -0.304314   -0.326143  0.00043319
       12219   -0.265802   -0.326138 0.000433183
       12220    -0.26744   -0.326133 0.000433174
       12221   -0.313122   -0.326132  0.00043314
       12222   -0.333187   -0.326133 0.000433105
       12223   -0.336336   -0.326134  0.00043307
       12224   -0.321566   -0.326133 0.000433035
       12225   -0.285656    -0.32613 0.000433012
       12226     -0.2744   -0.326126 0.000432997
       12227   -0.299136   -0.326123 0.000432967
       12228    -0.30498   -0.326122 0.000432935
       12229   -0.277644   -0.326118 0.000432918
       12230   -0.238381   -0.326111 0.000432942
       12231   -0.247253   -0.326104 0.000432955
       12232   -0.270628     -0.3261 0.000432943
       12233   -0.276578   -0.326096 0.000432927
       12234   -0.274604   -0.326091 0.000432912
       12235   -0.270685   -0.326087   0.0004329
       12236   -0.266938   -0.326082 0.000432892
       12237   -0.260763   -0.326077 0.000432889
       12238    -0.23664   -0.326069 0.000432915
       12239   -0.131169   -0.326053 0.000433173
       12240   -0.147546   -0.326039 0.000433383
       12241   -0.253958   -0.326033 0.000433388
       12242   -0.273655   -0.326029 0.000433373
       12243   -0.272169   -0.326024  0.00043336
       12244   -0.260172   -0.326019 0.000433358
       12245   -0.243163   -0.326012 0.000433376
       12246   -0.231884   -0.326004 0.000433408
       12247   -0.224346   -0.325996 0.000433452
       12248   -0.216029   -0.325987  0.00043351
       12249   -0.236895    -0.32598 0.000433536
       12250   -0.269609   -0.325975 0.000433525
       12251   -0.282923   -0.325972 0.000433504
       12252    -0.28161   -0.325968 0.000433483
       12253   -0.272716   -0.325964  0.00043347
       12254    -0.26229   -0.325959 0.000433465
       12255    -0.25547   -0.325953 0.000433468
       12256   -0.254362   -0.325947 0.000433472
       12257   -0.259999   -0.325942  0.00043347
       12258   -0.267621   -0.325937 0.000433461
       12259   -0.270758   -0.325932 0.000433449
       12260   -0.269823   -0.325928 0.000433438
       12261   -0.266104   -0.325923  0.00043343
       12262   -0.247236   -0.325917 0.000433442
       12263   -0.217863   -0.325908 0.000433496
       12264   -0.241471   -0.325901 0.000433516
       12265   -0.270341   -0.325896 0.000433504
       12266    -0.28092   -0.325893 0.000433484
       12267   -0.284607   -0.325889 0.000433462
       12268    -0.28256   -0.325886 0.000433441
       12269   -0.283129   -0.325882  0.00043342
       12270   -0.285071   -0.325879 0.000433397
       12271   -0.249517   -0.325873 0.000433406
       12272   -0.173441    -0.32586 0.000433549
       12273   -0.168996   -0.325848 0.000433702
       12274   -0.225411   -0.325839 0.000433744
       12275   -0.244963   -0.325833 0.000433759
       12276   -0.252598   -0.325827 0.000433764
       12277   -0.277341   -0.325823 0.000433747
       12278   -0.297703   -0.325821 0.000433718
       12279   -0.299498   -0.325818 0.000433688
       12280   -0.288704   -0.325815 0.000433663
       12281   -0.274195   -0.325811 0.000433648
       12282   -0.251439   -0.325805 0.000433655
       12283    -0.25556   -0.325799 0.000433657
       12284   -0.270545   -0.325795 0.000433645
       12285   -0.271197    -0.32579 0.000433633
       12286   -0.267911   -0.325786 0.000433623
       12287   -0.267738   -0.325781 0.000433614
       12288   -0.271648   -0.325777 0.000433601
       12289   -0.253241   -0.325771 0.000433606
       12290   -0.247968   -0.325764 0.000433616
       12291   -0.277193    -0.32576 0.000433599
       12292   -0.298339   -0.325758  0.00043357
       12293   -0.310079   -0.325757 0.000433536
       12294   -0.311723   -0.325756 0.000433502
       12295    -0.30466   -0.325754 0.000433471
       12296   -0.289012   -0.325751 0.000433446
       12297   -0.271954   -0.325747 0.000433432
       12298   -0.280002   -0.325743 0.000433413
       12299    -0.30182   -0.325741 0.000433382
       12300   -0.306398   -0.325739  0.00043335
       12301   -0.303406   -0.325738 0.000433319
       12302   -0.310184   -0.325736 0.000433285
       12303   -0.315312   -0.325736 0.000433251
       12304   -0.295551   -0.325733 0.000433222
       12305   -0.256081   -0.325727 0.000433224
       12306   -0.284003   -0.325724 0.000433202
       12307   -0.323545   -0.325724 0.000433167
       12308   -0.332572   -0.325724 0.000433132
       12309   -0.314043   -0.325723 0.000433098
       12310   -0.272919   -0.325719 0.000433084
       12311   -0.249232   -0.325713 0.000433094
       12312   -0.264034   -0.325708 0.000433087
       12313   -0.299453   -0.325706 0.000433057
       12314    -0.30292   -0.325704 0.000433026
       12315    -0.28589   -0.325701 0.000433003
       12316    -0.30223   -0.325699 0.000432972
       12317   -0.327425   -0.325699 0.000432937
       12318   -0.327078   -0.325699 0.000432902
       12319   -0.300492   -0.325697 0.000432872
       12320   -0.280837   -0.325693 0.000432852
       12321   -0.285548    -0.32569 0.000432829
       12322   -0.289742   -0.325687 0.000432804
       12323   -0.296764   -0.325685 0.000432775
       12324   -0.304869   -0.325683 0.000432743
       12325   -0.297716   -0.325681 0.000432714
       12326   -0.237891   -0.325674 0.000432737
       12327   -0.234857   -0.325666 0.000432765
       12328   -0.294004   -0.325664 0.000432738
       12329   -0.305623   -0.325662 0.000432706
       12330   -0.307457   -0.325661 0.000432673
       12331    -0.30218   -0.325659 0.000432642
       12332   -0.278718   -0.325655 0.000432624
       12333   -0.269903   -0.325651 0.000432612
       12334   -0.279318   -0.325647 0.000432593
       12335   -0.278977   -0.325643 0.000432575
       12336   -0.273045   -0.325639 0.000432561
       12337   -0.216877    -0.32563 0.000432616
       12338   -0.212856   -0.325621 0.000432677
       12339   -0.278621   -0.325617 0.000432659
       12340   -0.302721   -0.325615 0.000432628
       12341   -0.303081   -0.325613 0.000432597
       12342   -0.300114   -0.325611 0.000432566
       12343   -0.301094   -0.325609 0.000432536
       12344   -0.299882   -0.325607 0.000432506
       12345   -0.294431   -0.325605 0.000432478
       12346    -0.28852   -0.325602 0.000432454
       12347   -0.267097   -0.325597 0.000432445
       12348   -0.233975   -0.325589 0.000432473
       12349   -0.250148   -0.325583 0.000432481
       12350   -0.272409   -0.325579 0.000432468
       12351   -0.302006   -0.325577 0.000432437
       12352   -0.319382   -0.325577 0.000432402
       12353   -0.318408   -0.325576 0.000432368
       12354   -0.288901   -0.325573 0.000432343
       12355   -0.244016   -0.325566 0.000432358
       12356   -0.226839   -0.325558 0.000432397
       12357   -0.200314   -0.325548 0.000432481
       12358   -0.210976   -0.325539 0.000432545
       12359   -0.270591   -0.325535 0.000432533
       12360   -0.293529   -0.325532 0.000432506
       12361   -0.296945    -0.32553 0.000432477
       12362   -0.295039   -0.325527 0.000432449
       12363   -0.274191   -0.325523 0.000432434
       12364   -0.242674   -0.325516 0.000432451
       12365   -0.287799   -0.325513 0.000432427
       12366   -0.308839   -0.325512 0.000432394
       12367   -0.304982    -0.32551 0.000432362
       12368   -0.299356   -0.325508 0.000432332
       12369   -0.299249   -0.325506 0.000432303
       12370   -0.306236   -0.325505  0.00043227
       12371   -0.317167   -0.325504 0.000432236
       12372    -0.32779   -0.325504 0.000432201
       12373   -0.335921   -0.325505 0.000432167
       12374    -0.34076   -0.325506 0.000432134
       12375   -0.342104   -0.325507 0.000432101
       12376   -0.340002   -0.325509 0.000432068
       12377   -0.330065   -0.325509 0.000432033
       12378    -0.30595   -0.325507 0.000432001
       12379   -0.286252   -0.325504 0.000431978
       12380   -0.305283   -0.325503 0.000431946
       12381   -0.345021   -0.325504 0.000431914
       12382   -0.370573   -0.325508 0.000431894
       12383   -0.373941   -0.325512 0.000431877
       12384    -0.34143   -0.325513 0.000431844
       12385   -0.286697    -0.32551 0.000431821
       12386   -0.288626   -0.325507 0.000431796
       12387   -0.313398   -0.325506 0.000431762
       12388   -0.345657   -0.325508 0.000431731
       12389   -0.359221    -0.32551 0.000431704
       12390   -0.355653   -0.325513 0.000431676
       12391   -0.346287   -0.325514 0.000431645
       12392   -0.336557   -0.325515 0.000431611
       12393   -0.337022   -0.325516 0.000431577
       12394   -0.353002   -0.325518 0.000431548
       12395   -0.369799   -0.325522 0.000431528
       12396   -0.377785   -0.325526 0.000431514
       12397   -0.379023   -0.325531   0.0004315
       12398   -0.376521   -0.325535 0.000431485
       12399   -0.369238   -0.325538 0.000431465
       12400   -0.354263    -0.32554 0.000431436
       12401   -0.339038   -0.325542 0.000431403
       12402   -0.338724   -0.325543 0.000431369
       12403   -0.344045   -0.325544 0.000431337
       12404   -0.343328   -0.325546 0.000431305
       12405   -0.340271   -0.325547 0.000431272
       12406   -0.339682   -0.325548 0.000431238
       12407    -0.31224   -0.325547 0.000431205
       12408   -0.325159   -0.325547  0.00043117
       12409   -0.363005    -0.32555 0.000431146
       12410   -0.370142   -0.325553 0.000431126
       12411   -0.366053   -0.325557 0.000431104
       12412    -0.35524   -0.325559 0.000431076
       12413   -0.335967    -0.32556 0.000431042
       12414   -0.320376   -0.325559 0.000431007
       12415   -0.333053    -0.32556 0.000430973
       12416   -0.346606   -0.325562 0.000430942
       12417   -0.336607   -0.325563 0.000430908
       12418   -0.305374   -0.325561 0.000430876
       12419   -0.279862   -0.325557 0.000430857
       12420   -0.298726   -0.325555 0.000430828
       12421   -0.331491   -0.325556 0.000430793
       12422   -0.347791   -0.325557 0.000430763
       12423   -0.347965   -0.325559 0.000430732
       12424   -0.340633    -0.32556 0.000430699
       12425    -0.34042   -0.325562 0.000430666
       12426   -0.339573   -0.325563 0.000430632
       12427   -0.330198   -0.325563 0.000430598
       12428   -0.339685   -0.325564 0.000430565
       12429   -0.364986   -0.325567 0.000430542
       12430   -0.360722    -0.32557 0.000430517
       12431   -0.308312   -0.325569 0.000430484
       12432   -0.276859   -0.325565 0.000430467
       12433   -0.327905   -0.325565 0.000430433
       12434   -0.343489   -0.325567 0.000430401
       12435   -0.352201   -0.325569 0.000430371
       12436   -0.377868   -0.325573 0.000430357
       12437   -0.385949   -0.325578  0.00043035
       12438   -0.351333    -0.32558  0.00043032
       12439   -0.338671   -0.325581 0.000430287
       12440   -0.370721   -0.325585 0.000430268
       12441   -0.375321   -0.325589 0.000430252
       12442   -0.343473    -0.32559  0.00043022
       12443   -0.305862   -0.325588 0.000430188
       12444   -0.318827   -0.325588 0.000430154
       12445   -0.354397    -0.32559 0.000430125
       12446   -0.375757   -0.325594  0.00043011
       12447    -0.37781   -0.325598 0.000430096
       12448    -0.37926   -0.325603 0.000430083
       12449   -0.384369   -0.325607 0.000430074
       12450   -0.382961   -0.325612 0.000430064
       12451   -0.373973   -0.325616 0.000430047
       12452   -0.361115   -0.325619 0.000430022
       12453     -0.3635   -0.325622 0.000429998
       12454   -0.380207   -0.325626 0.000429986
       12455    -0.38699   -0.325631  0.00042998
       12456   -0.380629   -0.325636 0.000429968
       12457   -0.359041   -0.325638 0.000429942
       12458   -0.314412   -0.325637 0.000429908
       12459   -0.277392   -0.325633 0.000429891
       12460   -0.289977   -0.325631 0.000429866
       12461   -0.303219   -0.325629 0.000429835
       12462   -0.340715    -0.32563 0.000429803
       12463   -0.365073   -0.325633  0.00042978
       12464   -0.361385   -0.325636 0.000429755
       12465   -0.341379   -0.325637 0.000429722
       12466   -0.313596   -0.325636 0.000429689
       12467   -0.298866   -0.325634  0.00042966
       12468   -0.297858   -0.325632 0.000429631
       12469   -0.259858   -0.325627 0.000429629
       12470    -0.17791   -0.325615 0.000429758
       12471   -0.234723   -0.325608 0.000429785
       12472   -0.283486   -0.325604 0.000429764
       12473   -0.295712   -0.325602 0.000429736
       12474   -0.296939     -0.3256 0.000429708
       12475   -0.295645   -0.325597  0.00042968
       12476   -0.292105   -0.325594 0.000429654
       12477   -0.278203   -0.325591 0.000429636
       12478   -0.246557   -0.325584 0.000429649
       12479   -0.217654   -0.325576 0.000429701
       12480   -0.224618   -0.325568 0.000429743
       12481   -0.257859   -0.325562 0.000429743
       12482   -0.292777    -0.32556 0.000429716
       12483   -0.312701   -0.325558 0.000429683
       12484   -0.319684   -0.325558 0.000429649
       12485   -0.317182   -0.325557 0.000429615
       12486    -0.30376   -0.325556 0.000429584
       12487   -0.282952   -0.325552 0.000429564
       12488   -0.279794   -0.325549 0.000429545
       12489   -0.304225   -0.325547 0.000429514
       12490   -0.328815   -0.325547 0.000429479
       12491   -0.337832   -0.325548 0.000429446
       12492   -0.332318   -0.325549 0.000429412
       12493    -0.33094   -0.325549 0.000429378
       12494   -0.341698    -0.32555 0.000429346
       12495   -0.348785   -0.325552 0.000429315
       12496   -0.336891   -0.325553 0.000429282
       12497   -0.304777   -0.325551 0.000429251
       12498   -0.295273   -0.325549 0.000429223
       12499   -0.310895   -0.325548  0.00042919
       12500   -0.324705   -0.325548 0.000429156
       12501   -0.338681   -0.325549 0.000429123
       12502   -0.354606   -0.325551 0.000429095
       12503   -0.366274   -0.325554 0.000429073
       12504   -0.370764   -0.325558 0.000429054
       12505    -0.35907   -0.325561 0.000429028
       12506   -0.319936    -0.32556 0.000428994
       12507   -0.300877   -0.325558 0.000428964
       12508   -0.318238   -0.325558  0.00042893
       12509   -0.329551   -0.325558 0.000428896
       12510   -0.325591   -0.325558 0.000428862
       12511   -0.315694   -0.325557 0.000428828
       12512   -0.322257   -0.325557 0.000428794
       12513   -0.335627   -0.325558 0.000428761
       12514   -0.341387   -0.325559 0.000428728
       12515   -0.340263    -0.32556 0.000428696
       12516   -0.336155   -0.325561 0.000428662
       12517   -0.332248   -0.325562 0.000428628
       12518   -0.329214   -0.325562 0.000428594
       12519   -0.323495   -0.325562  0.00042856
       12520    -0.30817    -0.32556 0.000428528
       12521   -0.282537   -0.325557 0.000428507
       12522   -0.261766   -0.325552 0.000428504
       12523   -0.282576   -0.325548 0.000428483
       12524   -0.303425   -0.325547 0.000428452
       12525    -0.26117   -0.325541 0.000428449
       12526   -0.255256   -0.325536 0.000428452
       12527   -0.308197   -0.325534  0.00042842
       12528   -0.307585   -0.325533 0.000428388
       12529   -0.248925   -0.325527 0.000428397
       12530   -0.252128   -0.325521 0.000428403
       12531   -0.303603   -0.325519 0.000428373
       12532    -0.32174   -0.325519 0.000428338
       12533   -0.315476   -0.325518 0.000428305
       12534   -0.288793   -0.325515 0.000428281
       12535   -0.282148   -0.325512 0.000428261
       12536   -0.311776   -0.325511 0.000428228
       12537   -0.335912   -0.325512 0.000428195
       12538   -0.346192   -0.325513 0.000428164
       12539   -0.350597   -0.325515 0.000428134
       12540   -0.353137   -0.325517 0.000428106
       12541   -0.354286    -0.32552 0.000428078
       12542   -0.352891   -0.325522 0.000428049
       12543   -0.347054   -0.325524 0.000428018
       12544   -0.333434   -0.325524 0.000427985
       12545   -0.310941   -0.325523 0.000427952
       12546   -0.302513   -0.325521 0.000427922
       12547   -0.326252   -0.325521 0.000427888
       12548   -0.351482   -0.325523 0.000427859
       12549    -0.36279   -0.325526 0.000427835
       12550   -0.362214   -0.325529 0.000427811
       12551    -0.35667   -0.325532 0.000427784
       12552   -0.350457   -0.325534 0.000427755
       12553   -0.338128   -0.325535 0.000427722
       12554   -0.312266   -0.325534 0.000427689
       12555   -0.290415   -0.325531 0.000427664
       12556   -0.277671   -0.325527 0.000427647
       12557   -0.323938   -0.325527 0.000427613
       12558     -0.3436   -0.325528 0.000427581
       12559   -0.349711    -0.32553 0.000427552
       12560   -0.351766   -0.325532 0.000427523
       12561   -0.346084   -0.325534 0.000427492
       12562   -0.334673   -0.325535 0.000427458
       12563   -0.321404   -0.325534 0.000427424
       12564   -0.301507   -0.325532 0.000427395
       12565   -0.276022   -0.325529 0.000427379
       12566   -0.289525   -0.325526 0.000427354
       12567   -0.318754   -0.325525 0.000427321
       12568    -0.33263   -0.325526 0.000427287
       12569   -0.337233   -0.325527 0.000427254
       12570   -0.334769   -0.325527 0.000427221
       12571   -0.329579   -0.325528 0.000427187
       12572   -0.324326   -0.325528 0.000427153
       12573   -0.306961   -0.325526 0.000427122
       12574   -0.305469   -0.325525 0.000427091
       12575   -0.326899   -0.325525 0.000427057
       12576   -0.328615   -0.325525 0.000427023
       12577   -0.306197   -0.325523 0.000426992
       12578   -0.307236   -0.325522  0.00042696
       12579   -0.304543    -0.32552 0.000426929
       12580   -0.307351   -0.325519 0.000426898
       12581   -0.332153   -0.325519 0.000426864
       12582   -0.355129   -0.325522 0.000426837
       12583   -0.364989   -0.325525 0.000426814
       12584   -0.355881   -0.325527 0.000426787
       12585   -0.329947   -0.325528 0.000426754
       12586   -0.321835   -0.325527  0.00042672
       12587   -0.331152   -0.325528 0.000426686
       12588   -0.300549   -0.325526 0.000426657
       12589   -0.260786   -0.325521 0.000426654
       12590   -0.303727   -0.325519 0.000426624
       12591   -0.310278   -0.325518 0.000426591
       12592   -0.315891   -0.325517 0.000426558
       12593   -0.326912   -0.325517 0.000426524
       12594    -0.31871   -0.325516 0.000426491
       12595   -0.315901   -0.325516 0.000426458
       12596   -0.321725   -0.325515 0.000426424
       12597   -0.325258   -0.325515  0.00042639
       12598   -0.330109   -0.325516 0.000426356
       12599    -0.33476   -0.325516 0.000426323
       12600   -0.323768   -0.325516 0.000426289
       12601   -0.305517   -0.325515 0.000426258
       12602   -0.313178   -0.325514 0.000426226
       12603   -0.247621   -0.325508 0.000426237
       12604   -0.190634   -0.325497 0.000426337
       12605    -0.22905   -0.325489 0.000426372
       12606   -0.255052   -0.325484 0.000426375
       12607   -0.198929   -0.325474 0.000426459
       12608    -0.27655    -0.32547 0.000426443
       12609   -0.339008   -0.325471  0.00042641
       12610   -0.351421   -0.325473 0.000426382
       12611   -0.351151   -0.325475 0.000426353
       12612   -0.328262   -0.325475 0.000426319
       12613   -0.289126   -0.325472 0.000426295
       12614   -0.259935   -0.325467 0.000426293
       12615   -0.250852   -0.325461   0.0004263
       12616   -0.243455   -0.325455 0.000426316
       12617   -0.286464   -0.325452 0.000426293
       12618   -0.317926   -0.325451  0.00042626
       12619   -0.327468   -0.325451 0.000426226
       12620   -0.333449   -0.325452 0.000426193
       12621   -0.335939   -0.325453  0.00042616
       12622   -0.329368   -0.325453 0.000426126
       12623   -0.311184   -0.325452 0.000426094
       12624    -0.29533   -0.325449 0.000426067
       12625   -0.299206   -0.325447 0.000426038
       12626   -0.312335   -0.325446 0.000426006
       12627   -0.319311   -0.325446 0.000425972
       12628   -0.318663   -0.325445 0.000425939
       12629   -0.314364   -0.325444 0.000425906
       12630   -0.308714   -0.325443 0.000425874
       12631   -0.299974   -0.325441 0.000425845
       12632   -0.282696   -0.325438 0.000425825
       12633   -0.262779   -0.325433  0.00042582
       12634   -0.268186   -0.325428 0.000425811
       12635   -0.293197   -0.325426 0.000425785
       12636   -0.308981   -0.325424 0.000425753
       12637   -0.306983   -0.325423 0.000425722
       12638   -0.298648   -0.325421 0.000425693
       12639   -0.292928   -0.325418 0.000425667
       12640    -0.26046   -0.325413 0.000425665
       12641   -0.246356   -0.325407 0.000425677
       12642   -0.282873   -0.325403 0.000425657
       12643   -0.281745     -0.3254 0.000425637
       12644   -0.267525   -0.325395 0.000425628
       12645   -0.261836    -0.32539 0.000425624
       12646   -0.267046   -0.325386 0.000425615
       12647   -0.280871   -0.325382 0.000425596
       12648   -0.289662   -0.325379 0.000425572
       12649   -0.289524   -0.325377 0.000425548
       12650   -0.287112   -0.325373 0.000425525
       12651   -0.287384    -0.32537 0.000425502
       12652   -0.292778   -0.325368 0.000425476
       12653   -0.298851   -0.325366 0.000425447
       12654   -0.279188   -0.325362  0.00042543
       12655   -0.206374   -0.325353   0.0004255
       12656   -0.209729   -0.325344 0.000425564
       12657   -0.290487   -0.325341  0.00042554
       12658   -0.302383   -0.325339  0.00042551
       12659   -0.292598   -0.325336 0.000425484
       12660   -0.289363   -0.325334  0.00042546
       12661   -0.275774    -0.32533 0.000425444
       12662   -0.282703   -0.325326 0.000425424
       12663   -0.286317   -0.325323 0.000425402
       12664   -0.280288    -0.32532 0.000425383
       12665   -0.282936   -0.325316 0.000425362
       12666   -0.274405   -0.325312 0.000425348
       12667   -0.278686   -0.325309  0.00042533
       12668   -0.290537   -0.325306 0.000425305
       12669   -0.287495   -0.325303 0.000425282
       12670   -0.301401   -0.325301 0.000425253
       12671   -0.323844   -0.325301 0.000425219
       12672   -0.332255   -0.325301 0.000425186
       12673   -0.330181   -0.325302 0.000425153
       12674   -0.326862   -0.325302 0.000425119
       12675   -0.328137   -0.325302 0.000425086
       12676   -0.330178   -0.325303 0.000425052
       12677   -0.324617   -0.325303 0.000425019
       12678   -0.314437   -0.325302 0.000424986
       12679   -0.316575   -0.325301 0.000424953
       12680   -0.331879   -0.325302  0.00042492
       12681   -0.346576   -0.325303  0.00042489
       12682   -0.337311   -0.325304 0.000424857
       12683   -0.282064   -0.325301 0.000424838
       12684    -0.24925   -0.325295 0.000424846
       12685   -0.278222   -0.325291 0.000424829
       12686   -0.318698   -0.325291 0.000424796
       12687   -0.339635   -0.325292 0.000424764
       12688   -0.349822   -0.325294 0.000424735
       12689   -0.367743   -0.325297 0.000424715
       12690   -0.369857     -0.3253 0.000424696
       12691   -0.348795   -0.325302 0.000424666
       12692   -0.313916   -0.325301 0.000424634
       12693   -0.294574   -0.325299 0.000424607
       12694   -0.299554   -0.325297 0.000424579
       12695   -0.322956   -0.325297 0.000424545
       12696   -0.333166   -0.325297 0.000424512
       12697   -0.267531   -0.325293 0.000424503
       12698   -0.266819   -0.325288 0.000424495
       12699   -0.284267   -0.325285 0.000424474
       12700   -0.220165   -0.325277 0.000424521
       12701   -0.225795   -0.325269  0.00042456
       12702   -0.270394   -0.325265 0.000424548
       12703   -0.322094   -0.325264 0.000424515
       12704   -0.324158   -0.325264 0.000424481
       12705   -0.314412   -0.325263 0.000424449
       12706   -0.312536   -0.325262 0.000424417
       12707   -0.295625    -0.32526  0.00042439
       12708   -0.225386   -0.325252 0.000424429
       12709   -0.295573    -0.32525 0.000424402
       12710   -0.353077   -0.325252 0.000424374
       12711   -0.361752   -0.325255 0.000424351
       12712   -0.333313   -0.325256 0.000424318
       12713   -0.238866   -0.325249 0.000424339
       12714   -0.164069   -0.325236 0.000424495
       12715   -0.227705   -0.325228 0.000424531
       12716   -0.306872   -0.325227   0.0004245
       12717   -0.350276   -0.325229 0.000424471
       12718   -0.358063   -0.325231 0.000424445
       12719   -0.336652   -0.325232 0.000424413
       12720   -0.312051   -0.325231 0.000424381
       12721   -0.311725    -0.32523 0.000424349
       12722   -0.326832    -0.32523 0.000424316
       12723   -0.336596   -0.325231 0.000424283
       12724   -0.330367   -0.325232  0.00042425
       12725    -0.31964   -0.325231 0.000424217
       12726   -0.318309   -0.325231 0.000424184
       12727   -0.306881   -0.325229 0.000424153
       12728   -0.291771   -0.325227 0.000424128
       12729   -0.308053   -0.325225 0.000424097
       12730   -0.318107   -0.325225 0.000424064
       12731   -0.304965   -0.325223 0.000424033
       12732   -0.271025   -0.325219 0.000424021
       12733   -0.287733   -0.325216 0.000423998
       12734   -0.345327   -0.325218 0.000423968
       12735    -0.36106    -0.32522 0.000423944
       12736   -0.360988   -0.325223  0.00042392
       12737   -0.359542   -0.325226 0.000423895
       12738   -0.358385   -0.325228  0.00042387
       12739   -0.354031   -0.325231 0.000423843
       12740   -0.338414   -0.325232 0.000423811
       12741   -0.321319   -0.325231 0.000423778
       12742   -0.334769   -0.325232 0.000423745
       12743   -0.349536   -0.325234 0.000423716
       12744   -0.329355   -0.325234 0.000423683
       12745    -0.27565   -0.325231 0.000423668
       12746   -0.282675   -0.325227 0.000423647
       12747   -0.316098   -0.325226 0.000423615
       12748   -0.335477   -0.325227 0.000423582
       12749     -0.3473   -0.325229 0.000423553
       12750   -0.348737   -0.325231 0.000423524
       12751   -0.340835   -0.325232 0.000423492
       12752   -0.326765   -0.325232 0.000423459
       12753   -0.312666   -0.325231 0.000423427
       12754   -0.303387    -0.32523 0.000423397
       12755   -0.300914   -0.325228 0.000423368
       12756   -0.313296   -0.325227 0.000423336
       12757   -0.332579   -0.325227 0.000423303
       12758   -0.336631   -0.325228 0.000423271
       12759   -0.327196   -0.325228 0.000423238
       12760   -0.314683   -0.325227 0.000423205
       12761   -0.297715   -0.325225 0.000423178
       12762   -0.283148   -0.325222 0.000423157
       12763   -0.284797   -0.325219 0.000423136
       12764   -0.291043   -0.325216 0.000423112
       12765   -0.289006   -0.325213 0.000423088
       12766   -0.291318   -0.325211 0.000423063
       12767   -0.290117   -0.325208 0.000423039
       12768   -0.268748   -0.325204 0.000423029
       12769   -0.244485   -0.325197 0.000423043
       12770   -0.241106   -0.325191 0.000423061
       12771   -0.252403   -0.325185 0.000423066
       12772   -0.269807   -0.325181 0.000423055
       12773   -0.280823   -0.325177 0.000423037
       12774   -0.285558   -0.325174 0.000423015
       12775   -0.280652   -0.325171 0.000422996
       12776    -0.25918   -0.325165 0.000422994
       12777   -0.227789   -0.325158  0.00042303
       12778   -0.224367    -0.32515  0.00042307
       12779   -0.244929   -0.325144 0.000423084
       12780   -0.265908   -0.325139 0.000423076
       12781   -0.279544   -0.325135 0.000423058
       12782   -0.289235   -0.325133 0.000423034
       12783   -0.298452    -0.32513 0.000423006
       12784   -0.301829   -0.325129 0.000422977
       12785   -0.289746   -0.325126 0.000422953
       12786   -0.260506   -0.325121  0.00042295
       12787   -0.232042   -0.325114  0.00042298
       12788   -0.249175   -0.325108 0.000422988
       12789   -0.286954   -0.325105 0.000422966
       12790   -0.289376   -0.325102 0.000422942
       12791   -0.288091   -0.325099 0.000422919
       12792   -0.289438   -0.325096 0.000422895
       12793   -0.268054   -0.325092 0.000422885
       12794   -0.283276   -0.325088 0.000422865
       12795   -0.295314   -0.325086 0.000422838
       12796   -0.276733   -0.325082 0.000422822
       12797   -0.281044   -0.325079 0.000422803
       12798   -0.294227   -0.325076 0.000422777
       12799   -0.263443   -0.325072 0.000422771
       12800   -0.211572   -0.325063 0.000422831
       12801   -0.233606   -0.325056 0.000422859
       12802    -0.27384   -0.325052 0.000422845
       12803   -0.276583   -0.325048 0.000422829
       12804   -0.276762   -0.325044 0.000422812
       12805    -0.28289   -0.325041 0.000422792
       12806   -0.281121   -0.325037 0.000422773
       12807   -0.271752   -0.325033  0.00042276
       12808   -0.259612   -0.325028 0.000422758
       12809   -0.251012   -0.325022 0.000422765
       12810   -0.254831   -0.325017 0.000422767
       12811   -0.265445   -0.325012  0.00042276
       12812   -0.268796   -0.325008  0.00042275
       12813   -0.259524   -0.325003 0.000422748
       12814   -0.253007   -0.324997 0.000422752
       12815   -0.244849   -0.324991 0.000422765
       12816   -0.235039   -0.324984  0.00042279
       12817   -0.257087   -0.324978 0.000422791
       12818   -0.273607   -0.324974 0.000422777
       12819   -0.280683   -0.324971 0.000422758
       12820   -0.289565   -0.324968 0.000422734
       12821   -0.299511   -0.324966 0.000422706
       12822   -0.304347   -0.324965 0.000422676
       12823   -0.290074   -0.324962 0.000422651
       12824   -0.246473   -0.324956 0.000422663
       12825   -0.225897   -0.324948   0.0004227
       12826     -0.2634   -0.324943 0.000422695
       12827   -0.291966   -0.324941  0.00042267
       12828   -0.284136   -0.324938 0.000422649
       12829   -0.293024   -0.324935 0.000422623
       12830   -0.307863   -0.324934 0.000422592
       12831      -0.302   -0.324932 0.000422563
       12832   -0.281573   -0.324929 0.000422544
       12833   -0.264652   -0.324924 0.000422537
       12834   -0.293702   -0.324921 0.000422511
       12835   -0.311368    -0.32492 0.000422479
       12836   -0.290295   -0.324918 0.000422455
       12837   -0.286388   -0.324915 0.000422433
       12838   -0.299027   -0.324913 0.000422405
       12839   -0.307628   -0.324911 0.000422374
       12840   -0.295605   -0.324909 0.000422347
       12841   -0.264659   -0.324904  0.00042234
       12842   -0.268356     -0.3249  0.00042233
       12843   -0.277356   -0.324896 0.000422314
       12844   -0.257476   -0.324891 0.000422313
       12845   -0.238224   -0.324884 0.000422334
       12846   -0.226695   -0.324877 0.000422371
       12847   -0.245104    -0.32487 0.000422383
       12848   -0.281412   -0.324867 0.000422364
       12849   -0.291272   -0.324864 0.000422339
       12850   -0.276484   -0.324861 0.000422323
       12851    -0.26973   -0.324856 0.000422312
       12852   -0.276011   -0.324853 0.000422296
       12853   -0.263177   -0.324848 0.000422291
       12854   -0.248826   -0.324842 0.000422299
       12855   -0.249827   -0.324836 0.000422307
       12856   -0.256937   -0.324831 0.000422307
       12857   -0.268907   -0.324826 0.000422297
       12858   -0.264633   -0.324822  0.00042229
       12859   -0.254861   -0.324816 0.000422292
       12860   -0.269289   -0.324812 0.000422281
       12861   -0.289895   -0.324809 0.000422257
       12862   -0.289442   -0.324806 0.000422233
       12863   -0.287067   -0.324804 0.000422211
       12864   -0.267187   -0.324799 0.000422201
       12865   -0.245752   -0.324793 0.000422213
       12866   -0.260227   -0.324788  0.00042221
       12867    -0.26621   -0.324783 0.000422202
       12868   -0.267641   -0.324779 0.000422193
       12869   -0.276574   -0.324775 0.000422176
       12870   -0.289045   -0.324772 0.000422153
       12871   -0.293805    -0.32477 0.000422127
       12872    -0.30197   -0.324768 0.000422098
       12873   -0.309241   -0.324767 0.000422067
       12874    -0.28895   -0.324764 0.000422043
       12875   -0.211115   -0.324755 0.000422103
       12876   -0.220048   -0.324747 0.000422148
       12877   -0.272107   -0.324743 0.000422135
       12878   -0.302294   -0.324741 0.000422106
       12879   -0.320146   -0.324741 0.000422073
       12880   -0.310979    -0.32474 0.000422042
       12881   -0.262052   -0.324735 0.000422037
       12882   -0.249657   -0.324729 0.000422045
       12883   -0.219436   -0.324721 0.000422091
       12884   -0.215635   -0.324713 0.000422143
       12885   -0.262401   -0.324708 0.000422138
       12886   -0.292778   -0.324705 0.000422113
       12887   -0.295627   -0.324703 0.000422086
       12888   -0.289334     -0.3247 0.000422062
       12889   -0.294172   -0.324698 0.000422036
       12890   -0.297933   -0.324696 0.000422008
       12891   -0.293677   -0.324693 0.000421982
       12892   -0.301376   -0.324692 0.000421954
       12893   -0.317713   -0.324691 0.000421921
       12894   -0.324781   -0.324691 0.000421889
       12895   -0.316342    -0.32469 0.000421856
       12896   -0.305724   -0.324689 0.000421826
       12897   -0.314702   -0.324688 0.000421794
       12898   -0.326064   -0.324688 0.000421761
       12899   -0.310673   -0.324687  0.00042173
       12900   -0.276443   -0.324684 0.000421714
       12901   -0.306022   -0.324682 0.000421684
       12902   -0.350928   -0.324684 0.000421656
       12903   -0.347601   -0.324686 0.000421627
       12904   -0.313737   -0.324685 0.000421595
       12905   -0.271326   -0.324681 0.000421583
       12906    -0.28295   -0.324678 0.000421563
       12907   -0.318526   -0.324677  0.00042153
       12908    -0.33566   -0.324678 0.000421498
       12909   -0.340171   -0.324679 0.000421468
       12910   -0.338006    -0.32468 0.000421436
       12911     -0.3318   -0.324681 0.000421404
       12912   -0.320666   -0.324681 0.000421371
       12913   -0.303068   -0.324679 0.000421342
       12914   -0.289288   -0.324676 0.000421318
       12915   -0.291861   -0.324674 0.000421293
       12916   -0.295734   -0.324671 0.000421267
       12917   -0.283907   -0.324668 0.000421246
       12918     -0.2685   -0.324664 0.000421236
       12919   -0.289547   -0.324661 0.000421212
       12920   -0.316291    -0.32466  0.00042118
       12921   -0.330663   -0.324661 0.000421147
       12922    -0.34063   -0.324662 0.000421117
       12923   -0.341538   -0.324663 0.000421086
       12924   -0.321929   -0.324663 0.000421054
       12925   -0.296833   -0.324661 0.000421027
       12926   -0.304115    -0.32466 0.000420997
       12927   -0.306765   -0.324658 0.000420967
       12928   -0.303538   -0.324656 0.000420937
       12929    -0.34828   -0.324658 0.000420909
       12930   -0.367281   -0.324662 0.000420889
       12931   -0.322786   -0.324661 0.000420856
       12932   -0.277485   -0.324658  0.00042084
       12933   -0.299659   -0.324656 0.000420812
       12934   -0.333582   -0.324657  0.00042078
       12935    -0.34084   -0.324658 0.000420749
       12936   -0.340537   -0.324659 0.000420718
       12937   -0.315919   -0.324658 0.000420686
       12938   -0.270427   -0.324654 0.000420675
       12939   -0.315694   -0.324653 0.000420643
       12940   -0.333212   -0.324654 0.000420611
       12941   -0.314462   -0.324653 0.000420579
       12942   -0.324268   -0.324653 0.000420546
       12943   -0.346038   -0.324655 0.000420517
       12944   -0.346415   -0.324657 0.000420488
       12945   -0.312007   -0.324656 0.000420457
       12946   -0.242299   -0.324649 0.000420472
       12947   -0.286252   -0.324646  0.00042045
       12948    -0.31595   -0.324646 0.000420418
       12949   -0.309949   -0.324645 0.000420388
       12950   -0.300559   -0.324643 0.000420359
       12951   -0.293912    -0.32464 0.000420333
       12952   -0.290618   -0.324638 0.000420309
       12953   -0.291373   -0.324635 0.000420285
       12954   -0.290883   -0.324633  0.00042026
       12955   -0.278639   -0.324629 0.000420243
       12956    -0.27232   -0.324625  0.00042023
       12957   -0.281503   -0.324622  0.00042021
       12958   -0.277085   -0.324618 0.000420194
       12959   -0.278864   -0.324614 0.000420176
       12960   -0.290209   -0.324612 0.000420152
       12961   -0.293239   -0.324609 0.000420127
       12962   -0.290138   -0.324607 0.000420103
       12963   -0.282735   -0.324603 0.000420083
       12964   -0.270369   -0.324599 0.000420071
       12965   -0.256718   -0.324594 0.000420072
       12966   -0.242648   -0.324588 0.000420087
       12967   -0.229828    -0.32458 0.000420118
       12968    -0.24941   -0.324575 0.000420126
       12969    -0.27803   -0.324571 0.000420108
       12970   -0.286073   -0.324568 0.000420087
       12971   -0.288546   -0.324565 0.000420063
       12972   -0.289639   -0.324563  0.00042004
       12973   -0.279822   -0.324559 0.000420021
       12974   -0.269072   -0.324555 0.000420011
       12975   -0.279351   -0.324551 0.000419993
       12976   -0.277382   -0.324548 0.000419976
       12977   -0.258353   -0.324543 0.000419975
       12978   -0.227151   -0.324535  0.00042001
       12979    -0.26361    -0.32453 0.000420003
       12980   -0.280254   -0.324527 0.000419985
       12981   -0.227377    -0.32452 0.000420019
       12982   -0.222642   -0.324512  0.00042006
       12983   -0.287385   -0.324509 0.000420038
       12984   -0.316358   -0.324508 0.000420006
       12985    -0.31725   -0.324508 0.000419974
       12986   -0.311672   -0.324507 0.000419942
       12987   -0.306946   -0.324505 0.000419912
       12988   -0.303876   -0.324504 0.000419883
       12989   -0.302278   -0.324502 0.000419854
       12990    -0.30381     -0.3245 0.000419825
       12991   -0.304046   -0.324499 0.000419796
       12992   -0.293593   -0.324496  0.00041977
       12993   -0.283251   -0.324493  0.00041975
       12994   -0.267709   -0.324489  0.00041974
       12995   -0.274183   -0.324485 0.000419726
       12996   -0.285981   -0.324482 0.000419704
       12997   -0.275217   -0.324478 0.000419689
       12998     -0.2628   -0.324474 0.000419683
       12999   -0.258995   -0.324469 0.000419681
       13000   -0.279126   -0.324465 0.000419663
       13001   -0.299784   -0.324463 0.000419635
       13002   -0.303996   -0.324462 0.000419606
       13003   -0.302721    -0.32446 0.000419577
       13004   -0.304598   -0.324458 0.000419548
       13005   -0.310254   -0.324457 0.000419517
       13006   -0.316958   -0.324457 0.000419485
       13007   -0.322552   -0.324457 0.000419453
       13008   -0.323876   -0.324456  0.00041942
       13009   -0.309125   -0.324455  0.00041939
       13010   -0.252822    -0.32445 0.000419394
       13011   -0.195815    -0.32444 0.000419478
       13012    -0.23857   -0.324433 0.000419498
       13013    -0.30615   -0.324432 0.000419468
       13014   -0.334208   -0.324433 0.000419436
       13015   -0.339699   -0.324434 0.000419406
       13016   -0.333011   -0.324434 0.000419374
       13017   -0.321607   -0.324434 0.000419342
       13018     -0.3254   -0.324434  0.00041931
       13019   -0.337533   -0.324435 0.000419279
       13020   -0.336863   -0.324436 0.000419247
       13021   -0.323784   -0.324436 0.000419215
       13022   -0.314661   -0.324436 0.000419184
       13023   -0.316199   -0.324435 0.000419152
       13024   -0.311263   -0.324434 0.000419121
       13025   -0.299961   -0.324432 0.000419093
       13026   -0.295096    -0.32443 0.000419067
       13027   -0.300437   -0.324428 0.000419039
       13028   -0.293125   -0.324425 0.000419014
       13029   -0.301752   -0.324424 0.000418985
       13030   -0.325141   -0.324424 0.000418953
       13031   -0.315713   -0.324423 0.000418921
       13032   -0.277545    -0.32442 0.000418905
       13033   -0.261476   -0.324415   0.0004189
       13034   -0.282801   -0.324412  0.00041888
       13035   -0.300799    -0.32441 0.000418852
       13036   -0.299836   -0.324408 0.000418824
       13037   -0.277339   -0.324404 0.000418808
       13038   -0.246711   -0.324398 0.000418818
       13039    -0.25411   -0.324393  0.00041882
       13040   -0.283645    -0.32439   0.0004188
       13041   -0.296793   -0.324388 0.000418773
       13042   -0.296766   -0.324386 0.000418746
       13043   -0.291348   -0.324383 0.000418722
       13044   -0.284404    -0.32438 0.000418701
       13045   -0.279733   -0.324376 0.000418683
       13046   -0.277872   -0.324373 0.000418666
       13047   -0.272694   -0.324369 0.000418653
       13048   -0.264202   -0.324364 0.000418646
       13049   -0.260864   -0.324359 0.000418642
       13050   -0.266675   -0.324355 0.000418634
       13051   -0.278941   -0.324352 0.000418616
       13052   -0.287245   -0.324349 0.000418593
       13053    -0.28897   -0.324346  0.00041857
       13054   -0.289565   -0.324343 0.000418547
       13055    -0.29207   -0.324341 0.000418522
       13056   -0.295493   -0.324339 0.000418496
       13057   -0.298401   -0.324337 0.000418468
       13058   -0.303838   -0.324335 0.000418439
       13059   -0.315548   -0.324334 0.000418408
       13060   -0.328388   -0.324335 0.000418376
       13061   -0.336995   -0.324336 0.000418345
       13062   -0.340715   -0.324337 0.000418315
       13063    -0.34197   -0.324338 0.000418285
       13064   -0.343783    -0.32434 0.000418255
       13065   -0.344261   -0.324341 0.000418226
       13066   -0.332422   -0.324342 0.000418195
       13067   -0.292958    -0.32434  0.00041817
       13068   -0.282893   -0.324336  0.00041815
       13069   -0.341184   -0.324338  0.00041812
       13070   -0.385041   -0.324342 0.000418113
       13071   -0.401331   -0.324348 0.000418123
       13072   -0.399266   -0.324354  0.00041813
       13073   -0.371289   -0.324358 0.000418114
       13074   -0.320385   -0.324357 0.000418082
       13075   -0.285859   -0.324354  0.00041806
       13076   -0.275172   -0.324351 0.000418045
       13077   -0.316202    -0.32435 0.000418014
       13078    -0.36844   -0.324353 0.000417995
       13079   -0.389898   -0.324358 0.000417993
       13080   -0.382304   -0.324363 0.000417985
       13081   -0.358233   -0.324365 0.000417961
       13082   -0.351337   -0.324367 0.000417934
       13083   -0.358151    -0.32437  0.00041791
       13084   -0.348439   -0.324372 0.000417882
       13085   -0.337131   -0.324373 0.000417851
       13086   -0.349483   -0.324375 0.000417824
       13087   -0.365874   -0.324378 0.000417804
       13088   -0.358739    -0.32438  0.00041778
       13089   -0.330473   -0.324381 0.000417749
       13090   -0.311813    -0.32438 0.000417718
       13091   -0.310994   -0.324379 0.000417687
       13092   -0.304117   -0.324377 0.000417658
       13093    -0.31458   -0.324377 0.000417627
       13094   -0.340243   -0.324378 0.000417597
       13095   -0.359721   -0.324381 0.000417574
       13096   -0.366692   -0.324384 0.000417554
       13097   -0.331559   -0.324384 0.000417523
       13098   -0.253845   -0.324379 0.000417526
       13099   -0.296695   -0.324377 0.000417499
       13100   -0.350713   -0.324379 0.000417472
       13101   -0.373432   -0.324383 0.000417457
       13102   -0.372787   -0.324386 0.000417441
       13103   -0.358033   -0.324389 0.000417417
       13104   -0.352708   -0.324391 0.000417391
       13105   -0.352818   -0.324393 0.000417365
       13106   -0.332194   -0.324394 0.000417334
       13107   -0.286638   -0.324391 0.000417312
       13108   -0.269717   -0.324387 0.000417301
       13109   -0.327543   -0.324387 0.000417269
       13110   -0.378748   -0.324391 0.000417258
       13111   -0.390074   -0.324396 0.000417256
       13112   -0.381307     -0.3244 0.000417247
       13113   -0.363291   -0.324403 0.000417225
       13114   -0.334094   -0.324404 0.000417194
       13115   -0.332457   -0.324405 0.000417163
       13116    -0.34218   -0.324406 0.000417133
       13117     -0.3284   -0.324406 0.000417102
       13118   -0.303458   -0.324405 0.000417073
       13119   -0.310523   -0.324404 0.000417042
       13120   -0.314341   -0.324403 0.000417011
       13121   -0.274646   -0.324399 0.000416997
       13122   -0.228038   -0.324392  0.00041703
       13123   -0.308445   -0.324391    0.000417
       13124    -0.36291   -0.324394 0.000416978
       13125   -0.368306   -0.324397  0.00041696
       13126   -0.358518     -0.3244 0.000416936
       13127   -0.343305   -0.324401 0.000416907
       13128   -0.325475   -0.324401 0.000416875
       13129   -0.311098     -0.3244 0.000416845
       13130   -0.311685   -0.324399 0.000416814
       13131   -0.332447     -0.3244 0.000416783
       13132   -0.347136   -0.324401 0.000416755
       13133   -0.322877   -0.324401 0.000416723
       13134   -0.288959   -0.324399   0.0004167
       13135   -0.314565   -0.324398 0.000416669
       13136   -0.346561     -0.3244  0.00041664
       13137   -0.349971   -0.324402 0.000416613
       13138   -0.322684   -0.324401 0.000416582
       13139   -0.294486   -0.324399 0.000416556
       13140   -0.307985   -0.324398 0.000416526
       13141   -0.318245   -0.324397 0.000416495
       13142   -0.290367   -0.324395 0.000416471
       13143   -0.305401   -0.324393 0.000416442
       13144   -0.306702   -0.324392 0.000416413
       13145   -0.225862   -0.324385 0.000416448
       13146   -0.300544   -0.324383 0.000416421
       13147   -0.331256   -0.324383 0.000416389
       13148   -0.325271   -0.324383 0.000416358
       13149   -0.318142   -0.324383 0.000416326
       13150    -0.31304   -0.324382 0.000416295
       13151   -0.311856   -0.324381 0.000416265
       13152   -0.308884    -0.32438 0.000416235
       13153   -0.303049   -0.324378 0.000416206
       13154   -0.300015   -0.324376 0.000416179
       13155   -0.299117   -0.324374 0.000416152
       13156   -0.300872   -0.324373 0.000416124
       13157    -0.30231   -0.324371 0.000416096
       13158   -0.295838   -0.324369  0.00041607
       13159   -0.308215   -0.324368  0.00041604
       13160   -0.332751   -0.324368 0.000416009
       13161   -0.327137   -0.324368 0.000415977
       13162     -0.2952   -0.324366 0.000415951
       13163   -0.282523   -0.324363 0.000415932
       13164   -0.309338   -0.324362 0.000415902
       13165   -0.336565   -0.324363 0.000415871
       13166   -0.347975   -0.324365 0.000415844
       13167   -0.349055   -0.324366 0.000415816
       13168   -0.346572   -0.324368 0.000415788
       13169   -0.340455   -0.324369 0.000415758
       13170   -0.324889   -0.324369 0.000415727
       13171   -0.314815   -0.324369 0.000415696
       13172   -0.322988   -0.324369 0.000415664
       13173    -0.32326   -0.324369 0.000415633
       13174   -0.296798   -0.324366 0.000415607
       13175   -0.282017   -0.324363 0.000415587
       13176   -0.321528   -0.324363 0.000415556
       13177   -0.343699   -0.324364 0.000415527
       13178   -0.343706   -0.324366 0.000415498
       13179   -0.340168   -0.324367 0.000415468
       13180   -0.341748   -0.324368 0.000415439
       13181   -0.344567    -0.32437  0.00041541
       13182   -0.340485   -0.324371  0.00041538
       13183   -0.324638   -0.324371 0.000415349
       13184   -0.303299    -0.32437  0.00041532
       13185   -0.299585   -0.324368 0.000415293
       13186   -0.312849   -0.324367 0.000415263
       13187   -0.310216   -0.324366 0.000415233
       13188   -0.275424   -0.324362 0.000415218
       13189   -0.306364   -0.324361 0.000415188
       13190   -0.333346   -0.324361 0.000415158
       13191   -0.310264    -0.32436 0.000415127
       13192   -0.287836   -0.324358 0.000415105
       13193   -0.305617   -0.324356 0.000415076
       13194   -0.330181   -0.324357 0.000415045
       13195   -0.333825   -0.324357 0.000415014
       13196   -0.325888   -0.324357 0.000414983
       13197   -0.319428   -0.324357 0.000414951
       13198   -0.323477   -0.324357  0.00041492
       13199   -0.332171   -0.324358 0.000414889
       13200    -0.33571   -0.324358 0.000414858
       13201    -0.33435   -0.324359 0.000414828
       13202   -0.323459   -0.324359 0.000414796
       13203   -0.295136   -0.324357 0.000414771
       13204   -0.248118   -0.324351 0.000414779
       13205    -0.22441   -0.324344 0.000414817
       13206   -0.265634   -0.324339  0.00041481
       13207   -0.318673   -0.324339 0.000414778
       13208    -0.34381    -0.32434  0.00041475
       13209   -0.349816   -0.324342 0.000414723
       13210   -0.337145   -0.324343 0.000414692
       13211   -0.280813    -0.32434 0.000414674
       13212   -0.283927   -0.324337 0.000414654
       13213   -0.315086   -0.324336 0.000414623
       13214   -0.287825   -0.324333 0.000414601
       13215   -0.231381   -0.324326 0.000414629
       13216   -0.254808   -0.324321 0.000414631
       13217   -0.300387   -0.324319 0.000414604
       13218   -0.295156   -0.324317 0.000414578
       13219   -0.277209   -0.324313 0.000414562
       13220   -0.293841   -0.324311 0.000414537
       13221   -0.282565   -0.324308 0.000414518
       13222   -0.157436   -0.324295 0.000414679
       13223   -0.133479   -0.324281 0.000414898
       13224   -0.267793   -0.324277 0.000414889
       13225   -0.302022   -0.324275 0.000414861
       13226   -0.303951   -0.324273 0.000414833
       13227   -0.300762   -0.324272 0.000414805
       13228   -0.294145   -0.324269  0.00041478
       13229   -0.288691   -0.324267 0.000414757
       13230   -0.287303   -0.324264 0.000414735
       13231   -0.280475   -0.324261 0.000414717
       13232   -0.266243   -0.324256 0.000414709
       13233   -0.273069   -0.324252 0.000414696
       13234   -0.310652   -0.324251 0.000414666
       13235   -0.342669   -0.324253 0.000414637
       13236   -0.356959   -0.324255 0.000414613
       13237   -0.358522   -0.324258 0.000414589
       13238   -0.346183   -0.324259 0.000414561
       13239   -0.317389   -0.324259  0.00041453
       13240   -0.286847   -0.324256 0.000414509
       13241   -0.286211   -0.324253 0.000414487
       13242    -0.31028   -0.324252 0.000414457
       13243   -0.338135   -0.324253 0.000414428
       13244   -0.349795   -0.324255 0.000414401
       13245   -0.350848   -0.324257 0.000414374
       13246   -0.357635    -0.32426 0.000414351
       13247   -0.363372   -0.324263  0.00041433
       13248   -0.364122   -0.324266  0.00041431
       13249   -0.366981   -0.324269 0.000414291
       13250   -0.371652   -0.324272 0.000414275
       13251   -0.367891   -0.324276 0.000414257
       13252   -0.352643   -0.324278 0.000414231
       13253   -0.339654   -0.324279 0.000414201
       13254   -0.340267    -0.32428 0.000414172
       13255   -0.330147   -0.324281 0.000414141
       13256   -0.301147   -0.324279 0.000414113
       13257   -0.299484   -0.324277 0.000414086
       13258   -0.325023   -0.324277 0.000414055
       13259    -0.34799   -0.324279 0.000414028
       13260   -0.357112   -0.324281 0.000414004
       13261   -0.352891   -0.324283 0.000413978
       13262   -0.338368   -0.324285 0.000413949
       13263    -0.30348   -0.324283  0.00041392
       13264   -0.244807   -0.324277 0.000413932
       13265   -0.241664   -0.324271 0.000413948
       13266    -0.27352   -0.324267 0.000413935
       13267   -0.279062   -0.324263 0.000413917
       13268   -0.285359   -0.324261 0.000413897
       13269    -0.30068   -0.324259 0.000413869
       13270   -0.298226   -0.324257 0.000413843
       13271    -0.28237   -0.324254 0.000413824
       13272   -0.285143   -0.324251 0.000413803
       13273   -0.302661   -0.324249 0.000413775
       13274    -0.30549   -0.324248 0.000413746
       13275   -0.283827   -0.324245 0.000413726
       13276   -0.239912   -0.324238 0.000413744
       13277   -0.221479   -0.324231 0.000413785
       13278   -0.282634   -0.324227 0.000413766
       13279   -0.315484   -0.324227 0.000413735
       13280   -0.276543   -0.324223 0.000413719
       13281   -0.289083   -0.324221 0.000413697
       13282    -0.32322    -0.32422 0.000413666
       13283   -0.333773   -0.324221 0.000413635
       13284    -0.33818   -0.324222 0.000413605
       13285   -0.340512   -0.324223 0.000413576
       13286   -0.344791   -0.324225 0.000413548
       13287   -0.354699   -0.324227 0.000413523
       13288    -0.36279    -0.32423 0.000413502
       13289   -0.327743    -0.32423 0.000413471
       13290   -0.249013   -0.324225 0.000413479
       13291   -0.315823   -0.324224 0.000413448
       13292   -0.372065   -0.324228 0.000413433
       13293   -0.370899   -0.324231 0.000413416
       13294   -0.363149   -0.324234 0.000413396
       13295   -0.354913   -0.324236 0.000413371
       13296   -0.331688   -0.324237  0.00041334
       13297   -0.312216   -0.324236  0.00041331
       13298    -0.30963   -0.324235 0.000413281
       13299   -0.314975   -0.324234  0.00041325
       13300   -0.339882   -0.324236 0.000413221
       13301    -0.36313   -0.324238   0.0004132
       13302   -0.367636   -0.324242 0.000413182
       13303   -0.342893   -0.324243 0.000413153
       13304    -0.30065   -0.324241 0.000413126
       13305   -0.276509   -0.324238  0.00041311
       13306   -0.322218   -0.324238 0.000413079
       13307   -0.346162   -0.324239 0.000413052
       13308   -0.320113   -0.324239 0.000413021
       13309   -0.269971   -0.324235  0.00041301
       13310   -0.317955   -0.324234 0.000412979
       13311   -0.328881   -0.324235 0.000412948
       13312   -0.302839   -0.324233  0.00041292
       13313   -0.294132   -0.324231 0.000412895
       13314   -0.315793    -0.32423 0.000412865
       13315   -0.332045   -0.324231 0.000412834
       13316   -0.324317   -0.324231 0.000412803
       13317    -0.31332    -0.32423 0.000412773
       13318   -0.330111    -0.32423 0.000412742
       13319   -0.344514   -0.324232 0.000412714
       13320    -0.34188   -0.324233 0.000412685
       13321   -0.315786   -0.324233 0.000412655
       13322   -0.243698   -0.324227 0.000412668
       13323   -0.247494   -0.324221 0.000412677
       13324   -0.325791   -0.324221 0.000412646
       13325   -0.345101   -0.324223 0.000412618
       13326   -0.326789   -0.324223 0.000412587
       13327   -0.277731   -0.324219 0.000412571
       13328   -0.273503   -0.324215 0.000412558
       13329   -0.306039   -0.324214 0.000412529
       13330   -0.318576   -0.324214 0.000412498
       13331   -0.308519   -0.324212 0.000412469
       13332   -0.283694   -0.324209 0.000412449
       13333   -0.257807   -0.324204 0.000412449
       13334   -0.256416   -0.324199 0.000412449
       13335   -0.278202   -0.324196 0.000412432
       13336   -0.296903   -0.324194 0.000412407
       13337   -0.307788   -0.324193 0.000412377
       13338   -0.309978   -0.324192 0.000412348
       13339   -0.301218    -0.32419 0.000412321
       13340   -0.278742   -0.324186 0.000412304
       13341   -0.246912   -0.324181 0.000412314
       13342   -0.239766   -0.324174 0.000412331
       13343   -0.265691    -0.32417 0.000412324
       13344   -0.287223   -0.324167 0.000412302
       13345   -0.294904   -0.324165 0.000412277
       13346   -0.295485   -0.324163 0.000412252
       13347   -0.291711    -0.32416 0.000412228
       13348   -0.281514   -0.324157 0.000412209
       13349   -0.263899   -0.324153 0.000412203
       13350   -0.252498   -0.324147 0.000412207
       13351   -0.259133   -0.324142 0.000412205
       13352   -0.261041   -0.324138 0.000412201
       13353    -0.26129   -0.324133 0.000412197
       13354   -0.281591    -0.32413 0.000412179
       13355   -0.298784   -0.324128 0.000412152
       13356   -0.296109   -0.324126 0.000412127
       13357   -0.278302   -0.324122  0.00041211
       13358   -0.260147   -0.324118 0.000412107
       13359   -0.267235   -0.324113 0.000412098
       13360   -0.287966   -0.324111 0.000412076
       13361   -0.302025   -0.324109 0.000412049
       13362   -0.305681   -0.324108  0.00041202
       13363   -0.297187   -0.324106 0.000411994
       13364   -0.275117   -0.324102  0.00041198
       13365    -0.25636   -0.324097  0.00041198
       13366    -0.26388   -0.324092 0.000411974
       13367    -0.26794   -0.324088 0.000411965
       13368   -0.242058   -0.324082  0.00041198
       13369   -0.216929   -0.324074 0.000412027
       13370   -0.232922   -0.324067 0.000412052
       13371   -0.261978   -0.324063 0.000412048
       13372   -0.265608   -0.324058  0.00041204
       13373   -0.261082   -0.324053 0.000412036
       13374   -0.244676   -0.324048 0.000412048
       13375   -0.235608   -0.324041  0.00041207
       13376   -0.247901   -0.324035 0.000412079
       13377   -0.263199   -0.324031 0.000412073
       13378   -0.274057   -0.324027 0.000412059
       13379    -0.27988   -0.324024 0.000412042
       13380   -0.282015   -0.324021 0.000412023
       13381     -0.2823   -0.324017 0.000412004
       13382   -0.282719   -0.324014 0.000411985
       13383   -0.281552   -0.324011 0.000411966
       13384   -0.270454   -0.324007 0.000411955
       13385   -0.248958   -0.324002 0.000411962
       13386   -0.225245   -0.323994 0.000411997
       13387   -0.221632   -0.323987 0.000412038
       13388   -0.271302   -0.323983 0.000412026
       13389   -0.308676   -0.323981 0.000411996
       13390   -0.317358   -0.323981 0.000411966
       13391   -0.317191    -0.32398 0.000411935
       13392   -0.311412   -0.323979 0.000411906
       13393   -0.284724   -0.323977 0.000411885
       13394   -0.238961    -0.32397 0.000411904
       13395   -0.235305   -0.323964 0.000411926
       13396   -0.262632   -0.323959 0.000411921
       13397   -0.286272   -0.323956   0.0004119
       13398    -0.29322   -0.323954 0.000411875
       13399   -0.288363   -0.323951 0.000411853
       13400   -0.286231   -0.323948 0.000411832
       13401   -0.292752   -0.323946 0.000411808
       13402   -0.289567   -0.323944 0.000411785
       13403   -0.284587   -0.323941 0.000411765
       13404   -0.289548   -0.323938 0.000411742
       13405   -0.279974   -0.323935 0.000411724
       13406    -0.29657   -0.323933 0.000411699
       13407   -0.321635   -0.323933 0.000411668
       13408   -0.341936   -0.323934  0.00041164
       13409   -0.356989   -0.323936 0.000411616
       13410   -0.353066   -0.323939 0.000411591
       13411    -0.32715   -0.323939 0.000411561
       13412   -0.307952   -0.323938 0.000411532
       13413    -0.31324   -0.323937 0.000411502
       13414   -0.318095   -0.323936 0.000411471
       13415   -0.319669   -0.323936 0.000411441
       13416   -0.325969   -0.323936  0.00041141
       13417   -0.357641   -0.323939 0.000411387
       13418   -0.391714   -0.323944 0.000411387
       13419   -0.395567   -0.323949 0.000411391
       13420    -0.36889   -0.323952 0.000411374
       13421   -0.332555   -0.323953 0.000411344
       13422     -0.3302   -0.323954 0.000411314
       13423   -0.362949   -0.323956 0.000411294
       13424   -0.390837   -0.323961 0.000411293
       13425   -0.400005   -0.323967 0.000411301
       13426   -0.382539   -0.323971 0.000411294
       13427   -0.373105   -0.323975  0.00041128
       13428   -0.384771    -0.32398 0.000411274
       13429   -0.334195    -0.32398 0.000411244
       13430   -0.320148    -0.32398 0.000411213
       13431   -0.371766   -0.323984 0.000411198
       13432   -0.377354   -0.323988 0.000411187
       13433   -0.374512   -0.323991 0.000411173
       13434   -0.386578   -0.323996 0.000411169
       13435   -0.393921   -0.324001 0.000411171
       13436   -0.393582   -0.324006 0.000411173
       13437   -0.386473   -0.324011 0.000411169
       13438   -0.375569   -0.324015 0.000411156
       13439   -0.367054   -0.324018 0.000411138
       13440   -0.367157   -0.324021  0.00041112
       13441   -0.374271   -0.324025 0.000411107
       13442   -0.374966   -0.324029 0.000411094
       13443   -0.365869   -0.324032 0.000411075
       13444   -0.354015   -0.324034  0.00041105
       13445   -0.349141   -0.324036 0.000411024
       13446   -0.351881   -0.324038 0.000410999
       13447   -0.354166    -0.32404 0.000410974
       13448   -0.350992   -0.324042 0.000410948
       13449   -0.342643   -0.324044  0.00041092
       13450   -0.333556   -0.324044  0.00041089
       13451   -0.327127   -0.324045  0.00041086
       13452   -0.327012   -0.324045 0.000410829
       13453   -0.329647   -0.324045 0.000410799
       13454   -0.288852   -0.324043 0.000410777
       13455   -0.237535   -0.324036 0.000410797
       13456   -0.264725   -0.324032  0.00041079
       13457   -0.321717   -0.324032 0.000410759
       13458   -0.320957   -0.324032 0.000410729
       13459   -0.317227   -0.324031 0.000410699
       13460   -0.323818   -0.324031 0.000410668
       13461    -0.33045   -0.324031 0.000410638
       13462   -0.320878   -0.324031 0.000410607
       13463   -0.305641    -0.32403 0.000410579
       13464    -0.30996   -0.324029  0.00041055
       13465   -0.302267   -0.324027 0.000410523
       13466   -0.278886   -0.324024 0.000410506
       13467   -0.267131    -0.32402 0.000410497
       13468   -0.287366   -0.324017 0.000410476
       13469   -0.315455   -0.324016 0.000410446
       13470   -0.334622   -0.324017 0.000410416
       13471   -0.341395   -0.324018 0.000410387
       13472   -0.324103   -0.324018 0.000410357
       13473   -0.272869   -0.324015 0.000410344
       13474   -0.215022   -0.324006 0.000410393
       13475   -0.220583   -0.323999 0.000410435
       13476   -0.293588   -0.323997  0.00041041
       13477   -0.343455   -0.323998 0.000410383
       13478   -0.357045      -0.324 0.000410359
       13479   -0.347964   -0.324002 0.000410333
       13480   -0.322838   -0.324002 0.000410302
       13481   -0.305906   -0.324001 0.000410274
       13482   -0.310485      -0.324 0.000410245
       13483   -0.316788   -0.323999 0.000410215
       13484   -0.316505   -0.323999 0.000410185
       13485   -0.318964   -0.323998 0.000410155
       13486   -0.330588   -0.323999 0.000410124
       13487   -0.340363      -0.324 0.000410096
       13488   -0.340483   -0.324001 0.000410067
       13489     -0.3304   -0.324002 0.000410037
       13490   -0.314029   -0.324001 0.000410007
       13491   -0.302017   -0.323999  0.00040998
       13492   -0.299034   -0.323997 0.000409954
       13493   -0.299169   -0.323996 0.000409928
       13494   -0.290634   -0.323993 0.000409905
       13495   -0.258733   -0.323988 0.000409903
       13496   -0.278754   -0.323985 0.000409886
       13497    -0.31598   -0.323984 0.000409856
       13498   -0.324622   -0.323984 0.000409826
       13499   -0.320695   -0.323984 0.000409796
       13500   -0.288581   -0.323982 0.000409774
       13501   -0.219849   -0.323974 0.000409816
       13502   -0.205968   -0.323965 0.000409879
       13503   -0.266246   -0.323961 0.000409871
       13504   -0.297105   -0.323959 0.000409845
       13505   -0.284048   -0.323956 0.000409826
       13506   -0.266995   -0.323952 0.000409817
       13507   -0.274249   -0.323948 0.000409803
       13508   -0.300794   -0.323946 0.000409776
       13509    -0.31301   -0.323945 0.000409747
       13510   -0.321544   -0.323945 0.000409717
       13511   -0.321872   -0.323945 0.000409686
       13512   -0.295737   -0.323943 0.000409661
       13513    -0.29615   -0.323941 0.000409636
       13514   -0.323961   -0.323941 0.000409606
       13515   -0.323851   -0.323941 0.000409575
       13516   -0.301921   -0.323939 0.000409548
       13517   -0.314747   -0.323939 0.000409519
       13518   -0.366013   -0.323942   0.0004095
       13519   -0.380244   -0.323946 0.000409491
       13520   -0.349873   -0.323948 0.000409465
       13521   -0.285577   -0.323945 0.000409445
       13522   -0.313863   -0.323944 0.000409415
       13523   -0.343009   -0.323946 0.000409387
       13524   -0.348867   -0.323948 0.000409361
       13525   -0.352565    -0.32395 0.000409336
       13526   -0.354669   -0.323952 0.000409312
       13527   -0.351726   -0.323954 0.000409287
       13528   -0.342986   -0.323955  0.00040926
       13529   -0.333127   -0.323956  0.00040923
       13530    -0.32193   -0.323956   0.0004092
       13531   -0.309676   -0.323955 0.000409171
       13532   -0.308004   -0.323954 0.000409142
       13533   -0.321799   -0.323954 0.000409112
       13534    -0.33934   -0.323955 0.000409083
       13535   -0.351496   -0.323957 0.000409058
       13536   -0.355859   -0.323959 0.000409035
       13537   -0.348849   -0.323961 0.000409009
       13538   -0.326911   -0.323961 0.000408979
       13539   -0.304671    -0.32396 0.000408951
       13540   -0.312366   -0.323959 0.000408922
       13541   -0.340757    -0.32396 0.000408893
       13542   -0.363679   -0.323963 0.000408874
       13543   -0.370472   -0.323966 0.000408858
       13544   -0.362174   -0.323969 0.000408837
       13545   -0.355591   -0.323972 0.000408814
       13546   -0.361983   -0.323974 0.000408793
       13547   -0.374623   -0.323978  0.00040878
       13548   -0.379478   -0.323982 0.000408771
       13549   -0.367138   -0.323985 0.000408753
       13550   -0.335714   -0.323986 0.000408723
       13551   -0.280014   -0.323983 0.000408706
       13552   -0.285314    -0.32398 0.000408686
       13553   -0.337976   -0.323981 0.000408657
       13554   -0.344435   -0.323983  0.00040863
       13555   -0.328773   -0.323983   0.0004086
       13556   -0.288227    -0.32398 0.000408578
       13557   -0.294779   -0.323978 0.000408554
       13558   -0.328296   -0.323979 0.000408524
       13559   -0.336929    -0.32398 0.000408495
       13560   -0.330439    -0.32398 0.000408465
       13561    -0.33295   -0.323981 0.000408435
       13562   -0.334018   -0.323981 0.000408406
       13563    -0.34032   -0.323983 0.000408377
       13564   -0.335857   -0.323984 0.000408348
       13565   -0.316491   -0.323983 0.000408319
       13566   -0.295587   -0.323981 0.000408294
       13567   -0.295824   -0.323979 0.000408269
       13568   -0.306347   -0.323978 0.000408241
       13569   -0.289315   -0.323975 0.000408219
       13570   -0.269179   -0.323971 0.000408209
       13571   -0.291621   -0.323969 0.000408186
       13572   -0.304695   -0.323967 0.000408158
       13573    -0.31621   -0.323967 0.000408128
       13574   -0.316717   -0.323966 0.000408099
       13575   -0.309333   -0.323965  0.00040807
       13576   -0.316738   -0.323964  0.00040804
       13577   -0.333177   -0.323965 0.000408011
       13578   -0.334151   -0.323966 0.000407981
       13579   -0.320238   -0.323966 0.000407952
       13580   -0.304584   -0.323964 0.000407924
       13581   -0.297388   -0.323962 0.000407899
       13582   -0.291754    -0.32396 0.000407876
       13583   -0.292547   -0.323957 0.000407852
       13584   -0.305066   -0.323956 0.000407824
       13585   -0.283303   -0.323953 0.000407805
       13586   -0.258759   -0.323948 0.000407804
       13587   -0.278878   -0.323945 0.000407787
       13588   -0.302425   -0.323943  0.00040776
       13589   -0.319657   -0.323943  0.00040773
       13590   -0.328624   -0.323943   0.0004077
       13591    -0.33334   -0.323944 0.000407671
       13592    -0.33567   -0.323945 0.000407642
       13593   -0.331317   -0.323946 0.000407612
       13594   -0.294464   -0.323943 0.000407588
       13595   -0.202309   -0.323934 0.000407656
       13596   -0.238907   -0.323928 0.000407674
       13597    -0.31802   -0.323928 0.000407644
       13598    -0.30603   -0.323926 0.000407617
       13599   -0.247027   -0.323921 0.000407626
       13600    -0.26391   -0.323916  0.00040762
       13601   -0.296806   -0.323914 0.000407595
       13602     -0.2947   -0.323912  0.00040757
       13603   -0.291764    -0.32391 0.000407547
       13604   -0.299037   -0.323908 0.000407521
       13605   -0.308102   -0.323907 0.000407493
       13606   -0.311715   -0.323906 0.000407464
       13607   -0.310704   -0.323905 0.000407435
       13608   -0.308695   -0.323904 0.000407407
       13609   -0.308798   -0.323903 0.000407379
       13610   -0.309703   -0.323902  0.00040735
       13611     -0.3055     -0.3239 0.000407322
       13612    -0.28838   -0.323898 0.000407301
       13613   -0.261708   -0.323893 0.000407296
       13614   -0.255295   -0.323888 0.000407298
       13615   -0.271135   -0.323884 0.000407286
       13616   -0.282868   -0.323881 0.000407267
       13617    -0.30261    -0.32388  0.00040724
       13618   -0.321871    -0.32388 0.000407211
       13619   -0.310408   -0.323879 0.000407182
       13620   -0.292048   -0.323876 0.000407159
       13621   -0.304196   -0.323875 0.000407131
       13622   -0.328476   -0.323875 0.000407102
       13623   -0.353216   -0.323877 0.000407077
       13624   -0.368265   -0.323881 0.000407061
       13625   -0.366751   -0.323884 0.000407043
       13626   -0.350879   -0.323886 0.000407018
       13627   -0.325563   -0.323886 0.000406988
       13628   -0.286085   -0.323883 0.000406968
       13629   -0.293395   -0.323881 0.000406944
       13630   -0.334841   -0.323882 0.000406915
       13631    -0.31237   -0.323881 0.000406886
       13632   -0.278439   -0.323877  0.00040687
       13633   -0.341947   -0.323879 0.000406842
       13634    -0.38759   -0.323883 0.000406839
       13635     -0.4057   -0.323889 0.000406853
       13636   -0.412018   -0.323896 0.000406875
       13637   -0.412982   -0.323902 0.000406897
       13638   -0.409783   -0.323909 0.000406916
       13639   -0.387348   -0.323913 0.000406913
       13640   -0.364028   -0.323916 0.000406894
       13641   -0.389092   -0.323921 0.000406892
       13642   -0.409833   -0.323927 0.000406911
       13643   -0.407088   -0.323933 0.000406927
       13644   -0.388648   -0.323938 0.000406925
       13645   -0.364702   -0.323941 0.000406906
       13646    -0.35265   -0.323943 0.000406881
       13647    -0.38337   -0.323948 0.000406875
       13648   -0.410028   -0.323954 0.000406894
       13649   -0.380147   -0.323958 0.000406885
       13650   -0.351237    -0.32396  0.00040686
       13651   -0.373611   -0.323964 0.000406847
       13652   -0.378344   -0.323968 0.000406836
       13653   -0.364288   -0.323971 0.000406817
       13654   -0.359426   -0.323973 0.000406796
       13655   -0.355454   -0.323976 0.000406772
       13656   -0.350662   -0.323977 0.000406747
       13657   -0.355399    -0.32398 0.000406724
       13658   -0.367734   -0.323983 0.000406707
       13659   -0.376463   -0.323987 0.000406695
       13660   -0.377969   -0.323991 0.000406685
       13661   -0.375943   -0.323995 0.000406673
       13662    -0.36866   -0.323998 0.000406656
       13663   -0.358523      -0.324 0.000406634
       13664   -0.356908   -0.324003 0.000406611
       13665   -0.352568   -0.324005 0.000406587
       13666   -0.317601   -0.324004 0.000406558
       13667   -0.259933      -0.324 0.000406555
       13668   -0.283991   -0.323997 0.000406536
       13669   -0.318263   -0.323996 0.000406506
       13670    -0.33684   -0.323997 0.000406478
       13671    -0.35065   -0.323999 0.000406452
       13672   -0.352615   -0.324001 0.000406428
       13673   -0.343098   -0.324003 0.000406401
       13674   -0.330776   -0.324003 0.000406371
       13675   -0.329556   -0.324004 0.000406342
       13676   -0.335373   -0.324004 0.000406313
       13677   -0.329353   -0.324005 0.000406283
       13678   -0.304532   -0.324003 0.000406256
       13679   -0.291288   -0.324001 0.000406234
       13680   -0.304884      -0.324 0.000406206
       13681   -0.291237   -0.323997 0.000406184
       13682   -0.260913   -0.323993  0.00040618
       13683   -0.282799    -0.32399 0.000406162
       13684   -0.326688    -0.32399 0.000406132
       13685   -0.337071   -0.323991 0.000406103
       13686   -0.313408    -0.32399 0.000406075
       13687   -0.303263   -0.323989 0.000406048
       13688   -0.324321   -0.323989 0.000406018
       13689   -0.328351   -0.323989 0.000405988
       13690    -0.31586   -0.323988 0.000405959
       13691   -0.298145   -0.323986 0.000405934
       13692   -0.252399   -0.323981 0.000405938
       13693   -0.201886   -0.323972 0.000406006
       13694    -0.28712    -0.32397 0.000405986
       13695   -0.344891   -0.323971 0.000405959
       13696   -0.350325   -0.323973 0.000405934
       13697   -0.348131   -0.323975 0.000405908
       13698   -0.342971   -0.323976 0.000405881
       13699   -0.330179   -0.323977 0.000405851
       13700   -0.310547   -0.323976 0.000405823
       13701   -0.282087   -0.323973 0.000405805
       13702    -0.26276   -0.323968   0.0004058
       13703     -0.2844   -0.323965  0.00040578
       13704   -0.343868   -0.323967 0.000405753
       13705   -0.362302   -0.323969 0.000405733
       13706   -0.346077   -0.323971 0.000405707
       13707   -0.314346    -0.32397 0.000405678
       13708   -0.290814   -0.323968 0.000405656
       13709   -0.304023   -0.323966 0.000405629
       13710   -0.341445   -0.323968 0.000405601
       13711   -0.364191   -0.323971 0.000405582
       13712   -0.364599   -0.323974 0.000405563
       13713   -0.362635   -0.323976 0.000405544
       13714   -0.372469    -0.32398 0.000405529
       13715   -0.383939   -0.323984 0.000405523
       13716   -0.388234   -0.323989 0.000405521
       13717   -0.384232   -0.323993 0.000405515
       13718   -0.372407   -0.323997 0.000405501
       13719   -0.365077      -0.324 0.000405482
       13720    -0.36897   -0.324003 0.000405466
       13721   -0.367754   -0.324006 0.000405449
       13722   -0.367319    -0.32401 0.000405432
       13723   -0.373405   -0.324013 0.000405418
       13724   -0.355324   -0.324015 0.000405395
       13725    -0.29318   -0.324013 0.000405372
       13726   -0.320783   -0.324013 0.000405342
       13727   -0.366308   -0.324016 0.000405324
       13728   -0.360639   -0.324019 0.000405304
       13729   -0.372551   -0.324022  0.00040529
       13730   -0.386819   -0.324027 0.000405286
       13731   -0.371883    -0.32403 0.000405271
       13732   -0.338165   -0.324031 0.000405243
       13733   -0.320751   -0.324031 0.000405214
       13734   -0.329408   -0.324032 0.000405184
       13735   -0.346881   -0.324033 0.000405158
       13736   -0.355494   -0.324035 0.000405135
       13737   -0.342417   -0.324037 0.000405108
       13738   -0.341508   -0.324038 0.000405081
       13739   -0.357101   -0.324041 0.000405058
       13740   -0.353938   -0.324043 0.000405035
       13741   -0.336207   -0.324044 0.000405006
       13742   -0.316971   -0.324043 0.000404977
       13743   -0.304979   -0.324042  0.00040495
       13744   -0.300421    -0.32404 0.000404924
       13745   -0.327013    -0.32404 0.000404895
       13746   -0.352883   -0.324042 0.000404871
       13747    -0.35761   -0.324045 0.000404849
       13748   -0.347032   -0.324046 0.000404823
       13749   -0.328748   -0.324047 0.000404793
       13750   -0.323828   -0.324047 0.000404764
       13751   -0.343281   -0.324048 0.000404737
       13752   -0.362085   -0.324051 0.000404717
       13753   -0.364604   -0.324054 0.000404698
       13754   -0.349829   -0.324056 0.000404673
       13755   -0.326209   -0.324056 0.000404644
       13756   -0.296628   -0.324054 0.000404619
       13757     -0.2463   -0.324048 0.000404629
       13758   -0.226086   -0.324041 0.000404662
       13759   -0.270453   -0.324037 0.000404652
       13760   -0.308887   -0.324036 0.000404624
       13761    -0.32442   -0.324036 0.000404594
       13762   -0.326452   -0.324036 0.000404565
       13763   -0.321931   -0.324036 0.000404536
       13764   -0.315592   -0.324036 0.000404507
       13765   -0.309945   -0.324035 0.000404479
       13766   -0.304684   -0.324033 0.000404452
       13767   -0.294203   -0.324031 0.000404428
       13768   -0.267503   -0.324027  0.00040442
       13769   -0.236758    -0.32402  0.00040444
       13770   -0.250758   -0.324015 0.000404446
       13771   -0.286213   -0.324012 0.000404426
       13772   -0.298904   -0.324011   0.0004044
       13773    -0.29991   -0.324009 0.000404375
       13774   -0.306502   -0.324008 0.000404347
       13775   -0.317126   -0.324007 0.000404318
       13776   -0.321164   -0.324007 0.000404289
       13777   -0.306612   -0.324006 0.000404262
       13778   -0.244007      -0.324 0.000404274
       13779   -0.221031   -0.323992 0.000404314
       13780   -0.242011   -0.323986 0.000404328
       13781   -0.255527   -0.323981 0.000404329
       13782   -0.312846   -0.323981 0.000404301
       13783    -0.33697   -0.323982 0.000404273
       13784   -0.336029   -0.323982 0.000404244
       13785   -0.330822   -0.323983 0.000404215
       13786   -0.311233   -0.323982 0.000404187
       13787   -0.264377   -0.323978 0.000404181
       13788   -0.262535   -0.323973 0.000404176
       13789   -0.305236   -0.323972 0.000404149
       13790    -0.30726   -0.323971 0.000404121
       13791   -0.309705    -0.32397 0.000404093
       13792   -0.324412    -0.32397 0.000404064
       13793   -0.331585    -0.32397 0.000404035
       13794   -0.333732   -0.323971 0.000404007
       13795   -0.334991   -0.323972 0.000403978
       13796   -0.337237   -0.323973  0.00040395
       13797   -0.337946   -0.323974 0.000403922
       13798   -0.332095   -0.323974 0.000403893
       13799   -0.325144   -0.323974 0.000403864
       13800    -0.33213   -0.323975 0.000403835
       13801   -0.357803   -0.323977 0.000403813
       13802   -0.381139   -0.323982 0.000403805
       13803   -0.383523   -0.323986 0.000403799
       13804   -0.358774   -0.323988 0.000403777
       13805   -0.327485   -0.323989 0.000403748
       13806   -0.319159   -0.323988 0.000403719
       13807   -0.320989   -0.323988  0.00040369
       13808    -0.33027   -0.323989 0.000403661
       13809   -0.343519    -0.32399 0.000403634
       13810   -0.355404   -0.323992 0.000403611
       13811   -0.350384   -0.323994 0.000403587
       13812   -0.329954   -0.323995 0.000403558
       13813   -0.340521   -0.323996  0.00040353
       13814   -0.370189   -0.323999 0.000403515
       13815   -0.379606   -0.324003 0.000403506
       13816   -0.372359   -0.324007 0.000403492
       13817   -0.349487   -0.324008 0.000403467
       13818   -0.304192   -0.324007  0.00040344
       13819   -0.270502   -0.324003  0.00040343
       13820   -0.279653      -0.324 0.000403413
       13821   -0.307828   -0.323999 0.000403386
       13822   -0.326896   -0.323999 0.000403357
       13823   -0.327385   -0.323999 0.000403327
       13824   -0.317876   -0.323999 0.000403298
       13825    -0.31089   -0.323998  0.00040327
       13826   -0.311483   -0.323997 0.000403242
       13827   -0.311839   -0.323996 0.000403214
       13828   -0.302782   -0.323995 0.000403188
       13829   -0.299072   -0.323993 0.000403163
       13830   -0.312966   -0.323992 0.000403134
       13831   -0.327696   -0.323992 0.000403105
       13832   -0.331764   -0.323993 0.000403077
       13833    -0.32097   -0.323993 0.000403047
       13834   -0.292146    -0.32399 0.000403025
       13835   -0.268194   -0.323986 0.000403016
       13836   -0.297982   -0.323984 0.000402991
       13837   -0.335057   -0.323985 0.000402963
       13838   -0.343415   -0.323987 0.000402936
       13839    -0.32534   -0.323987 0.000402907
       13840   -0.317345   -0.323986 0.000402878
       13841   -0.325815   -0.323986 0.000402849
       13842   -0.330273   -0.323987  0.00040282
       13843   -0.331041   -0.323987 0.000402792
       13844   -0.324016   -0.323987 0.000402762
       13845   -0.291198   -0.323985  0.00040274
       13846   -0.268204   -0.323981 0.000402731
       13847     -0.3204   -0.323981 0.000402702
       13848   -0.344599   -0.323982 0.000402676
       13849   -0.347537   -0.323984 0.000402651
       13850   -0.348478   -0.323986 0.000402625
       13851   -0.349979   -0.323987 0.000402601
       13852   -0.349712   -0.323989 0.000402576
       13853   -0.345398   -0.323991  0.00040255
       13854   -0.336487   -0.323992 0.000402522
       13855   -0.325916   -0.323992 0.000402493
       13856   -0.324385   -0.323992 0.000402464
       13857   -0.334205   -0.323993 0.000402435
       13858   -0.336265   -0.323993 0.000402407
       13859   -0.324591   -0.323994 0.000402378
       13860   -0.324707   -0.323994 0.000402349
       13861   -0.331298   -0.323994 0.000402321
       13862   -0.330205   -0.323995 0.000402292
       13863   -0.336988   -0.323996 0.000402264
       13864   -0.348006   -0.323997 0.000402239
       13865    -0.35604      -0.324 0.000402216
       13866   -0.362453   -0.324002 0.000402197
       13867   -0.361858   -0.324005 0.000402177
       13868   -0.344908   -0.324007 0.000402151
       13869   -0.316946   -0.324006 0.000402122
       13870   -0.310336   -0.324005 0.000402094
       13871   -0.334302   -0.324006 0.000402066
       13872   -0.353544   -0.324008 0.000402043
       13873   -0.359665   -0.324011 0.000402022
       13874    -0.36013   -0.324013 0.000402001
       13875   -0.354734   -0.324015 0.000401979
       13876   -0.342433   -0.324017 0.000401952
       13877   -0.327532   -0.324017 0.000401923
       13878   -0.302412   -0.324015 0.000401897
       13879   -0.281459   -0.324012  0.00040188
       13880   -0.314769   -0.324012 0.000401851
       13881   -0.330688   -0.324012 0.000401823
       13882   -0.322068   -0.324012 0.000401794
       13883    -0.30626   -0.324011 0.000401767
       13884   -0.292645   -0.324008 0.000401744
       13885    -0.28559   -0.324006 0.000401725
       13886   -0.280956   -0.324003 0.000401708
       13887    -0.27026   -0.323999 0.000401697
       13888   -0.242546   -0.323993 0.000401711
       13889   -0.215328   -0.323985 0.000401759
       13890   -0.232201   -0.323978 0.000401784
       13891    -0.25212   -0.323973 0.000401788
       13892   -0.256536   -0.323968 0.000401789
       13893     -0.2565   -0.323963 0.000401789
       13894   -0.257032   -0.323959 0.000401789
       13895   -0.254185   -0.323954 0.000401792
       13896   -0.252534   -0.323949 0.000401796
       13897   -0.263616   -0.323944  0.00040179
       13898   -0.276014   -0.323941 0.000401776
       13899   -0.278853   -0.323937  0.00040176
       13900   -0.272664   -0.323934 0.000401748
       13901   -0.262135   -0.323929 0.000401744
       13902   -0.257965   -0.323925 0.000401743
       13903   -0.270492   -0.323921 0.000401733
       13904   -0.290205   -0.323918 0.000401711
       13905    -0.30202   -0.323917 0.000401685
       13906   -0.304818   -0.323915 0.000401659
       13907    -0.30272   -0.323914 0.000401633
       13908   -0.297823   -0.323912 0.000401608
       13909   -0.288359   -0.323909 0.000401587
       13910   -0.275101   -0.323906 0.000401574
       13911   -0.269768   -0.323902 0.000401564
       13912   -0.278002   -0.323899 0.000401549
       13913   -0.290712   -0.323896 0.000401527
       13914   -0.304119   -0.323895   0.0004015
       13915   -0.315839   -0.323894 0.000401472
       13916   -0.321232   -0.323894 0.000401443
       13917   -0.314339   -0.323893 0.000401415
       13918   -0.290762   -0.323891 0.000401393
       13919   -0.276466   -0.323888 0.000401379
       13920   -0.286607   -0.323885 0.000401359
       13921   -0.295438   -0.323883 0.000401335
       13922   -0.287901    -0.32388 0.000401315
       13923   -0.269896   -0.323876 0.000401305
       13924   -0.277286   -0.323873  0.00040129
       13925   -0.301035   -0.323872 0.000401264
       13926   -0.316106   -0.323871 0.000401236
       13927     -0.3209   -0.323871 0.000401207
       13928   -0.324419   -0.323871 0.000401178
       13929   -0.330821   -0.323871  0.00040115
       13930   -0.332531   -0.323872 0.000401122
       13931   -0.317922   -0.323871 0.000401093
       13932    -0.29456   -0.323869  0.00040107
       13933   -0.288343   -0.323867 0.000401049
       13934   -0.320798   -0.323867  0.00040102
       13935   -0.343351   -0.323868 0.000400994
       13936   -0.314782   -0.323867 0.000400966
       13937   -0.303379   -0.323866  0.00040094
       13938   -0.329493   -0.323866 0.000400911
       13939   -0.349633   -0.323868 0.000400887
       13940   -0.356349    -0.32387 0.000400865
       13941   -0.357402   -0.323873 0.000400843
       13942   -0.356883   -0.323875 0.000400821
       13943   -0.352653   -0.323877 0.000400798
       13944   -0.344053   -0.323879 0.000400772
       13945   -0.328487   -0.323879 0.000400743
       13946   -0.308481   -0.323878 0.000400716
       13947   -0.310918   -0.323877 0.000400688
       13948   -0.328754   -0.323877  0.00040066
       13949   -0.330675   -0.323878 0.000400631
       13950   -0.316642   -0.323877 0.000400603
       13951   -0.290892   -0.323875 0.000400581
       13952   -0.256106    -0.32387 0.000400582
       13953   -0.272784   -0.323866  0.00040057
       13954    -0.31012   -0.323865 0.000400542
       13955   -0.329568   -0.323866 0.000400514
       13956   -0.337979   -0.323867 0.000400487
       13957   -0.340985   -0.323868  0.00040046
       13958   -0.336477   -0.323869 0.000400432
       13959   -0.321009   -0.323869 0.000400403
       13960   -0.299898   -0.323867 0.000400378
       13961   -0.278393   -0.323864 0.000400363
       13962   -0.289996   -0.323861 0.000400342
       13963   -0.327109   -0.323862 0.000400313
       13964    -0.33579   -0.323863 0.000400285
       13965   -0.314147   -0.323862 0.000400257
       13966   -0.306155   -0.323861 0.000400231
       13967   -0.284514   -0.323858 0.000400212
       13968    -0.23932   -0.323852 0.000400229
       13969   -0.232415   -0.323845 0.000400254
       13970   -0.298415   -0.323843 0.000400229
       13971   -0.345772   -0.323845 0.000400204
       13972   -0.355804   -0.323847 0.000400182
       13973   -0.352164   -0.323849 0.000400158
       13974   -0.346263   -0.323851 0.000400133
       13975    -0.33101   -0.323851 0.000400104
       13976   -0.293937   -0.323849 0.000400081
       13977   -0.245873   -0.323844 0.000400092
       13978   -0.241209   -0.323838 0.000400107
       13979   -0.297173   -0.323836 0.000400083
       13980   -0.328728   -0.323836 0.000400054
       13981   -0.327028   -0.323836 0.000400026
       13982   -0.317698   -0.323836 0.000399997
       13983   -0.305722   -0.323835 0.000399971
       13984    -0.31025   -0.323834 0.000399943
       13985   -0.323796   -0.323834 0.000399915
       13986   -0.328977   -0.323834 0.000399886
       13987   -0.321207   -0.323834 0.000399858
       13988   -0.300609   -0.323832 0.000399833
       13989   -0.274751   -0.323829  0.00039982
       13990   -0.256665   -0.323824  0.00039982
       13991   -0.258994   -0.323819 0.000399818
       13992   -0.281797   -0.323816 0.000399801
       13993   -0.295779   -0.323814 0.000399777
       13994   -0.300529   -0.323813 0.000399752
       13995   -0.301452   -0.323811 0.000399727
       13996   -0.296543   -0.323809 0.000399703
       13997    -0.28751   -0.323806 0.000399683
       13998   -0.277472   -0.323803 0.000399668
       13999   -0.270968   -0.323799 0.000399657
       14000   -0.271086   -0.323796 0.000399646
       14001   -0.274675   -0.323792 0.000399633
       14002   -0.277547   -0.323789 0.000399618
       14003   -0.278035   -0.323785 0.000399603
       14004   -0.272212   -0.323782 0.000399592
       14005   -0.250442   -0.323777 0.000399597
       14006    -0.19933   -0.323768 0.000399668
       14007   -0.161004   -0.323756 0.000399808
       14008   -0.204162   -0.323748 0.000399871
       14009   -0.245514   -0.323742 0.000399881
       14010     -0.2552   -0.323737 0.000399882
       14011   -0.257559   -0.323732 0.000399882
       14012   -0.258626   -0.323728  0.00039988
       14013   -0.266294   -0.323724 0.000399873
       14014   -0.274494    -0.32372  0.00039986
       14015   -0.267365   -0.323716 0.000399851
       14016   -0.253391   -0.323711 0.000399854
       14017   -0.264427   -0.323707 0.000399848
       14018   -0.279773   -0.323704 0.000399832
       14019   -0.282407   -0.323701 0.000399814
       14020    -0.27991   -0.323698 0.000399798
       14021   -0.277607   -0.323694 0.000399783
       14022   -0.275463   -0.323691 0.000399769
       14023   -0.279631   -0.323688 0.000399753
       14024    -0.28886   -0.323685 0.000399732
       14025    -0.28538   -0.323683 0.000399713
       14026   -0.268443   -0.323679 0.000399704
       14027   -0.264847   -0.323674 0.000399697
       14028    -0.29114   -0.323672 0.000399676
       14029   -0.329215   -0.323672 0.000399647
       14030   -0.347077   -0.323674 0.000399622
       14031   -0.337178   -0.323675 0.000399595
       14032   -0.323435   -0.323675 0.000399567
       14033   -0.324122   -0.323675 0.000399538
       14034    -0.33522   -0.323676  0.00039951
       14035    -0.34902   -0.323678 0.000399486
       14036   -0.367373   -0.323681  0.00039947
       14037    -0.37198   -0.323684 0.000399456
       14038   -0.351933   -0.323686 0.000399433
       14039    -0.35848   -0.323689 0.000399412
       14040   -0.366099   -0.323692 0.000399395
       14041   -0.330109   -0.323692 0.000399367
       14042    -0.24826   -0.323687 0.000399374
       14043   -0.289221   -0.323684 0.000399354
       14044    -0.33479   -0.323685 0.000399326
       14045   -0.337428   -0.323686 0.000399299
       14046   -0.332942   -0.323687 0.000399271
       14047   -0.352151   -0.323689 0.000399247
       14048   -0.366126   -0.323692  0.00039923
       14049   -0.355172   -0.323694 0.000399208
       14050   -0.351161   -0.323696 0.000399185
       14051     -0.3566   -0.323698 0.000399163
       14052   -0.339449     -0.3237 0.000399136
       14053   -0.273136   -0.323696 0.000399124
       14054   -0.270364   -0.323692 0.000399114
       14055   -0.307406   -0.323691 0.000399087
       14056   -0.304737    -0.32369 0.000399061
       14057   -0.296458   -0.323688 0.000399037
       14058   -0.294273   -0.323686 0.000399014
       14059   -0.294632   -0.323684 0.000398991
       14060   -0.293106   -0.323681 0.000398969
       14061   -0.290659   -0.323679 0.000398947
       14062   -0.286973   -0.323676 0.000398928
       14063   -0.281113   -0.323673 0.000398911
       14064   -0.276701    -0.32367 0.000398896
       14065   -0.277999   -0.323667 0.000398881
       14066   -0.283219   -0.323664 0.000398863
       14067   -0.287326   -0.323661 0.000398843
       14068   -0.286351   -0.323659 0.000398824
       14069   -0.280091   -0.323656 0.000398807
       14070   -0.276765   -0.323652 0.000398793
       14071   -0.282981   -0.323649 0.000398775
       14072   -0.295105   -0.323647 0.000398752
       14073   -0.311585   -0.323647 0.000398724
       14074   -0.328224   -0.323647 0.000398696
       14075   -0.333451   -0.323648 0.000398669
       14076   -0.311538   -0.323647 0.000398641
       14077   -0.281291   -0.323644 0.000398624
       14078   -0.309747   -0.323643 0.000398597
       14079   -0.350593   -0.323645 0.000398573
       14080   -0.361271   -0.323647 0.000398554
       14081   -0.344489   -0.323649 0.000398528
       14082   -0.297467   -0.323647 0.000398505
       14083   -0.252573   -0.323642 0.000398508
       14084   -0.273394   -0.323638 0.000398496
       14085   -0.325365   -0.323638 0.000398468
       14086   -0.329856   -0.323639  0.00039844
       14087   -0.334169    -0.32364 0.000398412
       14088   -0.359808   -0.323642 0.000398392
       14089   -0.364057   -0.323645 0.000398374
       14090   -0.341353   -0.323646 0.000398348
       14091   -0.310593   -0.323645 0.000398321
       14092   -0.271838   -0.323642 0.000398309
       14093   -0.287323   -0.323639 0.000398289
       14094   -0.321888   -0.323639 0.000398261
       14095   -0.316316   -0.323638 0.000398233
       14096    -0.31763   -0.323638 0.000398205
       14097   -0.338813   -0.323639 0.000398178
       14098   -0.350643   -0.323641 0.000398155
       14099   -0.353604   -0.323643 0.000398132
       14100   -0.354968   -0.323645  0.00039811
       14101    -0.35375   -0.323647 0.000398088
       14102   -0.345918   -0.323649 0.000398062
       14103   -0.332077    -0.32365 0.000398035
       14104   -0.323134    -0.32365 0.000398006
       14105   -0.319353   -0.323649 0.000397978
       14106   -0.295498   -0.323647 0.000397955
       14107   -0.303626   -0.323646 0.000397929
       14108   -0.348807   -0.323648 0.000397905
       14109   -0.361241    -0.32365 0.000397886
       14110   -0.358166   -0.323653 0.000397865
       14111   -0.356689   -0.323655 0.000397844
       14112    -0.35989   -0.323658 0.000397824
       14113   -0.348746   -0.323659   0.0003978
       14114   -0.282641   -0.323657 0.000397782
       14115   -0.229761    -0.32365  0.00039781
       14116   -0.266686   -0.323646 0.000397802
       14117   -0.290485   -0.323644 0.000397781
       14118   -0.295688   -0.323642 0.000397758
       14119    -0.34244   -0.323643 0.000397732
       14120   -0.345269   -0.323644 0.000397706
       14121   -0.319894   -0.323644 0.000397678
       14122   -0.294226   -0.323642 0.000397656
       14123   -0.280353   -0.323639 0.000397639
       14124   -0.284776   -0.323636 0.000397621
       14125   -0.308089   -0.323635 0.000397594
       14126   -0.338828   -0.323636 0.000397567
       14127   -0.350065   -0.323638 0.000397544
       14128   -0.346934    -0.32364 0.000397519
       14129   -0.338755   -0.323641 0.000397492
       14130   -0.325499   -0.323641 0.000397464
       14131   -0.281621   -0.323638 0.000397447
       14132   -0.241342   -0.323632 0.000397462
       14133   -0.289764    -0.32363 0.000397441
       14134   -0.332449    -0.32363 0.000397413
       14135   -0.351227   -0.323632  0.00039739
       14136   -0.356613   -0.323635 0.000397368
       14137    -0.35999   -0.323637 0.000397349
       14138   -0.363148    -0.32364  0.00039733
       14139   -0.358641   -0.323643  0.00039731
       14140   -0.341269   -0.323644 0.000397284
       14141   -0.319662   -0.323643 0.000397256
       14142    -0.30571   -0.323642  0.00039723
       14143    -0.29309    -0.32364 0.000397208
       14144   -0.299417   -0.323638 0.000397183
       14145   -0.349017    -0.32364 0.000397159
       14146   -0.396476   -0.323645 0.000397164
       14147   -0.409021   -0.323651 0.000397182
       14148   -0.389142   -0.323656 0.000397181
       14149   -0.342998   -0.323657 0.000397155
       14150   -0.325227   -0.323657 0.000397127
       14151   -0.340028   -0.323659 0.000397101
       14152   -0.367892   -0.323662 0.000397085
       14153   -0.383969   -0.323666  0.00039708
       14154   -0.381076    -0.32367 0.000397073
       14155   -0.360397   -0.323673 0.000397053
       14156   -0.345858   -0.323674 0.000397028
       14157   -0.357027   -0.323677 0.000397007
       14158   -0.342121   -0.323678 0.000396981
       14159   -0.327112   -0.323678 0.000396953
       14160   -0.319519   -0.323678 0.000396925
       14161   -0.276289   -0.323674 0.000396911
       14162     -0.3427   -0.323676 0.000396886
       14163     -0.3871    -0.32368 0.000396883
       14164   -0.384128   -0.323685 0.000396878
       14165   -0.366366   -0.323688 0.000396861
       14166   -0.349704   -0.323689 0.000396837
       14167   -0.340324   -0.323691 0.000396811
       14168   -0.346782   -0.323692 0.000396787
       14169   -0.353136   -0.323694 0.000396764
       14170   -0.315175   -0.323694 0.000396736
       14171    -0.28747   -0.323691 0.000396717
       14172   -0.309098    -0.32369  0.00039669
       14173   -0.310887   -0.323689 0.000396663
       14174   -0.302854   -0.323688 0.000396638
       14175   -0.315643   -0.323687  0.00039661
       14176     -0.3333   -0.323688 0.000396583
       14177   -0.311986   -0.323687 0.000396556
       14178   -0.283674   -0.323684 0.000396538
       14179   -0.295899   -0.323682 0.000396515
       14180   -0.272378   -0.323679 0.000396503
       14181   -0.262774   -0.323674 0.000396498
       14182   -0.287735   -0.323672 0.000396479
       14183    -0.30594   -0.323671 0.000396453
       14184   -0.308918   -0.323669 0.000396426
       14185   -0.281246   -0.323666 0.000396409
       14186   -0.222436   -0.323659 0.000396446
       14187   -0.228583   -0.323653 0.000396474
       14188   -0.274285   -0.323649 0.000396462
       14189   -0.287193   -0.323647 0.000396442
       14190   -0.281661   -0.323644 0.000396425
       14191   -0.275138    -0.32364 0.000396412
       14192   -0.273402   -0.323637   0.0003964
       14193   -0.278882   -0.323634 0.000396384
       14194   -0.273947    -0.32363 0.000396372
       14195   -0.190561   -0.323621 0.000396455
       14196   -0.189749   -0.323611 0.000396539
       14197   -0.252661   -0.323606 0.000396543
       14198   -0.248501   -0.323601  0.00039655
       14199   -0.239136   -0.323595 0.000396567
       14200   -0.269646   -0.323591 0.000396557
       14201   -0.300444    -0.32359 0.000396532
       14202   -0.310943   -0.323589 0.000396505
       14203   -0.306839   -0.323587 0.000396479
       14204   -0.290493   -0.323585 0.000396458
       14205   -0.263777   -0.323581 0.000396453
       14206   -0.225719   -0.323574 0.000396485
       14207   -0.172398   -0.323563   0.0003966
       14208   -0.209616   -0.323555 0.000396653
       14209   -0.276256   -0.323552 0.000396639
       14210   -0.299406    -0.32355 0.000396614
       14211   -0.301475   -0.323549  0.00039659
       14212   -0.296539   -0.323547 0.000396566
       14213   -0.293372   -0.323545 0.000396544
       14214   -0.291736   -0.323543 0.000396522
       14215   -0.279041   -0.323539 0.000396507
       14216   -0.280158   -0.323536 0.000396491
       14217   -0.308752   -0.323535 0.000396464
       14218   -0.322785   -0.323535 0.000396436
       14219   -0.315072   -0.323535 0.000396409
       14220   -0.299044   -0.323533 0.000396385
       14221   -0.290891   -0.323531 0.000396364
       14222   -0.275992   -0.323527  0.00039635
       14223   -0.258287   -0.323523 0.000396348
       14224   -0.247531   -0.323517 0.000396357
       14225   -0.244001   -0.323512 0.000396368
       14226   -0.284259   -0.323509  0.00039635
       14227   -0.313848   -0.323508 0.000396323
       14228   -0.318065   -0.323508 0.000396295
       14229   -0.314441   -0.323507 0.000396268
       14230   -0.314243   -0.323507  0.00039624
       14231   -0.318895   -0.323506 0.000396213
       14232   -0.324786   -0.323506 0.000396185
       14233   -0.329576   -0.323507 0.000396157
       14234   -0.333052   -0.323508  0.00039613
       14235   -0.335044   -0.323508 0.000396103
       14236   -0.333611   -0.323509 0.000396076
       14237   -0.321247   -0.323509 0.000396048
       14238   -0.283804   -0.323506  0.00039603
       14239   -0.266914   -0.323502 0.000396022
       14240   -0.304233   -0.323501 0.000395997
       14241   -0.321355   -0.323501 0.000395969
       14242   -0.320878     -0.3235 0.000395941
       14243   -0.324088   -0.323501 0.000395913
       14244   -0.331111   -0.323501 0.000395886
       14245   -0.335012   -0.323502 0.000395859
       14246   -0.337948   -0.323503 0.000395832
       14247    -0.34519   -0.323504 0.000395807
       14248   -0.356684   -0.323507 0.000395787
       14249   -0.366947    -0.32351  0.00039577
       14250   -0.368892   -0.323513 0.000395756
       14251   -0.355269   -0.323515 0.000395734
       14252   -0.323492   -0.323515 0.000395706
       14253   -0.311171   -0.323514 0.000395679
       14254   -0.350367   -0.323516 0.000395656
       14255     -0.3684   -0.323519 0.000395641
       14256   -0.353939   -0.323521 0.000395619
       14257   -0.302125    -0.32352 0.000395594
       14258   -0.234892   -0.323514 0.000395615
       14259   -0.307921   -0.323513 0.000395589
       14260   -0.325638   -0.323513 0.000395561
       14261   -0.340889   -0.323514 0.000395535
       14262   -0.353666   -0.323516 0.000395513
       14263   -0.345623   -0.323518 0.000395489
       14264   -0.335244   -0.323519 0.000395462
       14265   -0.318441   -0.323518 0.000395434
       14266   -0.307836   -0.323517 0.000395408
       14267   -0.333745   -0.323518 0.000395381
       14268   -0.352723    -0.32352 0.000395358
       14269    -0.34002   -0.323521 0.000395332
       14270   -0.330557   -0.323521 0.000395305
       14271   -0.332036   -0.323522 0.000395278
       14272   -0.338847   -0.323523 0.000395252
       14273   -0.324253   -0.323523 0.000395224
       14274   -0.277078    -0.32352  0.00039521
       14275   -0.275337   -0.323517 0.000395196
       14276   -0.239782   -0.323511 0.000395212
       14277   -0.283734   -0.323508 0.000395194
       14278   -0.332417   -0.323509 0.000395167
       14279   -0.354962   -0.323511 0.000395146
       14280   -0.360307   -0.323513 0.000395126
       14281   -0.351048   -0.323515 0.000395103
       14282   -0.332683   -0.323516 0.000395076
       14283    -0.32765   -0.323516 0.000395049
       14284   -0.345436   -0.323518 0.000395024
       14285   -0.339428   -0.323519 0.000394998
       14286   -0.310659   -0.323518 0.000394971
       14287   -0.305669   -0.323517 0.000394946
       14288   -0.343244   -0.323518  0.00039492
       14289    -0.36884   -0.323521 0.000394905
       14290   -0.369661   -0.323524 0.000394891
       14291   -0.367365   -0.323528 0.000394875
       14292   -0.366961   -0.323531 0.000394859
       14293   -0.366212   -0.323534 0.000394843
       14294   -0.362138   -0.323536 0.000394825
       14295   -0.354587   -0.323538 0.000394803
       14296   -0.345471    -0.32354 0.000394778
       14297   -0.333823   -0.323541 0.000394751
       14298   -0.317156    -0.32354 0.000394724
       14299   -0.308727   -0.323539 0.000394698
       14300   -0.324527   -0.323539  0.00039467
       14301   -0.347037   -0.323541 0.000394646
       14302    -0.35896   -0.323543 0.000394626
       14303   -0.336025   -0.323544   0.0003946
       14304   -0.293956   -0.323542 0.000394577
       14305   -0.350033   -0.323544 0.000394554
       14306   -0.374627   -0.323548 0.000394543
       14307   -0.355726    -0.32355 0.000394522
       14308   -0.333721   -0.323551 0.000394495
       14309    -0.34689   -0.323552  0.00039447
       14310    -0.36067   -0.323555 0.000394451
       14311   -0.353282   -0.323557 0.000394429
       14312   -0.342304   -0.323558 0.000394404
       14313   -0.343675    -0.32356 0.000394379
       14314   -0.348451   -0.323561 0.000394355
       14315   -0.349828   -0.323563 0.000394332
       14316   -0.350274   -0.323565 0.000394309
       14317   -0.316584   -0.323565 0.000394282
       14318    -0.23279   -0.323558 0.000394305
       14319   -0.218671   -0.323551 0.000394345
       14320   -0.283237   -0.323548 0.000394328
       14321   -0.323531   -0.323548   0.0003943
       14322   -0.331031   -0.323549 0.000394273
       14323   -0.339291    -0.32355 0.000394247
       14324   -0.349937   -0.323552 0.000394224
       14325   -0.352753   -0.323554 0.000394202
       14326    -0.34805   -0.323555 0.000394178
       14327   -0.340898   -0.323556 0.000394152
       14328   -0.332663   -0.323557 0.000394125
       14329   -0.317995   -0.323557 0.000394098
       14330   -0.301725   -0.323555 0.000394073
       14331    -0.29088   -0.323553 0.000394053
       14332   -0.297844   -0.323551 0.000394029
       14333   -0.315133   -0.323551 0.000394002
       14334   -0.325133   -0.323551 0.000393975
       14335   -0.334955   -0.323551 0.000393948
       14336   -0.345241   -0.323553 0.000393923
       14337   -0.351779   -0.323555 0.000393901
       14338   -0.354126   -0.323557 0.000393879
       14339   -0.356285   -0.323559 0.000393858
       14340   -0.362264   -0.323562  0.00039384
       14341   -0.372431   -0.323565 0.000393827
       14342   -0.382705    -0.32357 0.000393821
       14343   -0.381528   -0.323574 0.000393815
       14344   -0.360265   -0.323576 0.000393796
       14345   -0.320974   -0.323576 0.000393768
       14346   -0.289135   -0.323574 0.000393748
       14347   -0.299989   -0.323572 0.000393724
       14348     -0.3228   -0.323572 0.000393697
       14349   -0.335789   -0.323573  0.00039367
       14350   -0.350668   -0.323575 0.000393647
       14351   -0.362232   -0.323577 0.000393629
       14352   -0.358207    -0.32358 0.000393609
       14353   -0.343213   -0.323581 0.000393584
       14354   -0.330393   -0.323582 0.000393557
       14355   -0.322308   -0.323582 0.000393529
       14356   -0.284804   -0.323579 0.000393511
       14357   -0.298365   -0.323577 0.000393488
       14358   -0.318831   -0.323577  0.00039346
       14359   -0.330705   -0.323577 0.000393433
       14360   -0.330757   -0.323578 0.000393406
       14361   -0.315636   -0.323577 0.000393379
       14362    -0.31956   -0.323577 0.000393352
       14363   -0.319262   -0.323577 0.000393325
       14364   -0.288875   -0.323574 0.000393305
       14365   -0.270029    -0.32357 0.000393295
       14366   -0.300127   -0.323569 0.000393271
       14367   -0.332088   -0.323569 0.000393244
       14368   -0.343204   -0.323571 0.000393219
       14369    -0.34082   -0.323572 0.000393194
       14370   -0.334625   -0.323573 0.000393167
       14371   -0.334164   -0.323573  0.00039314
       14372   -0.342803   -0.323575 0.000393115
       14373   -0.348512   -0.323577 0.000393092
       14374    -0.33341   -0.323577 0.000393065
       14375   -0.307872   -0.323576 0.000393039
       14376   -0.313505   -0.323575 0.000393012
       14377   -0.350562   -0.323577  0.00039299
       14378   -0.377969   -0.323581  0.00039298
       14379   -0.385793   -0.323585 0.000392977
       14380   -0.389936    -0.32359 0.000392977
       14381   -0.389838   -0.323595 0.000392976
       14382   -0.382281   -0.323599  0.00039297
       14383   -0.381066   -0.323603 0.000392963
       14384    -0.37088   -0.323606  0.00039295
       14385   -0.319825   -0.323606 0.000392922
       14386   -0.278358   -0.323603 0.000392908
       14387   -0.282301     -0.3236 0.000392891
       14388   -0.329585     -0.3236 0.000392864
       14389   -0.386804   -0.323605 0.000392861
       14390   -0.412399   -0.323611 0.000392882
       14391   -0.426884   -0.323618  0.00039292
       14392   -0.435043   -0.323626 0.000392969
       14393   -0.428232   -0.323633 0.000393009
       14394   -0.404386   -0.323639 0.000393022
       14395   -0.375358   -0.323642 0.000393011
       14396   -0.369056   -0.323645 0.000392996
       14397   -0.390313    -0.32365 0.000392996
       14398   -0.406602   -0.323656 0.000393011
       14399   -0.403513   -0.323661 0.000393023
       14400   -0.395631   -0.323666 0.000393028
       14401   -0.405269   -0.323672 0.000393041
       14402   -0.424641   -0.323679 0.000393076
       14403   -0.431744   -0.323686 0.000393121
       14404   -0.416831   -0.323693 0.000393147
       14405   -0.391686   -0.323698 0.000393148
       14406   -0.390031   -0.323702 0.000393147
       14407   -0.392181   -0.323707 0.000393149
       14408   -0.400921   -0.323712 0.000393158
       14409   -0.417027   -0.323719 0.000393184
       14410   -0.426484   -0.323726 0.000393221
       14411   -0.429231   -0.323733 0.000393262
       14412   -0.424924    -0.32374 0.000393298
       14413   -0.411839   -0.323746 0.000393318
       14414   -0.396724   -0.323751 0.000393323
       14415    -0.39419   -0.323756 0.000393326
       14416   -0.398614   -0.323761 0.000393333
       14417   -0.388744   -0.323766 0.000393332
       14418   -0.367233   -0.323769 0.000393316
       14419   -0.347446   -0.323771 0.000393292
       14420   -0.323683   -0.323771 0.000393265
       14421   -0.335713   -0.323771 0.000393239
       14422   -0.393316   -0.323776 0.000393241
       14423   -0.373116    -0.32378 0.000393229
       14424   -0.340389   -0.323781 0.000393203
       14425   -0.329817   -0.323781 0.000393176
       14426    -0.32707   -0.323782 0.000393149
       14427   -0.292372   -0.323779 0.000393127
       14428   -0.338896    -0.32378 0.000393102
       14429   -0.403198   -0.323786 0.000393113
       14430   -0.413991   -0.323792 0.000393135
       14431   -0.387337   -0.323797 0.000393133
       14432   -0.329349   -0.323797 0.000393106
       14433   -0.306958   -0.323796  0.00039308
       14434   -0.360221   -0.323798 0.000393061
       14435    -0.38667   -0.323803 0.000393058
       14436   -0.396175   -0.323808 0.000393063
       14437   -0.397094   -0.323813 0.000393068
       14438   -0.393664   -0.323818 0.000393071
       14439   -0.395011   -0.323822 0.000393075
       14440   -0.391498   -0.323827 0.000393075
       14441   -0.359741    -0.32383 0.000393056
       14442   -0.303841   -0.323828 0.000393031
       14443   -0.335738   -0.323829 0.000393005
       14444   -0.367968   -0.323832 0.000392989
       14445   -0.362004   -0.323835 0.000392971
       14446   -0.376327   -0.323838 0.000392961
       14447   -0.375929   -0.323842  0.00039295
       14448   -0.360442   -0.323845 0.000392931
       14449   -0.332598   -0.323845 0.000392904
       14450   -0.338008   -0.323846 0.000392878
       14451   -0.373357    -0.32385 0.000392866
       14452   -0.388594   -0.323854 0.000392864
       14453   -0.380644   -0.323858 0.000392857
       14454   -0.341467   -0.323859 0.000392832
       14455   -0.314944   -0.323859 0.000392805
       14456   -0.326716   -0.323859 0.000392778
       14457   -0.337678    -0.32386 0.000392752
       14458   -0.329734    -0.32386 0.000392725
       14459   -0.322325    -0.32386 0.000392698
       14460   -0.350312   -0.323862 0.000392675
       14461   -0.377689   -0.323866 0.000392665
       14462   -0.381233    -0.32387 0.000392658
       14463   -0.384481   -0.323874 0.000392653
       14464    -0.39395   -0.323879 0.000392656
       14465    -0.40273   -0.323884 0.000392667
       14466    -0.40169   -0.323889 0.000392677
       14467   -0.380853   -0.323893 0.000392669
       14468   -0.346725   -0.323895 0.000392645
       14469    -0.32945   -0.323895 0.000392618
       14470   -0.324012   -0.323895 0.000392591
       14471   -0.349511   -0.323897 0.000392568
       14472   -0.389185   -0.323902 0.000392567
       14473   -0.399893   -0.323907 0.000392575
       14474   -0.391935   -0.323912 0.000392576
       14475    -0.37521   -0.323915 0.000392565
       14476   -0.350495   -0.323917 0.000392542
       14477   -0.343844   -0.323918 0.000392517
       14478   -0.368762   -0.323921 0.000392502
       14479   -0.372508   -0.323925 0.000392489
       14480   -0.355602   -0.323927 0.000392468
       14481   -0.356328   -0.323929 0.000392448
       14482   -0.368297   -0.323932 0.000392433
       14483   -0.373802   -0.323936 0.000392421
       14484   -0.363008   -0.323938 0.000392403
       14485   -0.355097   -0.323941 0.000392382
       14486   -0.365887   -0.323943 0.000392365
       14487    -0.36986   -0.323947 0.000392351
       14488   -0.355172   -0.323949  0.00039233
       14489   -0.323392   -0.323949 0.000392303
       14490   -0.307255   -0.323948 0.000392277
       14491    -0.32143   -0.323947  0.00039225
       14492   -0.324461   -0.323947 0.000392223
       14493   -0.314399   -0.323947 0.000392197
       14494   -0.291703   -0.323945 0.000392176
       14495   -0.270062   -0.323941 0.000392166
       14496   -0.277361   -0.323938 0.000392153
       14497    -0.29696   -0.323936  0.00039213
       14498   -0.308702   -0.323935 0.000392104
       14499   -0.311304   -0.323934 0.000392078
       14500   -0.309533   -0.323933 0.000392052
       14501   -0.298979   -0.323931 0.000392029
       14502   -0.271502   -0.323928 0.000392019
       14503    -0.26749   -0.323924 0.000392011
       14504   -0.288338   -0.323921 0.000391992
       14505   -0.285865   -0.323919 0.000391973
       14506   -0.275611   -0.323915 0.000391961
       14507   -0.277204   -0.323912 0.000391947
       14508   -0.282503   -0.323909  0.00039193
       14509    -0.27243   -0.323906 0.000391919
       14510   -0.250909   -0.323901 0.000391925
       14511   -0.256868   -0.323896 0.000391925
       14512   -0.272658   -0.323892 0.000391914
       14513   -0.275895   -0.323889 0.000391901
       14514   -0.287027   -0.323887 0.000391882
       14515   -0.298049   -0.323885 0.000391859
       14516   -0.299053   -0.323883 0.000391836
       14517   -0.295402   -0.323881 0.000391814
       14518   -0.294378   -0.323879 0.000391792
       14519   -0.298514   -0.323877 0.000391769
       14520   -0.298289   -0.323876 0.000391746
       14521   -0.291107   -0.323873 0.000391725
       14522    -0.29416   -0.323871 0.000391704
       14523   -0.288502   -0.323869 0.000391684
       14524   -0.251998   -0.323864 0.000391688
       14525   -0.259816   -0.323859 0.000391686
       14526   -0.317283   -0.323859  0.00039166
       14527   -0.351356   -0.323861 0.000391637
       14528   -0.363513   -0.323864  0.00039162
       14529    -0.36608   -0.323867 0.000391604
       14530    -0.35498   -0.323869 0.000391582
       14531   -0.319492   -0.323868 0.000391556
       14532   -0.301206   -0.323867 0.000391532
       14533   -0.325702   -0.323867 0.000391505
       14534   -0.357755   -0.323869 0.000391485
       14535   -0.371323   -0.323873 0.000391472
       14536   -0.377835   -0.323876 0.000391462
       14537   -0.376455    -0.32388 0.000391452
       14538   -0.368488   -0.323883 0.000391437
       14539   -0.342317   -0.323884 0.000391412
       14540   -0.283409   -0.323881 0.000391395
       14541   -0.344035   -0.323883 0.000391371
       14542   -0.374259   -0.323886 0.000391359
       14543    -0.36615   -0.323889 0.000391343
       14544   -0.349596   -0.323891  0.00039132
       14545   -0.329351   -0.323891 0.000391293
       14546   -0.320091   -0.323891 0.000391267
       14547   -0.331951   -0.323892  0.00039124
       14548   -0.341919   -0.323893 0.000391215
       14549   -0.329956   -0.323893 0.000391189
       14550   -0.320909   -0.323893 0.000391162
       14551   -0.346995   -0.323895 0.000391138
       14552    -0.36881   -0.323898 0.000391123
       14553   -0.366327   -0.323901 0.000391107
       14554   -0.346303   -0.323902 0.000391083
       14555   -0.330598   -0.323903 0.000391057
       14556   -0.332716   -0.323903  0.00039103
       14557   -0.346098   -0.323905 0.000391007
       14558   -0.349609   -0.323907 0.000390984
       14559   -0.321738   -0.323906 0.000390957
       14560    -0.29473   -0.323904 0.000390935
       14561    -0.32749   -0.323905 0.000390908
       14562   -0.355555   -0.323907 0.000390888
       14563   -0.358422   -0.323909 0.000390868
       14564    -0.32365   -0.323909 0.000390841
       14565   -0.271334   -0.323906 0.000390831
       14566   -0.276447   -0.323902 0.000390818
       14567    -0.30215   -0.323901 0.000390794
       14568   -0.335977   -0.323902 0.000390768
       14569   -0.357318   -0.323904 0.000390748
       14570   -0.365892   -0.323907 0.000390731
       14571   -0.360027   -0.323909 0.000390713
       14572   -0.337979    -0.32391 0.000390687
       14573   -0.330758   -0.323911  0.00039066
       14574   -0.357529   -0.323913  0.00039064
       14575   -0.372393   -0.323916 0.000390628
       14576   -0.365237   -0.323919 0.000390611
       14577   -0.358789   -0.323922 0.000390592
       14578   -0.356506   -0.323924 0.000390571
       14579   -0.360835   -0.323926 0.000390553
       14580   -0.363421   -0.323929 0.000390535
       14581   -0.353791   -0.323931 0.000390514
       14582    -0.34884   -0.323933 0.000390491
       14583   -0.356813   -0.323935 0.000390471
       14584   -0.370865   -0.323938 0.000390457
       14585   -0.378937   -0.323942 0.000390449
       14586   -0.369079   -0.323945 0.000390434
       14587   -0.343516   -0.323947  0.00039041
       14588   -0.340231   -0.323948 0.000390384
       14589   -0.348992   -0.323949 0.000390361
       14590   -0.342823   -0.323951 0.000390337
       14591   -0.329487   -0.323951  0.00039031
       14592   -0.340592   -0.323952 0.000390285
       14593   -0.363679   -0.323955 0.000390268
       14594   -0.370068   -0.323958 0.000390254
       14595   -0.366661   -0.323961 0.000390238
       14596   -0.361729   -0.323964  0.00039022
       14597   -0.346311   -0.323965 0.000390196
       14598   -0.317798   -0.323965  0.00039017
       14599   -0.320496   -0.323964 0.000390143
       14600   -0.347715   -0.323966  0.00039012
       14601   -0.360204   -0.323969 0.000390101
       14602   -0.363092   -0.323971 0.000390084
       14603   -0.364296   -0.323974 0.000390067
       14604   -0.365744   -0.323977  0.00039005
       14605   -0.365059    -0.32398 0.000390034
       14606   -0.355225   -0.323982 0.000390013
       14607   -0.325905   -0.323982 0.000389986
       14608   -0.286601   -0.323979 0.000389968
       14609   -0.293538   -0.323977 0.000389947
       14610   -0.313218   -0.323977 0.000389921
       14611   -0.329525   -0.323977 0.000389894
       14612   -0.342178   -0.323978  0.00038987
       14613   -0.338119   -0.323979 0.000389844
       14614   -0.324077   -0.323979 0.000389818
       14615   -0.345452   -0.323981 0.000389794
       14616   -0.372701   -0.323984 0.000389781
       14617   -0.380238   -0.323988 0.000389774
       14618   -0.376028   -0.323991 0.000389763
       14619   -0.357731   -0.323994 0.000389743
       14620    -0.33144   -0.323994 0.000389717
       14621   -0.323506   -0.323994  0.00038969
       14622   -0.325208   -0.323994 0.000389664
       14623   -0.307392   -0.323993 0.000389639
       14624   -0.271667    -0.32399 0.000389628
       14625   -0.302909   -0.323988 0.000389604
       14626   -0.351094    -0.32399 0.000389582
       14627   -0.350747   -0.323992  0.00038956
       14628   -0.328545   -0.323992 0.000389533
       14629   -0.323071   -0.323992 0.000389507
       14630   -0.339399   -0.323993 0.000389482
       14631    -0.35136   -0.323995 0.000389459
       14632   -0.353747   -0.323997 0.000389438
       14633   -0.351944   -0.323999 0.000389416
       14634   -0.356146   -0.324001 0.000389396
       14635   -0.365787   -0.324004  0.00038938
       14636    -0.36797   -0.324007 0.000389365
       14637    -0.35043   -0.324009 0.000389342
       14638   -0.315379   -0.324008 0.000389316
       14639    -0.25793   -0.324004 0.000389316
       14640   -0.211621   -0.323996 0.000389365
       14641   -0.171841   -0.323986 0.000389477
       14642   -0.277292   -0.323982 0.000389463
       14643   -0.389486   -0.323987 0.000389462
       14644    -0.40108   -0.323992 0.000389471
       14645   -0.387089   -0.323996 0.000389469
       14646   -0.373799      -0.324 0.000389457
       14647   -0.359787   -0.324002 0.000389438
       14648   -0.316141   -0.324002 0.000389412
       14649   -0.294809      -0.324  0.00038939
       14650   -0.341509   -0.324001 0.000389365
       14651   -0.372538   -0.324004 0.000389353
       14652   -0.373665   -0.324008 0.000389341
       14653   -0.368476   -0.324011 0.000389326
       14654   -0.369512   -0.324014 0.000389312
       14655   -0.373692   -0.324017   0.0003893
       14656    -0.37249    -0.32402 0.000389288
       14657   -0.361853   -0.324023  0.00038927
       14658   -0.346056   -0.324025 0.000389246
       14659   -0.331105   -0.324025  0.00038922
       14660   -0.319968   -0.324025 0.000389194
       14661   -0.312555   -0.324024 0.000389168
       14662   -0.309477   -0.324023 0.000389143
       14663   -0.323505   -0.324023 0.000389116
       14664    -0.30128   -0.324021 0.000389093
       14665   -0.254577   -0.324017 0.000389095
       14666   -0.302127   -0.324015 0.000389071
       14667   -0.317307   -0.324015 0.000389045
       14668   -0.317407   -0.324014 0.000389019
       14669     -0.3096   -0.324013 0.000388993
       14670   -0.305455   -0.324012 0.000388969
       14671   -0.315593   -0.324011 0.000388943
       14672   -0.322471   -0.324011 0.000388916
       14673   -0.316711   -0.324011  0.00038889
       14674   -0.294564   -0.324009 0.000388869
       14675   -0.266807   -0.324005 0.000388862
       14676   -0.295259   -0.324003  0.00038884
       14677   -0.320865   -0.324003 0.000388814
       14678   -0.327117   -0.324003 0.000388787
       14679   -0.327757   -0.324003 0.000388761
       14680   -0.317729   -0.324003 0.000388735
       14681     -0.2919   -0.324001 0.000388714
       14682   -0.267594   -0.323997 0.000388707
       14683   -0.264496   -0.323993 0.000388702
       14684   -0.293628   -0.323991 0.000388681
       14685   -0.318706    -0.32399 0.000388654
       14686   -0.319485    -0.32399 0.000388628
       14687   -0.317706    -0.32399 0.000388602
       14688   -0.318352   -0.323989 0.000388575
       14689   -0.318557   -0.323989 0.000388549
       14690   -0.315331   -0.323988 0.000388523
       14691   -0.291059   -0.323986 0.000388503
       14692   -0.253482   -0.323981 0.000388506
       14693   -0.300025    -0.32398 0.000388483
       14694   -0.303257   -0.323978 0.000388459
       14695   -0.302726   -0.323977 0.000388436
       14696   -0.320889   -0.323976 0.000388409
       14697   -0.328452   -0.323977 0.000388383
       14698   -0.329681   -0.323977 0.000388357
       14699   -0.315428   -0.323977 0.000388331
       14700   -0.292182   -0.323974  0.00038831
       14701   -0.290125   -0.323972 0.000388291
       14702   -0.279533   -0.323969 0.000388276
       14703    -0.29036   -0.323967 0.000388257
       14704   -0.316117   -0.323966 0.000388231
       14705   -0.327861   -0.323967 0.000388204
       14706   -0.334648   -0.323967 0.000388178
       14707   -0.330882   -0.323968 0.000388152
       14708   -0.299357   -0.323966  0.00038813
       14709   -0.288958   -0.323964  0.00038811
       14710   -0.321286   -0.323964 0.000388084
       14711   -0.326489   -0.323964 0.000388058
       14712   -0.307117   -0.323963 0.000388033
       14713    -0.30222   -0.323961  0.00038801
       14714   -0.305212    -0.32396 0.000387985
       14715   -0.304316   -0.323958 0.000387961
       14716   -0.300233   -0.323957 0.000387938
       14717   -0.290918   -0.323955 0.000387918
       14718   -0.288337   -0.323952   0.0003879
       14719   -0.297521    -0.32395 0.000387877
       14720   -0.307515   -0.323949 0.000387853
       14721    -0.30986   -0.323948 0.000387827
       14722   -0.303464   -0.323947 0.000387804
       14723   -0.295273   -0.323945 0.000387782
       14724   -0.293047   -0.323943 0.000387761
       14725   -0.295303   -0.323941  0.00038774
       14726    -0.29665   -0.323939 0.000387718
       14727   -0.294126   -0.323937 0.000387697
       14728   -0.286301   -0.323934 0.000387679
       14729   -0.273283   -0.323931 0.000387668
       14730   -0.274294   -0.323928 0.000387656
       14731   -0.296719   -0.323926 0.000387635
       14732   -0.311938   -0.323925 0.000387609
       14733   -0.314334   -0.323924 0.000387583
       14734   -0.307669   -0.323923 0.000387559
       14735   -0.295495   -0.323921 0.000387537
       14736   -0.285549   -0.323919  0.00038752
       14737   -0.283515   -0.323916 0.000387503
       14738   -0.291522   -0.323914 0.000387483
       14739   -0.294661   -0.323912 0.000387462
       14740   -0.292648    -0.32391 0.000387441
       14741   -0.312953   -0.323909 0.000387416
       14742   -0.335748    -0.32391  0.00038739
       14743   -0.344069   -0.323911 0.000387366
       14744   -0.338354   -0.323912 0.000387341
       14745   -0.326622   -0.323912 0.000387315
       14746   -0.324944   -0.323912 0.000387289
       14747   -0.319587   -0.323912 0.000387263
       14748   -0.284694   -0.323909 0.000387245
       14749   -0.297652   -0.323908 0.000387223
       14750   -0.326356   -0.323908 0.000387197
       14751   -0.291228   -0.323906 0.000387177
       14752   -0.302305   -0.323904 0.000387154
       14753   -0.328378   -0.323904 0.000387128
       14754   -0.309626   -0.323903 0.000387103
       14755   -0.298627   -0.323902  0.00038708
       14756   -0.328817   -0.323902 0.000387054
       14757   -0.353896   -0.323904 0.000387033
       14758    -0.33568   -0.323905 0.000387008
       14759   -0.327728   -0.323905 0.000386982
       14760   -0.351651   -0.323907  0.00038696
       14761   -0.363081    -0.32391 0.000386943
       14762     -0.3664   -0.323913 0.000386927
       14763   -0.354681   -0.323915 0.000386907
       14764   -0.304807   -0.323913 0.000386883
       14765   -0.267434    -0.32391 0.000386875
       14766   -0.312042   -0.323909  0.00038685
       14767   -0.358963   -0.323911 0.000386831
       14768   -0.381691   -0.323915 0.000386825
       14769    -0.38547   -0.323919 0.000386821
       14770   -0.378341   -0.323923 0.000386812
       14771   -0.364423   -0.323926 0.000386796
       14772   -0.354824   -0.323928 0.000386775
       14773   -0.356194    -0.32393 0.000386755
       14774   -0.355933   -0.323932 0.000386735
       14775   -0.348448   -0.323934 0.000386713
       14776   -0.350863   -0.323936 0.000386691
       14777   -0.367729   -0.323938 0.000386676
       14778   -0.371221   -0.323942 0.000386663
       14779   -0.346571   -0.323943  0.00038664
       14780   -0.305988   -0.323942 0.000386616
       14781   -0.303502   -0.323941 0.000386592
       14782   -0.316431    -0.32394 0.000386566
       14783   -0.304533   -0.323939 0.000386542
       14784   -0.301551   -0.323937 0.000386519
       14785   -0.308709   -0.323936 0.000386494
       14786   -0.342985   -0.323938  0.00038647
       14787   -0.366468    -0.32394 0.000386455
       14788   -0.368043   -0.323943  0.00038644
       14789   -0.355215   -0.323946  0.00038642
       14790   -0.335701   -0.323946 0.000386395
       14791    -0.32689   -0.323947 0.000386368
       14792   -0.339921   -0.323948 0.000386344
       14793   -0.360641    -0.32395 0.000386326
       14794   -0.372001   -0.323953 0.000386313
       14795   -0.372373   -0.323957 0.000386301
       14796   -0.352371   -0.323959  0.00038628
       14797   -0.333979   -0.323959 0.000386254
       14798   -0.350205   -0.323961 0.000386232
       14799   -0.323062   -0.323961 0.000386206
       14800    -0.32061   -0.323961  0.00038618
       14801   -0.354067   -0.323963 0.000386159
       14802   -0.377145   -0.323966  0.00038615
       14803   -0.364009   -0.323969 0.000386133
       14804   -0.337401    -0.32397 0.000386108
       14805   -0.281712   -0.323967 0.000386093
       14806    -0.24492   -0.323962 0.000386104
       14807   -0.332267   -0.323962 0.000386078
       14808   -0.374216   -0.323966 0.000386067
       14809   -0.354155   -0.323968 0.000386046
       14810    -0.36569   -0.323971  0.00038603
       14811   -0.392536   -0.323975 0.000386032
       14812   -0.391634    -0.32398 0.000386033
       14813   -0.369474   -0.323983 0.000386019
       14814   -0.328386   -0.323983 0.000385993
       14815    -0.31831   -0.323983 0.000385967
       14816   -0.332201   -0.323983 0.000385942
       14817   -0.296562   -0.323981  0.00038592
       14818   -0.283087   -0.323979 0.000385904
       14819   -0.314046   -0.323978 0.000385878
       14820   -0.344241   -0.323979 0.000385855
       14821   -0.321251   -0.323979 0.000385829
       14822   -0.288835   -0.323977  0.00038581
       14823   -0.318725   -0.323976 0.000385784
       14824   -0.340603   -0.323978  0.00038576
       14825   -0.351628   -0.323979 0.000385738
       14826   -0.355805   -0.323982 0.000385718
       14827   -0.350797   -0.323983 0.000385696
       14828   -0.334624   -0.323984 0.000385671
       14829   -0.325282   -0.323984 0.000385645
       14830   -0.318283   -0.323984 0.000385619
       14831   -0.348036   -0.323985 0.000385597
       14832   -0.377157   -0.323989 0.000385587
       14833   -0.371162   -0.323992 0.000385574
       14834   -0.347151   -0.323994 0.000385552
       14835   -0.352902   -0.323996 0.000385531
       14836   -0.371342   -0.323999 0.000385518
       14837   -0.372472   -0.324002 0.000385506
       14838   -0.361244   -0.324005 0.000385488
       14839   -0.344973   -0.324006 0.000385464
       14840   -0.339162   -0.324007  0.00038544
       14841   -0.352643   -0.324009 0.000385419
       14842   -0.370322   -0.324012 0.000385405
       14843   -0.382031   -0.324016 0.000385399
       14844   -0.384634    -0.32402 0.000385395
       14845   -0.371044   -0.324023 0.000385382
       14846   -0.330774   -0.324024 0.000385356
       14847   -0.274496    -0.32402 0.000385345
       14848   -0.260743   -0.324016 0.000385342
       14849   -0.258484   -0.324012 0.000385342
       14850   -0.284569   -0.324009 0.000385325
       14851   -0.320352   -0.324009 0.000385299
       14852   -0.342295    -0.32401 0.000385275
       14853   -0.350756   -0.324012 0.000385253
       14854   -0.345826   -0.324013  0.00038523
       14855   -0.335782   -0.324014 0.000385205
       14856    -0.33363   -0.324015  0.00038518
       14857   -0.335295   -0.324016 0.000385154
       14858   -0.327085   -0.324016 0.000385129
       14859     -0.3173   -0.324015 0.000385103
       14860   -0.297924   -0.324014 0.000385081
       14861   -0.294996   -0.324012  0.00038506
       14862   -0.316287   -0.324011 0.000385034
       14863   -0.313596    -0.32401 0.000385009
       14864   -0.323597    -0.32401 0.000384983
       14865    -0.34854   -0.324012 0.000384961
       14866    -0.37067   -0.324015 0.000384948
       14867   -0.367858   -0.324018 0.000384933
       14868   -0.346253    -0.32402  0.00038491
       14869   -0.328501    -0.32402 0.000384885
       14870   -0.328019    -0.32402 0.000384859
       14871   -0.332108   -0.324021 0.000384833
       14872   -0.345355   -0.324022  0.00038481
       14873   -0.362218   -0.324025 0.000384793
       14874    -0.39886    -0.32403   0.0003848
       14875   -0.417275   -0.324036 0.000384825
       14876   -0.414856   -0.324042 0.000384847
       14877   -0.407085   -0.324048 0.000384862
       14878   -0.395533   -0.324052 0.000384866
       14879   -0.372121   -0.324056 0.000384854
       14880   -0.354954   -0.324058 0.000384834
       14881   -0.340386   -0.324059 0.000384809
       14882   -0.346691    -0.32406 0.000384786
       14883   -0.394916   -0.324065  0.00038479
       14884   -0.417211   -0.324071 0.000384815
       14885   -0.396939   -0.324076  0.00038482
       14886   -0.381139    -0.32408 0.000384814
       14887   -0.402455   -0.324085 0.000384824
       14888   -0.409983   -0.324091 0.000384841
       14889   -0.324305   -0.324091 0.000384815
       14890   -0.315544   -0.324091  0.00038479
       14891   -0.397751   -0.324096 0.000384796
       14892   -0.387233     -0.3241 0.000384793
       14893   -0.375917   -0.324103 0.000384783
       14894   -0.406958   -0.324109 0.000384798
       14895   -0.397929   -0.324114 0.000384804
       14896   -0.253319   -0.324109 0.000384807
       14897   -0.251614   -0.324104 0.000384812
       14898   -0.341133   -0.324105 0.000384788
       14899   -0.344862   -0.324107 0.000384765
       14900   -0.361291   -0.324109 0.000384747
       14901   -0.392331   -0.324114 0.000384748
       14902   -0.399078   -0.324119 0.000384756
       14903   -0.385038   -0.324123 0.000384751
       14904   -0.377123   -0.324126 0.000384742
       14905   -0.385124   -0.324131 0.000384738
       14906   -0.391766   -0.324135 0.000384739
       14907   -0.386651   -0.324139 0.000384736
       14908   -0.372409   -0.324143 0.000384724
       14909   -0.346862   -0.324144 0.000384701
       14910   -0.324843   -0.324144 0.000384675
       14911    -0.30662   -0.324143 0.000384651
       14912    -0.34314   -0.324144 0.000384628
       14913   -0.378343   -0.324148 0.000384619
       14914   -0.400363   -0.324153 0.000384627
       14915   -0.403702   -0.324158 0.000384638
       14916   -0.376463   -0.324162 0.000384628
       14917   -0.335754   -0.324163 0.000384603
       14918   -0.354865   -0.324165 0.000384583
       14919   -0.399158    -0.32417  0.00038459
       14920   -0.393681   -0.324174 0.000384593
       14921   -0.363441   -0.324177 0.000384576
       14922   -0.415833   -0.324183 0.000384599
       14923   -0.449763   -0.324192 0.000384665
       14924   -0.454068     -0.3242 0.000384738
       14925   -0.434385   -0.324208 0.000384783
       14926   -0.405799   -0.324213 0.000384796
       14927    -0.42276    -0.32422 0.000384827
       14928   -0.460572   -0.324229  0.00038491
       14929   -0.464048   -0.324238 0.000384998
       14930   -0.444324   -0.324246 0.000385056
       14931    -0.41199   -0.324252 0.000385075
       14932   -0.383265   -0.324256  0.00038507
       14933   -0.397653   -0.324261 0.000385075
       14934   -0.439939   -0.324269 0.000385127
       14935   -0.465685   -0.324278 0.000385218
       14936   -0.467169   -0.324288 0.000385311
       14937   -0.456837   -0.324297 0.000385387
       14938   -0.444276   -0.324305 0.000385445
       14939   -0.436169   -0.324312 0.000385492
       14940   -0.441636    -0.32432 0.000385546
       14941   -0.451839   -0.324329 0.000385615
       14942   -0.448967   -0.324337 0.000385679
       14943   -0.431951   -0.324344 0.000385721
       14944   -0.418213    -0.32435 0.000385746
       14945   -0.405865   -0.324356 0.000385759
       14946   -0.376408   -0.324359 0.000385749
       14947   -0.384259   -0.324363 0.000385744
       14948   -0.446007   -0.324371 0.000385804
       14949   -0.468838   -0.324381 0.000385899
       14950    -0.46288    -0.32439 0.000385984
       14951   -0.452538   -0.324399 0.000386054
       14952   -0.441068   -0.324407 0.000386107
       14953   -0.424634   -0.324413 0.000386139
       14954   -0.413606   -0.324419 0.000386159
       14955    -0.42187   -0.324426 0.000386188
       14956   -0.430371   -0.324433 0.000386228
       14957   -0.361499   -0.324435  0.00038621
       14958   -0.373381   -0.324439 0.000386198
       14959   -0.445136   -0.324447 0.000386256
       14960   -0.449717   -0.324455 0.000386321
       14961   -0.429835   -0.324462  0.00038636
       14962   -0.396611   -0.324467 0.000386364
       14963   -0.374902    -0.32447 0.000386353
       14964   -0.400521   -0.324476  0.00038636
       14965   -0.395029    -0.32448 0.000386363
       14966   -0.375302   -0.324484 0.000386352
       14967   -0.382668   -0.324488 0.000386346
       14968   -0.405707   -0.324493 0.000386358
       14969   -0.426197     -0.3245 0.000386392
       14970   -0.430298   -0.324507 0.000386431
       14971     -0.4085   -0.324512 0.000386446
       14972   -0.377406   -0.324516 0.000386436
       14973   -0.367016   -0.324519 0.000386421
       14974   -0.344786    -0.32452 0.000386398
       14975   -0.362857   -0.324523  0.00038638
       14976   -0.403929   -0.324528 0.000386391
       14977   -0.407082   -0.324534 0.000386404
       14978   -0.386455   -0.324538 0.000386401
       14979   -0.364664    -0.32454 0.000386384
       14980   -0.362354   -0.324543 0.000386367
       14981   -0.381418   -0.324547 0.000386359
       14982   -0.401383   -0.324552 0.000386368
       14983   -0.408735   -0.324557 0.000386383
       14984   -0.399209   -0.324562 0.000386389
       14985   -0.374098   -0.324566 0.000386377
       14986   -0.371075   -0.324569 0.000386364
       14987   -0.372147   -0.324572 0.000386351
       14988   -0.370987   -0.324575 0.000386338
       14989   -0.388553   -0.324579 0.000386336
       14990   -0.386274   -0.324583 0.000386332
       14991   -0.367168   -0.324586 0.000386317
       14992   -0.376143    -0.32459 0.000386306
       14993    -0.40968   -0.324595 0.000386322
       14994   -0.379563   -0.324599 0.000386314
       14995    -0.37492   -0.324602 0.000386303
       14996   -0.394114   -0.324607 0.000386305
       14997   -0.367198    -0.32461 0.000386289
       14998   -0.332845    -0.32461 0.000386264
       14999   -0.351331   -0.324612 0.000386242
       15000   -0.387385   -0.324616 0.000386239
       15001   -0.402688   -0.324622 0.000386248
       15002   -0.406612   -0.324627 0.000386261
       15003   -0.405176   -0.324632 0.000386273
       15004   -0.401531   -0.324638 0.000386281
       15005   -0.395961   -0.324642 0.000386285
       15006   -0.389574   -0.324647 0.000386283
       15007   -0.388874   -0.324651 0.000386281
       15008     -0.3954   -0.324656 0.000386284
       15009   -0.402676   -0.324661 0.000386293
       15010   -0.403428   -0.324666 0.000386303
       15011   -0.393987   -0.324671 0.000386305
       15012   -0.375782   -0.324674 0.000386295
       15013   -0.353657   -0.324676 0.000386274
       15014   -0.342011   -0.324677  0.00038625
       15015   -0.345239   -0.324679 0.000386226
       15016   -0.365822   -0.324681  0.00038621
       15017   -0.395108   -0.324686 0.000386213
       15018   -0.407877   -0.324692 0.000386227
       15019   -0.398262   -0.324696 0.000386232
       15020   -0.379272     -0.3247 0.000386224
       15021   -0.354998   -0.324702 0.000386203
       15022   -0.350795   -0.324704 0.000386182
       15023   -0.370891   -0.324707 0.000386168
       15024   -0.386278   -0.324711 0.000386164
       15025   -0.386738   -0.324715  0.00038616
       15026    -0.38099   -0.324719 0.000386153
       15027   -0.383677   -0.324723 0.000386147
       15028   -0.388113   -0.324727 0.000386145
       15029   -0.376468    -0.32473 0.000386134
       15030     -0.3329   -0.324731 0.000386109
       15031    -0.28119   -0.324728 0.000386094
       15032   -0.303371   -0.324727 0.000386071
       15033    -0.34483   -0.324728 0.000386048
       15034   -0.372071   -0.324731 0.000386035
       15035   -0.383041   -0.324735 0.000386029
       15036   -0.370736   -0.324738 0.000386015
       15037   -0.347162    -0.32474 0.000385992
       15038   -0.343423   -0.324741 0.000385969
       15039   -0.358676   -0.324743 0.000385949
       15040   -0.367946   -0.324746 0.000385935
       15041   -0.367426   -0.324749 0.000385919
       15042   -0.362582   -0.324751 0.000385902
       15043   -0.357466   -0.324753 0.000385882
       15044   -0.348641   -0.324755  0.00038586
       15045   -0.312849   -0.324754 0.000385835
       15046   -0.293055   -0.324752 0.000385815
       15047     -0.3378   -0.324753 0.000385791
       15048   -0.336561   -0.324754 0.000385766
       15049   -0.327554   -0.324754  0.00038574
       15050   -0.318103   -0.324754 0.000385715
       15051   -0.263602    -0.32475  0.00038571
       15052   -0.257679   -0.324745 0.000385711
       15053   -0.315141   -0.324744 0.000385686
       15054   -0.363415   -0.324747 0.000385668
       15055   -0.360359   -0.324749  0.00038565
       15056   -0.338251    -0.32475 0.000385626
       15057   -0.301729   -0.324749 0.000385603
       15058   -0.288346   -0.324746 0.000385585
       15059   -0.317838   -0.324746  0.00038556
       15060   -0.342352   -0.324747 0.000385536
       15061   -0.348409   -0.324749 0.000385513
       15062   -0.343426    -0.32475  0.00038549
       15063   -0.334859    -0.32475 0.000385465
       15064   -0.325897   -0.324751 0.000385439
       15065   -0.321979    -0.32475 0.000385414
       15066   -0.326015    -0.32475 0.000385388
       15067    -0.33072   -0.324751 0.000385363
       15068   -0.335257   -0.324752 0.000385338
       15069   -0.337967   -0.324752 0.000385313
       15070   -0.337511   -0.324753 0.000385289
       15071   -0.340963   -0.324754 0.000385264
       15072   -0.351313   -0.324756 0.000385243
       15073    -0.36051   -0.324758 0.000385225
       15074   -0.361833   -0.324761 0.000385207
       15075   -0.358142   -0.324763 0.000385188
       15076   -0.352472   -0.324765 0.000385167
       15077   -0.341749   -0.324766 0.000385143
       15078    -0.33751   -0.324767 0.000385118
       15079   -0.345476   -0.324768 0.000385095
       15080   -0.359178   -0.324771 0.000385076
       15081   -0.375226   -0.324774 0.000385065
       15082   -0.382475   -0.324778 0.000385059
       15083    -0.37019   -0.324781 0.000385045
       15084   -0.348128   -0.324782 0.000385023
       15085   -0.352672   -0.324784 0.000385001
       15086    -0.37568   -0.324788 0.000384991
       15087   -0.385778   -0.324792 0.000384986
       15088   -0.382764   -0.324795  0.00038498
       15089   -0.370929   -0.324799 0.000384967
       15090    -0.34789     -0.3248 0.000384944
       15091   -0.343273   -0.324801 0.000384921
       15092   -0.378304   -0.324805 0.000384911
       15093   -0.402312    -0.32481  0.00038492
       15094   -0.406492   -0.324815 0.000384933
       15095   -0.402067    -0.32482 0.000384941
       15096   -0.395833   -0.324825 0.000384945
       15097   -0.375669   -0.324829 0.000384934
       15098   -0.317286   -0.324828 0.000384909
       15099   -0.319778   -0.324828 0.000384883
       15100   -0.381426   -0.324831 0.000384876
       15101   -0.409401   -0.324837 0.000384891
       15102    -0.40583   -0.324842 0.000384903
       15103   -0.379734   -0.324846 0.000384895
       15104   -0.341146   -0.324847 0.000384871
       15105   -0.369521    -0.32485 0.000384857
       15106   -0.417773   -0.324856  0.00038488
       15107   -0.435962   -0.324864 0.000384925
       15108   -0.418143    -0.32487 0.000384949
       15109   -0.394017   -0.324874 0.000384951
       15110   -0.409492    -0.32488 0.000384966
       15111   -0.413896   -0.324886 0.000384986
       15112   -0.412248   -0.324892 0.000385004
       15113   -0.418673   -0.324898 0.000385028
       15114   -0.420931   -0.324904 0.000385055
       15115   -0.415547    -0.32491 0.000385076
       15116   -0.413055   -0.324916 0.000385095
       15117   -0.420033   -0.324922 0.000385121
       15118   -0.426225   -0.324929 0.000385154
       15119   -0.410249   -0.324935  0.00038517
       15120   -0.379622   -0.324938 0.000385161
       15121   -0.352454    -0.32494  0.00038514
       15122   -0.337011   -0.324941 0.000385115
       15123   -0.338758   -0.324942 0.000385091
       15124   -0.375509   -0.324945  0.00038508
       15125   -0.410427   -0.324951 0.000385096
       15126   -0.428377   -0.324958 0.000385131
       15127   -0.431167   -0.324965  0.00038517
       15128   -0.427805   -0.324971 0.000385204
       15129   -0.422816   -0.324978 0.000385233
       15130   -0.407948   -0.324983 0.000385247
       15131   -0.383054   -0.324987  0.00038524
       15132    -0.37565   -0.324991  0.00038523
       15133   -0.394329   -0.324995 0.000385231
       15134   -0.388816   -0.324999 0.000385229
       15135   -0.354708   -0.325001 0.000385208
       15136   -0.357019   -0.325003 0.000385189
       15137   -0.381882   -0.325007 0.000385182
       15138   -0.386686   -0.325011 0.000385178
       15139   -0.365195   -0.325014 0.000385162
       15140    -0.36085   -0.325016 0.000385143
       15141   -0.380108    -0.32502 0.000385135
       15142   -0.384714   -0.325024  0.00038513
       15143   -0.372523   -0.325027 0.000385117
       15144   -0.358908   -0.325029 0.000385098
       15145   -0.359003   -0.325032 0.000385079
       15146   -0.371049   -0.325035 0.000385066
       15147   -0.376077   -0.325038 0.000385055
       15148   -0.372199   -0.325041 0.000385042
       15149   -0.383881   -0.325045 0.000385037
       15150   -0.384535   -0.325049 0.000385031
       15151   -0.329254   -0.325049 0.000385006
       15152   -0.300094   -0.325047 0.000384984
       15153   -0.327151   -0.325048 0.000384959
       15154    -0.34168   -0.325049 0.000384935
       15155   -0.341406    -0.32505 0.000384911
       15156    -0.36727   -0.325053 0.000384896
       15157   -0.386161   -0.325057 0.000384891
       15158   -0.385484   -0.325061 0.000384887
       15159    -0.37765   -0.325064 0.000384877
       15160   -0.362321   -0.325067 0.000384859
       15161   -0.349316   -0.325068 0.000384837
       15162   -0.347927    -0.32507 0.000384815
       15163   -0.334016    -0.32507  0.00038479
       15164   -0.323503    -0.32507 0.000384764
       15165   -0.334754   -0.325071  0.00038474
       15166   -0.340453   -0.325072 0.000384716
       15167   -0.344137   -0.325073 0.000384692
       15168   -0.302561   -0.325072  0.00038467
       15169   -0.286831   -0.325069 0.000384653
       15170   -0.373293   -0.325072  0.00038464
       15171   -0.401063   -0.325077 0.000384648
       15172   -0.387185   -0.325081 0.000384644
       15173   -0.360455   -0.325084 0.000384626
       15174   -0.368882   -0.325087 0.000384611
       15175   -0.401039   -0.325092 0.000384619
       15176    -0.41408   -0.325097 0.000384638
       15177   -0.386361   -0.325101 0.000384634
       15178   -0.301146     -0.3251 0.000384612
       15179   -0.290938   -0.325098 0.000384593
       15180   -0.352685   -0.325099 0.000384572
       15181   -0.376912   -0.325103 0.000384562
       15182   -0.389006   -0.325107 0.000384559
       15183   -0.396324   -0.325112 0.000384563
       15184   -0.395077   -0.325116 0.000384565
       15185   -0.377972    -0.32512 0.000384555
       15186   -0.347996   -0.325121 0.000384533
       15187   -0.327707   -0.325122 0.000384508
       15188   -0.331539   -0.325122 0.000384483
       15189   -0.349296   -0.325124 0.000384461
       15190   -0.369986   -0.325126 0.000384447
       15191   -0.381482    -0.32513 0.000384439
       15192   -0.381051   -0.325134 0.000384432
       15193   -0.375182   -0.325137  0.00038442
       15194   -0.371575    -0.32514 0.000384407
       15195   -0.373391   -0.325143 0.000384395
       15196   -0.378097   -0.325147 0.000384386
       15197   -0.382917   -0.325151 0.000384379
       15198   -0.385201   -0.325155 0.000384374
       15199   -0.377409   -0.325158 0.000384364
       15200   -0.350381    -0.32516 0.000384342
       15201   -0.322881    -0.32516 0.000384317
       15202   -0.325793    -0.32516 0.000384292
       15203    -0.34921   -0.325161  0.00038427
       15204   -0.365328   -0.325164 0.000384254
       15205   -0.363519   -0.325166 0.000384237
       15206   -0.359229   -0.325169 0.000384218
       15207   -0.365711   -0.325171 0.000384202
       15208   -0.367621   -0.325174 0.000384187
       15209   -0.357958   -0.325176 0.000384168
       15210   -0.350793   -0.325178 0.000384146
       15211   -0.355233    -0.32518 0.000384126
       15212    -0.36608   -0.325183  0.00038411
       15213   -0.375656   -0.325186 0.000384099
       15214   -0.385692    -0.32519 0.000384094
       15215   -0.381846   -0.325194 0.000384087
       15216    -0.32307   -0.325193 0.000384062
       15217   -0.300677   -0.325192  0.00038404
       15218   -0.341073   -0.325193 0.000384016
       15219   -0.347904   -0.325194 0.000383994
       15220   -0.353946   -0.325196 0.000383973
       15221   -0.348543   -0.325198 0.000383951
       15222   -0.340625   -0.325199 0.000383927
       15223   -0.349773     -0.3252 0.000383906
       15224   -0.352751   -0.325202 0.000383885
       15225   -0.348753   -0.325204 0.000383862
       15226   -0.344643   -0.325205 0.000383839
       15227   -0.336648   -0.325206 0.000383815
       15228   -0.329278   -0.325206  0.00038379
       15229   -0.322732   -0.325206 0.000383765
       15230    -0.31307   -0.325205  0.00038374
       15231   -0.305095   -0.325204 0.000383717
       15232   -0.299881   -0.325202 0.000383696
       15233   -0.280566   -0.325199 0.000383682
       15234   -0.260848   -0.325195  0.00038368
       15235   -0.268563   -0.325191 0.000383673
       15236    -0.27793   -0.325188  0.00038366
       15237    -0.27602   -0.325185 0.000383648
       15238    -0.26943   -0.325181 0.000383641
       15239   -0.269866   -0.325178 0.000383633
       15240   -0.277341   -0.325175  0.00038362
       15241   -0.282268   -0.325172 0.000383606
       15242   -0.283187   -0.325169  0.00038359
       15243    -0.28322   -0.325166 0.000383575
       15244   -0.282922   -0.325163  0.00038356
       15245   -0.282856   -0.325161 0.000383545
       15246   -0.282746   -0.325158  0.00038353
       15247   -0.281134   -0.325155 0.000383515
       15248   -0.275833   -0.325152 0.000383504
       15249    -0.25905   -0.325147 0.000383503
       15250   -0.236388   -0.325142 0.000383522
       15251   -0.248876   -0.325137  0.00038353
       15252   -0.270161   -0.325133 0.000383521
       15253   -0.275264    -0.32513  0.00038351
       15254   -0.272245   -0.325126 0.000383501
       15255   -0.265839   -0.325122 0.000383495
       15256   -0.262441   -0.325118 0.000383492
       15257   -0.268493   -0.325115 0.000383485
       15258   -0.274716   -0.325111 0.000383474
       15259   -0.268456   -0.325108 0.000383467
       15260   -0.251094   -0.325103 0.000383472
       15261   -0.239356   -0.325097 0.000383488
       15262   -0.246091   -0.325092 0.000383498
       15263   -0.270854   -0.325088  0.00038349
       15264   -0.291985   -0.325086 0.000383471
       15265   -0.301497   -0.325085 0.000383449
       15266   -0.302656   -0.325083 0.000383426
       15267    -0.29329   -0.325081 0.000383407
       15268   -0.279748   -0.325078 0.000383393
       15269   -0.275038   -0.325075 0.000383382
       15270   -0.276353   -0.325072  0.00038337
       15271    -0.27919   -0.325069 0.000383357
       15272   -0.304318   -0.325067 0.000383334
       15273   -0.317372   -0.325067  0.00038331
       15274   -0.286251   -0.325064 0.000383293
       15275   -0.303967   -0.325063  0.00038327
       15276   -0.291098   -0.325061 0.000383252
       15277   -0.274318   -0.325057 0.000383241
       15278   -0.295614   -0.325055 0.000383221
       15279   -0.314645   -0.325055 0.000383196
       15280   -0.331866   -0.325055 0.000383171
       15281   -0.349181   -0.325057  0.00038315
       15282   -0.338024   -0.325058 0.000383125
       15283   -0.301435   -0.325056 0.000383103
       15284   -0.289241   -0.325054 0.000383086
       15285   -0.277902   -0.325051 0.000383073
       15286   -0.266775   -0.325047 0.000383067
       15287   -0.315218   -0.325046 0.000383042
       15288   -0.348748   -0.325048  0.00038302
       15289   -0.327876   -0.325048 0.000382995
       15290    -0.31131   -0.325047 0.000382971
       15291   -0.326097   -0.325047 0.000382946
       15292   -0.346979   -0.325048 0.000382924
       15293   -0.355165    -0.32505 0.000382904
       15294   -0.353552   -0.325052 0.000382884
       15295   -0.345821   -0.325054 0.000382861
       15296   -0.332775   -0.325054 0.000382836
       15297   -0.305476   -0.325053 0.000382813
       15298   -0.277499    -0.32505 0.000382801
       15299   -0.308457   -0.325049 0.000382777
       15300   -0.341248    -0.32505 0.000382754
       15301   -0.341393   -0.325051  0.00038273
       15302   -0.324263   -0.325051 0.000382705
       15303   -0.310557    -0.32505 0.000382682
       15304   -0.294657   -0.325048 0.000382662
       15305   -0.291969   -0.325046 0.000382643
       15306   -0.310321   -0.325045 0.000382619
       15307   -0.324489   -0.325045 0.000382594
       15308   -0.325854   -0.325045 0.000382569
       15309   -0.321086   -0.325044 0.000382544
       15310   -0.315106   -0.325044  0.00038252
       15311    -0.31127   -0.325043 0.000382496
       15312   -0.312541   -0.325042 0.000382472
       15313   -0.317737   -0.325042 0.000382447
       15314   -0.321544   -0.325041 0.000382422
       15315   -0.319562   -0.325041 0.000382397
       15316   -0.311163    -0.32504 0.000382373
       15317   -0.301291   -0.325039 0.000382352
       15318   -0.294682   -0.325037 0.000382332
       15319   -0.286429   -0.325034 0.000382315
       15320   -0.280147   -0.325031 0.000382301
       15321   -0.300906    -0.32503  0.00038228
       15322    -0.32894    -0.32503 0.000382255
       15323   -0.340431   -0.325031 0.000382231
       15324   -0.338416   -0.325032 0.000382207
       15325   -0.319455   -0.325031 0.000382182
       15326   -0.282903   -0.325029 0.000382167
       15327   -0.266064   -0.325025 0.000382162
       15328     -0.2777   -0.325022 0.000382149
       15329   -0.285821   -0.325019 0.000382133
       15330   -0.264116   -0.325015 0.000382129
       15331   -0.256077   -0.325011  0.00038213
       15332   -0.297932   -0.325009 0.000382109
       15333   -0.320086   -0.325009 0.000382085
       15334   -0.326179   -0.325009  0.00038206
       15335   -0.325348   -0.325009 0.000382035
       15336   -0.315317   -0.325008  0.00038201
       15337   -0.292719   -0.325006 0.000381991
       15338   -0.283784   -0.325003 0.000381976
       15339   -0.289727   -0.325001 0.000381958
       15340   -0.260335   -0.324997 0.000381956
       15341   -0.223115    -0.32499 0.000381989
       15342   -0.247704   -0.324985 0.000381997
       15343   -0.302235   -0.324984 0.000381975
       15344   -0.324985   -0.324984  0.00038195
       15345   -0.309075   -0.324982 0.000381927
       15346   -0.282449    -0.32498 0.000381912
       15347   -0.294132   -0.324978 0.000381893
       15348   -0.306773   -0.324977 0.000381869
       15349   -0.297251   -0.324975 0.000381849
       15350   -0.292448   -0.324973  0.00038183
       15351   -0.308441   -0.324972 0.000381807
       15352   -0.284744   -0.324969 0.000381791
       15353   -0.241639   -0.324963 0.000381804
       15354   -0.296989   -0.324962 0.000381784
       15355   -0.324367   -0.324962 0.000381759
       15356   -0.310908   -0.324961 0.000381735
       15357   -0.263823   -0.324957 0.000381731
       15358   -0.257952   -0.324952 0.000381731
       15359   -0.231289   -0.324946 0.000381755
       15360   -0.239548   -0.324941 0.000381771
       15361    -0.30306   -0.324939 0.000381748
       15362   -0.333146    -0.32494 0.000381724
       15363   -0.340871   -0.324941 0.000381701
       15364   -0.340827   -0.324942 0.000381677
       15365   -0.335126   -0.324943 0.000381653
       15366   -0.325624   -0.324943 0.000381628
       15367    -0.31408   -0.324942 0.000381604
       15368   -0.299996    -0.32494 0.000381582
       15369   -0.285619   -0.324938 0.000381566
       15370   -0.282869   -0.324935 0.000381551
       15371   -0.297115   -0.324933 0.000381531
       15372   -0.311413   -0.324932 0.000381507
       15373   -0.313773   -0.324932 0.000381483
       15374   -0.306688    -0.32493  0.00038146
       15375   -0.294264   -0.324928  0.00038144
       15376   -0.272547   -0.324925 0.000381431
       15377   -0.244136    -0.32492 0.000381442
       15378   -0.231085   -0.324914 0.000381466
       15379   -0.254939   -0.324909 0.000381468
       15380   -0.291145   -0.324907  0.00038145
       15381   -0.306281   -0.324906 0.000381427
       15382   -0.310785   -0.324905 0.000381403
       15383   -0.316657   -0.324904 0.000381379
       15384   -0.321355   -0.324904 0.000381354
       15385    -0.31757   -0.324903  0.00038133
       15386   -0.299678   -0.324902 0.000381308
       15387   -0.279989   -0.324899 0.000381295
       15388   -0.289474   -0.324897 0.000381277
       15389   -0.310378   -0.324896 0.000381253
       15390   -0.317246   -0.324895 0.000381229
       15391   -0.320219   -0.324895 0.000381204
       15392   -0.324769   -0.324895 0.000381179
       15393   -0.314187   -0.324894 0.000381155
       15394   -0.288961   -0.324892 0.000381138
       15395    -0.27973   -0.324889 0.000381124
       15396   -0.283129   -0.324886 0.000381109
       15397   -0.283635   -0.324884 0.000381094
       15398   -0.291449   -0.324881 0.000381075
       15399   -0.299132    -0.32488 0.000381054
       15400   -0.294669   -0.324878 0.000381034
       15401   -0.281685   -0.324875  0.00038102
       15402   -0.276348   -0.324872 0.000381008
       15403   -0.265133   -0.324868 0.000381003
       15404   -0.250383   -0.324863 0.000381009
       15405   -0.249803   -0.324858 0.000381016
       15406   -0.282219   -0.324855 0.000381001
       15407   -0.311795   -0.324855 0.000380977
       15408   -0.308344   -0.324853 0.000380954
       15409   -0.273771    -0.32485 0.000380944
       15410   -0.254924   -0.324846 0.000380946
       15411   -0.286413   -0.324843 0.000380929
       15412   -0.300395   -0.324842 0.000380908
       15413   -0.292555   -0.324839 0.000380889
       15414     -0.3057   -0.324838 0.000380866
       15415   -0.311943   -0.324837 0.000380843
       15416   -0.307024   -0.324836  0.00038082
       15417   -0.320605   -0.324836 0.000380795
       15418   -0.344666   -0.324837 0.000380773
       15419   -0.334202   -0.324838 0.000380748
       15420   -0.288579   -0.324835 0.000380731
       15421   -0.262727   -0.324831 0.000380727
       15422   -0.287016   -0.324829 0.000380711
       15423   -0.331168   -0.324829 0.000380686
       15424   -0.361856   -0.324832 0.000380669
       15425    -0.36962   -0.324835 0.000380656
       15426   -0.363804   -0.324837 0.000380639
       15427     -0.3517   -0.324839 0.000380619
       15428   -0.336217    -0.32484 0.000380595
       15429   -0.323881    -0.32484  0.00038057
       15430   -0.325075    -0.32484 0.000380545
       15431   -0.329375    -0.32484 0.000380521
       15432   -0.328366    -0.32484 0.000380496
       15433   -0.330212   -0.324841 0.000380472
       15434   -0.336487   -0.324841 0.000380448
       15435   -0.343506   -0.324843 0.000380425
       15436   -0.350828   -0.324844 0.000380404
       15437   -0.356997   -0.324846 0.000380385
       15438   -0.358532   -0.324848 0.000380367
       15439   -0.351417    -0.32485 0.000380346
       15440   -0.344826   -0.324851 0.000380324
       15441   -0.349946   -0.324853 0.000380302
       15442   -0.339739   -0.324854 0.000380279
       15443   -0.324745   -0.324854 0.000380254
       15444   -0.332945   -0.324855  0.00038023
       15445   -0.351755   -0.324856 0.000380209
       15446   -0.377366    -0.32486   0.0003802
       15447    -0.40468   -0.324865 0.000380211
       15448   -0.423747   -0.324871  0.00038024
       15449   -0.435965   -0.324878 0.000380283
       15450    -0.44409   -0.324886 0.000380337
       15451   -0.448222   -0.324894 0.000380396
       15452   -0.446281   -0.324902 0.000380452
       15453   -0.435228   -0.324909 0.000380495
       15454   -0.412678   -0.324915 0.000380513
       15455   -0.376971   -0.324918 0.000380503
       15456   -0.347174    -0.32492 0.000380481
       15457   -0.355708   -0.324922 0.000380462
       15458   -0.375719   -0.324925 0.000380451
       15459   -0.392843   -0.324929 0.000380452
       15460   -0.406893   -0.324935 0.000380464
       15461   -0.419657   -0.324941 0.000380489
       15462   -0.408101   -0.324946 0.000380502
       15463   -0.372287   -0.324949  0.00038049
       15464   -0.377779   -0.324953 0.000380481
       15465     -0.4043   -0.324958 0.000380491
       15466   -0.408147   -0.324963 0.000380504
       15467   -0.394959   -0.324968 0.000380507
       15468   -0.372374   -0.324971 0.000380494
       15469   -0.352247   -0.324972 0.000380474
       15470   -0.340687   -0.324973 0.000380451
       15471   -0.329883   -0.324974 0.000380426
       15472   -0.326902   -0.324974 0.000380402
       15473   -0.344477   -0.324975 0.000380379
       15474   -0.362817   -0.324978 0.000380362
       15475   -0.368618    -0.32498 0.000380348
       15476   -0.367034   -0.324983 0.000380333
       15477   -0.364562   -0.324986 0.000380317
       15478   -0.362926   -0.324988 0.000380301
       15479   -0.352666    -0.32499  0.00038028
       15480   -0.305638   -0.324989 0.000380258
       15481   -0.285583   -0.324986 0.000380242
       15482   -0.311435   -0.324985 0.000380218
       15483   -0.271683   -0.324982 0.000380209
       15484   -0.239004   -0.324976 0.000380225
       15485   -0.313813   -0.324976 0.000380201
       15486   -0.340265   -0.324977 0.000380178
       15487   -0.343727   -0.324978 0.000380155
       15488   -0.343255   -0.324979 0.000380133
       15489   -0.341756    -0.32498  0.00038011
       15490   -0.336322   -0.324981 0.000380086
       15491   -0.326355   -0.324981 0.000380061
       15492   -0.316404    -0.32498 0.000380037
       15493   -0.302273   -0.324979 0.000380016
       15494    -0.30619   -0.324978 0.000379993
       15495   -0.332508   -0.324978 0.000379969
       15496   -0.339537   -0.324979 0.000379945
       15497    -0.31939   -0.324979 0.000379921
       15498   -0.285399   -0.324976 0.000379905
       15499   -0.276195   -0.324973 0.000379894
       15500   -0.308248   -0.324972 0.000379871
       15501   -0.331723   -0.324972 0.000379846
       15502   -0.331681   -0.324973 0.000379822
       15503   -0.308935   -0.324972 0.000379799
       15504    -0.28505   -0.324969 0.000379783
       15505   -0.294584   -0.324967 0.000379764
       15506   -0.303332   -0.324966 0.000379742
       15507   -0.320423   -0.324966 0.000379718
       15508    -0.33638   -0.324966 0.000379694
       15509   -0.340126   -0.324967 0.000379671
       15510   -0.330319   -0.324968 0.000379646
       15511   -0.302743   -0.324966 0.000379624
       15512   -0.279065   -0.324963 0.000379612
       15513   -0.296503   -0.324961 0.000379591
       15514   -0.302747    -0.32496  0.00037957
       15515   -0.295842   -0.324958  0.00037955
       15516   -0.310197   -0.324957 0.000379527
       15517   -0.329661   -0.324957 0.000379502
       15518   -0.345807   -0.324959  0.00037948
       15519   -0.351264    -0.32496  0.00037946
       15520   -0.341322   -0.324962 0.000379437
       15521   -0.319108   -0.324961 0.000379412
       15522   -0.302576    -0.32496 0.000379391
       15523   -0.309047   -0.324959 0.000379368
       15524   -0.304704   -0.324957 0.000379345
       15525     -0.2764   -0.324954 0.000379334
       15526   -0.287996   -0.324952 0.000379317
       15527   -0.325115   -0.324952 0.000379292
       15528   -0.342875   -0.324953  0.00037927
       15529    -0.34743   -0.324954 0.000379248
       15530   -0.349817   -0.324956 0.000379227
       15531   -0.353905   -0.324958 0.000379207
       15532    -0.35702    -0.32496 0.000379188
       15533   -0.356264   -0.324962 0.000379169
       15534   -0.347853   -0.324963 0.000379148
       15535   -0.325776   -0.324964 0.000379123
       15536   -0.298529   -0.324962 0.000379103
       15537   -0.281378   -0.324959 0.000379089
       15538   -0.283487   -0.324956 0.000379074
       15539   -0.315562   -0.324956  0.00037905
       15540   -0.300768   -0.324954 0.000379029
       15541   -0.288588   -0.324952 0.000379011
       15542    -0.32058   -0.324952 0.000378987
       15543   -0.331595   -0.324952 0.000378963
       15544   -0.330257   -0.324952 0.000378939
       15545   -0.322588   -0.324952 0.000378914
       15546   -0.307356   -0.324951 0.000378892
       15547   -0.288683   -0.324949 0.000378875
       15548   -0.280476   -0.324946 0.000378861
       15549   -0.287015   -0.324943 0.000378845
       15550   -0.291552   -0.324941 0.000378826
       15551   -0.280363   -0.324938 0.000378813
       15552   -0.254023   -0.324934 0.000378816
       15553   -0.232357   -0.324928 0.000378838
       15554   -0.241629   -0.324923 0.000378852
       15555   -0.266564   -0.324919 0.000378846
       15556   -0.282441   -0.324916 0.000378831
       15557   -0.286423   -0.324914 0.000378815
       15558   -0.279861   -0.324911 0.000378802
       15559   -0.265231   -0.324907 0.000378797
       15560   -0.256879   -0.324902 0.000378798
       15561   -0.263634   -0.324899 0.000378794
       15562   -0.272279   -0.324895 0.000378785
       15563   -0.280368   -0.324892 0.000378771
       15564   -0.290047    -0.32489 0.000378753
       15565   -0.291148   -0.324888 0.000378735
       15566   -0.287254   -0.324885 0.000378719
       15567   -0.292596   -0.324883   0.0003787
       15568    -0.29666   -0.324882  0.00037868
       15569   -0.285938   -0.324879 0.000378664
       15570   -0.285667   -0.324877 0.000378648
       15571    -0.30607   -0.324875 0.000378626
       15572   -0.314279   -0.324875 0.000378602
       15573    -0.30741   -0.324874 0.000378579
       15574   -0.310284   -0.324873 0.000378556
       15575   -0.328684   -0.324873 0.000378532
       15576   -0.338775   -0.324874 0.000378509
       15577   -0.320802   -0.324874 0.000378485
       15578   -0.243509   -0.324868 0.000378496
       15579   -0.281429   -0.324865 0.000378482
       15580   -0.307335   -0.324864  0.00037846
       15581   -0.272941   -0.324861  0.00037845
       15582   -0.299696   -0.324859 0.000378429
       15583    -0.33607    -0.32486 0.000378406
       15584   -0.348591   -0.324862 0.000378384
       15585   -0.348585   -0.324863 0.000378363
       15586   -0.359464   -0.324865 0.000378345
       15587    -0.37278   -0.324868 0.000378334
       15588    -0.35526    -0.32487 0.000378314
       15589   -0.304617   -0.324869 0.000378292
       15590   -0.265057   -0.324865 0.000378287
       15591   -0.263002   -0.324861 0.000378284
       15592   -0.284164   -0.324859 0.000378269
       15593   -0.311348   -0.324858 0.000378245
       15594   -0.327695   -0.324858 0.000378221
       15595   -0.324803   -0.324858 0.000378197
       15596   -0.313422   -0.324857 0.000378173
       15597   -0.323812   -0.324857 0.000378149
       15598   -0.331517   -0.324858 0.000378125
       15599   -0.271374   -0.324854 0.000378117
       15600   -0.233376   -0.324848 0.000378138
       15601   -0.286045   -0.324846 0.000378122
       15602   -0.276447   -0.324843  0.00037811
       15603   -0.266858   -0.324839 0.000378104
       15604   -0.301639   -0.324838 0.000378083
       15605   -0.329883   -0.324838 0.000378059
       15606    -0.33778   -0.324839 0.000378036
       15607   -0.334854   -0.324839 0.000378012
       15608   -0.326745   -0.324839 0.000377988
       15609    -0.31788   -0.324839 0.000377964
       15610   -0.314567   -0.324838  0.00037794
       15611   -0.320442   -0.324838 0.000377916
       15612   -0.327547   -0.324838 0.000377892
       15613   -0.321737   -0.324838 0.000377868
       15614   -0.322153   -0.324838 0.000377843
       15615   -0.342716   -0.324839 0.000377821
       15616   -0.353364   -0.324841 0.000377801
       15617   -0.351494   -0.324843 0.000377781
       15618   -0.346454   -0.324844 0.000377759
       15619   -0.338655   -0.324845 0.000377736
       15620   -0.325149   -0.324845 0.000377712
       15621    -0.31455   -0.324844 0.000377688
       15622   -0.322373   -0.324844 0.000377664
       15623   -0.337923   -0.324845 0.000377641
       15624   -0.342491   -0.324846 0.000377618
       15625   -0.337447   -0.324847 0.000377595
       15626   -0.314608   -0.324846 0.000377572
       15627   -0.299644   -0.324845 0.000377551
       15628   -0.344494   -0.324846 0.000377529
       15629   -0.353581   -0.324848 0.000377509
       15630   -0.339036   -0.324849 0.000377486
       15631   -0.320757   -0.324848 0.000377462
       15632   -0.314142   -0.324848 0.000377438
       15633   -0.314278   -0.324847 0.000377415
       15634   -0.316906   -0.324846 0.000377391
       15635   -0.315961   -0.324846 0.000377367
       15636   -0.300232   -0.324844 0.000377347
       15637   -0.303002   -0.324843 0.000377325
       15638   -0.324415   -0.324843 0.000377301
       15639   -0.338151   -0.324844 0.000377278
       15640   -0.342764   -0.324845 0.000377255
       15641   -0.340093   -0.324846 0.000377232
       15642   -0.332458   -0.324846 0.000377209
       15643   -0.331431   -0.324847 0.000377185
       15644   -0.340943   -0.324848 0.000377162
       15645   -0.347504   -0.324849 0.000377141
       15646   -0.344647    -0.32485 0.000377119
       15647   -0.342661   -0.324852 0.000377096
       15648   -0.352589   -0.324853 0.000377076
       15649   -0.366669   -0.324856 0.000377062
       15650   -0.362165   -0.324858 0.000377045
       15651   -0.331514   -0.324859 0.000377021
       15652   -0.323144   -0.324859 0.000376997
       15653   -0.348934    -0.32486 0.000376976
       15654   -0.359404   -0.324863 0.000376959
       15655   -0.351024   -0.324864 0.000376938
       15656   -0.332322   -0.324865 0.000376915
       15657   -0.323337   -0.324865 0.000376891
       15658   -0.341611   -0.324866 0.000376868
       15659   -0.362327   -0.324868 0.000376852
       15660   -0.362925    -0.32487 0.000376835
       15661   -0.328818   -0.324871 0.000376811
       15662   -0.292625   -0.324869 0.000376793
       15663   -0.325623   -0.324869 0.000376769
       15664    -0.33523   -0.324869 0.000376745
       15665   -0.328078    -0.32487 0.000376721
       15666   -0.315562   -0.324869 0.000376698
       15667   -0.296048   -0.324867 0.000376678
       15668   -0.298755   -0.324865 0.000376658
       15669   -0.313494   -0.324865 0.000376635
       15670   -0.319611   -0.324864 0.000376611
       15671   -0.318606   -0.324864 0.000376587
       15672   -0.306556   -0.324863 0.000376565
       15673   -0.288784   -0.324861 0.000376548
       15674   -0.304191   -0.324859 0.000376526
       15675   -0.329269   -0.324859 0.000376502
       15676   -0.331816    -0.32486 0.000376478
       15677   -0.319737    -0.32486 0.000376454
       15678   -0.315192   -0.324859 0.000376431
       15679   -0.318397   -0.324859 0.000376407
       15680    -0.32404   -0.324859 0.000376383
       15681   -0.335753   -0.324859  0.00037636
       15682   -0.348415   -0.324861 0.000376339
       15683   -0.358598   -0.324863 0.000376321
       15684   -0.360139   -0.324865 0.000376304
       15685   -0.344561   -0.324866 0.000376282
       15686   -0.314533   -0.324866 0.000376258
       15687   -0.300482   -0.324864 0.000376237
       15688   -0.313588   -0.324863 0.000376214
       15689    -0.33284   -0.324864 0.000376191
       15690   -0.366769   -0.324867 0.000376176
       15691   -0.382427    -0.32487  0.00037617
       15692   -0.388446   -0.324874 0.000376168
       15693   -0.390286   -0.324879 0.000376167
       15694   -0.383798   -0.324882 0.000376162
       15695   -0.367708   -0.324885 0.000376148
       15696   -0.350902   -0.324887 0.000376127
       15697   -0.347441   -0.324888 0.000376106
       15698   -0.354442    -0.32489 0.000376087
       15699   -0.364117   -0.324892 0.000376071
       15700   -0.369398   -0.324895 0.000376058
       15701   -0.369992   -0.324898 0.000376045
       15702   -0.370525   -0.324901 0.000376032
       15703   -0.369507   -0.324904 0.000376019
       15704   -0.353311   -0.324906 0.000375999
       15705   -0.310195   -0.324905 0.000375977
       15706   -0.286932   -0.324902  0.00037596
       15707   -0.312139   -0.324902 0.000375937
       15708   -0.347069   -0.324903 0.000375916
       15709   -0.362612   -0.324905   0.0003759
       15710   -0.360265   -0.324908 0.000375883
       15711   -0.353744   -0.324909 0.000375863
       15712    -0.35425   -0.324911 0.000375844
       15713   -0.361305   -0.324914 0.000375827
       15714   -0.360672   -0.324916  0.00037581
       15715   -0.336158   -0.324917 0.000375787
       15716    -0.33298   -0.324917 0.000375763
       15717   -0.374899    -0.32492 0.000375753
       15718   -0.376709   -0.324924 0.000375743
       15719   -0.340683   -0.324925 0.000375721
       15720   -0.325772   -0.324925 0.000375697
       15721    -0.32913   -0.324925 0.000375673
       15722   -0.383817   -0.324929 0.000375668
       15723   -0.416626   -0.324935 0.000375689
       15724   -0.376948   -0.324938  0.00037568
       15725    -0.29768   -0.324936  0.00037566
       15726    -0.28406   -0.324934 0.000375645
       15727   -0.327551   -0.324934 0.000375621
       15728   -0.364436   -0.324936 0.000375606
       15729   -0.364184   -0.324939  0.00037559
       15730   -0.355956   -0.324941 0.000375572
       15731   -0.375025   -0.324944 0.000375561
       15732   -0.396828   -0.324948 0.000375565
       15733   -0.413085   -0.324954 0.000375583
       15734   -0.420116    -0.32496 0.000375608
       15735   -0.422742   -0.324966 0.000375635
       15736   -0.427693   -0.324973 0.000375668
       15737   -0.423934   -0.324979 0.000375697
       15738   -0.391788   -0.324983 0.000375697
       15739   -0.338915   -0.324984 0.000375674
       15740   -0.349667   -0.324986 0.000375654
       15741     -0.3678   -0.324989  0.00037564
       15742   -0.315274   -0.324988 0.000375616
       15743   -0.345294   -0.324989 0.000375595
       15744   -0.396557   -0.324994 0.000375598
       15745   -0.389208   -0.324998 0.000375597
       15746   -0.369222   -0.325001 0.000375583
       15747   -0.369041   -0.325003  0.00037557
       15748    -0.37941   -0.325007 0.000375562
       15749    -0.37159    -0.32501  0.00037555
       15750   -0.336821   -0.325011 0.000375527
       15751   -0.288487   -0.325008  0.00037551
       15752   -0.288732   -0.325006 0.000375493
       15753   -0.329431   -0.325006 0.000375469
       15754   -0.347217   -0.325008 0.000375448
       15755    -0.34344   -0.325009 0.000375426
       15756   -0.331313   -0.325009 0.000375403
       15757   -0.322605   -0.325009 0.000375379
       15758   -0.319849   -0.325009 0.000375355
       15759   -0.302115   -0.325007 0.000375334
       15760   -0.258486   -0.325003 0.000375334
       15761   -0.225541   -0.324997 0.000375363
       15762   -0.202633   -0.324989  0.00037542
       15763   -0.209198   -0.324982 0.000375468
       15764   -0.244666   -0.324977 0.000375478
       15765   -0.273725   -0.324973 0.000375469
       15766   -0.290627   -0.324971 0.000375451
       15767   -0.292442   -0.324969 0.000375433
       15768   -0.290481   -0.324967 0.000375416
       15769   -0.292398   -0.324965 0.000375398
       15770   -0.300227   -0.324963 0.000375377
       15771   -0.308809   -0.324962 0.000375355
       15772    -0.29243    -0.32496 0.000375336
       15773   -0.228672   -0.324954 0.000375362
       15774   -0.188005   -0.324945 0.000375439
       15775   -0.217058   -0.324939 0.000375477
       15776   -0.229212   -0.324932 0.000375503
       15777   -0.235534   -0.324927 0.000375522
       15778   -0.284118   -0.324924 0.000375507
       15779   -0.324086   -0.324924 0.000375483
       15780   -0.334418   -0.324925  0.00037546
       15781   -0.322407   -0.324925 0.000375436
       15782   -0.315601   -0.324924 0.000375412
       15783   -0.251526   -0.324919 0.000375417
       15784   -0.253145   -0.324915 0.000375421
       15785   -0.329557   -0.324915 0.000375398
       15786   -0.299382   -0.324913 0.000375377
       15787   -0.264139    -0.32491 0.000375373
       15788   -0.271564   -0.324906 0.000375365
       15789   -0.267685   -0.324903 0.000375358
       15790   -0.279027     -0.3249 0.000375346
       15791    -0.30185   -0.324898 0.000375325
       15792   -0.320611   -0.324898 0.000375301
       15793   -0.332211   -0.324898 0.000375278
       15794   -0.335642   -0.324899 0.000375255
       15795   -0.327991   -0.324899 0.000375231
       15796    -0.30714   -0.324898 0.000375209
       15797   -0.287878   -0.324896 0.000375192
       15798   -0.293414   -0.324894 0.000375174
       15799   -0.307371   -0.324893 0.000375152
       15800   -0.309907   -0.324892 0.000375129
       15801   -0.311356   -0.324891 0.000375107
       15802   -0.318977   -0.324891 0.000375083
       15803   -0.324946   -0.324891 0.000375059
       15804   -0.325524   -0.324891 0.000375036
       15805   -0.320334    -0.32489 0.000375012
       15806   -0.305646   -0.324889  0.00037499
       15807   -0.279725   -0.324886 0.000374977
       15808   -0.263946   -0.324882 0.000374973
       15809     -0.2801    -0.32488  0.00037496
       15810   -0.313829   -0.324879 0.000374937
       15811   -0.345368    -0.32488 0.000374916
       15812   -0.364716   -0.324883 0.000374901
       15813   -0.371676   -0.324886 0.000374889
       15814   -0.361329   -0.324888 0.000374872
       15815   -0.319309   -0.324888 0.000374848
       15816   -0.277348   -0.324885 0.000374837
       15817   -0.300264   -0.324883 0.000374816
       15818    -0.31984   -0.324883 0.000374793
       15819   -0.331889   -0.324883 0.000374769
       15820   -0.361286   -0.324885 0.000374753
       15821   -0.380472   -0.324889 0.000374745
       15822   -0.381182   -0.324893 0.000374739
       15823   -0.373446   -0.324896 0.000374728
       15824   -0.353128   -0.324897 0.000374708
       15825   -0.309505   -0.324896 0.000374686
       15826   -0.332792   -0.324897 0.000374662
       15827   -0.391407   -0.324901 0.000374662
       15828   -0.400516   -0.324906 0.000374669
       15829   -0.368804   -0.324909 0.000374656
       15830   -0.330392   -0.324909 0.000374632
       15831   -0.351165   -0.324911 0.000374612
       15832   -0.361975   -0.324913 0.000374596
       15833   -0.370433   -0.324916 0.000374583
       15834   -0.355514   -0.324918 0.000374565
       15835   -0.375288   -0.324921 0.000374554
       15836   -0.407308   -0.324926 0.000374567
       15837   -0.382008    -0.32493 0.000374561
       15838   -0.337297   -0.324931 0.000374538
       15839    -0.32279    -0.32493 0.000374514
       15840   -0.344889   -0.324932 0.000374493
       15841   -0.370167   -0.324935  0.00037448
       15842   -0.380884   -0.324938 0.000374473
       15843   -0.374847   -0.324941 0.000374462
       15844   -0.364406   -0.324944 0.000374447
       15845   -0.362241   -0.324946 0.000374431
       15846   -0.362989   -0.324948 0.000374415
       15847   -0.361706   -0.324951 0.000374398
       15848   -0.359502   -0.324953 0.000374381
       15849    -0.35664   -0.324955 0.000374363
       15850   -0.349356   -0.324957 0.000374342
       15851   -0.329387   -0.324957 0.000374319
       15852    -0.29619   -0.324955   0.0003743
       15853   -0.279959   -0.324952 0.000374287
       15854   -0.300024   -0.324951 0.000374267
       15855   -0.327163   -0.324951 0.000374243
       15856   -0.342793   -0.324952 0.000374221
       15857   -0.349084   -0.324953 0.000374201
       15858   -0.346427   -0.324955 0.000374179
       15859   -0.331741   -0.324955 0.000374156
       15860   -0.311724   -0.324954 0.000374133
       15861    -0.30433   -0.324953 0.000374112
       15862   -0.319985   -0.324953 0.000374089
       15863   -0.331079   -0.324953 0.000374065
       15864   -0.335852   -0.324954 0.000374042
       15865   -0.336651   -0.324955 0.000374019
       15866   -0.325747   -0.324955 0.000373996
       15867   -0.310489   -0.324954 0.000373973
       15868    -0.27176    -0.32495 0.000373965
       15869   -0.263049   -0.324946 0.000373962
       15870   -0.295815   -0.324945 0.000373943
       15871   -0.310896   -0.324944  0.00037392
       15872   -0.308293   -0.324943 0.000373898
       15873   -0.322866   -0.324942 0.000373874
       15874    -0.33892   -0.324943 0.000373852
       15875   -0.347051   -0.324945 0.000373831
       15876    -0.34562   -0.324946  0.00037381
       15877   -0.333683   -0.324947 0.000373787
       15878   -0.313403   -0.324946 0.000373764
       15879   -0.285821   -0.324943 0.000373748
       15880   -0.269384    -0.32494 0.000373741
       15881   -0.284953   -0.324937 0.000373726
       15882   -0.293193   -0.324935 0.000373708
       15883   -0.295476   -0.324934 0.000373689
       15884   -0.309868   -0.324933 0.000373667
       15885   -0.316495   -0.324932 0.000373644
       15886    -0.27176   -0.324929 0.000373635
       15887   -0.262527   -0.324925 0.000373632
       15888   -0.299011   -0.324923 0.000373612
       15889   -0.275023    -0.32492 0.000373602
       15890    -0.25077   -0.324915 0.000373607
       15891   -0.274995   -0.324912 0.000373597
       15892   -0.293453    -0.32491 0.000373579
       15893   -0.308515   -0.324909 0.000373557
       15894   -0.332677    -0.32491 0.000373534
       15895   -0.333462    -0.32491 0.000373511
       15896   -0.321634    -0.32491 0.000373487
       15897   -0.295754   -0.324908 0.000373468
       15898   -0.271545   -0.324905  0.00037346
       15899   -0.288371   -0.324903 0.000373443
       15900    -0.31912   -0.324902  0.00037342
       15901   -0.334925   -0.324903 0.000373397
       15902   -0.331979   -0.324903 0.000373374
       15903   -0.323734   -0.324903  0.00037335
       15904   -0.330818   -0.324904 0.000373327
       15905   -0.345093   -0.324905 0.000373306
       15906   -0.357044   -0.324907 0.000373288
       15907    -0.36208   -0.324909 0.000373272
       15908   -0.357404   -0.324911 0.000373254
       15909    -0.33593   -0.324912 0.000373231
       15910   -0.272813   -0.324909 0.000373222
       15911   -0.223027   -0.324902 0.000373253
       15912   -0.212358   -0.324895 0.000373297
       15913   -0.239595    -0.32489 0.000373312
       15914   -0.266346   -0.324886 0.000373307
       15915   -0.304451   -0.324885 0.000373285
       15916   -0.338063   -0.324886 0.000373263
       15917   -0.347508   -0.324887 0.000373242
       15918   -0.346353   -0.324888 0.000373221
       15919   -0.341821    -0.32489 0.000373199
       15920   -0.335077    -0.32489 0.000373176
       15921   -0.327028    -0.32489 0.000373153
       15922   -0.316131    -0.32489  0.00037313
       15923   -0.287774   -0.324887 0.000373114
       15924   -0.289926   -0.324885 0.000373097
       15925   -0.330405   -0.324886 0.000373073
       15926   -0.329492   -0.324886  0.00037305
       15927   -0.288325   -0.324884 0.000373034
       15928      -0.261    -0.32488 0.000373032
       15929   -0.303682   -0.324878 0.000373011
       15930   -0.325525   -0.324878 0.000372987
       15931   -0.332268   -0.324879 0.000372964
       15932   -0.340099    -0.32488 0.000372942
       15933   -0.336783    -0.32488 0.000372919
       15934   -0.326005    -0.32488 0.000372896
       15935   -0.315605    -0.32488 0.000372873
       15936   -0.315748   -0.324879  0.00037285
       15937   -0.328156    -0.32488 0.000372827
       15938   -0.341016   -0.324881 0.000372805
       15939   -0.347897   -0.324882 0.000372784
       15940   -0.349639   -0.324884 0.000372764
       15941   -0.348907   -0.324885 0.000372744
       15942   -0.339128   -0.324886 0.000372721
       15943   -0.264117   -0.324882 0.000372717
       15944   -0.195349   -0.324874 0.000372783
       15945    -0.30242   -0.324873 0.000372762
       15946   -0.348345   -0.324874 0.000372741
       15947   -0.349049   -0.324876 0.000372721
       15948    -0.34354   -0.324877   0.0003727
       15949   -0.343077   -0.324878 0.000372678
       15950   -0.345574   -0.324879 0.000372657
       15951   -0.345442    -0.32488 0.000372636
       15952   -0.340448   -0.324881 0.000372614
       15953   -0.334553   -0.324882 0.000372591
       15954   -0.332779   -0.324883 0.000372568
       15955   -0.319113   -0.324882 0.000372545
       15956   -0.274828   -0.324879 0.000372534
       15957   -0.300525   -0.324878 0.000372514
       15958   -0.337854   -0.324878 0.000372492
       15959   -0.332206   -0.324879 0.000372469
       15960   -0.297287   -0.324877 0.000372449
       15961   -0.261499   -0.324873 0.000372447
       15962     -0.2915   -0.324871  0.00037243
       15963   -0.322532   -0.324871 0.000372406
       15964    -0.33368   -0.324871 0.000372383
       15965    -0.33553   -0.324872 0.000372361
       15966   -0.329187   -0.324872 0.000372338
       15967    -0.31767   -0.324872 0.000372314
       15968   -0.306589   -0.324871 0.000372293
       15969   -0.300949   -0.324869 0.000372273
       15970   -0.300184   -0.324868 0.000372253
       15971   -0.318503   -0.324867 0.000372229
       15972   -0.344277   -0.324869 0.000372208
       15973   -0.352039    -0.32487 0.000372189
       15974    -0.34629   -0.324872 0.000372168
       15975   -0.331421   -0.324872 0.000372145
       15976   -0.314734   -0.324871 0.000372122
       15977   -0.307496    -0.32487   0.0003721
       15978   -0.311661   -0.324869 0.000372078
       15979   -0.324459   -0.324869 0.000372055
       15980   -0.337643    -0.32487 0.000372032
       15981   -0.346686   -0.324872 0.000372011
       15982   -0.351567   -0.324873 0.000371992
       15983   -0.346054   -0.324875 0.000371971
       15984   -0.308418   -0.324874 0.000371949
       15985   -0.282686   -0.324871 0.000371935
       15986   -0.298862   -0.324869 0.000371916
       15987   -0.302544   -0.324868 0.000371895
       15988   -0.311589   -0.324867 0.000371873
       15989   -0.299968   -0.324865 0.000371853
       15990   -0.298873   -0.324864 0.000371833
       15991   -0.330143   -0.324864  0.00037181
       15992    -0.34117   -0.324865 0.000371788
       15993   -0.344126   -0.324866 0.000371767
       15994   -0.351791   -0.324868 0.000371747
       15995   -0.358656    -0.32487  0.00037173
       15996   -0.358225   -0.324872 0.000371713
       15997   -0.353177   -0.324874 0.000371694
       15998   -0.353973   -0.324876 0.000371675
       15999   -0.362977   -0.324878 0.000371659
       16000   -0.372613   -0.324881 0.000371648
       16001   -0.379261   -0.324885  0.00037164
       16002   -0.381735   -0.324888 0.000371634
       16003   -0.375504   -0.324891 0.000371624
       16004   -0.359366   -0.324894 0.000371607
       16005   -0.346899   -0.324895 0.000371587
       16006   -0.329737   -0.324895 0.000371563
       16007    -0.31888   -0.324895  0.00037154
       16008   -0.330087   -0.324895 0.000371517
       16009   -0.337221   -0.324896 0.000371495
       16010   -0.366593   -0.324899 0.000371481
       16011   -0.391434   -0.324903 0.000371481
       16012   -0.374333   -0.324906 0.000371471
       16013    -0.30751   -0.324905 0.000371449
       16014   -0.307309   -0.324904 0.000371427
       16015   -0.298396   -0.324902 0.000371408
       16016   -0.362633   -0.324904 0.000371392
       16017   -0.393068   -0.324909 0.000371393
       16018   -0.394965   -0.324913 0.000371396
       16019   -0.392555   -0.324917 0.000371397
       16020   -0.379745   -0.324921 0.000371389
       16021   -0.356003   -0.324922 0.000371371
       16022   -0.341963   -0.324924  0.00037135
       16023   -0.335931   -0.324924 0.000371327
       16024   -0.332009   -0.324925 0.000371304
       16025   -0.339069   -0.324926 0.000371282
       16026     -0.3373   -0.324926  0.00037126
       16027   -0.333621   -0.324927 0.000371237
       16028   -0.318007   -0.324926 0.000371214
       16029   -0.325151   -0.324926 0.000371191
       16030   -0.323286   -0.324926 0.000371168
       16031    -0.27696   -0.324923 0.000371157
       16032   -0.288698   -0.324921  0.00037114
       16033   -0.308241    -0.32492 0.000371119
       16034   -0.317218    -0.32492 0.000371096
       16035   -0.332093    -0.32492 0.000371073
       16036   -0.332657   -0.324921  0.00037105
       16037   -0.316098    -0.32492 0.000371027
       16038   -0.302003   -0.324919 0.000371007
       16039   -0.310392   -0.324918 0.000370985
       16040   -0.329182   -0.324918 0.000370962
       16041   -0.341536   -0.324919  0.00037094
       16042   -0.342697    -0.32492 0.000370919
       16043   -0.328479    -0.32492 0.000370896
       16044    -0.29586   -0.324918 0.000370877
       16045    -0.27862   -0.324916 0.000370865
       16046   -0.323256   -0.324915 0.000370842
       16047   -0.327678   -0.324916 0.000370819
       16048   -0.284709   -0.324913 0.000370804
       16049   -0.288765   -0.324911 0.000370788
       16050   -0.335949   -0.324912 0.000370766
       16051   -0.360671   -0.324914 0.000370749
       16052   -0.368212   -0.324917 0.000370736
       16053   -0.370194   -0.324919 0.000370723
       16054   -0.370443   -0.324922 0.000370711
       16055    -0.37017   -0.324925 0.000370699
       16056   -0.368944   -0.324928 0.000370686
       16057   -0.365144    -0.32493 0.000370671
       16058    -0.35891   -0.324932 0.000370654
       16059   -0.356938   -0.324934 0.000370637
       16060   -0.363155   -0.324937 0.000370621
       16061   -0.364574   -0.324939 0.000370606
       16062   -0.336413    -0.32494 0.000370584
       16063   -0.323781    -0.32494 0.000370561
       16064   -0.361181   -0.324942 0.000370545
       16065   -0.369449   -0.324945 0.000370532
       16066   -0.366403   -0.324947 0.000370518
       16067   -0.354917   -0.324949 0.000370499
       16068   -0.346461   -0.324951 0.000370479
       16069   -0.362118   -0.324953 0.000370463
       16070   -0.379858   -0.324956 0.000370456
       16071   -0.379966    -0.32496 0.000370448
       16072   -0.368425   -0.324962 0.000370435
       16073   -0.354417   -0.324964 0.000370417
       16074   -0.348946   -0.324966 0.000370397
       16075   -0.365804   -0.324968 0.000370382
       16076   -0.391905   -0.324973 0.000370383
       16077   -0.404973   -0.324977 0.000370393
       16078   -0.403447   -0.324982 0.000370402
       16079   -0.391944   -0.324987 0.000370403
       16080   -0.374507    -0.32499 0.000370392
       16081   -0.351572   -0.324991 0.000370373
       16082   -0.337842   -0.324992 0.000370351
       16083   -0.344708   -0.324993  0.00037033
       16084   -0.348627   -0.324995  0.00037031
       16085   -0.347183   -0.324996 0.000370289
       16086   -0.368707   -0.324999 0.000370276
       16087   -0.398853   -0.325003 0.000370282
       16088    -0.40408   -0.325008 0.000370291
       16089   -0.395623   -0.325013 0.000370294
       16090   -0.384528   -0.325016  0.00037029
       16091   -0.376165    -0.32502  0.00037028
       16092   -0.378058   -0.325023 0.000370272
       16093   -0.387458   -0.325027 0.000370269
       16094   -0.386202   -0.325031 0.000370266
       16095   -0.373117   -0.325034 0.000370255
       16096   -0.371594   -0.325036 0.000370243
       16097   -0.379508    -0.32504 0.000370236
       16098   -0.366797   -0.325042 0.000370222
       16099   -0.343042   -0.325044   0.0003702
       16100   -0.348025   -0.325045  0.00037018
       16101   -0.346887   -0.325046  0.00037016
       16102   -0.330556   -0.325047 0.000370137
       16103   -0.331151   -0.325047 0.000370114
       16104   -0.326845   -0.325047 0.000370091
       16105   -0.353297   -0.325049 0.000370072
       16106   -0.383914   -0.325053 0.000370067
       16107     -0.3443   -0.325054 0.000370046
       16108   -0.248751   -0.325049 0.000370054
       16109   -0.245225   -0.325044 0.000370064
       16110   -0.279482   -0.325041 0.000370052
       16111   -0.332316   -0.325042 0.000370029
       16112   -0.339108   -0.325043 0.000370007
       16113   -0.334235   -0.325043 0.000369985
       16114    -0.33817   -0.325044 0.000369962
       16115   -0.342726   -0.325045 0.000369941
       16116   -0.336653   -0.325046 0.000369919
       16117   -0.324967   -0.325046 0.000369896
       16118   -0.322281   -0.325046 0.000369873
       16119   -0.323964   -0.325046  0.00036985
       16120   -0.314505   -0.325045 0.000369828
       16121   -0.294384   -0.325043  0.00036981
       16122   -0.281454    -0.32504 0.000369797
       16123   -0.295798   -0.325038 0.000369778
       16124   -0.316607   -0.325038 0.000369756
       16125   -0.324515   -0.325038 0.000369733
       16126   -0.326393   -0.325038  0.00036971
       16127   -0.332644   -0.325038 0.000369687
       16128   -0.342825    -0.32504 0.000369666
       16129   -0.341935   -0.325041 0.000369644
       16130   -0.304173   -0.325039 0.000369624
       16131   -0.220828   -0.325033 0.000369657
       16132   -0.181904   -0.325024 0.000369741
       16133   -0.239006   -0.325019 0.000369756
       16134    -0.29702   -0.325017 0.000369737
       16135   -0.328582   -0.325017 0.000369715
       16136   -0.337438   -0.325018 0.000369693
       16137   -0.331636   -0.325018  0.00036967
       16138   -0.319231   -0.325018 0.000369647
       16139   -0.307251   -0.325017 0.000369626
       16140    -0.29596   -0.325015 0.000369607
       16141   -0.276182   -0.325012 0.000369597
       16142   -0.264992   -0.325008 0.000369593
       16143   -0.272402   -0.325005 0.000369584
       16144   -0.278218   -0.325002 0.000369573
       16145   -0.274586   -0.324999 0.000369563
       16146   -0.294784   -0.324997 0.000369545
       16147   -0.300477   -0.324996 0.000369525
       16148   -0.261809   -0.324992 0.000369523
       16149   -0.246676   -0.324987 0.000369532
       16150   -0.284128   -0.324984 0.000369517
       16151   -0.320234   -0.324984 0.000369495
       16152   -0.331674   -0.324985 0.000369472
       16153    -0.33238   -0.324985 0.000369449
       16154   -0.329484   -0.324985 0.000369427
       16155   -0.324202   -0.324985 0.000369404
       16156   -0.316579   -0.324985 0.000369381
       16157   -0.310122   -0.324984  0.00036936
       16158   -0.302583   -0.324982 0.000369339
       16159   -0.284241    -0.32498 0.000369325
       16160     -0.2702   -0.324976 0.000369318
       16161   -0.280586   -0.324974 0.000369305
       16162   -0.316784   -0.324973 0.000369283
       16163   -0.349475   -0.324975 0.000369263
       16164   -0.361644   -0.324977 0.000369247
       16165   -0.356749   -0.324979 0.000369229
       16166   -0.331402   -0.324979 0.000369207
       16167   -0.283928   -0.324977 0.000369193
       16168   -0.268945   -0.324973 0.000369186
       16169   -0.308694   -0.324972 0.000369165
       16170   -0.335395   -0.324973 0.000369142
       16171   -0.333144   -0.324973  0.00036912
       16172   -0.320873   -0.324973 0.000369097
       16173    -0.31819   -0.324973 0.000369075
       16174   -0.322417   -0.324973 0.000369052
       16175   -0.323982   -0.324973 0.000369029
       16176   -0.322729   -0.324972 0.000369006
       16177   -0.317171   -0.324972 0.000368984
       16178   -0.303832   -0.324971 0.000368963
       16179   -0.287237   -0.324968 0.000368948
       16180   -0.280294   -0.324966 0.000368935
       16181   -0.279093   -0.324963 0.000368923
       16182   -0.270291   -0.324959 0.000368916
       16183   -0.260176   -0.324955 0.000368915
       16184   -0.256805   -0.324951 0.000368916
       16185   -0.257655   -0.324947 0.000368917
       16186   -0.269829   -0.324944  0.00036891
       16187   -0.284511   -0.324941 0.000368896
       16188   -0.292398   -0.324939 0.000368878
       16189   -0.292288   -0.324937 0.000368861
       16190   -0.279351   -0.324934 0.000368849
       16191   -0.254598    -0.32493 0.000368852
       16192   -0.237318   -0.324924 0.000368869
       16193   -0.264437   -0.324921 0.000368865
       16194   -0.299471   -0.324919 0.000368845
       16195    -0.28881   -0.324917 0.000368829
       16196    -0.27758   -0.324914 0.000368818
       16197    -0.28874   -0.324912 0.000368802
       16198   -0.306894   -0.324911 0.000368781
       16199   -0.324479   -0.324911 0.000368758
       16200   -0.323309   -0.324911 0.000368735
       16201   -0.317585    -0.32491 0.000368713
       16202   -0.310203   -0.324909 0.000368691
       16203   -0.313959   -0.324909 0.000368669
       16204   -0.309661   -0.324908 0.000368648
       16205   -0.289786   -0.324905 0.000368631
       16206   -0.262885   -0.324902 0.000368628
       16207   -0.269847   -0.324898 0.000368621
       16208   -0.292536   -0.324896 0.000368604
       16209   -0.275465   -0.324893 0.000368594
       16210    -0.29147   -0.324891 0.000368577
       16211    -0.29613   -0.324889 0.000368558
       16212   -0.266789   -0.324886 0.000368553
       16213   -0.239273    -0.32488 0.000368568
       16214   -0.244272   -0.324875 0.000368579
       16215   -0.267071   -0.324872 0.000368573
       16216   -0.281076   -0.324869 0.000368561
       16217   -0.283867   -0.324867 0.000368547
       16218   -0.279418   -0.324864 0.000368535
       16219   -0.269483    -0.32486 0.000368528
       16220   -0.263332   -0.324857 0.000368524
       16221   -0.276064   -0.324854 0.000368514
       16222   -0.294929   -0.324852 0.000368496
       16223   -0.301493    -0.32485 0.000368476
       16224   -0.297909   -0.324849 0.000368457
       16225   -0.293469   -0.324847 0.000368439
       16226   -0.267475   -0.324843 0.000368434
       16227   -0.270428    -0.32484 0.000368426
       16228   -0.311539   -0.324839 0.000368404
       16229   -0.327941   -0.324839 0.000368382
       16230   -0.342838    -0.32484 0.000368361
       16231   -0.353333   -0.324842 0.000368342
       16232    -0.36183   -0.324844 0.000368327
       16233   -0.372375   -0.324847 0.000368316
       16234   -0.378481   -0.324851 0.000368308
       16235   -0.380081   -0.324854 0.000368301
       16236   -0.380591   -0.324857 0.000368294
       16237   -0.390723   -0.324862 0.000368294
       16238   -0.407809   -0.324867 0.000368306
       16239   -0.417962   -0.324872 0.000368328
       16240   -0.428327   -0.324879 0.000368361
       16241   -0.430355   -0.324885 0.000368395
       16242   -0.411837   -0.324891 0.000368411
       16243    -0.41458   -0.324896  0.00036843
       16244   -0.432554   -0.324903 0.000368467
       16245    -0.42421   -0.324909 0.000368495
       16246   -0.367698   -0.324911 0.000368482
       16247   -0.339551   -0.324912  0.00036846
       16248   -0.394672   -0.324917 0.000368463
       16249   -0.402037   -0.324921 0.000368471
       16250   -0.349721   -0.324923 0.000368451
       16251   -0.358621   -0.324925 0.000368434
       16252   -0.417767   -0.324931 0.000368456
       16253   -0.436944   -0.324938 0.000368498
       16254   -0.429335   -0.324944 0.000368531
       16255   -0.410134   -0.324949 0.000368545
       16256   -0.386146   -0.324953 0.000368542
       16257   -0.378371   -0.324956 0.000368534
       16258    -0.38523    -0.32496  0.00036853
       16259   -0.383813   -0.324964 0.000368525
       16260   -0.377469   -0.324967 0.000368517
       16261   -0.372326    -0.32497 0.000368505
       16262   -0.370679   -0.324973 0.000368493
       16263   -0.357869   -0.324975 0.000368476
       16264   -0.307984   -0.324974 0.000368455
       16265   -0.298448   -0.324972 0.000368436
       16266    -0.31574   -0.324971 0.000368414
       16267   -0.359194   -0.324974 0.000368397
       16268    -0.38985   -0.324977 0.000368396
       16269   -0.377474   -0.324981 0.000368388
       16270   -0.327734   -0.324981 0.000368365
       16271   -0.319485   -0.324981 0.000368343
       16272   -0.338108   -0.324981 0.000368321
       16273     -0.3641   -0.324984 0.000368306
       16274   -0.394839   -0.324988 0.000368308
       16275   -0.371961   -0.324991 0.000368297
       16276   -0.327838   -0.324991 0.000368275
       16277   -0.348287   -0.324993 0.000368255
       16278    -0.37139   -0.324995 0.000368243
       16279   -0.335432   -0.324996 0.000368221
       16280   -0.300053   -0.324995 0.000368202
       16281   -0.337492   -0.324995  0.00036818
       16282   -0.368299   -0.324998 0.000368167
       16283   -0.370014   -0.325001 0.000368155
       16284   -0.354458   -0.325003 0.000368136
       16285    -0.33751   -0.325003 0.000368115
       16286   -0.334805   -0.325004 0.000368092
       16287   -0.356985   -0.325006 0.000368075
       16288   -0.375206   -0.325009 0.000368065
       16289   -0.376701   -0.325012 0.000368057
       16290   -0.383271   -0.325016 0.000368051
       16291   -0.402705    -0.32502  0.00036806
       16292   -0.416799   -0.325026  0.00036808
       16293   -0.412531   -0.325031 0.000368097
       16294   -0.388536   -0.325035 0.000368095
       16295   -0.370651   -0.325038 0.000368083
       16296   -0.371098   -0.325041 0.000368071
       16297   -0.357775   -0.325043 0.000368054
       16298   -0.347549   -0.325044 0.000368034
       16299    -0.36764   -0.325047 0.000368021
       16300   -0.391064   -0.325051  0.00036802
       16301   -0.401576   -0.325056 0.000368028
       16302   -0.387916    -0.32506 0.000368025
       16303     -0.3519   -0.325061 0.000368006
       16304   -0.335635   -0.325062 0.000367984
       16305   -0.363445   -0.325064 0.000367969
       16306   -0.382512   -0.325068 0.000367964
       16307    -0.37988   -0.325071 0.000367957
       16308   -0.370025   -0.325074 0.000367944
       16309   -0.359875   -0.325076 0.000367928
       16310   -0.352049   -0.325078 0.000367909
       16311   -0.348172   -0.325079 0.000367889
       16312   -0.346947    -0.32508 0.000367869
       16313   -0.342839   -0.325082 0.000367848
       16314   -0.333518   -0.325082 0.000367826
       16315   -0.326494   -0.325082 0.000367803
       16316   -0.326948   -0.325082 0.000367781
       16317   -0.335679   -0.325083 0.000367759
       16318   -0.347972   -0.325084 0.000367739
       16319   -0.352104   -0.325086  0.00036772
       16320   -0.339685   -0.325087 0.000367699
       16321   -0.327283   -0.325087 0.000367676
       16322   -0.337506   -0.325088 0.000367655
       16323   -0.348804   -0.325089 0.000367635
       16324   -0.334642    -0.32509 0.000367613
       16325     -0.2761   -0.325087 0.000367603
       16326   -0.281678   -0.325084  0.00036759
       16327   -0.335638   -0.325085 0.000367568
       16328    -0.36031   -0.325087 0.000367552
       16329   -0.378818    -0.32509 0.000367544
       16330   -0.389561   -0.325094 0.000367543
       16331   -0.373871   -0.325097 0.000367532
       16332   -0.338521   -0.325098 0.000367511
       16333   -0.351546     -0.3251 0.000367492
       16334   -0.358916   -0.325102 0.000367475
       16335   -0.332562   -0.325102 0.000367453
       16336   -0.315226   -0.325101 0.000367431
       16337   -0.284847   -0.325099 0.000367417
       16338   -0.293309   -0.325097 0.000367399
       16339   -0.322591   -0.325097 0.000367377
       16340   -0.325081   -0.325097 0.000367354
       16341   -0.328023   -0.325097 0.000367332
       16342   -0.319999   -0.325097 0.000367309
       16343   -0.330011   -0.325097 0.000367287
       16344   -0.337655   -0.325098 0.000367265
       16345   -0.315134   -0.325097 0.000367243
       16346   -0.282565   -0.325095  0.00036723
       16347   -0.285799   -0.325092 0.000367216
       16348   -0.308247   -0.325091 0.000367195
       16349   -0.305637    -0.32509 0.000367174
       16350   -0.288301   -0.325088 0.000367159
       16351   -0.289986   -0.325086 0.000367142
       16352   -0.298037   -0.325084 0.000367124
       16353   -0.299164   -0.325082 0.000367105
       16354    -0.30482   -0.325081 0.000367084
       16355   -0.324154   -0.325081 0.000367062
       16356   -0.336374   -0.325082  0.00036704
       16357   -0.325986   -0.325082 0.000367018
       16358   -0.282744   -0.325079 0.000367004
       16359   -0.231138   -0.325074 0.000367027
       16360   -0.252601   -0.325069 0.000367031
       16361   -0.306623   -0.325068  0.00036701
       16362   -0.325855   -0.325068 0.000366988
       16363   -0.326757   -0.325068 0.000366966
       16364   -0.303707   -0.325067 0.000366945
       16365   -0.263242   -0.325063 0.000366942
       16366   -0.243634   -0.325058 0.000366954
       16367   -0.239244   -0.325053 0.000366969
       16368   -0.271792    -0.32505 0.000366961
       16369   -0.311796   -0.325049 0.000366939
       16370   -0.322826   -0.325049 0.000366917
       16371   -0.316704   -0.325048 0.000366895
       16372   -0.304182   -0.325047 0.000366875
       16373    -0.28588   -0.325044  0.00036686
       16374   -0.274042   -0.325041 0.000366851
       16375   -0.287901   -0.325039 0.000366835
       16376   -0.301118   -0.325038 0.000366816
       16377   -0.301047   -0.325036 0.000366796
       16378   -0.303825   -0.325035 0.000366776
       16379   -0.320698   -0.325035 0.000366754
       16380    -0.33723   -0.325035 0.000366732
       16381   -0.327567   -0.325035  0.00036671
       16382   -0.263315   -0.325032 0.000366707
       16383   -0.253942   -0.325027  0.00036671
       16384   -0.325334   -0.325027 0.000366688
       16385   -0.347063   -0.325029 0.000366668
       16386   -0.337839   -0.325029 0.000366646
       16387   -0.340987    -0.32503 0.000366625
       16388   -0.341712   -0.325031 0.000366604
       16389   -0.341106   -0.325032 0.000366583
       16390   -0.365143   -0.325035 0.000366569
       16391    -0.33372   -0.325035 0.000366547
       16392   -0.296928   -0.325034 0.000366529
       16393   -0.335467   -0.325034 0.000366507
       16394   -0.371874   -0.325037 0.000366496
       16395   -0.371861    -0.32504 0.000366485
       16396   -0.365174   -0.325043  0.00036647
       16397   -0.375325   -0.325046 0.000366461
       16398   -0.392309    -0.32505 0.000366462
       16399   -0.385499   -0.325053 0.000366458
       16400    -0.36438   -0.325056 0.000366443
       16401   -0.360322   -0.325058 0.000366427
       16402   -0.372613   -0.325061 0.000366416
       16403   -0.386374   -0.325065 0.000366413
       16404   -0.385921   -0.325068 0.000366409
       16405   -0.379749   -0.325072 0.000366402
       16406   -0.374706   -0.325075 0.000366392
       16407   -0.362437   -0.325077 0.000366377
       16408   -0.358598   -0.325079 0.000366361
       16409   -0.371167   -0.325082 0.000366349
       16410   -0.380348   -0.325085 0.000366342
       16411   -0.375616   -0.325088 0.000366333
       16412   -0.367006   -0.325091 0.000366319
       16413   -0.366346   -0.325093 0.000366306
       16414   -0.370624   -0.325096 0.000366294
       16415   -0.378254   -0.325099 0.000366286
       16416   -0.387017   -0.325103 0.000366283
       16417   -0.388709   -0.325107 0.000366281
       16418   -0.370383    -0.32511 0.000366269
       16419   -0.334401    -0.32511 0.000366247
       16420    -0.32653    -0.32511 0.000366225
       16421   -0.355255   -0.325112 0.000366207
       16422   -0.368751   -0.325115 0.000366195
       16423   -0.371425   -0.325118 0.000366183
       16424   -0.375555   -0.325121 0.000366174
       16425   -0.340063   -0.325122 0.000366153
       16426   -0.316775   -0.325121 0.000366131
       16427   -0.352334   -0.325123 0.000366112
       16428   -0.359938   -0.325125 0.000366096
       16429   -0.349012   -0.325126 0.000366077
       16430   -0.326615   -0.325126 0.000366054
       16431   -0.315855   -0.325126 0.000366033
       16432   -0.332127   -0.325126  0.00036601
       16433   -0.352527   -0.325128 0.000365992
       16434   -0.363297    -0.32513 0.000365977
       16435   -0.363427   -0.325133 0.000365962
       16436   -0.344673   -0.325134 0.000365942
       16437   -0.316973   -0.325133  0.00036592
       16438   -0.292401   -0.325131 0.000365903
       16439   -0.274926   -0.325128 0.000365894
       16440   -0.314596   -0.325128 0.000365872
       16441   -0.350132   -0.325129 0.000365853
       16442   -0.364709   -0.325132 0.000365839
       16443   -0.350031   -0.325133 0.000365819
       16444   -0.295045   -0.325131 0.000365802
       16445   -0.294399   -0.325129 0.000365784
       16446   -0.382057   -0.325133 0.000365778
       16447   -0.396311   -0.325137 0.000365782
       16448    -0.34649   -0.325138 0.000365762
       16449   -0.300467   -0.325137 0.000365743
       16450   -0.318688   -0.325137 0.000365721
       16451   -0.340633   -0.325138   0.0003657
       16452   -0.358441    -0.32514 0.000365683
       16453   -0.379017   -0.325143 0.000365675
       16454   -0.378453   -0.325146 0.000365668
       16455   -0.378186   -0.325149  0.00036566
       16456   -0.385837   -0.325153 0.000365656
       16457   -0.390846   -0.325157 0.000365656
       16458   -0.388639   -0.325161 0.000365654
       16459   -0.381485   -0.325164 0.000365647
       16460   -0.369782   -0.325167 0.000365635
       16461   -0.361202   -0.325169  0.00036562
       16462    -0.36864   -0.325172 0.000365607
       16463   -0.377275   -0.325175 0.000365598
       16464   -0.379391   -0.325178 0.000365591
       16465   -0.384822   -0.325182 0.000365587
       16466   -0.377488   -0.325185 0.000365578
       16467   -0.329822   -0.325185 0.000365556
       16468   -0.308974   -0.325184 0.000365535
       16469   -0.339701   -0.325185 0.000365514
       16470    -0.35666   -0.325187 0.000365497
       16471   -0.354871   -0.325189 0.000365479
       16472   -0.302431   -0.325188  0.00036546
       16473   -0.322305   -0.325187 0.000365438
       16474   -0.344752   -0.325189 0.000365417
       16475   -0.304595   -0.325187 0.000365397
       16476   -0.298139   -0.325186 0.000365379
       16477   -0.308885   -0.325185 0.000365358
       16478   -0.310473   -0.325184 0.000365337
       16479   -0.281641   -0.325181 0.000365324
       16480   -0.290676   -0.325179 0.000365308
       16481   -0.323256   -0.325179 0.000365286
       16482   -0.325549   -0.325179 0.000365264
       16483   -0.268786   -0.325176 0.000365258
       16484   -0.203572   -0.325168  0.00036531
       16485   -0.170778   -0.325159 0.000365408
       16486   -0.259411   -0.325155 0.000365407
       16487   -0.314593   -0.325154 0.000365386
       16488   -0.317596   -0.325154 0.000365364
       16489   -0.313952   -0.325153 0.000365342
       16490   -0.310848   -0.325152 0.000365321
       16491   -0.307164   -0.325151 0.000365301
       16492   -0.303265    -0.32515 0.000365281
       16493   -0.299757   -0.325148 0.000365262
       16494   -0.290247   -0.325146 0.000365246
       16495   -0.277296   -0.325143 0.000365236
       16496   -0.286789   -0.325141 0.000365221
       16497   -0.312275    -0.32514   0.0003652
       16498   -0.326606    -0.32514 0.000365177
       16499   -0.327429    -0.32514 0.000365155
       16500   -0.320514    -0.32514 0.000365133
       16501   -0.316396   -0.325139 0.000365112
       16502   -0.323297   -0.325139 0.000365089
       16503   -0.332451    -0.32514 0.000365068
       16504   -0.336488   -0.325141 0.000365046
       16505   -0.334739   -0.325141 0.000365024
       16506   -0.322122   -0.325141 0.000365002
       16507    -0.29105   -0.325139 0.000364986
       16508    -0.26695   -0.325135 0.000364981
       16509   -0.269226   -0.325132 0.000364975
       16510   -0.307789   -0.325131 0.000364954
       16511   -0.340469   -0.325132 0.000364933
       16512   -0.348948   -0.325133 0.000364914
       16513   -0.337656   -0.325134 0.000364893
       16514   -0.314208   -0.325133 0.000364871
       16515   -0.290563   -0.325131 0.000364855
       16516   -0.278706   -0.325128 0.000364844
       16517   -0.301317   -0.325127 0.000364824
       16518   -0.311111   -0.325126 0.000364803
       16519   -0.301597   -0.325125 0.000364784
       16520   -0.307598   -0.325124 0.000364763
       16521   -0.319921   -0.325123 0.000364742
       16522   -0.326066   -0.325123 0.000364719
       16523   -0.326116   -0.325123 0.000364697
       16524   -0.315338   -0.325123 0.000364676
       16525   -0.268727   -0.325119  0.00036467
       16526   -0.189567   -0.325111  0.00036474
       16527   -0.263745   -0.325108 0.000364737
       16528   -0.304163   -0.325106 0.000364717
       16529   -0.300127   -0.325105 0.000364698
       16530   -0.289266   -0.325103 0.000364682
       16531   -0.279862     -0.3251 0.000364671
       16532   -0.271063   -0.325097 0.000364663
       16533   -0.269156   -0.325093 0.000364657
       16534   -0.273926    -0.32509 0.000364648
       16535   -0.280663   -0.325087 0.000364636
       16536    -0.29206   -0.325085 0.000364619
       16537   -0.296033   -0.325084 0.000364601
       16538   -0.262527    -0.32508 0.000364599
       16539   -0.223568   -0.325074 0.000364628
       16540   -0.270964    -0.32507 0.000364621
       16541   -0.284562   -0.325068 0.000364607
       16542   -0.266908   -0.325065 0.000364602
       16543   -0.268236   -0.325061 0.000364596
       16544   -0.253357   -0.325057   0.0003646
       16545   -0.255548   -0.325053 0.000364602
       16546   -0.325753   -0.325053  0.00036458
       16547   -0.343889   -0.325054  0.00036456
       16548    -0.34054   -0.325055 0.000364539
       16549   -0.322295   -0.325055 0.000364517
       16550    -0.30085   -0.325053 0.000364498
       16551    -0.30489   -0.325052 0.000364478
       16552   -0.313496   -0.325051 0.000364457
       16553   -0.317132   -0.325051 0.000364435
       16554   -0.308261    -0.32505 0.000364414
       16555   -0.297319   -0.325048 0.000364396
       16556   -0.302824   -0.325047 0.000364377
       16557   -0.320088   -0.325046 0.000364355
       16558   -0.310764   -0.325045 0.000364334
       16559   -0.253859   -0.325041 0.000364337
       16560   -0.279282   -0.325038 0.000364326
       16561   -0.336002   -0.325039 0.000364304
       16562   -0.353278   -0.325041 0.000364286
       16563   -0.358329   -0.325043  0.00036427
       16564   -0.355142   -0.325045 0.000364252
       16565   -0.328409   -0.325045  0.00036423
       16566   -0.267245   -0.325041 0.000364225
       16567   -0.248542   -0.325037 0.000364232
       16568   -0.282112   -0.325034  0.00036422
       16569   -0.325948   -0.325034 0.000364198
       16570   -0.345958   -0.325035 0.000364178
       16571   -0.349389   -0.325037 0.000364159
       16572   -0.343534   -0.325038 0.000364139
       16573   -0.319774   -0.325038 0.000364117
       16574    -0.28009   -0.325035 0.000364105
       16575   -0.254934   -0.325031 0.000364107
       16576   -0.292223   -0.325029 0.000364091
       16577   -0.350087    -0.32503 0.000364072
       16578   -0.353388   -0.325032 0.000364054
       16579     -0.3001    -0.32503 0.000364035
       16580   -0.251721   -0.325026  0.00036404
       16581   -0.311666   -0.325025 0.000364019
       16582   -0.316451   -0.325025 0.000363998
       16583   -0.275769   -0.325022 0.000363988
       16584   -0.321351   -0.325022 0.000363966
       16585   -0.355628   -0.325023 0.000363949
       16586   -0.344165   -0.325025 0.000363928
       16587   -0.328866   -0.325025 0.000363907
       16588   -0.307797   -0.325024 0.000363886
       16589   -0.276767   -0.325021 0.000363876
       16590   -0.267173   -0.325017 0.000363871
       16591   -0.284694   -0.325015 0.000363857
       16592    -0.31221   -0.325014 0.000363836
       16593   -0.312722   -0.325013 0.000363814
       16594   -0.285117   -0.325011   0.0003638
       16595   -0.278416   -0.325008 0.000363789
       16596   -0.298885   -0.325007 0.000363771
       16597   -0.309696   -0.325006  0.00036375
       16598   -0.312235   -0.325005 0.000363729
       16599   -0.310842   -0.325004 0.000363708
       16600   -0.309041   -0.325003 0.000363687
       16601   -0.311294   -0.325002 0.000363667
       16602   -0.315717   -0.325002 0.000363645
       16603   -0.317412   -0.325001 0.000363623
       16604   -0.313438   -0.325001 0.000363602
       16605   -0.305148   -0.324999 0.000363582
       16606    -0.29888   -0.324998 0.000363564
       16607   -0.291015   -0.324996 0.000363548
       16608   -0.278499   -0.324993 0.000363537
       16609   -0.281629    -0.32499 0.000363524
       16610    -0.29423   -0.324988 0.000363507
       16611   -0.301378   -0.324987 0.000363488
       16612   -0.310672   -0.324986 0.000363467
       16613   -0.323797   -0.324986 0.000363445
       16614   -0.315143   -0.324986 0.000363424
       16615   -0.287484   -0.324983 0.000363409
       16616   -0.274039    -0.32498   0.0003634
       16617   -0.268967   -0.324977 0.000363394
       16618   -0.273681   -0.324974 0.000363385
       16619   -0.303641   -0.324972 0.000363365
       16620    -0.32345   -0.324972 0.000363343
       16621   -0.327363   -0.324973 0.000363322
       16622   -0.322787   -0.324972   0.0003633
       16623   -0.316627   -0.324972 0.000363278
       16624   -0.312612   -0.324971 0.000363257
       16625   -0.309584    -0.32497 0.000363236
       16626   -0.306373   -0.324969 0.000363216
       16627   -0.307394   -0.324968 0.000363196
       16628    -0.31519   -0.324967 0.000363175
       16629   -0.321315   -0.324967 0.000363153
       16630   -0.304623   -0.324966 0.000363133
       16631   -0.273871   -0.324963 0.000363124
       16632   -0.300962   -0.324962 0.000363105
       16633   -0.305142    -0.32496 0.000363085
       16634   -0.282918   -0.324958 0.000363072
       16635   -0.306017   -0.324957 0.000363052
       16636   -0.326658   -0.324957 0.000363031
       16637   -0.335386   -0.324957 0.000363009
       16638   -0.343715   -0.324959 0.000362989
       16639   -0.352748    -0.32496 0.000362971
       16640   -0.360107   -0.324962 0.000362956
       16641   -0.364763   -0.324965 0.000362942
       16642   -0.372818   -0.324968 0.000362931
       16643   -0.378598   -0.324971 0.000362924
       16644   -0.366622   -0.324973 0.000362911
       16645   -0.326874   -0.324973 0.000362889
       16646   -0.309477   -0.324972 0.000362868
       16647   -0.340732   -0.324973 0.000362848
       16648   -0.368056   -0.324976 0.000362835
       16649    -0.38706    -0.32498 0.000362832
       16650   -0.391618   -0.324984 0.000362833
       16651   -0.393232   -0.324988 0.000362834
       16652   -0.396787   -0.324992 0.000362838
       16653   -0.390462   -0.324996 0.000362837
       16654   -0.377691   -0.324999 0.000362829
       16655   -0.362272   -0.325001 0.000362814
       16656   -0.350439   -0.325003 0.000362796
       16657    -0.34027   -0.325004 0.000362775
       16658   -0.328963   -0.325004 0.000362754
       16659   -0.331826   -0.325005 0.000362732
       16660    -0.35466   -0.325006 0.000362715
       16661   -0.368397   -0.325009 0.000362702
       16662   -0.371046   -0.325012 0.000362691
       16663   -0.368144   -0.325014 0.000362678
       16664   -0.344067   -0.325015 0.000362658
       16665   -0.313726   -0.325015 0.000362637
       16666   -0.339195   -0.325016 0.000362617
       16667    -0.34602   -0.325017 0.000362597
       16668   -0.316909   -0.325016 0.000362576
       16669   -0.294696   -0.325015 0.000362558
       16670   -0.312581   -0.325014 0.000362537
       16671   -0.342746   -0.325015 0.000362517
       16672   -0.349267   -0.325016 0.000362498
       16673   -0.333429   -0.325017 0.000362477
       16674   -0.312821   -0.325016 0.000362456
       16675   -0.290952   -0.325014  0.00036244
       16676   -0.274649   -0.325011 0.000362431
       16677   -0.345587   -0.325012 0.000362411
       16678   -0.314774   -0.325012  0.00036239
       16679    -0.26704   -0.325008 0.000362385
       16680   -0.302837   -0.325007 0.000362366
       16681   -0.350314   -0.325008 0.000362347
       16682   -0.359934    -0.32501 0.000362331
       16683   -0.359643   -0.325013 0.000362316
       16684   -0.372615   -0.325015 0.000362305
       16685    -0.37287   -0.325018 0.000362295
       16686   -0.371714   -0.325021 0.000362284
       16687   -0.372648   -0.325024 0.000362273
       16688   -0.378523   -0.325027 0.000362266
       16689   -0.369071    -0.32503 0.000362254
       16690   -0.349811   -0.325031 0.000362235
       16691   -0.364992   -0.325034 0.000362221
       16692    -0.38763   -0.325037 0.000362219
       16693    -0.38874   -0.325041 0.000362218
       16694   -0.384156   -0.325045 0.000362213
       16695   -0.379732   -0.325048 0.000362206
       16696   -0.368483   -0.325051 0.000362194
       16697   -0.335293   -0.325051 0.000362173
       16698   -0.355721   -0.325053 0.000362156
       16699    -0.40978   -0.325058  0.00036217
       16700   -0.434579   -0.325065 0.000362207
       16701   -0.428838   -0.325071 0.000362239
       16702   -0.393405   -0.325075  0.00036224
       16703   -0.357979   -0.325077 0.000362224
       16704   -0.370974    -0.32508 0.000362213
       16705   -0.385977   -0.325083 0.000362209
       16706   -0.375185   -0.325086   0.0003622
       16707   -0.359863   -0.325088 0.000362184
       16708   -0.351114    -0.32509 0.000362166
       16709   -0.360193   -0.325092  0.00036215
       16710   -0.383041   -0.325096 0.000362145
       16711   -0.396741     -0.3251 0.000362149
       16712    -0.39805   -0.325104 0.000362154
       16713   -0.390972   -0.325108 0.000362153
       16714   -0.381704   -0.325112 0.000362148
       16715   -0.381746   -0.325115 0.000362142
       16716   -0.393352   -0.325119 0.000362143
       16717   -0.411962   -0.325124 0.000362159
       16718   -0.421518    -0.32513 0.000362183
       16719   -0.411311   -0.325135 0.000362198
       16720   -0.389919   -0.325139 0.000362197
       16721   -0.390606   -0.325143 0.000362197
       16722   -0.433639   -0.325149 0.000362233
       16723   -0.460756   -0.325158 0.000362302
       16724    -0.44979   -0.325165 0.000362357
       16725   -0.402627    -0.32517 0.000362365
       16726   -0.348683   -0.325171 0.000362346
       16727   -0.344651   -0.325172 0.000362326
       16728   -0.371681   -0.325175 0.000362315
       16729    -0.38698   -0.325179 0.000362312
       16730    -0.38256   -0.325182 0.000362307
       16731   -0.384466   -0.325186 0.000362303
       16732   -0.387783   -0.325189   0.0003623
       16733   -0.362905   -0.325192 0.000362286
       16734   -0.388585   -0.325195 0.000362284
       16735   -0.390066   -0.325199 0.000362283
       16736   -0.389794   -0.325203 0.000362282
       16737   -0.395493   -0.325207 0.000362285
       16738    -0.39276   -0.325211 0.000362285
       16739   -0.381977   -0.325215  0.00036228
       16740   -0.349977   -0.325216 0.000362261
       16741   -0.329018   -0.325217 0.000362239
       16742   -0.354244   -0.325218 0.000362222
       16743   -0.375638   -0.325221 0.000362213
       16744   -0.380409   -0.325225 0.000362206
       16745    -0.37271   -0.325227 0.000362196
       16746   -0.354087   -0.325229 0.000362178
       16747   -0.344175    -0.32523 0.000362158
       16748   -0.359473   -0.325232 0.000362142
       16749   -0.379515   -0.325236 0.000362135
       16750   -0.389056   -0.325239 0.000362134
       16751   -0.388645   -0.325243 0.000362132
       16752     -0.3792   -0.325246 0.000362125
       16753   -0.362068   -0.325249  0.00036211
       16754   -0.346551    -0.32525  0.00036209
       16755   -0.344496   -0.325251 0.000362071
       16756   -0.343791   -0.325252 0.000362051
       16757    -0.33474   -0.325253 0.000362029
       16758   -0.355803   -0.325254 0.000362012
       16759   -0.378209   -0.325258 0.000362005
       16760   -0.381613   -0.325261 0.000361999
       16761   -0.378245   -0.325264 0.000361991
       16762   -0.375672   -0.325267 0.000361982
       16763   -0.374962    -0.32527 0.000361972
       16764   -0.371645   -0.325273 0.000361961
       16765   -0.362397   -0.325275 0.000361946
       16766   -0.349833   -0.325277 0.000361928
       16767   -0.345516   -0.325278 0.000361908
       16768   -0.357587    -0.32528 0.000361892
       16769   -0.375293   -0.325283 0.000361883
       16770   -0.385022   -0.325286 0.000361878
       16771   -0.379165   -0.325289 0.000361871
       16772   -0.360732   -0.325292 0.000361856
       16773   -0.350829   -0.325293 0.000361837
       16774   -0.356627   -0.325295 0.000361821
       16775   -0.362056   -0.325297 0.000361806
       16776   -0.364749   -0.325299 0.000361792
       16777    -0.36625   -0.325302 0.000361778
       16778    -0.36305   -0.325304 0.000361764
       16779   -0.354389   -0.325306 0.000361746
       16780   -0.343376   -0.325307 0.000361726
       16781   -0.346483   -0.325308 0.000361707
       16782   -0.363717   -0.325311 0.000361693
       16783   -0.356002   -0.325312 0.000361676
       16784   -0.342393   -0.325313 0.000361656
       16785   -0.374958   -0.325316 0.000361646
       16786   -0.394223    -0.32532 0.000361648
       16787   -0.387943   -0.325324 0.000361646
       16788   -0.348651   -0.325326 0.000361627
       16789   -0.299007   -0.325324 0.000361609
       16790   -0.322138   -0.325324 0.000361587
       16791   -0.383174   -0.325327 0.000361582
       16792   -0.397021   -0.325332 0.000361586
       16793    -0.37529   -0.325335 0.000361577
       16794   -0.368406   -0.325337 0.000361564
       16795   -0.370327    -0.32534 0.000361552
       16796   -0.363358   -0.325342 0.000361538
       16797   -0.367162   -0.325344 0.000361525
       16798   -0.383717   -0.325348  0.00036152
       16799   -0.399432   -0.325352 0.000361526
       16800   -0.406253   -0.325357 0.000361536
       16801   -0.399878   -0.325362 0.000361542
       16802   -0.371702   -0.325364 0.000361531
       16803   -0.339801   -0.325365  0.00036151
       16804   -0.344207   -0.325366 0.000361491
       16805   -0.353021   -0.325368 0.000361473
       16806   -0.356762    -0.32537 0.000361456
       16807   -0.360819   -0.325372 0.000361441
       16808   -0.353193   -0.325374 0.000361423
       16809   -0.344554   -0.325375 0.000361403
       16810   -0.353471   -0.325376 0.000361386
       16811   -0.343929   -0.325378 0.000361366
       16812   -0.317872   -0.325377 0.000361345
       16813   -0.309499   -0.325376 0.000361324
       16814   -0.329724   -0.325376 0.000361303
       16815   -0.349378   -0.325378 0.000361284
       16816    -0.35007   -0.325379 0.000361266
       16817   -0.336038    -0.32538 0.000361245
       16818   -0.309221   -0.325379 0.000361225
       16819   -0.268962   -0.325376 0.000361219
       16820   -0.272776   -0.325373 0.000361211
       16821   -0.294502   -0.325371 0.000361194
       16822   -0.302197   -0.325369 0.000361175
       16823   -0.303413   -0.325368 0.000361156
       16824   -0.302549   -0.325367 0.000361137
       16825    -0.30386   -0.325365 0.000361118
       16826   -0.308154   -0.325364 0.000361098
       16827   -0.291562   -0.325362 0.000361082
       16828   -0.267106   -0.325359 0.000361077
       16829   -0.270747   -0.325356  0.00036107
       16830   -0.286678   -0.325353 0.000361056
       16831   -0.294945   -0.325352 0.000361039
       16832   -0.298241    -0.32535 0.000361022
       16833   -0.298115   -0.325348 0.000361004
       16834   -0.292235   -0.325346 0.000360988
       16835   -0.276572   -0.325343 0.000360978
       16836    -0.24831   -0.325339 0.000360985
       16837   -0.208588   -0.325332 0.000361031
       16838   -0.185198   -0.325324 0.000361105
       16839   -0.224257   -0.325318 0.000361133
       16840   -0.269997   -0.325314 0.000361127
       16841   -0.279113   -0.325312 0.000361116
       16842   -0.273218   -0.325308 0.000361108
       16843   -0.269264   -0.325305 0.000361102
       16844   -0.271823   -0.325302 0.000361094
       16845   -0.277136   -0.325299 0.000361084
       16846   -0.279238   -0.325296 0.000361073
       16847   -0.268613   -0.325293 0.000361067
       16848   -0.246616   -0.325288 0.000361076
       16849   -0.259633   -0.325284 0.000361076
       16850   -0.287619   -0.325282 0.000361061
       16851   -0.287694    -0.32528 0.000361046
       16852   -0.264986   -0.325276 0.000361043
       16853    -0.27787   -0.325274 0.000361032
       16854    -0.31027   -0.325273 0.000361012
       16855   -0.305329   -0.325272 0.000360992
       16856   -0.256299   -0.325267 0.000360994
       16857   -0.256063   -0.325263 0.000360996
       16858   -0.273636    -0.32526 0.000360988
       16859   -0.292605   -0.325258 0.000360972
       16860   -0.312778   -0.325258 0.000360951
       16861   -0.313869   -0.325257  0.00036093
       16862   -0.302268   -0.325256 0.000360911
       16863   -0.289773   -0.325253 0.000360896
       16864   -0.290364   -0.325251 0.000360881
       16865   -0.301273    -0.32525 0.000360862
       16866   -0.308487   -0.325249 0.000360842
       16867   -0.312843   -0.325248 0.000360821
       16868   -0.322427   -0.325248   0.0003608
       16869   -0.336626   -0.325249 0.000360779
       16870   -0.347907    -0.32525  0.00036076
       16871   -0.349357   -0.325251 0.000360742
       16872   -0.332862   -0.325252 0.000360721
       16873   -0.311355   -0.325251   0.0003607
       16874   -0.326548   -0.325251 0.000360679
       16875   -0.341005   -0.325252 0.000360659
       16876   -0.335712   -0.325253 0.000360638
       16877    -0.33038   -0.325253 0.000360617
       16878   -0.338052   -0.325254 0.000360596
       16879    -0.35111   -0.325255 0.000360578
       16880   -0.363431   -0.325258 0.000360564
       16881   -0.370775    -0.32526 0.000360552
       16882   -0.356706   -0.325262 0.000360536
       16883   -0.306038   -0.325261 0.000360516
       16884   -0.272722   -0.325258 0.000360508
       16885   -0.298648   -0.325256  0.00036049
       16886    -0.32315   -0.325256 0.000360469
       16887   -0.319256   -0.325256 0.000360448
       16888   -0.327207   -0.325256 0.000360427
       16889   -0.374371   -0.325259 0.000360417
       16890   -0.387435   -0.325263 0.000360414
       16891   -0.355233   -0.325264 0.000360397
       16892   -0.340009   -0.325265 0.000360377
       16893   -0.363475   -0.325267 0.000360363
       16894   -0.374792    -0.32527 0.000360354
       16895   -0.374369   -0.325273 0.000360344
       16896   -0.353044   -0.325275 0.000360326
       16897   -0.337331   -0.325276 0.000360306
       16898   -0.358568   -0.325278  0.00036029
       16899   -0.390107   -0.325281 0.000360289
       16900    -0.39699   -0.325286 0.000360293
       16901    -0.38545   -0.325289 0.000360289
       16902   -0.375576   -0.325292  0.00036028
       16903   -0.363986   -0.325295 0.000360266
       16904    -0.36566   -0.325297 0.000360252
       16905   -0.390116   -0.325301 0.000360251
       16906   -0.409483   -0.325306 0.000360265
       16907   -0.413224   -0.325311 0.000360281
       16908   -0.410332   -0.325316 0.000360295
       16909   -0.411826   -0.325321  0.00036031
       16910   -0.421311   -0.325327 0.000360333
       16911   -0.426506   -0.325333 0.000360361
       16912   -0.405987   -0.325338 0.000360372
       16913   -0.362206    -0.32534 0.000360357
       16914   -0.360446   -0.325342 0.000360342
       16915   -0.388906   -0.325346  0.00036034
       16916   -0.393703    -0.32535 0.000360341
       16917   -0.401363   -0.325354 0.000360348
       16918   -0.410646   -0.325359 0.000360362
       16919   -0.425965   -0.325365  0.00036039
       16920   -0.414634    -0.32537 0.000360407
       16921   -0.393156   -0.325374 0.000360408
       16922   -0.380296   -0.325378 0.000360401
       16923   -0.366831    -0.32538 0.000360388
       16924   -0.364668   -0.325382 0.000360374
       16925   -0.383903   -0.325386  0.00036037
       16926   -0.390509    -0.32539 0.000360369
       16927    -0.36046   -0.325392 0.000360354
       16928   -0.342033   -0.325393 0.000360334
       16929   -0.384592   -0.325396 0.000360329
       16930   -0.411949   -0.325401 0.000360344
       16931   -0.408484   -0.325406 0.000360357
       16932   -0.388578    -0.32541 0.000360355
       16933   -0.360922   -0.325412 0.000360339
       16934   -0.309354   -0.325411 0.000360319
       16935   -0.286505   -0.325409 0.000360305
       16936    -0.34755    -0.32541 0.000360286
       16937   -0.381854   -0.325413 0.000360281
       16938   -0.359593   -0.325415 0.000360265
       16939   -0.301991   -0.325414 0.000360246
       16940   -0.303568   -0.325413 0.000360227
       16941   -0.326748   -0.325413 0.000360206
       16942   -0.358257   -0.325415  0.00036019
       16943   -0.352169   -0.325416 0.000360172
       16944   -0.337429   -0.325417 0.000360152
       16945   -0.334948   -0.325418 0.000360131
       16946   -0.339964   -0.325419 0.000360111
       16947   -0.341202   -0.325419 0.000360091
       16948   -0.340646    -0.32542 0.000360071
       16949   -0.341264   -0.325421 0.000360051
       16950   -0.337127   -0.325422  0.00036003
       16951    -0.32697   -0.325422 0.000360009
       16952   -0.319568   -0.325422 0.000359988
       16953   -0.321399   -0.325421 0.000359966
       16954   -0.324376   -0.325421 0.000359945
       16955   -0.319568   -0.325421 0.000359924
       16956   -0.306958    -0.32542 0.000359905
       16957   -0.307284   -0.325419 0.000359885
       16958   -0.325468   -0.325419 0.000359864
       16959   -0.337411    -0.32542 0.000359843
       16960   -0.339475    -0.32542 0.000359823
       16961   -0.335444   -0.325421 0.000359802
       16962    -0.32886   -0.325421 0.000359781
       16963   -0.327338   -0.325421  0.00035976
       16964   -0.321631   -0.325421 0.000359739
       16965   -0.293978   -0.325419 0.000359722
       16966   -0.306095   -0.325418 0.000359703
       16967    -0.33358   -0.325419 0.000359682
       16968    -0.32287   -0.325418 0.000359661
       16969   -0.325175   -0.325418  0.00035964
       16970   -0.345715    -0.32542  0.00035962
       16971   -0.365966   -0.325422 0.000359607
       16972   -0.370653   -0.325425 0.000359596
       16973   -0.331623   -0.325425 0.000359575
       16974   -0.277485   -0.325422 0.000359565
       16975    -0.31382   -0.325422 0.000359544
       16976   -0.309048   -0.325421 0.000359524
       16977   -0.310821    -0.32542 0.000359504
       16978    -0.35302   -0.325421 0.000359487
       16979   -0.363456   -0.325424 0.000359473
       16980   -0.337174   -0.325424 0.000359452
       16981     -0.3276   -0.325424 0.000359431
       16982   -0.355172   -0.325426 0.000359414
       16983    -0.36106   -0.325428 0.000359399
       16984   -0.340437   -0.325429 0.000359379
       16985   -0.339412    -0.32543 0.000359359
       16986    -0.36738   -0.325432 0.000359346
       16987   -0.379204   -0.325436 0.000359339
       16988   -0.374165   -0.325439 0.000359329
       16989   -0.388943   -0.325442 0.000359327
       16990   -0.406796   -0.325447 0.000359338
       16991   -0.402829   -0.325452 0.000359346
       16992   -0.349892   -0.325453 0.000359328
       16993   -0.308239   -0.325452 0.000359308
       16994   -0.362132   -0.325454 0.000359293
       16995    -0.37986   -0.325457 0.000359286
       16996   -0.384062   -0.325461 0.000359282
       16997   -0.410099   -0.325466 0.000359295
       16998   -0.420666   -0.325471 0.000359318
       16999   -0.400128   -0.325476 0.000359323
       17000   -0.367161   -0.325478 0.000359311
       17001   -0.346558   -0.325479 0.000359292
       17002   -0.363463   -0.325482 0.000359277
       17003   -0.409427   -0.325487  0.00035929
       17004   -0.426518   -0.325493 0.000359318
       17005   -0.425161   -0.325498 0.000359345
       17006   -0.418495   -0.325504 0.000359365
       17007   -0.415455   -0.325509 0.000359383
       17008   -0.418904   -0.325515 0.000359404
       17009   -0.424159   -0.325521  0.00035943
       17010   -0.427181   -0.325526 0.000359458
       17011   -0.417792   -0.325532 0.000359478
       17012   -0.383123   -0.325535 0.000359473
       17013   -0.334072   -0.325536 0.000359452
       17014   -0.325534   -0.325536 0.000359431
       17015   -0.323969   -0.325536  0.00035941
       17016   -0.328548   -0.325536 0.000359389
       17017   -0.400423    -0.32554 0.000359394
       17018   -0.422816   -0.325546 0.000359419
       17019   -0.387503    -0.32555 0.000359416
       17020    -0.37631   -0.325553 0.000359407
       17021   -0.410183   -0.325558 0.000359421
       17022   -0.439055   -0.325564 0.000359461
       17023    -0.44182   -0.325571 0.000359505
       17024   -0.404025   -0.325576 0.000359514
       17025   -0.348919   -0.325577 0.000359495
       17026   -0.354138   -0.325579 0.000359478
       17027   -0.357913   -0.325581 0.000359462
       17028   -0.357545   -0.325583 0.000359446
       17029   -0.356303   -0.325584 0.000359429
       17030   -0.336576   -0.325585 0.000359408
       17031    -0.36291   -0.325587 0.000359394
       17032   -0.397306   -0.325591 0.000359398
       17033   -0.410589   -0.325596 0.000359411
       17034   -0.408749   -0.325601 0.000359423
       17035   -0.396712   -0.325605 0.000359426
       17036    -0.36579   -0.325608 0.000359413
       17037   -0.348646   -0.325609 0.000359394
       17038   -0.373931   -0.325612 0.000359384
       17039   -0.398428   -0.325616 0.000359389
       17040   -0.398463   -0.325621 0.000359393
       17041   -0.382634   -0.325624 0.000359388
       17042   -0.362623   -0.325626 0.000359373
       17043   -0.340695   -0.325627 0.000359353
       17044   -0.305301   -0.325626 0.000359334
       17045   -0.269943   -0.325622 0.000359328
       17046   -0.287365    -0.32562 0.000359314
       17047   -0.328424    -0.32562 0.000359293
       17048   -0.335981   -0.325621 0.000359272
       17049   -0.318126   -0.325621 0.000359251
       17050   -0.277693   -0.325618 0.000359241
       17051   -0.231991   -0.325612 0.000359262
       17052   -0.243694   -0.325607 0.000359273
       17053   -0.276371   -0.325605 0.000359264
       17054   -0.289059   -0.325602 0.000359249
       17055   -0.298797   -0.325601 0.000359231
       17056    -0.30459     -0.3256 0.000359212
       17057   -0.296787   -0.325598 0.000359195
       17058   -0.273266   -0.325595 0.000359187
       17059   -0.241759    -0.32559   0.0003592
       17060   -0.215349   -0.325583 0.000359237
       17061   -0.218057   -0.325577 0.000359271
       17062   -0.224738   -0.325571 0.000359299
       17063   -0.257958   -0.325567   0.0003593
       17064   -0.299021   -0.325566 0.000359282
       17065   -0.317783   -0.325565 0.000359261
       17066   -0.313535   -0.325565 0.000359241
       17067   -0.294964   -0.325563 0.000359224
       17068   -0.273672    -0.32556 0.000359216
       17069   -0.259343   -0.325556 0.000359216
       17070   -0.257806   -0.325552 0.000359217
       17071   -0.270404   -0.325549  0.00035921
       17072   -0.292497   -0.325547 0.000359194
       17073   -0.307672   -0.325546 0.000359175
       17074   -0.293175   -0.325544 0.000359159
       17075   -0.263893    -0.32554 0.000359156
       17076   -0.267576   -0.325537 0.000359151
       17077   -0.272585   -0.325534 0.000359143
       17078   -0.271836   -0.325531 0.000359136
       17079   -0.268038   -0.325527 0.000359131
       17080   -0.266223   -0.325524 0.000359127
       17081    -0.30131   -0.325522 0.000359108
       17082    -0.32633   -0.325522 0.000359087
       17083   -0.311527   -0.325522 0.000359067
       17084   -0.234685   -0.325516 0.000359086
       17085   -0.158535   -0.325506 0.000359198
       17086   -0.248668   -0.325502 0.000359205
       17087   -0.318911   -0.325502 0.000359184
       17088   -0.309747   -0.325501 0.000359164
       17089   -0.271118   -0.325497 0.000359157
       17090   -0.209158   -0.325491 0.000359201
       17091    -0.22738   -0.325485 0.000359226
       17092   -0.265712   -0.325481 0.000359222
       17093   -0.277348   -0.325479 0.000359212
       17094   -0.287246   -0.325476 0.000359197
       17095   -0.296386   -0.325475  0.00035918
       17096    -0.30248   -0.325473 0.000359162
       17097   -0.303635   -0.325472 0.000359143
       17098   -0.302949   -0.325471 0.000359125
       17099   -0.303658   -0.325469 0.000359106
       17100   -0.296471   -0.325468 0.000359089
       17101   -0.269633   -0.325464 0.000359083
       17102   -0.244619    -0.32546 0.000359093
       17103   -0.250714   -0.325455 0.000359099
       17104    -0.28255   -0.325453 0.000359086
       17105   -0.320466   -0.325453 0.000359065
       17106   -0.345373   -0.325454 0.000359046
       17107   -0.356075   -0.325456  0.00035903
       17108   -0.357909   -0.325457 0.000359014
       17109   -0.341965   -0.325458 0.000358994
       17110   -0.298213   -0.325457 0.000358977
       17111   -0.280308   -0.325454 0.000358965
       17112   -0.312069   -0.325453 0.000358945
       17113   -0.330507   -0.325454 0.000358924
       17114   -0.314593   -0.325453 0.000358904
       17115   -0.305508   -0.325452 0.000358885
       17116   -0.329377   -0.325452 0.000358864
       17117   -0.328259   -0.325452 0.000358843
       17118   -0.286841    -0.32545 0.000358829
       17119   -0.303814   -0.325449  0.00035881
       17120   -0.345945    -0.32545 0.000358792
       17121   -0.354028   -0.325452 0.000358774
       17122   -0.333207   -0.325452 0.000358754
       17123   -0.311446   -0.325451 0.000358734
       17124   -0.314051   -0.325451 0.000358713
       17125   -0.301692   -0.325449 0.000358695
       17126   -0.298648   -0.325448 0.000358678
       17127   -0.314074   -0.325447 0.000358657
       17128   -0.328186   -0.325447 0.000358636
       17129   -0.333794   -0.325448 0.000358616
       17130   -0.334473   -0.325448 0.000358595
       17131   -0.333863   -0.325449 0.000358575
       17132   -0.326852   -0.325449 0.000358554
       17133   -0.298165   -0.325447 0.000358536
       17134   -0.278354   -0.325444 0.000358526
       17135   -0.295273   -0.325443 0.000358509
       17136   -0.278743    -0.32544 0.000358499
       17137   -0.227942   -0.325434 0.000358523
       17138   -0.198345   -0.325427 0.000358579
       17139   -0.262817   -0.325423 0.000358576
       17140   -0.297955   -0.325422 0.000358559
       17141   -0.283352   -0.325419 0.000358547
       17142    -0.28592   -0.325417 0.000358533
       17143   -0.291481   -0.325415 0.000358518
       17144   -0.279991   -0.325412 0.000358507
       17145   -0.273782   -0.325409 0.000358498
       17146   -0.260445   -0.325405 0.000358497
       17147   -0.263766   -0.325402 0.000358494
       17148    -0.28509   -0.325399 0.000358481
       17149   -0.286152   -0.325397 0.000358468
       17150   -0.263297   -0.325393 0.000358465
       17151   -0.256004   -0.325389 0.000358467
       17152   -0.273073   -0.325386 0.000358459
       17153   -0.277017   -0.325384 0.000358449
       17154   -0.271576    -0.32538 0.000358442
       17155   -0.270773   -0.325377 0.000358435
       17156   -0.278972   -0.325375 0.000358425
       17157   -0.286859   -0.325372 0.000358411
       17158   -0.290055    -0.32537 0.000358396
       17159    -0.28652   -0.325368 0.000358382
       17160   -0.272947   -0.325365 0.000358374
       17161   -0.256922   -0.325361 0.000358376
       17162   -0.261796   -0.325357 0.000358374
       17163   -0.291164   -0.325355 0.000358358
       17164   -0.318794   -0.325355 0.000358338
       17165   -0.331255   -0.325355 0.000358317
       17166   -0.314603   -0.325355 0.000358297
       17167   -0.265382   -0.325351 0.000358293
       17168   -0.289719   -0.325349 0.000358278
       17169   -0.301443   -0.325348  0.00035826
       17170   -0.274818   -0.325345 0.000358251
       17171    -0.30405   -0.325343 0.000358232
       17172   -0.336072   -0.325344 0.000358212
       17173    -0.33393   -0.325345 0.000358192
       17174   -0.309069   -0.325344 0.000358172
       17175   -0.307637   -0.325343 0.000358153
       17176    -0.31011   -0.325342 0.000358133
       17177    -0.32806   -0.325342 0.000358112
       17178   -0.347391   -0.325343 0.000358093
       17179   -0.342644   -0.325344 0.000358074
       17180   -0.310361   -0.325343 0.000358054
       17181   -0.290669   -0.325341 0.000358039
       17182   -0.310256    -0.32534 0.000358019
       17183   -0.318935    -0.32534 0.000357999
       17184   -0.284738   -0.325338 0.000357986
       17185   -0.272989   -0.325335 0.000357978
       17186   -0.282277   -0.325332 0.000357966
       17187   -0.306581   -0.325331 0.000357947
       17188   -0.350478   -0.325332 0.000357929
       17189   -0.327219   -0.325333 0.000357908
       17190   -0.271524   -0.325329 0.000357901
       17191   -0.282336   -0.325327 0.000357889
       17192   -0.301866   -0.325326  0.00035787
       17193   -0.295807   -0.325324 0.000357854
       17194   -0.275827   -0.325321 0.000357845
       17195   -0.256304   -0.325317 0.000357846
       17196   -0.267282   -0.325314 0.000357841
       17197   -0.288313   -0.325311 0.000357827
       17198   -0.304189    -0.32531 0.000357808
       17199   -0.312074   -0.325309 0.000357788
       17200   -0.314688   -0.325309 0.000357768
       17201   -0.317834   -0.325308 0.000357748
       17202   -0.318103   -0.325308 0.000357727
       17203   -0.315141   -0.325307 0.000357707
       17204    -0.31044   -0.325306 0.000357687
       17205   -0.284962   -0.325304 0.000357674
       17206   -0.233066   -0.325299 0.000357693
       17207   -0.235008   -0.325294 0.000357711
       17208   -0.286669   -0.325291 0.000357697
       17209   -0.310919    -0.32529 0.000357677
       17210   -0.317824    -0.32529 0.000357657
       17211   -0.315674   -0.325289 0.000357636
       17212   -0.302357   -0.325288 0.000357618
       17213   -0.287012   -0.325286 0.000357604
       17214   -0.280301   -0.325283 0.000357593
       17215   -0.285655   -0.325281  0.00035758
       17216   -0.289593   -0.325279 0.000357565
       17217   -0.285604   -0.325277 0.000357552
       17218   -0.283688   -0.325274 0.000357539
       17219   -0.283298   -0.325272 0.000357527
       17220   -0.286864    -0.32527 0.000357513
       17221   -0.285027   -0.325267   0.0003575
       17222   -0.272181   -0.325264 0.000357492
       17223   -0.271391   -0.325261 0.000357485
       17224   -0.284997   -0.325259 0.000357472
       17225   -0.292673   -0.325257 0.000357456
       17226   -0.295827   -0.325255  0.00035744
       17227   -0.298431   -0.325253 0.000357422
       17228   -0.295226   -0.325252 0.000357406
       17229   -0.284011   -0.325249 0.000357393
       17230   -0.265794   -0.325246 0.000357389
       17231   -0.260824   -0.325242 0.000357388
       17232   -0.276952   -0.325239 0.000357378
       17233   -0.289649   -0.325237 0.000357363
       17234   -0.288265   -0.325235 0.000357349
       17235   -0.257749   -0.325231  0.00035735
       17236   -0.234647   -0.325226 0.000357368
       17237   -0.261786   -0.325222 0.000357366
       17238   -0.274424   -0.325219 0.000357357
       17239    -0.26725   -0.325216 0.000357352
       17240   -0.241669   -0.325211 0.000357364
       17241   -0.221038   -0.325205 0.000357395
       17242   -0.234183     -0.3252 0.000357413
       17243   -0.235402   -0.325195  0.00035743
       17244   -0.231575   -0.325189 0.000357451
       17245   -0.251235   -0.325185 0.000357456
       17246   -0.276077   -0.325182 0.000357446
       17247   -0.287135    -0.32518 0.000357432
       17248   -0.290142   -0.325178 0.000357417
       17249   -0.283192   -0.325175 0.000357405
       17250   -0.255347   -0.325171 0.000357407
       17251   -0.234568   -0.325166 0.000357425
       17252   -0.260751   -0.325162 0.000357424
       17253   -0.277091    -0.32516 0.000357414
       17254   -0.260046   -0.325156 0.000357413
       17255   -0.226311    -0.32515 0.000357438
       17256   -0.209876   -0.325143  0.00035748
       17257   -0.233854   -0.325138 0.000357499
       17258   -0.253652   -0.325134 0.000357502
       17259   -0.252894    -0.32513 0.000357506
       17260   -0.264931   -0.325126 0.000357502
       17261   -0.278856   -0.325124 0.000357491
       17262   -0.283371   -0.325121 0.000357479
       17263   -0.276321   -0.325118 0.000357469
       17264   -0.243293   -0.325114  0.00035748
       17265   -0.219626   -0.325107 0.000357511
       17266   -0.232059   -0.325102 0.000357531
       17267   -0.236532   -0.325097 0.000357547
       17268   -0.248321   -0.325093 0.000357554
       17269   -0.259544   -0.325089 0.000357554
       17270   -0.257413   -0.325085 0.000357555
       17271   -0.260941   -0.325081 0.000357553
       17272   -0.262335   -0.325077 0.000357551
       17273    -0.24235   -0.325073 0.000357562
       17274   -0.236939   -0.325068 0.000357578
       17275   -0.254028   -0.325063 0.000357581
       17276   -0.253047   -0.325059 0.000357585
       17277    -0.24043   -0.325054 0.000357597
       17278    -0.23943   -0.325049 0.000357611
       17279   -0.250006   -0.325045 0.000357617
       17280   -0.256104   -0.325041 0.000357618
       17281   -0.274109   -0.325038  0.00035761
       17282   -0.271176   -0.325035 0.000357603
       17283   -0.244943    -0.32503 0.000357612
       17284   -0.259444   -0.325027 0.000357611
       17285    -0.26874   -0.325023 0.000357605
       17286   -0.268003    -0.32502   0.0003576
       17287   -0.283241   -0.325018 0.000357588
       17288   -0.282764   -0.325015 0.000357575
       17289   -0.272603   -0.325012 0.000357567
       17290   -0.266786   -0.325009 0.000357563
       17291   -0.247501   -0.325004  0.00035757
       17292   -0.184308   -0.324996 0.000357642
       17293   -0.204411   -0.324989 0.000357689
       17294   -0.268208   -0.324986 0.000357683
       17295   -0.293795   -0.324984 0.000357667
       17296   -0.297892   -0.324983  0.00035765
       17297   -0.290795   -0.324981 0.000357635
       17298   -0.266411   -0.324977  0.00035763
       17299   -0.250168   -0.324973 0.000357636
       17300   -0.248975   -0.324968 0.000357642
       17301   -0.217876   -0.324962 0.000357675
       17302    -0.26391   -0.324959 0.000357672
       17303   -0.278117   -0.324956 0.000357661
       17304   -0.253425   -0.324952 0.000357664
       17305   -0.225739   -0.324946  0.00035769
       17306   -0.211345    -0.32494 0.000357729
       17307   -0.236478   -0.324935 0.000357745
       17308   -0.274922   -0.324932 0.000357736
       17309   -0.271071   -0.324929 0.000357729
       17310   -0.231388   -0.324923 0.000357749
       17311   -0.182146   -0.324915 0.000357824
       17312   -0.220159   -0.324909 0.000357854
       17313   -0.268707   -0.324906 0.000357848
       17314   -0.265751   -0.324902 0.000357844
       17315    -0.23293   -0.324897 0.000357862
       17316   -0.225803   -0.324891 0.000357888
       17317   -0.257296   -0.324887 0.000357888
       17318   -0.274457   -0.324884 0.000357879
       17319   -0.271543   -0.324881 0.000357872
       17320   -0.263287   -0.324878 0.000357869
       17321   -0.261606   -0.324874 0.000357867
       17322   -0.261326    -0.32487 0.000357865
       17323   -0.254752   -0.324866 0.000357867
       17324   -0.249015   -0.324862 0.000357873
       17325   -0.257421   -0.324858 0.000357874
       17326   -0.268561   -0.324855 0.000357868
       17327   -0.274102   -0.324852 0.000357859
       17328   -0.276109   -0.324849  0.00035785
       17329   -0.271242   -0.324846 0.000357843
       17330   -0.247098   -0.324841  0.00035785
       17331    -0.22413   -0.324836 0.000357877
       17332   -0.245941   -0.324831 0.000357885
       17333   -0.270659   -0.324828 0.000357878
       17334   -0.280207   -0.324825 0.000357866
       17335   -0.277254   -0.324823 0.000357856
       17336   -0.265282   -0.324819 0.000357852
       17337   -0.253365   -0.324815 0.000357855
       17338   -0.251219   -0.324811  0.00035786
       17339   -0.259166   -0.324807 0.000357859
       17340   -0.270943   -0.324804 0.000357852
       17341   -0.279087   -0.324801 0.000357841
       17342   -0.280972   -0.324799 0.000357829
       17343   -0.281184   -0.324796 0.000357818
       17344    -0.28575   -0.324794 0.000357804
       17345      -0.295   -0.324792 0.000357788
       17346   -0.305749   -0.324791 0.000357769
       17347   -0.312518    -0.32479 0.000357749
       17348    -0.30998    -0.32479 0.000357729
       17349   -0.299951   -0.324788 0.000357711
       17350   -0.281421   -0.324786 0.000357699
       17351   -0.275404   -0.324783  0.00035769
       17352   -0.304824   -0.324782 0.000357671
       17353    -0.31923   -0.324781 0.000357651
       17354   -0.317156   -0.324781 0.000357631
       17355   -0.302541    -0.32478 0.000357612
       17356   -0.283118   -0.324777   0.0003576
       17357    -0.26647   -0.324774 0.000357595
       17358   -0.264642    -0.32477 0.000357591
       17359   -0.291646   -0.324769 0.000357576
       17360   -0.310348   -0.324768 0.000357556
       17361   -0.305779   -0.324767 0.000357537
       17362   -0.236609   -0.324762 0.000357552
       17363   -0.227808   -0.324756 0.000357575
       17364   -0.296263   -0.324754 0.000357559
       17365   -0.262952   -0.324751 0.000357556
       17366   -0.289805   -0.324749 0.000357541
       17367   -0.295023   -0.324747 0.000357524
       17368   -0.272021   -0.324744 0.000357517
       17369    -0.25615    -0.32474 0.000357518
       17370   -0.249693   -0.324736 0.000357523
       17371   -0.319344   -0.324735 0.000357503
       17372   -0.331822   -0.324736 0.000357483
       17373   -0.305206   -0.324735 0.000357464
       17374   -0.308368   -0.324734 0.000357444
       17375   -0.332859   -0.324734 0.000357424
       17376   -0.327019   -0.324734 0.000357404
       17377   -0.301344   -0.324733 0.000357386
       17378   -0.288796   -0.324731 0.000357371
       17379   -0.298078   -0.324729 0.000357354
       17380   -0.307447   -0.324728 0.000357335
       17381   -0.314682   -0.324728 0.000357314
       17382   -0.327892   -0.324728 0.000357294
       17383   -0.337364   -0.324729 0.000357274
       17384   -0.325913   -0.324729 0.000357254
       17385   -0.284247   -0.324726 0.000357241
       17386   -0.240356   -0.324722 0.000357253
       17387   -0.211004   -0.324715 0.000357292
       17388   -0.266618   -0.324712 0.000357287
       17389   -0.311852   -0.324711 0.000357268
       17390   -0.289435   -0.324709 0.000357253
       17391   -0.284946   -0.324707  0.00035724
       17392    -0.30688   -0.324706 0.000357221
       17393   -0.323492   -0.324706   0.0003572
       17394   -0.311476   -0.324705  0.00035718
       17395   -0.282874   -0.324702 0.000357168
       17396   -0.279482     -0.3247 0.000357157
       17397    -0.24714   -0.324695 0.000357164
       17398   -0.262589   -0.324692 0.000357161
       17399   -0.306195   -0.324691 0.000357142
       17400    -0.32465   -0.324691 0.000357122
       17401   -0.319783    -0.32469 0.000357102
       17402    -0.28803   -0.324688 0.000357087
       17403   -0.263244   -0.324685 0.000357084
       17404   -0.257268   -0.324681 0.000357085
       17405     -0.2627   -0.324677 0.000357082
       17406   -0.290801   -0.324675 0.000357067
       17407   -0.307189   -0.324674 0.000357048
       17408   -0.299297   -0.324673  0.00035703
       17409   -0.276497    -0.32467  0.00035702
       17410   -0.262524   -0.324667 0.000357018
       17411   -0.273828   -0.324664 0.000357009
       17412   -0.285354   -0.324661 0.000356996
       17413   -0.289849   -0.324659 0.000356981
       17414   -0.295559   -0.324658 0.000356964
       17415   -0.300084   -0.324656 0.000356946
       17416   -0.300171   -0.324655 0.000356929
       17417   -0.294883   -0.324653 0.000356912
       17418   -0.286069   -0.324651 0.000356899
       17419   -0.276915   -0.324648 0.000356889
       17420   -0.267188   -0.324645 0.000356883
       17421   -0.279453   -0.324642 0.000356872
       17422   -0.292184   -0.324641 0.000356857
       17423   -0.286788   -0.324638 0.000356843
       17424   -0.291859   -0.324636 0.000356827
       17425   -0.297016   -0.324635  0.00035681
       17426   -0.293096   -0.324633 0.000356795
       17427   -0.287243   -0.324631 0.000356781
       17428   -0.301569    -0.32463 0.000356763
       17429   -0.325777    -0.32463 0.000356742
       17430   -0.315105   -0.324629 0.000356722
       17431   -0.272583   -0.324626 0.000356714
       17432   -0.258063   -0.324622 0.000356714
       17433   -0.280546    -0.32462 0.000356703
       17434   -0.304152   -0.324619 0.000356684
       17435   -0.294624   -0.324617 0.000356668
       17436   -0.276913   -0.324614 0.000356658
       17437   -0.278849   -0.324612 0.000356647
       17438   -0.289974    -0.32461 0.000356632
       17439   -0.296116   -0.324608 0.000356615
       17440   -0.295466   -0.324606 0.000356599
       17441   -0.288775   -0.324604 0.000356584
       17442   -0.282206   -0.324602 0.000356572
       17443   -0.283611   -0.324599 0.000356559
       17444   -0.290532   -0.324597 0.000356544
       17445   -0.295825   -0.324596 0.000356528
       17446   -0.296867   -0.324594 0.000356511
       17447   -0.292748   -0.324592 0.000356495
       17448   -0.282127    -0.32459 0.000356483
       17449   -0.266791   -0.324587 0.000356478
       17450   -0.257429   -0.324583 0.000356478
       17451   -0.265836   -0.324579 0.000356474
       17452   -0.277688   -0.324577 0.000356463
       17453   -0.275044   -0.324574 0.000356454
       17454    -0.26145    -0.32457 0.000356452
       17455   -0.250084   -0.324566 0.000356457
       17456   -0.248862   -0.324562 0.000356463
       17457   -0.263414   -0.324558  0.00035646
       17458   -0.274979   -0.324555 0.000356451
       17459   -0.282753   -0.324553 0.000356439
       17460   -0.289171   -0.324551 0.000356424
       17461   -0.289921   -0.324549 0.000356409
       17462   -0.284176   -0.324547 0.000356396
       17463   -0.277691   -0.324544 0.000356386
       17464   -0.279668   -0.324541 0.000356375
       17465   -0.286089   -0.324539 0.000356361
       17466   -0.288656   -0.324537 0.000356347
       17467   -0.293533   -0.324535 0.000356331
       17468   -0.306413   -0.324534 0.000356312
       17469   -0.305313   -0.324533 0.000356293
       17470   -0.265637    -0.32453 0.000356289
       17471   -0.278199   -0.324527 0.000356278
       17472   -0.324853   -0.324527 0.000356258
       17473   -0.332052   -0.324528 0.000356238
       17474   -0.306968   -0.324527 0.000356219
       17475     -0.2692   -0.324523 0.000356212
       17476   -0.279314   -0.324521 0.000356201
       17477   -0.331715   -0.324521 0.000356181
       17478   -0.367319   -0.324524 0.000356169
       17479   -0.376021   -0.324527 0.000356161
       17480   -0.365775   -0.324529 0.000356148
       17481   -0.314622   -0.324528 0.000356128
       17482   -0.273615   -0.324526  0.00035612
       17483   -0.316413   -0.324525   0.0003561
       17484   -0.325563   -0.324525  0.00035608
       17485   -0.314043   -0.324525  0.00035606
       17486   -0.310193   -0.324524  0.00035604
       17487   -0.331818   -0.324524  0.00035602
       17488   -0.373582   -0.324527 0.000356011
       17489   -0.380561    -0.32453 0.000356005
       17490   -0.368959   -0.324533 0.000355994
       17491   -0.354074   -0.324534 0.000355977
       17492   -0.341723   -0.324535 0.000355958
       17493   -0.332517   -0.324536 0.000355938
       17494   -0.302256   -0.324535  0.00035592
       17495   -0.257148   -0.324531 0.000355921
       17496   -0.286713   -0.324529 0.000355907
       17497   -0.317661   -0.324528 0.000355887
       17498   -0.322893   -0.324528 0.000355866
       17499   -0.329295   -0.324528 0.000355846
       17500    -0.33148   -0.324529 0.000355826
       17501   -0.326773   -0.324529 0.000355806
       17502   -0.325596   -0.324529 0.000355785
       17503   -0.321317   -0.324529 0.000355765
       17504   -0.310159   -0.324528 0.000355746
       17505   -0.309062   -0.324527 0.000355727
       17506   -0.316322   -0.324527 0.000355707
       17507   -0.321024   -0.324526 0.000355686
       17508   -0.320615   -0.324526 0.000355666
       17509   -0.320002   -0.324526 0.000355646
       17510   -0.327157   -0.324526 0.000355626
       17511   -0.339341   -0.324527 0.000355606
       17512   -0.347397   -0.324528 0.000355588
       17513   -0.344695   -0.324529  0.00035557
       17514   -0.328339    -0.32453  0.00035555
       17515   -0.302444   -0.324528 0.000355532
       17516   -0.289251   -0.324526 0.000355517
       17517   -0.306856   -0.324525 0.000355498
       17518   -0.332322   -0.324526 0.000355478
       17519   -0.346715   -0.324527  0.00035546
       17520   -0.352926   -0.324529 0.000355444
       17521   -0.356468    -0.32453 0.000355428
       17522   -0.359296   -0.324532 0.000355413
       17523   -0.360264   -0.324534 0.000355399
       17524   -0.357534   -0.324536 0.000355383
       17525   -0.349353   -0.324538 0.000355366
       17526   -0.334653   -0.324538 0.000355346
       17527   -0.323509   -0.324538 0.000355326
       17528   -0.301176   -0.324537 0.000355308
       17529   -0.300306   -0.324536 0.000355291
       17530   -0.291508   -0.324534 0.000355275
       17531   -0.314942   -0.324533 0.000355255
       17532   -0.341389   -0.324534 0.000355236
       17533   -0.348551   -0.324535 0.000355219
       17534   -0.353172   -0.324537 0.000355202
       17535   -0.361278   -0.324539 0.000355188
       17536   -0.366434   -0.324542 0.000355176
       17537   -0.365917   -0.324544 0.000355164
       17538   -0.361514   -0.324546  0.00035515
       17539   -0.353407   -0.324548 0.000355133
       17540   -0.344287   -0.324549 0.000355115
       17541   -0.347945    -0.32455 0.000355097
       17542   -0.362944   -0.324552 0.000355083
       17543   -0.369513   -0.324555 0.000355072
       17544     -0.3642   -0.324557 0.000355059
       17545   -0.352731   -0.324559 0.000355043
       17546   -0.327874   -0.324559 0.000355023
       17547   -0.295609   -0.324557 0.000355006
       17548    -0.32492   -0.324557 0.000354986
       17549   -0.371679    -0.32456 0.000354976
       17550   -0.366937   -0.324562 0.000354964
       17551   -0.309627   -0.324562 0.000354945
       17552   -0.269144   -0.324558 0.000354939
       17553   -0.318688   -0.324558 0.000354918
       17554   -0.357588    -0.32456 0.000354903
       17555   -0.371719   -0.324563 0.000354893
       17556   -0.377574   -0.324566 0.000354886
       17557   -0.381436   -0.324569  0.00035488
       17558   -0.377549   -0.324572 0.000354873
       17559   -0.348516   -0.324573 0.000354855
       17560   -0.340465   -0.324574 0.000354836
       17561    -0.36335   -0.324576 0.000354823
       17562   -0.336448   -0.324577 0.000354803
       17563   -0.269401   -0.324574 0.000354797
       17564    -0.22259   -0.324568 0.000354824
       17565   -0.291748   -0.324566 0.000354809
       17566   -0.372038   -0.324569 0.000354799
       17567   -0.399327   -0.324573 0.000354805
       17568   -0.400343   -0.324578 0.000354811
       17569   -0.396864   -0.324582 0.000354814
       17570   -0.391808   -0.324585 0.000354815
       17571   -0.370771   -0.324588 0.000354804
       17572   -0.336356   -0.324589 0.000354785
       17573   -0.330577   -0.324589 0.000354765
       17574   -0.341406    -0.32459 0.000354746
       17575   -0.337755   -0.324591 0.000354726
       17576    -0.33511   -0.324591 0.000354707
       17577   -0.351283   -0.324593  0.00035469
       17578   -0.365911   -0.324595 0.000354677
       17579   -0.369402   -0.324598 0.000354666
       17580   -0.369498     -0.3246 0.000354655
       17581    -0.36921   -0.324603 0.000354644
       17582   -0.366626   -0.324605 0.000354632
       17583    -0.35906   -0.324607 0.000354617
       17584   -0.340407   -0.324608 0.000354598
       17585   -0.310641   -0.324607 0.000354579
       17586   -0.309597   -0.324607  0.00035456
       17587   -0.323587   -0.324606  0.00035454
       17588   -0.330429   -0.324607  0.00035452
       17589   -0.334641   -0.324607   0.0003545
       17590   -0.328618   -0.324608  0.00035448
       17591   -0.311742   -0.324607 0.000354461
       17592    -0.29582   -0.324605 0.000354444
       17593   -0.305475   -0.324604 0.000354426
       17594   -0.323282   -0.324604 0.000354406
       17595   -0.330597   -0.324604 0.000354386
       17596   -0.332687   -0.324605 0.000354366
       17597   -0.334809   -0.324605 0.000354346
       17598   -0.334049   -0.324606 0.000354326
       17599   -0.323138   -0.324606 0.000354306
       17600   -0.291554   -0.324604 0.000354291
       17601   -0.272876   -0.324601 0.000354283
       17602    -0.29771     -0.3246 0.000354266
       17603   -0.319804   -0.324599 0.000354246
       17604   -0.314441   -0.324599 0.000354227
       17605   -0.315147   -0.324598 0.000354207
       17606   -0.334026   -0.324599 0.000354187
       17607   -0.337738   -0.324599 0.000354168
       17608   -0.325206     -0.3246 0.000354148
       17609   -0.321957   -0.324599 0.000354128
       17610   -0.332713     -0.3246 0.000354108
       17611   -0.338918   -0.324601 0.000354089
       17612   -0.338297   -0.324601  0.00035407
       17613   -0.320919   -0.324601  0.00035405
       17614   -0.290228   -0.324599 0.000354035
       17615   -0.289711   -0.324597  0.00035402
       17616   -0.317043   -0.324597    0.000354
       17617   -0.329908   -0.324597  0.00035398
       17618   -0.321543   -0.324597  0.00035396
       17619    -0.31919   -0.324597  0.00035394
       17620   -0.326076   -0.324597  0.00035392
       17621    -0.33614   -0.324597 0.000353901
       17622   -0.343844   -0.324598 0.000353882
       17623   -0.329832   -0.324599 0.000353863
       17624   -0.306512   -0.324598 0.000353844
       17625   -0.319398   -0.324597 0.000353824
       17626   -0.339882   -0.324598 0.000353805
       17627   -0.339787   -0.324599 0.000353786
       17628   -0.334044     -0.3246 0.000353766
       17629   -0.345104   -0.324601 0.000353748
       17630   -0.354294   -0.324603 0.000353732
       17631   -0.350657   -0.324604 0.000353715
       17632   -0.344992   -0.324605 0.000353697
       17633   -0.342371   -0.324606 0.000353678
       17634   -0.342252   -0.324607  0.00035366
       17635   -0.345417   -0.324608 0.000353642
       17636   -0.345983    -0.32461 0.000353624
       17637   -0.337082    -0.32461 0.000353604
       17638   -0.331349   -0.324611 0.000353584
       17639   -0.336276   -0.324611 0.000353565
       17640   -0.329705   -0.324612 0.000353545
       17641   -0.304686   -0.324611 0.000353527
       17642   -0.284522   -0.324608 0.000353514
       17643   -0.301633   -0.324607 0.000353496
       17644    -0.32887   -0.324607 0.000353476
       17645   -0.343908   -0.324608 0.000353458
       17646   -0.351747    -0.32461 0.000353441
       17647   -0.357319   -0.324612 0.000353426
       17648   -0.364003   -0.324614 0.000353413
       17649   -0.376306   -0.324617 0.000353405
       17650   -0.390851   -0.324621 0.000353405
       17651   -0.398542   -0.324625  0.00035341
       17652   -0.404818   -0.324629 0.000353419
       17653   -0.404427   -0.324634 0.000353428
       17654   -0.379502   -0.324637 0.000353422
       17655   -0.375933    -0.32464 0.000353414
       17656   -0.403591   -0.324644 0.000353422
       17657   -0.409351   -0.324649 0.000353435
       17658   -0.382097   -0.324652  0.00035343
       17659   -0.377178   -0.324655 0.000353422
       17660   -0.411084    -0.32466 0.000353436
       17661    -0.44507   -0.324667 0.000353482
       17662   -0.463582   -0.324675 0.000353549
       17663   -0.461565   -0.324683 0.000353614
       17664   -0.447814    -0.32469 0.000353663
       17665   -0.436513   -0.324696 0.000353699
       17666   -0.432446   -0.324702 0.000353732
       17667   -0.428062   -0.324708  0.00035376
       17668    -0.41031   -0.324713 0.000353773
       17669   -0.375511   -0.324716 0.000353765
       17670   -0.332873   -0.324716 0.000353745
       17671   -0.291344   -0.324714  0.00035373
       17672   -0.287279   -0.324712 0.000353717
       17673   -0.362841   -0.324714 0.000353703
       17674   -0.376276   -0.324717 0.000353695
       17675   -0.359797   -0.324719 0.000353681
       17676   -0.339318    -0.32472 0.000353662
       17677   -0.327109    -0.32472 0.000353642
       17678   -0.324089    -0.32472 0.000353622
       17679   -0.323651    -0.32472 0.000353602
       17680   -0.321363    -0.32472 0.000353582
       17681   -0.306691   -0.324719 0.000353563
       17682    -0.28569   -0.324717  0.00035355
       17683   -0.302019   -0.324715 0.000353533
       17684   -0.326852   -0.324715 0.000353513
       17685   -0.334178   -0.324716 0.000353493
       17686    -0.33595   -0.324717 0.000353474
       17687   -0.337518   -0.324717 0.000353454
       17688   -0.337518   -0.324718 0.000353435
       17689   -0.334478   -0.324719 0.000353416
       17690   -0.329737   -0.324719 0.000353396
       17691   -0.325649   -0.324719 0.000353376
       17692     -0.3332   -0.324719 0.000353356
       17693   -0.353523   -0.324721  0.00035334
       17694   -0.367011   -0.324723 0.000353328
       17695   -0.358489   -0.324725 0.000353313
       17696   -0.324041   -0.324725 0.000353293
       17697   -0.311584   -0.324725 0.000353274
       17698   -0.343994   -0.324726 0.000353256
       17699   -0.371595   -0.324728 0.000353246
       17700   -0.382027   -0.324732 0.000353241
       17701   -0.376796   -0.324734 0.000353233
       17702   -0.349711   -0.324736 0.000353216
       17703   -0.328802   -0.324736 0.000353196
       17704   -0.361481   -0.324738 0.000353182
       17705   -0.393114   -0.324742 0.000353183
       17706   -0.398303   -0.324746 0.000353188
       17707   -0.397479    -0.32475 0.000353192
       17708   -0.396119   -0.324754 0.000353195
       17709   -0.396708   -0.324758 0.000353198
       17710   -0.411109   -0.324763 0.000353212
       17711   -0.419706   -0.324769 0.000353233
       17712   -0.418446   -0.324774 0.000353252
       17713   -0.401393   -0.324778 0.000353259
       17714   -0.347284    -0.32478 0.000353241
       17715   -0.373784   -0.324782 0.000353232
       17716   -0.383505   -0.324786 0.000353228
       17717   -0.337479   -0.324786 0.000353208
       17718   -0.326723   -0.324786 0.000353188
       17719   -0.371072   -0.324789 0.000353178
       17720   -0.402456   -0.324793 0.000353185
       17721    -0.40318   -0.324798 0.000353193
       17722   -0.388618   -0.324801 0.000353192
       17723   -0.371437   -0.324804 0.000353181
       17724    -0.36246   -0.324806 0.000353168
       17725   -0.365727   -0.324809 0.000353156
       17726   -0.373433   -0.324811 0.000353146
       17727   -0.378716   -0.324814 0.000353139
       17728   -0.378884   -0.324817 0.000353133
       17729   -0.367801    -0.32482 0.000353121
       17730   -0.349929   -0.324821 0.000353104
       17731   -0.342107   -0.324822 0.000353085
       17732   -0.313161   -0.324822 0.000353066
       17733   -0.337039   -0.324822 0.000353047
       17734   -0.372498   -0.324825 0.000353037
       17735   -0.359129   -0.324827 0.000353023
       17736   -0.364543   -0.324829  0.00035301
       17737   -0.400622   -0.324833 0.000353016
       17738    -0.42276   -0.324839 0.000353039
       17739   -0.433641   -0.324845 0.000353072
       17740   -0.434605   -0.324851 0.000353107
       17741   -0.425799   -0.324857 0.000353133
       17742   -0.409145   -0.324862 0.000353145
       17743    -0.37703   -0.324865 0.000353137
       17744   -0.333345   -0.324865 0.000353118
       17745   -0.339067   -0.324866 0.000353099
       17746   -0.415166   -0.324871 0.000353115
       17747   -0.458526   -0.324878 0.000353176
       17748   -0.465566   -0.324886 0.000353245
       17749    -0.45608   -0.324894 0.000353302
       17750   -0.437645     -0.3249 0.000353339
       17751   -0.395036   -0.324904 0.000353342
       17752   -0.331014   -0.324904 0.000353322
       17753   -0.384071   -0.324908 0.000353318
       17754   -0.445256   -0.324915 0.000353363
       17755   -0.422498    -0.32492 0.000353386
       17756   -0.404153   -0.324925 0.000353394
       17757    -0.40589   -0.324929 0.000353403
       17758   -0.433812   -0.324935 0.000353437
       17759   -0.435915   -0.324941 0.000353472
       17760   -0.364053   -0.324944 0.000353459
       17761   -0.295962   -0.324942 0.000353443
       17762   -0.344823   -0.324943 0.000353425
       17763   -0.409968   -0.324948 0.000353437
       17764   -0.426441   -0.324954 0.000353463
       17765   -0.408987   -0.324958 0.000353475
       17766   -0.382681   -0.324962  0.00035347
       17767   -0.363579   -0.324964 0.000353457
       17768   -0.374877   -0.324967 0.000353448
       17769    -0.38264    -0.32497 0.000353443
       17770   -0.374728   -0.324973 0.000353435
       17771   -0.386397   -0.324976 0.000353432
       17772   -0.405126   -0.324981  0.00035344
       17773   -0.409699   -0.324985 0.000353453
       17774   -0.403532    -0.32499  0.00035346
       17775   -0.397191   -0.324994 0.000353464
       17776   -0.396925   -0.324998 0.000353467
       17777   -0.399481   -0.325002 0.000353472
       17778   -0.400027   -0.325006 0.000353477
       17779   -0.396609    -0.32501  0.00035348
       17780   -0.387812   -0.325014 0.000353478
       17781   -0.377044   -0.325017  0.00035347
       17782   -0.363656   -0.325019 0.000353457
       17783   -0.334047   -0.325019 0.000353438
       17784   -0.312904   -0.325019 0.000353419
       17785   -0.321494   -0.325019 0.000353399
       17786   -0.342283    -0.32502  0.00035338
       17787   -0.358962   -0.325021 0.000353365
       17788   -0.362401   -0.325024 0.000353352
       17789   -0.358242   -0.325025 0.000353337
       17790   -0.351862   -0.325027  0.00035332
       17791    -0.34566   -0.325028 0.000353302
       17792   -0.339218   -0.325029 0.000353283
       17793   -0.326007   -0.325029 0.000353264
       17794   -0.300413   -0.325028 0.000353246
       17795   -0.270656   -0.325025  0.00035324
       17796   -0.271753   -0.325022 0.000353233
       17797   -0.288732   -0.325019 0.000353219
       17798   -0.281588   -0.325017 0.000353207
       17799   -0.281303   -0.325015 0.000353196
       17800    -0.29023   -0.325013 0.000353181
       17801    -0.29655   -0.325011 0.000353165
       17802   -0.298022    -0.32501 0.000353149
       17803   -0.292077   -0.325008 0.000353134
       17804    -0.27557   -0.325005 0.000353125
       17805   -0.259889   -0.325001 0.000353124
       17806   -0.265425   -0.324998  0.00035312
       17807   -0.272264   -0.324995 0.000353112
       17808   -0.265321   -0.324992 0.000353109
       17809   -0.253468   -0.324988 0.000353112
       17810   -0.260766   -0.324984  0.00035311
       17811   -0.283624   -0.324982 0.000353098
       17812   -0.298918    -0.32498 0.000353081
       17813   -0.307497   -0.324979 0.000353063
       17814   -0.309352   -0.324978 0.000353044
       17815   -0.298523   -0.324977 0.000353027
       17816   -0.285245   -0.324975 0.000353014
       17817   -0.292949   -0.324973 0.000352999
       17818   -0.294612   -0.324971 0.000352984
       17819   -0.272854   -0.324968 0.000352976
       17820   -0.272757   -0.324965 0.000352968
       17821   -0.294627   -0.324964 0.000352953
       17822    -0.30558   -0.324962 0.000352934
       17823   -0.322348   -0.324962 0.000352915
       17824   -0.328316   -0.324963 0.000352895
       17825   -0.303014   -0.324961 0.000352877
       17826   -0.219431   -0.324955 0.000352907
       17827   -0.186101   -0.324948 0.000352973
       17828    -0.24019   -0.324943 0.000352985
       17829   -0.287743   -0.324941 0.000352972
       17830   -0.325714   -0.324941 0.000352952
       17831   -0.348823   -0.324942 0.000352935
       17832   -0.349966   -0.324944 0.000352918
       17833   -0.333109   -0.324944 0.000352898
       17834   -0.304497   -0.324943  0.00035288
       17835   -0.277447    -0.32494 0.000352871
       17836   -0.274168   -0.324937 0.000352862
       17837    -0.29764   -0.324936 0.000352846
       17838   -0.285145   -0.324934 0.000352833
       17839    -0.26373    -0.32493  0.00035283
       17840    -0.32831    -0.32493  0.00035281
       17841   -0.353173   -0.324932 0.000352794
       17842   -0.349851   -0.324933 0.000352777
       17843   -0.327136   -0.324933 0.000352757
       17844   -0.306147   -0.324932 0.000352739
       17845   -0.316756   -0.324932  0.00035272
       17846   -0.333512   -0.324932   0.0003527
       17847   -0.347505   -0.324934 0.000352683
       17848   -0.358794   -0.324936 0.000352668
       17849   -0.371602   -0.324938 0.000352658
       17850    -0.37897   -0.324941 0.000352651
       17851   -0.375229   -0.324944 0.000352643
       17852   -0.371721   -0.324947 0.000352633
       17853   -0.367021   -0.324949 0.000352621
       17854   -0.356469   -0.324951 0.000352605
       17855   -0.351924   -0.324952 0.000352589
       17856    -0.34776   -0.324954 0.000352572
       17857   -0.323774   -0.324953 0.000352552
       17858   -0.332674   -0.324954 0.000352532
       17859    -0.38902   -0.324957 0.000352531
       17860   -0.406184   -0.324962  0.00035254
       17861   -0.393277   -0.324966 0.000352541
       17862   -0.348355   -0.324967 0.000352524
       17863   -0.331659   -0.324968 0.000352505
       17864   -0.356799   -0.324969 0.000352489
       17865   -0.360777   -0.324971 0.000352475
       17866   -0.359486   -0.324973 0.000352461
       17867   -0.358039   -0.324975 0.000352446
       17868   -0.352353   -0.324977  0.00035243
       17869   -0.338163   -0.324977 0.000352411
       17870   -0.333204   -0.324978 0.000352391
       17871   -0.350301   -0.324979 0.000352374
       17872   -0.367501   -0.324982 0.000352363
       17873   -0.368897   -0.324984 0.000352352
       17874   -0.353564   -0.324986 0.000352335
       17875   -0.330909   -0.324986 0.000352316
       17876   -0.322701   -0.324986 0.000352296
       17877   -0.334164   -0.324986 0.000352277
       17878   -0.340875   -0.324987 0.000352258
       17879   -0.325531   -0.324987 0.000352239
       17880   -0.291531   -0.324985 0.000352224
       17881   -0.274401   -0.324983 0.000352216
       17882   -0.288351   -0.324981 0.000352202
       17883   -0.304124   -0.324979 0.000352184
       17884   -0.307957   -0.324978 0.000352166
       17885   -0.300694   -0.324977 0.000352149
       17886   -0.288454   -0.324975 0.000352135
       17887   -0.281025   -0.324973 0.000352124
       17888   -0.283019    -0.32497 0.000352112
       17889   -0.287823   -0.324968 0.000352098
       17890   -0.287415   -0.324966 0.000352085
       17891   -0.280494   -0.324964 0.000352074
       17892   -0.277356   -0.324961 0.000352064
       17893   -0.277832   -0.324958 0.000352054
       17894    -0.25292   -0.324954 0.000352058
       17895   -0.182741   -0.324946 0.000352128
       17896   -0.203965    -0.32494 0.000352173
       17897   -0.273199   -0.324937 0.000352165
       17898   -0.295927   -0.324935 0.000352149
       17899   -0.301431   -0.324934 0.000352132
       17900   -0.302782   -0.324933 0.000352115
       17901   -0.301301   -0.324931 0.000352097
       17902   -0.292093   -0.324929 0.000352082
       17903   -0.268059   -0.324926 0.000352077
       17904   -0.243653   -0.324922 0.000352087
       17905   -0.255243   -0.324918 0.000352089
       17906   -0.286515   -0.324916 0.000352075
       17907   -0.303073   -0.324914 0.000352058
       17908   -0.311331   -0.324914 0.000352039
       17909   -0.320476   -0.324913 0.000352019
       17910   -0.327814   -0.324914    0.000352
       17911   -0.326479   -0.324914  0.00035198
       17912   -0.314071   -0.324913 0.000351961
       17913   -0.308743   -0.324912 0.000351943
       17914   -0.323625   -0.324912 0.000351923
       17915   -0.335956   -0.324913 0.000351904
       17916     -0.3352   -0.324913 0.000351885
       17917   -0.336394   -0.324914 0.000351866
       17918   -0.344459   -0.324915 0.000351848
       17919   -0.330124   -0.324915 0.000351828
       17920   -0.298821   -0.324914 0.000351812
       17921   -0.314492   -0.324913 0.000351792
       17922   -0.346309   -0.324914 0.000351775
       17923   -0.358539   -0.324916  0.00035176
       17924   -0.347879   -0.324918 0.000351743
       17925   -0.340772   -0.324918 0.000351724
       17926   -0.342346   -0.324919 0.000351706
       17927   -0.319293   -0.324919 0.000351687
       17928   -0.301609   -0.324918 0.000351669
       17929   -0.296143   -0.324916 0.000351653
       17930   -0.291483   -0.324914 0.000351639
       17931   -0.305884   -0.324913 0.000351621
       17932   -0.326435   -0.324913 0.000351601
       17933   -0.335794   -0.324914 0.000351582
       17934   -0.332099   -0.324914 0.000351563
       17935   -0.320092   -0.324914 0.000351543
       17936   -0.303605   -0.324913 0.000351526
       17937   -0.278938    -0.32491 0.000351515
       17938    -0.23594   -0.324905 0.000351531
       17939   -0.210966   -0.324899 0.000351569
       17940   -0.247165   -0.324895 0.000351576
       17941   -0.265044   -0.324891 0.000351572
       17942   -0.217257   -0.324885 0.000351603
       17943   -0.188237   -0.324878 0.000351666
       17944   -0.210518   -0.324871 0.000351704
       17945   -0.260283   -0.324868 0.000351703
       17946   -0.286803   -0.324866  0.00035169
       17947   -0.294036   -0.324864 0.000351675
       17948   -0.291807   -0.324862  0.00035166
       17949   -0.267591   -0.324859 0.000351655
       17950   -0.226891   -0.324853 0.000351678
       17951    -0.22452   -0.324848 0.000351702
       17952   -0.232479   -0.324843  0.00035172
       17953   -0.247145   -0.324838 0.000351727
       17954   -0.269181   -0.324835 0.000351722
       17955   -0.284489   -0.324833 0.000351709
       17956    -0.26483    -0.32483 0.000351705
       17957   -0.254771   -0.324826 0.000351707
       17958   -0.292336   -0.324824 0.000351693
       17959   -0.267042   -0.324821 0.000351688
       17960   -0.194432   -0.324814 0.000351743
       17961   -0.228185   -0.324808 0.000351765
       17962   -0.254813   -0.324804 0.000351767
       17963   -0.294348   -0.324803 0.000351751
       17964   -0.302543   -0.324801 0.000351734
       17965   -0.297775     -0.3248 0.000351717
       17966   -0.295216   -0.324798 0.000351702
       17967   -0.297995   -0.324797 0.000351685
       17968   -0.304986   -0.324796 0.000351667
       17969   -0.311803   -0.324795 0.000351649
       17970   -0.316782   -0.324794 0.000351629
       17971   -0.322294   -0.324794  0.00035161
       17972   -0.330355   -0.324795  0.00035159
       17973    -0.33726   -0.324795 0.000351571
       17974   -0.332723   -0.324796 0.000351552
       17975   -0.308391   -0.324795 0.000351534
       17976   -0.285038   -0.324793 0.000351521
       17977   -0.285281    -0.32479 0.000351508
       17978   -0.285952   -0.324788 0.000351496
       17979   -0.288637   -0.324786 0.000351482
       17980   -0.310093   -0.324785 0.000351463
       17981    -0.33194   -0.324786 0.000351444
       17982   -0.335665   -0.324786 0.000351425
       17983   -0.329502   -0.324787 0.000351405
       17984    -0.32676   -0.324787 0.000351386
       17985   -0.321051   -0.324787 0.000351366
       17986   -0.318849   -0.324786 0.000351347
       17987   -0.333498   -0.324787 0.000351328
       17988   -0.349953   -0.324788 0.000351311
       17989   -0.352182    -0.32479 0.000351295
       17990   -0.346448   -0.324791 0.000351277
       17991   -0.343973   -0.324792 0.000351259
       17992   -0.332606   -0.324792  0.00035124
       17993    -0.32534   -0.324792 0.000351221
       17994   -0.334831   -0.324793 0.000351202
       17995   -0.349534   -0.324794 0.000351185
       17996   -0.346001   -0.324795 0.000351167
       17997   -0.304117   -0.324794  0.00035115
       17998   -0.278851   -0.324792 0.000351139
       17999   -0.284559    -0.32479 0.000351127
       18000   -0.300278   -0.324788  0.00035111
       18001   -0.338503   -0.324789 0.000351091
       18002   -0.354878   -0.324791 0.000351076
       18003   -0.344604   -0.324792 0.000351058
       18004   -0.319931   -0.324791 0.000351039
       18005   -0.292878    -0.32479 0.000351024
       18006   -0.294078   -0.324788 0.000351008
       18007   -0.307362   -0.324787  0.00035099
       18008   -0.313867   -0.324786 0.000350971
       18009    -0.30977   -0.324786 0.000350953
       18010   -0.302578   -0.324784 0.000350935
       18011    -0.29937   -0.324783 0.000350919
       18012   -0.296293   -0.324781 0.000350903
       18013   -0.281074   -0.324779 0.000350892
       18014   -0.255093   -0.324775 0.000350894
       18015   -0.269154   -0.324772 0.000350888
       18016   -0.293348    -0.32477 0.000350873
       18017   -0.296408   -0.324769 0.000350857
       18018   -0.296597   -0.324767 0.000350841
       18019   -0.300987   -0.324766 0.000350824
       18020   -0.301419   -0.324764 0.000350807
       18021   -0.292681   -0.324763 0.000350792
       18022   -0.278677    -0.32476 0.000350781
       18023   -0.275396   -0.324757 0.000350773
       18024   -0.283631   -0.324755 0.000350761
       18025   -0.262664   -0.324752 0.000350758
       18026    -0.22767   -0.324746  0.00035078
       18027   -0.264228   -0.324743 0.000350777
       18028   -0.296816   -0.324741 0.000350761
       18029   -0.311767   -0.324741 0.000350742
       18030   -0.316992    -0.32474 0.000350723
       18031   -0.314451    -0.32474 0.000350704
       18032   -0.296763   -0.324738 0.000350688
       18033   -0.254865   -0.324734  0.00035069
       18034   -0.254261    -0.32473 0.000350692
       18035   -0.298003   -0.324729 0.000350676
       18036   -0.316348   -0.324728 0.000350656
       18037   -0.319493   -0.324728 0.000350637
       18038   -0.319149   -0.324728 0.000350618
       18039   -0.318601   -0.324727 0.000350599
       18040   -0.317856   -0.324727 0.000350579
       18041   -0.314794   -0.324726  0.00035056
       18042   -0.306961   -0.324726 0.000350542
       18043   -0.295557   -0.324724 0.000350527
       18044   -0.290501   -0.324722 0.000350512
       18045   -0.306994   -0.324721 0.000350494
       18046   -0.322009   -0.324721 0.000350475
       18047   -0.320223   -0.324721 0.000350456
       18048   -0.314189    -0.32472 0.000350437
       18049   -0.308278   -0.324719 0.000350418
       18050   -0.303688   -0.324718 0.000350401
       18051    -0.30762   -0.324717 0.000350383
       18052   -0.318002   -0.324717 0.000350364
       18053   -0.333159   -0.324717 0.000350344
       18054   -0.344653   -0.324718 0.000350327
       18055   -0.335963   -0.324719 0.000350308
       18056   -0.301624   -0.324718 0.000350291
       18057   -0.300341   -0.324716 0.000350274
       18058    -0.29908   -0.324715 0.000350258
       18059    -0.22739   -0.324709  0.00035028
       18060   -0.273461   -0.324707 0.000350272
       18061   -0.329545   -0.324707 0.000350252
       18062   -0.352321   -0.324708 0.000350236
       18063   -0.312602   -0.324708 0.000350218
       18064   -0.291056   -0.324706 0.000350203
       18065   -0.306176   -0.324705 0.000350185
       18066   -0.323321   -0.324705 0.000350166
       18067   -0.347655   -0.324706 0.000350149
       18068   -0.352102   -0.324707 0.000350133
       18069   -0.349021   -0.324709 0.000350116
       18070   -0.360121   -0.324711 0.000350102
       18071   -0.365943   -0.324713  0.00035009
       18072   -0.356652   -0.324715 0.000350075
       18073   -0.335807   -0.324715 0.000350056
       18074   -0.306508   -0.324714 0.000350038
       18075   -0.297173   -0.324713 0.000350022
       18076   -0.333339   -0.324713 0.000350003
       18077   -0.373638   -0.324716 0.000349994
       18078   -0.388902    -0.32472 0.000349993
       18079   -0.388546   -0.324723 0.000349992
       18080   -0.380923   -0.324726 0.000349986
       18081   -0.358923   -0.324728 0.000349972
       18082   -0.320892   -0.324728 0.000349952
       18083   -0.293358   -0.324726 0.000349937
       18084   -0.304672   -0.324725  0.00034992
       18085   -0.323974   -0.324725   0.0003499
       18086   -0.321436   -0.324725 0.000349881
       18087   -0.307728   -0.324724 0.000349863
       18088   -0.299226   -0.324723 0.000349847
       18089   -0.313735   -0.324722 0.000349828
       18090   -0.340415   -0.324723  0.00034981
       18091   -0.356323   -0.324725 0.000349795
       18092   -0.354914   -0.324726 0.000349779
       18093   -0.339597   -0.324727 0.000349761
       18094   -0.325633   -0.324727 0.000349742
       18095   -0.320023   -0.324727 0.000349722
       18096   -0.320453   -0.324727 0.000349703
       18097   -0.318486   -0.324726 0.000349684
       18098   -0.300132   -0.324725 0.000349667
       18099   -0.279365   -0.324722 0.000349657
       18100   -0.268442   -0.324719 0.000349651
       18101   -0.256647   -0.324716 0.000349652
       18102   -0.275371   -0.324713 0.000349644
       18103   -0.310823   -0.324712 0.000349625
       18104   -0.327927   -0.324712 0.000349606
       18105   -0.331775   -0.324713 0.000349587
       18106   -0.324895   -0.324713 0.000349567
       18107   -0.295059   -0.324711 0.000349552
       18108   -0.286624   -0.324709 0.000349539
       18109   -0.308325   -0.324708 0.000349521
       18110   -0.307284   -0.324707 0.000349503
       18111   -0.294665   -0.324705 0.000349488
       18112    -0.29605   -0.324704 0.000349472
       18113   -0.310144   -0.324703 0.000349453
       18114   -0.315207   -0.324702 0.000349435
       18115   -0.303407   -0.324701 0.000349417
       18116   -0.291195   -0.324699 0.000349403
       18117   -0.296724   -0.324698 0.000349387
       18118   -0.298637   -0.324696 0.000349371
       18119     -0.3043   -0.324695 0.000349353
       18120    -0.31807   -0.324695 0.000349334
       18121   -0.321923   -0.324695 0.000349315
       18122   -0.311236   -0.324694 0.000349296
       18123   -0.300189   -0.324693  0.00034928
       18124   -0.302768   -0.324691 0.000349263
       18125   -0.316551   -0.324691 0.000349244
       18126   -0.330633   -0.324691 0.000349224
       18127   -0.334047   -0.324692 0.000349206
       18128   -0.322199   -0.324692 0.000349186
       18129   -0.303434   -0.324691 0.000349169
       18130   -0.303086   -0.324689 0.000349152
       18131   -0.307873   -0.324688 0.000349134
       18132   -0.275416   -0.324686 0.000349125
       18133   -0.249036   -0.324682 0.000349131
       18134   -0.287046   -0.324679 0.000349118
       18135   -0.308499   -0.324679   0.0003491
       18136   -0.303289   -0.324677 0.000349082
       18137   -0.283516   -0.324675  0.00034907
       18138   -0.273013   -0.324672 0.000349063
       18139   -0.286604    -0.32467  0.00034905
       18140   -0.296415   -0.324669 0.000349034
       18141   -0.291722   -0.324667  0.00034902
       18142   -0.276128   -0.324664 0.000349011
       18143   -0.260053   -0.324661  0.00034901
       18144   -0.236786   -0.324656 0.000349024
       18145   -0.192799   -0.324648  0.00034908
       18146   -0.211992   -0.324642 0.000349116
       18147   -0.252438   -0.324638  0.00034912
       18148   -0.258403   -0.324635  0.00034912
       18149   -0.250356   -0.324631 0.000349124
       18150    -0.24458   -0.324626 0.000349133
       18151    -0.24724   -0.324622  0.00034914
       18152   -0.255553   -0.324618 0.000349141
       18153   -0.260994   -0.324615  0.00034914
       18154   -0.256551   -0.324611  0.00034914
       18155   -0.244417   -0.324606 0.000349149
       18156   -0.239304   -0.324602 0.000349162
       18157   -0.241274   -0.324597 0.000349173
       18158   -0.232031   -0.324592  0.00034919
       18159   -0.225913   -0.324587 0.000349214
       18160   -0.236649   -0.324582 0.000349228
       18161   -0.254589   -0.324578  0.00034923
       18162   -0.265661   -0.324575 0.000349226
       18163   -0.273147   -0.324572 0.000349218
       18164   -0.281239   -0.324569 0.000349207
       18165   -0.285679   -0.324567 0.000349194
       18166   -0.275983   -0.324565 0.000349185
       18167   -0.245694    -0.32456 0.000349193
       18168   -0.238471   -0.324556 0.000349206
       18169   -0.278867   -0.324553 0.000349196
       18170   -0.296194   -0.324551  0.00034918
       18171   -0.284933   -0.324549 0.000349168
       18172    -0.29081   -0.324547 0.000349153
       18173   -0.302881   -0.324546 0.000349136
       18174   -0.307392   -0.324545 0.000349118
       18175   -0.305656   -0.324544 0.000349101
       18176   -0.293978   -0.324543 0.000349085
       18177   -0.290397   -0.324541 0.000349071
       18178   -0.315522    -0.32454 0.000349052
       18179   -0.341354   -0.324541 0.000349034
       18180   -0.353889   -0.324543 0.000349019
       18181   -0.361395   -0.324545 0.000349006
       18182    -0.36551   -0.324547 0.000348994
       18183   -0.358078   -0.324549 0.000348979
       18184   -0.332702   -0.324549 0.000348961
       18185   -0.314211   -0.324549 0.000348942
       18186   -0.325228   -0.324549 0.000348923
       18187   -0.311333   -0.324548 0.000348904
       18188   -0.268503   -0.324545 0.000348899
       18189   -0.275105   -0.324542  0.00034889
       18190   -0.287888    -0.32454 0.000348877
       18191   -0.276086   -0.324538 0.000348868
       18192   -0.310336   -0.324537 0.000348849
       18193   -0.332329   -0.324537  0.00034883
       18194   -0.278674   -0.324535  0.00034882
       18195   -0.256799   -0.324531 0.000348821
       18196   -0.298922    -0.32453 0.000348805
       18197   -0.311705   -0.324529 0.000348786
       18198   -0.316443   -0.324528 0.000348767
       18199   -0.321332   -0.324528 0.000348748
       18200    -0.31811   -0.324528 0.000348729
       18201   -0.301776   -0.324527 0.000348712
       18202   -0.279994   -0.324524 0.000348702
       18203   -0.284496   -0.324522  0.00034869
       18204   -0.303222   -0.324521 0.000348672
       18205   -0.311634    -0.32452 0.000348654
       18206   -0.313953    -0.32452 0.000348635
       18207   -0.315703   -0.324519 0.000348616
       18208   -0.313241   -0.324518 0.000348598
       18209   -0.300888   -0.324517 0.000348581
       18210   -0.288746   -0.324515 0.000348568
       18211   -0.280273   -0.324513 0.000348557
       18212   -0.267949    -0.32451 0.000348552
       18213   -0.312644   -0.324509 0.000348533
       18214   -0.356701   -0.324511 0.000348518
       18215   -0.372345   -0.324513 0.000348509
       18216   -0.377409   -0.324516 0.000348502
       18217   -0.376188   -0.324519 0.000348495
       18218   -0.369766   -0.324522 0.000348484
       18219   -0.355062   -0.324523 0.000348469
       18220   -0.342257   -0.324524 0.000348451
       18221   -0.325253   -0.324524 0.000348432
       18222   -0.281141   -0.324522 0.000348421
       18223   -0.313345   -0.324521 0.000348403
       18224   -0.353713   -0.324523 0.000348387
       18225   -0.346166   -0.324524  0.00034837
       18226   -0.342252   -0.324525 0.000348352
       18227   -0.362938   -0.324527  0.00034834
       18228   -0.382675    -0.32453 0.000348335
       18229    -0.39485   -0.324534 0.000348337
       18230   -0.401154   -0.324538 0.000348344
       18231   -0.381081   -0.324542 0.000348338
       18232   -0.303143    -0.32454 0.000348321
       18233   -0.282648   -0.324538  0.00034831
       18234   -0.340503   -0.324539 0.000348292
       18235   -0.313179   -0.324538 0.000348273
       18236   -0.275198   -0.324536 0.000348265
       18237    -0.34756   -0.324537 0.000348248
       18238   -0.389826    -0.32454 0.000348247
       18239     -0.3858   -0.324544 0.000348244
       18240   -0.379175   -0.324547 0.000348238
       18241   -0.373055   -0.324549 0.000348229
       18242   -0.361771   -0.324551 0.000348216
       18243   -0.360869   -0.324553 0.000348203
       18244   -0.369455   -0.324556 0.000348192
       18245    -0.37688   -0.324559 0.000348185
       18246   -0.352298    -0.32456 0.000348169
       18247   -0.285772   -0.324558 0.000348157
       18248   -0.281426   -0.324556 0.000348145
       18249   -0.339369   -0.324557 0.000348127
       18250   -0.368611   -0.324559 0.000348117
       18251   -0.367028   -0.324561 0.000348105
       18252   -0.355061   -0.324563  0.00034809
       18253   -0.347539   -0.324564 0.000348073
       18254   -0.346617   -0.324566 0.000348057
       18255   -0.347586   -0.324567  0.00034804
       18256   -0.350019   -0.324568 0.000348023
       18257   -0.351562    -0.32457 0.000348008
       18258   -0.349915   -0.324571 0.000347991
       18259    -0.35002   -0.324572 0.000347975
       18260   -0.357151   -0.324574  0.00034796
       18261   -0.366483   -0.324577 0.000347949
       18262   -0.365033   -0.324579 0.000347937
       18263   -0.348293    -0.32458  0.00034792
       18264   -0.345275   -0.324581 0.000347903
       18265   -0.362673   -0.324583  0.00034789
       18266   -0.376231   -0.324586 0.000347883
       18267   -0.380001   -0.324589 0.000347877
       18268   -0.376216   -0.324592 0.000347869
       18269   -0.369467   -0.324594 0.000347859
       18270   -0.360138   -0.324596 0.000347845
       18271   -0.352494   -0.324598  0.00034783
       18272   -0.336226   -0.324599 0.000347811
       18273   -0.322124   -0.324598 0.000347792
       18274   -0.329371   -0.324599 0.000347773
       18275   -0.340829     -0.3246 0.000347755
       18276   -0.345014   -0.324601 0.000347738
       18277   -0.347497   -0.324602 0.000347721
       18278   -0.352015   -0.324603 0.000347706
       18279   -0.355522   -0.324605 0.000347691
       18280   -0.355745   -0.324607 0.000347676
       18281   -0.352992   -0.324608  0.00034766
       18282   -0.347402    -0.32461 0.000347644
       18283   -0.334423    -0.32461 0.000347625
       18284   -0.299584   -0.324609 0.000347609
       18285   -0.278049   -0.324606 0.000347599
       18286     -0.3218   -0.324606  0.00034758
       18287   -0.353703   -0.324608 0.000347565
       18288   -0.364099    -0.32461 0.000347552
       18289   -0.356357   -0.324612 0.000347538
       18290   -0.333918   -0.324612 0.000347519
       18291   -0.333099   -0.324613   0.0003475
       18292    -0.34076   -0.324613 0.000347482
       18293   -0.327563   -0.324614 0.000347464
       18294   -0.308168   -0.324613 0.000347446
       18295   -0.324888   -0.324613 0.000347427
       18296   -0.331231   -0.324613 0.000347408
       18297   -0.302046   -0.324612 0.000347391
       18298   -0.268236   -0.324609 0.000347386
       18299   -0.307143   -0.324608 0.000347368
       18300   -0.355391   -0.324609 0.000347353
       18301   -0.368021   -0.324612 0.000347342
       18302   -0.364922   -0.324614  0.00034733
       18303   -0.353517   -0.324616 0.000347315
       18304   -0.336148   -0.324616 0.000347297
       18305    -0.31922   -0.324616 0.000347278
       18306   -0.309627   -0.324615  0.00034726
       18307   -0.312272   -0.324614 0.000347241
       18308   -0.323762   -0.324614 0.000347222
       18309   -0.326563   -0.324614 0.000347203
       18310    -0.31682   -0.324614 0.000347185
       18311   -0.324694   -0.324614 0.000347166
       18312   -0.344147   -0.324615 0.000347148
       18313   -0.343381   -0.324616 0.000347131
       18314   -0.323333   -0.324616 0.000347112
       18315   -0.304705   -0.324615 0.000347095
       18316   -0.328579   -0.324615 0.000347076
       18317   -0.349812   -0.324617  0.00034706
       18318   -0.339055   -0.324617 0.000347042
       18319   -0.327631   -0.324618 0.000347023
       18320   -0.295955   -0.324616 0.000347007
       18321   -0.257742   -0.324612 0.000347008
       18322   -0.299656   -0.324611 0.000346991
       18323   -0.327388   -0.324611 0.000346972
       18324   -0.329711   -0.324611 0.000346954
       18325   -0.324511   -0.324611 0.000346935
       18326     -0.3433   -0.324612 0.000346917
       18327   -0.362841   -0.324615 0.000346905
       18328   -0.352092   -0.324616 0.000346889
       18329    -0.33268   -0.324616  0.00034687
       18330   -0.331874   -0.324617 0.000346852
       18331   -0.342333   -0.324618 0.000346834
       18332   -0.343399   -0.324619 0.000346817
       18333   -0.335677   -0.324619 0.000346798
       18334   -0.325565   -0.324619 0.000346779
       18335   -0.317621   -0.324619 0.000346761
       18336   -0.315032   -0.324619 0.000346742
       18337    -0.31695   -0.324618 0.000346723
       18338   -0.317834   -0.324618 0.000346705
       18339   -0.312794   -0.324617 0.000346686
       18340   -0.304308   -0.324616 0.000346669
       18341   -0.292801   -0.324614 0.000346655
       18342   -0.281002   -0.324612 0.000346644
       18343   -0.292234    -0.32461  0.00034663
       18344   -0.310763   -0.324609 0.000346611
       18345    -0.32641    -0.32461 0.000346593
       18346   -0.335723    -0.32461 0.000346574
       18347   -0.324145    -0.32461 0.000346555
       18348    -0.28377   -0.324608 0.000346544
       18349   -0.249012   -0.324604 0.000346549
       18350   -0.253478     -0.3246 0.000346552
       18351    -0.29832   -0.324598 0.000346536
       18352   -0.330826   -0.324599 0.000346517
       18353   -0.345194     -0.3246   0.0003465
       18354   -0.355563   -0.324602 0.000346486
       18355   -0.357203   -0.324603 0.000346471
       18356   -0.322489   -0.324603 0.000346452
       18357   -0.275169   -0.324601 0.000346444
       18358   -0.269652   -0.324598 0.000346438
       18359   -0.267006   -0.324594 0.000346433
       18360   -0.329256   -0.324595 0.000346415
       18361   -0.359806   -0.324597 0.000346401
       18362   -0.347283   -0.324598 0.000346384
       18363   -0.334936   -0.324598 0.000346366
       18364   -0.343565   -0.324599 0.000346349
       18365   -0.355088   -0.324601 0.000346334
       18366    -0.35662   -0.324603 0.000346319
       18367    -0.35851   -0.324605 0.000346305
       18368   -0.360241   -0.324607 0.000346292
       18369    -0.34663   -0.324608 0.000346275
       18370   -0.327545   -0.324608 0.000346256
       18371   -0.321281   -0.324608 0.000346238
       18372   -0.327626   -0.324608 0.000346219
       18373   -0.335156   -0.324609   0.0003462
       18374   -0.336366   -0.324609 0.000346182
       18375   -0.332156    -0.32461 0.000346163
       18376   -0.302258   -0.324608 0.000346147
       18377   -0.273688   -0.324606 0.000346139
       18378   -0.316513   -0.324605  0.00034612
       18379   -0.350593   -0.324607 0.000346105
       18380   -0.351568   -0.324608 0.000346089
       18381   -0.337575   -0.324609 0.000346071
       18382   -0.314642   -0.324608 0.000346052
       18383   -0.299428   -0.324607 0.000346036
       18384   -0.318252   -0.324606 0.000346018
       18385   -0.345395   -0.324608 0.000346001
       18386   -0.353109   -0.324609 0.000345985
       18387    -0.33975    -0.32461 0.000345967
       18388   -0.329922    -0.32461 0.000345949
       18389   -0.351372   -0.324612 0.000345933
       18390   -0.352802   -0.324613 0.000345918
       18391   -0.306173   -0.324612   0.0003459
       18392   -0.257557   -0.324609 0.000345901
       18393   -0.249943   -0.324605 0.000345906
       18394   -0.270197   -0.324602 0.000345899
       18395   -0.299472     -0.3246 0.000345883
       18396   -0.343169   -0.324601 0.000345866
       18397   -0.383876   -0.324604 0.000345862
       18398   -0.373685   -0.324607 0.000345854
       18399   -0.331487   -0.324608 0.000345835
       18400   -0.324106   -0.324607 0.000345816
       18401   -0.326528   -0.324608 0.000345798
       18402   -0.311191   -0.324607  0.00034578
       18403   -0.319406   -0.324607 0.000345761
       18404   -0.348104   -0.324608 0.000345744
       18405   -0.372921    -0.32461 0.000345736
       18406   -0.399248   -0.324615 0.000345741
       18407   -0.420175    -0.32462 0.000345761
       18408   -0.419548   -0.324625  0.00034578
       18409   -0.397576   -0.324629 0.000345784
       18410   -0.364756   -0.324631 0.000345772
       18411   -0.371945   -0.324634 0.000345763
       18412   -0.400246   -0.324638 0.000345769
       18413   -0.379345   -0.324641 0.000345763
       18414   -0.352609   -0.324642 0.000345747
       18415   -0.387436   -0.324646 0.000345745
       18416   -0.412555    -0.32465  0.00034576
       18417   -0.421928   -0.324656 0.000345781
       18418   -0.415413   -0.324661 0.000345797
       18419    -0.38413   -0.324664 0.000345794
       18420   -0.369732   -0.324666 0.000345784
       18421   -0.389155    -0.32467 0.000345783
       18422     -0.4015   -0.324674 0.000345789
       18423   -0.395717   -0.324678 0.000345792
       18424   -0.386855   -0.324681 0.000345789
       18425   -0.388824   -0.324685 0.000345788
       18426   -0.417308    -0.32469 0.000345806
       18427   -0.438065   -0.324696 0.000345842
       18428   -0.440664   -0.324702  0.00034588
       18429   -0.434245   -0.324708 0.000345913
       18430   -0.422846   -0.324713 0.000345935
       18431   -0.403874   -0.324718 0.000345943
       18432   -0.366079    -0.32472 0.000345931
       18433   -0.317687    -0.32472 0.000345913
       18434   -0.306436   -0.324719 0.000345895
       18435   -0.298373   -0.324717  0.00034588
       18436   -0.347559   -0.324718 0.000345863
       18437   -0.378324   -0.324721 0.000345857
       18438   -0.386137   -0.324725 0.000345854
       18439   -0.384362   -0.324728  0.00034585
       18440   -0.378744   -0.324731 0.000345844
       18441    -0.37371   -0.324733 0.000345835
       18442   -0.369623   -0.324736 0.000345825
       18443   -0.358329   -0.324738 0.000345811
       18444   -0.354588   -0.324739 0.000345796
       18445   -0.372716   -0.324742 0.000345787
       18446   -0.366076   -0.324744 0.000345776
       18447    -0.32176   -0.324744 0.000345757
       18448   -0.340862   -0.324745 0.000345739
       18449   -0.367296   -0.324747 0.000345728
       18450   -0.364488   -0.324749 0.000345716
       18451   -0.359708   -0.324751 0.000345703
       18452   -0.361962   -0.324753  0.00034569
       18453   -0.362562   -0.324755 0.000345677
       18454   -0.346841   -0.324756 0.000345661
       18455   -0.332439   -0.324757 0.000345642
       18456    -0.36292   -0.324759  0.00034563
       18457   -0.389946   -0.324762 0.000345629
       18458    -0.39201   -0.324766 0.000345629
       18459   -0.353122   -0.324768 0.000345614
       18460   -0.291312   -0.324766   0.0003456
       18461   -0.327979   -0.324766 0.000345581
       18462   -0.351647   -0.324767 0.000345566
       18463   -0.330213   -0.324768 0.000345547
       18464    -0.36011    -0.32477 0.000345534
       18465   -0.379389   -0.324773 0.000345528
       18466   -0.379572   -0.324776 0.000345522
       18467   -0.385523   -0.324779 0.000345519
       18468   -0.367846   -0.324781 0.000345508
       18469   -0.328523   -0.324781 0.000345489
       18470     -0.3116   -0.324781 0.000345471
       18471   -0.297732   -0.324779 0.000345456
       18472   -0.312466   -0.324779 0.000345438
       18473   -0.332885   -0.324779 0.000345419
       18474   -0.336193    -0.32478 0.000345401
       18475   -0.331084    -0.32478 0.000345382
       18476   -0.338451   -0.324781 0.000345365
       18477   -0.342564   -0.324782 0.000345347
       18478   -0.338075   -0.324782 0.000345329
       18479   -0.331139   -0.324783 0.000345311
       18480   -0.327944   -0.324783 0.000345292
       18481   -0.331243   -0.324783 0.000345274
       18482   -0.331113   -0.324784 0.000345255
       18483   -0.315062   -0.324783 0.000345237
       18484   -0.285184   -0.324781 0.000345225
       18485   -0.271511   -0.324778 0.000345218
       18486   -0.295114   -0.324776 0.000345203
       18487   -0.326801   -0.324777 0.000345185
       18488   -0.340043   -0.324777 0.000345167
       18489    -0.33825   -0.324778 0.000345149
       18490   -0.326647   -0.324778  0.00034513
       18491     -0.3083   -0.324777 0.000345113
       18492   -0.296765   -0.324776 0.000345097
       18493   -0.300552   -0.324775 0.000345081
       18494   -0.306637   -0.324774 0.000345064
       18495   -0.307882   -0.324773 0.000345047
       18496   -0.309454   -0.324772 0.000345029
       18497    -0.31651   -0.324771 0.000345011
       18498   -0.325673   -0.324771 0.000344992
       18499   -0.333604   -0.324772 0.000344974
       18500   -0.341083   -0.324773 0.000344956
       18501   -0.349138   -0.324774  0.00034494
       18502   -0.356934   -0.324776 0.000344926
       18503   -0.361198   -0.324778 0.000344913
       18504   -0.359497    -0.32478 0.000344899
       18505   -0.356623   -0.324781 0.000344885
       18506   -0.349273   -0.324783 0.000344869
       18507   -0.337522   -0.324783 0.000344851
       18508    -0.34335   -0.324784 0.000344834
       18509   -0.351275   -0.324786 0.000344818
       18510   -0.349279   -0.324787 0.000344802
       18511   -0.353348   -0.324789 0.000344787
       18512   -0.365929   -0.324791 0.000344775
       18513   -0.383643   -0.324794 0.000344771
       18514   -0.397855   -0.324798 0.000344775
       18515   -0.398122   -0.324802 0.000344779
       18516   -0.380659   -0.324805 0.000344774
       18517   -0.354244   -0.324807 0.000344759
       18518   -0.336099   -0.324807 0.000344741
       18519   -0.335863   -0.324808 0.000344723
       18520   -0.342727   -0.324809 0.000344705
       18521   -0.354693    -0.32481 0.000344691
       18522   -0.390453   -0.324814  0.00034469
       18523   -0.399289   -0.324818 0.000344695
       18524   -0.388513   -0.324821 0.000344694
       18525   -0.368435   -0.324824 0.000344683
       18526   -0.347031   -0.324825 0.000344667
       18527   -0.329002   -0.324825 0.000344648
       18528   -0.328636   -0.324825 0.000344629
       18529   -0.356994   -0.324827 0.000344615
       18530   -0.371742    -0.32483 0.000344606
       18531   -0.364884   -0.324832 0.000344594
       18532   -0.356403   -0.324834  0.00034458
       18533   -0.364341   -0.324836 0.000344568
       18534   -0.343506   -0.324837 0.000344551
       18535   -0.171889   -0.324828 0.000344631
       18536   -0.339935   -0.324829 0.000344613
       18537   -0.365446   -0.324831 0.000344602
       18538   -0.349926   -0.324833 0.000344586
       18539   -0.329378   -0.324833 0.000344567
       18540   -0.334456   -0.324834 0.000344549
       18541   -0.351061   -0.324835 0.000344533
       18542    -0.35261   -0.324836 0.000344518
       18543   -0.346889   -0.324838 0.000344501
       18544   -0.343192   -0.324839 0.000344484
       18545   -0.346161    -0.32484 0.000344468
       18546    -0.35334   -0.324841 0.000344452
       18547   -0.356171   -0.324843 0.000344438
       18548   -0.345125   -0.324844 0.000344421
       18549   -0.311677   -0.324843 0.000344403
       18550   -0.284831   -0.324841 0.000344392
       18551   -0.314243   -0.324841 0.000344373
       18552   -0.344627   -0.324842 0.000344357
       18553   -0.360009   -0.324844 0.000344343
       18554   -0.360885   -0.324846  0.00034433
       18555   -0.355746   -0.324847 0.000344316
       18556    -0.35213   -0.324849   0.0003443
       18557   -0.315946   -0.324848 0.000344282
       18558   -0.265684   -0.324845 0.000344278
       18559   -0.283429   -0.324843 0.000344267
       18560    -0.29388   -0.324841 0.000344252
       18561   -0.276225   -0.324838 0.000344244
       18562   -0.288557   -0.324837 0.000344231
       18563   -0.347332   -0.324838 0.000344214
       18564   -0.361767    -0.32484 0.000344202
       18565   -0.348771   -0.324841 0.000344185
       18566   -0.334019   -0.324842 0.000344167
       18567   -0.331023   -0.324842 0.000344149
       18568   -0.340084   -0.324843 0.000344131
       18569   -0.350434   -0.324844 0.000344116
       18570   -0.355097   -0.324846 0.000344101
       18571   -0.352831   -0.324847 0.000344086
       18572   -0.337641   -0.324848 0.000344068
       18573   -0.304191   -0.324847 0.000344051
       18574   -0.299452   -0.324845 0.000344035
       18575   -0.327293   -0.324846 0.000344017
       18576   -0.337728   -0.324846 0.000343999
       18577   -0.329605   -0.324846 0.000343981
       18578   -0.324133   -0.324846 0.000343962
       18579    -0.32754   -0.324847 0.000343944
       18580   -0.331108   -0.324847 0.000343925
       18581   -0.326843   -0.324847 0.000343907
       18582   -0.308888   -0.324846 0.000343889
       18583   -0.315199   -0.324846 0.000343871
       18584    -0.33558   -0.324846 0.000343853
       18585   -0.344463   -0.324847 0.000343836
       18586   -0.345331   -0.324848 0.000343819
       18587   -0.340712   -0.324849 0.000343802
       18588   -0.328675   -0.324849 0.000343784
       18589   -0.311822   -0.324849 0.000343766
       18590   -0.314197   -0.324848 0.000343748
       18591   -0.333726   -0.324849  0.00034373
       18592   -0.346631    -0.32485 0.000343713
       18593    -0.34931   -0.324851 0.000343697
       18594    -0.34836   -0.324852 0.000343681
       18595   -0.349687   -0.324854 0.000343665
       18596   -0.348778   -0.324855 0.000343649
       18597   -0.343247   -0.324856 0.000343632
       18598   -0.335644   -0.324857 0.000343614
       18599    -0.31984   -0.324856 0.000343596
       18600   -0.302214   -0.324855 0.000343579
       18601   -0.315108   -0.324855 0.000343561
       18602   -0.330423   -0.324855 0.000343543
       18603   -0.343301   -0.324856 0.000343526
       18604   -0.351223   -0.324857  0.00034351
       18605   -0.331986   -0.324858 0.000343492
       18606   -0.318732   -0.324857 0.000343474
       18607   -0.346331   -0.324858 0.000343457
       18608   -0.358017    -0.32486 0.000343443
       18609   -0.351766   -0.324862 0.000343428
       18610    -0.33356   -0.324862  0.00034341
       18611   -0.312163   -0.324862 0.000343392
       18612   -0.320229   -0.324861 0.000343374
       18613   -0.348064   -0.324863 0.000343358
       18614   -0.367404   -0.324865 0.000343347
       18615   -0.372446   -0.324867 0.000343338
       18616   -0.361421   -0.324869 0.000343325
       18617    -0.33648    -0.32487 0.000343307
       18618   -0.316078   -0.324869 0.000343289
       18619   -0.321233   -0.324869 0.000343271
       18620   -0.336563    -0.32487 0.000343253
       18621   -0.346457   -0.324871 0.000343236
       18622   -0.356412   -0.324873 0.000343222
       18623   -0.360594   -0.324875 0.000343209
       18624   -0.348053   -0.324876 0.000343193
       18625   -0.315232   -0.324875 0.000343175
       18626   -0.295951   -0.324874  0.00034316
       18627   -0.298558   -0.324872 0.000343144
       18628   -0.294221   -0.324871  0.00034313
       18629   -0.309668    -0.32487 0.000343112
       18630   -0.337171   -0.324871 0.000343095
       18631   -0.327428   -0.324871 0.000343076
       18632   -0.291653   -0.324869 0.000343062
       18633   -0.250973   -0.324865 0.000343067
       18634   -0.301508   -0.324864 0.000343051
       18635   -0.352424   -0.324865 0.000343036
       18636   -0.350568   -0.324867  0.00034302
       18637   -0.336101   -0.324867 0.000343002
       18638   -0.316194   -0.324867 0.000342984
       18639   -0.293282   -0.324865  0.00034297
       18640   -0.290864   -0.324863 0.000342956
       18641   -0.298867   -0.324862 0.000342941
       18642   -0.301856   -0.324861 0.000342925
       18643   -0.295666   -0.324859  0.00034291
       18644    -0.28856   -0.324857 0.000342897
       18645   -0.306093   -0.324856  0.00034288
       18646   -0.329633   -0.324856 0.000342862
       18647   -0.340915   -0.324857 0.000342844
       18648   -0.325858   -0.324857 0.000342826
       18649   -0.297664   -0.324856 0.000342811
       18650   -0.304712   -0.324855 0.000342794
       18651   -0.323888   -0.324855 0.000342776
       18652   -0.332086   -0.324855 0.000342757
       18653   -0.295256   -0.324853 0.000342743
       18654   -0.236344   -0.324849 0.000342757
       18655   -0.251101   -0.324845 0.000342762
       18656   -0.280176   -0.324842 0.000342752
       18657   -0.282085    -0.32484 0.000342741
       18658   -0.265385   -0.324837 0.000342737
       18659   -0.252883   -0.324833 0.000342741
       18660   -0.253231   -0.324829 0.000342744
       18661   -0.278883   -0.324827 0.000342734
       18662   -0.309541   -0.324826 0.000342717
       18663   -0.314326   -0.324825 0.000342699
       18664    -0.28374   -0.324823 0.000342688
       18665   -0.209684   -0.324817 0.000342725
       18666   -0.180419   -0.324809 0.000342794
       18667   -0.253105   -0.324805 0.000342797
       18668   -0.307993   -0.324805  0.00034278
       18669   -0.319906   -0.324804 0.000342762
       18670    -0.30242   -0.324803 0.000342745
       18671   -0.237242   -0.324798 0.000342759
       18672   -0.154312   -0.324789 0.000342862
       18673   -0.173584   -0.324781 0.000342939
       18674   -0.249934   -0.324777 0.000342945
       18675   -0.289297   -0.324775 0.000342931
       18676   -0.295043   -0.324774 0.000342917
       18677   -0.288815   -0.324772 0.000342904
       18678   -0.269941   -0.324769 0.000342898
       18679   -0.228687   -0.324764 0.000342918
       18680   -0.208999   -0.324757 0.000342956
       18681   -0.243722   -0.324753 0.000342965
       18682   -0.264584    -0.32475 0.000342962
       18683   -0.258755   -0.324746 0.000342962
       18684   -0.248074   -0.324742 0.000342968
       18685   -0.243145   -0.324738 0.000342977
       18686   -0.235432   -0.324733 0.000342992
       18687   -0.219806   -0.324727  0.00034302
       18688   -0.228893   -0.324722  0.00034304
       18689   -0.250542   -0.324718 0.000343044
       18690   -0.261369   -0.324715 0.000343043
       18691   -0.264268   -0.324712  0.00034304
       18692   -0.256149   -0.324708 0.000343041
       18693   -0.231557   -0.324703 0.000343059
       18694   -0.217543   -0.324697 0.000343088
       18695   -0.240626   -0.324693 0.000343099
       18696   -0.235105   -0.324688 0.000343114
       18697    -0.22499   -0.324683 0.000343138
       18698   -0.255441   -0.324679 0.000343139
       18699   -0.282396   -0.324677 0.000343128
       18700   -0.293082   -0.324675 0.000343114
       18701   -0.269086   -0.324672 0.000343109
       18702    -0.22964   -0.324667 0.000343128
       18703   -0.249226   -0.324663 0.000343133
       18704   -0.292295   -0.324661 0.000343119
       18705   -0.319279   -0.324661 0.000343101
       18706   -0.326629   -0.324661 0.000343083
       18707   -0.324629   -0.324661 0.000343064
       18708   -0.321705   -0.324661 0.000343046
       18709    -0.30847    -0.32466 0.000343029
       18710   -0.272884   -0.324657 0.000343022
       18711   -0.258341   -0.324654 0.000343022
       18712   -0.261872    -0.32465  0.00034302
       18713   -0.256939   -0.324647  0.00034302
       18714   -0.266198   -0.324644 0.000343016
       18715   -0.291773   -0.324642 0.000343003
       18716   -0.310842   -0.324641 0.000342985
       18717   -0.313036   -0.324641 0.000342967
       18718   -0.305495    -0.32464  0.00034295
       18719   -0.303182   -0.324638 0.000342934
       18720   -0.309858   -0.324638 0.000342917
       18721   -0.304374   -0.324637   0.0003429
       18722   -0.263987   -0.324633 0.000342897
       18723   -0.269418    -0.32463 0.000342891
       18724   -0.312485    -0.32463 0.000342874
       18725   -0.315586   -0.324629 0.000342856
       18726     -0.2929   -0.324627 0.000342842
       18727   -0.270989   -0.324625 0.000342835
       18728    -0.22757   -0.324619 0.000342856
       18729   -0.189972   -0.324612 0.000342913
       18730   -0.269953   -0.324609 0.000342907
       18731   -0.296058   -0.324608 0.000342892
       18732   -0.313356   -0.324607 0.000342875
       18733   -0.335266   -0.324608 0.000342857
       18734   -0.348731   -0.324609 0.000342841
       18735   -0.349737    -0.32461 0.000342825
       18736   -0.330272   -0.324611 0.000342807
       18737   -0.293879   -0.324609 0.000342793
       18738   -0.258847   -0.324606 0.000342792
       18739   -0.266655   -0.324602 0.000342788
       18740    -0.28911   -0.324601 0.000342775
       18741   -0.326429   -0.324601 0.000342757
       18742   -0.355714   -0.324602 0.000342742
       18743   -0.371714   -0.324605 0.000342733
       18744     -0.3674   -0.324607 0.000342723
       18745   -0.298802   -0.324606 0.000342707
       18746    -0.24105   -0.324601 0.000342718
       18747   -0.330647   -0.324602   0.0003427
       18748     -0.3674   -0.324604 0.000342689
       18749   -0.345542   -0.324605 0.000342672
       18750   -0.306872   -0.324604 0.000342656
       18751    -0.28457   -0.324602 0.000342644
       18752   -0.295905     -0.3246 0.000342629
       18753   -0.310261     -0.3246 0.000342612
       18754   -0.330499     -0.3246 0.000342594
       18755   -0.340636   -0.324601 0.000342576
       18756   -0.342129   -0.324602 0.000342559
       18757   -0.349427   -0.324603 0.000342544
       18758   -0.360203   -0.324605 0.000342531
       18759   -0.371231   -0.324607 0.000342521
       18760   -0.359242   -0.324609 0.000342508
       18761   -0.290528   -0.324607 0.000342495
       18762   -0.178245     -0.3246 0.000342565
       18763   -0.180538   -0.324592 0.000342633
       18764   -0.269429   -0.324589 0.000342627
       18765   -0.317294   -0.324589 0.000342609
       18766   -0.333156   -0.324589 0.000342591
       18767   -0.341063    -0.32459 0.000342574
       18768   -0.339584   -0.324591 0.000342557
       18769   -0.326585   -0.324591 0.000342539
       18770   -0.319049   -0.324591 0.000342521
       18771   -0.326746   -0.324591 0.000342502
       18772   -0.329702   -0.324591 0.000342484
       18773   -0.322025   -0.324591 0.000342466
       18774   -0.306874    -0.32459 0.000342449
       18775   -0.289757   -0.324588 0.000342436
       18776   -0.273205   -0.324585 0.000342429
       18777   -0.183427   -0.324578 0.000342493
       18778   -0.200604   -0.324571 0.000342538
       18779   -0.292442    -0.32457 0.000342524
       18780   -0.303232   -0.324568 0.000342508
       18781   -0.310293   -0.324568  0.00034249
       18782   -0.310155   -0.324567 0.000342473
       18783   -0.300463   -0.324566 0.000342457
       18784   -0.302867   -0.324564 0.000342441
       18785   -0.298231   -0.324563 0.000342426
       18786   -0.277838   -0.324561 0.000342416
       18787   -0.280511   -0.324558 0.000342406
       18788   -0.317468   -0.324558 0.000342388
       18789   -0.334767   -0.324558  0.00034237
       18790     -0.3052   -0.324557 0.000342354
       18791   -0.282783   -0.324555 0.000342343
       18792   -0.275984   -0.324553 0.000342334
       18793   -0.278944    -0.32455 0.000342325
       18794   -0.300475   -0.324549 0.000342309
       18795   -0.303401   -0.324548 0.000342292
       18796   -0.266912   -0.324545 0.000342288
       18797    -0.24222    -0.32454 0.000342298
       18798   -0.288777   -0.324538 0.000342285
       18799   -0.321121   -0.324538 0.000342267
       18800   -0.304162   -0.324537  0.00034225
       18801   -0.253819   -0.324533 0.000342253
       18802    -0.23933   -0.324529 0.000342264
       18803   -0.278249   -0.324526 0.000342255
       18804   -0.289523   -0.324524 0.000342242
       18805   -0.288779   -0.324523 0.000342229
       18806   -0.293124   -0.324521 0.000342215
       18807   -0.295641   -0.324519   0.0003422
       18808   -0.285156   -0.324517 0.000342188
       18809   -0.264682   -0.324514 0.000342185
       18810   -0.254874    -0.32451 0.000342187
       18811   -0.260868   -0.324507 0.000342185
       18812   -0.272435   -0.324504 0.000342178
       18813   -0.284631   -0.324502 0.000342167
       18814   -0.294566     -0.3245 0.000342152
       18815   -0.296506   -0.324499 0.000342137
       18816    -0.28777   -0.324497 0.000342125
       18817   -0.272293   -0.324494 0.000342118
       18818   -0.267073   -0.324491 0.000342113
       18819   -0.274862   -0.324489 0.000342105
       18820    -0.26722   -0.324486 0.000342101
       18821   -0.238702   -0.324481 0.000342113
       18822   -0.252325   -0.324477 0.000342116
       18823   -0.262914   -0.324474 0.000342113
       18824   -0.273943   -0.324471 0.000342106
       18825   -0.300277    -0.32447  0.00034209
       18826   -0.287687   -0.324468 0.000342077
       18827   -0.268201   -0.324465 0.000342072
       18828    -0.30047   -0.324464 0.000342057
       18829    -0.33452   -0.324464 0.000342039
       18830   -0.353739   -0.324466 0.000342024
       18831   -0.365355   -0.324468 0.000342013
       18832   -0.372656   -0.324471 0.000342004
       18833   -0.373204   -0.324473 0.000341996
       18834   -0.345781   -0.324474  0.00034198
       18835   -0.268978   -0.324471 0.000341974
       18836   -0.244566   -0.324467 0.000341982
       18837   -0.323275   -0.324467 0.000341964
       18838   -0.367054   -0.324469 0.000341954
       18839    -0.35396   -0.324471 0.000341939
       18840   -0.358503   -0.324473 0.000341926
       18841   -0.392471   -0.324476 0.000341927
       18842   -0.393273    -0.32448 0.000341928
       18843   -0.379079   -0.324483 0.000341922
       18844   -0.376886   -0.324486 0.000341915
       18845   -0.375744   -0.324488 0.000341908
       18846   -0.380745   -0.324491 0.000341903
       18847   -0.381149   -0.324494 0.000341898
       18848   -0.386837   -0.324498 0.000341896
       18849   -0.388541   -0.324501 0.000341894
       18850   -0.373686   -0.324504 0.000341886
       18851   -0.372516   -0.324506 0.000341878
       18852   -0.360837   -0.324508 0.000341865
       18853   -0.360174    -0.32451 0.000341852
       18854   -0.368164   -0.324512 0.000341842
       18855   -0.362657   -0.324514  0.00034183
       18856   -0.362827   -0.324516 0.000341817
       18857    -0.35626   -0.324518 0.000341803
       18858   -0.347357   -0.324519 0.000341787
       18859    -0.34818    -0.32452 0.000341772
       18860   -0.346235   -0.324522 0.000341755
       18861    -0.35369   -0.324523 0.000341741
       18862   -0.373197   -0.324526 0.000341732
       18863   -0.379697   -0.324529 0.000341727
       18864   -0.370753   -0.324531 0.000341718
       18865   -0.348119   -0.324532 0.000341702
       18866   -0.315756   -0.324532 0.000341684
       18867   -0.258475   -0.324528 0.000341684
       18868   -0.272862   -0.324526 0.000341677
       18869   -0.335244   -0.324526 0.000341659
       18870   -0.321356   -0.324526 0.000341641
       18871   -0.313523   -0.324525 0.000341623
       18872   -0.325631   -0.324526 0.000341605
       18873    -0.32299   -0.324525 0.000341587
       18874   -0.327009   -0.324526 0.000341569
       18875   -0.332459   -0.324526 0.000341551
       18876    -0.32894   -0.324526 0.000341533
       18877   -0.312715   -0.324526 0.000341516
       18878   -0.289888   -0.324524 0.000341503
       18879    -0.28704   -0.324522  0.00034149
       18880    -0.30743   -0.324521 0.000341473
       18881   -0.328927   -0.324521 0.000341455
       18882   -0.340509   -0.324522 0.000341438
       18883     -0.3501   -0.324523 0.000341423
       18884   -0.350453   -0.324525 0.000341408
       18885   -0.327989   -0.324525  0.00034139
       18886   -0.310108   -0.324524 0.000341372
       18887   -0.327462   -0.324524 0.000341354
       18888   -0.351813   -0.324526 0.000341339
       18889    -0.35639   -0.324527 0.000341325
       18890   -0.340892   -0.324528 0.000341308
       18891   -0.319067   -0.324528  0.00034129
       18892   -0.313527   -0.324527 0.000341273
       18893   -0.325409   -0.324527 0.000341255
       18894   -0.337378   -0.324528 0.000341237
       18895   -0.343587   -0.324529 0.000341221
       18896   -0.341219    -0.32453 0.000341204
       18897   -0.335015   -0.324531 0.000341186
       18898   -0.332412   -0.324531 0.000341169
       18899   -0.335717   -0.324532 0.000341151
       18900   -0.340777   -0.324532 0.000341134
       18901    -0.34088   -0.324533 0.000341117
       18902   -0.335237   -0.324534 0.000341099
       18903   -0.331537   -0.324534 0.000341082
       18904    -0.33517   -0.324535 0.000341064
       18905   -0.335588   -0.324535 0.000341047
       18906   -0.322701   -0.324535 0.000341029
       18907   -0.311003   -0.324535 0.000341011
       18908   -0.309769   -0.324534 0.000340994
       18909   -0.313251   -0.324533 0.000340977
       18910   -0.323422   -0.324533 0.000340959
       18911   -0.337826   -0.324534 0.000340941
       18912   -0.346894   -0.324535 0.000340925
       18913   -0.344573   -0.324536 0.000340909
       18914   -0.335412   -0.324537 0.000340891
       18915   -0.326753   -0.324537 0.000340873
       18916   -0.311733   -0.324536 0.000340856
       18917   -0.308537   -0.324535 0.000340839
       18918   -0.292964   -0.324534 0.000340825
       18919   -0.275892   -0.324531 0.000340817
       18920   -0.310264    -0.32453   0.0003408
       18921   -0.320865    -0.32453 0.000340782
       18922   -0.313564   -0.324529 0.000340764
       18923   -0.306008   -0.324529 0.000340748
       18924   -0.283991   -0.324526 0.000340736
       18925   -0.257412   -0.324523 0.000340737
       18926   -0.270659    -0.32452 0.000340731
       18927   -0.294582   -0.324518 0.000340716
       18928   -0.308161   -0.324518 0.000340699
       18929   -0.315036   -0.324517 0.000340682
       18930   -0.319487   -0.324517 0.000340664
       18931   -0.323334   -0.324517 0.000340646
       18932   -0.328548   -0.324517 0.000340628
       18933   -0.334546   -0.324517  0.00034061
       18934   -0.336253   -0.324518 0.000340593
       18935   -0.332503   -0.324518 0.000340575
       18936   -0.326713   -0.324519 0.000340557
       18937   -0.314143   -0.324518  0.00034054
       18938   -0.292002   -0.324516 0.000340526
       18939   -0.276238   -0.324514 0.000340518
       18940   -0.283997   -0.324512 0.000340506
       18941   -0.297429    -0.32451 0.000340491
       18942   -0.310924    -0.32451 0.000340474
       18943   -0.312099   -0.324509 0.000340457
       18944    -0.30941   -0.324508  0.00034044
       18945   -0.337949   -0.324509 0.000340423
       18946   -0.350446    -0.32451 0.000340407
       18947   -0.354577   -0.324512 0.000340393
       18948   -0.353736   -0.324513 0.000340379
       18949   -0.346908   -0.324514 0.000340363
       18950   -0.343078   -0.324515 0.000340346
       18951   -0.347301   -0.324517  0.00034033
       18952    -0.35111   -0.324518 0.000340315
       18953   -0.347592   -0.324519 0.000340299
       18954   -0.342788    -0.32452 0.000340283
       18955   -0.344987   -0.324521 0.000340267
       18956    -0.34735   -0.324522 0.000340251
       18957   -0.345057   -0.324524 0.000340235
       18958   -0.342761   -0.324525 0.000340218
       18959   -0.343401   -0.324526 0.000340201
       18960   -0.344228   -0.324527 0.000340185
       18961   -0.339827   -0.324527 0.000340168
       18962   -0.328946   -0.324528  0.00034015
       18963   -0.316536   -0.324527 0.000340133
       18964   -0.306305   -0.324526 0.000340116
       18965   -0.310185   -0.324525 0.000340099
       18966   -0.327926   -0.324526 0.000340081
       18967   -0.340684   -0.324527 0.000340064
       18968   -0.341619   -0.324527 0.000340047
       18969   -0.335203   -0.324528  0.00034003
       18970   -0.324395   -0.324528 0.000340012
       18971   -0.311115   -0.324527 0.000339995
       18972   -0.301368   -0.324526 0.000339979
       18973   -0.299911   -0.324525 0.000339964
       18974   -0.302306   -0.324524 0.000339948
       18975   -0.303665   -0.324522 0.000339932
       18976   -0.303229   -0.324521 0.000339916
       18977   -0.299896    -0.32452   0.0003399
       18978   -0.282576   -0.324518 0.000339889
       18979   -0.238456   -0.324513 0.000339902
       18980   -0.257371    -0.32451 0.000339902
       18981   -0.297127   -0.324508 0.000339887
       18982    -0.28105   -0.324506 0.000339877
       18983   -0.207482     -0.3245 0.000339915
       18984   -0.199708   -0.324493 0.000339961
       18985   -0.249481   -0.324489 0.000339966
       18986   -0.255742   -0.324486 0.000339967
       18987   -0.270835   -0.324483 0.000339961
       18988   -0.288502   -0.324481 0.000339949
       18989   -0.294582   -0.324479 0.000339934
       18990   -0.295847   -0.324478  0.00033992
       18991   -0.293597   -0.324476 0.000339906
       18992   -0.282778   -0.324474 0.000339895
       18993   -0.260529   -0.324471 0.000339894
       18994   -0.246422   -0.324467 0.000339901
       18995   -0.252469   -0.324463 0.000339904
       18996   -0.236714   -0.324458 0.000339917
       18997   -0.244626   -0.324454 0.000339925
       18998   -0.297787   -0.324453  0.00033991
       18999   -0.313011   -0.324452 0.000339893
       19000   -0.308474   -0.324451 0.000339876
       19001    -0.30153    -0.32445  0.00033986
       19002   -0.294511   -0.324448 0.000339846
       19003   -0.289308   -0.324447 0.000339833
       19004   -0.288248   -0.324445 0.000339821
       19005   -0.290141   -0.324443 0.000339808
       19006   -0.307764   -0.324442 0.000339791
       19007   -0.323439   -0.324442 0.000339773
       19008   -0.313535   -0.324441 0.000339756
       19009   -0.292178    -0.32444 0.000339742
       19010   -0.282432   -0.324437 0.000339731
       19011   -0.260189   -0.324434  0.00033973
       19012   -0.250065    -0.32443 0.000339735
       19013   -0.283309   -0.324428 0.000339724
       19014   -0.310517   -0.324427 0.000339707
       19015   -0.322092   -0.324427 0.000339689
       19016   -0.321259   -0.324427 0.000339671
       19017   -0.313113   -0.324426 0.000339654
       19018   -0.306708   -0.324425 0.000339637
       19019   -0.305559   -0.324424 0.000339621
       19020   -0.298525   -0.324423 0.000339606
       19021   -0.280804   -0.324421 0.000339596
       19022   -0.270303   -0.324418  0.00033959
       19023   -0.280483   -0.324416  0.00033958
       19024   -0.291596   -0.324414 0.000339566
       19025   -0.289674   -0.324412 0.000339553
       19026   -0.288015    -0.32441 0.000339541
       19027   -0.299639   -0.324409 0.000339526
       19028   -0.314417   -0.324408 0.000339508
       19029   -0.319936   -0.324408  0.00033949
       19030   -0.312183   -0.324407 0.000339473
       19031   -0.289909   -0.324406  0.00033946
       19032    -0.25851   -0.324402  0.00033946
       19033   -0.220009   -0.324397 0.000339486
       19034   -0.156905   -0.324388 0.000339583
       19035   -0.207571   -0.324382  0.00033962
       19036   -0.292841    -0.32438 0.000339606
       19037   -0.304297   -0.324379  0.00033959
       19038   -0.285896   -0.324377 0.000339578
       19039   -0.270382   -0.324374 0.000339572
       19040   -0.269217   -0.324371 0.000339567
       19041    -0.24685   -0.324367 0.000339574
       19042   -0.196908   -0.324361 0.000339622
       19043   -0.220031   -0.324355 0.000339648
       19044     -0.2673   -0.324352 0.000339643
       19045   -0.279775    -0.32435 0.000339634
       19046   -0.276192   -0.324347 0.000339625
       19047   -0.265459   -0.324344 0.000339621
       19048   -0.240898    -0.32434 0.000339632
       19049   -0.219327   -0.324334 0.000339659
       19050   -0.240079    -0.32433  0.00033967
       19051   -0.263312   -0.324327 0.000339667
       19052   -0.286104   -0.324325 0.000339655
       19053   -0.293387   -0.324323 0.000339641
       19054   -0.286259   -0.324321 0.000339629
       19055   -0.295668   -0.324319 0.000339615
       19056   -0.306274   -0.324318 0.000339598
       19057   -0.282849   -0.324316 0.000339587
       19058   -0.230897   -0.324311 0.000339605
       19059   -0.255309   -0.324308 0.000339606
       19060   -0.323397   -0.324308 0.000339589
       19061   -0.337074   -0.324308 0.000339571
       19062   -0.338261   -0.324309 0.000339554
       19063   -0.343422    -0.32431 0.000339538
       19064   -0.331348   -0.324311  0.00033952
       19065   -0.302576   -0.324309 0.000339505
       19066   -0.317248   -0.324309 0.000339487
       19067   -0.337155    -0.32431  0.00033947
       19068   -0.345481   -0.324311 0.000339454
       19069   -0.345766   -0.324312 0.000339438
       19070   -0.339082   -0.324313 0.000339421
       19071   -0.333501   -0.324313 0.000339404
       19072   -0.319377   -0.324313 0.000339386
       19073   -0.321191   -0.324313 0.000339368
       19074   -0.316136   -0.324312 0.000339351
       19075   -0.318378   -0.324312 0.000339333
       19076    -0.33394   -0.324313 0.000339315
       19077   -0.355577   -0.324314 0.000339302
       19078   -0.369618   -0.324317 0.000339292
       19079   -0.371861   -0.324319 0.000339284
       19080   -0.364858   -0.324321 0.000339272
       19081   -0.353123   -0.324323 0.000339258
       19082   -0.352488   -0.324324 0.000339243
       19083   -0.361137   -0.324326 0.000339231
       19084   -0.344551   -0.324327 0.000339215
       19085   -0.322014   -0.324327 0.000339197
       19086   -0.345542   -0.324328 0.000339181
       19087   -0.377276   -0.324331 0.000339175
       19088   -0.380628   -0.324334  0.00033917
       19089   -0.368042   -0.324336  0.00033916
       19090   -0.354622   -0.324338 0.000339146
       19091   -0.353442   -0.324339 0.000339132
       19092   -0.360763   -0.324341 0.000339119
       19093    -0.35667   -0.324343 0.000339106
       19094   -0.356403   -0.324345 0.000339092
       19095   -0.353157   -0.324346 0.000339078
       19096   -0.339946   -0.324347 0.000339061
       19097   -0.341131   -0.324348 0.000339044
       19098   -0.348616   -0.324349 0.000339029
       19099   -0.350082    -0.32435 0.000339014
       19100    -0.34757   -0.324352 0.000338998
       19101   -0.346693   -0.324353 0.000338982
       19102   -0.348281   -0.324354 0.000338967
       19103   -0.342796   -0.324355 0.000338951
       19104   -0.328725   -0.324355 0.000338933
       19105   -0.335209   -0.324356 0.000338916
       19106   -0.358749   -0.324358 0.000338903
       19107   -0.365529    -0.32436 0.000338892
       19108   -0.340954   -0.324361 0.000338875
       19109   -0.275511   -0.324358 0.000338867
       19110   -0.225703   -0.324353 0.000338889
       19111   -0.286183   -0.324351 0.000338877
       19112   -0.338167   -0.324352  0.00033886
       19113    -0.35242   -0.324353 0.000338845
       19114   -0.355444   -0.324355 0.000338832
       19115   -0.357624   -0.324356 0.000338818
       19116   -0.354989   -0.324358 0.000338804
       19117   -0.337534   -0.324359 0.000338787
       19118   -0.285994   -0.324357 0.000338776
       19119   -0.249736   -0.324353  0.00033878
       19120   -0.285653   -0.324351 0.000338769
       19121   -0.338706   -0.324352 0.000338752
       19122   -0.344376   -0.324353 0.000338736
       19123   -0.335475   -0.324353 0.000338718
       19124   -0.328506   -0.324353 0.000338701
       19125   -0.318138   -0.324353 0.000338683
       19126   -0.293149   -0.324351 0.000338669
       19127   -0.259976   -0.324348 0.000338669
       19128   -0.263599   -0.324345 0.000338666
       19129   -0.288378   -0.324343 0.000338653
       19130   -0.276335    -0.32434 0.000338645
       19131   -0.277019   -0.324338 0.000338636
       19132   -0.296221   -0.324337 0.000338622
       19133   -0.304178   -0.324335 0.000338606
       19134   -0.305926   -0.324335 0.000338589
       19135   -0.299477   -0.324333 0.000338574
       19136   -0.281923   -0.324331 0.000338564
       19137   -0.281422   -0.324329 0.000338553
       19138   -0.285804   -0.324327 0.000338542
       19139   -0.275513   -0.324324 0.000338534
       19140   -0.286488   -0.324322 0.000338522
       19141    -0.29673   -0.324321 0.000338507
       19142     -0.2941   -0.324319 0.000338493
       19143   -0.304578   -0.324318 0.000338477
       19144   -0.315708   -0.324318  0.00033846
       19145    -0.27722   -0.324315 0.000338451
       19146   -0.171949   -0.324307 0.000338527
       19147   -0.212405   -0.324301 0.000338559
       19148   -0.292383     -0.3243 0.000338546
       19149    -0.29368   -0.324298 0.000338532
       19150    -0.28644   -0.324296  0.00033852
       19151   -0.268221   -0.324293 0.000338515
       19152   -0.232484   -0.324288 0.000338531
       19153   -0.232081   -0.324284 0.000338548
       19154   -0.271385   -0.324281 0.000338541
       19155    -0.28764   -0.324279 0.000338529
       19156   -0.286048   -0.324277 0.000338517
       19157   -0.273331   -0.324274  0.00033851
       19158   -0.249189    -0.32427 0.000338515
       19159   -0.235327   -0.324266 0.000338529
       19160    -0.24656   -0.324262 0.000338536
       19161   -0.260001   -0.324258 0.000338535
       19162   -0.268903   -0.324255  0.00033853
       19163   -0.274294   -0.324253 0.000338522
       19164   -0.276628    -0.32425 0.000338513
       19165   -0.275493   -0.324248 0.000338505
       19166   -0.271824   -0.324245 0.000338499
       19167   -0.269031   -0.324242 0.000338493
       19168   -0.262608   -0.324239 0.000338491
       19169   -0.242571   -0.324235   0.0003385
       19170   -0.227881    -0.32423  0.00033852
       19171   -0.243327   -0.324225 0.000338528
       19172   -0.230638   -0.324221 0.000338546
       19173   -0.228065   -0.324216 0.000338565
       19174   -0.288619   -0.324214 0.000338553
       19175   -0.298714   -0.324212 0.000338538
       19176   -0.291969   -0.324211 0.000338524
       19177    -0.30423    -0.32421 0.000338508
       19178   -0.302413   -0.324209 0.000338492
       19179   -0.267821   -0.324206 0.000338488
       19180   -0.261409   -0.324202 0.000338486
       19181     -0.2475   -0.324198 0.000338492
       19182   -0.258839   -0.324195 0.000338491
       19183    -0.30332   -0.324194 0.000338475
       19184   -0.323106   -0.324194 0.000338458
       19185   -0.322772   -0.324194  0.00033844
       19186   -0.320714   -0.324194 0.000338422
       19187   -0.324036   -0.324194 0.000338405
       19188   -0.318327   -0.324193 0.000338387
       19189   -0.274879   -0.324191 0.000338379
       19190   -0.240912   -0.324186  0.00033839
       19191   -0.275501   -0.324184 0.000338382
       19192   -0.266462   -0.324181 0.000338377
       19193   -0.240145   -0.324176 0.000338388
       19194   -0.289555   -0.324175 0.000338375
       19195   -0.340032   -0.324175 0.000338359
       19196   -0.348396   -0.324177 0.000338343
       19197   -0.330399   -0.324177 0.000338326
       19198   -0.306235   -0.324176 0.000338309
       19199   -0.297322   -0.324175 0.000338295
       19200   -0.289518   -0.324173 0.000338282
       19201   -0.283564   -0.324171 0.000338271
       19202   -0.302873    -0.32417 0.000338255
       19203   -0.328636    -0.32417 0.000338238
       19204   -0.346813   -0.324171 0.000338222
       19205   -0.349735   -0.324172 0.000338207
       19206    -0.33911   -0.324173  0.00033819
       19207   -0.328767   -0.324173 0.000338173
       19208   -0.310817   -0.324173 0.000338156
       19209   -0.299796   -0.324171 0.000338141
       19210   -0.330752   -0.324172 0.000338123
       19211   -0.358121   -0.324174  0.00033811
       19212   -0.350184   -0.324175 0.000338095
       19213   -0.328378   -0.324175 0.000338078
       19214    -0.32232   -0.324175  0.00033806
       19215   -0.329075   -0.324175 0.000338043
       19216   -0.336705   -0.324176 0.000338026
       19217   -0.341951   -0.324177 0.000338009
       19218   -0.350426   -0.324178 0.000337995
       19219   -0.345787   -0.324179 0.000337979
       19220   -0.345728    -0.32418 0.000337963
       19221   -0.362216   -0.324182 0.000337951
       19222   -0.362868   -0.324184  0.00033794
       19223   -0.343473   -0.324185 0.000337924
       19224   -0.326003   -0.324186 0.000337906
       19225   -0.336958   -0.324186 0.000337889
       19226    -0.35969   -0.324188 0.000337877
       19227   -0.357742    -0.32419 0.000337864
       19228   -0.327358    -0.32419 0.000337846
       19229   -0.307939   -0.324189  0.00033783
       19230   -0.322641   -0.324189 0.000337812
       19231   -0.337282    -0.32419 0.000337795
       19232   -0.321701    -0.32419 0.000337778
       19233   -0.296033   -0.324188 0.000337763
       19234   -0.292613   -0.324186  0.00033775
       19235   -0.253257   -0.324183 0.000337752
       19236   -0.326093   -0.324183 0.000337735
       19237   -0.391684   -0.324186 0.000337735
       19238   -0.386388    -0.32419 0.000337733
       19239   -0.358606   -0.324191  0.00033772
       19240   -0.349959   -0.324193 0.000337706
       19241   -0.357572   -0.324195 0.000337692
       19242    -0.35172   -0.324196 0.000337678
       19243   -0.336637   -0.324197 0.000337661
       19244   -0.327369   -0.324197 0.000337644
       19245   -0.335487   -0.324197 0.000337626
       19246   -0.347892   -0.324199 0.000337611
       19247   -0.355891     -0.3242 0.000337598
       19248    -0.36245   -0.324202 0.000337586
       19249   -0.367865   -0.324204 0.000337576
       19250   -0.368853   -0.324207 0.000337566
       19251   -0.363341   -0.324209 0.000337555
       19252   -0.353685    -0.32421 0.000337541
       19253   -0.346193   -0.324211 0.000337525
       19254    -0.34171   -0.324212 0.000337509
       19255   -0.326627   -0.324213 0.000337492
       19256   -0.297671   -0.324211 0.000337477
       19257   -0.301903    -0.32421 0.000337461
       19258   -0.312041   -0.324209 0.000337444
       19259   -0.331013    -0.32421 0.000337427
       19260   -0.350496   -0.324211 0.000337412
       19261   -0.356713   -0.324213 0.000337399
       19262   -0.351061   -0.324214 0.000337384
       19263   -0.338653   -0.324215 0.000337368
       19264   -0.327962   -0.324215  0.00033735
       19265   -0.327936   -0.324215 0.000337333
       19266   -0.335773   -0.324216 0.000337316
       19267   -0.344332   -0.324217   0.0003373
       19268    -0.35005   -0.324218 0.000337285
       19269   -0.348239    -0.32422  0.00033727
       19270   -0.328285    -0.32422 0.000337252
       19271   -0.302134   -0.324219 0.000337237
       19272   -0.314932   -0.324218  0.00033722
       19273   -0.334948   -0.324219 0.000337203
       19274   -0.339899   -0.324219 0.000337186
       19275   -0.319405   -0.324219 0.000337169
       19276   -0.300239   -0.324218 0.000337154
       19277   -0.335341   -0.324219 0.000337137
       19278   -0.362254   -0.324221 0.000337125
       19279   -0.369146   -0.324223 0.000337115
       19280   -0.363982   -0.324225 0.000337104
       19281   -0.349351   -0.324226 0.000337089
       19282   -0.338361   -0.324227 0.000337073
       19283   -0.345704   -0.324228 0.000337057
       19284   -0.362924    -0.32423 0.000337045
       19285   -0.363731   -0.324232 0.000337034
       19286   -0.335225   -0.324233 0.000337017
       19287    -0.30524   -0.324232 0.000337001
       19288   -0.303431   -0.324231 0.000336985
       19289   -0.318296    -0.32423 0.000336968
       19290   -0.348083   -0.324232 0.000336953
       19291   -0.337762   -0.324232 0.000336936
       19292   -0.287367    -0.32423 0.000336924
       19293   -0.284038   -0.324228 0.000336913
       19294   -0.298919   -0.324227 0.000336898
       19295   -0.307482   -0.324226 0.000336882
       19296   -0.318849   -0.324226 0.000336865
       19297   -0.323756   -0.324226 0.000336847
       19298   -0.315335   -0.324225  0.00033683
       19299    -0.29455   -0.324224 0.000336816
       19300   -0.292648   -0.324222 0.000336803
       19301   -0.305959   -0.324221 0.000336786
       19302    -0.30965    -0.32422  0.00033677
       19303   -0.306245    -0.32422 0.000336754
       19304   -0.301343   -0.324218 0.000336738
       19305   -0.295448   -0.324217 0.000336724
       19306   -0.287872   -0.324215 0.000336712
       19307   -0.284076   -0.324213 0.000336701
       19308   -0.283808   -0.324211  0.00033669
       19309   -0.281642   -0.324209  0.00033668
       19310   -0.286305   -0.324207 0.000336668
       19311   -0.274977   -0.324204  0.00033666
       19312   -0.253296     -0.3242 0.000336663
       19313   -0.263766   -0.324197  0.00033666
       19314   -0.271454   -0.324195 0.000336654
       19315   -0.271979   -0.324192 0.000336647
       19316   -0.281388    -0.32419 0.000336637
       19317   -0.293119   -0.324188 0.000336623
       19318   -0.299918   -0.324187 0.000336608
       19319   -0.304246   -0.324186 0.000336592
       19320   -0.307515   -0.324185 0.000336576
       19321   -0.310361   -0.324184 0.000336559
       19322   -0.313264   -0.324184 0.000336542
       19323   -0.314523   -0.324183 0.000336525
       19324   -0.309737   -0.324182 0.000336509
       19325   -0.297654   -0.324181 0.000336494
       19326   -0.280477   -0.324179 0.000336484
       19327   -0.255248   -0.324175 0.000336486
       19328   -0.235554   -0.324171   0.0003365
       19329   -0.226399   -0.324165  0.00033652
       19330   -0.245784   -0.324161 0.000336527
       19331   -0.270934   -0.324159 0.000336521
       19332    -0.28509   -0.324157  0.00033651
       19333   -0.290951   -0.324155 0.000336497
       19334   -0.283722   -0.324153 0.000336486
       19335   -0.267929    -0.32415 0.000336481
       19336   -0.258864   -0.324147 0.000336481
       19337   -0.260298   -0.324143 0.000336479
       19338   -0.264364    -0.32414 0.000336476
       19339   -0.268107   -0.324137 0.000336471
       19340   -0.270611   -0.324135 0.000336465
       19341   -0.272096   -0.324132 0.000336459
       19342     -0.2737   -0.324129 0.000336451
       19343   -0.276675   -0.324127 0.000336443
       19344   -0.278887   -0.324124 0.000336434
       19345   -0.269869   -0.324122 0.000336428
       19346   -0.257478   -0.324118 0.000336428
       19347   -0.274308   -0.324116 0.000336421
       19348   -0.280146   -0.324113 0.000336411
       19349   -0.270668   -0.324111 0.000336405
       19350   -0.266923   -0.324108 0.000336401
       19351   -0.271245   -0.324105 0.000336394
       19352     -0.2863   -0.324103 0.000336383
       19353   -0.284727   -0.324101 0.000336371
       19354   -0.316136     -0.3241 0.000336354
       19355   -0.345718   -0.324102 0.000336339
       19356   -0.351557   -0.324103 0.000336324
       19357   -0.349496   -0.324104 0.000336309
       19358   -0.344595   -0.324105 0.000336294
       19359    -0.32925   -0.324106 0.000336276
       19360   -0.293407   -0.324104 0.000336263
       19361   -0.272791   -0.324101 0.000336256
       19362   -0.298344     -0.3241 0.000336241
       19363   -0.315399     -0.3241 0.000336224
       19364   -0.325792     -0.3241 0.000336207
       19365    -0.32827     -0.3241 0.000336189
       19366   -0.312161   -0.324099 0.000336173
       19367   -0.290127   -0.324098  0.00033616
       19368   -0.285738   -0.324096 0.000336148
       19369   -0.304575   -0.324095 0.000336133
       19370   -0.324622   -0.324095 0.000336115
       19371   -0.331883   -0.324095 0.000336098
       19372   -0.327522   -0.324095 0.000336081
       19373   -0.313757   -0.324095 0.000336064
       19374   -0.298246   -0.324093 0.000336049
       19375   -0.301995   -0.324092 0.000336034
       19376   -0.299054   -0.324091 0.000336019
       19377   -0.254701   -0.324087 0.000336021
       19378   -0.275924   -0.324085 0.000336012
       19379   -0.332095   -0.324085 0.000335995
       19380   -0.351545   -0.324087 0.000335981
       19381   -0.346911   -0.324088 0.000335966
       19382   -0.329899   -0.324088 0.000335949
       19383   -0.310839   -0.324087 0.000335932
       19384   -0.312481   -0.324087 0.000335915
       19385   -0.336076   -0.324087 0.000335898
       19386   -0.358569   -0.324089 0.000335886
       19387    -0.36536   -0.324091 0.000335875
       19388   -0.369519   -0.324094 0.000335866
       19389   -0.372958   -0.324096 0.000335858
       19390   -0.373118   -0.324099  0.00033585
       19391   -0.364299   -0.324101 0.000335839
       19392   -0.349359   -0.324102 0.000335825
       19393   -0.379371   -0.324105 0.000335819
       19394   -0.403753   -0.324109 0.000335827
       19395   -0.398778   -0.324113 0.000335832
       19396   -0.374821   -0.324116 0.000335825
       19397   -0.359955   -0.324117 0.000335813
       19398   -0.367568    -0.32412 0.000335803
       19399   -0.384168   -0.324123   0.0003358
       19400   -0.397145   -0.324127 0.000335803
       19401   -0.399968    -0.32413 0.000335809
       19402   -0.395086   -0.324134 0.000335812
       19403   -0.386944   -0.324137  0.00033581
       19404   -0.373864    -0.32414 0.000335802
       19405   -0.357399   -0.324142 0.000335789
       19406   -0.366833   -0.324144 0.000335779
       19407   -0.388622   -0.324147 0.000335778
       19408   -0.386785    -0.32415 0.000335777
       19409   -0.378517   -0.324153 0.000335771
       19410   -0.368921   -0.324155 0.000335762
       19411   -0.360778   -0.324157  0.00033575
       19412   -0.361024   -0.324159 0.000335738
       19413   -0.360832   -0.324161 0.000335726
       19414   -0.353474   -0.324163 0.000335712
       19415   -0.351894   -0.324164 0.000335698
       19416   -0.353561   -0.324166 0.000335684
       19417   -0.348204   -0.324167 0.000335669
       19418   -0.335201   -0.324167 0.000335652
       19419   -0.331877   -0.324168 0.000335635
       19420   -0.336201   -0.324168 0.000335618
       19421   -0.320819   -0.324168 0.000335601
       19422   -0.334752   -0.324169 0.000335584
       19423   -0.345989    -0.32417 0.000335569
       19424   -0.337359   -0.324171 0.000335552
       19425   -0.330567   -0.324171 0.000335535
       19426   -0.335265   -0.324171 0.000335518
       19427   -0.345179   -0.324173 0.000335503
       19428    -0.36281   -0.324175 0.000335491
       19429   -0.386514   -0.324178 0.000335489
       19430    -0.39196   -0.324181  0.00033549
       19431   -0.366271   -0.324183  0.00033548
       19432   -0.327874   -0.324184 0.000335463
       19433   -0.319264   -0.324183 0.000335446
       19434   -0.341393   -0.324184 0.000335429
       19435   -0.366176   -0.324186 0.000335419
       19436   -0.378097   -0.324189 0.000335413
       19437   -0.375755   -0.324192 0.000335407
       19438   -0.364974   -0.324194 0.000335396
       19439   -0.353777   -0.324195 0.000335382
       19440   -0.348147   -0.324197 0.000335367
       19441   -0.346126   -0.324198 0.000335352
       19442   -0.339229   -0.324199 0.000335335
       19443   -0.324207   -0.324199 0.000335318
       19444   -0.314617   -0.324198 0.000335301
       19445   -0.326855   -0.324198 0.000335284
       19446   -0.347465   -0.324199 0.000335269
       19447   -0.353445   -0.324201 0.000335255
       19448   -0.330999   -0.324201 0.000335238
       19449   -0.274198   -0.324199 0.000335231
       19450   -0.261898   -0.324195 0.000335229
       19451   -0.279303   -0.324193 0.000335219
       19452   -0.312723   -0.324193 0.000335203
       19453   -0.341691   -0.324193 0.000335187
       19454   -0.334821   -0.324194  0.00033517
       19455   -0.336858   -0.324195 0.000335153
       19456   -0.351217   -0.324196 0.000335139
       19457   -0.353542   -0.324198 0.000335125
       19458   -0.347208   -0.324199  0.00033511
       19459   -0.339708     -0.3242 0.000335094
       19460   -0.337924     -0.3242 0.000335077
       19461   -0.345928   -0.324201 0.000335062
       19462   -0.359352   -0.324203  0.00033505
       19463   -0.366035   -0.324205 0.000335039
       19464   -0.359928   -0.324207 0.000335027
       19465   -0.348976   -0.324208 0.000335012
       19466   -0.341344   -0.324209 0.000334996
       19467   -0.345079    -0.32421 0.000334981
       19468   -0.362349   -0.324212 0.000334969
       19469   -0.380633   -0.324215 0.000334965
       19470   -0.390661   -0.324219 0.000334965
       19471   -0.397874   -0.324222 0.000334969
       19472   -0.398657   -0.324226 0.000334973
       19473   -0.386852   -0.324229 0.000334972
       19474   -0.383623   -0.324233 0.000334968
       19475   -0.385719   -0.324236 0.000334966
       19476   -0.386565   -0.324239 0.000334964
       19477   -0.387016   -0.324242 0.000334962
       19478   -0.375522   -0.324245 0.000334956
       19479   -0.358554   -0.324247 0.000334943
       19480   -0.343903   -0.324248 0.000334927
       19481    -0.34938   -0.324249 0.000334913
       19482   -0.377392   -0.324252 0.000334907
       19483   -0.399801   -0.324255 0.000334912
       19484   -0.399004   -0.324259 0.000334917
       19485   -0.368894   -0.324262 0.000334907
       19486   -0.332551   -0.324262  0.00033489
       19487   -0.311873   -0.324261 0.000334874
       19488   -0.327425   -0.324261 0.000334857
       19489   -0.376948   -0.324264  0.00033485
       19490    -0.38306   -0.324267 0.000334847
       19491   -0.371989    -0.32427 0.000334839
       19492    -0.37283   -0.324272 0.000334831
       19493   -0.377914   -0.324275 0.000334825
       19494    -0.37925   -0.324278 0.000334819
       19495   -0.370596    -0.32428 0.000334811
       19496   -0.339012   -0.324281 0.000334794
       19497   -0.316385    -0.32428 0.000334777
       19498     -0.3365   -0.324281 0.000334761
       19499    -0.35834   -0.324283 0.000334748
       19500   -0.349505   -0.324284 0.000334734
       19501   -0.319756   -0.324284 0.000334717
       19502   -0.313842   -0.324283   0.0003347
       19503   -0.339447   -0.324284 0.000334684
       19504   -0.356944   -0.324286 0.000334671
       19505   -0.356061   -0.324287 0.000334657
       19506   -0.344879   -0.324288 0.000334642
       19507   -0.325731   -0.324289 0.000334625
       19508   -0.298158   -0.324287  0.00033461
       19509   -0.283947   -0.324285   0.0003346
       19510   -0.305072   -0.324284 0.000334584
       19511    -0.33181   -0.324285 0.000334567
       19512   -0.348221   -0.324286 0.000334552
       19513   -0.359178   -0.324288  0.00033454
       19514   -0.353259   -0.324289 0.000334526
       19515   -0.284603   -0.324287 0.000334515
       19516   -0.295927   -0.324286 0.000334501
       19517   -0.353748   -0.324287 0.000334487
       19518    -0.34952   -0.324288 0.000334472
       19519    -0.33639   -0.324289 0.000334456
       19520     -0.3249   -0.324289 0.000334439
       19521   -0.308367   -0.324288 0.000334423
       19522   -0.307221   -0.324287 0.000334407
       19523   -0.329728   -0.324288  0.00033439
       19524   -0.352567   -0.324289 0.000334376
       19525   -0.368305   -0.324291 0.000334366
       19526   -0.375659   -0.324294 0.000334359
       19527   -0.367899   -0.324296  0.00033435
       19528   -0.349227   -0.324297 0.000334335
       19529   -0.335409   -0.324298 0.000334318
       19530   -0.303469   -0.324297 0.000334303
       19531   -0.301335   -0.324296 0.000334288
       19532   -0.321722   -0.324296 0.000334271
       19533   -0.353577   -0.324297 0.000334257
       19534   -0.396025   -0.324301  0.00033426
       19535   -0.382607   -0.324304 0.000334256
       19536    -0.36321   -0.324306 0.000334245
       19537   -0.359263   -0.324308 0.000334233
       19538   -0.341135   -0.324308 0.000334217
       19539   -0.327239   -0.324309   0.0003342
       19540   -0.314187   -0.324308 0.000334183
       19541   -0.339539   -0.324309 0.000334167
       19542   -0.384143   -0.324312 0.000334164
       19543   -0.394513   -0.324316 0.000334166
       19544    -0.37889   -0.324318 0.000334161
       19545   -0.360095    -0.32432 0.000334148
       19546   -0.361102   -0.324322 0.000334137
       19547   -0.378098   -0.324325 0.000334131
       19548   -0.389793   -0.324328 0.000334131
       19549   -0.381298   -0.324331 0.000334126
       19550   -0.363417   -0.324333 0.000334115
       19551   -0.357999   -0.324335 0.000334102
       19552   -0.357042   -0.324336  0.00033409
       19553   -0.347786   -0.324338 0.000334075
       19554   -0.346857   -0.324339  0.00033406
       19555   -0.339921    -0.32434 0.000334043
       19556     -0.3331    -0.32434 0.000334027
       19557   -0.357117   -0.324342 0.000334014
       19558   -0.377148   -0.324344 0.000334008
       19559   -0.376897   -0.324347 0.000334001
       19560   -0.362638   -0.324349  0.00033399
       19561   -0.321923   -0.324349 0.000333973
       19562   -0.284938   -0.324347 0.000333962
       19563   -0.320273   -0.324347 0.000333945
       19564   -0.342931   -0.324348 0.000333929
       19565   -0.360644    -0.32435 0.000333917
       19566   -0.382763   -0.324352 0.000333914
       19567   -0.400459   -0.324356 0.000333919
       19568   -0.404994    -0.32436 0.000333927
       19569   -0.388871   -0.324364 0.000333927
       19570   -0.354821   -0.324365 0.000333913
       19571   -0.333663   -0.324366 0.000333897
       19572   -0.323565   -0.324366 0.000333879
       19573     -0.3158   -0.324365 0.000333863
       19574   -0.351563   -0.324367 0.000333849
       19575   -0.379628    -0.32437 0.000333843
       19576   -0.380893   -0.324372 0.000333839
       19577   -0.378179   -0.324375 0.000333833
       19578   -0.376591   -0.324378 0.000333827
       19579   -0.374713    -0.32438  0.00033382
       19580   -0.373068   -0.324383 0.000333812
       19581   -0.363835   -0.324385 0.000333801
       19582   -0.317598   -0.324385 0.000333784
       19583   -0.289825   -0.324383 0.000333772
       19584   -0.323818   -0.324383 0.000333755
       19585   -0.340196   -0.324384 0.000333738
       19586   -0.351609   -0.324385 0.000333724
       19587   -0.355424   -0.324387 0.000333711
       19588   -0.352894   -0.324388 0.000333697
       19589    -0.33626   -0.324389 0.000333681
       19590   -0.298914   -0.324387 0.000333666
       19591   -0.309013   -0.324387  0.00033365
       19592    -0.33803   -0.324387 0.000333634
       19593   -0.344549   -0.324388 0.000333618
       19594   -0.345757   -0.324389 0.000333603
       19595   -0.341977    -0.32439 0.000333587
       19596   -0.334952   -0.324391 0.000333571
       19597   -0.328797   -0.324391 0.000333554
       19598   -0.325717   -0.324391 0.000333537
       19599   -0.328075   -0.324391  0.00033352
       19600   -0.335142   -0.324392 0.000333503
       19601   -0.343626   -0.324393 0.000333488
       19602   -0.348339   -0.324394 0.000333473
       19603    -0.34796   -0.324395 0.000333458
       19604   -0.344027   -0.324396 0.000333443
       19605   -0.338107   -0.324397 0.000333426
       19606   -0.332907   -0.324397  0.00033341
       19607   -0.330776   -0.324398 0.000333393
       19608   -0.331957   -0.324398 0.000333376
       19609   -0.332357   -0.324398 0.000333359
       19610   -0.316445   -0.324398 0.000333342
       19611    -0.28376   -0.324396 0.000333332
       19612   -0.291399   -0.324394 0.000333319
       19613   -0.326183   -0.324394 0.000333302
       19614   -0.241863    -0.32439 0.000333312
       19615    -0.22148   -0.324385 0.000333336
       19616    -0.28383   -0.324383 0.000333325
       19617   -0.260725    -0.32438 0.000333324
       19618   -0.314292   -0.324379 0.000333308
       19619   -0.330849   -0.324379 0.000333291
       19620   -0.330888    -0.32438 0.000333274
       19621   -0.320818    -0.32438 0.000333257
       19622   -0.293255   -0.324378 0.000333244
       19623   -0.272041   -0.324375 0.000333237
       19624   -0.275829   -0.324373  0.00033323
       19625   -0.267844    -0.32437 0.000333225
       19626   -0.229273   -0.324365 0.000333243
       19627   -0.228032    -0.32436 0.000333263
       19628   -0.275562   -0.324358 0.000333255
       19629   -0.291713   -0.324356 0.000333242
       19630   -0.294079   -0.324355 0.000333229
       19631   -0.299134   -0.324353 0.000333214
       19632   -0.304415   -0.324352 0.000333199
       19633   -0.297322   -0.324351 0.000333185
       19634    -0.27297   -0.324348 0.000333178
       19635   -0.264664   -0.324345 0.000333175
       19636    -0.29228   -0.324344 0.000333162
       19637   -0.299539   -0.324342 0.000333147
       19638   -0.231428   -0.324338 0.000333164
       19639   -0.200388   -0.324331 0.000333207
       19640   -0.244852   -0.324327 0.000333214
       19641    -0.29077   -0.324326 0.000333202
       19642   -0.316039   -0.324325 0.000333185
       19643   -0.330017   -0.324325 0.000333168
       19644   -0.339019   -0.324326 0.000333152
       19645   -0.337734   -0.324327 0.000333136
       19646   -0.327997   -0.324327 0.000333119
       19647   -0.330069   -0.324327 0.000333102
       19648   -0.348482   -0.324329 0.000333087
       19649   -0.352259    -0.32433 0.000333073
       19650   -0.344465   -0.324331 0.000333058
       19651   -0.333432   -0.324331 0.000333041
       19652   -0.339304   -0.324332 0.000333025
       19653   -0.338501   -0.324333 0.000333009
       19654    -0.33528   -0.324333 0.000332993
       19655   -0.370033   -0.324336 0.000332984
       19656   -0.386881   -0.324339 0.000332982
       19657   -0.355459   -0.324341 0.000332969
       19658   -0.338922   -0.324341 0.000332953
       19659   -0.364874   -0.324343 0.000332942
       19660   -0.392773   -0.324347 0.000332944
       19661   -0.404597   -0.324351 0.000332952
       19662   -0.395663   -0.324355 0.000332954
       19663   -0.390628   -0.324358 0.000332955
       19664    -0.39805   -0.324362 0.000332959
       19665   -0.396108   -0.324365 0.000332962
       19666   -0.385111   -0.324368 0.000332959
       19667   -0.377351   -0.324371 0.000332953
       19668   -0.363703   -0.324373 0.000332942
       19669   -0.349574   -0.324374 0.000332928
       19670   -0.355154   -0.324376 0.000332915
       19671   -0.372628   -0.324378 0.000332907
       19672   -0.372953   -0.324381 0.000332899
       19673   -0.367109   -0.324383 0.000332889
       19674   -0.352279   -0.324384 0.000332875
       19675   -0.289127   -0.324383 0.000332863
       19676   -0.252534   -0.324379 0.000332866
       19677   -0.314497   -0.324379  0.00033285
       19678   -0.336738   -0.324379 0.000332833
       19679   -0.320307   -0.324379 0.000332816
       19680   -0.295259   -0.324377 0.000332803
       19681   -0.296648   -0.324376 0.000332789
       19682    -0.30476   -0.324375 0.000332774
       19683   -0.298724   -0.324374 0.000332759
       19684   -0.296303   -0.324372 0.000332745
       19685    -0.27981    -0.32437 0.000332736
       19686   -0.234251   -0.324366 0.000332751
       19687   -0.248364   -0.324362 0.000332756
       19688   -0.282938    -0.32436 0.000332746
       19689   -0.308672   -0.324359  0.00033273
       19690   -0.318686   -0.324358 0.000332713
       19691   -0.321397   -0.324358 0.000332696
       19692   -0.322764   -0.324358 0.000332679
       19693   -0.322823   -0.324358 0.000332663
       19694   -0.318819   -0.324358 0.000332646
       19695   -0.307978   -0.324357  0.00033263
       19696   -0.297219   -0.324356 0.000332616
       19697    -0.31604   -0.324355 0.000332599
       19698   -0.332574   -0.324356 0.000332583
       19699   -0.300367   -0.324354 0.000332568
       19700   -0.233766    -0.32435 0.000332583
       19701   -0.243223   -0.324346 0.000332592
       19702   -0.308532   -0.324345 0.000332576
       19703   -0.342063   -0.324346  0.00033256
       19704   -0.351364   -0.324347 0.000332546
       19705   -0.351499   -0.324349 0.000332532
       19706   -0.341821   -0.324349 0.000332516
       19707   -0.323162   -0.324349 0.000332499
       19708   -0.320572   -0.324349 0.000332483
       19709   -0.315641   -0.324349 0.000332466
       19710   -0.283288   -0.324347 0.000332456
       19711   -0.290861   -0.324345 0.000332443
       19712   -0.328117   -0.324345 0.000332426
       19713   -0.355567   -0.324347 0.000332413
       19714   -0.369409   -0.324349 0.000332404
       19715   -0.372208   -0.324351 0.000332396
       19716   -0.378262   -0.324354 0.000332391
       19717   -0.376048   -0.324357 0.000332384
       19718   -0.361765   -0.324359 0.000332373
       19719   -0.361166   -0.324361 0.000332361
       19720   -0.366556   -0.324363 0.000332351
       19721   -0.355199   -0.324364 0.000332338
       19722   -0.331517   -0.324365 0.000332321
       19723   -0.308446   -0.324364 0.000332305
       19724   -0.334147   -0.324364 0.000332289
       19725   -0.356196   -0.324366 0.000332276
       19726   -0.340929   -0.324367  0.00033226
       19727   -0.330145   -0.324367 0.000332243
       19728   -0.330679   -0.324367 0.000332227
       19729   -0.338859   -0.324368 0.000332211
       19730   -0.347301   -0.324369 0.000332196
       19731   -0.348605   -0.324371 0.000332181
       19732   -0.343718   -0.324372 0.000332166
       19733   -0.334805   -0.324372  0.00033215
       19734   -0.322681   -0.324372 0.000332133
       19735   -0.309041   -0.324371 0.000332117
       19736   -0.300108    -0.32437 0.000332102
       19737   -0.304882   -0.324369 0.000332087
       19738   -0.301635   -0.324368 0.000332072
       19739   -0.266219   -0.324365 0.000332068
       19740    -0.31119   -0.324364 0.000332052
       19741   -0.353818   -0.324366 0.000332039
       19742   -0.349266   -0.324367 0.000332024
       19743   -0.302045   -0.324366 0.000332009
       19744   -0.277623   -0.324363 0.000332001
       19745   -0.265176    -0.32436 0.000331998
       19746   -0.277594   -0.324358 0.000331989
       19747     -0.3029   -0.324357 0.000331974
       19748   -0.327061   -0.324357 0.000331958
       19749   -0.321792   -0.324357 0.000331941
       19750   -0.308237   -0.324356 0.000331925
       19751   -0.304589   -0.324355  0.00033191
       19752    -0.31469   -0.324355 0.000331893
       19753   -0.355716   -0.324356  0.00033188
       19754   -0.368821   -0.324359 0.000331871
       19755   -0.367782   -0.324361 0.000331862
       19756   -0.361211   -0.324363  0.00033185
       19757   -0.335876   -0.324363 0.000331834
       19758   -0.309453   -0.324362 0.000331818
       19759   -0.334759   -0.324363 0.000331801
       19760   -0.344521   -0.324364 0.000331786
       19761   -0.338729   -0.324365  0.00033177
       19762   -0.341928   -0.324366 0.000331755
       19763     -0.3449   -0.324367 0.000331739
       19764   -0.340215   -0.324367 0.000331724
       19765   -0.329205   -0.324368 0.000331707
       19766   -0.329037   -0.324368  0.00033169
       19767   -0.353891   -0.324369 0.000331677
       19768   -0.379567   -0.324372 0.000331672
       19769   -0.377391   -0.324375 0.000331666
       19770   -0.356654   -0.324377 0.000331653
       19771   -0.322712   -0.324376 0.000331636
       19772   -0.298633   -0.324375 0.000331622
       19773   -0.338571   -0.324376 0.000331606
       19774    -0.35503   -0.324377 0.000331593
       19775   -0.358348   -0.324379 0.000331581
       19776   -0.391454   -0.324383 0.000331581
       19777   -0.413733   -0.324387 0.000331595
       19778    -0.42407   -0.324392 0.000331617
       19779   -0.424858   -0.324397 0.000331639
       19780   -0.409575   -0.324401  0.00033165
       19781   -0.374119   -0.324404 0.000331643
       19782   -0.369931   -0.324406 0.000331634
       19783    -0.39338    -0.32441 0.000331636
       19784    -0.38919   -0.324413 0.000331635
       19785   -0.387653   -0.324416 0.000331634
       19786   -0.411546   -0.324421 0.000331646
       19787   -0.429172   -0.324426 0.000331672
       19788   -0.408648    -0.32443 0.000331682
       19789   -0.377602   -0.324433 0.000331676
       19790   -0.392675   -0.324436 0.000331677
       19791   -0.413636   -0.324441 0.000331691
       19792   -0.436459   -0.324446 0.000331723
       19793   -0.455213   -0.324453 0.000331772
       19794   -0.448308   -0.324459 0.000331814
       19795   -0.436309   -0.324465 0.000331845
       19796   -0.425799    -0.32447 0.000331868
       19797   -0.402444   -0.324474 0.000331875
       19798   -0.400985   -0.324478  0.00033188
       19799   -0.427535   -0.324483 0.000331905
       19800    -0.43356   -0.324489 0.000331933
       19801   -0.409911   -0.324493 0.000331945
       19802   -0.374736   -0.324495 0.000331938
       19803    -0.37128   -0.324498 0.000331929
       19804   -0.397177   -0.324502 0.000331933
       19805    -0.40961   -0.324506 0.000331944
       19806   -0.390478   -0.324509 0.000331944
       19807   -0.350313    -0.32451  0.00033193
       19808   -0.338476   -0.324511 0.000331914
       19809   -0.331554   -0.324512 0.000331897
       19810   -0.367711   -0.324514 0.000331888
       19811   -0.359153   -0.324515 0.000331875
       19812   -0.342212   -0.324516  0.00033186
       19813   -0.347891   -0.324518 0.000331845
       19814   -0.331701   -0.324518 0.000331829
       19815   -0.322477   -0.324518 0.000331812
       19816   -0.328177   -0.324518 0.000331795
       19817   -0.326052   -0.324518 0.000331778
       19818    -0.32862   -0.324518 0.000331762
       19819   -0.340377   -0.324519 0.000331746
       19820   -0.348142    -0.32452 0.000331731
       19821   -0.339419   -0.324521 0.000331716
       19822   -0.316796   -0.324521 0.000331699
       19823   -0.310309    -0.32452 0.000331683
       19824   -0.316203   -0.324519 0.000331667
       19825   -0.310377   -0.324519 0.000331651
       19826   -0.308972   -0.324518 0.000331635
       19827   -0.308834   -0.324517 0.000331619
       19828   -0.285795   -0.324515 0.000331608
       19829   -0.292482   -0.324514 0.000331595
       19830   -0.320545   -0.324513 0.000331579
       19831   -0.339312   -0.324514 0.000331563
       19832   -0.344557   -0.324515 0.000331548
       19833   -0.333456   -0.324516 0.000331531
       19834   -0.320651   -0.324515 0.000331514
       19835   -0.315577   -0.324515 0.000331498
       19836    -0.31037   -0.324514 0.000331482
       19837   -0.311852   -0.324514 0.000331466
       19838     -0.3233   -0.324514 0.000331449
       19839    -0.31805   -0.324513 0.000331433
       19840   -0.279891   -0.324511 0.000331424
       19841   -0.313824    -0.32451 0.000331407
       19842   -0.350913   -0.324512 0.000331393
       19843   -0.360657   -0.324514 0.000331382
       19844   -0.357455   -0.324515 0.000331369
       19845   -0.340504   -0.324516 0.000331353
       19846   -0.311371   -0.324515 0.000331337
       19847   -0.304869   -0.324514 0.000331322
       19848   -0.325203   -0.324514 0.000331306
       19849   -0.337269   -0.324515 0.000331289
       19850   -0.340595   -0.324516 0.000331274
       19851   -0.342133   -0.324517 0.000331258
       19852   -0.341941   -0.324518 0.000331243
       19853   -0.345585   -0.324519 0.000331228
       19854   -0.358677    -0.32452 0.000331216
       19855   -0.360938   -0.324522 0.000331204
       19856   -0.344405   -0.324523 0.000331189
       19857   -0.311557   -0.324523 0.000331173
       19858    -0.26226   -0.324519 0.000331171
       19859   -0.266832   -0.324517 0.000331167
       19860   -0.317548   -0.324516  0.00033115
       19861   -0.337245   -0.324517 0.000331134
       19862    -0.33698   -0.324517 0.000331118
       19863   -0.347693   -0.324519 0.000331104
       19864   -0.362119   -0.324521 0.000331092
       19865   -0.364704   -0.324523 0.000331082
       19866   -0.351205   -0.324524 0.000331068
       19867   -0.323861   -0.324524 0.000331051
       19868   -0.304731   -0.324523 0.000331036
       19869   -0.304642   -0.324522 0.000331021
       19870   -0.298159   -0.324521 0.000331007
       19871   -0.313636    -0.32452 0.000330991
       19872   -0.319593    -0.32452 0.000330974
       19873    -0.31755   -0.324519 0.000330958
       19874   -0.327226    -0.32452 0.000330941
       19875   -0.332109    -0.32452 0.000330925
       19876   -0.330204    -0.32452 0.000330908
       19877   -0.326259    -0.32452 0.000330892
       19878   -0.323869    -0.32452 0.000330875
       19879   -0.324003    -0.32452 0.000330858
       19880    -0.32244    -0.32452 0.000330842
       19881   -0.311326   -0.324519 0.000330826
       19882   -0.293404   -0.324518 0.000330813
       19883   -0.280828   -0.324516 0.000330803
       19884   -0.279937   -0.324513 0.000330794
       19885   -0.290878   -0.324512 0.000330782
       19886   -0.296011    -0.32451 0.000330769
       19887   -0.317954    -0.32451 0.000330752
       19888   -0.336465   -0.324511 0.000330736
       19889   -0.342366   -0.324512 0.000330721
       19890   -0.341012   -0.324512 0.000330705
       19891    -0.33317   -0.324513 0.000330689
       19892   -0.318888   -0.324512 0.000330672
       19893   -0.305606   -0.324512 0.000330657
       19894   -0.302903    -0.32451 0.000330642
       19895   -0.314063    -0.32451 0.000330626
       19896    -0.29886   -0.324509 0.000330612
       19897     -0.2741   -0.324506 0.000330605
       19898   -0.306235   -0.324505  0.00033059
       19899   -0.315095   -0.324505 0.000330573
       19900    -0.30028   -0.324504 0.000330559
       19901   -0.295658   -0.324502 0.000330545
       19902    -0.30619   -0.324501  0.00033053
       19903   -0.318098   -0.324501 0.000330514
       19904   -0.328395   -0.324501 0.000330497
       19905   -0.312791     -0.3245 0.000330481
       19906   -0.274738   -0.324498 0.000330474
       19907   -0.286935   -0.324496 0.000330463
       19908   -0.270229   -0.324493 0.000330457
       19909    -0.28589   -0.324491 0.000330446
       19910   -0.318936   -0.324491  0.00033043
       19911    -0.32138   -0.324491 0.000330413
       19912   -0.326279   -0.324491 0.000330397
       19913   -0.344788   -0.324492 0.000330382
       19914   -0.345356   -0.324493 0.000330367
       19915   -0.325636   -0.324493  0.00033035
       19916   -0.319797   -0.324493 0.000330334
       19917   -0.321445   -0.324493 0.000330317
       19918   -0.301176   -0.324492 0.000330303
       19919   -0.241671   -0.324487 0.000330312
       19920   -0.235744   -0.324483 0.000330326
       19921   -0.286489   -0.324481 0.000330315
       19922   -0.329333   -0.324481 0.000330298
       19923   -0.338663   -0.324482 0.000330282
       19924   -0.334837   -0.324483 0.000330266
       19925   -0.334825   -0.324483  0.00033025
       19926   -0.338652   -0.324484 0.000330234
       19927   -0.336226   -0.324484 0.000330218
       19928   -0.323453   -0.324484 0.000330202
       19929   -0.308447   -0.324484 0.000330186
       19930   -0.301716   -0.324482 0.000330171
       19931   -0.320779   -0.324482 0.000330155
       19932   -0.342828   -0.324483  0.00033014
       19933   -0.350588   -0.324484 0.000330126
       19934   -0.341204   -0.324485  0.00033011
       19935   -0.304732   -0.324484 0.000330095
       19936    -0.28958   -0.324483 0.000330083
       19937   -0.306615   -0.324482 0.000330068
       19938   -0.317407   -0.324481 0.000330051
       19939   -0.332244   -0.324482 0.000330035
       19940    -0.34771   -0.324483 0.000330021
       19941   -0.358818   -0.324485 0.000330009
       19942   -0.364167   -0.324487 0.000329998
       19943   -0.360959   -0.324488 0.000329987
       19944    -0.35207    -0.32449 0.000329973
       19945    -0.34972   -0.324491 0.000329959
       19946   -0.348329   -0.324492 0.000329944
       19947   -0.361816   -0.324494 0.000329933
       19948    -0.38798   -0.324497 0.000329932
       19949    -0.39666   -0.324501 0.000329935
       19950   -0.379789   -0.324504  0.00032993
       19951   -0.351161   -0.324505 0.000329917
       19952    -0.34897   -0.324506 0.000329902
       19953     -0.3619   -0.324508 0.000329891
       19954   -0.366207    -0.32451 0.000329881
       19955   -0.366824   -0.324512 0.000329871
       19956   -0.392579   -0.324516 0.000329873
       19957   -0.393607   -0.324519 0.000329874
       19958   -0.344385    -0.32452 0.000329859
       19959   -0.388344   -0.324523 0.000329858
       19960   -0.377868   -0.324526 0.000329852
       19961   -0.355078   -0.324528 0.000329839
       19962    -0.39615   -0.324531 0.000329842
       19963   -0.437707   -0.324537 0.000329875
       19964   -0.454953   -0.324543 0.000329923
       19965   -0.448211    -0.32455 0.000329964
       19966   -0.421298   -0.324554 0.000329983
       19967   -0.348906   -0.324556 0.000329969
       19968   -0.367286   -0.324558  0.00032996
       19969   -0.396508   -0.324561 0.000329963
       19970   -0.382064   -0.324564 0.000329959
       19971    -0.38784   -0.324567 0.000329958
       19972   -0.404144   -0.324571 0.000329965
       19973    -0.40448   -0.324575 0.000329973
       19974   -0.372283   -0.324578 0.000329965
       19975   -0.340042   -0.324579 0.000329949
       19976    -0.36544   -0.324581 0.000329939
       19977   -0.406667   -0.324585 0.000329948
       19978   -0.410598   -0.324589  0.00032996
       19979   -0.388971   -0.324592 0.000329959
       19980   -0.372597   -0.324595 0.000329951
       19981   -0.374436   -0.324597 0.000329944
       19982   -0.374292     -0.3246 0.000329937
       19983   -0.370526   -0.324602 0.000329928
       19984   -0.379345   -0.324605 0.000329923
       19985   -0.394519   -0.324608 0.000329925
       19986   -0.402597   -0.324612 0.000329932
       19987   -0.401904   -0.324616 0.000329938
       19988   -0.392891   -0.324619 0.000329939
       19989   -0.372644   -0.324622 0.000329932
       19990   -0.345786   -0.324623 0.000329917
       19991   -0.341928   -0.324624 0.000329901
       19992   -0.369126   -0.324626 0.000329892
       19993   -0.386745   -0.324629  0.00032989
       19994   -0.388352   -0.324632 0.000329889
       19995   -0.383948   -0.324635 0.000329886
       19996   -0.381535   -0.324638 0.000329882
       19997   -0.385025   -0.324641 0.000329879
       19998    -0.39491   -0.324645 0.000329882
       19999   -0.410743   -0.324649 0.000329893
       20000   -0.425025   -0.324654 0.000329915
