# best solutions
1, 17, 19, 8, 11, 21, 34, 32, 22, 20, 23, 4, 7, 3, 28, 27, 5, 13, 6, 31, 14, 25, 29, 30, 12, 16, 33, 2, 24, 26, 10, 9, 15, 18, 1,7.08233
1, 17, 19, 8, 11, 21, 34, 32, 22, 20, 23, 4, 7, 3, 28, 27, 5, 13, 6, 31, 14, 25, 29, 30, 12, 16, 33, 2, 24, 26, 10, 9, 15, 18, 1,7.08233
1, 20, 23, 4, 7, 21, 5, 28, 9, 16, 17, 19, 8, 11, 31, 34, 32, 22, 12, 25, 29, 6, 13, 10, 24, 14, 30, 33, 2, 26, 3, 27, 15, 18, 1,6.59153
1, 20, 23, 4, 7, 21, 5, 28, 9, 16, 17, 19, 8, 11, 31, 34, 32, 22, 12, 25, 29, 6, 13, 10, 24, 14, 30, 3, 27, 33, 2, 26, 15, 18, 1,6.31266
1, 9, 15, 18, 31, 14, 7, 4, 23, 20, 22, 32, 34, 13, 17, 19, 8, 11, 16, 12, 30, 29, 25, 6, 5, 27, 28, 3, 21, 33, 2, 24, 26, 10, 1,5.8393
1, 9, 14, 7, 4, 23, 20, 22, 32, 34, 13, 17, 19, 8, 11, 16, 12, 15, 18, 31, 30, 29, 25, 6, 5, 27, 28, 3, 21, 33, 2, 24, 26, 10, 1,5.57232
1, 9, 16, 33, 2, 15, 18, 31, 14, 7, 4, 23, 20, 22, 32, 34, 13, 29, 19, 28, 27, 5, 6, 25, 17, 30, 12, 11, 8, 3, 21, 24, 26, 10, 1,5.38847
1, 20, 23, 4, 31, 18, 15, 2, 33, 16, 9, 28, 5, 21, 7, 14, 22, 32, 34, 13, 29, 19, 27, 6, 25, 17, 30, 12, 11, 8, 3, 24, 26, 10, 1,5.1929
1, 20, 23, 4, 31, 18, 15, 2, 33, 16, 9, 28, 5, 29, 13, 34, 32, 22, 14, 7, 21, 19, 27, 6, 25, 17, 30, 12, 11, 8, 3, 24, 26, 10, 1,5.14857
1, 12, 16, 11, 8, 19, 17, 13, 3, 14, 31, 18, 15, 34, 7, 32, 22, 20, 23, 4, 21, 33, 2, 24, 26, 10, 9, 28, 27, 5, 6, 25, 29, 30, 1,5.09192
1, 20, 23, 4, 31, 18, 15, 2, 14, 16, 9, 28, 5, 29, 13, 34, 32, 22, 33, 7, 21, 19, 27, 6, 25, 17, 30, 12, 11, 10, 24, 3, 8, 26, 1,4.65409
1, 20, 23, 4, 31, 18, 15, 2, 14, 16, 9, 28, 5, 29, 13, 12, 30, 17, 25, 6, 27, 19, 21, 7, 33, 22, 32, 34, 11, 10, 24, 3, 8, 26, 1,4.68819
1, 20, 23, 34, 31, 18, 15, 2, 14, 16, 9, 28, 5, 29, 13, 4, 32, 22, 33, 7, 21, 19, 27, 6, 25, 17, 30, 12, 11, 10, 24, 26, 3, 8, 1,4.7127
1, 20, 23, 34, 31, 18, 15, 2, 14, 16, 9, 28, 5, 29, 13, 4, 32, 22, 33, 7, 21, 19, 27, 6, 25, 17, 30, 12, 26, 10, 24, 11, 3, 8, 1,4.41805
1, 20, 23, 30, 12, 11, 8, 24, 10, 26, 9, 28, 5, 29, 13, 3, 32, 22, 34, 14, 7, 21, 19, 27, 6, 25, 17, 33, 16, 4, 2, 18, 31, 15, 1,4.71098
1, 18, 31, 20, 32, 4, 30, 17, 25, 6, 27, 19, 21, 7, 34, 13, 29, 5, 28, 9, 16, 33, 2, 15, 14, 3, 23, 22, 12, 11, 8, 24, 10, 26, 1,4.30231
1, 20, 23, 4, 7, 30, 12, 11, 8, 24, 10, 26, 9, 28, 5, 29, 13, 3, 32, 22, 34, 14, 21, 19, 27, 6, 25, 17, 33, 16, 2, 18, 31, 15, 1,4.08174
1, 20, 23, 30, 12, 11, 8, 24, 10, 26, 9, 28, 5, 29, 13, 3, 32, 22, 34, 14, 4, 7, 21, 19, 27, 17, 25, 6, 16, 33, 2, 15, 18, 31, 1,3.99916
1, 20, 23, 4, 7, 14, 22, 30, 32, 34, 21, 19, 27, 5, 29, 13, 12, 17, 25, 6, 28, 9, 11, 8, 24, 10, 26, 3, 16, 33, 2, 15, 18, 31, 1,3.78448
1, 20, 23, 4, 7, 30, 12, 11, 3, 5, 29, 13, 28, 9, 26, 10, 24, 8, 14, 22, 32, 34, 21, 19, 27, 17, 25, 6, 16, 33, 2, 15, 18, 31, 1,3.92925
1, 20, 23, 4, 32, 22, 34, 30, 17, 25, 6, 11, 8, 24, 10, 26, 9, 28, 3, 16, 33, 2, 7, 14, 21, 19, 27, 5, 29, 13, 12, 15, 18, 31, 1,3.75089
1, 20, 23, 4, 32, 22, 34, 30, 17, 25, 6, 11, 8, 24, 10, 26, 9, 28, 3, 16, 33, 2, 7, 14, 21, 19, 27, 5, 29, 13, 12, 15, 18, 31, 1,3.75089
1, 20, 23, 4, 32, 22, 30, 7, 14, 12, 34, 17, 25, 6, 11, 8, 24, 10, 26, 9, 28, 3, 16, 33, 2, 21, 19, 27, 5, 29, 13, 15, 18, 31, 1,3.13459
1, 20, 23, 4, 32, 22, 30, 7, 14, 2, 33, 16, 17, 25, 6, 28, 9, 26, 10, 24, 8, 34, 21, 19, 27, 5, 29, 13, 3, 11, 12, 15, 18, 31, 1,3.07852
1, 20, 23, 4, 7, 30, 32, 22, 12, 14, 34, 17, 25, 6, 11, 8, 24, 10, 26, 9, 28, 3, 16, 33, 2, 21, 19, 27, 5, 29, 13, 15, 18, 31, 1,3.05795
1, 20, 7, 23, 4, 32, 22, 30, 14, 13, 29, 5, 27, 19, 21, 2, 33, 16, 3, 28, 9, 26, 10, 24, 8, 11, 6, 25, 17, 34, 12, 15, 18, 31, 1,2.8117
1, 20, 23, 4, 7, 30, 32, 22, 12, 34, 14, 17, 25, 6, 11, 8, 24, 10, 26, 9, 28, 3, 16, 33, 2, 21, 19, 27, 5, 29, 13, 15, 18, 31, 1,2.7115
1, 20, 23, 4, 7, 30, 32, 22, 12, 34, 2, 21, 14, 11, 3, 13, 19, 33, 16, 28, 5, 27, 29, 6, 25, 17, 9, 10, 24, 8, 26, 15, 18, 31, 1,3.08263
1, 20, 23, 4, 7, 32, 22, 30, 2, 21, 14, 12, 34, 17, 25, 6, 11, 8, 24, 10, 26, 9, 28, 3, 16, 33, 19, 27, 5, 29, 13, 15, 18, 31, 1,2.85578
1, 20, 23, 4, 7, 32, 22, 30, 2, 21, 14, 15, 13, 29, 5, 27, 19, 33, 16, 3, 28, 9, 26, 10, 24, 8, 11, 6, 25, 17, 34, 12, 18, 31, 1,2.80542
1, 20, 23, 4, 7, 32, 22, 30, 2, 33, 16, 3, 14, 13, 29, 5, 27, 19, 21, 34, 17, 25, 6, 28, 9, 26, 10, 11, 8, 24, 12, 15, 18, 31, 1,2.69191
1, 20, 23, 4, 32, 22, 7, 30, 2, 21, 14, 15, 13, 29, 5, 27, 19, 33, 16, 3, 28, 9, 26, 10, 24, 8, 11, 6, 25, 17, 34, 12, 18, 31, 1,2.7743
1, 20, 23, 4, 32, 22, 7, 30, 2, 21, 14, 15, 13, 29, 5, 27, 19, 33, 17, 3, 28, 9, 26, 10, 24, 8, 11, 6, 25, 16, 34, 12, 18, 31, 1,2.59556
1, 20, 23, 4, 32, 22, 7, 30, 2, 21, 14, 15, 13, 29, 5, 27, 19, 33, 17, 3, 28, 9, 26, 10, 24, 8, 11, 6, 25, 16, 34, 12, 18, 31, 1,2.59556
1, 20, 23, 4, 32, 22, 7, 30, 2, 21, 14, 15, 13, 29, 5, 27, 19, 33, 17, 3, 28, 9, 26, 10, 24, 8, 11, 6, 25, 16, 34, 12, 18, 31, 1,2.59556
1, 20, 23, 30, 7, 32, 4, 34, 17, 25, 6, 11, 8, 24, 10, 26, 9, 13, 22, 2, 33, 19, 27, 5, 29, 28, 3, 16, 21, 14, 15, 12, 18, 31, 1,2.88123
1, 20, 23, 4, 32, 14, 21, 2, 30, 7, 22, 15, 13, 29, 5, 27, 19, 33, 17, 3, 28, 9, 26, 10, 24, 8, 11, 6, 25, 16, 34, 12, 18, 31, 1,2.82451
1, 20, 23, 4, 7, 32, 22, 30, 2, 33, 16, 25, 13, 29, 5, 27, 19, 21, 34, 17, 3, 6, 28, 9, 11, 8, 24, 10, 26, 14, 12, 31, 18, 15, 1,2.83619
1, 20, 23, 4, 7, 32, 22, 30, 2, 33, 16, 25, 13, 29, 5, 27, 19, 21, 34, 17, 3, 6, 28, 9, 11, 8, 24, 10, 26, 14, 12, 31, 18, 15, 1,2.83619
1, 20, 23, 4, 7, 32, 22, 30, 2, 21, 14, 3, 13, 28, 15, 26, 10, 24, 8, 11, 6, 25, 29, 5, 27, 19, 33, 16, 9, 17, 34, 12, 18, 31, 1,2.6876
1, 20, 23, 4, 7, 32, 22, 30, 2, 21, 14, 3, 13, 28, 15, 26, 10, 24, 8, 11, 6, 25, 29, 5, 27, 19, 33, 16, 9, 17, 34, 12, 18, 31, 1,2.6876
1, 18, 31, 34, 16, 17, 33, 19, 27, 5, 29, 25, 6, 11, 8, 24, 10, 26, 15, 28, 13, 3, 14, 21, 2, 30, 22, 32, 7, 4, 23, 20, 9, 12, 1,2.6633
1, 20, 23, 4, 7, 32, 22, 30, 2, 33, 16, 27, 5, 29, 19, 21, 34, 3, 14, 13, 17, 25, 6, 28, 9, 26, 10, 11, 8, 24, 15, 12, 18, 31, 1,2.58618
1, 31, 18, 12, 15, 24, 8, 11, 10, 26, 9, 28, 6, 25, 17, 13, 14, 3, 34, 21, 19, 29, 5, 27, 16, 33, 2, 30, 22, 32, 7, 4, 23, 20, 1,2.58618
1, 31, 18, 12, 15, 24, 8, 11, 10, 26, 9, 28, 6, 25, 17, 13, 14, 3, 34, 21, 19, 29, 5, 27, 16, 33, 2, 30, 22, 32, 7, 4, 23, 20, 1,2.58618
1, 31, 18, 12, 15, 24, 8, 11, 10, 26, 9, 28, 6, 34, 16, 17, 33, 19, 27, 5, 29, 25, 13, 14, 3, 21, 2, 30, 22, 32, 7, 4, 23, 20, 1,2.37811
1, 18, 31, 34, 16, 17, 20, 23, 4, 7, 32, 22, 30, 2, 33, 27, 5, 29, 19, 21, 3, 14, 13, 25, 6, 28, 9, 26, 10, 11, 8, 24, 15, 12, 1,2.4472
1, 20, 23, 4, 7, 32, 22, 30, 2, 33, 16, 25, 27, 5, 29, 19, 17, 6, 28, 3, 14, 13, 21, 34, 9, 26, 10, 11, 8, 24, 15, 12, 18, 31, 1,2.53585
1, 20, 23, 4, 7, 32, 22, 30, 2, 33, 16, 25, 27, 5, 29, 19, 17, 6, 28, 3, 14, 13, 21, 34, 9, 26, 10, 11, 8, 24, 15, 18, 31, 12, 1,2.57485
1, 31, 18, 12, 15, 24, 8, 11, 10, 26, 9, 28, 6, 34, 16, 17, 33, 19, 27, 5, 29, 25, 13, 14, 3, 21, 2, 30, 22, 32, 7, 4, 23, 20, 1,2.37811
1, 20, 23, 4, 7, 32, 22, 30, 2, 33, 16, 25, 27, 5, 29, 19, 17, 6, 28, 3, 14, 13, 21, 34, 9, 26, 10, 11, 8, 24, 15, 18, 31, 12, 1,2.57485
1, 20, 23, 22, 7, 32, 4, 30, 2, 33, 19, 17, 6, 28, 9, 26, 10, 11, 8, 24, 16, 25, 27, 5, 29, 13, 14, 3, 34, 21, 15, 12, 18, 31, 1,2.49427
1, 20, 23, 22, 7, 32, 4, 30, 2, 33, 19, 17, 6, 28, 9, 26, 10, 11, 8, 24, 16, 25, 27, 5, 29, 13, 14, 3, 34, 21, 15, 12, 18, 31, 1,2.49427
1, 18, 31, 34, 16, 21, 14, 3, 13, 20, 23, 4, 7, 32, 22, 30, 2, 33, 17, 25, 27, 5, 29, 19, 6, 28, 9, 26, 10, 11, 8, 24, 15, 12, 1,2.64231
1, 18, 31, 34, 16, 17, 33, 19, 27, 5, 29, 25, 6, 11, 8, 24, 10, 26, 15, 28, 13, 3, 21, 20, 23, 4, 7, 32, 22, 30, 2, 14, 9, 12, 1,2.64352
1, 18, 31, 34, 16, 17, 33, 19, 27, 5, 29, 25, 6, 11, 8, 24, 10, 26, 15, 28, 13, 3, 21, 20, 23, 4, 7, 32, 22, 30, 2, 14, 9, 12, 1,2.64352
1, 18, 31, 34, 16, 17, 33, 19, 27, 5, 29, 25, 6, 11, 8, 24, 28, 13, 3, 21, 14, 10, 26, 15, 20, 23, 22, 4, 7, 32, 30, 2, 9, 12, 1,2.48365
1, 18, 31, 34, 16, 17, 33, 19, 27, 5, 29, 25, 6, 11, 8, 24, 10, 26, 15, 13, 28, 3, 14, 21, 20, 23, 22, 4, 7, 32, 30, 2, 9, 12, 1,2.67127
1, 18, 31, 34, 16, 17, 33, 19, 27, 5, 29, 25, 6, 11, 8, 24, 10, 26, 15, 28, 13, 3, 14, 21, 20, 23, 30, 4, 7, 32, 22, 2, 9, 12, 1,2.63071
1, 18, 31, 34, 16, 17, 33, 19, 27, 5, 29, 25, 6, 11, 8, 24, 10, 26, 15, 28, 13, 3, 14, 21, 20, 23, 30, 4, 7, 32, 22, 2, 9, 12, 1,2.63071
1, 18, 31, 34, 16, 17, 33, 19, 27, 5, 29, 25, 6, 11, 8, 24, 10, 26, 15, 13, 28, 3, 14, 21, 32, 23, 22, 20, 4, 7, 30, 2, 9, 12, 1,2.60505
1, 18, 31, 34, 2, 30, 32, 7, 4, 22, 23, 20, 21, 14, 3, 28, 13, 15, 26, 10, 24, 8, 11, 6, 25, 29, 5, 27, 19, 33, 17, 16, 9, 12, 1,2.52516
1, 18, 31, 34, 2, 30, 32, 7, 4, 22, 23, 20, 21, 14, 3, 28, 13, 15, 26, 10, 24, 8, 11, 6, 25, 29, 5, 27, 19, 33, 17, 16, 9, 12, 1,2.52516
1, 18, 31, 34, 2, 30, 32, 7, 4, 22, 23, 20, 21, 14, 3, 28, 13, 15, 26, 10, 24, 8, 11, 6, 25, 29, 5, 27, 19, 33, 17, 16, 9, 12, 1,2.52516
1, 18, 31, 34, 16, 17, 33, 19, 5, 27, 29, 25, 6, 11, 8, 24, 10, 26, 15, 13, 28, 3, 14, 21, 32, 23, 22, 20, 4, 7, 30, 2, 9, 12, 1,2.58383
1, 18, 31, 34, 16, 17, 33, 19, 29, 5, 27, 25, 6, 11, 8, 24, 10, 26, 15, 13, 28, 3, 14, 21, 32, 23, 22, 20, 4, 7, 30, 2, 9, 12, 1,2.49125
1, 18, 31, 34, 16, 13, 28, 3, 14, 21, 32, 20, 23, 2, 4, 7, 30, 22, 9, 17, 33, 19, 27, 5, 29, 25, 6, 11, 8, 24, 10, 26, 15, 12, 1,2.32985
1, 18, 31, 34, 16, 13, 28, 3, 14, 21, 32, 20, 23, 2, 4, 7, 30, 22, 17, 33, 19, 27, 5, 29, 25, 6, 11, 8, 24, 10, 26, 9, 15, 12, 1,2.16748
1, 18, 31, 34, 16, 13, 28, 3, 14, 21, 32, 20, 23, 2, 4, 7, 30, 22, 17, 33, 19, 27, 5, 29, 25, 6, 11, 8, 24, 10, 26, 9, 15, 12, 1,2.16748
1, 18, 31, 34, 16, 13, 28, 3, 14, 21, 32, 20, 23, 2, 4, 7, 30, 22, 17, 33, 19, 27, 5, 29, 25, 6, 11, 8, 24, 10, 26, 9, 15, 12, 1,2.16748
1, 12, 9, 15, 26, 10, 24, 8, 11, 6, 25, 29, 5, 27, 19, 33, 17, 22, 30, 7, 4, 2, 23, 20, 32, 21, 14, 3, 28, 13, 16, 34, 31, 18, 1,2.31934
1, 18, 31, 34, 16, 17, 33, 19, 29, 5, 27, 25, 6, 11, 8, 24, 10, 26, 13, 28, 3, 14, 21, 32, 20, 23, 2, 4, 7, 30, 22, 9, 15, 12, 1,2.38422
1, 18, 31, 34, 16, 17, 33, 19, 29, 27, 5, 25, 6, 11, 28, 13, 3, 15, 10, 24, 8, 26, 14, 21, 32, 23, 22, 20, 4, 7, 30, 2, 9, 12, 1,2.34675
1, 18, 31, 34, 16, 17, 33, 19, 29, 5, 27, 25, 6, 11, 26, 24, 10, 8, 13, 28, 3, 14, 21, 32, 20, 23, 2, 4, 7, 30, 22, 9, 15, 12, 1,2.33185
1, 18, 31, 34, 15, 10, 24, 8, 26, 14, 21, 32, 23, 22, 20, 4, 7, 30, 2, 16, 17, 33, 19, 27, 5, 29, 25, 6, 11, 28, 13, 3, 9, 12, 1,2.16103
1, 18, 31, 34, 15, 10, 24, 8, 26, 14, 21, 32, 23, 22, 20, 4, 7, 30, 2, 16, 17, 33, 19, 27, 5, 29, 25, 6, 11, 28, 13, 3, 9, 12, 1,2.16103
1, 18, 31, 34, 15, 10, 24, 8, 26, 14, 21, 32, 23, 22, 20, 4, 7, 30, 2, 16, 17, 33, 19, 27, 5, 29, 25, 6, 11, 28, 13, 3, 9, 12, 1,2.16103
1, 18, 31, 34, 15, 10, 24, 8, 26, 14, 21, 32, 23, 22, 20, 4, 7, 30, 2, 16, 17, 33, 19, 27, 5, 29, 25, 6, 11, 28, 13, 3, 9, 12, 1,2.16103
1, 18, 31, 34, 15, 10, 24, 8, 26, 14, 21, 17, 16, 2, 30, 7, 4, 20, 22, 23, 32, 33, 19, 27, 5, 29, 25, 6, 11, 28, 13, 3, 9, 12, 1,2.13098
1, 18, 31, 34, 15, 10, 24, 8, 26, 14, 21, 32, 23, 22, 20, 4, 7, 30, 2, 16, 17, 33, 19, 27, 5, 29, 25, 6, 11, 28, 13, 3, 9, 12, 1,2.16103
1, 18, 31, 34, 15, 10, 24, 8, 26, 14, 21, 32, 23, 22, 20, 4, 7, 30, 2, 16, 17, 33, 19, 27, 5, 29, 25, 6, 11, 28, 13, 3, 9, 12, 1,2.16103
1, 18, 31, 34, 15, 10, 24, 8, 26, 14, 21, 32, 23, 22, 20, 4, 7, 30, 2, 16, 17, 33, 19, 27, 5, 29, 25, 6, 11, 28, 13, 3, 9, 12, 1,2.16103
1, 18, 31, 34, 15, 10, 24, 8, 26, 14, 21, 32, 23, 22, 20, 4, 7, 30, 2, 16, 17, 33, 19, 29, 5, 27, 25, 6, 11, 28, 13, 3, 9, 12, 1,2.04724
1, 18, 31, 15, 26, 24, 10, 28, 13, 3, 8, 34, 14, 21, 32, 23, 22, 20, 4, 7, 30, 2, 16, 17, 33, 19, 29, 5, 27, 25, 6, 11, 9, 12, 1,2.27133
1, 18, 31, 34, 16, 17, 33, 19, 29, 5, 27, 25, 6, 11, 8, 24, 10, 28, 13, 3, 26, 15, 14, 21, 32, 23, 22, 20, 4, 7, 30, 2, 9, 12, 1,2.45809
1, 18, 12, 15, 26, 3, 13, 28, 10, 24, 8, 11, 6, 25, 27, 5, 29, 19, 33, 17, 9, 2, 30, 7, 4, 20, 22, 23, 32, 21, 14, 16, 34, 31, 1,2.33347
1, 18, 31, 34, 2, 30, 7, 4, 20, 22, 23, 32, 21, 14, 15, 26, 3, 13, 28, 10, 24, 8, 11, 6, 25, 27, 5, 29, 19, 33, 17, 16, 9, 12, 1,2.31198
1, 18, 31, 34, 26, 15, 14, 21, 32, 23, 22, 20, 4, 7, 30, 2, 9, 28, 13, 3, 16, 17, 33, 19, 29, 5, 27, 25, 6, 11, 8, 24, 10, 12, 1,2.2661
1, 18, 31, 34, 26, 15, 14, 21, 32, 23, 22, 20, 4, 7, 30, 2, 9, 28, 13, 3, 16, 17, 33, 19, 29, 5, 27, 25, 6, 11, 8, 24, 10, 12, 1,2.2661
1, 18, 31, 34, 16, 17, 33, 19, 29, 5, 27, 25, 6, 11, 8, 24, 10, 28, 13, 3, 2, 30, 7, 4, 20, 22, 23, 32, 21, 14, 15, 26, 9, 12, 1,2.19656
1, 18, 31, 34, 26, 15, 14, 21, 32, 23, 22, 20, 4, 7, 30, 2, 9, 28, 25, 27, 5, 29, 19, 33, 17, 16, 3, 13, 6, 11, 8, 24, 10, 12, 1,2.264
1, 18, 31, 34, 26, 15, 14, 21, 32, 23, 22, 20, 4, 7, 30, 2, 9, 28, 25, 27, 5, 29, 19, 33, 17, 16, 3, 13, 6, 11, 8, 24, 10, 12, 1,2.264
1, 18, 31, 34, 26, 12, 14, 21, 32, 23, 22, 20, 4, 7, 30, 2, 9, 28, 25, 27, 5, 29, 19, 33, 17, 16, 3, 13, 6, 11, 8, 24, 10, 15, 1,2.30129
1, 18, 31, 34, 16, 17, 21, 14, 15, 12, 3, 13, 28, 10, 24, 8, 11, 6, 25, 27, 5, 29, 19, 33, 32, 23, 22, 20, 4, 7, 30, 2, 9, 26, 1,2.35746
1, 18, 31, 34, 2, 30, 7, 4, 20, 22, 23, 32, 21, 14, 15, 26, 3, 13, 28, 11, 8, 24, 10, 6, 25, 27, 5, 29, 19, 33, 17, 16, 9, 12, 1,2.27154
1, 18, 31, 34, 2, 30, 7, 4, 20, 22, 23, 32, 33, 19, 29, 5, 27, 25, 6, 10, 24, 8, 11, 28, 13, 3, 26, 15, 14, 21, 17, 16, 9, 12, 1,2.24149
1, 18, 31, 34, 16, 17, 25, 27, 5, 29, 19, 33, 23, 22, 20, 4, 7, 30, 2, 32, 21, 14, 15, 12, 3, 13, 28, 10, 24, 8, 11, 6, 9, 26, 1,2.32108
1, 31, 34, 16, 17, 21, 14, 15, 12, 3, 13, 28, 10, 24, 8, 11, 6, 25, 27, 5, 29, 19, 33, 32, 23, 22, 20, 4, 7, 30, 2, 9, 26, 18, 1,2.35972
1, 18, 12, 31, 26, 9, 2, 30, 7, 4, 20, 22, 23, 32, 33, 19, 29, 5, 27, 25, 6, 11, 28, 10, 24, 8, 34, 13, 3, 16, 17, 21, 14, 15, 1,2.41507
1, 18, 12, 31, 26, 9, 6, 11, 8, 24, 10, 28, 13, 3, 15, 14, 21, 32, 2, 30, 7, 4, 20, 22, 23, 33, 19, 29, 5, 27, 25, 17, 16, 34, 1,2.36535
1, 18, 12, 31, 26, 9, 2, 30, 7, 4, 20, 22, 23, 32, 33, 19, 29, 5, 27, 25, 6, 11, 28, 10, 24, 8, 34, 13, 3, 16, 17, 21, 14, 15, 1,2.41507
1, 15, 14, 21, 17, 16, 3, 13, 34, 8, 24, 10, 28, 11, 6, 25, 27, 5, 29, 19, 33, 32, 23, 22, 20, 4, 7, 30, 2, 9, 26, 31, 12, 18, 1,2.41507
1, 31, 12, 18, 26, 9, 2, 30, 7, 4, 20, 22, 23, 32, 33, 19, 29, 5, 27, 25, 6, 11, 28, 10, 24, 8, 34, 13, 3, 16, 17, 21, 14, 15, 1,2.34811
1, 18, 12, 31, 26, 9, 2, 30, 7, 4, 20, 22, 23, 32, 33, 19, 29, 5, 27, 25, 6, 11, 28, 10, 24, 8, 34, 13, 3, 16, 17, 21, 14, 15, 1,2.41507
1, 18, 12, 31, 34, 26, 9, 2, 21, 14, 15, 3, 17, 13, 16, 20, 7, 4, 30, 22, 23, 32, 33, 19, 29, 5, 27, 25, 6, 11, 28, 10, 24, 8, 1,2.53367
1, 18, 12, 31, 34, 26, 9, 2, 21, 14, 15, 3, 17, 13, 16, 20, 7, 4, 30, 22, 23, 32, 33, 19, 29, 5, 27, 25, 6, 11, 28, 10, 24, 8, 1,2.53367
1, 18, 12, 31, 34, 26, 9, 15, 2, 21, 14, 3, 17, 13, 16, 20, 7, 4, 30, 22, 23, 32, 33, 19, 29, 5, 27, 25, 6, 11, 28, 10, 24, 8, 1,2.34355
1, 18, 12, 31, 34, 9, 26, 15, 2, 21, 14, 22, 20, 30, 7, 4, 23, 32, 33, 19, 29, 5, 27, 25, 6, 11, 28, 10, 3, 17, 13, 16, 24, 8, 1,2.43314
1, 18, 12, 31, 34, 26, 9, 16, 13, 17, 3, 15, 14, 21, 2, 20, 7, 4, 30, 22, 23, 32, 33, 19, 29, 5, 27, 25, 6, 11, 28, 10, 24, 8, 1,2.15416
1, 18, 12, 31, 34, 26, 9, 2, 21, 14, 8, 24, 10, 28, 11, 6, 25, 27, 5, 29, 19, 33, 32, 23, 22, 30, 4, 7, 20, 16, 13, 17, 3, 15, 1,2.38141
1, 18, 12, 31, 34, 26, 9, 20, 7, 4, 30, 22, 23, 32, 33, 2, 21, 14, 15, 3, 17, 13, 16, 19, 29, 5, 27, 25, 6, 11, 28, 8, 24, 10, 1,2.45896
1, 18, 12, 31, 34, 26, 9, 2, 21, 14, 3, 17, 13, 16, 20, 7, 4, 30, 22, 23, 32, 33, 19, 29, 5, 27, 25, 6, 11, 28, 10, 24, 8, 15, 1,2.24508
1, 18, 12, 31, 34, 26, 9, 2, 21, 14, 15, 3, 17, 13, 16, 22, 7, 4, 30, 20, 23, 32, 33, 19, 29, 5, 27, 25, 6, 11, 28, 10, 24, 8, 1,2.42113
1, 18, 12, 31, 34, 26, 9, 2, 21, 14, 15, 3, 17, 13, 16, 22, 7, 4, 30, 20, 23, 32, 33, 19, 29, 5, 27, 25, 6, 11, 28, 10, 24, 8, 1,2.42113
1, 18, 12, 15, 3, 17, 13, 16, 20, 7, 4, 30, 22, 23, 32, 33, 19, 29, 5, 27, 25, 6, 11, 28, 10, 24, 8, 14, 21, 2, 9, 26, 34, 31, 1,2.3453
1, 18, 31, 12, 34, 26, 11, 28, 8, 15, 9, 2, 21, 14, 3, 17, 13, 16, 22, 7, 4, 30, 20, 23, 32, 33, 19, 29, 5, 27, 25, 6, 24, 10, 1,2.29473
1, 18, 12, 31, 34, 26, 9, 3, 15, 14, 21, 2, 17, 13, 16, 22, 7, 4, 30, 20, 23, 32, 33, 19, 29, 5, 27, 25, 6, 11, 24, 28, 10, 8, 1,2.29125
1, 18, 12, 31, 34, 26, 9, 3, 15, 14, 21, 2, 17, 13, 16, 22, 7, 4, 30, 20, 23, 32, 33, 19, 29, 5, 27, 25, 6, 11, 28, 10, 24, 8, 1,2.26729
1, 18, 12, 31, 34, 26, 9, 3, 15, 14, 21, 2, 17, 13, 16, 22, 7, 4, 30, 20, 23, 32, 33, 19, 29, 5, 27, 25, 6, 11, 28, 10, 24, 8, 1,2.26729
1, 18, 12, 31, 34, 26, 9, 3, 15, 14, 21, 2, 17, 13, 16, 22, 7, 4, 30, 20, 23, 32, 33, 19, 29, 5, 27, 25, 6, 11, 28, 10, 24, 8, 1,2.26729
1, 18, 12, 31, 34, 26, 9, 3, 15, 14, 21, 2, 17, 13, 16, 22, 7, 4, 30, 20, 23, 32, 33, 19, 29, 27, 5, 25, 6, 11, 24, 28, 10, 8, 1,2.20333
1, 18, 31, 12, 34, 26, 9, 2, 21, 14, 15, 3, 16, 13, 17, 22, 7, 4, 30, 20, 23, 32, 33, 19, 29, 5, 27, 25, 6, 28, 11, 8, 24, 10, 1,2.09806
1, 18, 31, 12, 34, 26, 9, 11, 28, 8, 15, 14, 21, 2, 3, 17, 13, 16, 22, 7, 4, 30, 20, 23, 32, 33, 19, 29, 5, 27, 25, 6, 24, 10, 1,2.23959
1, 18, 31, 12, 34, 26, 9, 11, 28, 8, 15, 14, 3, 2, 21, 17, 13, 16, 22, 7, 4, 30, 20, 23, 32, 33, 19, 29, 5, 27, 25, 6, 24, 10, 1,2.21698
1, 18, 31, 12, 34, 26, 9, 28, 11, 8, 15, 14, 21, 2, 3, 17, 13, 16, 22, 7, 4, 30, 20, 23, 32, 33, 19, 29, 5, 27, 25, 6, 24, 10, 1,2.21653
1, 18, 31, 12, 34, 26, 9, 28, 11, 8, 15, 14, 21, 2, 3, 17, 13, 16, 22, 7, 4, 30, 20, 23, 32, 33, 19, 29, 5, 27, 25, 6, 24, 10, 1,2.21653
1, 18, 31, 12, 34, 26, 9, 14, 21, 2, 22, 16, 13, 17, 3, 7, 4, 30, 20, 23, 32, 33, 19, 29, 5, 27, 25, 6, 24, 10, 11, 28, 8, 15, 1,2.18965
1, 18, 31, 12, 34, 26, 9, 11, 28, 3, 17, 13, 16, 8, 15, 14, 21, 2, 22, 7, 4, 30, 20, 23, 32, 33, 19, 29, 5, 27, 25, 6, 24, 10, 1,2.11997
1, 18, 31, 12, 34, 26, 9, 28, 11, 8, 15, 14, 21, 2, 3, 17, 13, 16, 22, 7, 4, 30, 20, 23, 32, 33, 19, 29, 5, 27, 25, 6, 24, 10, 1,2.21653
1, 18, 31, 12, 34, 26, 9, 11, 28, 8, 15, 14, 21, 2, 3, 17, 13, 16, 22, 20, 7, 4, 30, 23, 32, 33, 19, 29, 5, 27, 25, 6, 24, 10, 1,2.2117
1, 18, 31, 12, 34, 26, 9, 11, 28, 8, 15, 14, 21, 2, 3, 17, 13, 16, 22, 20, 7, 4, 30, 23, 32, 33, 19, 29, 5, 27, 25, 6, 24, 10, 1,2.2117
1, 18, 31, 12, 34, 26, 9, 28, 11, 8, 15, 14, 21, 2, 3, 16, 13, 17, 22, 7, 4, 30, 20, 23, 32, 33, 19, 29, 5, 27, 25, 6, 24, 10, 1,2.16263
1, 18, 31, 12, 34, 26, 9, 28, 11, 8, 15, 14, 21, 2, 3, 17, 13, 16, 22, 7, 30, 4, 20, 23, 32, 33, 19, 29, 5, 27, 25, 6, 24, 10, 1,2.15673
1, 18, 31, 12, 34, 26, 9, 28, 11, 8, 15, 14, 21, 2, 3, 16, 13, 17, 22, 20, 4, 30, 7, 23, 32, 33, 19, 29, 5, 27, 25, 6, 24, 10, 1,2.08762
1, 18, 31, 12, 34, 26, 9, 28, 11, 8, 15, 14, 21, 2, 3, 16, 13, 17, 22, 20, 4, 30, 7, 23, 32, 33, 19, 29, 5, 27, 25, 6, 24, 10, 1,2.08762
1, 18, 31, 12, 34, 26, 9, 28, 6, 25, 27, 5, 29, 19, 33, 32, 23, 20, 4, 30, 7, 22, 16, 13, 17, 3, 2, 21, 14, 15, 8, 11, 24, 10, 1,2.04068
1, 18, 31, 12, 34, 26, 9, 28, 11, 8, 15, 14, 21, 2, 3, 16, 13, 17, 22, 7, 4, 30, 20, 23, 32, 33, 19, 29, 27, 5, 25, 6, 24, 10, 1,2.07472
1, 18, 31, 12, 34, 26, 9, 28, 11, 8, 15, 14, 17, 13, 16, 3, 2, 21, 22, 7, 4, 30, 20, 23, 32, 33, 19, 29, 5, 27, 25, 6, 24, 10, 1,2.02032
1, 18, 31, 12, 34, 26, 9, 28, 11, 8, 15, 14, 17, 13, 16, 3, 2, 21, 22, 7, 4, 30, 20, 23, 32, 33, 19, 29, 5, 27, 25, 6, 24, 10, 1,2.02032
1, 18, 31, 12, 34, 26, 9, 28, 11, 8, 15, 14, 17, 13, 16, 3, 2, 21, 22, 7, 4, 30, 20, 23, 32, 33, 19, 29, 5, 27, 25, 6, 24, 10, 1,2.02032
1, 18, 31, 12, 34, 26, 9, 28, 11, 8, 15, 14, 17, 13, 16, 3, 2, 21, 22, 7, 4, 30, 20, 23, 32, 33, 19, 29, 5, 27, 25, 6, 24, 10, 1,2.02032
1, 18, 31, 12, 34, 26, 9, 28, 11, 8, 15, 14, 17, 13, 16, 3, 2, 21, 22, 7, 4, 30, 20, 23, 32, 33, 19, 29, 5, 27, 25, 6, 24, 10, 1,2.02032
1, 18, 31, 12, 34, 26, 9, 28, 11, 8, 15, 14, 17, 13, 16, 3, 2, 21, 22, 7, 4, 30, 20, 23, 32, 33, 19, 29, 5, 27, 25, 6, 24, 10, 1,2.02032
1, 18, 31, 12, 34, 26, 9, 28, 11, 8, 15, 14, 17, 13, 16, 3, 2, 21, 22, 7, 4, 30, 20, 23, 32, 33, 19, 29, 5, 27, 25, 6, 24, 10, 1,2.02032
1, 18, 31, 12, 34, 15, 26, 9, 28, 11, 8, 14, 21, 2, 17, 16, 13, 3, 22, 7, 4, 30, 20, 23, 32, 33, 19, 29, 5, 27, 25, 6, 24, 10, 1,2.01665
1, 18, 31, 12, 34, 15, 26, 9, 28, 11, 8, 6, 25, 27, 5, 29, 19, 33, 32, 23, 20, 30, 4, 7, 22, 21, 2, 3, 16, 13, 17, 14, 24, 10, 1,1.97306
1, 18, 31, 12, 34, 15, 26, 9, 28, 11, 8, 6, 25, 27, 5, 29, 19, 33, 32, 23, 20, 30, 4, 7, 22, 21, 2, 14, 16, 13, 17, 3, 24, 10, 1,1.91773
1, 18, 31, 12, 34, 15, 26, 9, 28, 11, 8, 6, 25, 27, 5, 29, 19, 33, 32, 23, 20, 30, 4, 7, 22, 21, 2, 14, 17, 13, 16, 3, 24, 10, 1,1.91645
1, 18, 31, 12, 34, 15, 26, 8, 11, 28, 9, 14, 17, 13, 16, 3, 2, 21, 22, 7, 4, 30, 20, 23, 32, 33, 19, 29, 5, 27, 25, 6, 24, 10, 1,1.79672
1, 18, 31, 12, 34, 15, 26, 8, 11, 28, 9, 14, 21, 2, 17, 16, 13, 3, 22, 7, 4, 30, 20, 23, 32, 33, 19, 29, 5, 27, 25, 6, 24, 10, 1,1.92424
1, 18, 31, 12, 34, 15, 26, 8, 11, 28, 9, 14, 21, 2, 17, 13, 16, 3, 22, 7, 4, 30, 20, 23, 32, 33, 19, 29, 5, 27, 25, 6, 24, 10, 1,1.9153
1, 18, 31, 12, 34, 15, 26, 8, 11, 28, 9, 14, 21, 2, 17, 16, 13, 3, 22, 7, 4, 30, 20, 23, 32, 33, 19, 29, 5, 27, 25, 6, 24, 10, 1,1.92424
1, 18, 31, 12, 34, 15, 26, 8, 11, 28, 9, 14, 21, 2, 17, 16, 13, 3, 22, 7, 4, 30, 20, 23, 32, 33, 19, 29, 5, 27, 25, 6, 24, 10, 1,1.92424
1, 18, 31, 12, 34, 15, 26, 8, 11, 28, 9, 14, 21, 2, 17, 16, 13, 3, 22, 7, 4, 30, 20, 23, 32, 33, 19, 29, 5, 27, 25, 6, 24, 10, 1,1.92424
1, 18, 31, 12, 34, 15, 26, 8, 11, 28, 9, 14, 17, 13, 16, 3, 2, 21, 22, 7, 4, 30, 20, 23, 32, 33, 19, 29, 5, 27, 25, 6, 24, 10, 1,1.79672
1, 18, 31, 12, 34, 26, 9, 28, 11, 10, 8, 24, 6, 25, 27, 5, 29, 19, 33, 32, 23, 20, 30, 4, 7, 22, 21, 2, 3, 16, 13, 17, 14, 15, 1,1.74682
1, 18, 31, 12, 34, 9, 14, 17, 13, 16, 3, 2, 21, 22, 7, 4, 30, 20, 23, 32, 33, 19, 29, 5, 27, 25, 6, 24, 10, 28, 11, 8, 26, 15, 1,1.73301
1, 18, 31, 12, 34, 26, 9, 28, 11, 8, 10, 24, 6, 25, 27, 5, 29, 19, 33, 32, 23, 20, 30, 4, 7, 22, 21, 2, 3, 16, 13, 17, 14, 15, 1,1.76544
1, 18, 31, 12, 34, 26, 9, 28, 11, 8, 10, 24, 6, 25, 27, 5, 29, 19, 33, 32, 23, 20, 30, 4, 7, 22, 21, 2, 3, 16, 13, 17, 14, 15, 1,1.76544
1, 18, 31, 12, 34, 26, 9, 28, 11, 8, 10, 24, 6, 25, 27, 5, 29, 19, 33, 32, 23, 20, 30, 4, 7, 22, 21, 2, 3, 16, 13, 17, 14, 15, 1,1.76544
1, 18, 31, 12, 34, 26, 9, 28, 11, 8, 10, 24, 6, 25, 27, 5, 29, 19, 33, 32, 23, 20, 30, 4, 7, 22, 21, 2, 3, 16, 13, 17, 14, 15, 1,1.76544
1, 18, 31, 12, 34, 26, 9, 28, 11, 8, 10, 24, 6, 25, 27, 5, 29, 19, 33, 32, 23, 20, 30, 4, 7, 22, 21, 2, 3, 16, 13, 17, 14, 15, 1,1.76544
1, 18, 31, 12, 34, 26, 9, 28, 11, 8, 10, 24, 6, 25, 27, 5, 29, 19, 33, 32, 23, 20, 30, 4, 7, 22, 21, 2, 3, 16, 13, 17, 14, 15, 1,1.76544
1, 18, 31, 12, 34, 26, 9, 28, 11, 8, 10, 24, 6, 25, 27, 5, 29, 19, 33, 32, 23, 20, 30, 4, 7, 22, 21, 2, 3, 16, 13, 17, 14, 15, 1,1.76544
1, 18, 31, 12, 34, 26, 9, 28, 11, 8, 10, 24, 6, 25, 27, 5, 29, 19, 33, 32, 23, 20, 30, 4, 7, 22, 21, 2, 3, 16, 13, 17, 14, 15, 1,1.76544
1, 18, 31, 12, 34, 26, 9, 28, 11, 8, 10, 24, 6, 25, 27, 5, 29, 19, 33, 32, 23, 20, 30, 4, 7, 22, 21, 2, 3, 16, 13, 17, 14, 15, 1,1.76544
1, 18, 31, 12, 34, 26, 9, 28, 11, 8, 10, 24, 6, 25, 27, 5, 29, 19, 33, 32, 23, 20, 30, 4, 7, 22, 21, 2, 3, 16, 13, 17, 14, 15, 1,1.76544
1, 18, 31, 12, 15, 14, 13, 17, 16, 3, 2, 21, 22, 7, 4, 30, 20, 23, 32, 33, 19, 29, 5, 27, 25, 6, 24, 10, 8, 11, 28, 9, 26, 34, 1,1.80293
1, 18, 31, 12, 15, 14, 13, 17, 16, 3, 2, 21, 22, 7, 4, 30, 20, 23, 32, 33, 19, 29, 5, 27, 25, 6, 24, 10, 8, 11, 28, 9, 26, 34, 1,1.80293
1, 18, 31, 12, 34, 15, 26, 8, 11, 28, 9, 14, 21, 2, 17, 16, 13, 3, 22, 20, 4, 7, 30, 23, 32, 33, 19, 29, 5, 27, 25, 6, 24, 10, 1,1.85129
1, 18, 31, 12, 34, 15, 26, 10, 24, 6, 25, 27, 5, 29, 19, 33, 32, 23, 30, 7, 4, 20, 22, 14, 13, 16, 17, 2, 21, 3, 9, 28, 11, 8, 1,1.83185
1, 18, 31, 12, 34, 15, 26, 10, 24, 6, 25, 27, 5, 29, 19, 33, 32, 23, 30, 7, 4, 20, 22, 14, 13, 16, 17, 2, 21, 3, 9, 28, 11, 8, 1,1.83185
1, 18, 31, 12, 34, 15, 26, 10, 24, 6, 25, 27, 5, 29, 19, 33, 32, 23, 30, 7, 4, 20, 22, 14, 13, 16, 17, 2, 21, 3, 9, 28, 11, 8, 1,1.83185
1, 18, 31, 12, 34, 15, 26, 10, 24, 6, 25, 27, 5, 29, 19, 33, 32, 23, 30, 7, 4, 20, 22, 14, 13, 16, 17, 2, 21, 3, 9, 28, 11, 8, 1,1.83185
1, 18, 31, 12, 34, 15, 26, 10, 24, 6, 25, 27, 5, 29, 19, 33, 32, 23, 30, 7, 4, 20, 22, 14, 13, 16, 17, 2, 21, 3, 9, 28, 11, 8, 1,1.83185
1, 31, 18, 10, 24, 6, 25, 27, 5, 29, 19, 33, 32, 23, 30, 7, 4, 20, 22, 3, 13, 16, 17, 2, 21, 14, 9, 28, 11, 8, 26, 15, 34, 12, 1,1.84897
1, 12, 34, 15, 26, 8, 11, 28, 9, 14, 21, 2, 17, 16, 13, 3, 22, 20, 4, 7, 30, 23, 32, 33, 19, 29, 5, 27, 25, 6, 24, 10, 18, 31, 1,1.84897
1, 12, 34, 15, 26, 8, 11, 28, 9, 14, 21, 2, 17, 16, 13, 3, 22, 20, 4, 7, 30, 23, 32, 33, 19, 29, 5, 27, 25, 6, 24, 10, 18, 31, 1,1.84897
1, 12, 34, 15, 26, 8, 11, 28, 9, 14, 21, 2, 17, 16, 13, 3, 22, 20, 4, 7, 30, 23, 32, 33, 19, 29, 5, 27, 25, 6, 24, 10, 18, 31, 1,1.84897
1, 18, 31, 12, 34, 15, 26, 8, 11, 28, 9, 14, 21, 2, 17, 16, 13, 3, 22, 20, 4, 7, 30, 23, 32, 33, 19, 29, 5, 27, 25, 6, 24, 10, 1,1.85129
1, 18, 31, 12, 34, 15, 26, 8, 11, 28, 9, 14, 21, 2, 17, 16, 13, 3, 22, 20, 4, 7, 30, 23, 32, 33, 19, 29, 5, 27, 25, 6, 24, 10, 1,1.85129
1, 18, 31, 12, 34, 15, 26, 8, 11, 28, 9, 14, 21, 2, 17, 16, 13, 3, 22, 20, 4, 7, 30, 23, 32, 33, 19, 29, 5, 27, 25, 6, 24, 10, 1,1.85129
1, 18, 31, 12, 34, 15, 26, 8, 11, 28, 9, 14, 21, 2, 17, 16, 13, 3, 22, 20, 4, 7, 30, 23, 32, 33, 19, 29, 5, 27, 25, 6, 24, 10, 1,1.85129
1, 18, 31, 12, 34, 15, 26, 10, 11, 28, 9, 14, 21, 2, 17, 16, 13, 3, 22, 20, 4, 7, 30, 23, 32, 33, 19, 29, 5, 27, 25, 6, 24, 8, 1,1.80548
1, 18, 31, 12, 34, 15, 26, 8, 11, 28, 9, 14, 21, 2, 17, 16, 13, 3, 22, 20, 4, 7, 30, 23, 32, 33, 19, 29, 5, 27, 25, 6, 24, 10, 1,1.85129
1, 18, 31, 12, 34, 15, 26, 8, 11, 28, 9, 14, 21, 2, 17, 16, 13, 3, 22, 20, 4, 7, 30, 23, 32, 33, 19, 29, 5, 27, 25, 6, 24, 10, 1,1.85129
1, 18, 31, 12, 34, 15, 26, 8, 11, 28, 9, 14, 21, 2, 17, 16, 13, 3, 22, 20, 4, 7, 30, 23, 32, 33, 19, 29, 5, 27, 25, 6, 24, 10, 1,1.85129
1, 18, 31, 12, 34, 15, 26, 8, 11, 28, 9, 14, 2, 21, 17, 16, 13, 3, 22, 20, 4, 7, 30, 23, 32, 33, 19, 29, 5, 27, 25, 6, 24, 10, 1,1.85673
1, 18, 31, 12, 34, 15, 26, 8, 11, 28, 9, 14, 2, 21, 17, 16, 13, 3, 22, 20, 4, 7, 30, 23, 32, 33, 19, 29, 5, 27, 25, 6, 24, 10, 1,1.85673
1, 18, 31, 12, 34, 15, 26, 8, 11, 28, 9, 14, 2, 21, 17, 16, 13, 3, 22, 20, 4, 7, 30, 23, 32, 33, 19, 29, 5, 27, 25, 6, 24, 10, 1,1.85673
1, 18, 31, 12, 34, 15, 26, 8, 11, 28, 9, 14, 2, 21, 17, 16, 13, 3, 22, 20, 4, 7, 30, 23, 32, 33, 19, 29, 5, 27, 25, 6, 24, 10, 1,1.85673
1, 18, 31, 12, 20, 15, 34, 26, 8, 11, 28, 9, 14, 21, 2, 17, 16, 13, 3, 22, 4, 7, 30, 23, 32, 33, 19, 29, 5, 27, 25, 6, 24, 10, 1,1.96974
1, 18, 31, 12, 20, 15, 34, 26, 8, 11, 28, 9, 14, 21, 2, 17, 16, 13, 3, 22, 4, 7, 30, 23, 32, 33, 19, 29, 5, 27, 25, 6, 24, 10, 1,1.96974
1, 18, 31, 12, 20, 15, 34, 26, 8, 11, 28, 9, 14, 21, 2, 17, 16, 13, 3, 22, 4, 7, 30, 23, 32, 33, 19, 29, 5, 27, 25, 6, 24, 10, 1,1.96974
1, 18, 31, 12, 20, 15, 34, 26, 8, 11, 28, 9, 3, 13, 16, 17, 2, 21, 14, 22, 4, 7, 30, 23, 32, 33, 19, 29, 5, 27, 25, 6, 24, 10, 1,1.91672
1, 18, 31, 12, 20, 15, 34, 26, 8, 11, 28, 9, 3, 13, 16, 17, 2, 21, 14, 22, 4, 7, 30, 23, 32, 33, 19, 29, 5, 27, 25, 6, 24, 10, 1,1.91672
1, 18, 15, 20, 12, 31, 34, 26, 8, 11, 28, 13, 14, 21, 2, 17, 16, 9, 3, 22, 4, 7, 30, 23, 32, 33, 19, 29, 5, 27, 25, 6, 24, 10, 1,2.01549
1, 18, 15, 20, 12, 31, 34, 26, 8, 11, 28, 13, 14, 21, 2, 17, 16, 9, 3, 22, 4, 7, 30, 23, 32, 33, 19, 29, 5, 27, 25, 6, 24, 10, 1,2.01549
1, 18, 31, 15, 20, 12, 34, 26, 8, 11, 28, 9, 14, 2, 21, 17, 13, 16, 3, 22, 4, 7, 30, 23, 32, 33, 19, 29, 5, 27, 25, 6, 24, 10, 1,1.9913
1, 18, 31, 15, 12, 34, 26, 8, 11, 28, 9, 14, 2, 21, 17, 16, 13, 3, 22, 20, 4, 7, 30, 23, 32, 33, 19, 29, 5, 27, 25, 6, 24, 10, 1,1.88086
1, 18, 31, 15, 12, 34, 26, 8, 11, 28, 9, 14, 2, 21, 17, 16, 13, 3, 22, 20, 4, 7, 30, 23, 32, 33, 19, 29, 5, 27, 25, 6, 24, 10, 1,1.88086
1, 18, 31, 15, 12, 34, 26, 8, 11, 28, 9, 14, 2, 21, 17, 16, 13, 3, 22, 20, 4, 7, 30, 23, 32, 33, 19, 29, 5, 27, 25, 6, 24, 10, 1,1.88086
1, 18, 31, 15, 20, 12, 34, 26, 8, 11, 28, 9, 14, 2, 21, 17, 13, 16, 3, 22, 4, 7, 30, 23, 32, 33, 19, 29, 5, 27, 25, 6, 24, 10, 1,1.9913
1, 18, 31, 15, 20, 12, 34, 26, 8, 11, 28, 9, 14, 3, 16, 13, 17, 21, 2, 22, 4, 7, 32, 23, 30, 33, 19, 29, 5, 27, 25, 6, 24, 10, 1,1.79814
1, 18, 31, 15, 20, 12, 34, 26, 8, 11, 28, 9, 14, 3, 16, 13, 17, 21, 2, 22, 4, 7, 30, 23, 32, 33, 19, 29, 5, 27, 25, 6, 24, 10, 1,1.76905
1, 18, 31, 15, 20, 12, 34, 26, 8, 11, 28, 9, 14, 3, 16, 13, 17, 21, 2, 22, 4, 7, 30, 23, 32, 33, 19, 29, 5, 27, 25, 6, 24, 10, 1,1.76905
1, 18, 31, 15, 20, 12, 34, 26, 8, 11, 28, 9, 14, 3, 16, 13, 17, 21, 2, 22, 4, 7, 30, 32, 23, 33, 19, 29, 5, 27, 25, 6, 24, 10, 1,1.79145
1, 18, 31, 15, 20, 12, 34, 26, 8, 11, 28, 9, 14, 3, 16, 13, 17, 21, 2, 22, 4, 7, 30, 32, 23, 33, 19, 29, 5, 27, 25, 6, 24, 10, 1,1.79145
1, 18, 31, 15, 20, 12, 34, 26, 8, 11, 28, 9, 14, 3, 16, 13, 17, 21, 2, 22, 4, 7, 30, 32, 23, 33, 19, 29, 27, 5, 25, 6, 24, 10, 1,1.70354
1, 18, 31, 15, 20, 12, 34, 26, 8, 11, 28, 9, 14, 3, 16, 13, 17, 21, 2, 22, 4, 7, 30, 32, 23, 33, 19, 29, 27, 5, 25, 6, 24, 10, 1,1.70354
1, 18, 31, 15, 20, 12, 34, 26, 8, 11, 28, 9, 14, 3, 16, 13, 17, 21, 2, 22, 4, 7, 30, 23, 32, 33, 19, 29, 5, 27, 25, 6, 24, 10, 1,1.76905
1, 18, 31, 12, 15, 20, 34, 26, 8, 11, 28, 9, 14, 3, 16, 13, 17, 21, 2, 22, 4, 7, 30, 23, 32, 33, 19, 29, 5, 27, 25, 6, 24, 10, 1,1.74963
1, 18, 31, 12, 15, 20, 34, 26, 8, 11, 28, 9, 14, 3, 16, 13, 17, 21, 2, 22, 4, 7, 30, 23, 32, 33, 19, 29, 5, 27, 25, 6, 24, 10, 1,1.74963
1, 18, 31, 12, 15, 20, 34, 26, 8, 11, 28, 9, 14, 3, 16, 13, 17, 21, 2, 22, 4, 7, 30, 23, 32, 33, 19, 29, 5, 27, 25, 6, 24, 10, 1,1.74963
1, 18, 31, 12, 15, 20, 34, 26, 8, 11, 28, 9, 14, 3, 16, 13, 17, 21, 2, 22, 4, 7, 30, 23, 32, 33, 19, 29, 5, 27, 25, 6, 24, 10, 1,1.74963
1, 18, 31, 12, 15, 20, 34, 26, 8, 11, 28, 9, 14, 3, 16, 13, 17, 21, 2, 22, 4, 7, 30, 23, 32, 33, 19, 29, 5, 27, 25, 6, 24, 10, 1,1.74963
1, 18, 31, 12, 15, 20, 34, 26, 8, 11, 28, 9, 14, 3, 16, 13, 17, 21, 2, 22, 4, 7, 30, 23, 32, 33, 19, 29, 5, 27, 25, 6, 24, 10, 1,1.74963
1, 18, 31, 12, 15, 20, 34, 26, 8, 11, 28, 9, 14, 3, 16, 13, 17, 21, 2, 22, 4, 7, 30, 23, 32, 33, 19, 29, 5, 27, 25, 6, 24, 10, 1,1.74963
1, 18, 31, 12, 15, 20, 34, 26, 8, 11, 28, 9, 14, 3, 16, 13, 17, 21, 2, 22, 4, 7, 30, 23, 32, 33, 19, 29, 5, 27, 25, 6, 24, 10, 1,1.74963
1, 18, 31, 12, 15, 20, 34, 26, 8, 11, 28, 9, 14, 3, 16, 13, 17, 21, 2, 22, 4, 7, 30, 23, 32, 33, 19, 29, 5, 27, 25, 6, 24, 10, 1,1.74963
1, 18, 31, 12, 15, 20, 34, 26, 8, 11, 28, 9, 14, 3, 16, 13, 17, 21, 2, 22, 4, 7, 30, 23, 32, 33, 19, 29, 5, 27, 25, 6, 24, 10, 1,1.74963
1, 18, 31, 12, 15, 20, 34, 26, 8, 11, 28, 9, 14, 3, 16, 13, 17, 21, 2, 22, 4, 7, 30, 23, 32, 33, 19, 29, 5, 27, 25, 6, 24, 10, 1,1.74963
1, 10, 24, 6, 25, 27, 5, 29, 19, 33, 32, 23, 30, 7, 4, 22, 2, 21, 17, 13, 16, 3, 14, 9, 28, 11, 8, 26, 34, 20, 15, 12, 31, 18, 1,1.74963
1, 18, 31, 12, 15, 20, 34, 26, 8, 11, 28, 9, 14, 3, 16, 13, 17, 21, 2, 22, 4, 7, 30, 23, 32, 33, 19, 29, 5, 27, 25, 6, 24, 10, 1,1.74963
1, 18, 31, 12, 15, 20, 34, 26, 10, 24, 6, 25, 27, 5, 29, 19, 33, 30, 7, 23, 4, 32, 22, 2, 21, 17, 13, 16, 3, 14, 9, 28, 11, 8, 1,1.71758
1, 31, 12, 15, 20, 34, 26, 8, 11, 28, 9, 14, 3, 16, 13, 17, 21, 2, 22, 23, 30, 7, 4, 32, 33, 19, 29, 5, 27, 25, 6, 24, 10, 18, 1,1.74613
1, 18, 31, 12, 15, 20, 34, 26, 8, 11, 28, 9, 14, 3, 16, 13, 17, 21, 2, 22, 23, 30, 7, 4, 32, 33, 19, 29, 5, 27, 25, 6, 24, 10, 1,1.74386
1, 18, 31, 12, 15, 20, 34, 26, 8, 11, 28, 9, 14, 3, 16, 13, 17, 21, 2, 22, 23, 30, 7, 4, 32, 33, 19, 29, 5, 27, 25, 6, 24, 10, 1,1.74386
1, 18, 31, 12, 15, 20, 34, 26, 8, 11, 28, 9, 14, 3, 16, 13, 17, 21, 2, 22, 32, 4, 23, 7, 30, 33, 19, 29, 5, 27, 25, 6, 24, 10, 1,1.74478
1, 18, 31, 12, 15, 20, 34, 26, 8, 11, 28, 9, 14, 3, 16, 13, 17, 21, 2, 22, 32, 4, 23, 7, 30, 33, 19, 29, 5, 27, 25, 6, 24, 10, 1,1.74478
1, 18, 31, 12, 15, 20, 34, 26, 8, 11, 28, 9, 14, 3, 16, 13, 17, 21, 2, 22, 32, 4, 23, 7, 30, 33, 19, 29, 5, 27, 25, 6, 24, 10, 1,1.74478
1, 18, 31, 12, 15, 20, 34, 26, 8, 11, 28, 9, 14, 3, 16, 13, 17, 21, 32, 23, 30, 7, 4, 22, 2, 33, 19, 29, 5, 27, 25, 6, 24, 10, 1,1.72689
1, 18, 12, 31, 15, 20, 34, 26, 8, 9, 14, 3, 16, 13, 17, 21, 2, 22, 32, 4, 23, 7, 30, 33, 19, 29, 5, 27, 25, 6, 11, 28, 24, 10, 1,1.69015
1, 18, 12, 31, 15, 20, 34, 26, 8, 9, 14, 3, 16, 13, 17, 21, 2, 22, 32, 4, 23, 7, 30, 33, 19, 29, 5, 27, 25, 6, 11, 28, 24, 10, 1,1.69015
1, 18, 31, 12, 15, 20, 34, 26, 8, 11, 28, 9, 14, 3, 16, 13, 17, 21, 2, 22, 23, 4, 32, 7, 30, 33, 19, 29, 5, 27, 25, 6, 24, 10, 1,1.74131
1, 18, 31, 12, 15, 20, 34, 26, 8, 11, 28, 9, 14, 3, 16, 13, 17, 21, 2, 22, 23, 4, 32, 7, 30, 33, 19, 29, 5, 27, 25, 6, 24, 10, 1,1.74131
1, 18, 31, 12, 15, 20, 34, 26, 10, 24, 6, 25, 27, 5, 29, 19, 33, 30, 7, 23, 4, 32, 22, 2, 21, 17, 13, 16, 3, 14, 9, 28, 11, 8, 1,1.71758
1, 18, 31, 12, 15, 20, 34, 26, 10, 24, 6, 25, 27, 5, 29, 19, 33, 30, 7, 23, 4, 32, 22, 2, 21, 17, 13, 16, 3, 14, 9, 28, 11, 8, 1,1.71758
1, 18, 31, 12, 15, 20, 34, 26, 10, 24, 6, 25, 27, 5, 29, 19, 33, 30, 7, 23, 4, 32, 22, 2, 21, 17, 13, 16, 3, 14, 9, 28, 11, 8, 1,1.71758
1, 18, 31, 12, 15, 20, 34, 26, 10, 24, 6, 25, 27, 5, 29, 19, 33, 30, 7, 23, 4, 32, 22, 2, 21, 17, 13, 16, 3, 14, 9, 28, 11, 8, 1,1.71758
1, 18, 31, 12, 15, 20, 34, 26, 10, 24, 6, 25, 27, 5, 29, 19, 33, 30, 7, 23, 4, 32, 22, 2, 21, 17, 13, 16, 3, 14, 9, 28, 11, 8, 1,1.71758
1, 18, 31, 12, 15, 20, 34, 26, 10, 24, 6, 25, 27, 5, 29, 19, 33, 30, 7, 23, 4, 32, 22, 2, 21, 17, 13, 16, 3, 14, 9, 28, 11, 8, 1,1.71758
1, 18, 31, 12, 15, 20, 34, 26, 10, 24, 6, 25, 27, 5, 29, 19, 33, 30, 7, 23, 4, 32, 22, 2, 21, 17, 13, 16, 3, 14, 9, 28, 11, 8, 1,1.71758
1, 18, 31, 12, 15, 20, 34, 26, 8, 11, 28, 9, 14, 3, 16, 13, 17, 21, 2, 22, 32, 4, 23, 7, 30, 33, 19, 29, 5, 27, 25, 6, 24, 10, 1,1.74478
1, 18, 31, 12, 15, 20, 34, 26, 8, 11, 28, 9, 14, 3, 16, 13, 17, 21, 2, 22, 4, 7, 30, 23, 32, 33, 19, 29, 5, 27, 25, 6, 24, 10, 1,1.74963
1, 18, 31, 12, 15, 20, 34, 26, 8, 11, 28, 9, 10, 24, 6, 25, 27, 5, 29, 19, 33, 30, 7, 23, 4, 32, 22, 2, 21, 17, 13, 16, 3, 14, 1,1.82256
1, 18, 31, 12, 24, 6, 25, 27, 5, 29, 19, 33, 32, 23, 30, 7, 4, 22, 2, 21, 17, 13, 16, 3, 14, 9, 28, 11, 10, 8, 26, 34, 20, 15, 1,1.82819
1, 18, 31, 12, 24, 6, 25, 27, 5, 29, 19, 33, 32, 23, 30, 7, 4, 22, 2, 21, 17, 13, 16, 3, 14, 9, 28, 11, 10, 8, 26, 34, 20, 15, 1,1.82819
1, 18, 31, 12, 15, 20, 34, 24, 6, 25, 27, 5, 29, 19, 33, 32, 23, 30, 7, 4, 22, 2, 21, 17, 13, 16, 3, 14, 9, 28, 11, 10, 8, 26, 1,1.76115
1, 18, 31, 20, 34, 26, 8, 10, 11, 28, 9, 14, 3, 16, 25, 27, 5, 29, 19, 33, 32, 23, 30, 7, 4, 22, 2, 21, 17, 13, 6, 24, 12, 15, 1,1.85748
1, 34, 12, 15, 10, 24, 9, 28, 11, 8, 6, 25, 27, 5, 29, 19, 33, 32, 23, 30, 7, 4, 22, 2, 21, 17, 13, 16, 3, 14, 26, 18, 31, 20, 1,2.01703
1, 18, 31, 20, 34, 26, 12, 15, 8, 11, 28, 9, 14, 3, 16, 13, 17, 21, 2, 32, 7, 4, 22, 23, 30, 33, 19, 29, 5, 27, 25, 6, 24, 10, 1,2.01291
1, 15, 12, 34, 20, 31, 18, 26, 10, 24, 9, 28, 11, 8, 6, 25, 27, 5, 29, 19, 33, 32, 23, 30, 7, 4, 22, 2, 21, 17, 13, 16, 3, 14, 1,1.84075
1, 18, 31, 20, 34, 26, 12, 15, 10, 24, 9, 8, 11, 28, 6, 25, 27, 5, 29, 19, 33, 30, 7, 23, 4, 32, 22, 2, 21, 17, 13, 16, 3, 14, 1,1.81339
1, 18, 31, 20, 34, 26, 12, 15, 14, 3, 16, 13, 17, 21, 2, 22, 32, 4, 23, 7, 30, 33, 19, 29, 5, 27, 25, 6, 8, 11, 28, 9, 24, 10, 1,1.95692
1, 18, 31, 20, 34, 26, 12, 15, 14, 3, 16, 13, 17, 21, 2, 22, 32, 4, 23, 7, 30, 33, 19, 29, 5, 27, 25, 6, 8, 11, 28, 9, 24, 10, 1,1.95692
1, 18, 31, 20, 34, 26, 14, 3, 16, 13, 17, 21, 2, 22, 32, 4, 23, 7, 30, 33, 19, 29, 5, 27, 25, 6, 8, 11, 28, 9, 24, 10, 15, 12, 1,1.93319
1, 18, 31, 20, 34, 26, 14, 3, 16, 13, 17, 21, 2, 22, 32, 4, 23, 7, 30, 33, 19, 29, 5, 27, 25, 6, 8, 11, 28, 9, 24, 10, 15, 12, 1,1.93319
1, 18, 31, 20, 34, 26, 14, 3, 16, 13, 17, 21, 2, 22, 7, 4, 23, 32, 30, 33, 19, 29, 5, 27, 25, 6, 8, 11, 28, 9, 24, 10, 15, 12, 1,1.98336
1, 18, 31, 20, 34, 26, 12, 15, 10, 24, 9, 28, 11, 8, 6, 25, 27, 5, 29, 19, 33, 30, 7, 23, 4, 32, 22, 2, 21, 17, 13, 16, 3, 14, 1,2.06951
1, 18, 31, 20, 34, 14, 3, 16, 13, 17, 21, 2, 22, 32, 4, 23, 7, 30, 33, 19, 29, 5, 27, 25, 6, 8, 11, 28, 9, 24, 10, 15, 12, 26, 1,1.93487
1, 18, 31, 20, 34, 14, 3, 16, 13, 17, 21, 2, 22, 32, 4, 23, 7, 30, 33, 19, 29, 5, 27, 25, 6, 8, 11, 28, 9, 24, 10, 15, 12, 26, 1,1.93487
1, 18, 31, 20, 34, 26, 14, 3, 16, 13, 17, 21, 2, 22, 32, 4, 23, 7, 30, 33, 19, 29, 5, 27, 25, 6, 8, 11, 28, 9, 24, 10, 15, 12, 1,1.93319
1, 18, 31, 20, 34, 26, 14, 3, 16, 13, 17, 21, 2, 22, 32, 4, 23, 7, 30, 33, 19, 29, 5, 27, 25, 6, 8, 11, 28, 9, 24, 10, 15, 12, 1,1.93319
1, 18, 31, 20, 34, 26, 14, 3, 16, 13, 17, 21, 2, 22, 32, 4, 23, 7, 30, 33, 19, 29, 5, 27, 25, 6, 8, 11, 28, 9, 24, 10, 15, 12, 1,1.93319
1, 18, 31, 20, 34, 26, 14, 3, 16, 13, 17, 21, 2, 22, 32, 4, 23, 7, 30, 33, 19, 29, 5, 27, 25, 6, 8, 11, 28, 9, 24, 10, 15, 12, 1,1.93319
1, 18, 31, 20, 34, 14, 3, 16, 13, 17, 21, 2, 22, 32, 4, 23, 7, 30, 33, 19, 29, 5, 27, 25, 9, 8, 24, 6, 28, 11, 10, 15, 12, 26, 1,1.83729
1, 26, 12, 15, 10, 24, 9, 8, 11, 28, 6, 25, 27, 5, 29, 19, 33, 30, 7, 23, 4, 32, 22, 2, 21, 17, 13, 16, 3, 14, 34, 20, 31, 18, 1,1.67875
1, 18, 31, 20, 34, 14, 3, 16, 13, 17, 21, 2, 22, 32, 4, 23, 7, 30, 33, 19, 29, 5, 27, 25, 6, 9, 8, 11, 28, 24, 10, 15, 12, 26, 1,1.79253
1, 18, 31, 20, 34, 14, 3, 16, 13, 17, 21, 2, 22, 32, 4, 23, 7, 30, 33, 19, 29, 5, 27, 25, 6, 9, 8, 11, 28, 24, 10, 15, 12, 26, 1,1.79253
1, 18, 31, 20, 34, 14, 3, 16, 13, 17, 21, 2, 22, 32, 4, 23, 7, 30, 33, 19, 29, 5, 27, 25, 6, 9, 8, 11, 28, 24, 10, 15, 12, 26, 1,1.79253
1, 18, 31, 20, 34, 14, 3, 16, 13, 17, 21, 2, 22, 32, 4, 23, 7, 30, 33, 19, 29, 5, 27, 25, 6, 9, 8, 11, 28, 24, 10, 15, 12, 26, 1,1.79253
1, 18, 31, 20, 34, 14, 3, 16, 13, 17, 21, 2, 22, 32, 4, 23, 7, 30, 33, 19, 29, 5, 27, 25, 6, 9, 8, 11, 28, 24, 10, 26, 15, 12, 1,1.54962
1, 18, 31, 20, 34, 14, 3, 16, 13, 17, 21, 2, 22, 32, 4, 23, 7, 30, 33, 19, 29, 5, 27, 25, 6, 9, 8, 24, 28, 11, 10, 15, 12, 26, 1,1.77392
1, 18, 31, 20, 34, 14, 3, 16, 13, 17, 21, 2, 22, 32, 4, 23, 7, 30, 33, 19, 29, 5, 27, 25, 6, 9, 8, 11, 28, 24, 10, 15, 12, 26, 1,1.79253
1, 12, 18, 31, 20, 34, 14, 3, 16, 13, 17, 21, 2, 22, 32, 4, 23, 7, 30, 33, 19, 29, 5, 27, 25, 6, 9, 8, 24, 28, 11, 10, 15, 26, 1,1.79349
1, 18, 31, 20, 34, 14, 3, 16, 13, 17, 21, 2, 22, 32, 4, 23, 7, 30, 33, 19, 29, 5, 27, 25, 9, 8, 24, 6, 28, 11, 26, 10, 15, 12, 1,1.74175
1, 18, 31, 20, 34, 14, 3, 16, 13, 17, 21, 2, 22, 32, 4, 23, 7, 30, 33, 19, 29, 5, 27, 25, 6, 8, 11, 28, 9, 24, 10, 26, 15, 12, 1,1.69196
1, 12, 18, 31, 20, 34, 14, 3, 16, 13, 17, 21, 32, 22, 4, 23, 7, 30, 2, 33, 19, 29, 5, 27, 25, 6, 9, 8, 24, 28, 11, 10, 26, 15, 1,1.63584
1, 18, 31, 20, 34, 14, 3, 16, 13, 17, 21, 2, 22, 32, 23, 4, 7, 30, 33, 19, 29, 5, 27, 25, 6, 8, 11, 28, 9, 24, 10, 26, 15, 12, 1,1.68641
1, 18, 31, 20, 34, 14, 3, 16, 13, 17, 21, 2, 22, 32, 23, 4, 7, 30, 33, 19, 29, 5, 27, 25, 6, 8, 11, 28, 9, 24, 10, 26, 15, 12, 1,1.68641
1, 18, 31, 20, 34, 14, 3, 16, 13, 17, 21, 2, 22, 32, 23, 4, 7, 30, 33, 19, 29, 5, 27, 25, 6, 8, 11, 28, 9, 24, 10, 26, 15, 12, 1,1.68641
1, 18, 31, 20, 34, 14, 3, 16, 13, 17, 21, 2, 22, 32, 23, 4, 7, 30, 33, 19, 29, 5, 27, 25, 6, 8, 11, 28, 9, 24, 10, 26, 15, 12, 1,1.68641
1, 12, 18, 31, 20, 34, 14, 3, 16, 13, 17, 21, 2, 22, 32, 4, 23, 7, 30, 33, 19, 29, 5, 27, 25, 6, 8, 9, 24, 28, 11, 10, 26, 15, 1,1.62045
1, 12, 18, 31, 20, 34, 14, 3, 16, 13, 17, 21, 2, 22, 32, 4, 23, 7, 30, 33, 19, 29, 5, 27, 25, 6, 8, 9, 24, 28, 11, 10, 26, 15, 1,1.62045
1, 12, 18, 31, 20, 34, 14, 3, 16, 13, 17, 21, 2, 22, 32, 4, 23, 7, 30, 33, 19, 29, 5, 27, 25, 6, 8, 9, 24, 28, 11, 10, 26, 15, 1,1.62045
1, 12, 18, 31, 20, 34, 14, 3, 16, 13, 17, 21, 2, 22, 32, 4, 23, 7, 30, 33, 19, 29, 5, 27, 25, 6, 8, 9, 24, 28, 11, 10, 26, 15, 1,1.62045
1, 12, 18, 31, 20, 34, 14, 3, 16, 13, 17, 21, 2, 22, 32, 4, 23, 7, 30, 33, 19, 29, 5, 27, 25, 6, 8, 9, 24, 28, 11, 10, 26, 15, 1,1.62045
1, 18, 31, 20, 12, 34, 14, 3, 16, 13, 17, 21, 2, 22, 32, 4, 23, 7, 30, 33, 19, 29, 5, 27, 25, 6, 8, 11, 28, 9, 24, 10, 26, 15, 1,1.70123
1, 18, 31, 20, 34, 12, 14, 3, 16, 13, 17, 21, 2, 22, 32, 4, 23, 7, 30, 33, 19, 29, 5, 27, 25, 6, 8, 24, 28, 9, 11, 10, 26, 15, 1,1.80826
1, 18, 31, 20, 34, 12, 14, 3, 16, 13, 17, 21, 2, 22, 32, 4, 23, 7, 30, 33, 19, 29, 5, 27, 25, 6, 10, 26, 24, 8, 11, 28, 9, 15, 1,1.84573
1, 18, 10, 26, 24, 8, 11, 28, 9, 6, 25, 13, 5, 29, 19, 33, 30, 7, 23, 32, 4, 22, 2, 21, 17, 27, 16, 3, 14, 12, 20, 34, 15, 31, 1,2.15841
1, 34, 18, 31, 12, 20, 15, 26, 10, 11, 28, 24, 9, 8, 6, 25, 27, 5, 29, 19, 33, 30, 7, 14, 3, 16, 13, 17, 21, 2, 22, 32, 4, 23, 1,2.13892
1, 18, 31, 20, 34, 12, 14, 11, 10, 26, 8, 6, 25, 27, 5, 29, 19, 33, 30, 7, 23, 4, 32, 22, 2, 21, 17, 13, 16, 3, 24, 28, 9, 15, 1,2.11092
1, 18, 31, 20, 34, 12, 14, 3, 16, 25, 17, 15, 26, 10, 24, 8, 11, 28, 6, 27, 5, 29, 19, 33, 30, 7, 23, 4, 32, 22, 2, 21, 13, 9, 1,2.21869
1, 18, 10, 26, 24, 8, 11, 28, 9, 6, 25, 13, 5, 29, 19, 33, 30, 7, 23, 32, 4, 22, 2, 21, 17, 27, 16, 3, 14, 12, 20, 34, 31, 15, 1,2.22593
1, 18, 12, 20, 31, 34, 26, 10, 24, 9, 14, 3, 16, 8, 11, 28, 6, 25, 13, 5, 29, 27, 19, 33, 30, 7, 23, 32, 4, 22, 2, 21, 17, 15, 1,1.76305
1, 18, 31, 20, 15, 21, 2, 22, 32, 4, 23, 7, 30, 33, 19, 29, 5, 27, 25, 6, 8, 26, 10, 11, 28, 24, 3, 16, 13, 17, 14, 12, 34, 9, 1,2.06473
1, 18, 8, 11, 28, 10, 26, 24, 9, 6, 25, 13, 5, 19, 33, 30, 7, 23, 32, 4, 22, 2, 21, 17, 27, 29, 16, 3, 14, 12, 31, 20, 34, 15, 1,2.32385
1, 18, 31, 15, 34, 12, 14, 9, 28, 11, 10, 26, 8, 6, 25, 27, 5, 29, 19, 33, 30, 7, 23, 4, 32, 20, 22, 2, 21, 3, 24, 16, 13, 17, 1,2.25665
1, 18, 31, 20, 15, 34, 12, 14, 11, 10, 26, 8, 6, 25, 27, 5, 29, 19, 33, 30, 7, 23, 4, 32, 22, 2, 21, 9, 3, 24, 28, 13, 17, 16, 1,2.3918
1, 18, 31, 20, 15, 34, 12, 14, 11, 10, 26, 8, 6, 25, 27, 5, 29, 19, 33, 30, 7, 23, 4, 32, 22, 2, 21, 9, 3, 24, 28, 13, 17, 16, 1,2.3918
1, 18, 31, 20, 15, 34, 12, 14, 3, 11, 10, 26, 8, 6, 25, 27, 5, 29, 19, 33, 30, 7, 23, 4, 32, 22, 2, 21, 9, 24, 28, 13, 17, 16, 1,2.22644
1, 18, 31, 20, 15, 34, 12, 14, 11, 10, 26, 8, 9, 3, 6, 25, 27, 5, 29, 19, 33, 30, 7, 23, 4, 32, 22, 2, 21, 17, 13, 16, 28, 24, 1,2.16401
1, 18, 31, 20, 15, 34, 12, 14, 3, 11, 10, 26, 8, 6, 25, 27, 5, 29, 19, 33, 30, 7, 23, 4, 32, 22, 2, 21, 9, 24, 28, 13, 17, 16, 1,2.22644
1, 18, 31, 20, 15, 34, 12, 14, 3, 11, 10, 26, 8, 6, 25, 27, 5, 29, 19, 33, 30, 7, 23, 4, 32, 22, 2, 21, 9, 24, 28, 13, 17, 16, 1,2.22644
1, 18, 31, 20, 15, 34, 12, 14, 3, 11, 10, 26, 8, 6, 25, 27, 5, 29, 19, 33, 30, 7, 23, 4, 32, 22, 2, 21, 9, 24, 28, 13, 17, 16, 1,2.22644
1, 18, 31, 20, 15, 34, 12, 14, 28, 16, 13, 17, 21, 2, 22, 32, 4, 23, 7, 30, 33, 19, 29, 27, 5, 25, 6, 8, 3, 9, 11, 10, 26, 24, 1,2.27121
1, 18, 31, 20, 15, 34, 12, 14, 11, 8, 6, 25, 5, 27, 29, 19, 33, 30, 7, 23, 4, 32, 22, 2, 21, 17, 13, 16, 9, 3, 28, 10, 26, 24, 1,2.28878
1, 18, 31, 20, 15, 34, 12, 9, 14, 3, 11, 8, 6, 13, 17, 21, 2, 22, 32, 4, 23, 7, 30, 33, 19, 29, 27, 5, 25, 16, 28, 10, 26, 24, 1,2.21013
1, 18, 31, 20, 15, 34, 12, 9, 14, 3, 11, 8, 6, 13, 17, 21, 2, 22, 32, 4, 23, 7, 30, 33, 19, 29, 27, 5, 25, 16, 28, 10, 26, 24, 1,2.21013
1, 18, 31, 20, 34, 12, 9, 15, 14, 3, 6, 13, 17, 21, 2, 22, 32, 4, 23, 7, 30, 33, 19, 29, 27, 5, 25, 16, 28, 10, 11, 8, 26, 24, 1,2.18159
1, 18, 31, 20, 15, 34, 12, 9, 14, 11, 8, 6, 25, 5, 27, 29, 19, 33, 30, 7, 23, 4, 32, 22, 2, 21, 17, 13, 3, 16, 28, 10, 26, 24, 1,2.21942
1, 18, 31, 20, 15, 34, 12, 9, 14, 11, 8, 6, 25, 5, 27, 29, 19, 33, 30, 7, 23, 4, 32, 22, 2, 21, 17, 13, 3, 16, 28, 10, 26, 24, 1,2.21942
1, 18, 20, 31, 15, 34, 12, 9, 14, 3, 17, 21, 2, 22, 32, 4, 23, 7, 30, 33, 19, 29, 27, 5, 25, 6, 28, 13, 16, 11, 8, 10, 26, 24, 1,1.91779
1, 18, 31, 20, 15, 34, 12, 9, 14, 16, 3, 13, 17, 21, 2, 22, 32, 4, 23, 7, 30, 33, 19, 29, 27, 5, 25, 6, 8, 11, 28, 10, 26, 24, 1,1.84352
1, 18, 31, 20, 15, 34, 12, 9, 14, 16, 3, 13, 17, 21, 2, 22, 32, 4, 23, 7, 30, 33, 19, 29, 27, 5, 25, 6, 8, 11, 28, 10, 26, 24, 1,1.84352
1, 18, 20, 31, 15, 34, 12, 9, 10, 11, 8, 6, 25, 5, 27, 29, 19, 33, 30, 7, 23, 4, 32, 22, 2, 21, 17, 13, 16, 14, 3, 28, 26, 24, 1,2.27726
1, 18, 20, 31, 15, 34, 12, 9, 10, 11, 8, 6, 25, 5, 27, 29, 19, 33, 30, 7, 23, 4, 32, 22, 2, 21, 17, 3, 26, 24, 28, 13, 16, 14, 1,2.08439
1, 18, 20, 31, 15, 34, 12, 9, 10, 11, 8, 6, 25, 5, 27, 29, 19, 33, 30, 7, 23, 4, 32, 22, 2, 21, 17, 3, 26, 24, 28, 13, 16, 14, 1,2.08439
1, 18, 20, 31, 15, 34, 12, 9, 10, 11, 8, 6, 25, 5, 27, 29, 19, 33, 30, 7, 23, 4, 32, 22, 2, 21, 17, 3, 26, 24, 28, 13, 16, 14, 1,2.08439
1, 18, 20, 31, 15, 34, 12, 9, 10, 11, 8, 6, 25, 5, 27, 29, 19, 33, 30, 7, 23, 4, 32, 22, 2, 21, 14, 17, 3, 26, 24, 28, 13, 16, 1,2.17339
1, 18, 31, 12, 20, 15, 34, 9, 14, 11, 3, 8, 6, 13, 17, 21, 2, 23, 32, 4, 22, 7, 30, 33, 19, 29, 27, 5, 25, 28, 16, 24, 26, 10, 1,2.43591
1, 18, 20, 31, 15, 34, 12, 24, 26, 10, 28, 16, 9, 3, 13, 17, 21, 2, 22, 32, 4, 23, 7, 30, 33, 19, 29, 27, 5, 25, 6, 8, 11, 14, 1,2.47353
1, 18, 31, 20, 22, 15, 34, 12, 24, 26, 10, 28, 16, 9, 3, 13, 11, 8, 6, 25, 5, 27, 29, 19, 33, 30, 7, 23, 4, 32, 2, 21, 17, 14, 1,2.39758
1, 18, 31, 20, 22, 15, 34, 12, 24, 26, 10, 28, 16, 9, 3, 13, 11, 8, 6, 25, 5, 27, 29, 19, 33, 30, 7, 23, 4, 32, 2, 21, 17, 14, 1,2.39758
1, 18, 31, 20, 22, 15, 34, 12, 24, 26, 10, 28, 16, 9, 3, 13, 11, 8, 6, 25, 5, 27, 29, 19, 33, 30, 7, 23, 4, 32, 2, 21, 17, 14, 1,2.39758
1, 18, 31, 20, 22, 15, 34, 12, 24, 26, 10, 28, 16, 9, 3, 13, 11, 8, 6, 25, 5, 27, 29, 19, 33, 30, 7, 23, 4, 32, 2, 21, 17, 14, 1,2.39758
1, 18, 31, 20, 34, 9, 24, 11, 8, 6, 25, 5, 27, 29, 19, 33, 30, 23, 7, 4, 32, 17, 13, 16, 3, 26, 10, 28, 14, 22, 2, 21, 15, 12, 1,2.42306
1, 18, 31, 20, 22, 2, 21, 15, 12, 34, 9, 24, 11, 8, 6, 25, 5, 27, 29, 19, 33, 30, 23, 7, 4, 32, 17, 13, 16, 3, 26, 10, 28, 14, 1,2.49344
1, 18, 31, 20, 22, 2, 21, 15, 12, 34, 9, 24, 11, 8, 28, 10, 26, 3, 16, 13, 17, 32, 4, 7, 23, 30, 33, 19, 29, 27, 5, 25, 6, 14, 1,2.37835
1, 18, 15, 12, 34, 9, 14, 24, 28, 10, 26, 31, 20, 22, 2, 21, 3, 16, 13, 17, 32, 23, 4, 7, 30, 33, 19, 29, 27, 5, 25, 6, 8, 11, 1,2.39841
1, 18, 31, 20, 22, 32, 23, 4, 7, 30, 33, 19, 29, 27, 5, 25, 6, 8, 11, 14, 9, 34, 12, 15, 21, 2, 17, 13, 16, 3, 26, 10, 28, 24, 1,2.35058
1, 18, 31, 20, 22, 32, 23, 4, 7, 30, 33, 19, 29, 27, 5, 25, 6, 8, 11, 14, 9, 34, 12, 15, 21, 2, 17, 13, 16, 3, 26, 10, 28, 24, 1,2.35058
1, 18, 31, 20, 22, 2, 21, 3, 16, 13, 17, 32, 23, 4, 7, 30, 33, 19, 29, 27, 5, 25, 6, 8, 11, 14, 9, 34, 12, 15, 26, 10, 28, 24, 1,2.28863
1, 18, 31, 20, 22, 30, 7, 4, 23, 32, 2, 21, 15, 12, 34, 9, 14, 11, 24, 28, 6, 25, 5, 27, 29, 19, 33, 17, 13, 16, 3, 26, 10, 8, 1,1.98194
1, 18, 31, 20, 22, 30, 7, 4, 23, 32, 2, 21, 15, 12, 34, 9, 14, 11, 24, 28, 6, 25, 5, 27, 29, 19, 33, 17, 13, 16, 3, 26, 10, 8, 1,1.98194
1, 18, 31, 20, 22, 2, 21, 15, 12, 34, 9, 14, 3, 16, 13, 17, 32, 23, 4, 7, 30, 33, 19, 29, 27, 5, 25, 6, 11, 8, 26, 10, 28, 24, 1,2.09996
1, 18, 31, 20, 22, 2, 21, 15, 12, 34, 9, 14, 3, 16, 13, 17, 32, 23, 4, 7, 30, 33, 19, 29, 27, 5, 25, 6, 11, 10, 26, 8, 28, 24, 1,2.05635
1, 18, 31, 20, 22, 2, 21, 15, 12, 34, 9, 14, 3, 16, 13, 17, 32, 23, 4, 7, 30, 33, 19, 29, 27, 5, 25, 6, 11, 10, 26, 8, 28, 24, 1,2.05635
1, 18, 31, 20, 22, 2, 21, 15, 12, 34, 9, 14, 11, 10, 24, 28, 8, 6, 25, 5, 27, 29, 19, 33, 30, 7, 4, 23, 32, 17, 13, 16, 3, 26, 1,2.29374
1, 24, 28, 8, 6, 25, 5, 27, 29, 19, 33, 30, 7, 4, 23, 32, 17, 13, 16, 3, 11, 10, 26, 14, 9, 34, 12, 15, 21, 2, 22, 20, 31, 18, 1,2.42001
1, 18, 31, 20, 22, 2, 21, 15, 12, 34, 9, 14, 11, 28, 24, 3, 16, 13, 17, 32, 23, 4, 7, 30, 33, 19, 29, 27, 5, 25, 6, 8, 10, 26, 1,2.12953
1, 18, 31, 17, 13, 16, 3, 24, 28, 11, 14, 9, 34, 12, 15, 21, 2, 22, 20, 32, 23, 4, 7, 30, 33, 19, 29, 27, 5, 25, 6, 8, 10, 26, 1,2.32763
1, 18, 31, 20, 32, 2, 21, 15, 24, 28, 8, 6, 25, 5, 27, 29, 19, 33, 30, 7, 4, 23, 22, 17, 13, 16, 3, 26, 10, 11, 14, 9, 34, 12, 1,2.37135
1, 18, 31, 20, 22, 2, 21, 15, 12, 34, 9, 3, 11, 10, 26, 14, 16, 13, 17, 32, 23, 4, 7, 30, 33, 19, 29, 27, 5, 25, 6, 8, 28, 24, 1,2.42529
1, 18, 31, 20, 22, 33, 19, 29, 27, 5, 25, 6, 8, 26, 3, 16, 13, 17, 32, 23, 4, 7, 30, 2, 21, 15, 12, 34, 9, 14, 11, 28, 24, 10, 1,2.34421
1, 18, 31, 20, 22, 2, 21, 15, 12, 34, 9, 3, 11, 10, 26, 14, 16, 13, 17, 32, 23, 4, 7, 30, 33, 19, 29, 27, 5, 25, 6, 8, 28, 24, 1,2.42529
1, 18, 31, 20, 22, 2, 21, 15, 12, 34, 26, 11, 14, 9, 3, 16, 13, 17, 32, 23, 4, 7, 30, 33, 19, 29, 27, 5, 25, 6, 8, 28, 24, 10, 1,2.29775
1, 18, 31, 20, 22, 2, 21, 15, 12, 34, 14, 9, 11, 26, 3, 16, 13, 17, 32, 23, 4, 7, 30, 33, 19, 29, 27, 5, 25, 6, 8, 28, 24, 10, 1,2.31436
1, 18, 31, 20, 22, 2, 21, 15, 12, 34, 14, 9, 11, 26, 3, 16, 13, 17, 32, 23, 4, 7, 30, 33, 19, 29, 27, 5, 25, 6, 8, 28, 24, 10, 1,2.31436
1, 18, 31, 20, 22, 2, 21, 15, 12, 34, 14, 9, 11, 26, 3, 16, 13, 17, 32, 23, 4, 7, 30, 33, 19, 29, 27, 5, 25, 6, 8, 28, 24, 10, 1,2.31436
1, 18, 31, 20, 22, 2, 21, 15, 12, 34, 14, 9, 11, 26, 3, 16, 13, 17, 32, 23, 4, 7, 30, 33, 19, 29, 27, 5, 25, 6, 8, 28, 24, 10, 1,2.31436
1, 18, 31, 20, 22, 2, 21, 15, 12, 34, 14, 9, 11, 26, 3, 16, 13, 17, 32, 23, 4, 7, 30, 33, 19, 29, 27, 5, 25, 6, 28, 8, 24, 10, 1,2.15333
1, 18, 31, 20, 22, 2, 21, 15, 12, 34, 14, 9, 11, 26, 3, 16, 13, 17, 32, 23, 4, 7, 30, 33, 19, 29, 27, 5, 25, 6, 28, 8, 24, 10, 1,2.15333
1, 18, 31, 20, 22, 2, 21, 15, 12, 34, 14, 9, 11, 26, 3, 16, 13, 17, 32, 23, 4, 7, 30, 33, 19, 29, 27, 5, 25, 6, 28, 8, 24, 10, 1,2.15333
1, 18, 31, 20, 22, 2, 21, 15, 12, 34, 14, 9, 11, 26, 3, 16, 13, 17, 32, 23, 4, 7, 30, 33, 19, 29, 27, 5, 25, 6, 28, 8, 24, 10, 1,2.15333
1, 18, 31, 20, 22, 2, 21, 15, 12, 34, 14, 9, 11, 26, 3, 16, 13, 17, 32, 23, 4, 7, 30, 33, 19, 29, 27, 5, 25, 6, 28, 8, 24, 10, 1,2.15333
1, 18, 31, 20, 22, 2, 21, 15, 12, 34, 14, 9, 11, 26, 10, 24, 8, 28, 6, 25, 16, 3, 17, 13, 5, 29, 27, 19, 33, 30, 7, 4, 32, 23, 1,2.07833
1, 18, 31, 20, 22, 2, 21, 15, 12, 34, 14, 9, 11, 26, 3, 16, 13, 17, 32, 23, 4, 7, 30, 33, 19, 29, 27, 5, 25, 6, 28, 8, 24, 10, 1,2.15333
1, 18, 31, 20, 22, 2, 21, 15, 12, 34, 14, 9, 11, 26, 3, 16, 13, 17, 32, 23, 4, 7, 30, 33, 19, 29, 27, 5, 25, 6, 28, 8, 24, 10, 1,2.15333
1, 18, 31, 20, 22, 2, 21, 15, 12, 34, 14, 9, 11, 10, 24, 8, 28, 6, 25, 5, 27, 29, 19, 33, 30, 7, 4, 23, 32, 17, 13, 16, 3, 26, 1,1.99756
1, 18, 31, 20, 22, 2, 21, 15, 12, 34, 14, 8, 11, 26, 9, 3, 16, 13, 17, 32, 23, 4, 7, 30, 33, 19, 29, 27, 5, 25, 6, 28, 24, 10, 1,1.98784
1, 18, 31, 20, 22, 2, 21, 15, 12, 34, 14, 9, 11, 10, 24, 8, 28, 6, 25, 5, 27, 29, 19, 33, 30, 7, 4, 23, 32, 17, 13, 16, 3, 26, 1,1.99756
1, 18, 31, 20, 22, 2, 21, 15, 12, 34, 14, 9, 11, 26, 3, 16, 13, 17, 32, 23, 4, 7, 30, 33, 19, 29, 27, 5, 25, 6, 28, 8, 24, 10, 1,2.15333
1, 18, 31, 20, 22, 2, 21, 15, 12, 34, 14, 9, 11, 24, 26, 3, 16, 13, 17, 32, 23, 4, 7, 30, 33, 19, 29, 27, 5, 25, 6, 28, 8, 10, 1,2.11617
1, 18, 31, 20, 22, 2, 21, 15, 12, 34, 14, 9, 11, 28, 6, 25, 5, 27, 29, 19, 33, 30, 7, 4, 23, 32, 17, 13, 16, 3, 26, 8, 24, 10, 1,1.99208
1, 18, 31, 20, 22, 2, 21, 12, 15, 34, 14, 9, 11, 26, 3, 16, 13, 17, 32, 23, 4, 7, 30, 33, 19, 29, 27, 5, 25, 6, 28, 24, 8, 10, 1,2.11578
1, 18, 31, 20, 22, 2, 21, 15, 12, 34, 14, 3, 25, 5, 27, 29, 19, 33, 30, 7, 4, 23, 32, 17, 13, 16, 9, 26, 11, 6, 28, 8, 24, 10, 1,2.07169
1, 18, 31, 20, 22, 2, 21, 15, 12, 34, 14, 3, 25, 5, 27, 29, 19, 33, 30, 7, 4, 23, 32, 17, 13, 16, 9, 26, 11, 24, 6, 28, 8, 10, 1,2.05572
1, 18, 31, 20, 22, 2, 21, 15, 12, 34, 14, 3, 25, 5, 27, 29, 19, 33, 30, 7, 4, 23, 32, 17, 13, 16, 9, 26, 11, 24, 6, 28, 8, 10, 1,2.05572
1, 18, 31, 20, 22, 2, 21, 15, 12, 34, 14, 3, 25, 5, 27, 29, 19, 33, 30, 7, 4, 23, 32, 17, 13, 16, 9, 26, 11, 24, 6, 28, 8, 10, 1,2.05572
1, 18, 31, 20, 22, 2, 21, 15, 12, 34, 14, 3, 25, 5, 27, 29, 19, 33, 30, 7, 4, 23, 32, 17, 13, 16, 9, 26, 11, 24, 6, 28, 8, 10, 1,2.05572
1, 18, 31, 20, 32, 2, 21, 15, 12, 34, 14, 9, 11, 24, 26, 3, 16, 13, 17, 22, 23, 4, 7, 30, 33, 19, 29, 27, 5, 25, 6, 28, 8, 10, 1,2.05801
1, 18, 31, 20, 22, 2, 21, 15, 12, 34, 14, 9, 11, 8, 3, 16, 13, 17, 32, 23, 4, 7, 30, 33, 19, 29, 27, 5, 25, 6, 28, 24, 26, 10, 1,1.9762
1, 18, 31, 20, 22, 2, 17, 13, 16, 3, 26, 24, 11, 9, 14, 34, 12, 15, 21, 32, 4, 23, 7, 30, 33, 19, 29, 27, 5, 25, 6, 28, 8, 10, 1,2.03133
1, 18, 31, 20, 22, 2, 21, 15, 12, 34, 14, 9, 10, 26, 3, 16, 13, 17, 32, 23, 4, 7, 30, 33, 19, 29, 27, 5, 25, 6, 28, 24, 11, 8, 1,1.99022
1, 18, 31, 20, 22, 2, 21, 17, 13, 16, 3, 26, 24, 11, 9, 14, 34, 12, 15, 32, 4, 23, 7, 30, 33, 19, 29, 27, 5, 25, 6, 28, 8, 10, 1,1.96563
1, 18, 31, 20, 22, 2, 21, 17, 13, 16, 3, 26, 24, 11, 9, 14, 34, 12, 15, 32, 4, 23, 7, 30, 33, 19, 29, 27, 5, 25, 6, 28, 8, 10, 1,1.96563
1, 18, 31, 20, 22, 2, 21, 17, 13, 16, 3, 26, 24, 11, 9, 14, 34, 12, 15, 32, 4, 23, 7, 30, 33, 19, 29, 27, 5, 25, 6, 28, 8, 10, 1,1.96563
1, 18, 31, 20, 22, 2, 21, 17, 13, 16, 3, 26, 24, 11, 9, 14, 34, 12, 15, 32, 4, 23, 7, 30, 33, 19, 29, 27, 5, 25, 6, 28, 8, 10, 1,1.96563
1, 18, 31, 20, 22, 2, 21, 17, 13, 16, 3, 26, 24, 11, 9, 14, 34, 12, 15, 32, 4, 23, 7, 30, 33, 19, 29, 27, 5, 25, 6, 28, 8, 10, 1,1.96563
1, 18, 31, 20, 22, 2, 21, 17, 13, 16, 3, 26, 24, 11, 9, 14, 34, 12, 15, 32, 4, 23, 7, 30, 33, 19, 29, 27, 5, 25, 6, 28, 8, 10, 1,1.96563
1, 18, 31, 20, 22, 2, 21, 17, 13, 16, 3, 26, 24, 11, 9, 14, 34, 12, 15, 32, 4, 23, 7, 30, 33, 19, 29, 27, 5, 25, 6, 28, 8, 10, 1,1.96563
1, 18, 31, 15, 12, 34, 14, 9, 11, 24, 26, 3, 16, 13, 17, 21, 2, 22, 20, 32, 23, 4, 7, 30, 33, 19, 29, 27, 5, 25, 6, 28, 10, 8, 1,1.71587
1, 18, 31, 20, 22, 2, 21, 17, 13, 16, 3, 26, 24, 11, 9, 14, 34, 12, 15, 32, 4, 23, 7, 30, 33, 19, 29, 27, 5, 25, 6, 28, 8, 10, 1,1.96563
1, 18, 31, 20, 22, 2, 21, 17, 13, 16, 3, 26, 24, 11, 9, 14, 34, 12, 15, 32, 4, 23, 7, 30, 33, 19, 29, 27, 5, 25, 6, 28, 8, 10, 1,1.96563
1, 18, 31, 20, 32, 2, 21, 17, 13, 16, 3, 26, 24, 11, 9, 14, 34, 12, 15, 22, 4, 23, 7, 30, 33, 19, 29, 27, 5, 25, 6, 28, 10, 8, 1,1.95231
1, 18, 31, 20, 32, 2, 21, 17, 13, 16, 3, 26, 24, 11, 9, 14, 34, 12, 15, 22, 4, 23, 7, 30, 33, 19, 29, 27, 5, 25, 6, 28, 10, 8, 1,1.95231
1, 18, 31, 20, 32, 2, 21, 17, 13, 16, 3, 26, 24, 11, 9, 14, 34, 12, 15, 22, 4, 23, 7, 30, 33, 19, 29, 27, 5, 25, 6, 28, 10, 8, 1,1.95231
1, 18, 31, 20, 15, 12, 34, 14, 9, 11, 24, 26, 3, 16, 13, 17, 21, 2, 22, 32, 4, 23, 7, 30, 33, 19, 29, 27, 5, 25, 6, 28, 10, 8, 1,1.81687
1, 18, 31, 20, 15, 12, 34, 14, 9, 11, 24, 26, 3, 16, 13, 17, 21, 2, 22, 32, 4, 23, 7, 30, 33, 19, 29, 27, 5, 25, 6, 28, 8, 10, 1,1.80334
1, 18, 31, 20, 15, 12, 34, 14, 9, 11, 24, 26, 3, 16, 13, 17, 21, 2, 22, 32, 4, 23, 7, 30, 33, 19, 29, 27, 5, 25, 6, 28, 8, 10, 1,1.80334
1, 18, 31, 20, 15, 12, 34, 14, 9, 11, 24, 26, 3, 16, 13, 17, 21, 2, 22, 32, 4, 23, 7, 30, 33, 19, 29, 27, 5, 25, 6, 28, 8, 10, 1,1.80334
1, 18, 31, 20, 15, 12, 34, 14, 9, 11, 24, 26, 3, 16, 13, 17, 21, 2, 22, 32, 4, 23, 7, 30, 33, 19, 29, 27, 5, 25, 6, 28, 8, 10, 1,1.80334
1, 18, 31, 20, 15, 12, 34, 14, 9, 28, 6, 25, 5, 27, 29, 19, 33, 30, 7, 23, 4, 32, 2, 22, 21, 17, 13, 16, 3, 26, 24, 11, 8, 10, 1,1.83645
1, 18, 31, 20, 15, 12, 34, 14, 9, 11, 24, 26, 3, 16, 13, 17, 21, 22, 2, 32, 4, 23, 7, 30, 33, 19, 29, 27, 5, 25, 6, 28, 8, 10, 1,1.85951
1, 18, 31, 20, 15, 12, 34, 14, 9, 11, 24, 26, 3, 16, 13, 17, 21, 22, 2, 32, 4, 23, 7, 30, 33, 19, 29, 27, 5, 25, 6, 28, 8, 10, 1,1.85951
1, 18, 31, 20, 15, 12, 34, 14, 9, 11, 24, 26, 3, 16, 13, 17, 21, 22, 2, 32, 4, 23, 7, 30, 33, 19, 29, 27, 5, 25, 6, 28, 8, 10, 1,1.85951
1, 18, 31, 20, 15, 12, 34, 14, 9, 11, 24, 26, 3, 16, 13, 17, 21, 22, 2, 32, 4, 23, 7, 30, 33, 19, 29, 27, 5, 25, 6, 28, 8, 10, 1,1.85951
1, 18, 31, 20, 15, 12, 34, 14, 9, 11, 24, 26, 3, 16, 13, 17, 21, 22, 2, 32, 4, 23, 7, 30, 33, 19, 29, 27, 5, 25, 6, 28, 8, 10, 1,1.85951
1, 18, 31, 20, 22, 2, 21, 17, 13, 16, 3, 14, 24, 11, 9, 26, 34, 12, 15, 32, 4, 23, 7, 30, 33, 19, 29, 27, 5, 25, 6, 28, 8, 10, 1,1.88926
1, 18, 31, 20, 22, 2, 21, 17, 13, 16, 3, 14, 24, 11, 26, 9, 34, 12, 15, 32, 4, 23, 7, 30, 33, 19, 29, 27, 5, 25, 6, 28, 8, 10, 1,1.88796
1, 18, 31, 20, 22, 2, 21, 17, 13, 16, 3, 14, 24, 11, 10, 26, 34, 12, 15, 32, 4, 23, 7, 30, 33, 19, 29, 27, 5, 25, 6, 28, 8, 9, 1,1.76357
1, 18, 31, 20, 22, 2, 21, 17, 13, 16, 3, 14, 24, 11, 9, 26, 34, 12, 15, 32, 4, 23, 7, 30, 33, 19, 29, 27, 5, 25, 6, 28, 8, 10, 1,1.88926
1, 18, 31, 26, 24, 11, 9, 14, 34, 12, 15, 20, 32, 4, 23, 7, 30, 22, 2, 21, 17, 13, 16, 3, 33, 19, 29, 27, 5, 25, 6, 28, 8, 10, 1,1.85558
1, 18, 31, 26, 24, 11, 9, 14, 34, 12, 15, 20, 32, 4, 23, 7, 30, 22, 2, 21, 17, 13, 16, 3, 33, 19, 29, 27, 5, 25, 6, 28, 8, 10, 1,1.85558
1, 18, 31, 26, 24, 11, 9, 14, 34, 12, 15, 20, 32, 21, 2, 17, 13, 16, 3, 22, 4, 23, 7, 30, 33, 19, 29, 27, 5, 25, 6, 28, 8, 10, 1,1.92772
1, 18, 31, 26, 10, 24, 11, 9, 14, 34, 12, 15, 20, 32, 21, 2, 17, 13, 16, 3, 22, 4, 23, 7, 30, 33, 19, 29, 27, 5, 25, 6, 28, 8, 1,1.86923
1, 26, 10, 24, 11, 9, 14, 34, 12, 15, 20, 32, 21, 2, 17, 13, 25, 5, 27, 29, 19, 33, 30, 7, 23, 4, 22, 3, 16, 6, 28, 8, 18, 31, 1,1.82915
1, 18, 31, 26, 24, 11, 9, 14, 34, 12, 15, 20, 32, 2, 21, 17, 13, 16, 3, 22, 4, 23, 7, 30, 33, 19, 29, 27, 5, 25, 6, 28, 8, 10, 1,1.88349
1, 18, 31, 20, 32, 2, 21, 17, 13, 16, 9, 26, 24, 11, 3, 14, 34, 12, 15, 22, 4, 23, 7, 30, 33, 19, 29, 27, 5, 25, 6, 28, 8, 10, 1,1.92023
1, 18, 31, 20, 32, 2, 21, 17, 13, 16, 9, 26, 24, 11, 3, 14, 34, 12, 15, 22, 4, 23, 7, 30, 33, 19, 29, 27, 5, 25, 6, 28, 8, 10, 1,1.92023
1, 18, 31, 20, 32, 2, 21, 17, 13, 16, 9, 26, 24, 11, 3, 14, 34, 12, 15, 22, 4, 23, 7, 30, 33, 19, 29, 27, 5, 25, 6, 28, 8, 10, 1,1.92023
1, 18, 31, 20, 32, 2, 21, 17, 13, 16, 3, 26, 8, 28, 6, 25, 5, 27, 29, 19, 33, 30, 7, 23, 4, 22, 15, 12, 34, 14, 9, 11, 24, 10, 1,1.90748
1, 18, 31, 20, 32, 2, 21, 17, 13, 16, 3, 8, 24, 11, 28, 6, 25, 5, 27, 29, 19, 33, 30, 7, 23, 4, 22, 15, 12, 34, 14, 9, 26, 10, 1,1.66528
1, 18, 31, 20, 32, 2, 21, 17, 13, 16, 3, 8, 24, 11, 28, 6, 25, 5, 27, 29, 19, 33, 30, 7, 23, 4, 22, 15, 12, 34, 14, 9, 26, 10, 1,1.66528
1, 18, 31, 20, 32, 2, 21, 17, 13, 16, 3, 8, 24, 11, 28, 6, 25, 5, 27, 29, 19, 33, 30, 7, 23, 4, 22, 15, 12, 34, 14, 9, 26, 10, 1,1.66528
1, 18, 31, 20, 32, 2, 21, 17, 13, 3, 14, 34, 12, 15, 22, 4, 23, 7, 30, 33, 19, 29, 27, 5, 25, 16, 9, 26, 24, 11, 6, 28, 8, 10, 1,1.85583
1, 18, 31, 20, 32, 2, 21, 17, 3, 13, 14, 34, 12, 15, 22, 4, 23, 7, 30, 33, 19, 29, 27, 5, 25, 16, 9, 26, 24, 11, 6, 28, 8, 10, 1,1.89203
1, 18, 31, 20, 32, 2, 21, 17, 6, 28, 8, 10, 24, 11, 3, 14, 34, 12, 15, 22, 4, 23, 7, 30, 33, 19, 29, 27, 5, 25, 13, 16, 9, 26, 1,1.83921
1, 18, 31, 20, 32, 2, 21, 17, 13, 16, 9, 26, 11, 24, 3, 14, 34, 12, 15, 22, 4, 23, 7, 30, 33, 19, 29, 27, 5, 25, 6, 28, 8, 10, 1,1.89007
1, 18, 31, 20, 15, 12, 34, 14, 3, 11, 24, 26, 9, 16, 13, 17, 21, 2, 32, 22, 4, 23, 7, 30, 33, 19, 29, 27, 5, 25, 6, 28, 8, 10, 1,1.83182
1, 18, 31, 20, 15, 12, 34, 14, 3, 11, 24, 26, 9, 16, 13, 17, 21, 2, 32, 22, 4, 23, 7, 30, 33, 19, 29, 27, 5, 25, 6, 28, 8, 10, 1,1.83182
1, 18, 31, 20, 15, 12, 34, 14, 3, 11, 24, 26, 9, 16, 13, 17, 21, 2, 32, 22, 4, 23, 7, 30, 33, 19, 29, 27, 5, 25, 6, 28, 8, 10, 1,1.83182
1, 18, 31, 20, 15, 12, 34, 14, 3, 11, 24, 26, 9, 16, 13, 17, 21, 2, 32, 22, 4, 23, 7, 30, 33, 19, 29, 27, 5, 25, 6, 28, 8, 10, 1,1.83182
1, 18, 31, 20, 15, 12, 34, 14, 3, 11, 24, 26, 9, 16, 13, 17, 21, 2, 32, 22, 4, 23, 7, 30, 33, 19, 29, 27, 5, 25, 6, 28, 8, 10, 1,1.83182
1, 18, 31, 20, 15, 12, 34, 14, 3, 11, 24, 26, 9, 16, 13, 17, 21, 2, 32, 22, 4, 23, 7, 30, 33, 19, 29, 27, 5, 25, 6, 28, 8, 10, 1,1.83182
1, 18, 31, 20, 32, 2, 21, 17, 13, 3, 9, 26, 24, 11, 16, 14, 34, 12, 15, 22, 4, 23, 7, 30, 33, 19, 29, 27, 5, 25, 6, 28, 8, 10, 1,1.91918
1, 18, 31, 20, 32, 2, 21, 17, 13, 16, 11, 24, 26, 9, 3, 14, 34, 12, 15, 22, 4, 23, 7, 30, 33, 19, 29, 27, 5, 25, 6, 28, 8, 10, 1,1.91248
1, 10, 8, 28, 11, 24, 26, 9, 3, 13, 17, 21, 2, 32, 4, 22, 15, 12, 34, 14, 16, 6, 25, 5, 27, 29, 19, 33, 30, 7, 23, 20, 31, 18, 1,1.81961
1, 10, 8, 28, 11, 24, 26, 9, 3, 13, 17, 21, 2, 32, 4, 22, 15, 12, 34, 14, 16, 6, 25, 5, 27, 29, 19, 33, 30, 7, 23, 20, 31, 18, 1,1.81961
1, 18, 31, 20, 32, 2, 21, 17, 13, 16, 11, 24, 26, 9, 3, 14, 34, 12, 15, 22, 4, 23, 7, 30, 33, 19, 29, 27, 5, 25, 6, 28, 8, 10, 1,1.91248
1, 18, 31, 20, 32, 2, 21, 17, 16, 3, 9, 26, 24, 11, 13, 14, 34, 12, 15, 22, 4, 23, 7, 30, 33, 19, 29, 27, 5, 25, 6, 28, 8, 10, 1,1.90969
1, 18, 31, 20, 32, 2, 21, 17, 16, 3, 9, 26, 24, 11, 13, 14, 34, 12, 15, 22, 4, 23, 7, 30, 33, 19, 29, 27, 5, 25, 6, 28, 8, 10, 1,1.90969
1, 18, 31, 20, 32, 2, 21, 17, 16, 3, 9, 26, 24, 11, 13, 14, 34, 12, 15, 22, 4, 23, 7, 30, 33, 19, 29, 27, 5, 25, 6, 28, 8, 10, 1,1.90969
1, 18, 31, 20, 32, 2, 21, 17, 13, 16, 11, 24, 26, 9, 3, 14, 34, 12, 15, 22, 4, 23, 7, 30, 33, 19, 29, 27, 5, 25, 6, 28, 8, 10, 1,1.91248
1, 18, 31, 20, 32, 2, 21, 17, 13, 3, 9, 26, 24, 11, 16, 14, 34, 12, 15, 22, 4, 23, 7, 30, 33, 19, 29, 27, 5, 25, 6, 28, 8, 10, 1,1.91918
1, 18, 31, 20, 32, 4, 23, 7, 30, 33, 19, 29, 27, 5, 25, 14, 34, 12, 15, 22, 2, 21, 17, 13, 16, 3, 9, 26, 10, 8, 28, 6, 11, 24, 1,1.89324
1, 18, 31, 20, 4, 23, 7, 30, 33, 19, 29, 27, 5, 25, 6, 28, 8, 10, 15, 22, 32, 2, 21, 17, 13, 16, 14, 3, 9, 26, 24, 11, 34, 12, 1,1.9132
1, 18, 31, 20, 32, 2, 21, 17, 13, 3, 9, 26, 10, 24, 11, 16, 14, 34, 12, 15, 22, 4, 23, 7, 30, 33, 19, 29, 27, 5, 25, 6, 28, 8, 1,1.86069
1, 18, 31, 20, 32, 2, 21, 17, 13, 3, 9, 26, 10, 24, 11, 16, 14, 34, 12, 15, 22, 4, 23, 7, 30, 33, 19, 29, 27, 5, 25, 6, 28, 8, 1,1.86069
1, 18, 31, 20, 32, 2, 21, 17, 13, 3, 9, 26, 10, 8, 28, 11, 24, 6, 25, 5, 27, 29, 19, 33, 30, 7, 23, 4, 22, 15, 16, 14, 34, 12, 1,1.80481
1, 18, 31, 20, 32, 2, 21, 17, 13, 3, 9, 26, 10, 8, 28, 11, 24, 6, 25, 5, 27, 29, 19, 33, 30, 7, 23, 4, 22, 15, 16, 14, 34, 12, 1,1.80481
1, 18, 31, 20, 32, 2, 21, 17, 13, 3, 9, 26, 10, 8, 28, 24, 11, 6, 25, 5, 27, 29, 19, 33, 30, 7, 23, 4, 22, 15, 12, 34, 16, 14, 1,1.95104
1, 18, 31, 20, 32, 2, 21, 17, 13, 3, 9, 26, 10, 8, 28, 24, 11, 6, 25, 5, 27, 29, 19, 33, 30, 7, 23, 4, 22, 16, 14, 12, 15, 34, 1,1.75778
1, 18, 31, 20, 32, 2, 21, 17, 13, 3, 9, 26, 10, 8, 28, 24, 11, 6, 25, 5, 27, 29, 19, 33, 30, 7, 23, 4, 22, 16, 14, 12, 15, 34, 1,1.75778
1, 18, 31, 20, 4, 23, 7, 30, 33, 19, 29, 27, 5, 25, 6, 11, 24, 28, 8, 10, 26, 9, 3, 13, 17, 21, 2, 32, 22, 16, 14, 12, 15, 34, 1,1.74549
1, 18, 31, 20, 32, 22, 4, 2, 21, 17, 13, 3, 9, 10, 11, 28, 6, 25, 5, 27, 29, 19, 33, 30, 7, 23, 15, 12, 34, 26, 8, 24, 16, 14, 1,1.85883
1, 18, 31, 20, 32, 2, 21, 17, 13, 3, 9, 26, 10, 8, 24, 28, 11, 6, 25, 5, 27, 29, 19, 33, 30, 7, 23, 4, 22, 15, 12, 34, 16, 14, 1,1.85824
1, 18, 31, 20, 32, 2, 21, 17, 13, 3, 9, 26, 10, 8, 24, 28, 11, 6, 25, 5, 27, 29, 19, 33, 30, 7, 23, 4, 22, 16, 14, 34, 12, 15, 1,1.61399
1, 26, 9, 34, 12, 15, 18, 31, 20, 32, 22, 4, 23, 7, 30, 33, 19, 29, 27, 5, 25, 16, 14, 2, 21, 17, 13, 3, 10, 11, 28, 6, 24, 8, 1,1.86429
1, 18, 31, 20, 32, 2, 21, 17, 13, 3, 9, 26, 10, 16, 14, 8, 24, 28, 11, 6, 25, 5, 27, 29, 19, 33, 30, 7, 23, 4, 22, 15, 12, 34, 1,1.79061
1, 26, 9, 14, 16, 25, 5, 27, 29, 19, 33, 30, 7, 23, 4, 22, 3, 13, 17, 21, 2, 32, 20, 31, 18, 15, 12, 34, 10, 11, 28, 6, 24, 8, 1,1.88751
1, 26, 9, 34, 12, 15, 18, 31, 20, 32, 22, 4, 23, 7, 30, 33, 19, 29, 27, 5, 25, 16, 14, 2, 21, 17, 13, 6, 3, 10, 11, 28, 24, 8, 1,1.90923
1, 26, 9, 34, 12, 15, 18, 31, 20, 32, 22, 4, 23, 7, 30, 33, 19, 29, 27, 5, 25, 16, 14, 2, 21, 17, 13, 6, 3, 10, 11, 28, 24, 8, 1,1.90923
1, 26, 9, 34, 12, 15, 18, 31, 20, 32, 22, 4, 23, 7, 30, 33, 19, 29, 27, 5, 25, 16, 14, 2, 21, 17, 13, 6, 3, 10, 11, 28, 24, 8, 1,1.90923
1, 26, 9, 34, 12, 15, 18, 31, 20, 32, 22, 4, 23, 7, 30, 33, 19, 29, 27, 5, 25, 16, 14, 2, 21, 17, 13, 6, 3, 10, 11, 28, 24, 8, 1,1.90923
1, 26, 9, 34, 12, 15, 18, 31, 20, 32, 2, 22, 4, 23, 7, 30, 33, 19, 29, 27, 5, 25, 16, 14, 21, 17, 13, 3, 10, 11, 28, 6, 24, 8, 1,1.88397
1, 26, 9, 34, 12, 15, 18, 31, 20, 32, 2, 22, 4, 23, 7, 30, 33, 19, 29, 27, 5, 25, 16, 14, 21, 17, 13, 3, 10, 11, 28, 6, 24, 8, 1,1.88397
1, 18, 31, 26, 9, 34, 12, 15, 20, 32, 21, 2, 22, 4, 23, 7, 30, 33, 19, 29, 27, 5, 25, 16, 14, 17, 13, 3, 10, 11, 28, 6, 24, 8, 1,1.84032
1, 18, 31, 26, 9, 34, 12, 15, 20, 32, 21, 2, 22, 4, 23, 7, 30, 33, 19, 29, 27, 5, 25, 16, 14, 17, 13, 3, 10, 11, 28, 6, 24, 8, 1,1.84032
1, 18, 31, 26, 9, 34, 12, 15, 20, 32, 21, 2, 22, 4, 23, 7, 30, 33, 19, 29, 27, 5, 25, 16, 14, 17, 13, 3, 10, 11, 28, 6, 24, 8, 1,1.84032
1, 18, 31, 26, 9, 34, 12, 15, 20, 32, 21, 2, 22, 4, 23, 7, 30, 33, 19, 29, 27, 5, 25, 16, 14, 17, 13, 3, 10, 11, 28, 6, 24, 8, 1,1.84032
1, 34, 12, 15, 18, 31, 20, 32, 22, 4, 23, 7, 30, 33, 19, 29, 27, 5, 25, 16, 14, 2, 21, 17, 13, 3, 10, 26, 11, 28, 6, 24, 8, 9, 1,1.75357
1, 34, 12, 15, 18, 31, 20, 32, 22, 4, 23, 7, 30, 33, 19, 29, 27, 5, 25, 16, 14, 2, 21, 17, 13, 3, 10, 26, 11, 28, 6, 24, 8, 9, 1,1.75357
1, 26, 9, 34, 12, 15, 18, 31, 20, 32, 22, 4, 23, 7, 30, 33, 19, 29, 27, 5, 25, 16, 14, 2, 21, 17, 13, 3, 6, 28, 11, 10, 24, 8, 1,1.66688
1, 18, 31, 26, 9, 34, 12, 15, 20, 32, 21, 2, 22, 4, 23, 7, 30, 33, 19, 29, 27, 5, 25, 13, 17, 14, 16, 3, 8, 11, 28, 6, 24, 10, 1,1.66442
1, 18, 31, 26, 9, 34, 12, 15, 20, 32, 21, 2, 22, 4, 23, 7, 30, 33, 19, 29, 27, 5, 25, 13, 17, 14, 16, 3, 8, 11, 28, 6, 24, 10, 1,1.66442
1, 18, 31, 26, 9, 8, 24, 6, 28, 11, 10, 3, 13, 17, 14, 16, 25, 5, 27, 29, 19, 33, 30, 7, 23, 4, 22, 2, 21, 32, 20, 15, 12, 34, 1,1.63161
1, 18, 31, 26, 9, 34, 12, 15, 20, 32, 21, 2, 22, 4, 23, 7, 30, 33, 19, 29, 27, 5, 25, 13, 17, 14, 16, 3, 8, 11, 28, 6, 24, 10, 1,1.66442
1, 18, 31, 26, 9, 34, 12, 15, 20, 32, 21, 2, 22, 4, 23, 7, 30, 33, 19, 29, 27, 5, 25, 13, 17, 14, 16, 3, 8, 11, 28, 6, 24, 10, 1,1.66442
1, 18, 31, 26, 9, 34, 12, 15, 20, 32, 21, 2, 22, 4, 23, 7, 30, 33, 19, 29, 27, 5, 25, 13, 17, 14, 16, 3, 8, 11, 28, 6, 24, 10, 1,1.66442
1, 18, 31, 26, 9, 34, 12, 15, 20, 32, 21, 2, 22, 4, 23, 7, 30, 33, 19, 29, 27, 5, 25, 13, 17, 16, 3, 14, 8, 11, 28, 6, 24, 10, 1,1.6642
1, 18, 31, 26, 9, 34, 12, 15, 20, 32, 21, 2, 22, 4, 23, 7, 30, 33, 19, 29, 27, 5, 25, 13, 17, 16, 3, 14, 8, 11, 28, 6, 24, 10, 1,1.6642
1, 18, 31, 26, 9, 34, 12, 15, 20, 32, 21, 2, 22, 4, 23, 7, 30, 33, 19, 29, 27, 5, 25, 13, 16, 17, 14, 3, 6, 28, 11, 8, 24, 10, 1,1.57915
1, 18, 31, 26, 9, 8, 24, 6, 28, 11, 10, 3, 17, 14, 16, 13, 25, 5, 27, 29, 19, 33, 30, 7, 23, 4, 22, 2, 21, 32, 20, 15, 12, 34, 1,1.53857
1, 18, 31, 26, 9, 8, 24, 6, 28, 11, 10, 3, 17, 14, 16, 13, 25, 5, 27, 29, 19, 33, 30, 7, 23, 4, 22, 2, 21, 32, 20, 15, 12, 34, 1,1.53857
1, 18, 31, 26, 9, 8, 24, 6, 28, 11, 10, 3, 16, 14, 17, 13, 25, 5, 27, 29, 19, 33, 30, 7, 23, 4, 22, 2, 21, 32, 20, 34, 12, 15, 1,1.52779
1, 18, 31, 26, 9, 8, 24, 6, 28, 11, 10, 3, 17, 14, 16, 13, 25, 5, 27, 29, 19, 33, 30, 7, 23, 4, 22, 2, 21, 32, 20, 15, 12, 34, 1,1.53857
1, 18, 31, 15, 20, 32, 21, 2, 22, 4, 23, 7, 30, 33, 19, 29, 27, 5, 25, 13, 16, 14, 17, 3, 8, 11, 28, 6, 10, 24, 26, 9, 34, 12, 1,1.53736
1, 18, 31, 26, 9, 3, 14, 17, 16, 13, 25, 5, 27, 29, 19, 33, 30, 7, 23, 4, 22, 2, 21, 32, 20, 12, 15, 34, 8, 11, 28, 6, 24, 10, 1,1.62882
1, 18, 31, 26, 9, 34, 12, 15, 20, 32, 21, 2, 22, 4, 23, 7, 30, 33, 19, 29, 27, 5, 25, 13, 16, 14, 17, 3, 8, 24, 6, 28, 11, 10, 1,1.64884
1, 18, 31, 26, 9, 34, 12, 15, 20, 32, 21, 2, 22, 4, 23, 7, 30, 33, 19, 29, 27, 5, 25, 13, 16, 14, 17, 3, 8, 24, 6, 28, 11, 10, 1,1.64884
1, 18, 31, 26, 9, 34, 12, 15, 20, 32, 21, 2, 22, 4, 23, 7, 30, 33, 19, 29, 27, 5, 25, 13, 16, 14, 17, 3, 8, 24, 6, 28, 11, 10, 1,1.64884
1, 18, 12, 15, 34, 31, 26, 9, 10, 24, 6, 28, 11, 8, 3, 14, 17, 16, 13, 25, 5, 27, 29, 19, 33, 30, 7, 23, 4, 22, 2, 21, 32, 20, 1,1.59092
1, 18, 31, 26, 9, 34, 15, 12, 20, 32, 21, 2, 22, 4, 23, 7, 30, 33, 19, 29, 27, 5, 25, 13, 16, 17, 14, 3, 8, 11, 28, 6, 24, 10, 1,1.65712
1, 18, 31, 26, 9, 34, 12, 15, 20, 32, 21, 2, 22, 4, 23, 7, 30, 33, 19, 29, 27, 5, 25, 13, 16, 17, 14, 3, 6, 28, 11, 8, 24, 10, 1,1.57915
1, 18, 31, 26, 9, 34, 15, 12, 20, 32, 21, 2, 22, 4, 23, 7, 30, 33, 19, 29, 27, 5, 25, 13, 16, 17, 14, 3, 8, 6, 28, 11, 24, 10, 1,1.64569
1, 18, 31, 26, 9, 34, 15, 12, 20, 32, 21, 2, 22, 4, 23, 7, 30, 33, 19, 29, 27, 5, 25, 13, 16, 17, 14, 3, 8, 6, 28, 11, 24, 10, 1,1.64569
1, 18, 31, 26, 9, 34, 15, 12, 20, 32, 21, 2, 22, 4, 23, 7, 30, 33, 19, 29, 27, 5, 25, 13, 16, 17, 14, 3, 8, 6, 28, 11, 24, 10, 1,1.64569
1, 18, 31, 26, 9, 34, 15, 12, 20, 32, 21, 2, 22, 4, 23, 7, 30, 33, 19, 29, 27, 5, 25, 13, 16, 17, 14, 3, 8, 6, 28, 11, 24, 10, 1,1.64569
1, 18, 31, 26, 9, 34, 15, 12, 20, 4, 22, 2, 21, 32, 23, 7, 30, 33, 19, 29, 27, 5, 25, 13, 16, 17, 14, 3, 8, 6, 28, 11, 24, 10, 1,1.63892
1, 18, 31, 26, 9, 34, 12, 15, 20, 22, 21, 2, 32, 4, 23, 7, 30, 33, 19, 29, 27, 5, 25, 13, 16, 17, 14, 3, 8, 6, 28, 11, 24, 10, 1,1.6297
1, 18, 31, 26, 9, 10, 24, 11, 28, 6, 8, 3, 14, 17, 16, 13, 25, 5, 27, 29, 19, 33, 30, 7, 23, 4, 22, 2, 21, 32, 20, 12, 15, 34, 1,1.47621
1, 31, 18, 26, 9, 10, 24, 11, 28, 6, 8, 3, 14, 17, 16, 13, 25, 5, 27, 29, 19, 33, 30, 7, 23, 4, 22, 2, 21, 32, 20, 12, 15, 34, 1,1.40924
1, 18, 31, 26, 9, 34, 15, 12, 20, 4, 32, 21, 2, 22, 23, 7, 30, 33, 19, 29, 27, 5, 25, 13, 16, 17, 14, 3, 8, 6, 28, 11, 24, 10, 1,1.63315
1, 18, 31, 26, 9, 34, 15, 12, 20, 4, 32, 21, 2, 22, 23, 7, 30, 33, 19, 29, 27, 5, 25, 13, 16, 17, 14, 3, 8, 6, 28, 11, 24, 10, 1,1.63315
1, 18, 31, 26, 9, 34, 15, 12, 20, 4, 32, 21, 2, 22, 23, 7, 30, 33, 19, 29, 27, 5, 25, 13, 16, 17, 14, 3, 8, 6, 28, 11, 24, 10, 1,1.63315
1, 18, 31, 26, 9, 34, 12, 15, 20, 4, 32, 21, 2, 22, 23, 7, 30, 33, 19, 29, 27, 5, 25, 13, 16, 17, 14, 3, 8, 6, 28, 11, 24, 10, 1,1.6427
1, 18, 31, 26, 9, 34, 12, 15, 20, 4, 32, 21, 2, 22, 23, 7, 30, 33, 19, 29, 27, 5, 25, 13, 16, 17, 14, 3, 8, 6, 28, 11, 24, 10, 1,1.6427
1, 18, 31, 26, 10, 24, 6, 28, 11, 8, 3, 14, 17, 16, 13, 25, 5, 27, 29, 19, 33, 30, 7, 23, 4, 22, 2, 21, 32, 20, 15, 12, 34, 9, 1,1.60888
1, 18, 31, 12, 34, 9, 26, 15, 20, 32, 21, 2, 22, 4, 23, 7, 30, 33, 19, 29, 27, 5, 25, 13, 16, 17, 14, 3, 8, 6, 28, 11, 24, 10, 1,1.60332
1, 18, 31, 12, 34, 9, 26, 15, 20, 32, 21, 2, 22, 4, 23, 7, 30, 33, 19, 29, 27, 5, 25, 13, 16, 17, 14, 3, 8, 6, 28, 11, 24, 10, 1,1.60332
1, 18, 31, 12, 26, 9, 34, 15, 20, 32, 21, 2, 22, 4, 23, 7, 30, 33, 19, 29, 27, 5, 25, 13, 16, 17, 14, 3, 8, 6, 28, 11, 24, 10, 1,1.61102
1, 18, 31, 12, 26, 8, 3, 14, 17, 16, 13, 25, 5, 27, 29, 19, 33, 30, 7, 23, 4, 22, 2, 21, 32, 20, 15, 34, 9, 6, 28, 11, 24, 10, 1,1.56069
1, 18, 31, 12, 26, 8, 3, 14, 17, 16, 13, 25, 5, 27, 29, 19, 33, 30, 7, 23, 4, 22, 2, 21, 32, 20, 15, 34, 9, 6, 28, 11, 24, 10, 1,1.56069
1, 26, 9, 34, 12, 15, 20, 4, 32, 21, 2, 22, 23, 7, 30, 33, 19, 29, 27, 5, 25, 13, 17, 16, 14, 3, 8, 11, 28, 6, 24, 10, 18, 31, 1,1.58542
1, 18, 31, 26, 9, 10, 24, 11, 28, 6, 8, 3, 14, 17, 16, 13, 25, 5, 27, 29, 19, 33, 4, 7, 23, 30, 22, 2, 21, 32, 20, 15, 12, 34, 1,1.5644
1, 18, 31, 26, 9, 10, 24, 11, 28, 6, 8, 3, 14, 17, 16, 13, 25, 5, 27, 29, 19, 33, 4, 7, 23, 30, 22, 2, 21, 32, 20, 15, 12, 34, 1,1.5644
1, 18, 31, 26, 9, 10, 24, 11, 28, 6, 8, 3, 14, 17, 16, 13, 25, 5, 27, 29, 19, 33, 4, 7, 23, 30, 22, 2, 21, 32, 20, 15, 12, 34, 1,1.5644
1, 18, 31, 26, 9, 10, 24, 11, 28, 6, 8, 3, 14, 17, 16, 13, 25, 5, 27, 29, 19, 33, 4, 7, 23, 30, 22, 2, 21, 32, 20, 15, 12, 34, 1,1.5644
1, 18, 31, 26, 9, 34, 12, 15, 20, 4, 32, 21, 2, 22, 23, 7, 30, 33, 19, 29, 27, 5, 25, 13, 16, 17, 14, 3, 8, 6, 28, 11, 24, 10, 1,1.6427
1, 18, 31, 26, 9, 34, 12, 15, 20, 4, 32, 21, 2, 22, 23, 7, 30, 33, 19, 29, 27, 5, 25, 13, 16, 17, 14, 3, 8, 6, 28, 11, 24, 10, 1,1.6427
1, 18, 31, 26, 9, 34, 12, 15, 20, 4, 32, 21, 2, 22, 23, 7, 30, 33, 19, 29, 27, 5, 25, 13, 16, 17, 14, 3, 8, 6, 28, 11, 24, 10, 1,1.6427
1, 18, 31, 26, 9, 34, 12, 15, 20, 4, 32, 21, 2, 22, 23, 7, 30, 33, 19, 29, 27, 5, 25, 13, 16, 14, 17, 3, 8, 6, 28, 11, 24, 10, 1,1.64349
1, 18, 31, 26, 9, 34, 12, 15, 20, 4, 32, 21, 2, 22, 23, 7, 30, 33, 19, 29, 27, 5, 25, 8, 3, 14, 17, 16, 13, 6, 28, 11, 24, 10, 1,1.77767
1, 18, 31, 26, 9, 8, 34, 12, 15, 20, 4, 32, 21, 2, 22, 23, 7, 30, 33, 19, 29, 27, 5, 25, 3, 14, 17, 16, 13, 6, 28, 11, 24, 10, 1,1.56567
1, 18, 31, 8, 26, 9, 34, 10, 24, 11, 28, 6, 13, 16, 17, 14, 3, 25, 5, 27, 29, 19, 33, 30, 7, 23, 22, 2, 21, 32, 4, 20, 15, 12, 1,1.65815
1, 18, 31, 8, 26, 9, 34, 12, 15, 20, 32, 21, 2, 22, 4, 23, 7, 30, 33, 19, 29, 27, 5, 25, 13, 16, 17, 14, 3, 6, 28, 11, 24, 10, 1,1.6615
1, 18, 31, 8, 26, 34, 9, 10, 24, 11, 28, 6, 13, 16, 17, 14, 3, 25, 5, 27, 29, 19, 33, 30, 7, 23, 4, 22, 2, 21, 32, 20, 15, 12, 1,1.59478
1, 18, 31, 8, 26, 34, 20, 32, 21, 2, 22, 4, 23, 7, 30, 33, 19, 29, 27, 5, 25, 3, 14, 17, 16, 13, 6, 28, 11, 24, 10, 9, 15, 12, 1,1.60078
1, 18, 31, 8, 26, 34, 20, 32, 21, 2, 22, 4, 23, 7, 30, 33, 19, 29, 27, 5, 25, 3, 14, 17, 16, 13, 6, 28, 11, 24, 10, 9, 12, 15, 1,1.64309
1, 18, 31, 26, 8, 24, 11, 28, 6, 13, 16, 17, 14, 3, 25, 5, 27, 29, 19, 33, 30, 7, 23, 22, 2, 21, 32, 4, 20, 15, 12, 34, 9, 10, 1,1.55682
1, 18, 31, 8, 26, 9, 34, 12, 15, 20, 4, 32, 21, 2, 22, 23, 7, 30, 33, 19, 29, 27, 5, 25, 3, 14, 17, 16, 13, 6, 28, 11, 24, 10, 1,1.65686
1, 18, 31, 26, 8, 9, 34, 12, 15, 20, 4, 32, 21, 2, 22, 23, 7, 30, 33, 19, 29, 27, 5, 25, 3, 14, 17, 16, 13, 6, 28, 11, 24, 10, 1,1.50613
1, 18, 31, 26, 8, 9, 34, 12, 15, 20, 4, 32, 21, 2, 22, 23, 7, 30, 33, 19, 29, 27, 5, 25, 3, 14, 17, 16, 13, 6, 28, 11, 24, 10, 1,1.50613
1, 18, 31, 26, 8, 9, 34, 12, 15, 20, 4, 32, 21, 2, 22, 23, 7, 30, 33, 19, 29, 27, 5, 25, 3, 14, 17, 16, 13, 6, 28, 11, 24, 10, 1,1.50613
1, 18, 31, 26, 8, 9, 34, 12, 15, 20, 4, 32, 21, 2, 22, 23, 7, 30, 33, 19, 29, 27, 5, 25, 3, 14, 17, 16, 13, 6, 28, 11, 24, 10, 1,1.50613
1, 18, 31, 8, 26, 9, 34, 12, 15, 20, 4, 32, 2, 21, 22, 23, 7, 30, 33, 19, 29, 27, 5, 25, 3, 14, 17, 16, 13, 6, 28, 11, 24, 10, 1,1.6437
1, 10, 24, 11, 28, 6, 13, 16, 17, 14, 3, 25, 5, 27, 29, 19, 33, 30, 7, 23, 22, 2, 21, 32, 4, 20, 15, 12, 34, 9, 26, 8, 31, 18, 1,1.65686
1, 31, 18, 8, 26, 9, 34, 12, 15, 20, 32, 21, 2, 22, 4, 23, 7, 30, 33, 19, 29, 27, 5, 25, 3, 14, 17, 16, 13, 6, 28, 11, 24, 10, 1,1.5888
1, 31, 18, 8, 26, 9, 34, 12, 15, 20, 32, 21, 2, 22, 4, 23, 7, 30, 33, 19, 29, 27, 5, 25, 3, 14, 17, 16, 13, 6, 28, 11, 24, 10, 1,1.5888
1, 31, 18, 8, 26, 9, 34, 12, 15, 20, 32, 21, 2, 22, 4, 23, 7, 30, 33, 19, 29, 27, 5, 25, 3, 14, 17, 16, 13, 6, 28, 11, 24, 10, 1,1.5888
1, 31, 18, 8, 26, 9, 34, 12, 15, 20, 32, 21, 2, 22, 4, 23, 7, 30, 33, 19, 29, 27, 5, 25, 3, 14, 17, 16, 13, 6, 28, 11, 24, 10, 1,1.5888
1, 31, 18, 8, 26, 9, 34, 12, 15, 20, 32, 21, 2, 22, 4, 23, 7, 30, 33, 19, 29, 27, 5, 25, 3, 14, 17, 16, 13, 6, 28, 11, 24, 10, 1,1.5888
1, 31, 18, 8, 26, 9, 34, 12, 15, 20, 32, 21, 2, 22, 4, 23, 7, 30, 33, 19, 29, 27, 5, 25, 3, 14, 17, 16, 13, 6, 28, 11, 24, 10, 1,1.5888
1, 31, 18, 8, 26, 9, 10, 24, 11, 28, 6, 13, 16, 17, 14, 3, 25, 5, 27, 29, 19, 33, 30, 7, 23, 2, 22, 21, 32, 4, 20, 15, 12, 34, 1,1.47157
1, 31, 18, 8, 26, 9, 34, 12, 15, 20, 32, 21, 30, 7, 23, 4, 22, 2, 33, 19, 29, 27, 5, 25, 3, 14, 17, 16, 13, 6, 28, 11, 24, 10, 1,1.6203
1, 31, 18, 8, 26, 9, 34, 12, 15, 20, 32, 21, 30, 7, 23, 4, 22, 2, 33, 19, 29, 27, 5, 25, 3, 14, 17, 16, 13, 6, 28, 11, 24, 10, 1,1.6203
1, 18, 31, 8, 10, 24, 11, 28, 6, 13, 16, 17, 14, 3, 25, 5, 27, 29, 19, 33, 30, 7, 23, 22, 2, 21, 32, 4, 20, 15, 12, 34, 9, 26, 1,1.55571
1, 31, 18, 8, 26, 9, 34, 12, 15, 20, 4, 32, 21, 2, 22, 23, 7, 30, 33, 19, 29, 27, 5, 25, 3, 14, 17, 16, 13, 6, 28, 11, 24, 10, 1,1.57626
1, 31, 18, 8, 26, 9, 34, 12, 15, 20, 4, 32, 21, 2, 22, 23, 7, 30, 33, 19, 29, 27, 5, 25, 3, 14, 17, 16, 13, 6, 28, 11, 24, 10, 1,1.57626
1, 31, 18, 8, 26, 9, 34, 12, 15, 20, 4, 32, 21, 2, 22, 23, 7, 30, 33, 19, 29, 27, 5, 25, 3, 14, 17, 16, 13, 6, 28, 11, 24, 10, 1,1.57626
1, 18, 31, 34, 26, 9, 8, 12, 15, 20, 4, 32, 21, 2, 22, 23, 7, 30, 33, 19, 29, 27, 5, 25, 3, 14, 17, 16, 13, 6, 28, 11, 24, 10, 1,1.57582
1, 18, 31, 34, 26, 9, 8, 12, 15, 20, 4, 32, 21, 2, 22, 23, 7, 30, 33, 19, 29, 27, 5, 25, 3, 14, 17, 16, 13, 6, 28, 11, 24, 10, 1,1.57582
1, 26, 8, 9, 34, 12, 15, 20, 4, 32, 21, 2, 22, 23, 7, 30, 33, 19, 29, 27, 5, 25, 3, 14, 17, 16, 13, 6, 28, 11, 24, 10, 18, 31, 1,1.43918
1, 26, 8, 9, 34, 12, 15, 20, 4, 32, 21, 2, 22, 23, 7, 30, 33, 19, 29, 27, 5, 25, 3, 14, 17, 16, 13, 6, 28, 11, 24, 10, 18, 31, 1,1.43918
1, 18, 31, 34, 26, 8, 9, 12, 15, 20, 4, 32, 21, 2, 22, 23, 7, 30, 33, 19, 29, 27, 5, 25, 3, 14, 17, 16, 13, 6, 28, 11, 24, 10, 1,1.52198
1, 18, 31, 8, 26, 9, 10, 24, 11, 28, 6, 13, 16, 17, 14, 3, 25, 5, 27, 29, 19, 33, 30, 7, 23, 22, 2, 21, 32, 4, 20, 15, 12, 34, 1,1.48737
1, 18, 31, 34, 26, 8, 9, 10, 24, 11, 28, 6, 13, 16, 17, 14, 3, 25, 5, 27, 29, 19, 33, 30, 7, 23, 22, 2, 21, 32, 4, 20, 15, 12, 1,1.29643
1, 18, 31, 8, 26, 9, 10, 24, 11, 28, 6, 13, 16, 17, 14, 3, 25, 5, 27, 29, 19, 33, 30, 7, 23, 22, 2, 21, 32, 4, 20, 15, 12, 34, 1,1.48737
1, 18, 12, 31, 8, 26, 9, 10, 24, 11, 28, 6, 13, 16, 17, 14, 3, 25, 5, 27, 29, 19, 33, 30, 7, 23, 22, 2, 21, 32, 4, 20, 15, 34, 1,1.51924
1, 18, 12, 31, 8, 26, 9, 10, 24, 11, 28, 6, 13, 16, 17, 14, 3, 25, 5, 27, 29, 19, 33, 30, 7, 23, 22, 2, 21, 32, 4, 20, 34, 15, 1,1.51149
1, 18, 12, 31, 8, 26, 9, 10, 24, 11, 28, 6, 13, 16, 17, 14, 3, 25, 5, 27, 29, 19, 33, 30, 7, 23, 22, 2, 21, 32, 4, 20, 34, 15, 1,1.51149
1, 18, 31, 8, 26, 9, 34, 12, 15, 20, 4, 32, 21, 2, 22, 23, 7, 30, 33, 19, 29, 27, 5, 25, 3, 14, 17, 16, 13, 6, 28, 11, 24, 10, 1,1.65686
1, 18, 31, 8, 26, 9, 34, 12, 15, 20, 4, 32, 21, 2, 22, 23, 7, 30, 33, 19, 29, 27, 5, 25, 3, 14, 17, 16, 13, 6, 28, 11, 24, 10, 1,1.65686
1, 18, 31, 8, 26, 9, 34, 12, 15, 20, 4, 32, 21, 2, 22, 23, 7, 30, 33, 19, 29, 27, 5, 25, 3, 14, 17, 16, 13, 6, 28, 11, 24, 10, 1,1.65686
1, 18, 31, 8, 26, 9, 34, 12, 15, 20, 4, 32, 21, 2, 22, 23, 7, 30, 33, 19, 29, 27, 5, 25, 3, 14, 17, 16, 13, 6, 28, 11, 24, 10, 1,1.65686
1, 12, 18, 31, 8, 26, 9, 34, 15, 20, 4, 32, 21, 2, 22, 23, 7, 30, 33, 19, 29, 27, 5, 25, 3, 14, 17, 16, 13, 6, 28, 11, 24, 10, 1,1.68413
1, 12, 18, 31, 34, 26, 9, 8, 15, 20, 4, 32, 21, 2, 22, 23, 7, 30, 33, 19, 29, 27, 5, 25, 3, 14, 17, 16, 13, 6, 28, 11, 24, 10, 1,1.57874
1, 12, 18, 31, 34, 26, 9, 8, 15, 20, 4, 32, 21, 2, 22, 23, 7, 30, 33, 19, 29, 27, 5, 25, 3, 14, 17, 16, 13, 6, 28, 11, 24, 10, 1,1.57874
1, 12, 18, 31, 34, 26, 9, 8, 15, 20, 4, 32, 21, 2, 22, 23, 7, 30, 33, 19, 29, 27, 5, 25, 3, 14, 17, 16, 13, 6, 28, 11, 24, 10, 1,1.57874
1, 12, 18, 31, 34, 26, 8, 9, 15, 20, 4, 32, 21, 2, 22, 23, 7, 30, 33, 19, 29, 27, 5, 25, 3, 14, 17, 16, 13, 6, 28, 11, 24, 10, 1,1.52185
1, 12, 18, 31, 34, 26, 9, 8, 15, 20, 4, 32, 21, 2, 22, 23, 7, 30, 33, 19, 29, 27, 5, 25, 3, 14, 17, 16, 13, 6, 28, 11, 24, 10, 1,1.57874
1, 12, 18, 31, 34, 26, 9, 8, 15, 20, 4, 32, 21, 2, 22, 23, 7, 30, 33, 19, 29, 27, 5, 25, 3, 14, 17, 16, 13, 6, 28, 11, 24, 10, 1,1.57874
1, 12, 18, 31, 34, 26, 9, 8, 15, 20, 4, 32, 21, 2, 22, 23, 7, 30, 33, 19, 29, 27, 5, 25, 3, 14, 17, 16, 13, 6, 28, 11, 24, 10, 1,1.57874
1, 8, 9, 26, 34, 31, 18, 12, 15, 20, 4, 32, 21, 2, 22, 23, 7, 30, 33, 19, 29, 27, 5, 25, 3, 14, 17, 16, 13, 6, 28, 11, 24, 10, 1,1.61379
1, 8, 9, 26, 34, 31, 18, 12, 15, 20, 4, 32, 21, 2, 22, 23, 7, 30, 33, 19, 29, 27, 5, 25, 3, 14, 17, 16, 13, 6, 28, 11, 24, 10, 1,1.61379
1, 12, 18, 31, 34, 26, 9, 8, 15, 20, 4, 32, 2, 21, 22, 7, 23, 30, 33, 19, 29, 27, 5, 25, 3, 14, 17, 16, 13, 6, 28, 11, 24, 10, 1,1.62729
1, 18, 31, 34, 26, 8, 9, 15, 20, 30, 32, 22, 21, 2, 4, 7, 23, 33, 19, 29, 27, 5, 25, 3, 14, 17, 16, 13, 6, 28, 11, 24, 10, 12, 1,1.6038
1, 12, 18, 31, 34, 26, 9, 8, 15, 20, 4, 32, 2, 21, 22, 7, 23, 30, 33, 19, 29, 27, 5, 25, 3, 14, 17, 16, 13, 6, 28, 11, 24, 10, 1,1.62729
1, 12, 18, 31, 34, 26, 8, 9, 15, 20, 30, 32, 22, 21, 2, 7, 23, 4, 33, 19, 29, 27, 5, 25, 3, 14, 17, 16, 13, 6, 28, 11, 24, 10, 1,1.62989
1, 12, 18, 31, 34, 26, 8, 9, 15, 20, 30, 32, 22, 21, 2, 7, 23, 4, 33, 19, 29, 27, 5, 25, 3, 14, 17, 16, 13, 6, 28, 11, 24, 10, 1,1.62989
1, 12, 18, 31, 34, 26, 8, 9, 15, 20, 30, 32, 22, 21, 2, 7, 23, 4, 33, 19, 29, 27, 5, 25, 3, 14, 17, 16, 13, 6, 28, 11, 24, 10, 1,1.62989
1, 12, 18, 31, 34, 26, 8, 9, 10, 24, 11, 28, 6, 13, 16, 17, 14, 3, 25, 5, 27, 29, 19, 33, 30, 7, 23, 22, 32, 4, 20, 21, 2, 15, 1,1.54416
1, 12, 18, 31, 34, 26, 8, 9, 10, 24, 11, 28, 6, 13, 16, 17, 14, 3, 25, 5, 27, 29, 19, 33, 30, 7, 23, 22, 32, 4, 20, 21, 2, 15, 1,1.54416
1, 12, 18, 31, 34, 26, 8, 9, 15, 20, 30, 32, 22, 21, 2, 7, 4, 23, 33, 19, 29, 27, 5, 25, 3, 14, 17, 16, 13, 6, 28, 11, 24, 10, 1,1.63183
1, 12, 18, 31, 34, 26, 8, 9, 15, 20, 30, 32, 22, 21, 2, 7, 4, 23, 33, 19, 29, 27, 5, 25, 3, 14, 17, 16, 13, 6, 28, 11, 24, 10, 1,1.63183
1, 12, 18, 31, 34, 26, 8, 9, 15, 20, 30, 32, 22, 2, 21, 4, 23, 7, 33, 19, 29, 27, 5, 25, 3, 14, 17, 16, 13, 6, 28, 11, 24, 10, 1,1.61675
1, 12, 18, 31, 34, 26, 8, 9, 15, 20, 30, 32, 22, 2, 21, 4, 23, 7, 33, 19, 29, 27, 5, 25, 3, 14, 17, 16, 13, 6, 28, 11, 24, 10, 1,1.61675
1, 12, 18, 31, 34, 26, 8, 9, 15, 20, 30, 32, 22, 21, 2, 7, 4, 23, 33, 19, 29, 27, 5, 25, 3, 14, 17, 16, 13, 6, 28, 11, 24, 10, 1,1.63183
1, 12, 18, 31, 34, 26, 8, 9, 15, 20, 30, 32, 22, 21, 2, 7, 4, 23, 33, 19, 29, 27, 5, 25, 3, 14, 17, 16, 13, 6, 28, 11, 24, 10, 1,1.63183
1, 12, 18, 31, 34, 26, 8, 9, 15, 20, 30, 32, 22, 21, 2, 4, 7, 23, 33, 19, 29, 27, 5, 25, 3, 14, 17, 16, 13, 6, 28, 11, 24, 10, 1,1.60888
1, 12, 18, 31, 34, 26, 8, 9, 15, 20, 4, 30, 32, 22, 21, 2, 7, 23, 33, 19, 29, 27, 5, 25, 3, 14, 17, 16, 13, 6, 28, 11, 24, 10, 1,1.60161
1, 10, 24, 11, 28, 6, 13, 16, 17, 14, 3, 25, 5, 27, 29, 19, 33, 23, 7, 4, 2, 21, 22, 32, 30, 20, 15, 9, 8, 26, 34, 12, 18, 31, 1,1.55628
1, 10, 24, 11, 28, 6, 13, 16, 17, 14, 3, 25, 5, 27, 29, 19, 33, 23, 7, 4, 2, 21, 22, 32, 30, 20, 15, 9, 8, 26, 34, 12, 18, 31, 1,1.55628
1, 12, 18, 31, 34, 26, 8, 9, 15, 20, 30, 32, 22, 21, 2, 7, 4, 23, 33, 19, 29, 27, 5, 25, 3, 14, 17, 16, 13, 6, 28, 11, 24, 10, 1,1.63183
1, 18, 31, 34, 26, 8, 9, 15, 12, 20, 30, 32, 22, 21, 2, 7, 4, 23, 33, 19, 29, 27, 5, 25, 3, 14, 17, 16, 13, 6, 28, 11, 24, 10, 1,1.59501
1, 12, 18, 31, 34, 26, 8, 9, 15, 20, 30, 32, 22, 21, 2, 7, 4, 23, 33, 19, 29, 27, 5, 25, 3, 14, 17, 16, 13, 6, 28, 11, 24, 10, 1,1.63183
1, 12, 18, 31, 34, 26, 8, 9, 15, 20, 30, 32, 22, 21, 2, 7, 4, 23, 33, 19, 29, 27, 5, 25, 3, 14, 17, 16, 13, 6, 28, 11, 24, 10, 1,1.63183
1, 12, 18, 31, 34, 26, 8, 9, 15, 20, 30, 7, 22, 21, 2, 32, 4, 23, 33, 19, 29, 27, 5, 25, 3, 14, 17, 16, 13, 6, 28, 11, 24, 10, 1,1.59439
1, 12, 18, 31, 34, 26, 8, 9, 15, 20, 30, 7, 22, 21, 2, 32, 4, 23, 33, 19, 29, 27, 5, 25, 3, 14, 17, 16, 13, 6, 28, 11, 24, 10, 1,1.59439
1, 12, 18, 31, 34, 26, 8, 9, 15, 20, 30, 7, 22, 21, 2, 32, 4, 23, 33, 19, 29, 27, 5, 25, 3, 14, 17, 16, 13, 6, 28, 11, 24, 10, 1,1.59439
1, 12, 18, 31, 34, 26, 8, 9, 15, 20, 30, 7, 22, 21, 2, 32, 4, 23, 33, 19, 29, 27, 5, 25, 3, 14, 17, 16, 13, 6, 28, 11, 24, 10, 1,1.59439
1, 12, 18, 31, 34, 26, 8, 9, 15, 20, 30, 4, 7, 32, 22, 21, 2, 23, 33, 19, 29, 27, 5, 25, 3, 14, 17, 16, 13, 6, 28, 11, 24, 10, 1,1.5993
1, 12, 18, 31, 34, 26, 8, 9, 15, 20, 30, 4, 7, 22, 21, 2, 32, 23, 33, 19, 29, 27, 5, 25, 3, 14, 17, 16, 13, 6, 28, 11, 24, 10, 1,1.61842
1, 12, 18, 31, 34, 26, 8, 9, 15, 20, 30, 4, 7, 22, 21, 2, 32, 23, 33, 19, 29, 27, 5, 25, 3, 14, 17, 16, 13, 6, 28, 11, 24, 10, 1,1.61842
1, 12, 18, 31, 34, 26, 8, 9, 15, 20, 30, 32, 22, 21, 2, 7, 4, 23, 33, 19, 29, 27, 5, 25, 17, 14, 3, 16, 13, 6, 28, 11, 24, 10, 1,1.59795
1, 12, 10, 24, 11, 28, 6, 13, 16, 3, 14, 17, 25, 5, 27, 29, 19, 33, 23, 4, 7, 2, 21, 22, 32, 30, 20, 15, 9, 8, 26, 34, 31, 18, 1,1.59287
1, 12, 18, 31, 34, 26, 8, 9, 15, 20, 23, 4, 7, 2, 21, 22, 32, 30, 33, 19, 29, 27, 5, 25, 3, 14, 17, 16, 13, 6, 28, 11, 24, 10, 1,1.5615
1, 12, 18, 31, 34, 26, 8, 9, 15, 20, 23, 4, 7, 2, 21, 22, 32, 30, 33, 19, 29, 27, 5, 25, 3, 14, 17, 16, 13, 6, 28, 11, 24, 10, 1,1.5615
1, 12, 18, 31, 34, 26, 8, 9, 10, 24, 11, 28, 6, 13, 16, 17, 14, 3, 25, 5, 27, 29, 19, 33, 23, 32, 2, 21, 22, 7, 4, 30, 20, 15, 1,1.43518
1, 31, 18, 12, 34, 26, 8, 9, 15, 20, 23, 4, 7, 2, 21, 22, 32, 30, 33, 19, 29, 27, 5, 25, 3, 14, 17, 16, 13, 6, 28, 11, 24, 10, 1,1.5089
1, 31, 18, 12, 34, 26, 8, 9, 15, 20, 23, 4, 7, 2, 21, 22, 32, 30, 33, 19, 29, 27, 5, 25, 17, 16, 3, 14, 13, 6, 28, 11, 24, 10, 1,1.50868
1, 31, 18, 12, 34, 26, 8, 9, 15, 20, 7, 4, 23, 2, 21, 22, 32, 30, 33, 19, 29, 27, 5, 25, 3, 14, 17, 16, 13, 6, 28, 11, 24, 10, 1,1.50609
1, 31, 18, 12, 34, 26, 8, 9, 15, 20, 23, 7, 4, 2, 21, 22, 32, 30, 33, 19, 29, 27, 5, 25, 3, 14, 17, 16, 13, 6, 28, 11, 24, 10, 1,1.48596
1, 31, 18, 12, 34, 26, 8, 9, 15, 20, 23, 7, 4, 2, 21, 22, 32, 30, 33, 19, 29, 27, 5, 25, 3, 14, 17, 16, 13, 6, 28, 11, 24, 10, 1,1.48596
1, 12, 18, 31, 34, 26, 8, 9, 15, 20, 30, 23, 4, 7, 32, 22, 21, 2, 33, 19, 29, 27, 5, 25, 3, 14, 17, 16, 13, 6, 28, 11, 24, 10, 1,1.43682
1, 12, 18, 31, 34, 26, 10, 24, 11, 28, 6, 13, 16, 17, 14, 3, 25, 5, 27, 29, 19, 33, 2, 21, 22, 32, 7, 4, 23, 30, 20, 15, 9, 8, 1,1.40962
1, 31, 18, 12, 34, 26, 10, 24, 11, 28, 6, 13, 16, 17, 14, 3, 25, 5, 27, 29, 19, 33, 30, 32, 22, 21, 2, 4, 7, 23, 20, 15, 9, 8, 1,1.45876
1, 31, 18, 12, 34, 26, 8, 9, 15, 20, 23, 4, 7, 2, 21, 22, 32, 30, 33, 19, 29, 27, 5, 25, 3, 14, 17, 16, 13, 6, 28, 11, 24, 10, 1,1.5089
1, 12, 18, 31, 34, 15, 9, 8, 26, 10, 24, 11, 28, 6, 13, 16, 17, 14, 3, 25, 5, 27, 29, 19, 33, 23, 2, 21, 22, 32, 7, 4, 30, 20, 1,1.40587
1, 12, 18, 31, 34, 15, 9, 8, 26, 10, 24, 11, 28, 6, 13, 16, 17, 14, 3, 25, 5, 27, 29, 19, 33, 23, 2, 21, 22, 32, 7, 4, 30, 20, 1,1.40587
1, 12, 18, 31, 34, 26, 8, 10, 24, 9, 15, 20, 23, 4, 7, 30, 32, 22, 2, 21, 33, 19, 29, 27, 5, 25, 3, 14, 17, 16, 13, 6, 28, 11, 1,1.58245
1, 12, 18, 31, 34, 26, 8, 10, 24, 9, 15, 20, 23, 4, 7, 30, 32, 22, 2, 21, 33, 19, 29, 27, 5, 25, 3, 14, 17, 16, 13, 6, 28, 11, 1,1.58245
1, 12, 18, 31, 34, 26, 8, 10, 24, 9, 15, 20, 23, 4, 7, 30, 32, 22, 2, 21, 33, 19, 29, 27, 5, 25, 3, 14, 17, 16, 13, 6, 28, 11, 1,1.58245
1, 12, 18, 31, 34, 26, 8, 9, 10, 15, 20, 30, 4, 23, 32, 22, 21, 2, 7, 33, 19, 29, 27, 5, 25, 3, 14, 17, 16, 13, 6, 28, 24, 11, 1,1.94468
1, 12, 18, 31, 34, 26, 8, 9, 10, 15, 20, 30, 4, 23, 32, 22, 21, 2, 7, 33, 19, 29, 27, 5, 25, 3, 14, 17, 16, 13, 6, 28, 24, 11, 1,1.94468
1, 18, 10, 15, 20, 30, 4, 23, 32, 22, 21, 2, 7, 33, 19, 29, 27, 5, 25, 3, 14, 17, 16, 13, 6, 28, 11, 9, 12, 24, 8, 26, 34, 31, 1,2.11048
1, 8, 18, 31, 12, 34, 26, 10, 24, 9, 15, 20, 23, 4, 7, 30, 32, 22, 2, 21, 33, 19, 29, 27, 5, 25, 3, 14, 17, 16, 13, 6, 28, 11, 1,1.83176
1, 31, 18, 12, 34, 26, 8, 9, 10, 15, 20, 30, 4, 23, 32, 22, 21, 2, 7, 33, 19, 29, 27, 5, 25, 3, 14, 17, 16, 13, 6, 28, 11, 24, 1,1.78083
1, 18, 31, 12, 34, 26, 10, 24, 9, 15, 20, 23, 4, 30, 32, 22, 21, 2, 7, 33, 19, 29, 27, 5, 25, 3, 14, 17, 16, 13, 6, 28, 11, 8, 1,1.55982
1, 8, 18, 31, 12, 34, 26, 10, 24, 9, 15, 20, 23, 4, 7, 30, 32, 22, 2, 21, 33, 19, 29, 27, 5, 25, 3, 14, 17, 16, 13, 6, 28, 11, 1,1.83176
1, 8, 18, 31, 12, 34, 26, 10, 24, 9, 15, 20, 23, 4, 7, 30, 32, 22, 2, 21, 33, 19, 29, 27, 5, 25, 3, 14, 17, 16, 13, 6, 28, 11, 1,1.83176
1, 8, 18, 31, 12, 34, 26, 10, 24, 9, 15, 20, 23, 4, 7, 30, 32, 22, 2, 21, 33, 19, 29, 27, 5, 25, 3, 14, 17, 16, 13, 6, 28, 11, 1,1.83176
1, 31, 18, 34, 12, 8, 26, 10, 24, 9, 15, 20, 23, 4, 7, 30, 32, 22, 2, 21, 33, 19, 29, 27, 5, 25, 3, 14, 17, 16, 13, 6, 28, 11, 1,1.6044
1, 31, 18, 12, 34, 8, 26, 10, 24, 9, 15, 20, 23, 4, 7, 30, 32, 22, 2, 21, 33, 19, 29, 27, 5, 25, 3, 14, 17, 16, 13, 6, 28, 11, 1,1.54974
1, 31, 12, 34, 8, 26, 18, 10, 24, 9, 15, 20, 23, 4, 7, 22, 32, 30, 2, 21, 33, 19, 29, 27, 5, 25, 3, 14, 17, 16, 13, 6, 28, 11, 1,1.93214
1, 31, 12, 34, 8, 26, 18, 10, 24, 9, 15, 20, 23, 4, 7, 22, 32, 30, 2, 21, 33, 19, 29, 27, 5, 25, 3, 14, 17, 16, 13, 6, 28, 11, 1,1.93214
1, 31, 18, 24, 28, 6, 13, 9, 15, 20, 23, 4, 7, 30, 32, 22, 2, 21, 33, 19, 29, 27, 5, 25, 3, 14, 17, 16, 10, 26, 11, 8, 34, 12, 1,1.80363
1, 31, 18, 24, 28, 6, 13, 9, 15, 20, 23, 4, 7, 30, 32, 22, 2, 21, 33, 19, 29, 27, 5, 25, 3, 14, 17, 16, 10, 26, 11, 8, 34, 12, 1,1.80363
1, 31, 18, 34, 12, 8, 24, 28, 6, 11, 10, 13, 16, 17, 14, 15, 20, 23, 4, 7, 30, 32, 22, 2, 21, 33, 19, 29, 27, 5, 25, 3, 9, 26, 1,1.75652
1, 31, 18, 34, 12, 8, 24, 28, 6, 13, 16, 17, 14, 3, 25, 5, 27, 29, 19, 33, 21, 2, 22, 32, 30, 7, 4, 23, 20, 15, 9, 10, 26, 11, 1,1.71465
1, 31, 18, 9, 13, 6, 28, 24, 15, 20, 23, 4, 7, 30, 32, 22, 2, 21, 33, 19, 29, 27, 5, 25, 3, 14, 17, 16, 10, 26, 11, 8, 34, 12, 1,1.8372
1, 31, 18, 12, 34, 26, 8, 24, 10, 9, 11, 15, 20, 23, 4, 7, 30, 32, 22, 2, 21, 33, 19, 29, 27, 5, 25, 3, 28, 6, 13, 16, 17, 14, 1,1.88492
1, 31, 18, 12, 34, 26, 9, 15, 20, 23, 4, 7, 30, 32, 22, 2, 21, 33, 19, 29, 27, 5, 25, 3, 8, 24, 10, 11, 28, 6, 13, 16, 14, 17, 1,1.68567
1, 31, 18, 9, 15, 20, 23, 4, 7, 30, 32, 22, 2, 21, 33, 19, 29, 27, 5, 25, 3, 12, 34, 26, 8, 24, 10, 11, 28, 6, 13, 16, 17, 14, 1,1.75729
1, 9, 13, 6, 28, 24, 18, 31, 15, 20, 23, 4, 7, 30, 32, 22, 2, 21, 33, 19, 29, 27, 5, 25, 3, 14, 17, 16, 10, 26, 11, 8, 34, 12, 1,1.91126
1, 9, 13, 6, 28, 24, 18, 31, 15, 20, 23, 32, 22, 2, 4, 7, 30, 21, 33, 19, 29, 27, 5, 25, 3, 14, 17, 16, 10, 26, 11, 8, 34, 12, 1,2.09007
1, 31, 18, 9, 15, 20, 23, 32, 22, 2, 4, 7, 30, 21, 33, 19, 29, 27, 5, 25, 3, 12, 34, 26, 8, 24, 10, 11, 28, 6, 13, 14, 17, 16, 1,2.03694
1, 31, 18, 9, 15, 20, 23, 32, 22, 2, 4, 7, 30, 21, 33, 19, 29, 27, 5, 25, 3, 12, 34, 26, 8, 24, 10, 11, 28, 6, 13, 14, 17, 16, 1,2.03694
1, 31, 18, 34, 11, 28, 8, 15, 20, 23, 4, 7, 30, 32, 22, 2, 21, 33, 19, 29, 27, 5, 25, 9, 16, 17, 14, 3, 13, 6, 26, 24, 10, 12, 1,2.12637
1, 9, 25, 5, 27, 29, 19, 33, 21, 2, 22, 32, 30, 7, 4, 23, 20, 31, 18, 24, 28, 6, 13, 3, 14, 17, 16, 11, 10, 26, 8, 12, 34, 15, 1,1.88659
1, 9, 13, 6, 28, 24, 8, 26, 10, 11, 16, 17, 14, 3, 18, 31, 20, 23, 4, 7, 30, 32, 22, 2, 21, 33, 19, 29, 27, 5, 25, 12, 34, 15, 1,2.22167
1, 32, 30, 7, 4, 23, 20, 12, 18, 34, 22, 2, 21, 33, 19, 29, 27, 5, 25, 3, 14, 17, 16, 11, 10, 26, 8, 24, 28, 9, 13, 6, 15, 31, 1,2.34099
1, 32, 30, 7, 4, 23, 20, 12, 18, 34, 22, 2, 21, 33, 19, 29, 27, 5, 25, 3, 9, 16, 14, 17, 13, 6, 28, 11, 10, 26, 8, 24, 15, 31, 1,1.82124
1, 22, 2, 21, 33, 19, 29, 27, 5, 25, 3, 14, 17, 16, 28, 24, 8, 26, 10, 11, 9, 13, 6, 32, 30, 7, 4, 23, 20, 12, 34, 15, 18, 31, 1,2.2553
1, 9, 25, 16, 21, 2, 3, 14, 5, 27, 29, 19, 33, 22, 32, 30, 7, 4, 23, 17, 13, 6, 28, 11, 10, 26, 8, 24, 34, 15, 12, 18, 31, 20, 1,2.30843
1, 9, 25, 16, 21, 2, 3, 14, 5, 27, 29, 19, 33, 22, 32, 30, 7, 4, 23, 17, 13, 6, 28, 11, 10, 26, 8, 24, 34, 15, 12, 18, 31, 20, 1,2.30843
1, 9, 25, 16, 21, 2, 3, 14, 5, 27, 29, 19, 33, 22, 32, 30, 7, 4, 23, 17, 13, 6, 28, 11, 10, 26, 8, 24, 34, 12, 15, 31, 20, 18, 1,2.35529
1, 9, 25, 16, 21, 2, 3, 14, 5, 27, 29, 19, 33, 22, 32, 30, 7, 4, 23, 17, 13, 6, 28, 11, 10, 26, 8, 24, 34, 15, 12, 31, 20, 18, 1,2.33022
1, 9, 25, 14, 3, 22, 21, 16, 5, 27, 29, 19, 33, 2, 4, 7, 32, 30, 23, 17, 13, 6, 28, 11, 10, 26, 8, 24, 15, 34, 31, 20, 12, 18, 1,2.34794
1, 9, 25, 16, 22, 2, 23, 32, 30, 7, 4, 33, 19, 29, 27, 5, 14, 3, 21, 17, 13, 6, 28, 11, 10, 26, 8, 24, 15, 34, 12, 31, 20, 18, 1,2.28318
1, 9, 25, 14, 3, 22, 21, 16, 5, 27, 29, 19, 33, 2, 4, 7, 30, 32, 23, 17, 13, 6, 28, 11, 10, 26, 8, 24, 15, 34, 31, 20, 12, 18, 1,2.31397
1, 9, 25, 16, 22, 21, 2, 3, 14, 5, 27, 29, 19, 33, 32, 30, 7, 4, 23, 17, 13, 6, 28, 11, 10, 26, 8, 24, 34, 15, 20, 12, 31, 18, 1,2.31842
1, 9, 25, 16, 22, 2, 21, 3, 14, 23, 4, 7, 30, 32, 33, 19, 29, 27, 5, 17, 13, 6, 28, 11, 10, 26, 8, 24, 34, 15, 20, 18, 31, 12, 1,2.24604
1, 9, 25, 16, 22, 2, 21, 3, 14, 5, 27, 29, 19, 33, 32, 30, 7, 4, 23, 17, 13, 6, 28, 11, 10, 26, 8, 24, 34, 15, 20, 12, 18, 31, 1,2.28189
1, 9, 25, 5, 27, 29, 19, 33, 32, 30, 7, 4, 23, 17, 13, 16, 22, 2, 21, 3, 14, 6, 28, 11, 10, 26, 8, 24, 34, 15, 20, 18, 31, 12, 1,2.25017
1, 9, 25, 16, 22, 2, 21, 3, 14, 5, 27, 29, 19, 33, 32, 30, 7, 4, 23, 17, 13, 6, 28, 11, 10, 26, 8, 24, 34, 15, 20, 31, 12, 18, 1,2.32112
1, 9, 25, 16, 22, 2, 21, 23, 4, 7, 30, 32, 33, 19, 29, 27, 5, 14, 3, 17, 13, 6, 28, 11, 10, 26, 8, 24, 34, 15, 20, 18, 31, 12, 1,2.15123
1, 9, 25, 16, 22, 2, 21, 23, 4, 7, 30, 32, 33, 19, 29, 27, 5, 14, 3, 17, 13, 6, 28, 11, 10, 26, 8, 24, 34, 15, 20, 12, 31, 18, 1,2.04799
1, 9, 25, 16, 22, 2, 21, 3, 14, 5, 27, 29, 19, 33, 32, 30, 7, 4, 23, 17, 13, 6, 28, 11, 10, 26, 8, 24, 34, 15, 20, 31, 12, 18, 1,2.32112
1, 9, 25, 16, 34, 15, 24, 8, 26, 10, 11, 28, 6, 13, 17, 23, 22, 2, 21, 3, 14, 5, 27, 29, 19, 33, 30, 7, 32, 4, 20, 12, 31, 18, 1,2.21854
1, 9, 25, 16, 24, 8, 26, 10, 11, 28, 6, 13, 17, 23, 32, 4, 7, 30, 33, 19, 29, 27, 5, 14, 3, 21, 2, 22, 34, 15, 20, 12, 31, 18, 1,2.177
1, 9, 25, 16, 24, 8, 26, 10, 11, 28, 6, 13, 17, 23, 32, 4, 7, 30, 33, 19, 29, 27, 5, 14, 3, 21, 2, 22, 34, 15, 20, 12, 31, 18, 1,2.177
1, 9, 25, 16, 24, 8, 26, 10, 11, 28, 6, 13, 17, 23, 32, 4, 7, 30, 33, 19, 29, 27, 5, 14, 3, 21, 2, 22, 34, 15, 20, 12, 31, 18, 1,2.177
1, 9, 25, 16, 24, 8, 26, 10, 11, 28, 6, 13, 17, 23, 32, 4, 7, 30, 33, 19, 29, 27, 5, 14, 3, 21, 2, 22, 34, 15, 20, 12, 31, 18, 1,2.177
1, 18, 31, 20, 12, 34, 9, 25, 16, 22, 2, 21, 3, 24, 8, 26, 10, 11, 28, 6, 13, 17, 23, 32, 4, 7, 30, 33, 19, 29, 27, 5, 14, 15, 1,2.26607
1, 34, 9, 25, 16, 22, 2, 21, 3, 14, 5, 27, 29, 19, 33, 32, 30, 7, 4, 23, 17, 13, 6, 28, 11, 10, 26, 24, 8, 15, 12, 20, 18, 31, 1,2.23869
1, 18, 31, 20, 12, 34, 9, 25, 16, 22, 2, 21, 3, 14, 5, 27, 29, 19, 33, 32, 30, 7, 4, 23, 17, 13, 6, 28, 11, 10, 26, 24, 8, 15, 1,2.16623
1, 34, 9, 25, 16, 17, 13, 6, 28, 11, 10, 26, 24, 8, 5, 27, 29, 19, 33, 32, 30, 7, 4, 23, 22, 2, 21, 3, 14, 20, 31, 18, 12, 15, 1,1.99357
1, 34, 9, 25, 16, 17, 13, 6, 28, 11, 10, 26, 24, 8, 5, 27, 29, 19, 33, 32, 30, 7, 4, 23, 22, 2, 21, 3, 14, 20, 31, 18, 12, 15, 1,1.99357
1, 18, 31, 20, 12, 34, 9, 25, 16, 22, 2, 21, 3, 14, 5, 27, 29, 19, 33, 32, 30, 7, 4, 23, 17, 13, 6, 28, 11, 10, 26, 24, 8, 15, 1,2.16623
1, 18, 31, 20, 12, 34, 9, 25, 16, 22, 2, 21, 3, 14, 5, 27, 29, 19, 33, 32, 30, 7, 4, 23, 17, 13, 6, 28, 11, 10, 26, 24, 8, 15, 1,2.16623
1, 34, 9, 25, 16, 22, 2, 21, 3, 14, 5, 27, 29, 19, 33, 30, 7, 4, 32, 23, 17, 13, 6, 28, 11, 10, 8, 26, 24, 15, 12, 31, 20, 18, 1,2.39138
1, 18, 20, 12, 15, 34, 24, 8, 26, 10, 11, 28, 6, 13, 17, 23, 4, 7, 30, 32, 33, 19, 29, 27, 5, 14, 3, 9, 25, 16, 21, 2, 22, 31, 1,2.34202
1, 18, 20, 12, 15, 34, 24, 8, 26, 10, 11, 28, 6, 13, 17, 23, 4, 7, 30, 32, 33, 19, 29, 27, 5, 14, 3, 9, 25, 16, 21, 2, 22, 31, 1,2.34202
1, 18, 20, 12, 15, 34, 24, 8, 26, 10, 11, 28, 6, 13, 17, 23, 4, 7, 30, 32, 33, 19, 29, 27, 5, 14, 3, 9, 25, 16, 21, 2, 22, 31, 1,2.34202
1, 18, 31, 20, 23, 4, 32, 7, 30, 33, 19, 29, 27, 5, 17, 13, 14, 3, 21, 2, 22, 16, 25, 9, 34, 6, 28, 11, 10, 8, 26, 24, 15, 12, 1,2.27538
1, 18, 31, 34, 20, 12, 15, 9, 25, 16, 22, 2, 21, 3, 14, 5, 27, 29, 19, 33, 30, 7, 32, 4, 23, 17, 13, 6, 28, 11, 10, 26, 8, 24, 1,2.29078
1, 18, 20, 12, 15, 34, 24, 8, 26, 10, 11, 28, 6, 13, 17, 23, 4, 7, 30, 32, 33, 19, 29, 27, 5, 14, 3, 9, 25, 16, 21, 2, 22, 31, 1,2.34202
1, 18, 31, 20, 2, 21, 16, 14, 3, 25, 5, 27, 29, 19, 33, 32, 30, 7, 4, 23, 17, 13, 6, 28, 11, 10, 26, 8, 24, 34, 15, 9, 12, 22, 1,2.30177
1, 18, 20, 21, 16, 25, 13, 6, 28, 11, 10, 26, 8, 24, 34, 15, 12, 22, 2, 17, 9, 3, 14, 5, 27, 29, 19, 33, 32, 30, 7, 4, 23, 31, 1,2.31739
1, 18, 31, 20, 23, 4, 32, 7, 30, 33, 19, 29, 27, 5, 17, 13, 21, 15, 34, 24, 8, 26, 10, 11, 28, 6, 14, 3, 9, 25, 16, 22, 2, 12, 1,2.44507
1, 18, 31, 20, 23, 4, 32, 7, 30, 33, 19, 29, 27, 5, 17, 13, 21, 15, 34, 24, 8, 26, 10, 11, 28, 6, 14, 3, 9, 25, 16, 22, 2, 12, 1,2.44507
1, 18, 20, 12, 31, 15, 34, 24, 8, 26, 10, 11, 28, 6, 13, 17, 23, 4, 7, 30, 32, 33, 19, 29, 27, 5, 14, 3, 9, 25, 16, 21, 22, 2, 1,2.52717
1, 18, 20, 12, 31, 15, 34, 24, 8, 26, 10, 11, 28, 6, 13, 17, 23, 4, 7, 30, 32, 33, 19, 29, 27, 5, 25, 9, 3, 14, 16, 22, 2, 21, 1,2.28786
1, 18, 20, 12, 31, 15, 34, 24, 8, 26, 10, 11, 28, 6, 13, 17, 23, 4, 7, 30, 32, 33, 19, 29, 27, 5, 25, 9, 3, 14, 16, 22, 2, 21, 1,2.28786
1, 18, 20, 12, 31, 15, 34, 24, 8, 26, 10, 11, 28, 6, 13, 17, 23, 4, 7, 30, 32, 33, 19, 29, 27, 5, 25, 9, 3, 14, 16, 22, 2, 21, 1,2.28786
1, 18, 20, 12, 31, 15, 34, 24, 8, 26, 10, 11, 28, 6, 13, 17, 23, 4, 7, 30, 32, 33, 19, 29, 27, 5, 25, 9, 3, 14, 16, 22, 2, 21, 1,2.28786
1, 18, 20, 2, 32, 30, 7, 4, 23, 17, 13, 5, 27, 29, 19, 33, 22, 21, 16, 25, 9, 3, 14, 6, 28, 11, 10, 26, 8, 24, 34, 15, 31, 12, 1,2.16428
1, 18, 20, 12, 31, 15, 34, 24, 8, 26, 10, 11, 28, 6, 13, 17, 23, 4, 7, 30, 32, 33, 19, 29, 27, 5, 25, 9, 3, 14, 16, 21, 22, 2, 1,2.26935
1, 18, 31, 12, 20, 15, 34, 24, 8, 26, 10, 11, 28, 6, 13, 17, 23, 4, 7, 30, 32, 33, 19, 29, 27, 5, 25, 9, 3, 14, 16, 22, 2, 21, 1,2.16449
1, 18, 31, 12, 20, 15, 34, 24, 8, 26, 10, 11, 28, 6, 13, 17, 23, 4, 7, 30, 32, 33, 19, 29, 27, 5, 25, 9, 3, 14, 16, 22, 2, 21, 1,2.16449
1, 18, 31, 12, 20, 15, 34, 24, 8, 26, 10, 11, 28, 6, 13, 17, 23, 4, 7, 30, 32, 33, 19, 29, 27, 5, 25, 9, 14, 3, 16, 22, 2, 21, 1,2.15921
1, 31, 20, 12, 18, 15, 34, 24, 8, 26, 10, 11, 28, 6, 13, 17, 23, 4, 7, 30, 32, 33, 19, 29, 27, 5, 25, 16, 9, 3, 14, 21, 22, 2, 1,2.10284
1, 31, 20, 12, 18, 15, 34, 24, 8, 26, 10, 11, 28, 6, 13, 17, 23, 4, 7, 30, 32, 33, 19, 29, 27, 5, 25, 16, 9, 3, 14, 21, 22, 2, 1,2.10284
1, 18, 31, 20, 21, 2, 22, 3, 16, 14, 9, 25, 5, 27, 29, 19, 33, 32, 30, 7, 4, 23, 17, 13, 6, 28, 11, 10, 26, 8, 24, 34, 15, 12, 1,1.86175
1, 18, 31, 20, 12, 15, 34, 24, 8, 26, 10, 11, 28, 6, 13, 17, 23, 4, 7, 30, 32, 33, 19, 29, 27, 5, 25, 9, 3, 14, 16, 21, 2, 22, 1,2.01553
1, 18, 31, 20, 12, 15, 34, 24, 8, 26, 10, 11, 28, 6, 13, 17, 23, 4, 7, 30, 32, 33, 19, 29, 27, 5, 25, 9, 3, 14, 16, 21, 2, 22, 1,2.01553
1, 18, 31, 12, 20, 15, 34, 24, 8, 26, 10, 11, 28, 6, 9, 16, 3, 14, 21, 22, 2, 33, 19, 29, 27, 5, 25, 13, 17, 23, 4, 7, 30, 32, 1,1.88468
1, 18, 31, 12, 20, 15, 34, 24, 8, 26, 10, 11, 28, 6, 9, 16, 3, 14, 21, 22, 2, 33, 19, 29, 27, 5, 25, 13, 17, 23, 4, 7, 30, 32, 1,1.88468
1, 18, 31, 20, 12, 15, 34, 24, 8, 26, 10, 11, 28, 6, 13, 17, 2, 21, 14, 3, 16, 9, 25, 5, 27, 29, 19, 33, 32, 30, 7, 4, 23, 22, 1,1.80507
1, 18, 31, 20, 12, 15, 34, 24, 8, 26, 10, 11, 28, 6, 13, 17, 2, 21, 14, 3, 16, 9, 25, 5, 27, 29, 19, 33, 32, 30, 7, 4, 23, 22, 1,1.80507
1, 18, 31, 20, 12, 15, 34, 24, 26, 8, 10, 11, 28, 6, 13, 17, 2, 21, 14, 3, 16, 9, 25, 5, 27, 29, 19, 33, 32, 30, 7, 4, 23, 22, 1,1.85209
1, 18, 31, 20, 12, 15, 34, 24, 8, 26, 10, 11, 28, 6, 13, 17, 2, 21, 14, 3, 16, 9, 25, 5, 27, 29, 19, 33, 32, 30, 7, 4, 23, 22, 1,1.80507
1, 18, 31, 20, 12, 15, 34, 26, 8, 24, 10, 11, 28, 6, 13, 17, 23, 4, 7, 30, 32, 33, 19, 29, 27, 5, 25, 9, 3, 16, 14, 21, 2, 22, 1,1.8602
1, 18, 24, 8, 26, 10, 11, 28, 6, 13, 17, 3, 14, 16, 21, 2, 22, 15, 34, 31, 20, 23, 4, 7, 30, 32, 33, 19, 29, 27, 5, 25, 9, 12, 1,1.81567
1, 18, 31, 20, 12, 15, 34, 26, 8, 24, 10, 11, 28, 6, 13, 17, 23, 4, 7, 30, 32, 33, 19, 29, 27, 5, 25, 3, 9, 14, 16, 21, 2, 22, 1,1.84318
1, 18, 31, 20, 12, 15, 34, 26, 8, 24, 10, 11, 28, 6, 13, 17, 23, 4, 7, 30, 32, 33, 19, 29, 27, 5, 25, 3, 9, 14, 16, 21, 2, 22, 1,1.84318
1, 18, 31, 20, 12, 15, 34, 26, 8, 24, 10, 11, 28, 6, 13, 17, 23, 4, 7, 30, 32, 33, 19, 29, 27, 5, 25, 3, 9, 14, 16, 21, 2, 22, 1,1.84318
1, 18, 31, 20, 12, 15, 34, 26, 8, 24, 10, 11, 28, 6, 13, 17, 23, 4, 7, 30, 32, 33, 19, 29, 27, 5, 25, 3, 9, 14, 16, 21, 2, 22, 1,1.84318
1, 18, 31, 20, 22, 2, 21, 16, 14, 3, 9, 25, 5, 27, 29, 19, 33, 32, 30, 7, 4, 23, 17, 13, 6, 28, 11, 10, 24, 8, 26, 34, 15, 12, 1,1.58834
1, 18, 31, 20, 22, 2, 21, 16, 14, 3, 9, 25, 5, 27, 29, 19, 33, 32, 30, 7, 4, 23, 17, 13, 6, 28, 11, 10, 24, 8, 26, 34, 15, 12, 1,1.58834
1, 18, 31, 20, 12, 15, 34, 23, 4, 7, 30, 32, 33, 19, 29, 27, 5, 25, 9, 3, 14, 16, 21, 2, 22, 17, 13, 6, 28, 11, 10, 24, 8, 26, 1,1.70121
1, 18, 31, 20, 12, 15, 34, 26, 8, 24, 10, 11, 28, 6, 13, 17, 22, 2, 21, 16, 14, 3, 9, 25, 5, 27, 29, 19, 33, 32, 30, 7, 4, 23, 1,1.83114
1, 18, 31, 20, 12, 15, 34, 26, 8, 24, 10, 11, 28, 6, 13, 17, 22, 2, 21, 16, 14, 3, 9, 25, 5, 27, 29, 19, 33, 32, 30, 7, 4, 23, 1,1.83114
1, 18, 31, 20, 22, 2, 21, 16, 14, 3, 9, 13, 17, 23, 4, 7, 30, 32, 33, 19, 29, 27, 5, 25, 6, 28, 11, 10, 24, 8, 26, 34, 15, 12, 1,1.52402
1, 18, 31, 20, 22, 2, 21, 16, 14, 3, 9, 13, 17, 23, 4, 7, 30, 32, 33, 19, 29, 27, 5, 25, 6, 28, 11, 10, 24, 8, 26, 34, 15, 12, 1,1.52402
1, 18, 31, 20, 22, 2, 21, 16, 14, 3, 9, 13, 17, 23, 4, 7, 30, 32, 33, 19, 29, 27, 5, 25, 6, 28, 11, 10, 24, 8, 26, 34, 15, 12, 1,1.52402
1, 18, 31, 20, 22, 2, 21, 16, 14, 3, 9, 13, 17, 23, 4, 7, 30, 32, 33, 19, 29, 27, 5, 25, 6, 28, 11, 10, 24, 8, 26, 34, 15, 12, 1,1.52402
1, 18, 31, 20, 22, 2, 21, 16, 14, 3, 9, 13, 17, 23, 4, 7, 30, 32, 33, 19, 29, 27, 5, 25, 6, 28, 11, 10, 24, 8, 26, 34, 15, 12, 1,1.52402
1, 18, 31, 20, 22, 2, 21, 16, 14, 3, 9, 13, 17, 23, 4, 7, 30, 32, 33, 19, 29, 25, 5, 27, 6, 28, 11, 10, 24, 8, 26, 34, 15, 12, 1,1.75728
1, 18, 31, 20, 12, 15, 34, 26, 8, 24, 10, 11, 28, 6, 13, 25, 5, 27, 29, 19, 33, 32, 30, 7, 4, 23, 17, 3, 9, 14, 16, 21, 2, 22, 1,1.74883
1, 18, 31, 20, 12, 15, 34, 26, 8, 24, 10, 11, 28, 6, 13, 25, 5, 27, 29, 19, 33, 32, 30, 7, 4, 23, 17, 3, 9, 14, 16, 21, 2, 22, 1,1.74883
1, 18, 31, 20, 12, 15, 34, 26, 8, 24, 10, 11, 28, 6, 13, 25, 5, 27, 29, 19, 33, 32, 30, 7, 4, 23, 17, 3, 9, 14, 16, 21, 2, 22, 1,1.74883
1, 18, 31, 20, 12, 15, 34, 26, 8, 24, 10, 11, 28, 6, 13, 25, 5, 27, 29, 19, 33, 32, 30, 7, 4, 23, 17, 3, 14, 9, 16, 21, 2, 22, 1,1.74536
1, 18, 31, 20, 12, 15, 34, 26, 8, 24, 10, 11, 28, 6, 13, 25, 5, 27, 29, 19, 33, 32, 30, 7, 4, 23, 17, 3, 14, 9, 16, 21, 2, 22, 1,1.74536
1, 18, 31, 15, 20, 12, 34, 26, 8, 24, 10, 11, 28, 6, 13, 25, 5, 27, 29, 19, 33, 32, 30, 7, 4, 23, 21, 16, 14, 9, 3, 17, 2, 22, 1,1.67875
1, 18, 31, 20, 22, 2, 21, 16, 9, 14, 3, 17, 23, 4, 7, 32, 30, 33, 19, 29, 27, 5, 25, 13, 6, 28, 11, 10, 24, 8, 26, 34, 15, 12, 1,1.46281
1, 18, 31, 20, 12, 15, 34, 26, 8, 24, 10, 11, 28, 6, 13, 25, 5, 27, 29, 19, 33, 32, 30, 7, 4, 23, 21, 16, 17, 3, 9, 14, 2, 22, 1,1.68482
1, 18, 31, 20, 12, 15, 34, 22, 2, 21, 16, 14, 9, 3, 17, 23, 4, 7, 30, 32, 33, 19, 29, 27, 5, 25, 13, 6, 28, 11, 10, 24, 8, 26, 1,1.60799
1, 18, 31, 20, 12, 15, 34, 26, 8, 24, 10, 11, 28, 6, 13, 25, 5, 27, 29, 19, 33, 32, 30, 7, 4, 23, 21, 16, 17, 3, 9, 14, 2, 22, 1,1.68482
1, 18, 31, 20, 12, 15, 34, 26, 8, 24, 10, 11, 28, 6, 13, 25, 5, 27, 29, 19, 33, 32, 30, 7, 4, 23, 21, 16, 17, 3, 9, 14, 2, 22, 1,1.68482
1, 18, 31, 20, 12, 15, 34, 26, 8, 24, 10, 11, 28, 6, 13, 25, 5, 27, 29, 19, 33, 32, 30, 7, 4, 23, 21, 16, 17, 3, 9, 14, 2, 22, 1,1.68482
1, 18, 31, 20, 12, 22, 2, 21, 16, 9, 14, 3, 17, 23, 4, 7, 30, 32, 33, 19, 29, 27, 5, 25, 13, 6, 28, 11, 10, 24, 8, 26, 34, 15, 1,1.65945
1, 18, 31, 20, 12, 22, 2, 21, 16, 9, 14, 3, 17, 23, 4, 7, 30, 32, 33, 19, 29, 27, 5, 25, 13, 6, 28, 11, 10, 24, 8, 26, 34, 15, 1,1.65945
1, 18, 31, 20, 12, 22, 2, 21, 16, 9, 14, 3, 17, 23, 4, 7, 30, 32, 33, 19, 29, 27, 5, 25, 13, 6, 28, 11, 10, 24, 8, 26, 34, 15, 1,1.65945
1, 18, 31, 20, 12, 22, 2, 21, 16, 9, 14, 3, 17, 23, 4, 7, 30, 32, 33, 19, 29, 27, 5, 25, 13, 6, 28, 11, 10, 24, 8, 26, 34, 15, 1,1.65945
1, 18, 31, 20, 12, 15, 34, 26, 8, 24, 10, 11, 28, 6, 13, 25, 5, 27, 29, 19, 33, 32, 30, 7, 4, 23, 17, 3, 14, 9, 16, 21, 2, 22, 1,1.74536
1, 18, 31, 20, 12, 15, 34, 26, 8, 24, 10, 11, 28, 6, 13, 25, 5, 27, 29, 19, 33, 32, 30, 7, 4, 23, 17, 3, 14, 9, 16, 21, 2, 22, 1,1.74536
1, 18, 31, 20, 23, 4, 7, 30, 32, 33, 19, 29, 27, 5, 25, 13, 6, 28, 11, 10, 24, 8, 26, 34, 15, 12, 17, 3, 14, 9, 16, 21, 2, 22, 1,1.74195
1, 18, 31, 20, 12, 22, 2, 21, 16, 9, 14, 3, 17, 23, 4, 7, 30, 32, 33, 19, 29, 27, 5, 25, 13, 6, 28, 11, 10, 24, 8, 26, 34, 15, 1,1.65945
1, 18, 31, 20, 12, 15, 34, 26, 8, 24, 10, 11, 28, 6, 13, 25, 5, 27, 29, 19, 33, 32, 30, 7, 4, 23, 17, 3, 14, 22, 2, 21, 16, 9, 1,1.69498
1, 18, 31, 20, 12, 15, 34, 26, 8, 24, 10, 11, 28, 6, 13, 25, 5, 27, 29, 19, 33, 32, 30, 7, 4, 23, 17, 3, 14, 9, 16, 21, 2, 22, 1,1.74536
1, 18, 31, 20, 12, 15, 34, 26, 8, 24, 10, 11, 28, 6, 13, 25, 5, 27, 29, 19, 33, 32, 30, 7, 4, 2, 17, 3, 14, 9, 16, 21, 23, 22, 1,1.70821
1, 18, 31, 20, 12, 15, 34, 26, 8, 24, 10, 11, 28, 6, 13, 25, 5, 27, 29, 19, 33, 32, 30, 7, 4, 23, 2, 17, 3, 14, 9, 16, 21, 22, 1,1.64295
1, 18, 31, 20, 12, 15, 34, 22, 2, 21, 16, 9, 14, 3, 17, 23, 4, 7, 30, 32, 33, 19, 29, 27, 5, 25, 13, 6, 28, 11, 10, 24, 8, 26, 1,1.60451
1, 18, 31, 20, 12, 15, 34, 26, 8, 24, 10, 11, 28, 6, 13, 25, 5, 27, 29, 19, 33, 32, 30, 7, 4, 23, 2, 17, 3, 14, 9, 16, 21, 22, 1,1.64295
1, 18, 31, 20, 12, 15, 34, 26, 8, 24, 10, 11, 28, 6, 13, 25, 5, 27, 29, 19, 33, 32, 30, 7, 4, 23, 2, 17, 3, 14, 9, 16, 21, 22, 1,1.64295
1, 18, 31, 20, 12, 15, 34, 26, 8, 24, 10, 11, 28, 6, 13, 25, 5, 27, 29, 19, 33, 32, 30, 7, 4, 23, 2, 17, 3, 14, 9, 16, 21, 22, 1,1.64295
1, 18, 31, 20, 12, 15, 34, 26, 8, 24, 10, 11, 28, 6, 13, 25, 5, 27, 29, 19, 33, 32, 30, 7, 4, 23, 2, 17, 3, 14, 9, 16, 21, 22, 1,1.64295
1, 22, 21, 16, 9, 14, 3, 17, 2, 23, 4, 7, 30, 32, 33, 19, 29, 27, 5, 25, 13, 6, 28, 11, 10, 24, 8, 26, 34, 15, 12, 20, 31, 18, 1,1.64295
1, 18, 31, 20, 12, 15, 34, 26, 8, 24, 10, 11, 28, 6, 13, 25, 5, 27, 29, 19, 33, 32, 30, 7, 4, 23, 2, 17, 3, 16, 9, 14, 21, 22, 1,1.60317
1, 18, 31, 20, 12, 15, 34, 26, 8, 24, 10, 11, 28, 6, 13, 25, 5, 27, 29, 19, 33, 32, 30, 7, 4, 23, 2, 17, 3, 16, 9, 14, 21, 22, 1,1.60317
1, 18, 31, 12, 15, 34, 26, 8, 24, 10, 11, 28, 6, 13, 25, 5, 27, 29, 19, 33, 32, 20, 30, 7, 4, 2, 17, 3, 16, 9, 14, 21, 23, 22, 1,1.59144
1, 18, 31, 12, 15, 34, 26, 8, 24, 10, 11, 28, 6, 13, 25, 5, 27, 29, 19, 33, 32, 7, 30, 20, 4, 2, 17, 3, 16, 9, 14, 21, 23, 22, 1,1.587
1, 18, 31, 20, 12, 15, 34, 26, 8, 24, 10, 11, 28, 6, 13, 25, 5, 27, 29, 19, 33, 32, 30, 7, 4, 23, 2, 17, 3, 16, 9, 14, 21, 22, 1,1.60317
1, 18, 31, 20, 22, 23, 21, 14, 9, 16, 3, 17, 2, 4, 7, 30, 32, 33, 19, 29, 27, 5, 25, 13, 6, 28, 11, 10, 24, 8, 26, 34, 15, 12, 1,1.3568
1, 18, 31, 20, 12, 15, 34, 26, 8, 24, 10, 11, 28, 6, 13, 25, 5, 27, 29, 19, 33, 32, 30, 7, 4, 23, 2, 17, 3, 16, 9, 14, 21, 22, 1,1.60317
1, 18, 31, 20, 12, 15, 22, 23, 21, 14, 9, 16, 3, 17, 2, 4, 7, 30, 32, 33, 19, 29, 27, 5, 25, 13, 6, 28, 11, 10, 24, 8, 26, 34, 1,1.57107
1, 18, 31, 20, 12, 15, 34, 26, 8, 24, 10, 11, 28, 6, 13, 25, 5, 27, 29, 19, 33, 32, 30, 7, 4, 23, 2, 17, 3, 16, 9, 14, 21, 22, 1,1.60317
1, 18, 31, 20, 12, 15, 34, 26, 8, 24, 10, 11, 28, 6, 13, 25, 5, 27, 29, 19, 33, 32, 30, 7, 4, 23, 2, 17, 3, 16, 9, 14, 21, 22, 1,1.60317
1, 18, 31, 20, 12, 15, 34, 22, 23, 21, 14, 9, 16, 3, 17, 2, 4, 7, 30, 32, 33, 19, 29, 27, 5, 25, 13, 6, 28, 11, 10, 24, 8, 26, 1,1.52759
1, 18, 31, 12, 20, 15, 34, 26, 8, 24, 10, 11, 28, 6, 13, 25, 5, 27, 29, 19, 33, 32, 30, 7, 4, 23, 2, 17, 3, 16, 9, 14, 21, 22, 1,1.59929
1, 18, 31, 12, 22, 20, 23, 21, 14, 9, 16, 3, 17, 2, 4, 7, 30, 32, 33, 19, 29, 27, 5, 25, 13, 6, 28, 11, 8, 24, 10, 26, 34, 15, 1,1.45877
1, 26, 10, 24, 8, 11, 28, 6, 13, 25, 5, 27, 29, 19, 33, 32, 30, 7, 4, 2, 17, 3, 16, 9, 14, 21, 23, 20, 22, 12, 31, 18, 15, 34, 1,1.49593
1, 18, 31, 20, 12, 15, 22, 21, 14, 9, 16, 3, 17, 2, 23, 4, 7, 30, 32, 33, 19, 29, 27, 5, 25, 13, 6, 28, 11, 24, 10, 8, 26, 34, 1,1.49197
1, 18, 31, 12, 20, 15, 34, 26, 8, 24, 10, 11, 28, 6, 13, 25, 5, 27, 29, 19, 33, 32, 30, 7, 4, 23, 2, 17, 3, 16, 9, 14, 21, 22, 1,1.59929
1, 18, 31, 20, 12, 15, 34, 26, 8, 24, 10, 11, 28, 6, 13, 25, 5, 27, 29, 19, 33, 32, 30, 7, 4, 23, 2, 22, 21, 14, 17, 3, 16, 9, 1,1.4156
1, 18, 31, 20, 12, 15, 34, 26, 8, 24, 10, 11, 28, 6, 13, 25, 5, 27, 29, 19, 33, 32, 30, 7, 4, 23, 2, 22, 21, 17, 3, 14, 16, 9, 1,1.39428
1, 18, 31, 22, 21, 14, 9, 16, 3, 17, 2, 23, 4, 7, 30, 32, 33, 19, 29, 27, 5, 25, 13, 6, 28, 11, 10, 24, 8, 26, 34, 15, 20, 12, 1,1.59473
1, 18, 31, 12, 20, 15, 22, 21, 14, 9, 16, 3, 17, 2, 23, 4, 7, 30, 32, 33, 19, 29, 27, 5, 25, 13, 6, 28, 11, 10, 24, 8, 26, 34, 1,1.50192
1, 18, 31, 12, 20, 15, 34, 26, 8, 24, 10, 11, 28, 6, 13, 25, 5, 27, 29, 19, 33, 32, 30, 7, 4, 23, 2, 17, 3, 16, 9, 14, 21, 22, 1,1.59929
1, 18, 31, 15, 20, 12, 34, 26, 8, 24, 10, 11, 28, 6, 13, 25, 5, 27, 29, 19, 33, 32, 30, 7, 4, 23, 21, 22, 2, 17, 3, 16, 9, 14, 1,1.55263
1, 18, 31, 12, 20, 15, 34, 26, 8, 24, 10, 11, 28, 6, 13, 25, 5, 27, 29, 19, 33, 32, 30, 7, 4, 23, 2, 17, 3, 16, 9, 14, 21, 22, 1,1.59929
1, 18, 31, 22, 21, 14, 9, 16, 3, 17, 2, 23, 4, 7, 30, 32, 33, 19, 29, 27, 5, 25, 13, 6, 28, 11, 10, 24, 8, 26, 34, 15, 20, 12, 1,1.59473
1, 18, 31, 12, 20, 15, 34, 26, 8, 24, 10, 11, 28, 6, 13, 25, 5, 27, 29, 19, 33, 32, 30, 7, 4, 23, 2, 17, 3, 16, 9, 14, 21, 22, 1,1.59929
1, 18, 31, 12, 20, 15, 34, 26, 8, 24, 10, 11, 28, 6, 13, 25, 5, 27, 29, 19, 33, 32, 30, 7, 4, 23, 2, 17, 3, 16, 9, 14, 21, 22, 1,1.59929
1, 18, 31, 12, 20, 15, 34, 26, 8, 24, 10, 11, 28, 6, 13, 25, 5, 27, 29, 19, 33, 32, 30, 7, 4, 23, 2, 17, 3, 16, 9, 14, 21, 22, 1,1.59929
1, 18, 31, 12, 20, 15, 34, 26, 8, 24, 10, 11, 28, 6, 13, 25, 5, 27, 29, 19, 33, 32, 30, 7, 4, 23, 2, 17, 3, 16, 9, 14, 21, 22, 1,1.59929
1, 18, 31, 12, 20, 15, 34, 26, 8, 24, 10, 11, 28, 6, 13, 25, 5, 27, 29, 19, 33, 32, 30, 7, 4, 23, 2, 17, 3, 16, 9, 14, 21, 22, 1,1.59929
1, 18, 31, 12, 20, 15, 34, 26, 8, 24, 10, 11, 28, 6, 13, 25, 5, 27, 29, 19, 33, 32, 30, 7, 4, 23, 2, 17, 3, 16, 9, 14, 21, 22, 1,1.59929
1, 18, 31, 12, 20, 15, 34, 26, 8, 24, 10, 11, 28, 6, 13, 25, 5, 27, 29, 19, 33, 32, 30, 7, 4, 23, 2, 17, 3, 16, 9, 14, 21, 22, 1,1.59929
1, 15, 34, 18, 31, 12, 26, 8, 24, 10, 11, 28, 6, 13, 25, 5, 27, 29, 19, 33, 32, 30, 7, 4, 23, 2, 17, 3, 16, 9, 14, 21, 22, 20, 1,1.41078
1, 18, 31, 12, 20, 15, 34, 26, 8, 24, 10, 11, 28, 6, 13, 25, 5, 27, 29, 19, 33, 32, 30, 7, 4, 23, 2, 17, 3, 16, 9, 14, 21, 22, 1,1.59929
1, 18, 31, 12, 20, 15, 34, 26, 8, 24, 10, 11, 28, 6, 13, 25, 5, 27, 29, 19, 33, 32, 30, 7, 4, 23, 2, 17, 3, 16, 9, 14, 21, 22, 1,1.59929
1, 18, 31, 12, 20, 15, 34, 26, 8, 24, 10, 11, 28, 6, 13, 25, 5, 27, 29, 19, 33, 32, 30, 7, 4, 23, 2, 17, 3, 16, 9, 14, 21, 22, 1,1.59929
1, 18, 31, 12, 20, 15, 34, 26, 8, 24, 10, 11, 28, 6, 13, 25, 5, 27, 29, 19, 33, 32, 30, 7, 4, 23, 2, 17, 3, 16, 9, 14, 21, 22, 1,1.59929
1, 18, 31, 12, 20, 15, 34, 26, 8, 24, 10, 11, 28, 6, 13, 25, 5, 27, 29, 19, 33, 32, 30, 7, 4, 23, 2, 17, 3, 16, 9, 14, 21, 22, 1,1.59929
1, 18, 31, 12, 20, 15, 34, 26, 8, 24, 10, 11, 28, 6, 13, 25, 5, 27, 29, 19, 33, 32, 30, 7, 4, 23, 2, 17, 3, 16, 9, 14, 21, 22, 1,1.59929
1, 18, 31, 12, 20, 15, 22, 21, 14, 9, 16, 3, 17, 2, 23, 4, 7, 30, 32, 33, 19, 29, 27, 5, 25, 13, 6, 28, 11, 10, 24, 8, 26, 34, 1,1.50192
1, 18, 31, 12, 20, 15, 34, 26, 8, 24, 10, 11, 28, 6, 13, 25, 5, 27, 29, 19, 17, 3, 16, 9, 14, 21, 2, 33, 32, 30, 7, 4, 23, 22, 1,1.53013
1, 18, 31, 12, 20, 15, 22, 23, 4, 7, 30, 32, 33, 2, 21, 14, 9, 16, 3, 17, 19, 29, 27, 5, 25, 13, 6, 28, 11, 24, 10, 8, 26, 34, 1,1.41892
1, 18, 31, 12, 20, 15, 22, 23, 4, 7, 30, 32, 33, 2, 21, 14, 9, 16, 3, 17, 19, 29, 27, 5, 25, 13, 6, 28, 11, 24, 10, 8, 26, 34, 1,1.41892
1, 18, 31, 12, 20, 15, 22, 23, 4, 7, 30, 32, 33, 2, 21, 14, 9, 16, 3, 17, 19, 29, 27, 5, 25, 13, 6, 28, 11, 24, 10, 8, 26, 34, 1,1.41892
1, 18, 31, 12, 20, 15, 22, 23, 4, 7, 30, 32, 33, 2, 21, 14, 9, 16, 3, 17, 19, 29, 27, 5, 25, 13, 6, 28, 11, 24, 10, 8, 26, 34, 1,1.41892
1, 18, 31, 12, 20, 15, 22, 23, 4, 7, 30, 32, 33, 2, 21, 14, 9, 16, 3, 17, 19, 29, 27, 5, 25, 13, 6, 28, 11, 24, 10, 8, 26, 34, 1,1.41892
1, 18, 31, 12, 20, 15, 34, 26, 8, 24, 10, 11, 28, 6, 13, 25, 5, 27, 29, 19, 33, 32, 30, 7, 4, 23, 2, 17, 3, 16, 9, 14, 21, 22, 1,1.59929
1, 18, 31, 22, 21, 14, 9, 16, 3, 17, 2, 23, 4, 7, 30, 32, 33, 19, 29, 27, 5, 25, 13, 6, 28, 11, 10, 24, 8, 26, 34, 15, 20, 12, 1,1.59473
1, 18, 31, 12, 22, 21, 14, 9, 16, 3, 17, 2, 23, 4, 7, 30, 32, 33, 19, 29, 27, 5, 25, 13, 6, 28, 11, 10, 24, 8, 26, 34, 15, 20, 1,1.55725
1, 18, 31, 12, 20, 15, 34, 26, 8, 24, 10, 11, 28, 6, 13, 25, 5, 27, 29, 19, 33, 32, 30, 7, 4, 23, 2, 17, 3, 16, 9, 14, 21, 22, 1,1.59929
1, 18, 31, 12, 20, 15, 34, 26, 8, 10, 24, 11, 28, 6, 13, 25, 5, 27, 29, 19, 33, 32, 30, 7, 4, 23, 2, 17, 3, 16, 9, 14, 21, 22, 1,1.58545
1, 18, 31, 12, 22, 21, 14, 9, 16, 3, 17, 2, 23, 4, 7, 30, 32, 33, 19, 29, 27, 5, 25, 13, 6, 28, 11, 10, 24, 8, 26, 34, 15, 20, 1,1.55725
1, 18, 31, 12, 20, 15, 34, 26, 8, 10, 24, 11, 28, 6, 13, 25, 5, 27, 29, 19, 33, 32, 30, 7, 4, 23, 2, 17, 3, 16, 9, 14, 21, 22, 1,1.58545
1, 18, 31, 12, 20, 15, 34, 26, 8, 10, 24, 11, 28, 6, 13, 25, 5, 27, 29, 19, 33, 32, 30, 7, 4, 23, 2, 17, 3, 16, 9, 14, 21, 22, 1,1.58545
1, 18, 31, 12, 20, 15, 34, 22, 21, 14, 9, 16, 3, 17, 2, 23, 4, 7, 30, 32, 33, 19, 29, 27, 5, 25, 13, 6, 28, 11, 10, 24, 8, 26, 1,1.45845
1, 18, 31, 22, 21, 14, 9, 16, 3, 17, 2, 23, 4, 7, 30, 32, 33, 19, 29, 27, 5, 25, 13, 6, 28, 11, 24, 10, 8, 26, 34, 15, 20, 12, 1,1.58089
1, 22, 21, 14, 9, 16, 3, 17, 2, 23, 4, 7, 30, 32, 33, 19, 29, 27, 5, 25, 13, 6, 28, 11, 24, 10, 8, 26, 34, 15, 20, 12, 31, 18, 1,1.58545
1, 18, 31, 22, 21, 14, 9, 16, 3, 17, 2, 23, 4, 7, 30, 32, 33, 19, 29, 27, 5, 25, 13, 6, 28, 11, 24, 10, 8, 26, 34, 15, 20, 12, 1,1.58089
1, 18, 31, 22, 21, 14, 9, 16, 3, 17, 2, 23, 4, 7, 30, 32, 33, 19, 29, 27, 5, 25, 13, 6, 28, 11, 24, 10, 8, 26, 34, 15, 20, 12, 1,1.58089
1, 22, 21, 14, 9, 16, 3, 17, 2, 23, 4, 7, 30, 32, 33, 19, 29, 27, 5, 25, 13, 6, 28, 11, 24, 10, 8, 26, 34, 15, 20, 12, 31, 18, 1,1.58545
1, 22, 21, 14, 9, 16, 3, 17, 2, 23, 4, 7, 30, 32, 33, 19, 29, 27, 5, 25, 13, 6, 28, 11, 24, 10, 8, 26, 34, 15, 20, 12, 31, 18, 1,1.58545
1, 18, 31, 12, 20, 15, 34, 22, 21, 14, 9, 16, 3, 17, 2, 23, 4, 7, 30, 32, 33, 19, 29, 27, 5, 25, 13, 6, 28, 11, 24, 10, 8, 26, 1,1.44461
1, 18, 31, 12, 20, 22, 21, 14, 9, 16, 3, 17, 2, 23, 4, 7, 30, 32, 33, 19, 29, 27, 5, 25, 13, 6, 28, 11, 24, 10, 8, 26, 34, 15, 1,1.27918
1, 18, 31, 12, 20, 22, 21, 14, 9, 16, 3, 17, 2, 23, 4, 7, 30, 32, 33, 19, 29, 27, 5, 25, 13, 6, 28, 11, 24, 10, 8, 26, 34, 15, 1,1.27918
1, 18, 31, 12, 20, 34, 15, 26, 8, 10, 24, 11, 28, 6, 13, 25, 5, 27, 29, 19, 33, 32, 30, 7, 4, 23, 2, 17, 3, 16, 9, 14, 21, 22, 1,1.58249
1, 18, 31, 12, 20, 15, 34, 26, 8, 10, 24, 11, 28, 6, 13, 25, 5, 27, 29, 19, 33, 32, 30, 7, 4, 23, 2, 17, 3, 16, 9, 14, 21, 22, 1,1.58545
1, 18, 31, 12, 20, 15, 34, 26, 8, 10, 24, 11, 28, 6, 13, 25, 5, 27, 29, 19, 33, 32, 30, 7, 4, 23, 2, 17, 3, 16, 9, 14, 21, 22, 1,1.58545
1, 18, 31, 12, 20, 34, 15, 26, 8, 10, 24, 11, 28, 6, 13, 25, 5, 27, 29, 19, 33, 32, 30, 7, 4, 23, 2, 17, 3, 16, 9, 14, 21, 22, 1,1.58249
1, 18, 31, 12, 20, 15, 34, 26, 8, 10, 24, 11, 28, 6, 13, 25, 5, 27, 29, 19, 33, 32, 30, 7, 4, 23, 2, 17, 3, 16, 9, 14, 21, 22, 1,1.58545
1, 18, 31, 12, 20, 15, 34, 26, 8, 10, 24, 11, 28, 6, 13, 25, 5, 27, 29, 19, 33, 32, 30, 7, 4, 23, 2, 17, 3, 16, 9, 14, 21, 22, 1,1.58545
1, 22, 21, 14, 9, 16, 3, 17, 2, 23, 4, 7, 30, 32, 33, 19, 29, 27, 5, 25, 13, 6, 28, 11, 24, 10, 8, 26, 34, 15, 20, 12, 31, 18, 1,1.58545
1, 18, 31, 12, 20, 22, 21, 14, 9, 16, 3, 17, 2, 23, 4, 7, 30, 32, 33, 19, 29, 27, 5, 25, 13, 6, 28, 11, 24, 10, 8, 26, 34, 15, 1,1.27918
1, 18, 31, 12, 20, 22, 21, 14, 9, 16, 3, 17, 2, 23, 4, 7, 30, 32, 33, 19, 29, 27, 5, 25, 13, 6, 28, 11, 24, 10, 8, 26, 34, 15, 1,1.27918
1, 18, 31, 12, 20, 15, 34, 26, 8, 10, 24, 11, 28, 6, 13, 25, 5, 27, 29, 19, 33, 32, 30, 7, 4, 23, 2, 17, 3, 16, 9, 14, 21, 22, 1,1.58545
1, 18, 31, 12, 20, 15, 34, 26, 8, 10, 24, 11, 28, 6, 13, 25, 5, 27, 29, 19, 33, 32, 30, 7, 4, 23, 2, 17, 3, 16, 9, 14, 21, 22, 1,1.58545
1, 22, 21, 14, 9, 16, 3, 17, 2, 23, 4, 7, 30, 32, 33, 19, 29, 27, 5, 25, 13, 6, 28, 11, 24, 10, 8, 26, 34, 15, 20, 12, 31, 18, 1,1.58545
1, 18, 31, 12, 20, 15, 34, 26, 8, 10, 24, 11, 28, 6, 13, 25, 5, 27, 29, 19, 33, 32, 30, 7, 4, 23, 2, 17, 3, 16, 9, 14, 21, 22, 1,1.58545
1, 18, 31, 12, 20, 22, 21, 14, 9, 16, 3, 17, 2, 23, 4, 7, 30, 32, 33, 19, 29, 27, 5, 25, 13, 6, 28, 11, 24, 10, 8, 26, 34, 15, 1,1.27918
1, 18, 31, 12, 20, 15, 34, 26, 8, 10, 24, 11, 28, 6, 13, 25, 5, 27, 29, 19, 33, 32, 30, 7, 4, 23, 2, 17, 3, 16, 9, 14, 21, 22, 1,1.58545
1, 18, 31, 12, 20, 15, 34, 26, 8, 10, 24, 11, 28, 6, 13, 25, 5, 27, 29, 19, 33, 32, 30, 7, 4, 23, 2, 17, 3, 16, 9, 14, 21, 22, 1,1.58545
1, 18, 31, 12, 20, 15, 34, 26, 8, 10, 24, 11, 28, 6, 13, 25, 5, 27, 29, 19, 33, 32, 30, 7, 4, 23, 2, 17, 3, 16, 9, 14, 21, 22, 1,1.58545
1, 18, 31, 12, 20, 15, 34, 26, 8, 10, 24, 11, 28, 6, 13, 25, 5, 27, 29, 19, 33, 21, 14, 9, 16, 3, 17, 2, 23, 4, 7, 30, 32, 22, 1,1.50835
1, 18, 31, 12, 20, 15, 34, 26, 8, 10, 24, 11, 28, 6, 13, 25, 5, 27, 29, 19, 33, 32, 30, 7, 4, 23, 2, 17, 3, 16, 9, 14, 21, 22, 1,1.58545
1, 22, 21, 14, 9, 16, 3, 17, 2, 23, 4, 7, 30, 32, 33, 19, 29, 27, 5, 25, 13, 6, 28, 11, 24, 10, 8, 26, 34, 15, 20, 12, 31, 18, 1,1.58545
1, 18, 31, 12, 20, 15, 34, 26, 8, 10, 24, 11, 28, 6, 13, 25, 5, 27, 29, 19, 33, 32, 30, 7, 4, 23, 2, 17, 3, 16, 9, 14, 21, 22, 1,1.58545
1, 22, 21, 14, 9, 16, 3, 17, 2, 23, 4, 7, 30, 32, 33, 19, 29, 27, 5, 25, 13, 6, 28, 11, 24, 10, 8, 26, 34, 15, 20, 12, 31, 18, 1,1.58545
1, 18, 31, 12, 20, 15, 34, 22, 21, 14, 9, 16, 3, 17, 2, 23, 4, 7, 30, 32, 33, 19, 29, 27, 5, 25, 13, 6, 28, 11, 24, 10, 8, 26, 1,1.44461
1, 18, 31, 12, 20, 15, 34, 22, 21, 14, 9, 16, 3, 17, 2, 23, 4, 7, 30, 32, 33, 19, 29, 27, 5, 25, 13, 6, 28, 11, 24, 26, 8, 10, 1,1.57705
1, 18, 31, 12, 20, 15, 34, 26, 8, 10, 24, 11, 28, 6, 13, 25, 5, 27, 29, 19, 33, 32, 30, 7, 4, 23, 2, 17, 3, 16, 9, 14, 21, 22, 1,1.58545
1, 22, 21, 14, 9, 16, 3, 17, 2, 23, 4, 7, 30, 32, 33, 19, 29, 27, 5, 25, 13, 6, 28, 11, 24, 10, 8, 26, 34, 15, 20, 12, 31, 18, 1,1.58545
1, 18, 31, 12, 20, 15, 34, 22, 21, 14, 9, 16, 3, 17, 2, 23, 4, 7, 30, 32, 33, 19, 29, 27, 5, 25, 13, 6, 28, 11, 24, 10, 8, 26, 1,1.44461
1, 18, 31, 12, 20, 15, 34, 22, 21, 14, 9, 16, 3, 17, 2, 23, 4, 7, 30, 32, 33, 19, 29, 27, 5, 25, 13, 6, 28, 11, 24, 10, 8, 26, 1,1.44461
1, 18, 31, 12, 20, 15, 34, 22, 21, 14, 9, 16, 3, 17, 2, 23, 4, 7, 30, 32, 33, 19, 29, 27, 5, 25, 13, 6, 28, 11, 24, 10, 26, 8, 1,1.51856
1, 18, 31, 12, 20, 15, 34, 22, 21, 14, 9, 16, 3, 17, 2, 23, 4, 7, 30, 32, 33, 19, 29, 27, 5, 25, 13, 6, 28, 11, 24, 10, 8, 26, 1,1.44461
1, 18, 31, 12, 22, 21, 3, 9, 16, 14, 17, 2, 23, 4, 7, 30, 32, 33, 19, 29, 27, 5, 25, 13, 6, 28, 11, 24, 10, 8, 26, 34, 15, 20, 1,1.58173
1, 18, 31, 12, 20, 15, 34, 26, 8, 10, 24, 11, 28, 6, 13, 25, 5, 27, 29, 19, 33, 32, 30, 7, 4, 23, 2, 17, 3, 16, 9, 14, 21, 22, 1,1.58545
1, 18, 31, 12, 20, 15, 34, 26, 8, 10, 24, 11, 28, 6, 13, 25, 5, 27, 29, 19, 33, 32, 30, 7, 4, 23, 2, 17, 3, 16, 9, 14, 21, 22, 1,1.58545
1, 18, 31, 22, 21, 14, 9, 16, 3, 17, 2, 23, 4, 7, 30, 32, 33, 19, 29, 27, 5, 25, 13, 6, 28, 11, 24, 10, 8, 26, 34, 15, 20, 12, 1,1.58089
1, 18, 31, 22, 21, 14, 9, 16, 3, 17, 2, 23, 4, 7, 30, 32, 33, 19, 29, 27, 5, 25, 13, 6, 28, 11, 24, 10, 8, 26, 34, 15, 20, 12, 1,1.58089
1, 18, 31, 12, 20, 22, 21, 14, 9, 16, 3, 17, 2, 23, 4, 7, 30, 32, 33, 19, 29, 27, 5, 25, 13, 6, 28, 11, 24, 10, 8, 26, 34, 15, 1,1.27918
1, 18, 31, 12, 20, 15, 34, 22, 21, 14, 9, 16, 3, 17, 2, 23, 4, 7, 30, 32, 33, 19, 29, 27, 5, 25, 13, 6, 28, 11, 24, 10, 8, 26, 1,1.44461
1, 18, 31, 12, 20, 22, 21, 14, 9, 15, 34, 26, 8, 16, 3, 17, 2, 23, 4, 7, 30, 32, 33, 19, 29, 27, 5, 25, 13, 6, 28, 11, 24, 10, 1,1.56314
1, 18, 31, 12, 20, 22, 21, 14, 9, 15, 34, 26, 8, 16, 3, 17, 2, 23, 4, 7, 30, 32, 33, 19, 29, 27, 5, 25, 13, 6, 28, 11, 24, 10, 1,1.56314
1, 18, 31, 12, 20, 15, 34, 26, 8, 10, 24, 11, 28, 6, 13, 25, 5, 27, 29, 19, 33, 32, 30, 7, 4, 23, 2, 17, 3, 16, 9, 14, 21, 22, 1,1.58545
1, 18, 31, 12, 20, 15, 22, 21, 14, 9, 16, 3, 17, 2, 23, 4, 7, 30, 32, 33, 19, 29, 27, 5, 25, 13, 6, 28, 11, 24, 10, 8, 26, 34, 1,1.48808
1, 18, 31, 12, 20, 15, 34, 26, 8, 10, 24, 11, 28, 6, 13, 25, 5, 27, 29, 19, 33, 32, 30, 7, 4, 23, 2, 17, 3, 16, 9, 14, 21, 22, 1,1.58545
1, 18, 31, 12, 20, 15, 34, 26, 8, 10, 24, 11, 28, 6, 13, 25, 5, 27, 29, 19, 33, 32, 30, 7, 4, 23, 2, 17, 3, 16, 9, 14, 21, 22, 1,1.58545
1, 18, 31, 12, 20, 15, 34, 26, 8, 10, 24, 11, 28, 6, 13, 25, 5, 27, 29, 19, 33, 32, 30, 7, 4, 23, 2, 17, 3, 16, 9, 14, 21, 22, 1,1.58545
1, 18, 31, 22, 21, 14, 9, 16, 3, 17, 2, 23, 4, 7, 30, 32, 33, 19, 29, 27, 5, 25, 13, 6, 28, 11, 24, 10, 8, 26, 34, 15, 20, 12, 1,1.58089
1, 18, 31, 12, 20, 15, 34, 22, 21, 14, 9, 16, 3, 17, 2, 23, 4, 7, 30, 32, 33, 19, 29, 27, 5, 25, 13, 6, 28, 11, 24, 10, 8, 26, 1,1.44461
1, 18, 31, 12, 22, 21, 14, 9, 16, 3, 17, 2, 23, 4, 7, 30, 32, 33, 19, 29, 27, 5, 25, 13, 6, 28, 11, 24, 10, 8, 26, 34, 15, 20, 1,1.54341
1, 18, 31, 12, 20, 15, 34, 26, 8, 10, 24, 11, 28, 6, 13, 25, 5, 27, 29, 19, 33, 32, 30, 7, 4, 23, 2, 17, 3, 16, 9, 14, 21, 22, 1,1.58545
1, 18, 31, 12, 20, 15, 34, 26, 8, 10, 24, 11, 28, 6, 13, 25, 5, 27, 29, 19, 33, 32, 30, 7, 4, 23, 2, 17, 3, 16, 9, 14, 21, 22, 1,1.58545
1, 18, 31, 12, 20, 15, 34, 26, 8, 10, 24, 11, 28, 6, 13, 25, 5, 27, 29, 19, 33, 32, 30, 7, 4, 23, 2, 17, 3, 16, 9, 14, 21, 22, 1,1.58545
1, 18, 31, 12, 20, 15, 22, 21, 14, 9, 16, 3, 17, 2, 23, 4, 7, 30, 32, 33, 19, 29, 27, 5, 25, 13, 6, 28, 11, 24, 10, 8, 26, 34, 1,1.48808
1, 18, 31, 12, 20, 15, 34, 26, 8, 10, 24, 11, 28, 6, 13, 25, 5, 27, 29, 19, 33, 32, 30, 7, 4, 23, 2, 17, 3, 16, 9, 14, 21, 22, 1,1.58545
1, 18, 31, 12, 20, 15, 34, 26, 8, 10, 24, 11, 28, 6, 13, 25, 5, 27, 29, 19, 33, 32, 30, 7, 4, 23, 2, 17, 3, 16, 9, 14, 21, 22, 1,1.58545
1, 18, 31, 12, 20, 15, 34, 26, 8, 10, 24, 11, 28, 6, 13, 25, 5, 27, 29, 19, 33, 32, 30, 7, 4, 23, 2, 17, 3, 16, 9, 14, 21, 22, 1,1.58545
1, 22, 21, 14, 9, 16, 3, 17, 2, 23, 4, 7, 30, 32, 33, 19, 29, 27, 5, 25, 13, 6, 28, 11, 24, 10, 8, 26, 34, 15, 20, 12, 31, 18, 1,1.58545
1, 12, 20, 15, 34, 26, 8, 10, 24, 11, 28, 6, 13, 25, 5, 27, 29, 19, 33, 32, 30, 7, 4, 23, 2, 17, 3, 16, 9, 14, 21, 22, 31, 18, 1,1.58089
1, 22, 21, 14, 9, 16, 3, 17, 2, 23, 4, 7, 30, 32, 33, 19, 29, 27, 5, 25, 13, 6, 28, 11, 24, 10, 8, 26, 34, 15, 20, 12, 31, 18, 1,1.58545
1, 18, 31, 12, 20, 15, 34, 26, 8, 10, 24, 11, 28, 6, 13, 25, 5, 27, 29, 19, 33, 32, 30, 7, 4, 23, 2, 17, 3, 16, 9, 14, 21, 22, 1,1.58545
1, 18, 31, 12, 20, 15, 22, 21, 14, 9, 16, 3, 17, 2, 23, 4, 7, 30, 32, 33, 19, 29, 27, 5, 25, 13, 6, 28, 11, 24, 10, 8, 26, 34, 1,1.48808
1, 18, 31, 12, 20, 15, 34, 26, 10, 8, 24, 11, 28, 6, 13, 25, 5, 27, 29, 19, 33, 32, 30, 7, 4, 23, 2, 17, 3, 16, 9, 14, 21, 22, 1,1.56972
1, 18, 31, 12, 20, 15, 34, 22, 21, 14, 9, 16, 3, 17, 2, 23, 4, 7, 30, 32, 33, 19, 29, 27, 5, 25, 13, 6, 28, 11, 24, 10, 8, 26, 1,1.44461
1, 18, 31, 12, 20, 15, 34, 26, 10, 8, 24, 11, 28, 6, 13, 25, 5, 27, 29, 19, 33, 32, 30, 7, 4, 23, 2, 17, 3, 16, 9, 14, 21, 22, 1,1.56972
1, 18, 31, 12, 20, 15, 34, 26, 10, 8, 24, 11, 28, 6, 13, 25, 5, 27, 29, 19, 33, 32, 30, 7, 4, 23, 2, 17, 3, 16, 9, 14, 21, 22, 1,1.56972
1, 18, 31, 12, 22, 21, 14, 9, 16, 3, 17, 2, 23, 4, 7, 30, 32, 33, 19, 29, 27, 5, 25, 13, 6, 28, 11, 24, 10, 8, 26, 34, 15, 20, 1,1.54341
1, 18, 31, 12, 20, 34, 15, 26, 8, 10, 24, 11, 28, 6, 13, 25, 5, 27, 29, 19, 33, 32, 30, 7, 4, 23, 2, 17, 3, 16, 9, 14, 21, 22, 1,1.58249
1, 18, 31, 12, 20, 34, 15, 26, 8, 10, 24, 11, 28, 6, 13, 25, 5, 27, 29, 19, 33, 32, 30, 7, 4, 23, 2, 17, 3, 16, 9, 14, 21, 22, 1,1.58249
1, 18, 31, 12, 20, 34, 15, 26, 8, 10, 24, 11, 28, 6, 13, 25, 5, 27, 29, 19, 33, 32, 30, 7, 4, 23, 2, 17, 3, 16, 9, 14, 21, 22, 1,1.58249
1, 18, 31, 12, 20, 34, 15, 26, 8, 10, 24, 11, 28, 6, 13, 25, 5, 27, 29, 19, 33, 32, 30, 7, 4, 23, 2, 17, 16, 3, 9, 14, 21, 22, 1,1.58517
1, 18, 31, 12, 20, 34, 15, 26, 8, 10, 24, 11, 28, 6, 13, 25, 5, 27, 29, 19, 33, 32, 30, 7, 4, 23, 2, 17, 3, 16, 9, 14, 21, 22, 1,1.58249
1, 18, 31, 12, 20, 15, 22, 21, 14, 9, 16, 3, 17, 2, 23, 4, 7, 30, 32, 33, 19, 29, 27, 5, 25, 13, 6, 28, 11, 24, 10, 8, 26, 34, 1,1.48808
1, 18, 31, 22, 21, 14, 9, 16, 3, 17, 2, 23, 4, 7, 30, 32, 33, 19, 29, 27, 5, 25, 13, 6, 28, 11, 24, 10, 8, 26, 34, 15, 20, 12, 1,1.58089
1, 18, 31, 12, 20, 34, 15, 26, 8, 10, 24, 11, 28, 6, 13, 25, 5, 27, 29, 19, 33, 32, 30, 7, 4, 23, 2, 17, 3, 16, 9, 14, 21, 22, 1,1.58249
1, 18, 31, 12, 20, 34, 15, 26, 8, 10, 24, 11, 28, 6, 13, 25, 5, 27, 29, 19, 33, 32, 30, 7, 4, 23, 2, 17, 3, 16, 9, 14, 21, 22, 1,1.58249
1, 18, 31, 12, 20, 34, 15, 26, 8, 10, 24, 11, 28, 6, 13, 25, 5, 27, 29, 19, 33, 32, 30, 7, 4, 23, 2, 17, 3, 16, 9, 14, 21, 22, 1,1.58249
1, 18, 31, 12, 20, 34, 15, 26, 8, 10, 24, 11, 28, 6, 13, 25, 5, 27, 29, 19, 33, 32, 30, 7, 4, 23, 2, 17, 3, 16, 9, 14, 21, 22, 1,1.58249
1, 18, 31, 12, 20, 34, 15, 26, 8, 10, 24, 11, 28, 6, 13, 25, 5, 27, 29, 19, 33, 32, 30, 7, 4, 23, 2, 17, 3, 16, 9, 14, 21, 22, 1,1.58249
1, 18, 31, 12, 20, 34, 15, 26, 8, 10, 24, 11, 28, 6, 13, 25, 5, 27, 29, 19, 33, 32, 30, 7, 4, 23, 2, 17, 3, 16, 9, 14, 21, 22, 1,1.58249
1, 18, 31, 12, 20, 34, 15, 22, 21, 14, 9, 16, 3, 17, 2, 23, 4, 7, 30, 32, 33, 19, 29, 27, 5, 25, 13, 6, 28, 11, 24, 10, 8, 26, 1,1.45365
1, 18, 31, 12, 20, 34, 15, 26, 8, 10, 24, 11, 28, 6, 13, 25, 5, 27, 29, 19, 17, 16, 3, 9, 14, 21, 2, 33, 32, 30, 7, 4, 23, 22, 1,1.51601
1, 18, 31, 12, 20, 22, 21, 14, 9, 16, 3, 17, 2, 23, 4, 7, 30, 32, 33, 19, 29, 27, 5, 25, 13, 6, 28, 11, 24, 10, 8, 26, 15, 34, 1,1.28397
1, 20, 22, 21, 14, 9, 16, 3, 17, 2, 23, 4, 7, 30, 32, 33, 19, 29, 27, 5, 25, 13, 6, 28, 11, 24, 10, 8, 26, 15, 34, 18, 31, 12, 1,1.37432
1, 18, 31, 12, 20, 34, 15, 26, 8, 10, 24, 11, 28, 6, 13, 25, 5, 27, 29, 19, 33, 32, 30, 7, 4, 23, 2, 17, 3, 16, 9, 14, 21, 22, 1,1.58249
1, 18, 31, 12, 20, 22, 21, 9, 16, 14, 3, 17, 2, 23, 4, 7, 30, 32, 33, 19, 29, 27, 5, 25, 13, 6, 28, 11, 24, 10, 8, 26, 15, 34, 1,1.39366
1, 18, 31, 12, 20, 34, 15, 26, 8, 10, 24, 11, 28, 6, 13, 25, 5, 27, 29, 19, 33, 32, 30, 7, 4, 23, 2, 17, 3, 16, 9, 14, 21, 22, 1,1.58249
1, 18, 31, 12, 20, 34, 15, 32, 30, 7, 4, 23, 2, 17, 3, 16, 9, 14, 21, 22, 33, 19, 29, 27, 5, 25, 13, 6, 28, 11, 24, 10, 8, 26, 1,1.51049
1, 18, 31, 12, 20, 34, 15, 22, 21, 14, 9, 16, 3, 17, 2, 23, 4, 7, 30, 32, 33, 19, 29, 27, 5, 25, 13, 6, 28, 11, 24, 10, 8, 26, 1,1.45365
1, 18, 31, 12, 20, 34, 15, 22, 21, 14, 9, 16, 3, 17, 2, 23, 4, 7, 30, 32, 33, 19, 29, 5, 27, 25, 13, 6, 28, 11, 24, 10, 8, 26, 1,1.54157
1, 22, 21, 14, 9, 16, 3, 17, 2, 23, 4, 7, 30, 32, 33, 19, 29, 27, 5, 25, 13, 6, 28, 11, 24, 10, 8, 26, 15, 34, 20, 12, 31, 18, 1,1.58249
1, 18, 31, 12, 20, 34, 15, 26, 8, 10, 24, 11, 28, 6, 13, 25, 5, 27, 29, 19, 33, 32, 30, 7, 4, 23, 2, 17, 3, 16, 9, 14, 21, 22, 1,1.58249
1, 22, 21, 14, 9, 16, 3, 17, 2, 23, 4, 7, 30, 32, 33, 19, 29, 27, 5, 25, 13, 6, 28, 11, 24, 10, 8, 26, 15, 34, 20, 12, 31, 18, 1,1.58249
1, 22, 21, 14, 9, 16, 3, 17, 2, 23, 4, 7, 30, 32, 33, 19, 29, 27, 5, 25, 13, 6, 28, 11, 24, 10, 8, 26, 15, 34, 20, 12, 31, 18, 1,1.58249
1, 18, 31, 12, 20, 34, 15, 26, 8, 10, 24, 11, 28, 6, 13, 25, 5, 27, 29, 19, 33, 32, 30, 7, 4, 23, 2, 17, 3, 16, 9, 14, 21, 22, 1,1.58249
1, 18, 31, 12, 20, 34, 15, 26, 8, 10, 24, 11, 28, 6, 13, 25, 5, 27, 29, 19, 33, 32, 30, 7, 4, 23, 2, 17, 3, 16, 9, 14, 21, 22, 1,1.58249
1, 18, 31, 12, 20, 34, 15, 26, 8, 10, 24, 11, 28, 6, 13, 25, 5, 27, 29, 19, 33, 32, 30, 7, 4, 23, 2, 17, 3, 16, 9, 14, 21, 22, 1,1.58249
1, 18, 31, 12, 20, 34, 15, 26, 8, 10, 24, 11, 28, 6, 13, 25, 5, 27, 29, 19, 33, 32, 30, 7, 4, 23, 2, 17, 3, 16, 9, 14, 21, 22, 1,1.58249
1, 18, 31, 12, 20, 34, 15, 26, 8, 10, 24, 11, 28, 6, 13, 25, 5, 27, 29, 19, 33, 32, 30, 7, 4, 23, 2, 22, 21, 17, 3, 16, 9, 14, 1,1.46855
1, 18, 31, 12, 20, 34, 15, 26, 8, 10, 24, 11, 28, 6, 13, 25, 5, 27, 29, 19, 33, 32, 30, 7, 4, 23, 2, 22, 21, 17, 3, 16, 9, 14, 1,1.46855
1, 18, 31, 12, 20, 34, 15, 26, 8, 10, 24, 11, 28, 6, 13, 25, 5, 27, 29, 19, 33, 32, 30, 7, 4, 23, 2, 22, 21, 17, 3, 16, 9, 14, 1,1.46855
1, 18, 31, 12, 20, 34, 15, 26, 8, 10, 24, 11, 28, 6, 13, 25, 5, 27, 29, 19, 33, 32, 30, 7, 4, 23, 2, 22, 21, 17, 3, 16, 9, 14, 1,1.46855
1, 18, 31, 12, 20, 34, 15, 26, 8, 10, 24, 11, 28, 6, 13, 25, 5, 27, 29, 19, 33, 32, 30, 7, 4, 23, 2, 22, 21, 17, 3, 16, 9, 14, 1,1.46855
1, 18, 31, 12, 20, 34, 15, 26, 8, 10, 24, 11, 28, 6, 13, 25, 5, 27, 29, 19, 33, 32, 30, 7, 4, 23, 2, 22, 21, 17, 3, 16, 9, 14, 1,1.46855
1, 18, 31, 12, 20, 34, 15, 26, 8, 10, 24, 11, 28, 6, 13, 25, 5, 27, 29, 19, 33, 32, 30, 7, 4, 23, 2, 22, 21, 17, 3, 16, 9, 14, 1,1.46855
1, 18, 31, 12, 20, 34, 15, 26, 8, 10, 24, 11, 28, 6, 13, 25, 5, 27, 29, 19, 33, 32, 30, 7, 4, 23, 2, 22, 21, 17, 3, 16, 9, 14, 1,1.46855
1, 18, 31, 12, 20, 34, 15, 26, 8, 10, 24, 11, 28, 6, 13, 25, 5, 27, 29, 19, 33, 32, 30, 7, 4, 23, 2, 22, 21, 17, 3, 16, 9, 14, 1,1.46855
1, 18, 31, 12, 20, 34, 15, 26, 8, 10, 24, 11, 28, 6, 13, 25, 5, 27, 29, 19, 33, 32, 30, 7, 4, 23, 2, 22, 21, 17, 3, 16, 9, 14, 1,1.46855
1, 18, 31, 12, 20, 34, 15, 26, 8, 10, 24, 11, 28, 6, 13, 25, 5, 27, 29, 19, 33, 32, 30, 7, 4, 23, 2, 22, 21, 17, 3, 16, 9, 14, 1,1.46855
1, 18, 31, 12, 20, 34, 14, 9, 16, 3, 17, 21, 22, 2, 23, 4, 7, 30, 32, 33, 19, 29, 27, 5, 25, 13, 6, 28, 11, 24, 10, 8, 26, 15, 1,1.3606
1, 18, 26, 8, 10, 24, 11, 28, 6, 13, 25, 5, 27, 29, 19, 33, 32, 30, 7, 4, 23, 2, 22, 21, 17, 3, 16, 9, 14, 15, 31, 12, 20, 34, 1,1.41486
1, 18, 31, 12, 20, 34, 15, 26, 8, 10, 24, 11, 28, 6, 13, 25, 5, 27, 29, 19, 33, 2, 23, 4, 7, 30, 32, 22, 21, 17, 3, 16, 9, 14, 1,1.37648
1, 18, 31, 12, 20, 34, 15, 26, 8, 10, 24, 11, 28, 6, 13, 25, 5, 27, 29, 19, 33, 2, 23, 4, 7, 30, 32, 22, 21, 17, 3, 16, 9, 14, 1,1.37648
1, 18, 31, 12, 20, 34, 15, 26, 8, 10, 24, 11, 28, 6, 13, 25, 5, 27, 29, 19, 33, 2, 23, 4, 7, 30, 32, 22, 21, 17, 3, 16, 9, 14, 1,1.37648
1, 18, 31, 12, 20, 34, 15, 26, 8, 10, 24, 11, 28, 6, 13, 25, 5, 27, 29, 19, 33, 2, 23, 4, 7, 30, 32, 22, 21, 17, 3, 16, 9, 14, 1,1.37648
1, 18, 31, 12, 20, 15, 34, 26, 8, 10, 24, 11, 28, 6, 13, 25, 5, 27, 29, 19, 33, 2, 23, 4, 7, 30, 32, 22, 21, 17, 3, 16, 9, 14, 1,1.37944
1, 18, 31, 12, 20, 15, 34, 26, 8, 10, 24, 11, 28, 6, 13, 25, 5, 27, 29, 19, 33, 2, 23, 4, 7, 30, 32, 22, 21, 17, 3, 16, 9, 14, 1,1.37944
1, 18, 31, 12, 20, 15, 34, 26, 8, 10, 24, 11, 28, 6, 13, 25, 5, 27, 29, 19, 33, 2, 23, 4, 7, 30, 32, 22, 21, 17, 3, 16, 9, 14, 1,1.37944
1, 18, 31, 12, 20, 34, 15, 26, 8, 10, 24, 11, 28, 6, 13, 25, 5, 27, 29, 19, 33, 2, 23, 4, 7, 30, 32, 22, 21, 17, 3, 16, 9, 14, 1,1.37648
1, 18, 31, 12, 20, 34, 15, 26, 8, 10, 24, 11, 28, 6, 13, 25, 5, 27, 29, 19, 33, 2, 23, 4, 7, 30, 32, 22, 21, 17, 3, 16, 9, 14, 1,1.37648
1, 18, 31, 12, 20, 15, 34, 26, 8, 10, 24, 11, 28, 6, 13, 25, 5, 27, 29, 19, 33, 2, 23, 4, 7, 30, 32, 22, 21, 17, 3, 16, 9, 14, 1,1.37944
1, 18, 31, 12, 20, 15, 34, 26, 8, 10, 24, 11, 28, 6, 13, 25, 5, 27, 29, 19, 33, 2, 32, 30, 7, 4, 23, 22, 21, 17, 3, 16, 9, 14, 1,1.37081
1, 18, 31, 12, 20, 15, 34, 26, 8, 10, 24, 11, 28, 6, 13, 25, 5, 27, 29, 19, 33, 2, 32, 30, 7, 4, 23, 22, 21, 17, 3, 16, 9, 14, 1,1.37081
1, 18, 31, 12, 20, 15, 34, 26, 8, 10, 24, 11, 28, 6, 13, 25, 5, 27, 29, 19, 33, 2, 23, 4, 7, 30, 32, 22, 21, 17, 3, 16, 9, 14, 1,1.37944
1, 18, 31, 12, 20, 15, 34, 26, 8, 10, 24, 11, 28, 6, 13, 25, 5, 27, 29, 19, 33, 2, 23, 4, 7, 30, 32, 22, 21, 17, 3, 16, 9, 14, 1,1.37944
1, 18, 31, 12, 20, 34, 15, 14, 9, 16, 3, 17, 21, 22, 2, 23, 4, 32, 30, 7, 33, 19, 29, 27, 5, 25, 13, 6, 28, 11, 24, 10, 8, 26, 1,1.36919
1, 18, 31, 12, 20, 15, 34, 26, 8, 10, 24, 11, 28, 6, 13, 25, 5, 27, 29, 19, 33, 2, 23, 4, 7, 30, 32, 22, 21, 17, 3, 16, 9, 14, 1,1.37944
1, 18, 31, 12, 20, 34, 15, 26, 8, 10, 24, 11, 28, 6, 13, 25, 5, 27, 29, 19, 33, 7, 30, 32, 4, 23, 22, 2, 21, 17, 3, 16, 9, 14, 1,1.42537
1, 18, 31, 12, 20, 14, 9, 16, 3, 17, 21, 22, 2, 23, 4, 7, 30, 32, 33, 19, 29, 27, 5, 25, 13, 6, 28, 11, 24, 10, 8, 26, 15, 34, 1,1.38277
1, 18, 31, 12, 20, 34, 15, 26, 8, 10, 24, 11, 28, 6, 13, 25, 5, 27, 29, 19, 33, 32, 7, 30, 4, 23, 2, 22, 21, 17, 3, 16, 14, 9, 1,1.37225
1, 18, 26, 8, 10, 24, 11, 28, 6, 13, 25, 5, 27, 29, 19, 33, 32, 30, 7, 4, 23, 2, 22, 21, 17, 3, 16, 9, 14, 20, 12, 31, 15, 34, 1,1.41859
1, 18, 31, 12, 20, 15, 34, 14, 9, 16, 3, 17, 21, 2, 22, 23, 32, 4, 30, 7, 33, 19, 29, 27, 5, 25, 13, 6, 28, 11, 24, 10, 8, 26, 1,1.29182
1, 18, 31, 12, 20, 15, 34, 14, 9, 16, 3, 17, 21, 2, 22, 23, 32, 4, 30, 7, 33, 19, 29, 27, 5, 25, 13, 6, 28, 11, 24, 10, 8, 26, 1,1.29182
1, 18, 31, 12, 20, 34, 15, 14, 8, 10, 24, 11, 28, 6, 13, 25, 5, 27, 29, 19, 33, 7, 30, 4, 32, 23, 22, 2, 21, 17, 3, 16, 9, 26, 1,1.39492
1, 18, 31, 12, 20, 34, 15, 14, 8, 10, 24, 11, 28, 6, 13, 25, 5, 27, 29, 19, 33, 7, 30, 4, 32, 23, 22, 2, 21, 17, 3, 16, 9, 26, 1,1.39492
1, 18, 31, 12, 20, 34, 15, 14, 8, 10, 24, 11, 28, 6, 13, 25, 5, 27, 29, 19, 33, 7, 30, 4, 32, 23, 22, 2, 21, 17, 3, 16, 9, 26, 1,1.39492
1, 18, 31, 12, 20, 14, 9, 16, 3, 17, 21, 2, 22, 23, 32, 4, 30, 7, 33, 19, 29, 27, 5, 25, 13, 6, 28, 11, 24, 10, 8, 26, 15, 34, 1,1.33772
1, 18, 31, 12, 20, 34, 15, 26, 8, 10, 24, 11, 28, 6, 13, 25, 5, 27, 29, 19, 33, 32, 7, 30, 4, 23, 22, 2, 21, 17, 3, 16, 9, 14, 1,1.40421
1, 34, 20, 12, 31, 18, 9, 14, 16, 3, 17, 21, 2, 22, 23, 32, 4, 30, 7, 33, 19, 29, 27, 5, 25, 13, 6, 28, 11, 24, 10, 8, 26, 15, 1,1.39876
1, 18, 31, 12, 20, 34, 15, 26, 8, 10, 24, 11, 28, 6, 13, 25, 5, 27, 29, 19, 33, 7, 30, 4, 32, 23, 22, 2, 21, 17, 3, 16, 9, 14, 1,1.4235
1, 18, 31, 12, 20, 34, 15, 26, 8, 10, 24, 11, 28, 6, 13, 25, 5, 27, 29, 19, 33, 7, 30, 4, 32, 23, 22, 2, 21, 17, 3, 16, 9, 14, 1,1.4235
1, 18, 31, 12, 20, 34, 15, 26, 8, 10, 24, 11, 28, 6, 13, 25, 5, 27, 29, 19, 33, 7, 30, 4, 32, 23, 22, 2, 21, 17, 3, 16, 9, 14, 1,1.4235
1, 18, 31, 12, 20, 34, 15, 26, 8, 10, 24, 11, 28, 6, 13, 25, 5, 27, 29, 19, 33, 7, 30, 4, 32, 23, 22, 2, 21, 17, 3, 16, 9, 14, 1,1.4235
1, 18, 31, 12, 20, 34, 15, 9, 26, 8, 10, 24, 11, 28, 6, 13, 25, 5, 27, 29, 19, 33, 7, 30, 4, 32, 23, 22, 2, 21, 17, 3, 16, 14, 1,1.41683
1, 18, 31, 12, 20, 34, 15, 9, 26, 8, 10, 24, 11, 28, 6, 13, 25, 5, 27, 29, 19, 33, 7, 30, 4, 32, 23, 22, 2, 21, 17, 3, 16, 14, 1,1.41683
1, 18, 31, 12, 14, 9, 16, 3, 17, 21, 2, 22, 23, 32, 4, 30, 7, 33, 19, 29, 27, 5, 25, 13, 6, 28, 11, 24, 10, 8, 26, 15, 34, 20, 1,1.40655
1, 18, 31, 12, 20, 34, 15, 26, 8, 10, 24, 11, 28, 6, 13, 25, 5, 27, 29, 19, 33, 7, 30, 4, 32, 23, 22, 2, 21, 17, 3, 16, 14, 9, 1,1.32673
1, 18, 31, 12, 20, 14, 16, 3, 17, 21, 2, 22, 23, 32, 4, 30, 7, 33, 19, 29, 27, 5, 25, 13, 6, 28, 11, 24, 10, 8, 26, 9, 15, 34, 1,1.33105
1, 18, 31, 12, 20, 34, 14, 16, 3, 17, 21, 2, 22, 23, 32, 4, 30, 7, 33, 19, 29, 27, 5, 25, 13, 6, 28, 11, 24, 10, 9, 8, 26, 15, 1,1.30267
1, 18, 31, 12, 20, 34, 14, 16, 3, 17, 21, 2, 22, 23, 32, 4, 30, 7, 33, 19, 29, 27, 5, 25, 13, 6, 28, 11, 24, 10, 9, 8, 26, 15, 1,1.30267
1, 18, 31, 12, 20, 34, 15, 26, 8, 9, 10, 24, 11, 28, 6, 13, 25, 5, 27, 29, 19, 33, 7, 30, 4, 32, 23, 22, 2, 21, 17, 3, 16, 14, 1,1.41062
1, 18, 31, 12, 20, 34, 15, 26, 8, 9, 10, 24, 11, 28, 6, 13, 25, 5, 27, 29, 19, 33, 7, 30, 4, 32, 23, 22, 2, 21, 17, 3, 16, 14, 1,1.41062
1, 18, 31, 12, 20, 34, 14, 16, 3, 17, 21, 2, 22, 4, 32, 23, 30, 7, 33, 19, 29, 27, 5, 25, 13, 6, 28, 11, 24, 10, 26, 8, 9, 15, 1,1.27059
1, 18, 31, 12, 20, 34, 14, 16, 3, 17, 21, 2, 22, 4, 32, 23, 30, 7, 33, 19, 29, 27, 5, 25, 13, 6, 28, 11, 24, 10, 26, 8, 9, 15, 1,1.27059
1, 14, 16, 3, 17, 21, 2, 22, 23, 32, 4, 30, 7, 33, 19, 29, 27, 5, 25, 13, 6, 28, 11, 26, 10, 9, 8, 24, 15, 34, 20, 12, 31, 18, 1,1.60214
1, 18, 31, 12, 14, 16, 3, 17, 21, 2, 22, 23, 32, 4, 30, 7, 33, 19, 29, 27, 5, 25, 13, 6, 28, 11, 26, 10, 9, 8, 24, 15, 34, 20, 1,1.58519
1, 18, 31, 12, 14, 16, 3, 17, 21, 2, 22, 23, 32, 4, 30, 7, 33, 19, 29, 27, 5, 25, 13, 6, 28, 11, 26, 10, 9, 8, 24, 15, 20, 34, 1,1.55471
1, 18, 31, 12, 14, 16, 3, 17, 21, 2, 22, 23, 32, 4, 30, 7, 33, 19, 29, 27, 5, 25, 13, 6, 28, 11, 26, 10, 9, 8, 24, 15, 34, 20, 1,1.58519
1, 18, 31, 12, 20, 34, 15, 26, 9, 8, 10, 14, 16, 3, 17, 21, 2, 22, 23, 32, 4, 30, 7, 33, 19, 29, 27, 5, 25, 13, 6, 28, 11, 24, 1,1.62496
1, 18, 31, 12, 20, 34, 15, 26, 24, 11, 28, 6, 13, 25, 5, 27, 29, 19, 33, 7, 30, 4, 32, 23, 22, 2, 21, 17, 3, 16, 14, 10, 8, 9, 1,1.52668
1, 18, 31, 12, 20, 34, 15, 26, 8, 9, 10, 3, 17, 21, 2, 22, 23, 32, 4, 30, 7, 33, 19, 29, 27, 5, 25, 13, 6, 28, 11, 24, 16, 14, 1,1.73399
1, 18, 31, 12, 20, 34, 15, 26, 9, 8, 10, 14, 16, 3, 17, 21, 2, 22, 23, 32, 4, 30, 7, 33, 19, 29, 27, 5, 25, 13, 6, 28, 11, 24, 1,1.62496
1, 18, 31, 12, 20, 34, 15, 26, 8, 9, 10, 3, 17, 21, 2, 22, 23, 32, 4, 30, 7, 33, 19, 29, 27, 5, 25, 13, 6, 28, 11, 24, 16, 14, 1,1.73399
1, 18, 31, 12, 20, 34, 15, 26, 8, 9, 10, 24, 14, 3, 17, 21, 2, 22, 23, 32, 4, 30, 7, 33, 19, 29, 27, 5, 25, 13, 6, 28, 11, 16, 1,1.81872
1, 18, 31, 12, 20, 34, 15, 26, 8, 9, 10, 24, 3, 14, 21, 2, 22, 23, 32, 4, 30, 7, 33, 19, 29, 27, 5, 25, 13, 11, 28, 6, 17, 16, 1,1.89852
1, 11, 28, 6, 13, 25, 5, 27, 29, 19, 33, 7, 30, 4, 32, 23, 2, 21, 17, 3, 16, 22, 14, 24, 10, 9, 8, 26, 15, 34, 20, 12, 31, 18, 1,1.97113
1, 18, 31, 12, 20, 34, 15, 8, 9, 10, 24, 14, 22, 16, 3, 17, 21, 2, 23, 32, 4, 30, 7, 33, 19, 29, 27, 5, 25, 13, 6, 28, 11, 26, 1,1.80554
1, 11, 28, 6, 13, 25, 5, 27, 29, 19, 33, 7, 30, 4, 32, 23, 2, 21, 17, 3, 16, 22, 14, 24, 10, 9, 8, 26, 15, 34, 20, 12, 31, 18, 1,1.97113
1, 18, 31, 12, 20, 34, 15, 26, 8, 9, 11, 28, 6, 13, 25, 5, 27, 29, 19, 33, 7, 30, 4, 32, 23, 2, 21, 17, 3, 16, 22, 14, 24, 10, 1,1.82738
1, 18, 31, 12, 20, 34, 15, 26, 8, 9, 11, 28, 6, 13, 25, 5, 27, 29, 19, 33, 7, 30, 4, 32, 23, 2, 21, 17, 3, 16, 22, 14, 24, 10, 1,1.82738
1, 18, 31, 12, 20, 34, 15, 26, 8, 9, 11, 28, 6, 13, 25, 5, 27, 29, 19, 33, 7, 30, 4, 32, 23, 2, 21, 17, 3, 16, 22, 14, 24, 10, 1,1.82738
1, 18, 31, 12, 20, 34, 15, 26, 8, 9, 11, 28, 6, 13, 25, 5, 27, 29, 19, 33, 7, 30, 4, 32, 23, 2, 21, 17, 3, 16, 22, 14, 24, 10, 1,1.82738
1, 18, 31, 12, 20, 34, 15, 26, 8, 9, 11, 28, 6, 13, 25, 5, 27, 29, 19, 33, 7, 30, 4, 32, 23, 2, 21, 17, 3, 16, 22, 14, 24, 10, 1,1.82738
1, 31, 12, 20, 34, 15, 26, 8, 9, 11, 28, 6, 13, 25, 5, 27, 29, 19, 33, 7, 30, 4, 32, 23, 2, 21, 16, 3, 17, 22, 14, 24, 10, 18, 1,1.83815
1, 18, 31, 12, 20, 34, 15, 26, 11, 28, 6, 13, 25, 5, 27, 29, 19, 33, 7, 30, 4, 32, 21, 16, 3, 17, 22, 23, 2, 14, 24, 10, 9, 8, 1,1.91904
1, 18, 31, 12, 15, 20, 34, 26, 8, 9, 10, 11, 28, 6, 13, 25, 5, 27, 29, 19, 33, 7, 30, 4, 32, 23, 2, 21, 17, 3, 16, 22, 14, 24, 1,1.90629
1, 18, 31, 12, 20, 34, 15, 26, 8, 9, 10, 24, 14, 22, 33, 19, 29, 27, 5, 25, 13, 6, 28, 11, 16, 3, 17, 21, 2, 23, 32, 30, 7, 4, 1,1.96631
1, 18, 31, 12, 15, 34, 20, 26, 8, 9, 10, 11, 24, 28, 6, 13, 25, 5, 27, 29, 19, 33, 7, 30, 4, 32, 23, 2, 21, 17, 3, 16, 22, 14, 1,1.94172
1, 18, 31, 12, 15, 34, 20, 26, 8, 9, 10, 11, 24, 28, 6, 13, 25, 5, 27, 29, 19, 33, 7, 30, 4, 32, 23, 2, 21, 17, 3, 16, 14, 22, 1,1.82966
1, 18, 31, 12, 20, 34, 15, 26, 8, 9, 10, 24, 14, 22, 17, 3, 16, 21, 2, 23, 32, 4, 30, 7, 33, 19, 29, 27, 5, 25, 13, 6, 28, 11, 1,1.97962
1, 18, 31, 12, 20, 15, 34, 26, 8, 9, 10, 24, 11, 28, 6, 13, 25, 5, 27, 29, 19, 33, 7, 30, 4, 32, 23, 2, 21, 16, 3, 17, 22, 14, 1,1.71547
1, 18, 31, 12, 20, 34, 15, 26, 8, 9, 10, 24, 11, 28, 6, 13, 25, 5, 27, 29, 19, 33, 7, 30, 4, 32, 23, 2, 21, 16, 3, 17, 22, 14, 1,1.71251
1, 18, 31, 12, 20, 34, 15, 26, 8, 9, 10, 24, 11, 28, 6, 13, 25, 5, 27, 29, 19, 33, 7, 32, 4, 30, 23, 2, 21, 16, 3, 17, 22, 14, 1,1.74648
1, 18, 31, 12, 20, 34, 15, 26, 8, 9, 10, 24, 14, 22, 17, 3, 16, 21, 2, 23, 32, 4, 7, 30, 33, 19, 29, 27, 5, 25, 13, 6, 28, 11, 1,1.96074
1, 18, 31, 12, 20, 34, 15, 26, 8, 9, 10, 24, 14, 16, 17, 3, 22, 21, 2, 23, 32, 4, 30, 7, 33, 19, 29, 27, 5, 25, 13, 6, 28, 11, 1,1.85631
1, 18, 31, 12, 20, 34, 15, 26, 8, 9, 10, 24, 14, 22, 17, 3, 16, 21, 2, 23, 32, 4, 7, 30, 33, 19, 29, 27, 5, 25, 13, 6, 28, 11, 1,1.96074
