# best solutions
1, 22, 25, 31, 11, 17, 24, 7, 2, 32, 6, 3, 9, 12, 18, 13, 29, 21, 8, 10, 14, 19, 15, 34, 28, 20, 16, 27, 23, 26, 30, 4, 5, 33, 1,42.1775
1, 21, 9, 13, 28, 30, 16, 5, 12, 4, 3, 31, 6, 17, 25, 19, 24, 7, 22, 23, 32, 29, 8, 14, 11, 2, 26, 27, 20, 33, 18, 34, 15, 10, 1,40.7875
1, 8, 30, 26, 5, 31, 24, 6, 33, 14, 11, 10, 23, 4, 17, 2, 7, 32, 25, 22, 21, 29, 13, 18, 12, 9, 3, 19, 15, 34, 28, 20, 16, 27, 1,36.2874
1, 22, 25, 32, 7, 2, 17, 4, 23, 10, 11, 14, 33, 6, 24, 28, 31, 5, 26, 30, 8, 21, 29, 13, 18, 12, 9, 3, 19, 15, 34, 20, 16, 27, 1,32.5788
1, 8, 30, 26, 5, 31, 24, 6, 22, 25, 32, 7, 2, 17, 4, 33, 14, 11, 10, 23, 21, 29, 13, 18, 12, 9, 3, 19, 15, 34, 28, 20, 16, 27, 1,30.9815
1, 22, 5, 26, 30, 8, 4, 20, 34, 15, 19, 3, 9, 18, 13, 29, 21, 12, 31, 33, 14, 11, 10, 23, 6, 24, 28, 17, 2, 7, 32, 25, 16, 27, 1,28.532
1, 22, 5, 26, 30, 8, 4, 20, 34, 15, 19, 3, 9, 18, 13, 29, 2, 17, 28, 24, 6, 23, 10, 11, 14, 33, 31, 12, 21, 7, 32, 25, 16, 27, 1,27.9373
1, 22, 25, 32, 7, 2, 5, 26, 30, 8, 34, 20, 4, 15, 19, 3, 9, 18, 13, 29, 17, 28, 24, 6, 23, 10, 11, 14, 33, 31, 12, 21, 16, 27, 1,27.2667
1, 11, 14, 25, 8, 30, 26, 34, 15, 19, 3, 9, 13, 29, 23, 27, 12, 18, 28, 24, 6, 22, 33, 16, 20, 31, 4, 21, 32, 7, 2, 17, 5, 10, 1,25.8521
1, 22, 25, 32, 7, 2, 5, 26, 30, 27, 12, 18, 28, 24, 6, 33, 16, 20, 31, 4, 23, 21, 11, 14, 8, 34, 15, 19, 3, 9, 13, 29, 17, 10, 1,25.0806
1, 11, 14, 5, 8, 21, 32, 7, 2, 25, 17, 29, 10, 30, 26, 34, 15, 19, 3, 9, 13, 24, 28, 18, 12, 27, 22, 6, 33, 16, 20, 31, 4, 23, 1,23.158
1, 11, 14, 25, 8, 30, 26, 34, 15, 19, 3, 9, 13, 24, 28, 18, 12, 27, 22, 6, 17, 2, 7, 29, 32, 21, 5, 4, 31, 20, 16, 33, 23, 10, 1,22.0101
1, 22, 5, 26, 16, 27, 30, 25, 32, 7, 2, 8, 6, 24, 28, 18, 12, 10, 23, 21, 11, 14, 34, 15, 19, 3, 9, 13, 29, 17, 4, 31, 20, 33, 1,22.0063
1, 5, 25, 32, 7, 2, 22, 26, 30, 27, 12, 18, 28, 24, 17, 29, 13, 6, 23, 8, 33, 20, 31, 9, 3, 19, 15, 34, 16, 4, 21, 14, 11, 10, 1,21.0578
1, 7, 2, 21, 10, 11, 14, 25, 8, 26, 30, 34, 15, 19, 3, 9, 13, 29, 17, 5, 23, 27, 12, 33, 16, 20, 31, 4, 18, 28, 24, 6, 22, 32, 1,18.5411
1, 7, 2, 21, 10, 11, 14, 25, 8, 26, 30, 34, 15, 19, 3, 9, 13, 29, 17, 5, 23, 27, 12, 33, 16, 20, 31, 4, 18, 28, 24, 6, 22, 32, 1,18.5411
1, 7, 2, 21, 10, 23, 27, 25, 8, 26, 30, 34, 15, 19, 3, 9, 13, 29, 17, 5, 11, 14, 12, 33, 16, 20, 31, 4, 18, 28, 24, 6, 22, 32, 1,17.9772
1, 5, 25, 32, 7, 2, 22, 21, 10, 11, 14, 26, 30, 27, 12, 16, 18, 28, 4, 34, 15, 19, 3, 9, 31, 20, 33, 8, 23, 6, 13, 24, 17, 29, 1,15.3402
1, 5, 25, 32, 7, 2, 22, 21, 6, 24, 28, 18, 4, 31, 20, 16, 33, 12, 27, 23, 17, 29, 13, 9, 3, 19, 15, 34, 30, 26, 8, 14, 11, 10, 1,14.8024
1, 5, 25, 32, 7, 2, 22, 21, 6, 24, 28, 18, 4, 31, 20, 16, 33, 12, 27, 23, 17, 29, 13, 9, 3, 19, 15, 34, 30, 26, 8, 14, 11, 10, 1,14.8024
1, 5, 23, 25, 32, 7, 2, 22, 21, 6, 24, 28, 18, 4, 31, 20, 16, 33, 12, 27, 17, 29, 13, 9, 3, 19, 15, 34, 30, 26, 8, 14, 11, 10, 1,15.7337
1, 5, 23, 25, 32, 17, 29, 13, 9, 3, 19, 15, 34, 30, 26, 8, 14, 11, 10, 27, 7, 2, 22, 21, 6, 24, 28, 18, 4, 31, 20, 16, 33, 12, 1,14.6815
1, 5, 23, 25, 32, 7, 2, 21, 10, 6, 22, 24, 28, 18, 4, 31, 20, 16, 33, 12, 27, 17, 29, 13, 9, 3, 19, 15, 34, 26, 30, 8, 11, 14, 1,15.1727
1, 5, 11, 25, 32, 7, 2, 21, 10, 6, 22, 24, 28, 18, 4, 31, 20, 16, 33, 12, 27, 17, 29, 13, 9, 3, 19, 15, 34, 26, 30, 8, 23, 14, 1,15.4462
1, 12, 27, 5, 25, 32, 23, 21, 11, 7, 2, 10, 14, 22, 6, 24, 13, 9, 3, 19, 15, 34, 16, 26, 20, 31, 4, 18, 28, 29, 17, 8, 30, 33, 1,14.985
1, 14, 10, 22, 11, 21, 23, 2, 7, 32, 25, 5, 8, 30, 33, 12, 27, 17, 29, 13, 9, 3, 19, 15, 34, 16, 26, 20, 4, 31, 18, 28, 24, 6, 1,15.213
1, 14, 10, 22, 11, 21, 23, 2, 7, 32, 25, 5, 8, 30, 33, 26, 16, 12, 27, 17, 29, 13, 9, 3, 19, 15, 34, 20, 4, 31, 18, 28, 24, 6, 1,13.8383
1, 5, 11, 21, 23, 2, 7, 32, 25, 22, 10, 14, 8, 6, 24, 28, 18, 31, 4, 20, 30, 33, 12, 27, 17, 29, 13, 9, 3, 19, 15, 34, 16, 26, 1,13.3507
1, 5, 11, 21, 25, 22, 23, 2, 7, 32, 10, 14, 8, 6, 24, 28, 18, 31, 4, 20, 30, 33, 12, 27, 17, 29, 13, 9, 3, 19, 15, 34, 16, 26, 1,13.502
1, 14, 10, 22, 11, 21, 5, 25, 32, 23, 2, 7, 8, 30, 26, 16, 33, 12, 27, 17, 29, 13, 9, 3, 19, 15, 34, 20, 4, 31, 18, 28, 24, 6, 1,13.7912
1, 14, 10, 22, 17, 29, 13, 9, 3, 19, 15, 34, 20, 4, 31, 18, 28, 24, 6, 11, 21, 23, 2, 7, 32, 25, 5, 8, 30, 33, 26, 12, 16, 27, 1,12.1397
1, 14, 10, 25, 32, 2, 22, 17, 29, 13, 9, 3, 19, 15, 34, 20, 4, 31, 18, 28, 24, 6, 11, 21, 23, 5, 7, 8, 30, 26, 16, 33, 12, 27, 1,11.6485
1, 14, 10, 25, 32, 2, 22, 17, 29, 13, 9, 3, 19, 15, 34, 20, 4, 31, 18, 28, 24, 6, 11, 21, 23, 5, 7, 8, 27, 26, 16, 33, 12, 30, 1,11.5192
1, 14, 10, 22, 11, 27, 5, 25, 23, 2, 7, 32, 21, 8, 6, 24, 17, 29, 13, 9, 3, 16, 34, 15, 19, 28, 18, 31, 4, 20, 26, 33, 30, 12, 1,11.8479
1, 14, 10, 22, 11, 21, 23, 2, 7, 32, 5, 25, 17, 29, 13, 9, 3, 19, 15, 34, 20, 4, 31, 18, 28, 24, 6, 8, 30, 26, 16, 33, 27, 12, 1,11.4113
1, 14, 10, 22, 11, 21, 23, 2, 7, 32, 5, 25, 17, 29, 13, 9, 3, 19, 15, 34, 20, 4, 31, 18, 28, 24, 6, 8, 30, 26, 16, 33, 27, 12, 1,11.4113
1, 14, 10, 22, 11, 21, 23, 2, 7, 32, 5, 25, 17, 29, 13, 9, 3, 19, 15, 34, 20, 4, 31, 18, 28, 24, 6, 8, 30, 26, 16, 33, 27, 12, 1,11.4113
1, 14, 10, 22, 5, 25, 11, 21, 32, 7, 8, 23, 6, 2, 17, 24, 28, 29, 13, 9, 3, 19, 15, 34, 16, 18, 31, 4, 20, 30, 33, 12, 27, 26, 1,11.464
1, 14, 10, 22, 5, 25, 7, 21, 27, 12, 26, 16, 34, 15, 19, 3, 9, 13, 29, 17, 2, 32, 23, 11, 8, 6, 24, 28, 18, 31, 4, 20, 33, 30, 1,11.0626
1, 14, 10, 22, 5, 7, 21, 27, 12, 26, 16, 34, 15, 19, 3, 9, 13, 29, 17, 2, 32, 25, 11, 8, 23, 6, 24, 28, 31, 18, 4, 20, 30, 33, 1,10.5576
1, 14, 10, 22, 5, 7, 21, 27, 12, 26, 16, 34, 15, 19, 3, 9, 13, 29, 17, 2, 32, 25, 11, 8, 23, 6, 24, 28, 31, 18, 4, 20, 30, 33, 1,10.5576
1, 30, 33, 27, 12, 26, 16, 34, 15, 19, 3, 9, 13, 29, 17, 2, 23, 7, 32, 21, 11, 5, 14, 10, 22, 25, 8, 6, 24, 28, 31, 18, 4, 20, 1,10.1999
1, 14, 10, 22, 5, 7, 21, 27, 12, 26, 16, 34, 15, 19, 3, 9, 13, 29, 17, 2, 32, 25, 11, 8, 23, 6, 24, 28, 31, 18, 4, 20, 30, 33, 1,10.5576
1, 10, 22, 12, 26, 16, 34, 15, 19, 3, 9, 13, 29, 17, 2, 23, 7, 32, 21, 11, 5, 8, 25, 6, 24, 28, 18, 31, 4, 20, 30, 33, 27, 14, 1,11.0705
1, 10, 22, 12, 26, 16, 34, 15, 19, 3, 9, 13, 29, 17, 2, 23, 7, 32, 21, 11, 5, 8, 25, 6, 24, 28, 18, 31, 4, 20, 30, 33, 27, 14, 1,11.0705
1, 14, 5, 25, 11, 21, 32, 8, 10, 22, 7, 23, 27, 12, 26, 16, 34, 15, 19, 3, 9, 13, 29, 17, 2, 6, 24, 28, 18, 31, 4, 20, 33, 30, 1,10.3348
1, 14, 5, 11, 21, 32, 7, 23, 2, 17, 29, 13, 9, 3, 19, 15, 34, 16, 26, 12, 27, 33, 30, 20, 4, 31, 18, 28, 24, 6, 8, 25, 22, 10, 1,10.091
1, 14, 30, 33, 20, 4, 31, 18, 28, 24, 32, 2, 17, 29, 13, 9, 3, 19, 15, 34, 16, 26, 12, 27, 10, 22, 5, 25, 11, 21, 6, 8, 7, 23, 1,10.6905
1, 30, 33, 27, 12, 26, 16, 34, 15, 19, 3, 9, 13, 29, 17, 2, 23, 7, 32, 21, 11, 5, 14, 8, 10, 22, 25, 6, 24, 28, 31, 18, 4, 20, 1,10.0231
1, 30, 33, 27, 12, 26, 16, 34, 15, 19, 3, 9, 13, 29, 17, 2, 23, 7, 32, 21, 11, 5, 14, 8, 10, 22, 25, 6, 24, 28, 31, 18, 4, 20, 1,10.0231
1, 33, 14, 27, 12, 26, 16, 34, 15, 19, 3, 9, 13, 29, 17, 2, 10, 22, 32, 23, 7, 5, 25, 11, 21, 8, 6, 24, 28, 31, 18, 4, 20, 30, 1,10.2741
1, 33, 27, 12, 26, 16, 34, 15, 19, 3, 9, 13, 29, 17, 2, 23, 7, 32, 21, 11, 5, 14, 8, 25, 10, 22, 6, 24, 28, 31, 18, 4, 20, 30, 1,9.62458
1, 14, 10, 22, 5, 30, 33, 27, 12, 26, 16, 34, 15, 19, 3, 9, 13, 17, 29, 2, 11, 32, 23, 7, 25, 21, 8, 6, 24, 28, 31, 18, 4, 20, 1,11.0153
1, 33, 14, 27, 12, 26, 30, 16, 34, 15, 31, 3, 9, 13, 29, 17, 2, 10, 22, 32, 23, 5, 25, 11, 21, 8, 7, 6, 24, 28, 19, 18, 4, 20, 1,10.4834
1, 30, 14, 33, 27, 12, 26, 16, 34, 15, 19, 3, 9, 13, 17, 29, 2, 11, 5, 8, 25, 10, 22, 21, 32, 23, 7, 6, 24, 28, 31, 18, 4, 20, 1,9.90501
1, 30, 14, 33, 27, 12, 26, 16, 34, 15, 19, 3, 9, 13, 17, 29, 6, 10, 21, 32, 7, 23, 22, 25, 8, 5, 11, 2, 24, 28, 31, 18, 4, 20, 1,9.95859
1, 30, 14, 33, 27, 12, 26, 16, 34, 15, 19, 3, 9, 24, 6, 23, 7, 32, 10, 22, 21, 25, 5, 8, 11, 2, 29, 17, 13, 28, 31, 18, 4, 20, 1,10.1757
1, 20, 4, 18, 31, 28, 13, 17, 29, 2, 11, 8, 5, 25, 21, 22, 10, 32, 7, 23, 6, 24, 9, 3, 19, 15, 34, 16, 26, 12, 27, 33, 14, 30, 1,10.1757
1, 20, 4, 18, 31, 28, 13, 17, 29, 2, 11, 8, 5, 25, 21, 22, 10, 32, 7, 23, 6, 24, 9, 3, 19, 15, 34, 16, 30, 12, 27, 33, 14, 26, 1,10.3826
1, 30, 14, 33, 27, 12, 26, 16, 34, 15, 19, 3, 9, 13, 17, 29, 6, 10, 21, 32, 7, 23, 22, 25, 8, 5, 11, 2, 24, 28, 31, 18, 4, 20, 1,9.95859
1, 22, 25, 8, 30, 14, 33, 27, 12, 5, 11, 2, 24, 28, 19, 15, 34, 16, 26, 20, 4, 31, 18, 3, 9, 13, 17, 29, 6, 10, 21, 32, 7, 23, 1,12.0839
1, 23, 7, 32, 21, 22, 25, 8, 30, 14, 33, 27, 12, 5, 11, 2, 24, 28, 19, 18, 31, 4, 20, 26, 16, 34, 15, 3, 9, 13, 17, 29, 6, 10, 1,11.7459
1, 23, 7, 32, 21, 22, 25, 8, 33, 14, 27, 30, 12, 5, 11, 2, 24, 28, 31, 18, 4, 20, 26, 16, 34, 15, 19, 3, 9, 13, 17, 29, 6, 10, 1,10.8161
1, 23, 7, 32, 21, 22, 25, 8, 33, 14, 27, 30, 12, 5, 11, 2, 24, 28, 31, 18, 4, 20, 26, 16, 34, 15, 19, 3, 9, 13, 17, 29, 6, 10, 1,10.8161
1, 22, 25, 8, 30, 14, 26, 33, 27, 12, 5, 11, 2, 24, 28, 19, 15, 34, 16, 20, 4, 31, 18, 3, 9, 13, 17, 29, 6, 10, 21, 32, 7, 23, 1,10.9963
1, 27, 33, 14, 30, 21, 22, 25, 10, 8, 32, 7, 23, 6, 29, 17, 13, 9, 3, 18, 31, 4, 20, 26, 16, 34, 15, 19, 28, 24, 2, 11, 5, 12, 1,10.9203
1, 22, 25, 8, 30, 14, 33, 26, 27, 12, 5, 11, 2, 24, 28, 19, 15, 34, 16, 20, 4, 31, 18, 3, 9, 13, 17, 29, 6, 23, 7, 32, 21, 10, 1,10.7275
1, 23, 7, 32, 21, 22, 25, 8, 30, 14, 33, 26, 27, 12, 5, 11, 2, 24, 28, 19, 15, 34, 16, 20, 4, 31, 18, 3, 9, 13, 17, 29, 6, 10, 1,10.9264
1, 23, 7, 32, 21, 22, 25, 8, 30, 14, 33, 26, 27, 12, 5, 11, 2, 24, 28, 19, 15, 34, 16, 20, 4, 31, 18, 3, 9, 13, 17, 29, 6, 10, 1,10.9264
1, 22, 25, 32, 7, 23, 21, 10, 6, 29, 17, 13, 9, 3, 18, 31, 4, 20, 16, 34, 15, 19, 28, 24, 2, 11, 5, 12, 27, 33, 26, 14, 30, 8, 1,10.6856
1, 22, 25, 8, 10, 6, 29, 17, 13, 9, 3, 19, 34, 18, 16, 20, 4, 31, 15, 28, 24, 21, 32, 23, 7, 2, 11, 30, 14, 33, 26, 27, 12, 5, 1,10.486
1, 22, 25, 8, 10, 6, 29, 17, 13, 9, 3, 19, 34, 18, 16, 20, 4, 31, 15, 28, 24, 21, 32, 23, 7, 2, 11, 30, 14, 33, 26, 27, 12, 5, 1,10.486
1, 30, 14, 33, 26, 27, 12, 5, 11, 2, 24, 28, 15, 31, 4, 20, 16, 19, 18, 34, 3, 9, 13, 29, 17, 6, 10, 23, 22, 7, 32, 21, 25, 8, 1,10.5482
1, 22, 10, 6, 29, 17, 13, 9, 3, 19, 34, 18, 16, 26, 20, 4, 31, 15, 28, 24, 2, 25, 11, 5, 12, 27, 33, 14, 30, 8, 21, 32, 7, 23, 1,11.4727
1, 10, 24, 28, 19, 15, 34, 16, 20, 4, 31, 18, 3, 9, 13, 17, 29, 6, 2, 32, 23, 7, 21, 22, 25, 8, 30, 26, 33, 14, 11, 5, 12, 27, 1,10.6112
1, 22, 10, 6, 29, 17, 13, 9, 3, 19, 34, 18, 16, 26, 20, 4, 31, 15, 28, 24, 2, 11, 5, 23, 21, 25, 7, 32, 8, 30, 14, 33, 27, 12, 1,11.4798
1, 22, 10, 6, 29, 17, 13, 9, 3, 19, 34, 18, 16, 26, 20, 4, 31, 15, 28, 24, 2, 11, 5, 23, 21, 25, 7, 32, 8, 30, 14, 33, 12, 27, 1,11.2875
1, 22, 25, 8, 10, 6, 23, 7, 32, 29, 17, 13, 9, 3, 19, 34, 18, 16, 26, 20, 4, 31, 15, 28, 24, 2, 11, 21, 30, 14, 33, 12, 27, 5, 1,10.5946
1, 22, 25, 8, 10, 6, 23, 7, 32, 29, 17, 13, 9, 3, 19, 34, 18, 16, 26, 20, 4, 31, 15, 28, 24, 2, 11, 21, 30, 14, 33, 5, 12, 27, 1,11.158
1, 22, 25, 8, 10, 6, 23, 7, 32, 29, 17, 13, 9, 3, 19, 34, 18, 16, 26, 20, 4, 31, 15, 28, 24, 2, 11, 21, 30, 14, 33, 5, 12, 27, 1,11.158
1, 22, 25, 8, 10, 6, 23, 7, 32, 29, 17, 13, 9, 3, 19, 34, 18, 16, 26, 20, 4, 31, 15, 28, 24, 2, 11, 21, 5, 30, 14, 33, 12, 27, 1,9.90991
1, 22, 25, 8, 10, 6, 23, 7, 32, 29, 24, 28, 19, 15, 34, 16, 20, 4, 31, 18, 3, 9, 13, 17, 2, 21, 26, 33, 14, 30, 11, 5, 12, 27, 1,10.6636
1, 22, 25, 8, 10, 6, 23, 7, 32, 29, 17, 13, 9, 3, 19, 34, 18, 16, 26, 20, 4, 31, 15, 28, 24, 2, 11, 21, 30, 14, 33, 5, 12, 27, 1,11.158
1, 22, 25, 8, 10, 6, 23, 7, 32, 29, 17, 13, 9, 3, 19, 34, 18, 16, 26, 20, 4, 31, 15, 28, 24, 2, 11, 21, 33, 14, 30, 5, 12, 27, 1,11.2994
1, 10, 24, 28, 19, 15, 34, 16, 20, 4, 31, 18, 3, 9, 13, 17, 29, 6, 2, 32, 25, 22, 23, 7, 21, 11, 5, 12, 30, 33, 26, 14, 8, 27, 1,10.1714
1, 10, 24, 28, 19, 15, 34, 16, 20, 4, 31, 18, 3, 9, 13, 17, 29, 6, 2, 32, 25, 22, 23, 7, 21, 11, 5, 12, 30, 33, 26, 14, 8, 27, 1,10.1714
1, 10, 24, 28, 19, 15, 34, 16, 20, 4, 31, 18, 3, 9, 13, 17, 29, 6, 2, 32, 25, 22, 23, 7, 21, 11, 5, 12, 30, 33, 26, 14, 8, 27, 1,10.1714
1, 14, 33, 26, 5, 12, 27, 10, 24, 28, 19, 15, 34, 16, 20, 4, 31, 18, 3, 9, 13, 17, 29, 6, 2, 32, 22, 23, 7, 21, 25, 11, 8, 30, 1,11.2382
1, 21, 11, 2, 24, 28, 15, 31, 4, 20, 16, 18, 34, 19, 3, 9, 13, 17, 29, 32, 7, 23, 6, 10, 8, 25, 22, 27, 5, 26, 33, 12, 30, 14, 1,9.25469
1, 10, 24, 28, 19, 15, 34, 16, 20, 4, 31, 18, 3, 9, 13, 17, 29, 6, 2, 32, 25, 22, 23, 7, 21, 8, 5, 26, 33, 14, 11, 30, 12, 27, 1,10.8602
1, 26, 33, 30, 10, 24, 28, 19, 15, 34, 16, 20, 4, 31, 18, 3, 9, 13, 17, 29, 6, 2, 32, 25, 22, 23, 7, 21, 8, 11, 14, 5, 12, 27, 1,10.2207
1, 26, 33, 30, 10, 24, 28, 19, 15, 34, 16, 20, 4, 31, 18, 3, 9, 13, 17, 29, 6, 2, 32, 25, 22, 23, 7, 21, 8, 11, 14, 5, 12, 27, 1,10.2207
1, 27, 12, 26, 33, 30, 10, 24, 28, 19, 15, 34, 16, 20, 4, 31, 18, 3, 9, 13, 17, 29, 6, 2, 21, 25, 22, 23, 7, 32, 8, 11, 14, 5, 1,10.1203
1, 27, 12, 26, 33, 30, 10, 24, 28, 19, 15, 34, 16, 20, 4, 31, 18, 3, 9, 13, 17, 29, 6, 2, 21, 25, 22, 23, 7, 32, 8, 11, 14, 5, 1,10.1203
1, 27, 12, 26, 33, 30, 10, 24, 28, 19, 15, 34, 16, 20, 4, 31, 18, 3, 9, 13, 17, 29, 6, 2, 21, 25, 22, 23, 7, 32, 8, 11, 14, 5, 1,10.1203
1, 27, 12, 26, 33, 30, 10, 24, 28, 19, 15, 34, 16, 20, 4, 31, 18, 3, 9, 13, 17, 29, 6, 2, 21, 25, 22, 23, 7, 32, 8, 11, 14, 5, 1,10.1203
1, 27, 11, 12, 30, 14, 33, 26, 5, 8, 21, 7, 23, 22, 10, 25, 32, 2, 6, 24, 28, 31, 19, 15, 34, 16, 20, 4, 18, 3, 9, 13, 17, 29, 1,9.94843
1, 27, 11, 12, 30, 14, 33, 26, 5, 8, 21, 7, 23, 22, 10, 24, 28, 19, 15, 34, 16, 20, 4, 31, 18, 3, 9, 13, 17, 29, 6, 2, 32, 25, 1,10.5657
1, 27, 11, 12, 30, 14, 33, 26, 5, 8, 21, 7, 23, 22, 10, 24, 28, 19, 15, 34, 16, 20, 4, 31, 18, 3, 9, 13, 17, 29, 6, 2, 32, 25, 1,10.5657
1, 27, 11, 12, 30, 14, 33, 26, 5, 8, 21, 7, 23, 22, 10, 24, 28, 19, 15, 34, 16, 20, 4, 31, 18, 3, 9, 13, 17, 29, 6, 2, 32, 25, 1,10.5657
1, 27, 11, 12, 30, 14, 33, 26, 5, 8, 21, 7, 23, 22, 10, 24, 28, 19, 15, 34, 16, 20, 4, 31, 18, 3, 9, 13, 17, 29, 6, 2, 32, 25, 1,10.5657
1, 27, 11, 12, 30, 14, 33, 26, 5, 8, 21, 7, 10, 24, 28, 19, 15, 34, 16, 20, 4, 31, 18, 3, 9, 13, 17, 29, 6, 2, 32, 25, 23, 22, 1,10.4717
1, 27, 11, 12, 30, 14, 33, 26, 5, 10, 24, 28, 19, 15, 34, 16, 20, 4, 31, 18, 3, 9, 13, 17, 29, 6, 2, 32, 25, 22, 7, 23, 21, 8, 1,10.3543
1, 27, 11, 12, 30, 14, 33, 26, 5, 10, 24, 28, 19, 15, 34, 16, 20, 4, 31, 18, 3, 9, 13, 17, 29, 32, 7, 23, 22, 8, 6, 2, 25, 21, 1,10.371
1, 27, 11, 12, 30, 14, 33, 26, 5, 10, 32, 7, 23, 22, 2, 24, 28, 19, 15, 34, 16, 20, 4, 31, 18, 3, 9, 13, 17, 29, 6, 8, 21, 25, 1,10.1869
1, 33, 26, 5, 8, 21, 7, 24, 28, 19, 15, 34, 16, 20, 4, 31, 18, 3, 9, 13, 17, 29, 6, 2, 32, 25, 23, 22, 10, 27, 11, 12, 30, 14, 1,10.0101
1, 27, 11, 12, 30, 14, 33, 26, 5, 8, 10, 23, 22, 25, 32, 2, 6, 29, 17, 13, 9, 3, 18, 34, 4, 20, 16, 31, 15, 19, 28, 24, 7, 21, 1,9.88865
1, 27, 11, 25, 32, 2, 6, 29, 17, 13, 9, 3, 18, 34, 4, 20, 16, 31, 15, 19, 28, 24, 10, 22, 23, 7, 21, 8, 5, 26, 33, 14, 30, 12, 1,9.83939
1, 27, 11, 12, 30, 14, 33, 26, 5, 8, 10, 23, 22, 25, 32, 2, 6, 29, 13, 17, 9, 3, 18, 34, 4, 20, 16, 31, 15, 19, 28, 24, 7, 21, 1,10.2704
1, 27, 11, 12, 30, 14, 33, 26, 5, 8, 10, 23, 22, 25, 32, 2, 6, 29, 13, 17, 9, 3, 18, 34, 4, 20, 16, 31, 15, 19, 28, 24, 7, 21, 1,10.2704
1, 27, 11, 25, 32, 2, 6, 29, 17, 13, 9, 3, 18, 34, 4, 20, 16, 31, 15, 19, 28, 24, 10, 21, 7, 23, 22, 8, 5, 26, 33, 14, 30, 12, 1,9.83997
1, 27, 11, 12, 30, 14, 33, 26, 5, 8, 10, 23, 22, 25, 32, 2, 6, 29, 13, 17, 9, 3, 18, 34, 4, 20, 16, 31, 15, 19, 28, 24, 7, 21, 1,10.2704
1, 27, 11, 12, 30, 14, 33, 26, 5, 8, 22, 23, 7, 21, 10, 24, 9, 19, 15, 18, 16, 20, 4, 34, 31, 3, 28, 13, 17, 29, 6, 2, 32, 25, 1,9.70159
1, 27, 11, 12, 30, 14, 33, 26, 5, 8, 22, 23, 7, 21, 10, 24, 9, 19, 15, 18, 16, 20, 4, 34, 31, 3, 28, 13, 17, 29, 6, 2, 32, 25, 1,9.70159
1, 27, 11, 12, 30, 14, 33, 26, 5, 8, 22, 23, 7, 21, 10, 24, 9, 19, 15, 18, 16, 20, 4, 34, 31, 3, 28, 13, 17, 29, 6, 2, 32, 25, 1,9.70159
1, 27, 11, 12, 30, 14, 33, 26, 5, 8, 22, 23, 7, 21, 10, 24, 9, 19, 15, 18, 16, 20, 4, 34, 31, 3, 28, 13, 17, 29, 6, 2, 32, 25, 1,9.70159
1, 27, 11, 12, 30, 26, 33, 14, 5, 8, 22, 23, 7, 21, 10, 24, 9, 19, 15, 18, 16, 20, 4, 34, 31, 3, 28, 13, 17, 29, 6, 2, 32, 25, 1,9.17501
1, 27, 11, 12, 30, 26, 33, 14, 5, 8, 22, 23, 7, 21, 10, 24, 9, 19, 15, 18, 16, 20, 4, 34, 31, 3, 28, 13, 17, 29, 6, 2, 32, 25, 1,9.17501
1, 27, 11, 12, 30, 26, 33, 14, 5, 8, 22, 23, 10, 21, 7, 24, 9, 19, 15, 18, 16, 20, 4, 34, 31, 3, 28, 13, 17, 29, 6, 2, 32, 25, 1,8.37298
1, 27, 11, 12, 30, 26, 33, 14, 5, 8, 22, 23, 10, 21, 7, 24, 9, 19, 15, 18, 16, 20, 4, 34, 31, 3, 28, 13, 17, 29, 6, 2, 32, 25, 1,8.37298
1, 25, 32, 2, 6, 29, 17, 13, 28, 3, 31, 34, 4, 20, 16, 18, 15, 19, 9, 24, 10, 21, 7, 23, 22, 8, 5, 14, 33, 26, 30, 12, 11, 27, 1,9.17501
1, 27, 25, 32, 2, 6, 29, 17, 13, 28, 3, 31, 34, 4, 20, 16, 18, 15, 19, 9, 24, 10, 21, 7, 23, 11, 12, 30, 26, 33, 14, 5, 8, 22, 1,9.63995
1, 27, 11, 12, 30, 14, 33, 26, 5, 8, 25, 32, 2, 6, 29, 17, 13, 28, 3, 31, 34, 4, 20, 16, 18, 15, 19, 9, 24, 10, 21, 7, 23, 22, 1,9.55883
1, 27, 11, 12, 30, 14, 33, 26, 5, 8, 22, 23, 7, 21, 10, 24, 9, 19, 15, 18, 16, 20, 4, 34, 31, 3, 28, 13, 17, 29, 6, 2, 32, 25, 1,9.70159
1, 8, 27, 5, 14, 33, 26, 30, 12, 11, 22, 23, 10, 24, 9, 19, 15, 18, 16, 20, 4, 34, 31, 3, 28, 13, 17, 29, 32, 2, 6, 25, 7, 21, 1,9.36341
1, 27, 11, 12, 30, 14, 33, 26, 5, 8, 22, 23, 7, 25, 32, 2, 6, 29, 17, 13, 28, 3, 31, 34, 4, 20, 16, 18, 15, 19, 9, 24, 10, 21, 1,9.42054
1, 27, 25, 32, 2, 6, 29, 17, 13, 28, 3, 31, 34, 4, 20, 16, 18, 15, 19, 9, 24, 10, 21, 7, 23, 22, 8, 5, 14, 26, 33, 30, 12, 11, 1,9.13837
1, 27, 11, 12, 30, 14, 33, 26, 5, 8, 22, 23, 7, 25, 32, 2, 6, 29, 17, 13, 28, 3, 31, 34, 4, 20, 16, 18, 15, 19, 9, 24, 10, 21, 1,9.42054
1, 12, 14, 27, 11, 30, 33, 26, 5, 8, 22, 23, 7, 25, 32, 2, 6, 29, 17, 13, 28, 3, 19, 34, 4, 20, 16, 18, 15, 31, 9, 24, 10, 21, 1,9.10717
1, 12, 14, 27, 11, 30, 33, 26, 5, 8, 22, 23, 7, 25, 32, 2, 6, 29, 17, 13, 28, 3, 19, 34, 4, 20, 16, 18, 15, 31, 9, 24, 10, 21, 1,9.10717
1, 12, 14, 27, 11, 30, 33, 26, 5, 8, 22, 23, 7, 25, 32, 2, 6, 29, 17, 13, 28, 3, 19, 34, 4, 20, 16, 18, 15, 31, 9, 24, 10, 21, 1,9.10717
1, 12, 14, 27, 11, 30, 33, 26, 5, 8, 22, 23, 7, 25, 32, 2, 6, 29, 17, 13, 28, 3, 31, 34, 4, 20, 16, 18, 15, 19, 9, 24, 10, 21, 1,9.48015
1, 27, 8, 12, 26, 30, 33, 14, 5, 11, 25, 32, 22, 23, 2, 6, 29, 17, 13, 28, 3, 31, 34, 4, 20, 16, 18, 15, 19, 9, 24, 7, 21, 10, 1,9.18746
1, 27, 8, 12, 26, 30, 33, 14, 5, 11, 25, 32, 22, 23, 7, 2, 6, 29, 17, 13, 28, 3, 31, 34, 4, 20, 16, 18, 15, 19, 9, 24, 10, 21, 1,9.74354
1, 27, 8, 12, 26, 30, 33, 14, 5, 11, 25, 32, 22, 23, 7, 2, 6, 29, 17, 13, 28, 3, 31, 34, 4, 20, 16, 18, 15, 19, 9, 24, 10, 21, 1,9.74354
1, 27, 8, 12, 26, 30, 33, 14, 5, 11, 25, 22, 23, 7, 21, 32, 2, 6, 29, 17, 13, 28, 3, 19, 34, 4, 20, 16, 18, 15, 31, 9, 24, 10, 1,9.3712
1, 25, 32, 2, 6, 29, 17, 13, 28, 3, 19, 34, 4, 20, 16, 18, 15, 31, 9, 24, 10, 8, 27, 26, 30, 33, 14, 12, 11, 22, 23, 7, 21, 5, 1,9.27324
1, 12, 11, 22, 23, 7, 21, 5, 25, 32, 2, 6, 29, 17, 13, 28, 3, 19, 34, 4, 20, 16, 18, 15, 31, 9, 24, 10, 8, 27, 26, 30, 33, 14, 1,9.18073
1, 27, 8, 12, 26, 30, 33, 14, 5, 11, 25, 22, 23, 32, 2, 21, 7, 6, 29, 17, 13, 28, 3, 19, 34, 4, 20, 16, 18, 15, 31, 9, 24, 10, 1,9.41291
1, 12, 14, 27, 11, 30, 33, 26, 5, 22, 23, 7, 21, 25, 32, 2, 6, 29, 17, 13, 28, 3, 19, 34, 4, 20, 16, 18, 15, 31, 9, 24, 10, 8, 1,9.23021
1, 12, 14, 27, 26, 30, 33, 11, 5, 22, 23, 7, 21, 25, 32, 2, 6, 29, 17, 13, 28, 3, 19, 34, 4, 20, 16, 18, 15, 31, 9, 24, 10, 8, 1,9.17672
1, 8, 10, 24, 9, 31, 15, 18, 16, 20, 4, 34, 19, 3, 28, 13, 17, 29, 6, 2, 32, 25, 5, 27, 21, 7, 23, 22, 11, 14, 33, 30, 26, 12, 1,9.20227
1, 12, 14, 27, 11, 30, 33, 26, 5, 22, 8, 25, 23, 32, 2, 21, 7, 6, 29, 17, 13, 28, 3, 19, 34, 4, 20, 16, 18, 15, 31, 9, 24, 10, 1,9.42076
1, 14, 5, 27, 33, 30, 26, 12, 8, 11, 25, 32, 22, 23, 7, 2, 21, 6, 29, 17, 13, 28, 3, 19, 34, 4, 20, 16, 18, 15, 31, 9, 24, 10, 1,9.26673
1, 14, 5, 27, 33, 30, 26, 12, 8, 11, 25, 32, 22, 23, 7, 2, 21, 6, 29, 17, 13, 28, 3, 19, 34, 4, 20, 16, 18, 15, 31, 9, 24, 10, 1,9.26673
1, 12, 14, 27, 11, 30, 33, 26, 5, 22, 8, 25, 23, 21, 2, 32, 7, 6, 29, 17, 13, 28, 3, 19, 34, 4, 20, 16, 18, 15, 31, 9, 24, 10, 1,9.10942
1, 12, 14, 27, 11, 30, 33, 26, 5, 22, 8, 25, 23, 21, 2, 32, 7, 6, 29, 17, 13, 28, 3, 19, 34, 18, 20, 16, 4, 15, 31, 9, 24, 10, 1,9.08171
1, 8, 23, 7, 21, 10, 24, 9, 31, 15, 18, 16, 20, 4, 34, 19, 3, 28, 13, 17, 29, 6, 2, 22, 32, 25, 11, 12, 26, 30, 33, 27, 5, 14, 1,8.79184
1, 12, 14, 27, 11, 30, 33, 26, 5, 25, 32, 2, 8, 21, 7, 23, 22, 6, 29, 17, 13, 28, 3, 19, 34, 4, 20, 16, 18, 15, 31, 9, 24, 10, 1,9.80938
1, 14, 5, 27, 33, 30, 26, 12, 11, 32, 25, 8, 22, 23, 7, 2, 21, 6, 29, 17, 13, 28, 3, 19, 34, 4, 20, 16, 18, 15, 31, 9, 24, 10, 1,9.11074
1, 14, 5, 27, 33, 30, 26, 12, 11, 32, 25, 8, 22, 23, 7, 2, 21, 6, 29, 17, 13, 28, 3, 19, 34, 4, 20, 16, 18, 15, 31, 9, 24, 10, 1,9.11074
1, 12, 14, 27, 11, 30, 33, 26, 5, 25, 32, 2, 10, 7, 21, 23, 22, 6, 29, 17, 13, 28, 3, 19, 34, 4, 20, 16, 18, 15, 31, 9, 24, 8, 1,9.88669
1, 12, 14, 27, 11, 30, 33, 26, 5, 25, 32, 2, 8, 7, 21, 23, 22, 6, 29, 17, 13, 28, 3, 19, 34, 4, 20, 16, 18, 15, 31, 9, 24, 10, 1,9.90011
1, 12, 14, 27, 11, 30, 33, 26, 5, 10, 32, 2, 8, 7, 21, 23, 22, 6, 29, 17, 13, 28, 3, 19, 34, 4, 20, 16, 18, 15, 31, 9, 24, 25, 1,9.78042
1, 12, 14, 27, 11, 30, 33, 26, 5, 25, 32, 2, 8, 7, 21, 23, 22, 6, 29, 17, 13, 28, 3, 19, 34, 4, 20, 16, 18, 15, 31, 9, 24, 10, 1,9.90011
1, 12, 14, 27, 11, 30, 33, 26, 5, 25, 32, 2, 8, 7, 21, 23, 22, 6, 29, 17, 13, 28, 3, 19, 34, 4, 20, 16, 18, 15, 31, 9, 24, 10, 1,9.90011
1, 12, 14, 27, 11, 30, 33, 26, 5, 25, 32, 2, 8, 7, 21, 23, 22, 6, 29, 17, 13, 28, 3, 19, 34, 4, 20, 16, 18, 15, 31, 9, 24, 10, 1,9.90011
1, 27, 33, 20, 4, 34, 19, 3, 28, 13, 17, 29, 6, 22, 23, 21, 7, 2, 32, 25, 5, 14, 16, 18, 15, 31, 9, 24, 10, 8, 11, 12, 26, 30, 1,9.75666
1, 27, 11, 8, 10, 24, 9, 31, 15, 18, 16, 26, 5, 25, 32, 2, 23, 22, 21, 7, 6, 29, 17, 13, 28, 3, 19, 34, 4, 20, 33, 12, 14, 30, 1,9.21461
1, 27, 33, 20, 4, 34, 19, 3, 28, 13, 17, 29, 6, 22, 23, 21, 7, 2, 32, 25, 5, 30, 26, 12, 14, 16, 18, 15, 31, 9, 24, 10, 8, 11, 1,9.50479
1, 27, 33, 30, 26, 4, 20, 34, 19, 3, 28, 13, 17, 29, 6, 7, 21, 2, 32, 22, 25, 23, 5, 11, 8, 10, 24, 9, 31, 15, 18, 16, 14, 12, 1,9.788
1, 12, 14, 27, 22, 25, 23, 5, 26, 30, 33, 16, 18, 15, 31, 9, 24, 4, 20, 34, 19, 3, 28, 13, 17, 29, 6, 7, 21, 2, 32, 10, 8, 11, 1,10.0549
1, 12, 14, 27, 22, 23, 25, 32, 2, 21, 7, 6, 29, 17, 13, 28, 3, 19, 34, 4, 20, 33, 30, 26, 16, 18, 15, 31, 9, 24, 10, 8, 11, 5, 1,8.16469
1, 27, 14, 30, 33, 26, 16, 18, 15, 31, 9, 24, 10, 8, 11, 12, 5, 25, 32, 2, 23, 22, 21, 7, 6, 29, 17, 13, 28, 3, 19, 34, 4, 20, 1,9.99014
1, 27, 14, 30, 33, 26, 16, 18, 15, 31, 9, 24, 10, 8, 11, 12, 5, 25, 32, 2, 23, 22, 21, 7, 6, 29, 17, 13, 28, 3, 19, 34, 4, 20, 1,9.99014
1, 27, 14, 30, 33, 26, 16, 18, 15, 31, 9, 24, 10, 8, 11, 12, 5, 25, 32, 2, 23, 22, 21, 7, 6, 29, 17, 13, 28, 3, 19, 34, 4, 20, 1,9.99014
1, 27, 20, 4, 34, 19, 3, 28, 13, 17, 29, 6, 7, 21, 22, 23, 2, 32, 25, 5, 11, 8, 10, 24, 9, 31, 15, 18, 16, 26, 14, 12, 30, 33, 1,9.96488
1, 27, 14, 30, 33, 12, 26, 16, 18, 15, 31, 9, 24, 10, 8, 11, 5, 25, 32, 2, 23, 22, 21, 7, 6, 29, 17, 13, 28, 3, 19, 34, 4, 20, 1,9.89541
1, 27, 33, 30, 20, 4, 34, 19, 3, 28, 13, 17, 29, 6, 7, 23, 21, 22, 2, 32, 25, 5, 11, 8, 10, 24, 9, 31, 15, 18, 16, 26, 14, 12, 1,8.95359
1, 27, 33, 30, 20, 4, 34, 19, 3, 28, 13, 17, 29, 6, 7, 23, 21, 22, 2, 32, 25, 5, 11, 8, 10, 24, 9, 31, 15, 18, 16, 26, 14, 12, 1,8.95359
1, 27, 14, 30, 33, 12, 26, 16, 18, 15, 31, 9, 24, 10, 8, 11, 5, 25, 32, 2, 22, 21, 23, 7, 6, 29, 17, 13, 28, 3, 19, 34, 4, 20, 1,9.89395
1, 26, 14, 27, 30, 20, 4, 34, 19, 3, 28, 13, 17, 29, 10, 7, 21, 22, 23, 2, 32, 25, 5, 11, 8, 6, 24, 9, 31, 15, 18, 16, 33, 12, 1,9.44779
1, 27, 14, 30, 33, 12, 26, 16, 18, 15, 31, 9, 24, 10, 8, 11, 5, 25, 23, 21, 22, 2, 32, 7, 6, 29, 17, 13, 28, 3, 19, 34, 4, 20, 1,9.67176
1, 27, 14, 30, 33, 12, 26, 20, 4, 34, 19, 3, 28, 13, 17, 29, 6, 2, 21, 22, 23, 7, 32, 25, 5, 11, 8, 10, 24, 9, 31, 15, 18, 16, 1,9.58363
1, 27, 14, 20, 4, 34, 19, 3, 28, 13, 17, 29, 6, 7, 21, 22, 23, 2, 32, 25, 5, 11, 8, 10, 24, 9, 31, 15, 18, 16, 26, 12, 33, 30, 1,9.64684
1, 20, 4, 34, 19, 3, 28, 13, 17, 29, 6, 7, 21, 22, 23, 10, 8, 11, 5, 25, 32, 2, 24, 9, 31, 15, 18, 16, 12, 33, 26, 30, 14, 27, 1,9.22292
1, 27, 11, 8, 10, 24, 9, 3, 28, 13, 17, 29, 6, 7, 21, 22, 23, 2, 32, 25, 5, 12, 26, 14, 30, 33, 16, 18, 15, 31, 19, 34, 4, 20, 1,9.29541
1, 33, 30, 26, 16, 18, 15, 31, 9, 24, 10, 8, 11, 5, 25, 32, 2, 23, 22, 21, 7, 6, 29, 17, 13, 28, 3, 19, 34, 4, 20, 14, 27, 12, 1,9.58661
1, 27, 14, 30, 26, 33, 16, 20, 4, 34, 19, 3, 28, 13, 17, 29, 6, 22, 21, 7, 23, 2, 32, 25, 5, 11, 8, 10, 24, 9, 31, 15, 18, 12, 1,9.35338
1, 27, 14, 30, 20, 4, 34, 19, 3, 28, 13, 17, 29, 6, 7, 23, 22, 21, 2, 32, 25, 5, 11, 8, 10, 24, 9, 31, 15, 18, 16, 26, 12, 33, 1,9.38804
1, 27, 14, 30, 20, 4, 34, 19, 3, 28, 13, 17, 29, 6, 7, 23, 22, 21, 2, 32, 25, 5, 11, 8, 10, 24, 9, 31, 15, 18, 16, 26, 12, 33, 1,9.38804
1, 27, 14, 30, 20, 4, 34, 19, 3, 28, 13, 17, 29, 6, 7, 23, 22, 21, 2, 32, 25, 5, 11, 8, 10, 24, 9, 31, 15, 18, 16, 26, 12, 33, 1,9.38804
1, 27, 14, 20, 4, 34, 19, 3, 28, 13, 17, 29, 10, 7, 21, 22, 23, 2, 32, 25, 5, 11, 8, 6, 24, 9, 31, 15, 18, 16, 26, 30, 33, 12, 1,9.55853
1, 27, 14, 20, 4, 34, 19, 3, 28, 13, 17, 29, 10, 7, 21, 22, 23, 2, 32, 25, 5, 11, 8, 6, 24, 9, 31, 15, 18, 16, 26, 30, 33, 12, 1,9.55853
1, 27, 14, 12, 26, 16, 18, 15, 31, 9, 24, 10, 8, 23, 21, 22, 7, 2, 32, 25, 5, 11, 6, 29, 17, 13, 28, 3, 19, 34, 4, 20, 30, 33, 1,9.35264
1, 27, 14, 30, 33, 12, 26, 16, 18, 15, 31, 9, 24, 10, 8, 23, 21, 22, 11, 5, 25, 7, 2, 32, 6, 29, 17, 13, 28, 3, 19, 34, 4, 20, 1,9.54987
1, 27, 14, 30, 33, 12, 26, 16, 18, 15, 31, 9, 24, 10, 8, 11, 5, 25, 23, 21, 22, 7, 2, 32, 6, 29, 17, 13, 28, 3, 19, 34, 4, 20, 1,9.58487
1, 5, 25, 32, 2, 23, 22, 21, 6, 7, 29, 17, 13, 28, 3, 19, 34, 4, 27, 14, 12, 26, 30, 33, 16, 20, 18, 15, 31, 9, 24, 10, 8, 11, 1,9.36518
1, 27, 14, 30, 20, 4, 34, 19, 3, 28, 13, 17, 29, 6, 7, 21, 22, 23, 2, 32, 25, 5, 11, 8, 10, 24, 9, 31, 15, 18, 16, 26, 12, 33, 1,9.374
1, 27, 14, 30, 33, 12, 26, 16, 18, 15, 31, 9, 24, 10, 25, 5, 11, 8, 21, 23, 22, 7, 2, 32, 6, 29, 17, 13, 28, 3, 19, 34, 4, 20, 1,9.61028
1, 14, 20, 4, 34, 19, 3, 28, 13, 17, 29, 6, 11, 5, 27, 30, 33, 12, 26, 16, 18, 15, 31, 9, 24, 10, 25, 32, 2, 7, 22, 21, 23, 8, 1,9.90988
1, 27, 14, 30, 33, 12, 26, 16, 5, 25, 32, 6, 29, 17, 13, 28, 3, 19, 34, 4, 20, 18, 15, 31, 9, 24, 10, 8, 23, 2, 21, 22, 7, 11, 1,8.68383
1, 27, 14, 30, 33, 12, 26, 16, 18, 15, 31, 9, 24, 10, 25, 5, 11, 8, 21, 23, 22, 7, 6, 2, 32, 29, 17, 13, 28, 3, 19, 34, 4, 20, 1,9.52124
1, 27, 14, 12, 26, 30, 33, 16, 18, 15, 31, 9, 24, 10, 25, 5, 11, 8, 23, 32, 2, 22, 21, 6, 7, 29, 17, 13, 28, 3, 19, 34, 4, 20, 1,9.70791
1, 27, 20, 4, 34, 19, 3, 28, 13, 17, 29, 32, 7, 2, 22, 6, 21, 8, 11, 5, 25, 10, 23, 24, 9, 31, 15, 18, 16, 33, 30, 26, 12, 14, 1,9.10533
1, 27, 14, 30, 33, 12, 26, 16, 34, 19, 3, 28, 13, 17, 29, 7, 22, 2, 32, 6, 21, 8, 11, 5, 25, 10, 23, 24, 9, 31, 15, 18, 4, 20, 1,9.74252
1, 27, 20, 4, 34, 19, 3, 28, 13, 17, 29, 32, 7, 2, 23, 6, 22, 21, 8, 11, 5, 25, 10, 24, 9, 31, 15, 18, 16, 26, 12, 33, 30, 14, 1,9.68325
1, 27, 14, 30, 33, 12, 26, 16, 18, 15, 31, 9, 24, 29, 7, 22, 2, 32, 6, 21, 8, 11, 5, 25, 10, 23, 17, 13, 28, 3, 19, 34, 4, 20, 1,9.7882
1, 27, 14, 30, 33, 12, 26, 16, 18, 15, 31, 9, 24, 29, 7, 23, 10, 22, 2, 32, 6, 21, 8, 11, 5, 25, 17, 13, 28, 3, 19, 34, 4, 20, 1,9.64765
1, 27, 14, 30, 33, 12, 20, 4, 34, 19, 3, 28, 13, 17, 29, 32, 7, 2, 6, 22, 21, 8, 11, 5, 25, 10, 23, 24, 9, 31, 15, 18, 16, 26, 1,9.15634
1, 27, 20, 4, 34, 19, 3, 28, 13, 17, 29, 32, 7, 2, 22, 6, 21, 8, 11, 5, 25, 10, 23, 24, 9, 31, 15, 18, 16, 26, 12, 33, 30, 14, 1,9.62564
1, 27, 14, 30, 33, 12, 26, 16, 18, 15, 31, 20, 4, 34, 19, 3, 28, 13, 17, 29, 9, 24, 23, 10, 25, 5, 11, 8, 21, 6, 22, 2, 7, 32, 1,9.48765
1, 5, 25, 10, 23, 24, 9, 31, 15, 18, 16, 26, 12, 27, 14, 30, 33, 4, 34, 20, 19, 3, 28, 13, 17, 29, 32, 7, 2, 22, 6, 21, 8, 11, 1,8.97337
1, 27, 14, 30, 33, 12, 26, 16, 18, 15, 31, 20, 4, 34, 19, 3, 28, 13, 17, 29, 9, 24, 23, 10, 25, 5, 11, 8, 21, 32, 7, 2, 6, 22, 1,8.47592
1, 27, 14, 30, 33, 12, 26, 16, 11, 8, 21, 6, 22, 17, 13, 28, 3, 19, 34, 4, 20, 18, 15, 31, 9, 24, 29, 32, 7, 2, 23, 10, 25, 5, 1,8.53484
1, 27, 14, 30, 33, 12, 26, 16, 18, 15, 31, 20, 4, 34, 19, 3, 28, 13, 17, 29, 9, 24, 23, 10, 25, 5, 11, 8, 21, 6, 22, 2, 7, 32, 1,9.48765
1, 27, 14, 30, 33, 12, 26, 16, 18, 15, 31, 20, 4, 34, 19, 3, 28, 13, 17, 29, 9, 24, 32, 7, 2, 23, 10, 25, 5, 11, 8, 21, 6, 22, 1,7.73877
1, 27, 14, 30, 33, 12, 26, 16, 18, 15, 31, 20, 4, 34, 19, 3, 28, 13, 17, 29, 9, 24, 32, 7, 2, 23, 10, 25, 5, 11, 8, 21, 6, 22, 1,7.73877
1, 27, 14, 30, 33, 12, 26, 16, 18, 15, 31, 20, 4, 34, 19, 3, 28, 13, 17, 29, 9, 24, 32, 7, 2, 23, 10, 25, 5, 22, 6, 21, 8, 11, 1,7.68488
1, 27, 14, 30, 33, 12, 26, 16, 18, 15, 31, 20, 4, 34, 19, 3, 28, 13, 17, 29, 9, 24, 32, 7, 2, 23, 10, 25, 5, 22, 6, 21, 8, 11, 1,7.68488
1, 27, 14, 12, 33, 30, 26, 16, 18, 15, 31, 20, 4, 34, 19, 3, 28, 13, 17, 29, 9, 24, 32, 7, 2, 23, 10, 25, 5, 11, 8, 21, 6, 22, 1,7.49487
1, 27, 14, 30, 33, 12, 26, 16, 18, 15, 31, 20, 4, 34, 19, 3, 28, 13, 17, 29, 9, 24, 32, 7, 2, 23, 10, 22, 5, 25, 6, 21, 8, 11, 1,7.57503
1, 27, 14, 30, 33, 12, 26, 16, 20, 4, 31, 18, 15, 34, 19, 3, 28, 13, 17, 29, 9, 24, 32, 7, 2, 23, 10, 22, 5, 25, 6, 21, 8, 11, 1,6.96578
1, 27, 14, 30, 33, 12, 26, 16, 20, 4, 18, 15, 31, 34, 19, 3, 28, 13, 17, 29, 9, 24, 32, 8, 21, 6, 25, 5, 22, 10, 23, 2, 7, 11, 1,7.03367
1, 27, 14, 30, 33, 12, 26, 16, 18, 15, 31, 20, 4, 34, 19, 3, 28, 13, 17, 29, 9, 24, 32, 7, 2, 23, 10, 25, 5, 11, 8, 21, 6, 22, 1,7.73877
1, 27, 14, 30, 33, 12, 26, 16, 18, 15, 31, 20, 4, 34, 19, 3, 28, 13, 17, 29, 9, 24, 21, 8, 11, 5, 25, 10, 23, 2, 7, 32, 6, 22, 1,8.50348
1, 27, 14, 30, 33, 12, 25, 10, 23, 2, 7, 32, 24, 9, 29, 17, 13, 28, 3, 19, 34, 4, 20, 31, 15, 18, 16, 26, 5, 11, 8, 21, 6, 22, 1,8.71739
1, 27, 14, 30, 33, 12, 22, 6, 21, 8, 11, 23, 25, 10, 5, 2, 7, 32, 24, 9, 29, 17, 13, 28, 3, 19, 34, 4, 20, 31, 15, 18, 16, 26, 1,9.0302
1, 27, 14, 30, 33, 12, 22, 6, 21, 8, 11, 23, 25, 10, 5, 2, 7, 32, 24, 9, 29, 13, 17, 28, 3, 19, 34, 4, 20, 31, 15, 18, 16, 26, 1,9.57255
1, 27, 14, 30, 33, 12, 22, 6, 21, 8, 11, 23, 25, 10, 5, 2, 7, 32, 24, 9, 29, 13, 17, 28, 3, 19, 34, 4, 20, 31, 15, 18, 16, 26, 1,9.57255
1, 27, 26, 16, 14, 30, 33, 12, 20, 4, 19, 18, 34, 15, 31, 3, 28, 13, 17, 29, 9, 24, 32, 7, 2, 23, 10, 25, 5, 11, 8, 21, 22, 6, 1,8.98899
1, 27, 14, 30, 33, 12, 26, 16, 18, 15, 31, 9, 24, 29, 32, 7, 2, 23, 10, 25, 5, 11, 8, 21, 6, 22, 17, 13, 28, 3, 19, 34, 4, 20, 1,9.75341
1, 27, 14, 30, 33, 12, 26, 16, 18, 15, 31, 9, 24, 29, 32, 7, 2, 23, 10, 25, 5, 11, 8, 21, 6, 22, 17, 13, 28, 3, 19, 34, 4, 20, 1,9.75341
1, 27, 12, 30, 33, 14, 23, 22, 21, 8, 11, 6, 25, 10, 5, 26, 16, 34, 18, 15, 31, 20, 4, 19, 3, 28, 13, 17, 29, 9, 24, 32, 7, 2, 1,9.46412
1, 27, 14, 30, 33, 12, 26, 16, 4, 20, 31, 15, 18, 34, 19, 3, 28, 13, 17, 29, 9, 24, 32, 7, 2, 23, 10, 25, 5, 11, 8, 21, 22, 6, 1,7.87108
1, 27, 14, 30, 33, 12, 26, 16, 4, 20, 31, 15, 18, 34, 19, 3, 28, 13, 17, 29, 9, 24, 32, 7, 2, 23, 10, 25, 5, 11, 8, 21, 6, 22, 1,7.34069
1, 27, 14, 30, 33, 12, 26, 16, 4, 20, 31, 15, 18, 34, 19, 3, 28, 13, 17, 29, 9, 24, 32, 7, 2, 23, 10, 25, 5, 11, 8, 21, 6, 22, 1,7.34069
1, 27, 14, 30, 33, 12, 26, 16, 4, 20, 31, 15, 34, 18, 19, 3, 28, 13, 17, 29, 9, 24, 32, 7, 2, 23, 10, 22, 21, 8, 11, 6, 25, 5, 1,6.80943
1, 5, 8, 10, 23, 2, 6, 22, 21, 25, 11, 7, 32, 24, 9, 13, 17, 29, 28, 3, 19, 34, 18, 15, 31, 20, 4, 16, 26, 33, 30, 12, 14, 27, 1,6.49829
1, 27, 14, 12, 30, 33, 26, 16, 4, 20, 31, 15, 34, 18, 19, 3, 28, 9, 17, 13, 29, 24, 32, 7, 2, 23, 10, 25, 5, 11, 8, 21, 6, 22, 1,6.34707
1, 27, 12, 14, 30, 33, 26, 16, 4, 20, 31, 15, 18, 34, 19, 3, 28, 13, 17, 29, 9, 24, 32, 7, 2, 23, 10, 22, 21, 25, 6, 11, 8, 5, 1,6.23708
1, 27, 14, 12, 30, 33, 26, 16, 4, 20, 31, 15, 34, 18, 19, 3, 28, 9, 17, 13, 29, 24, 32, 7, 2, 23, 10, 25, 5, 11, 8, 6, 22, 21, 1,6.33808
1, 27, 14, 12, 30, 33, 26, 16, 4, 20, 31, 15, 34, 18, 19, 3, 28, 9, 17, 13, 29, 24, 32, 7, 2, 23, 10, 25, 5, 11, 8, 6, 22, 21, 1,6.33808
1, 27, 14, 12, 30, 33, 26, 16, 4, 20, 31, 15, 34, 18, 19, 3, 28, 9, 17, 13, 29, 24, 32, 7, 2, 23, 10, 25, 5, 11, 8, 6, 22, 21, 1,6.33808
1, 27, 12, 14, 30, 33, 26, 16, 4, 20, 31, 15, 18, 34, 19, 3, 28, 9, 17, 13, 29, 24, 32, 7, 2, 8, 6, 22, 21, 11, 23, 10, 25, 5, 1,5.967
1, 27, 14, 12, 30, 33, 26, 16, 4, 20, 31, 15, 34, 18, 19, 3, 28, 9, 17, 13, 29, 24, 32, 8, 11, 21, 22, 6, 7, 2, 23, 10, 25, 5, 1,5.81467
1, 27, 14, 12, 30, 33, 26, 16, 4, 20, 31, 15, 34, 18, 19, 3, 28, 9, 17, 13, 29, 24, 32, 8, 11, 21, 22, 6, 7, 2, 23, 10, 25, 5, 1,5.81467
1, 12, 6, 11, 8, 21, 25, 22, 10, 23, 2, 7, 32, 24, 9, 29, 17, 13, 28, 3, 19, 18, 34, 15, 31, 20, 4, 16, 26, 30, 33, 27, 14, 5, 1,8.02429
1, 5, 12, 14, 27, 33, 30, 26, 16, 4, 20, 31, 15, 34, 18, 19, 3, 28, 13, 17, 29, 9, 24, 32, 7, 2, 23, 10, 22, 25, 21, 11, 8, 6, 1,7.32961
1, 5, 12, 14, 27, 33, 30, 26, 16, 4, 20, 31, 15, 34, 18, 19, 3, 28, 13, 17, 29, 9, 24, 32, 7, 2, 23, 10, 22, 25, 21, 11, 8, 6, 1,7.32961
1, 5, 12, 14, 30, 27, 33, 26, 16, 4, 20, 31, 15, 34, 18, 19, 3, 28, 13, 17, 29, 9, 24, 32, 7, 2, 23, 10, 22, 25, 21, 11, 8, 6, 1,7.54958
1, 5, 12, 14, 30, 27, 33, 26, 16, 4, 20, 31, 15, 34, 18, 19, 3, 28, 13, 17, 29, 9, 24, 32, 7, 2, 23, 10, 22, 25, 21, 11, 8, 6, 1,7.54958
1, 30, 33, 14, 23, 22, 21, 8, 11, 6, 25, 5, 27, 12, 26, 16, 4, 20, 31, 15, 34, 18, 19, 3, 28, 13, 17, 9, 24, 29, 32, 7, 2, 10, 1,8.17431
1, 27, 12, 14, 23, 10, 25, 5, 30, 33, 26, 16, 4, 20, 31, 15, 34, 18, 19, 3, 28, 13, 17, 29, 9, 24, 32, 7, 22, 21, 8, 2, 6, 11, 1,8.01399
1, 27, 12, 14, 11, 10, 25, 5, 30, 33, 26, 16, 4, 20, 31, 15, 34, 18, 19, 3, 28, 13, 17, 29, 9, 24, 32, 7, 22, 21, 8, 23, 6, 2, 1,8.00353
1, 27, 12, 5, 11, 25, 21, 30, 14, 33, 26, 16, 4, 20, 31, 15, 34, 18, 19, 3, 28, 13, 17, 9, 24, 29, 32, 7, 8, 22, 10, 23, 2, 6, 1,8.29536
1, 27, 12, 5, 11, 25, 21, 30, 14, 33, 26, 16, 4, 20, 31, 15, 34, 18, 19, 3, 28, 13, 17, 9, 24, 29, 32, 7, 8, 22, 10, 23, 2, 6, 1,8.29536
1, 27, 12, 5, 11, 25, 21, 30, 14, 33, 26, 16, 4, 20, 31, 15, 34, 18, 19, 3, 28, 13, 17, 9, 24, 2, 6, 7, 29, 32, 23, 10, 22, 8, 1,8.71491
1, 27, 30, 14, 5, 12, 11, 33, 26, 16, 4, 20, 31, 15, 34, 18, 19, 3, 28, 13, 17, 9, 24, 29, 32, 7, 21, 25, 23, 10, 22, 8, 6, 2, 1,8.60101
1, 27, 30, 14, 5, 12, 11, 33, 26, 16, 4, 20, 31, 15, 34, 18, 19, 3, 28, 13, 17, 9, 24, 29, 32, 7, 21, 25, 23, 10, 22, 8, 6, 2, 1,8.60101
1, 33, 26, 16, 4, 18, 31, 15, 3, 34, 20, 19, 28, 13, 17, 29, 9, 24, 32, 7, 21, 6, 2, 25, 23, 10, 22, 8, 11, 27, 12, 5, 14, 30, 1,8.39517
1, 27, 30, 14, 5, 12, 11, 33, 26, 16, 4, 20, 31, 15, 34, 18, 19, 3, 28, 13, 17, 9, 24, 29, 32, 7, 21, 25, 23, 10, 8, 2, 6, 22, 1,8.06664
1, 27, 30, 14, 5, 12, 11, 33, 26, 16, 4, 20, 31, 15, 34, 18, 19, 3, 28, 13, 17, 9, 24, 29, 32, 7, 21, 25, 23, 10, 8, 2, 6, 22, 1,8.06664
1, 27, 30, 14, 5, 12, 11, 33, 26, 16, 4, 20, 31, 15, 34, 18, 19, 3, 28, 13, 17, 9, 24, 29, 32, 7, 21, 25, 23, 10, 8, 2, 6, 22, 1,8.06664
1, 27, 30, 14, 5, 12, 11, 33, 26, 16, 4, 20, 31, 15, 34, 18, 19, 3, 28, 13, 17, 9, 24, 29, 32, 7, 21, 25, 23, 10, 8, 2, 6, 22, 1,8.06664
1, 27, 30, 14, 5, 12, 11, 33, 26, 16, 4, 20, 31, 15, 34, 18, 19, 3, 28, 13, 17, 9, 24, 29, 32, 7, 21, 25, 23, 10, 8, 2, 6, 22, 1,8.06664
1, 27, 5, 12, 11, 30, 14, 33, 26, 16, 20, 4, 31, 15, 34, 18, 19, 3, 28, 13, 17, 9, 24, 29, 32, 7, 21, 8, 22, 23, 10, 25, 2, 6, 1,7.47277
1, 27, 5, 14, 12, 11, 30, 33, 26, 16, 20, 4, 31, 15, 34, 18, 19, 3, 28, 13, 17, 9, 24, 29, 32, 7, 21, 8, 22, 23, 10, 25, 2, 6, 1,7.08905
1, 27, 5, 14, 12, 11, 30, 33, 26, 16, 20, 4, 31, 15, 34, 18, 19, 3, 28, 13, 17, 9, 24, 29, 32, 7, 21, 8, 22, 23, 10, 25, 2, 6, 1,7.08905
1, 12, 14, 30, 27, 21, 25, 8, 11, 5, 33, 26, 16, 20, 4, 31, 15, 34, 18, 19, 3, 28, 13, 17, 9, 24, 29, 32, 10, 23, 22, 2, 7, 6, 1,7.57543
1, 27, 12, 30, 14, 21, 25, 2, 11, 5, 33, 26, 16, 4, 20, 15, 31, 34, 18, 19, 3, 28, 13, 17, 9, 24, 29, 32, 7, 23, 10, 8, 6, 22, 1,7.89956
1, 27, 14, 30, 12, 21, 25, 2, 6, 8, 22, 10, 23, 7, 32, 29, 24, 9, 17, 13, 28, 3, 19, 18, 34, 15, 31, 20, 4, 16, 26, 33, 5, 11, 1,7.1219
1, 27, 12, 30, 14, 21, 25, 2, 11, 5, 33, 26, 16, 4, 20, 15, 31, 34, 18, 19, 3, 28, 13, 17, 9, 24, 29, 32, 7, 23, 10, 8, 6, 22, 1,7.89956
1, 27, 5, 8, 21, 7, 32, 29, 24, 9, 17, 13, 28, 3, 19, 18, 34, 15, 31, 4, 20, 16, 26, 33, 14, 30, 12, 25, 2, 22, 11, 10, 6, 23, 1,7.36426
1, 27, 5, 8, 21, 12, 22, 23, 10, 25, 2, 6, 7, 32, 29, 24, 9, 17, 13, 28, 3, 19, 18, 34, 15, 31, 4, 20, 16, 26, 33, 14, 30, 11, 1,7.74167
1, 27, 30, 14, 5, 6, 22, 8, 2, 25, 10, 23, 21, 7, 32, 29, 24, 9, 17, 13, 28, 3, 19, 18, 34, 15, 31, 4, 20, 16, 26, 33, 12, 11, 1,7.01829
1, 27, 30, 14, 5, 6, 22, 8, 2, 25, 10, 23, 21, 7, 32, 29, 24, 9, 17, 13, 28, 3, 19, 18, 34, 15, 31, 4, 20, 16, 26, 33, 12, 11, 1,7.01829
1, 27, 30, 14, 5, 12, 22, 23, 10, 6, 32, 7, 8, 2, 25, 21, 29, 24, 9, 17, 13, 28, 3, 19, 18, 34, 15, 31, 20, 4, 16, 26, 33, 11, 1,9.16404
1, 27, 30, 14, 5, 12, 22, 23, 10, 6, 32, 7, 8, 2, 25, 21, 29, 24, 9, 17, 13, 28, 3, 19, 18, 34, 15, 31, 4, 20, 16, 26, 33, 11, 1,8.51351
1, 27, 12, 30, 14, 21, 25, 2, 11, 5, 33, 26, 16, 4, 20, 15, 31, 34, 18, 19, 3, 28, 13, 17, 9, 24, 8, 7, 32, 29, 6, 23, 10, 22, 1,9.77238
1, 23, 22, 33, 26, 16, 20, 4, 31, 15, 34, 18, 19, 3, 28, 13, 17, 9, 24, 29, 32, 7, 21, 8, 11, 12, 10, 25, 2, 6, 5, 27, 30, 14, 1,9.51054
1, 10, 23, 21, 6, 25, 2, 8, 32, 29, 24, 9, 17, 13, 28, 3, 19, 18, 34, 15, 31, 20, 4, 16, 26, 33, 11, 12, 5, 14, 30, 27, 22, 7, 1,10.347
1, 10, 23, 21, 6, 25, 2, 8, 32, 29, 24, 9, 17, 13, 28, 3, 19, 18, 34, 15, 31, 20, 4, 16, 26, 11, 12, 5, 14, 30, 33, 27, 22, 7, 1,10.3518
1, 21, 10, 8, 2, 25, 6, 7, 24, 29, 32, 9, 17, 13, 28, 3, 19, 18, 34, 15, 31, 4, 20, 16, 26, 33, 22, 23, 27, 30, 14, 5, 12, 11, 1,11.0254
1, 10, 23, 21, 6, 25, 2, 8, 32, 29, 24, 9, 7, 17, 13, 28, 3, 19, 18, 34, 15, 31, 20, 4, 16, 26, 33, 12, 5, 14, 30, 27, 22, 11, 1,10.0599
1, 12, 21, 10, 8, 2, 25, 6, 7, 24, 29, 32, 9, 17, 13, 28, 3, 19, 18, 34, 15, 31, 4, 20, 16, 26, 33, 11, 14, 30, 27, 23, 22, 5, 1,10.8137
1, 12, 21, 10, 8, 2, 25, 6, 7, 23, 5, 33, 26, 16, 4, 20, 31, 15, 34, 18, 19, 3, 28, 13, 17, 9, 24, 29, 32, 14, 30, 27, 22, 11, 1,10.2605
1, 12, 5, 14, 30, 27, 21, 8, 33, 26, 16, 4, 15, 31, 20, 34, 18, 19, 3, 28, 13, 17, 9, 24, 7, 6, 25, 2, 29, 32, 10, 22, 23, 11, 1,9.91728
1, 12, 21, 10, 8, 22, 33, 26, 16, 20, 4, 31, 15, 34, 18, 19, 3, 28, 13, 17, 9, 24, 7, 6, 29, 32, 25, 2, 23, 27, 30, 14, 11, 5, 1,10.1127
1, 21, 22, 10, 8, 2, 25, 6, 7, 24, 29, 32, 9, 17, 13, 28, 3, 19, 18, 34, 15, 31, 4, 20, 16, 26, 33, 5, 14, 30, 27, 12, 11, 23, 1,9.4257
1, 12, 21, 10, 8, 2, 25, 6, 7, 23, 24, 29, 32, 9, 17, 13, 28, 3, 19, 18, 34, 15, 31, 4, 20, 16, 26, 33, 5, 14, 30, 27, 22, 11, 1,10.1678
1, 12, 21, 10, 23, 8, 2, 25, 6, 7, 24, 29, 32, 9, 17, 13, 28, 3, 19, 18, 34, 15, 31, 4, 20, 16, 26, 33, 5, 14, 30, 27, 22, 11, 1,9.58986
1, 10, 23, 21, 6, 25, 2, 8, 32, 29, 24, 9, 17, 13, 28, 3, 19, 18, 34, 15, 31, 20, 4, 16, 26, 33, 7, 22, 5, 14, 30, 27, 11, 12, 1,10.4056
1, 10, 23, 21, 6, 25, 2, 8, 32, 29, 24, 9, 17, 13, 28, 3, 19, 18, 34, 15, 31, 20, 4, 16, 26, 33, 7, 22, 5, 14, 30, 27, 11, 12, 1,10.4056
1, 10, 23, 21, 6, 25, 2, 8, 32, 29, 24, 9, 17, 13, 28, 3, 19, 18, 34, 15, 31, 20, 4, 16, 26, 33, 7, 22, 5, 14, 30, 27, 11, 12, 1,10.4056
1, 30, 14, 11, 5, 21, 12, 10, 8, 2, 25, 7, 6, 32, 29, 24, 9, 17, 13, 28, 3, 19, 18, 34, 15, 31, 4, 20, 16, 26, 33, 22, 23, 27, 1,10.0286
1, 10, 23, 21, 6, 25, 2, 8, 32, 29, 24, 9, 17, 13, 28, 3, 19, 18, 34, 15, 31, 20, 4, 16, 26, 33, 7, 22, 5, 14, 30, 27, 11, 12, 1,10.4056
1, 30, 14, 11, 5, 21, 12, 10, 8, 23, 32, 2, 25, 6, 7, 24, 29, 9, 17, 13, 28, 3, 19, 18, 34, 15, 31, 20, 4, 16, 26, 33, 27, 22, 1,10.4809
1, 30, 14, 11, 5, 21, 12, 22, 33, 26, 16, 20, 4, 18, 34, 15, 31, 19, 3, 28, 13, 17, 9, 24, 29, 7, 32, 2, 25, 6, 23, 8, 10, 27, 1,9.4058
1, 30, 14, 11, 5, 21, 12, 22, 33, 26, 16, 20, 4, 18, 34, 15, 31, 19, 3, 28, 13, 17, 9, 24, 29, 7, 32, 2, 25, 6, 23, 8, 10, 27, 1,9.4058
1, 30, 14, 27, 33, 26, 16, 4, 20, 31, 15, 34, 18, 19, 3, 28, 13, 17, 9, 24, 29, 7, 6, 25, 23, 2, 32, 8, 10, 12, 21, 5, 11, 22, 1,8.85288
1, 30, 14, 27, 33, 26, 16, 4, 20, 31, 15, 34, 18, 19, 3, 28, 13, 17, 9, 24, 29, 7, 6, 25, 23, 2, 32, 8, 10, 12, 21, 5, 11, 22, 1,8.85288
1, 21, 12, 27, 33, 30, 14, 11, 5, 22, 26, 16, 20, 4, 18, 34, 15, 31, 19, 3, 28, 13, 17, 9, 24, 29, 7, 32, 2, 25, 6, 23, 8, 10, 1,8.75371
1, 30, 14, 27, 33, 26, 16, 4, 20, 31, 15, 34, 18, 19, 3, 28, 13, 17, 9, 24, 29, 7, 6, 25, 23, 2, 32, 11, 10, 8, 22, 5, 21, 12, 1,8.0086
1, 30, 14, 11, 5, 21, 22, 7, 6, 25, 10, 12, 33, 26, 16, 20, 4, 18, 34, 15, 31, 19, 3, 28, 13, 17, 9, 24, 29, 32, 2, 23, 8, 27, 1,6.59725
1, 30, 14, 27, 33, 26, 16, 4, 20, 31, 15, 34, 18, 19, 3, 28, 13, 17, 9, 24, 29, 7, 6, 25, 23, 2, 32, 11, 10, 8, 22, 5, 21, 12, 1,8.0086
1, 21, 12, 26, 16, 20, 4, 18, 34, 15, 31, 19, 3, 28, 13, 17, 9, 24, 32, 29, 7, 6, 25, 2, 23, 8, 10, 11, 14, 30, 33, 27, 22, 5, 1,8.33237
1, 21, 12, 27, 33, 30, 14, 11, 5, 22, 26, 16, 20, 4, 18, 34, 15, 31, 19, 3, 28, 13, 17, 9, 24, 29, 7, 32, 2, 10, 8, 25, 6, 23, 1,9.02784
1, 30, 14, 11, 22, 10, 8, 23, 27, 12, 33, 26, 16, 20, 4, 18, 34, 15, 31, 19, 3, 28, 13, 17, 9, 24, 32, 29, 7, 6, 25, 2, 21, 5, 1,7.094
1, 26, 16, 20, 4, 18, 34, 15, 31, 19, 3, 28, 13, 17, 9, 24, 32, 29, 6, 7, 2, 23, 25, 27, 21, 8, 10, 11, 22, 30, 12, 33, 14, 5, 1,8.53752
1, 30, 14, 11, 10, 8, 12, 21, 23, 2, 25, 6, 7, 29, 32, 24, 9, 17, 13, 28, 3, 19, 31, 15, 34, 18, 4, 20, 16, 26, 33, 22, 27, 5, 1,9.92986
1, 30, 14, 11, 10, 8, 23, 2, 25, 9, 24, 32, 29, 7, 6, 17, 13, 28, 3, 19, 31, 15, 34, 18, 4, 20, 16, 26, 33, 12, 21, 22, 5, 27, 1,9.66767
1, 30, 14, 11, 10, 8, 12, 21, 23, 2, 25, 6, 7, 29, 32, 24, 9, 17, 13, 28, 3, 19, 31, 15, 34, 18, 4, 20, 16, 26, 33, 22, 27, 5, 1,9.92986
1, 33, 5, 23, 2, 32, 11, 14, 12, 21, 30, 26, 16, 20, 4, 18, 34, 15, 31, 19, 3, 28, 13, 17, 9, 24, 29, 25, 6, 7, 22, 8, 10, 27, 1,9.86638
1, 30, 14, 22, 11, 7, 27, 10, 8, 21, 5, 25, 23, 2, 6, 29, 32, 24, 9, 17, 13, 28, 3, 19, 31, 15, 34, 18, 4, 20, 16, 26, 33, 12, 1,9.11078
1, 30, 27, 10, 8, 21, 11, 22, 5, 33, 26, 16, 20, 4, 18, 34, 15, 31, 19, 3, 28, 13, 17, 9, 24, 32, 29, 7, 6, 25, 2, 23, 12, 14, 1,8.04758
1, 30, 10, 8, 12, 14, 22, 11, 7, 5, 27, 33, 26, 16, 20, 4, 18, 34, 15, 31, 19, 3, 28, 13, 17, 9, 24, 32, 29, 6, 2, 23, 25, 21, 1,9.93584
1, 30, 27, 10, 8, 21, 5, 22, 33, 26, 16, 20, 4, 18, 34, 15, 31, 19, 3, 28, 13, 17, 9, 24, 32, 29, 7, 6, 2, 25, 23, 11, 14, 12, 1,8.77224
1, 30, 27, 10, 8, 6, 25, 2, 23, 12, 14, 11, 5, 21, 22, 33, 26, 16, 20, 4, 18, 34, 15, 31, 19, 3, 28, 13, 17, 9, 24, 32, 29, 7, 1,11.0059
1, 26, 16, 20, 4, 18, 34, 15, 3, 19, 31, 28, 13, 17, 9, 24, 32, 29, 6, 7, 21, 5, 27, 23, 2, 25, 33, 12, 30, 14, 22, 11, 10, 8, 1,10.7043
1, 26, 16, 20, 4, 18, 34, 15, 3, 19, 31, 28, 13, 17, 9, 24, 32, 29, 6, 7, 21, 5, 27, 23, 2, 25, 33, 12, 30, 14, 22, 11, 8, 10, 1,10.7157
1, 30, 14, 22, 11, 7, 25, 2, 23, 27, 5, 33, 26, 16, 20, 4, 18, 34, 19, 31, 3, 15, 28, 13, 17, 9, 24, 32, 29, 21, 6, 10, 8, 12, 1,10.5806
1, 30, 14, 22, 11, 7, 25, 2, 23, 6, 10, 8, 27, 5, 33, 26, 16, 20, 4, 18, 34, 19, 31, 3, 15, 28, 13, 17, 9, 24, 32, 29, 21, 12, 1,10.3492
1, 30, 14, 22, 11, 7, 24, 9, 17, 13, 28, 31, 19, 3, 15, 34, 18, 4, 20, 16, 26, 33, 5, 27, 8, 10, 6, 23, 2, 25, 32, 29, 21, 12, 1,10.5003
1, 30, 14, 22, 11, 7, 24, 9, 17, 13, 28, 31, 19, 3, 15, 34, 18, 4, 20, 16, 26, 33, 5, 27, 8, 10, 6, 23, 2, 25, 32, 29, 21, 12, 1,10.5003
1, 30, 11, 8, 25, 23, 21, 10, 12, 5, 2, 6, 29, 32, 24, 9, 17, 13, 28, 15, 19, 31, 3, 34, 18, 4, 20, 16, 14, 33, 26, 27, 22, 7, 1,11.6736
1, 30, 11, 8, 25, 23, 21, 10, 12, 5, 2, 6, 29, 32, 24, 9, 17, 13, 28, 15, 19, 31, 3, 34, 18, 4, 20, 16, 14, 33, 26, 27, 22, 7, 1,11.6736
1, 2, 6, 29, 32, 24, 9, 17, 13, 28, 15, 19, 31, 3, 34, 18, 4, 20, 16, 14, 33, 26, 30, 27, 22, 7, 11, 8, 25, 23, 21, 10, 12, 5, 1,9.82794
1, 2, 6, 29, 32, 24, 9, 17, 13, 28, 15, 19, 31, 3, 34, 18, 4, 20, 16, 14, 33, 26, 30, 27, 22, 7, 11, 8, 25, 5, 12, 10, 21, 23, 1,10.988
1, 2, 6, 29, 32, 24, 9, 17, 13, 28, 15, 19, 31, 3, 34, 18, 4, 20, 16, 14, 33, 26, 30, 27, 22, 7, 11, 8, 25, 5, 12, 10, 21, 23, 1,10.988
1, 11, 14, 30, 27, 10, 22, 6, 8, 7, 21, 5, 23, 2, 25, 29, 32, 24, 9, 17, 13, 28, 3, 15, 31, 19, 34, 18, 4, 20, 16, 26, 33, 12, 1,8.60089
1, 8, 21, 6, 22, 7, 11, 10, 27, 30, 14, 5, 23, 2, 25, 29, 32, 24, 9, 17, 13, 28, 3, 15, 31, 19, 34, 18, 4, 20, 16, 26, 33, 12, 1,8.33139
1, 11, 8, 21, 6, 22, 7, 10, 27, 30, 14, 5, 23, 2, 25, 29, 32, 24, 9, 17, 13, 28, 3, 19, 31, 15, 34, 18, 4, 20, 16, 26, 33, 12, 1,7.70043
1, 11, 8, 21, 6, 22, 7, 10, 27, 30, 14, 5, 23, 2, 25, 29, 32, 24, 9, 17, 13, 28, 3, 19, 31, 15, 34, 18, 4, 20, 16, 26, 33, 12, 1,7.70043
1, 25, 2, 29, 32, 24, 9, 17, 13, 28, 15, 3, 31, 19, 34, 18, 4, 20, 16, 26, 33, 5, 6, 7, 11, 10, 23, 14, 30, 27, 8, 21, 22, 12, 1,10.8308
1, 11, 14, 30, 27, 10, 22, 5, 23, 2, 25, 29, 32, 6, 8, 7, 21, 24, 9, 17, 13, 28, 3, 15, 31, 19, 34, 18, 4, 20, 16, 26, 33, 12, 1,9.41155
1, 11, 14, 30, 27, 5, 23, 2, 25, 10, 22, 29, 32, 6, 8, 7, 21, 24, 9, 17, 13, 28, 3, 15, 31, 19, 34, 18, 4, 20, 16, 26, 33, 12, 1,8.64986
1, 5, 23, 2, 25, 29, 32, 11, 14, 30, 27, 10, 22, 6, 8, 7, 21, 24, 9, 17, 13, 28, 3, 15, 31, 19, 34, 18, 4, 20, 16, 26, 33, 12, 1,9.59249
1, 11, 14, 30, 27, 10, 8, 6, 32, 29, 25, 2, 23, 5, 22, 7, 21, 24, 9, 17, 13, 28, 3, 15, 31, 19, 34, 18, 4, 20, 16, 26, 33, 12, 1,9.3773
1, 11, 14, 30, 27, 10, 8, 6, 32, 29, 25, 23, 22, 7, 2, 5, 21, 24, 9, 17, 13, 28, 3, 15, 31, 19, 34, 18, 4, 20, 16, 26, 33, 12, 1,9.54379
1, 5, 23, 26, 11, 14, 30, 27, 10, 8, 6, 32, 29, 25, 22, 7, 2, 21, 24, 9, 17, 13, 28, 3, 15, 31, 19, 34, 18, 4, 20, 16, 33, 12, 1,11.3892
1, 21, 24, 9, 17, 13, 28, 3, 15, 31, 19, 34, 18, 4, 20, 16, 26, 33, 11, 14, 30, 27, 10, 12, 8, 6, 32, 29, 25, 23, 22, 7, 2, 5, 1,12.2631
1, 11, 14, 30, 27, 10, 5, 23, 2, 29, 25, 6, 22, 8, 7, 9, 24, 21, 32, 17, 13, 28, 3, 15, 31, 19, 34, 18, 4, 20, 16, 26, 33, 12, 1,11.6876
1, 10, 2, 21, 24, 9, 17, 13, 28, 3, 15, 31, 19, 34, 18, 4, 20, 16, 26, 33, 11, 14, 30, 27, 12, 5, 23, 25, 29, 32, 6, 8, 7, 22, 1,10.5866
1, 11, 12, 23, 22, 21, 24, 9, 17, 13, 28, 3, 15, 31, 19, 34, 18, 4, 20, 16, 26, 33, 14, 10, 2, 25, 29, 6, 7, 32, 8, 27, 30, 5, 1,10.711
1, 27, 11, 14, 30, 5, 10, 23, 2, 12, 33, 26, 16, 20, 4, 18, 34, 19, 31, 3, 15, 28, 13, 17, 9, 24, 21, 32, 22, 25, 8, 6, 29, 7, 1,11.8945
1, 27, 11, 14, 30, 5, 10, 23, 2, 12, 33, 26, 16, 20, 4, 18, 34, 19, 31, 3, 15, 28, 13, 17, 9, 24, 21, 32, 22, 25, 8, 6, 29, 7, 1,11.8945
1, 11, 14, 32, 17, 13, 28, 3, 15, 31, 19, 34, 18, 4, 20, 16, 26, 33, 30, 12, 27, 10, 5, 23, 2, 22, 6, 7, 29, 24, 9, 25, 21, 8, 1,11.2194
1, 10, 5, 30, 14, 11, 27, 33, 26, 16, 20, 4, 18, 34, 19, 31, 3, 15, 28, 13, 17, 9, 24, 32, 22, 12, 8, 6, 29, 7, 25, 21, 2, 23, 1,11.0321
1, 14, 30, 5, 10, 23, 2, 25, 21, 11, 27, 33, 26, 16, 20, 4, 18, 34, 19, 31, 3, 15, 28, 13, 17, 9, 24, 32, 22, 12, 8, 6, 29, 7, 1,10.4648
1, 25, 2, 23, 10, 5, 30, 12, 14, 11, 27, 33, 26, 16, 20, 4, 18, 34, 19, 31, 3, 15, 28, 13, 17, 9, 24, 32, 22, 8, 21, 6, 29, 7, 1,9.75481
1, 25, 2, 23, 10, 5, 30, 12, 14, 11, 27, 33, 26, 16, 20, 4, 18, 34, 19, 31, 3, 15, 28, 13, 17, 9, 24, 32, 22, 8, 21, 6, 29, 7, 1,9.75481
1, 25, 2, 23, 10, 5, 30, 12, 14, 11, 27, 33, 26, 16, 20, 4, 18, 34, 19, 31, 3, 15, 28, 13, 17, 9, 24, 32, 22, 8, 21, 6, 29, 7, 1,9.75481
1, 14, 11, 27, 33, 26, 16, 20, 4, 18, 34, 19, 31, 3, 15, 28, 13, 17, 9, 24, 32, 22, 8, 21, 6, 2, 7, 25, 29, 23, 10, 5, 30, 12, 1,8.83417
1, 11, 27, 33, 26, 16, 20, 4, 18, 34, 19, 31, 3, 15, 28, 13, 17, 9, 24, 32, 22, 25, 2, 23, 10, 21, 30, 12, 8, 6, 29, 7, 5, 14, 1,10.2516
1, 11, 27, 33, 26, 16, 20, 4, 18, 34, 19, 31, 3, 15, 28, 13, 17, 9, 24, 32, 22, 25, 2, 23, 10, 21, 30, 12, 8, 6, 29, 7, 5, 14, 1,10.2516
1, 11, 5, 33, 26, 16, 20, 4, 18, 34, 19, 31, 3, 15, 28, 13, 17, 9, 24, 32, 22, 25, 2, 23, 10, 27, 30, 12, 14, 8, 21, 6, 29, 7, 1,9.79323
1, 10, 23, 2, 25, 22, 32, 24, 9, 17, 13, 28, 15, 3, 31, 19, 34, 18, 4, 20, 16, 26, 33, 27, 11, 14, 30, 12, 8, 21, 6, 29, 7, 5, 1,9.52831
1, 10, 23, 2, 25, 22, 32, 24, 9, 17, 13, 28, 15, 3, 31, 19, 34, 18, 4, 20, 16, 26, 33, 27, 11, 14, 30, 12, 8, 21, 6, 29, 7, 5, 1,9.52831
1, 14, 5, 30, 11, 27, 33, 26, 16, 20, 4, 18, 34, 19, 31, 3, 15, 28, 13, 17, 9, 24, 32, 25, 2, 8, 21, 22, 6, 29, 7, 23, 10, 12, 1,9.11628
1, 14, 5, 30, 11, 27, 33, 26, 16, 20, 4, 18, 34, 19, 31, 3, 15, 28, 13, 17, 9, 24, 32, 25, 2, 8, 21, 22, 6, 29, 7, 23, 10, 12, 1,9.11628
1, 21, 22, 11, 5, 6, 29, 7, 23, 10, 12, 14, 30, 27, 33, 26, 16, 20, 4, 18, 34, 19, 31, 3, 15, 28, 13, 17, 9, 24, 32, 25, 2, 8, 1,9.47525
1, 33, 27, 30, 14, 12, 10, 23, 7, 29, 6, 5, 11, 22, 21, 8, 2, 25, 32, 24, 9, 17, 13, 28, 15, 3, 31, 19, 34, 18, 4, 20, 16, 26, 1,9.4423
1, 21, 22, 6, 29, 7, 23, 10, 8, 2, 25, 32, 24, 9, 17, 13, 28, 15, 3, 31, 19, 34, 18, 4, 20, 16, 26, 33, 27, 11, 30, 5, 14, 12, 1,8.72342
1, 12, 14, 5, 30, 11, 27, 33, 26, 16, 20, 4, 18, 34, 19, 31, 3, 15, 28, 13, 17, 9, 24, 32, 25, 2, 21, 22, 8, 6, 29, 7, 23, 10, 1,8.73378
1, 12, 14, 5, 30, 11, 27, 33, 26, 16, 20, 4, 18, 34, 19, 31, 3, 15, 28, 13, 17, 9, 24, 32, 25, 2, 21, 22, 8, 6, 29, 7, 23, 10, 1,8.73378
1, 12, 14, 5, 30, 11, 27, 33, 26, 16, 20, 4, 18, 34, 19, 31, 3, 15, 28, 13, 17, 9, 24, 32, 25, 2, 21, 22, 6, 7, 29, 23, 10, 8, 1,9.18603
1, 12, 14, 5, 30, 11, 27, 33, 26, 16, 20, 4, 18, 34, 19, 31, 3, 15, 28, 13, 17, 9, 24, 32, 25, 6, 29, 22, 21, 7, 23, 10, 2, 8, 1,9.45269
1, 12, 14, 5, 30, 11, 27, 33, 26, 16, 20, 4, 18, 34, 19, 31, 3, 15, 28, 13, 17, 9, 24, 32, 25, 6, 29, 22, 21, 7, 23, 10, 2, 8, 1,9.45269
1, 21, 22, 6, 29, 7, 23, 11, 5, 10, 30, 12, 14, 27, 33, 26, 16, 20, 4, 18, 34, 19, 31, 3, 15, 28, 13, 17, 9, 24, 32, 25, 2, 8, 1,9.33429
1, 27, 33, 26, 16, 20, 4, 18, 34, 19, 31, 3, 15, 28, 13, 17, 9, 24, 32, 25, 2, 8, 21, 22, 6, 29, 7, 23, 10, 12, 14, 5, 30, 11, 1,8.90576
1, 21, 22, 6, 29, 7, 23, 11, 5, 10, 30, 12, 14, 27, 33, 26, 16, 20, 4, 18, 34, 19, 31, 3, 15, 28, 13, 17, 9, 24, 32, 25, 2, 8, 1,9.33429
1, 21, 11, 27, 33, 26, 16, 20, 4, 18, 34, 19, 31, 3, 15, 28, 13, 17, 9, 24, 32, 25, 2, 8, 22, 6, 29, 7, 23, 10, 12, 14, 5, 30, 1,8.88379
1, 21, 22, 6, 29, 7, 23, 10, 12, 14, 5, 11, 30, 27, 33, 26, 16, 20, 4, 18, 34, 19, 31, 3, 15, 28, 9, 24, 13, 17, 32, 25, 2, 8, 1,8.76038
1, 21, 22, 6, 29, 7, 23, 11, 12, 14, 5, 30, 27, 33, 26, 16, 20, 4, 18, 34, 19, 3, 31, 15, 28, 13, 17, 9, 24, 32, 25, 2, 8, 10, 1,8.56971
1, 30, 5, 14, 12, 21, 22, 6, 29, 7, 23, 10, 11, 27, 33, 26, 16, 20, 4, 18, 34, 19, 31, 15, 3, 28, 13, 17, 9, 24, 32, 25, 2, 8, 1,8.28397
1, 21, 22, 6, 29, 7, 23, 10, 12, 14, 5, 30, 27, 33, 26, 16, 20, 4, 18, 34, 19, 15, 3, 31, 28, 13, 17, 9, 24, 32, 2, 25, 11, 8, 1,8.20278
1, 21, 2, 25, 32, 24, 9, 17, 13, 28, 31, 3, 15, 19, 34, 18, 4, 20, 16, 26, 33, 27, 30, 5, 14, 12, 10, 23, 7, 29, 6, 22, 11, 8, 1,8.50296
1, 21, 22, 8, 2, 25, 32, 24, 9, 17, 13, 28, 3, 15, 31, 19, 34, 18, 4, 20, 16, 26, 33, 27, 30, 11, 5, 14, 12, 10, 23, 7, 29, 6, 1,9.56589
1, 33, 27, 30, 5, 14, 12, 11, 22, 8, 21, 10, 23, 32, 2, 29, 25, 7, 6, 24, 9, 17, 13, 28, 15, 3, 31, 19, 34, 18, 4, 20, 16, 26, 1,8.55406
1, 21, 22, 8, 2, 25, 32, 24, 9, 17, 13, 28, 3, 15, 31, 19, 34, 18, 4, 20, 16, 26, 33, 14, 30, 11, 5, 27, 12, 10, 23, 7, 29, 6, 1,9.33468
1, 27, 11, 22, 21, 8, 2, 25, 32, 24, 29, 9, 17, 13, 28, 3, 15, 31, 19, 34, 18, 4, 20, 16, 33, 30, 5, 14, 26, 12, 10, 23, 7, 6, 1,7.72273
1, 27, 33, 26, 16, 20, 4, 18, 34, 19, 31, 15, 3, 28, 13, 17, 9, 24, 7, 14, 12, 10, 23, 6, 29, 32, 25, 2, 8, 22, 21, 11, 30, 5, 1,9.47502
1, 21, 22, 6, 29, 7, 23, 10, 12, 14, 5, 11, 30, 27, 33, 26, 16, 20, 4, 18, 34, 19, 15, 31, 3, 28, 13, 32, 17, 9, 24, 2, 25, 8, 1,9.77822
1, 27, 30, 33, 26, 16, 20, 4, 18, 34, 19, 31, 15, 3, 28, 13, 17, 9, 24, 7, 22, 21, 8, 2, 25, 32, 11, 5, 14, 12, 29, 23, 6, 10, 1,10.4078
1, 21, 22, 6, 29, 7, 23, 10, 12, 8, 2, 25, 32, 24, 9, 17, 13, 28, 3, 15, 31, 19, 34, 18, 4, 20, 16, 26, 33, 27, 11, 30, 5, 14, 1,9.82707
1, 27, 30, 33, 26, 16, 20, 4, 18, 34, 19, 31, 15, 3, 28, 13, 17, 9, 24, 7, 22, 21, 8, 2, 25, 32, 11, 5, 10, 29, 23, 6, 12, 14, 1,9.87122
1, 27, 30, 33, 26, 16, 20, 4, 18, 34, 19, 31, 15, 3, 28, 13, 17, 9, 24, 7, 22, 21, 8, 2, 25, 32, 10, 29, 6, 11, 5, 14, 12, 23, 1,8.99753
1, 27, 30, 33, 26, 16, 20, 4, 18, 34, 19, 31, 15, 3, 28, 13, 17, 9, 24, 7, 21, 25, 2, 8, 22, 14, 5, 11, 32, 6, 29, 23, 10, 12, 1,8.56731
1, 27, 30, 33, 26, 16, 20, 4, 18, 34, 19, 31, 15, 3, 28, 13, 17, 9, 24, 7, 22, 21, 8, 2, 25, 32, 10, 29, 6, 23, 12, 14, 5, 11, 1,8.24577
1, 27, 30, 33, 26, 16, 20, 4, 18, 34, 19, 31, 15, 3, 28, 13, 17, 9, 24, 7, 22, 21, 6, 25, 2, 8, 5, 14, 12, 10, 23, 29, 32, 11, 1,8.29596
1, 27, 30, 33, 26, 16, 20, 4, 18, 34, 19, 31, 15, 3, 28, 13, 17, 9, 24, 7, 22, 21, 8, 2, 25, 32, 6, 23, 29, 10, 11, 5, 14, 12, 1,7.35062
1, 27, 30, 33, 26, 16, 20, 4, 18, 34, 19, 31, 15, 3, 28, 13, 17, 9, 24, 10, 11, 29, 32, 6, 22, 8, 2, 25, 21, 7, 23, 12, 14, 5, 1,8.71086
1, 27, 30, 33, 26, 16, 20, 4, 18, 34, 19, 31, 15, 3, 28, 13, 17, 9, 24, 10, 11, 29, 32, 6, 22, 8, 2, 25, 21, 7, 23, 12, 14, 5, 1,8.71086
1, 27, 30, 33, 26, 16, 20, 4, 18, 34, 19, 31, 15, 3, 28, 13, 17, 9, 24, 10, 11, 22, 21, 32, 29, 6, 7, 23, 12, 14, 5, 8, 2, 25, 1,8.52289
1, 30, 33, 26, 16, 20, 4, 18, 34, 19, 31, 15, 3, 28, 13, 17, 9, 24, 32, 29, 7, 2, 10, 27, 12, 21, 22, 11, 14, 5, 23, 8, 25, 6, 1,9.07638
1, 27, 21, 30, 33, 26, 16, 20, 4, 19, 15, 31, 18, 34, 3, 28, 13, 17, 9, 24, 32, 8, 2, 25, 6, 29, 7, 23, 22, 11, 10, 12, 14, 5, 1,9.61858
1, 27, 30, 33, 26, 16, 20, 4, 18, 34, 19, 31, 15, 3, 28, 13, 17, 9, 24, 7, 21, 11, 32, 8, 2, 6, 29, 23, 10, 12, 14, 5, 25, 22, 1,8.83705
1, 14, 27, 30, 33, 12, 10, 32, 29, 6, 25, 2, 7, 24, 9, 17, 13, 28, 3, 34, 18, 31, 15, 19, 4, 20, 16, 26, 11, 23, 8, 21, 22, 5, 1,9.18553
1, 14, 12, 10, 11, 22, 23, 7, 29, 6, 25, 2, 8, 32, 24, 9, 17, 13, 28, 3, 34, 18, 31, 15, 19, 4, 20, 16, 26, 33, 30, 21, 27, 5, 1,9.5944
1, 27, 21, 30, 33, 26, 16, 20, 4, 19, 15, 31, 18, 34, 3, 28, 13, 17, 9, 24, 32, 8, 2, 22, 25, 6, 29, 7, 23, 10, 12, 14, 5, 11, 1,9.97143
1, 27, 21, 30, 33, 26, 16, 20, 4, 19, 15, 31, 18, 34, 3, 28, 13, 17, 9, 24, 32, 8, 2, 22, 25, 6, 29, 7, 23, 10, 12, 14, 5, 11, 1,9.97143
1, 14, 12, 10, 11, 8, 32, 24, 9, 17, 13, 28, 3, 34, 18, 31, 15, 19, 4, 20, 16, 26, 30, 22, 21, 2, 25, 6, 29, 7, 23, 5, 27, 33, 1,10.3399
1, 27, 21, 25, 6, 7, 11, 30, 33, 26, 14, 16, 20, 4, 18, 15, 31, 19, 34, 3, 28, 13, 17, 9, 24, 32, 22, 5, 12, 10, 8, 29, 23, 2, 1,12.4375
1, 25, 6, 7, 2, 27, 21, 30, 33, 26, 14, 16, 20, 4, 18, 15, 31, 19, 34, 3, 28, 13, 17, 9, 24, 32, 22, 5, 12, 10, 8, 29, 23, 11, 1,13.6144
1, 27, 30, 12, 33, 5, 26, 10, 25, 6, 7, 11, 21, 23, 22, 29, 2, 8, 32, 24, 9, 17, 13, 28, 3, 34, 18, 31, 19, 15, 4, 20, 16, 14, 1,11.1463
1, 25, 6, 7, 11, 27, 21, 30, 33, 26, 14, 16, 20, 4, 18, 15, 31, 19, 34, 3, 28, 13, 17, 9, 24, 32, 22, 8, 2, 29, 23, 10, 5, 12, 1,11.1408
1, 25, 6, 7, 11, 27, 21, 30, 14, 33, 12, 26, 16, 20, 4, 18, 15, 31, 19, 34, 3, 28, 13, 17, 9, 24, 32, 22, 8, 2, 29, 23, 10, 5, 1,11.0508
1, 25, 6, 7, 11, 27, 21, 30, 14, 33, 12, 26, 16, 20, 4, 18, 15, 31, 19, 34, 3, 28, 13, 17, 9, 24, 32, 22, 8, 2, 29, 23, 10, 5, 1,11.0508
1, 25, 6, 7, 2, 32, 22, 30, 33, 26, 12, 11, 27, 21, 5, 10, 8, 14, 16, 20, 4, 18, 15, 31, 19, 34, 3, 28, 13, 17, 9, 24, 29, 23, 1,11.5992
1, 25, 6, 7, 2, 32, 22, 30, 33, 26, 12, 11, 27, 21, 5, 10, 8, 14, 16, 20, 4, 18, 19, 31, 15, 34, 3, 28, 13, 17, 9, 24, 29, 23, 1,11.5779
1, 25, 6, 7, 2, 32, 22, 30, 33, 26, 12, 11, 27, 21, 5, 10, 8, 14, 16, 20, 4, 18, 19, 31, 15, 34, 3, 28, 13, 17, 9, 24, 29, 23, 1,11.5779
1, 14, 26, 12, 6, 7, 2, 32, 22, 30, 33, 16, 20, 4, 18, 19, 31, 15, 34, 3, 28, 13, 17, 9, 24, 29, 23, 25, 11, 27, 21, 5, 10, 8, 1,10.7076
1, 25, 6, 7, 2, 32, 22, 30, 33, 26, 12, 11, 27, 21, 5, 10, 8, 14, 16, 20, 4, 18, 19, 31, 15, 34, 3, 28, 13, 17, 9, 24, 29, 23, 1,11.5779
1, 25, 6, 7, 2, 32, 22, 30, 33, 26, 12, 11, 27, 21, 5, 10, 8, 14, 16, 20, 4, 18, 19, 31, 15, 34, 3, 28, 13, 17, 9, 24, 29, 23, 1,11.5779
1, 25, 6, 7, 2, 32, 22, 30, 33, 26, 12, 11, 10, 23, 29, 24, 13, 17, 9, 28, 3, 34, 19, 31, 15, 18, 4, 20, 16, 14, 8, 5, 21, 27, 1,10.1127
1, 25, 6, 7, 2, 32, 22, 30, 33, 26, 12, 11, 10, 23, 29, 24, 13, 17, 9, 28, 3, 34, 19, 31, 15, 18, 4, 20, 16, 14, 27, 21, 5, 8, 1,9.79821
1, 25, 6, 7, 2, 32, 22, 30, 33, 26, 12, 11, 10, 23, 29, 24, 13, 17, 9, 28, 3, 34, 19, 31, 15, 18, 4, 20, 16, 14, 27, 21, 5, 8, 1,9.79821
1, 21, 25, 6, 7, 2, 32, 22, 30, 33, 26, 12, 11, 10, 23, 29, 24, 13, 17, 9, 28, 3, 34, 19, 31, 15, 18, 4, 20, 16, 14, 27, 5, 8, 1,8.64701
1, 21, 25, 6, 7, 2, 32, 22, 30, 33, 26, 12, 11, 10, 23, 29, 24, 13, 17, 9, 28, 3, 34, 19, 31, 15, 18, 4, 20, 16, 14, 27, 5, 8, 1,8.64701
1, 21, 25, 6, 7, 2, 32, 22, 30, 33, 26, 12, 11, 10, 23, 29, 24, 13, 17, 9, 28, 3, 34, 19, 31, 15, 18, 4, 20, 16, 14, 27, 5, 8, 1,8.64701
1, 21, 25, 6, 7, 2, 32, 22, 30, 33, 26, 12, 11, 10, 23, 29, 24, 13, 17, 9, 28, 3, 34, 19, 31, 15, 18, 4, 20, 16, 14, 27, 5, 8, 1,8.64701
1, 21, 25, 6, 7, 2, 32, 22, 30, 33, 26, 12, 11, 10, 23, 29, 24, 13, 17, 9, 28, 3, 34, 19, 31, 15, 18, 4, 20, 16, 14, 27, 5, 8, 1,8.64701
1, 14, 16, 20, 4, 18, 15, 31, 19, 34, 3, 28, 13, 17, 9, 24, 29, 23, 25, 10, 7, 21, 11, 6, 2, 32, 22, 30, 33, 26, 27, 5, 8, 12, 1,9.36156
1, 14, 16, 20, 4, 18, 15, 31, 19, 34, 3, 28, 13, 17, 9, 24, 29, 23, 25, 10, 7, 21, 2, 32, 11, 6, 22, 30, 33, 26, 12, 27, 5, 8, 1,9.52584
1, 25, 6, 7, 2, 32, 23, 21, 5, 10, 29, 24, 9, 17, 13, 28, 3, 34, 19, 31, 15, 18, 4, 20, 16, 14, 8, 11, 22, 30, 33, 26, 27, 12, 1,9.81726
1, 14, 16, 20, 4, 18, 15, 31, 19, 34, 3, 28, 13, 17, 9, 24, 29, 7, 2, 32, 22, 30, 33, 26, 12, 27, 10, 23, 25, 6, 21, 5, 8, 11, 1,8.65989
1, 25, 6, 21, 5, 8, 14, 16, 20, 4, 18, 15, 31, 19, 34, 3, 28, 13, 17, 9, 24, 29, 7, 2, 32, 22, 30, 33, 26, 12, 27, 10, 23, 11, 1,10.1784
1, 25, 6, 7, 2, 32, 23, 30, 14, 8, 5, 27, 11, 21, 10, 12, 26, 33, 16, 20, 4, 34, 15, 31, 19, 18, 3, 28, 13, 17, 9, 24, 29, 22, 1,10.1633
1, 25, 6, 7, 2, 32, 23, 21, 5, 8, 14, 30, 33, 26, 12, 10, 11, 27, 16, 20, 4, 34, 15, 31, 19, 18, 3, 28, 13, 17, 9, 24, 29, 22, 1,9.76182
1, 25, 6, 7, 2, 32, 23, 30, 33, 26, 12, 27, 5, 11, 21, 10, 8, 14, 16, 20, 4, 34, 15, 18, 31, 19, 3, 28, 13, 17, 9, 24, 29, 22, 1,9.07621
1, 12, 10, 11, 27, 16, 20, 4, 34, 15, 31, 19, 18, 3, 28, 13, 17, 9, 24, 29, 22, 25, 6, 7, 2, 32, 23, 21, 5, 8, 14, 30, 33, 26, 1,8.81973
1, 10, 21, 11, 27, 5, 8, 14, 30, 23, 32, 2, 7, 22, 25, 6, 29, 24, 9, 17, 13, 28, 3, 18, 34, 31, 15, 19, 4, 20, 16, 33, 26, 12, 1,8.58773
1, 10, 21, 11, 27, 5, 8, 14, 30, 23, 32, 2, 7, 22, 25, 6, 29, 24, 9, 13, 17, 28, 3, 18, 34, 31, 15, 19, 4, 20, 16, 33, 26, 12, 1,8.74834
1, 25, 7, 6, 2, 32, 23, 30, 33, 26, 12, 27, 5, 11, 21, 10, 8, 14, 16, 20, 4, 15, 18, 34, 31, 19, 3, 28, 13, 17, 9, 24, 29, 22, 1,9.30753
1, 10, 21, 11, 25, 7, 6, 29, 9, 24, 17, 13, 28, 3, 18, 34, 31, 15, 19, 4, 20, 16, 33, 26, 27, 14, 8, 5, 12, 30, 23, 32, 2, 22, 1,9.1431
1, 10, 21, 11, 25, 6, 29, 24, 9, 17, 13, 28, 3, 18, 34, 31, 15, 19, 4, 20, 16, 33, 26, 12, 27, 5, 8, 14, 30, 23, 32, 2, 7, 22, 1,8.84712
1, 25, 6, 7, 2, 32, 29, 24, 9, 17, 13, 28, 3, 18, 34, 31, 15, 19, 4, 20, 16, 27, 14, 8, 21, 10, 5, 11, 12, 26, 33, 30, 23, 22, 1,9.85435
1, 25, 6, 7, 2, 32, 29, 24, 9, 17, 13, 28, 3, 18, 34, 31, 15, 19, 4, 20, 16, 27, 14, 8, 21, 10, 5, 11, 12, 26, 33, 30, 23, 22, 1,9.85435
1, 25, 6, 7, 2, 32, 29, 24, 9, 17, 13, 28, 3, 18, 19, 31, 34, 15, 4, 20, 16, 33, 26, 12, 10, 21, 30, 5, 22, 8, 23, 11, 27, 14, 1,8.79939
1, 27, 11, 25, 6, 23, 30, 5, 8, 22, 21, 7, 2, 32, 29, 24, 9, 17, 13, 28, 3, 18, 34, 19, 15, 31, 4, 20, 16, 33, 26, 12, 10, 14, 1,9.21014
1, 14, 8, 21, 10, 5, 11, 12, 26, 33, 30, 23, 22, 2, 7, 6, 25, 32, 29, 24, 13, 9, 17, 28, 3, 19, 31, 34, 18, 15, 4, 20, 16, 27, 1,8.64673
1, 22, 23, 30, 26, 12, 27, 33, 16, 20, 4, 31, 15, 19, 34, 18, 3, 28, 13, 17, 9, 24, 29, 32, 2, 7, 6, 25, 11, 5, 10, 21, 8, 14, 1,8.39296
1, 22, 23, 30, 26, 12, 27, 33, 16, 20, 4, 31, 15, 19, 34, 18, 3, 28, 13, 17, 9, 24, 29, 32, 2, 7, 6, 25, 11, 5, 10, 21, 8, 14, 1,8.39296
1, 22, 23, 30, 26, 12, 27, 33, 16, 20, 4, 31, 15, 19, 34, 18, 3, 28, 13, 17, 9, 24, 29, 32, 2, 7, 6, 25, 11, 5, 10, 21, 8, 14, 1,8.39296
1, 22, 23, 30, 26, 12, 27, 33, 16, 20, 4, 31, 15, 19, 34, 18, 3, 28, 13, 17, 9, 24, 29, 32, 2, 7, 6, 25, 11, 5, 10, 21, 8, 14, 1,8.39296
1, 22, 21, 30, 26, 12, 27, 33, 16, 20, 4, 31, 15, 19, 34, 18, 3, 28, 13, 17, 9, 24, 29, 32, 2, 7, 6, 25, 11, 5, 10, 23, 8, 14, 1,8.22341
1, 14, 26, 33, 16, 20, 4, 31, 15, 19, 34, 18, 3, 28, 13, 17, 9, 24, 29, 32, 2, 7, 6, 25, 8, 21, 10, 5, 11, 12, 30, 23, 22, 27, 1,7.85352
1, 22, 23, 25, 10, 5, 11, 12, 30, 26, 27, 33, 16, 20, 4, 31, 15, 19, 34, 18, 3, 28, 13, 17, 9, 24, 29, 32, 2, 6, 7, 21, 8, 14, 1,7.41276
1, 22, 23, 25, 10, 2, 32, 29, 24, 9, 17, 13, 28, 3, 18, 34, 19, 15, 31, 4, 20, 16, 33, 27, 26, 30, 12, 11, 5, 6, 7, 21, 8, 14, 1,8.35393
1, 11, 25, 6, 7, 32, 29, 24, 9, 17, 13, 28, 3, 18, 34, 19, 15, 31, 4, 20, 16, 33, 27, 12, 26, 30, 21, 23, 10, 5, 22, 2, 8, 14, 1,8.59666
1, 5, 11, 10, 8, 25, 6, 23, 22, 7, 2, 21, 27, 30, 26, 33, 32, 29, 24, 13, 9, 17, 28, 3, 19, 31, 34, 18, 15, 4, 20, 16, 12, 14, 1,8.99545
1, 14, 25, 26, 33, 16, 20, 4, 31, 15, 19, 34, 18, 3, 28, 13, 17, 9, 24, 29, 32, 2, 7, 6, 8, 21, 22, 10, 5, 30, 12, 27, 23, 11, 1,9.34616
1, 30, 26, 12, 14, 7, 32, 29, 24, 13, 9, 17, 28, 3, 18, 34, 19, 15, 31, 4, 20, 16, 33, 5, 10, 2, 11, 25, 23, 6, 8, 22, 21, 27, 1,9.27605
1, 22, 21, 30, 14, 26, 5, 10, 23, 12, 27, 33, 16, 20, 4, 34, 15, 19, 31, 18, 3, 28, 13, 17, 9, 24, 29, 32, 7, 11, 2, 6, 25, 8, 1,9.6801
1, 14, 12, 5, 10, 23, 21, 30, 26, 27, 33, 16, 20, 4, 31, 15, 19, 34, 18, 3, 28, 13, 17, 9, 24, 29, 32, 22, 11, 7, 2, 25, 6, 8, 1,8.36583
1, 22, 21, 30, 14, 26, 5, 10, 23, 12, 27, 33, 16, 20, 4, 34, 15, 19, 31, 18, 3, 28, 13, 17, 9, 24, 29, 32, 7, 25, 2, 6, 8, 11, 1,8.92206
1, 27, 12, 10, 5, 26, 14, 30, 33, 16, 20, 4, 3, 18, 34, 19, 15, 31, 28, 17, 9, 13, 24, 29, 32, 7, 23, 6, 8, 21, 22, 25, 2, 11, 1,8.47914
1, 22, 21, 8, 6, 23, 7, 32, 29, 24, 13, 9, 17, 28, 31, 15, 19, 34, 18, 3, 4, 20, 16, 33, 5, 10, 2, 14, 30, 26, 12, 27, 11, 25, 1,10.5851
1, 22, 21, 30, 26, 12, 27, 33, 16, 14, 20, 4, 15, 18, 34, 31, 19, 3, 28, 13, 17, 9, 24, 29, 2, 10, 5, 25, 32, 7, 23, 6, 8, 11, 1,10.438
1, 22, 21, 30, 26, 12, 27, 33, 16, 14, 20, 4, 15, 18, 34, 31, 19, 3, 28, 13, 17, 9, 24, 29, 2, 10, 5, 25, 32, 7, 23, 6, 8, 11, 1,10.438
1, 33, 16, 20, 4, 15, 18, 34, 31, 19, 3, 28, 13, 17, 9, 24, 29, 32, 8, 5, 10, 11, 6, 23, 7, 2, 22, 21, 30, 26, 12, 27, 14, 25, 1,9.33484
1, 22, 11, 25, 10, 6, 23, 7, 32, 29, 24, 13, 9, 17, 28, 31, 15, 19, 34, 3, 18, 4, 20, 16, 33, 5, 8, 2, 21, 30, 26, 12, 27, 14, 1,9.32619
1, 22, 21, 30, 26, 12, 27, 33, 16, 14, 20, 4, 15, 18, 34, 31, 19, 3, 28, 13, 17, 9, 24, 29, 32, 23, 7, 6, 10, 2, 25, 5, 8, 11, 1,10.2703
1, 14, 25, 33, 16, 20, 4, 15, 18, 34, 31, 19, 3, 28, 13, 17, 9, 24, 29, 32, 8, 5, 10, 2, 7, 23, 11, 6, 22, 21, 12, 27, 30, 26, 1,10.2793
1, 14, 25, 26, 33, 27, 12, 21, 22, 6, 11, 23, 7, 2, 10, 5, 8, 32, 29, 24, 9, 17, 13, 28, 3, 19, 31, 34, 18, 15, 4, 20, 16, 30, 1,10.3604
1, 22, 23, 7, 6, 29, 24, 9, 17, 13, 28, 3, 19, 31, 34, 18, 15, 4, 20, 16, 33, 14, 27, 12, 26, 30, 8, 25, 11, 21, 32, 5, 10, 2, 1,9.55538
1, 22, 21, 30, 26, 12, 27, 33, 16, 14, 20, 4, 15, 18, 34, 3, 19, 31, 28, 13, 17, 9, 24, 29, 32, 25, 8, 2, 7, 23, 6, 11, 10, 5, 1,10.5734
1, 22, 21, 30, 26, 14, 27, 33, 16, 12, 20, 4, 15, 18, 34, 3, 19, 31, 28, 13, 17, 9, 24, 29, 32, 25, 8, 2, 7, 23, 6, 11, 10, 5, 1,10.4908
1, 11, 25, 2, 7, 23, 6, 10, 5, 22, 21, 30, 26, 12, 27, 33, 16, 14, 20, 4, 15, 18, 34, 31, 19, 3, 28, 13, 17, 9, 24, 29, 32, 8, 1,10.2144
1, 22, 21, 30, 26, 14, 27, 12, 33, 16, 20, 4, 15, 18, 34, 3, 19, 31, 28, 13, 17, 9, 24, 29, 32, 25, 8, 2, 7, 23, 6, 11, 10, 5, 1,8.16689
1, 30, 21, 22, 10, 5, 32, 6, 23, 8, 25, 11, 7, 2, 29, 24, 9, 17, 13, 28, 3, 19, 31, 34, 18, 15, 4, 20, 16, 33, 12, 27, 14, 26, 1,8.34692
1, 22, 21, 30, 26, 12, 27, 14, 33, 16, 20, 4, 15, 18, 34, 3, 19, 31, 28, 29, 13, 17, 9, 24, 2, 32, 7, 6, 25, 8, 10, 11, 5, 23, 1,9.32495
1, 22, 21, 30, 26, 12, 27, 33, 14, 16, 20, 4, 15, 18, 34, 3, 19, 31, 28, 13, 17, 9, 24, 29, 32, 25, 8, 2, 7, 23, 6, 11, 10, 5, 1,9.26962
1, 22, 21, 30, 26, 12, 27, 14, 33, 16, 20, 4, 15, 18, 34, 3, 19, 31, 28, 29, 13, 17, 9, 24, 2, 32, 7, 6, 25, 8, 10, 11, 5, 23, 1,9.32495
1, 22, 23, 5, 11, 25, 2, 7, 6, 21, 10, 30, 26, 12, 27, 14, 33, 16, 20, 4, 15, 18, 34, 31, 19, 3, 28, 13, 17, 9, 24, 29, 32, 8, 1,7.76198
1, 22, 23, 5, 11, 25, 2, 7, 6, 21, 10, 30, 26, 12, 27, 14, 33, 16, 20, 4, 15, 18, 34, 31, 19, 3, 28, 13, 17, 9, 24, 29, 32, 8, 1,7.76198
1, 23, 7, 2, 25, 6, 11, 5, 10, 22, 21, 30, 26, 12, 27, 14, 33, 16, 20, 4, 15, 18, 34, 19, 31, 3, 28, 13, 17, 9, 24, 29, 32, 8, 1,7.56051
1, 23, 7, 2, 25, 6, 11, 5, 10, 22, 21, 30, 26, 12, 27, 14, 33, 16, 20, 4, 15, 18, 34, 19, 31, 3, 28, 13, 17, 9, 24, 29, 32, 8, 1,7.56051
1, 11, 6, 25, 2, 7, 23, 5, 10, 22, 21, 30, 26, 12, 27, 14, 33, 16, 20, 4, 15, 18, 34, 31, 19, 3, 28, 13, 17, 9, 24, 29, 32, 8, 1,8.00109
1, 11, 6, 25, 2, 7, 23, 5, 10, 22, 21, 30, 26, 12, 27, 14, 33, 16, 20, 4, 15, 18, 34, 31, 19, 3, 28, 13, 17, 9, 24, 29, 32, 8, 1,8.00109
1, 22, 21, 8, 5, 30, 26, 12, 27, 33, 16, 14, 20, 4, 15, 18, 34, 31, 19, 3, 28, 13, 17, 9, 24, 29, 32, 23, 6, 2, 7, 25, 11, 10, 1,8.72386
1, 5, 7, 6, 8, 32, 29, 24, 9, 17, 13, 28, 3, 31, 19, 34, 18, 15, 4, 20, 14, 16, 33, 27, 12, 26, 30, 10, 21, 2, 22, 23, 25, 11, 1,9.48682
1, 8, 32, 29, 24, 9, 17, 13, 28, 3, 31, 19, 34, 18, 15, 4, 20, 14, 16, 33, 27, 12, 26, 30, 10, 21, 6, 7, 2, 22, 5, 23, 25, 11, 1,9.67907
1, 5, 7, 6, 8, 32, 29, 24, 9, 17, 13, 28, 3, 31, 19, 34, 18, 15, 4, 20, 14, 16, 33, 27, 12, 26, 30, 10, 21, 2, 25, 11, 23, 22, 1,9.80843
1, 5, 7, 6, 8, 32, 29, 24, 9, 17, 13, 28, 3, 31, 19, 34, 18, 15, 4, 20, 14, 16, 33, 27, 12, 26, 30, 10, 21, 2, 25, 11, 23, 22, 1,9.80843
1, 5, 7, 6, 2, 8, 32, 29, 24, 9, 17, 13, 28, 3, 31, 19, 34, 18, 15, 4, 20, 14, 16, 33, 27, 12, 26, 30, 10, 21, 25, 11, 23, 22, 1,9.49575
1, 5, 7, 6, 2, 23, 22, 11, 8, 32, 29, 24, 9, 17, 13, 28, 3, 19, 31, 34, 18, 15, 4, 20, 14, 16, 33, 27, 12, 26, 30, 10, 21, 25, 1,9.93638
1, 5, 22, 23, 11, 7, 6, 2, 25, 21, 10, 30, 26, 12, 27, 33, 16, 14, 20, 4, 15, 18, 34, 19, 31, 3, 28, 13, 29, 24, 9, 17, 32, 8, 1,9.29315
1, 5, 22, 23, 11, 7, 6, 2, 25, 21, 10, 30, 26, 12, 27, 33, 16, 14, 20, 4, 15, 18, 34, 19, 31, 3, 28, 13, 29, 24, 9, 17, 32, 8, 1,9.29315
1, 5, 22, 23, 11, 7, 6, 2, 25, 21, 10, 30, 26, 12, 27, 33, 16, 14, 20, 4, 15, 18, 34, 19, 31, 3, 28, 13, 29, 24, 9, 17, 32, 8, 1,9.29315
1, 5, 22, 23, 11, 7, 6, 2, 25, 21, 10, 30, 26, 12, 27, 33, 16, 14, 20, 4, 15, 18, 34, 19, 31, 3, 28, 13, 29, 24, 9, 17, 32, 8, 1,9.29315
1, 5, 8, 32, 17, 9, 24, 29, 13, 28, 3, 31, 19, 34, 18, 15, 4, 20, 14, 16, 33, 27, 12, 26, 30, 10, 21, 25, 2, 6, 7, 11, 23, 22, 1,9.30188
1, 5, 8, 32, 17, 9, 24, 29, 13, 28, 3, 31, 19, 34, 18, 15, 4, 20, 14, 16, 33, 27, 12, 26, 30, 10, 21, 25, 2, 6, 7, 11, 23, 22, 1,9.30188
1, 5, 7, 6, 2, 8, 21, 10, 23, 22, 25, 32, 29, 24, 9, 17, 13, 28, 3, 19, 31, 34, 18, 15, 4, 20, 14, 16, 33, 27, 12, 26, 30, 11, 1,8.90653
1, 5, 22, 23, 11, 7, 6, 2, 8, 21, 10, 30, 26, 12, 27, 33, 16, 14, 20, 4, 15, 18, 34, 19, 31, 3, 28, 13, 17, 9, 24, 29, 32, 25, 1,9.20503
1, 5, 7, 6, 2, 8, 21, 10, 23, 22, 11, 30, 26, 12, 27, 33, 16, 14, 20, 4, 15, 18, 34, 31, 19, 3, 28, 13, 17, 9, 24, 29, 32, 25, 1,9.42394
1, 5, 7, 6, 2, 8, 21, 10, 23, 22, 11, 30, 26, 12, 27, 33, 16, 14, 20, 4, 15, 18, 34, 31, 19, 3, 28, 13, 17, 9, 24, 29, 32, 25, 1,9.42394
1, 5, 7, 6, 2, 8, 21, 10, 23, 22, 11, 30, 26, 12, 27, 33, 16, 14, 20, 4, 15, 18, 34, 19, 31, 3, 28, 13, 17, 9, 24, 29, 32, 25, 1,8.91537
1, 5, 7, 6, 2, 8, 21, 10, 23, 22, 11, 30, 26, 12, 27, 33, 16, 14, 20, 4, 15, 18, 34, 19, 31, 3, 28, 13, 17, 9, 24, 29, 32, 25, 1,8.91537
1, 5, 7, 6, 2, 8, 21, 10, 23, 22, 11, 30, 26, 12, 27, 33, 16, 14, 20, 4, 15, 18, 34, 19, 31, 3, 28, 13, 17, 9, 24, 29, 32, 25, 1,8.91537
1, 5, 7, 6, 2, 8, 21, 10, 23, 22, 11, 30, 26, 12, 27, 33, 16, 14, 20, 4, 15, 18, 34, 19, 31, 3, 28, 13, 17, 9, 24, 29, 32, 25, 1,8.91537
1, 5, 7, 6, 2, 8, 21, 10, 23, 22, 11, 26, 12, 14, 30, 27, 33, 16, 20, 4, 15, 18, 34, 19, 31, 3, 28, 13, 17, 9, 24, 29, 32, 25, 1,7.04717
1, 5, 30, 26, 27, 12, 14, 33, 16, 20, 4, 15, 18, 34, 19, 31, 3, 28, 13, 17, 9, 24, 29, 32, 25, 6, 7, 11, 22, 23, 10, 2, 8, 21, 1,5.66735
1, 5, 30, 26, 27, 12, 14, 33, 16, 20, 4, 15, 18, 34, 19, 31, 3, 28, 13, 17, 9, 24, 29, 32, 25, 6, 7, 11, 22, 23, 10, 2, 8, 21, 1,5.66735
1, 5, 7, 6, 2, 22, 23, 11, 21, 10, 8, 30, 26, 27, 12, 14, 33, 16, 20, 4, 15, 18, 34, 19, 31, 3, 28, 13, 17, 9, 24, 29, 32, 25, 1,7.04977
1, 5, 7, 6, 2, 8, 21, 10, 23, 22, 11, 30, 26, 27, 12, 14, 33, 16, 20, 4, 15, 18, 34, 19, 31, 3, 28, 13, 17, 9, 24, 29, 32, 25, 1,6.61921
1, 5, 7, 6, 2, 8, 21, 10, 23, 22, 11, 30, 26, 27, 12, 14, 33, 16, 20, 4, 15, 18, 34, 19, 31, 3, 28, 13, 17, 9, 24, 29, 32, 25, 1,6.61921
1, 5, 7, 6, 2, 25, 32, 29, 24, 9, 17, 13, 28, 3, 31, 19, 34, 18, 15, 4, 20, 16, 33, 27, 30, 14, 12, 26, 11, 10, 23, 22, 21, 8, 1,6.68193
1, 8, 21, 10, 23, 22, 11, 30, 26, 27, 5, 7, 6, 2, 25, 32, 29, 24, 9, 17, 13, 28, 3, 31, 19, 34, 18, 15, 4, 20, 16, 33, 14, 12, 1,6.35206
1, 8, 21, 10, 23, 22, 11, 30, 26, 27, 5, 7, 6, 2, 25, 32, 29, 24, 9, 17, 13, 28, 3, 31, 19, 34, 18, 15, 4, 20, 16, 33, 14, 12, 1,6.35206
1, 30, 26, 27, 12, 14, 33, 16, 20, 4, 15, 19, 34, 18, 31, 3, 28, 13, 17, 9, 24, 29, 32, 8, 25, 21, 5, 7, 6, 2, 10, 22, 23, 11, 1,6.24809
1, 5, 26, 12, 30, 14, 27, 22, 7, 6, 2, 21, 10, 23, 8, 11, 33, 16, 20, 4, 15, 18, 34, 19, 31, 3, 28, 13, 17, 9, 24, 29, 32, 25, 1,7.27341
1, 5, 26, 12, 30, 14, 27, 22, 7, 6, 2, 21, 10, 23, 8, 11, 33, 16, 20, 4, 15, 18, 34, 19, 31, 3, 28, 13, 17, 9, 24, 29, 32, 25, 1,7.27341
1, 5, 26, 12, 30, 14, 27, 22, 7, 6, 2, 21, 10, 23, 8, 11, 33, 16, 20, 4, 15, 18, 34, 19, 31, 3, 28, 13, 17, 9, 24, 29, 32, 25, 1,7.27341
1, 5, 7, 6, 21, 8, 2, 10, 22, 23, 11, 27, 26, 30, 12, 25, 32, 29, 24, 9, 17, 13, 28, 3, 31, 19, 34, 18, 15, 4, 20, 16, 33, 14, 1,6.99952
1, 5, 7, 6, 21, 8, 2, 10, 22, 23, 11, 30, 26, 27, 25, 32, 29, 24, 9, 17, 13, 28, 3, 31, 19, 34, 18, 15, 4, 20, 16, 33, 14, 12, 1,7.32098
1, 30, 26, 27, 12, 33, 16, 14, 20, 4, 15, 18, 34, 19, 31, 3, 28, 13, 17, 9, 24, 29, 32, 25, 8, 21, 10, 23, 22, 11, 5, 7, 6, 2, 1,8.65447
1, 30, 26, 27, 12, 5, 33, 16, 14, 20, 4, 15, 18, 34, 19, 31, 3, 28, 13, 17, 9, 24, 29, 32, 25, 8, 21, 10, 23, 22, 11, 7, 6, 2, 1,8.60629
1, 5, 26, 12, 30, 14, 27, 22, 23, 7, 6, 21, 8, 10, 2, 11, 25, 32, 29, 24, 9, 17, 13, 28, 3, 31, 19, 34, 18, 15, 4, 20, 16, 33, 1,6.43621
1, 5, 7, 6, 21, 8, 2, 10, 22, 23, 25, 32, 29, 24, 9, 17, 13, 28, 3, 31, 19, 34, 18, 15, 4, 20, 14, 16, 33, 12, 27, 11, 30, 26, 1,9.02871
1, 5, 25, 23, 22, 10, 2, 8, 21, 6, 7, 32, 29, 24, 9, 17, 13, 28, 3, 31, 19, 34, 18, 15, 4, 20, 14, 16, 33, 12, 27, 11, 30, 26, 1,8.51043
1, 5, 7, 6, 21, 8, 2, 10, 22, 23, 11, 25, 32, 29, 24, 9, 17, 13, 28, 3, 31, 19, 34, 18, 15, 4, 20, 14, 16, 33, 30, 27, 26, 12, 1,7.93371
1, 5, 7, 6, 21, 8, 2, 10, 22, 23, 25, 32, 29, 24, 9, 17, 13, 28, 3, 31, 19, 34, 18, 15, 4, 20, 14, 11, 30, 26, 16, 33, 27, 12, 1,8.43932
1, 5, 25, 27, 26, 30, 11, 23, 22, 10, 2, 21, 8, 6, 7, 32, 29, 24, 9, 17, 13, 28, 3, 31, 19, 34, 18, 15, 4, 20, 16, 33, 12, 14, 1,6.76126
1, 5, 25, 27, 26, 30, 11, 23, 22, 10, 2, 21, 8, 6, 7, 32, 29, 24, 9, 17, 13, 28, 3, 31, 19, 34, 18, 15, 4, 20, 16, 33, 12, 14, 1,6.76126
1, 5, 25, 27, 26, 30, 11, 23, 22, 10, 2, 21, 8, 6, 7, 32, 29, 24, 9, 17, 13, 28, 3, 31, 19, 34, 18, 15, 4, 20, 16, 33, 12, 14, 1,6.76126
1, 5, 7, 6, 21, 8, 32, 10, 22, 23, 11, 25, 2, 29, 24, 9, 17, 13, 28, 3, 31, 19, 34, 18, 15, 4, 20, 14, 16, 33, 27, 26, 30, 12, 1,8.31433
1, 5, 25, 27, 26, 30, 11, 23, 22, 10, 2, 21, 8, 6, 7, 32, 29, 24, 9, 17, 13, 28, 3, 31, 19, 34, 18, 15, 4, 20, 12, 33, 16, 14, 1,8.99627
1, 5, 25, 27, 26, 30, 11, 10, 23, 22, 21, 8, 2, 7, 6, 32, 29, 24, 9, 17, 13, 28, 3, 31, 19, 34, 18, 15, 4, 20, 12, 33, 16, 14, 1,8.486
1, 5, 25, 27, 26, 30, 11, 23, 22, 10, 2, 21, 8, 6, 7, 32, 29, 24, 9, 17, 13, 28, 3, 31, 19, 18, 34, 15, 4, 20, 33, 12, 14, 16, 1,8.92435
1, 5, 7, 6, 21, 8, 2, 10, 22, 23, 25, 32, 29, 24, 9, 17, 13, 28, 3, 31, 19, 34, 18, 15, 4, 20, 27, 26, 30, 14, 16, 33, 12, 11, 1,8.61403
1, 5, 11, 27, 26, 33, 20, 4, 15, 34, 18, 19, 31, 3, 28, 13, 17, 9, 24, 29, 32, 7, 6, 8, 21, 2, 10, 22, 23, 25, 30, 12, 14, 16, 1,8.39599
1, 5, 11, 27, 26, 33, 20, 4, 15, 34, 18, 19, 31, 3, 28, 13, 17, 9, 24, 29, 32, 7, 6, 8, 21, 2, 10, 22, 23, 25, 30, 12, 14, 16, 1,8.39599
1, 5, 11, 27, 26, 33, 20, 4, 15, 34, 18, 19, 31, 3, 28, 13, 17, 9, 24, 29, 32, 7, 6, 8, 21, 2, 10, 22, 23, 25, 30, 12, 14, 16, 1,8.39599
1, 5, 10, 7, 6, 21, 8, 2, 22, 23, 25, 32, 29, 24, 9, 17, 13, 28, 3, 31, 19, 34, 18, 15, 4, 20, 30, 26, 27, 11, 14, 16, 33, 12, 1,7.39202
1, 5, 10, 7, 6, 21, 8, 2, 22, 23, 25, 32, 29, 24, 9, 17, 13, 28, 3, 31, 19, 34, 18, 15, 4, 20, 30, 26, 27, 11, 14, 16, 33, 12, 1,7.39202
1, 5, 7, 6, 21, 10, 8, 2, 22, 23, 25, 32, 29, 24, 9, 17, 13, 28, 3, 31, 19, 34, 18, 15, 4, 20, 30, 26, 27, 11, 14, 16, 33, 12, 1,7.79636
1, 5, 25, 27, 26, 33, 20, 4, 15, 34, 18, 19, 31, 3, 28, 13, 17, 9, 24, 29, 32, 7, 6, 10, 8, 21, 2, 22, 23, 11, 30, 12, 14, 16, 1,8.68836
1, 5, 25, 27, 26, 33, 20, 4, 15, 34, 18, 19, 31, 3, 28, 13, 17, 9, 24, 29, 32, 7, 6, 10, 8, 21, 2, 22, 23, 11, 30, 12, 14, 16, 1,8.68836
1, 5, 7, 6, 21, 8, 2, 11, 14, 16, 10, 22, 23, 25, 32, 29, 24, 9, 17, 13, 28, 3, 31, 19, 34, 18, 15, 4, 20, 33, 26, 30, 12, 27, 1,9.20634
1, 5, 7, 6, 21, 8, 2, 11, 14, 16, 10, 22, 23, 25, 32, 29, 24, 9, 17, 13, 28, 3, 31, 19, 34, 18, 15, 4, 20, 33, 26, 30, 12, 27, 1,9.20634
1, 5, 7, 6, 21, 8, 2, 10, 23, 16, 33, 12, 27, 14, 11, 22, 25, 32, 29, 24, 9, 17, 13, 28, 3, 31, 19, 34, 18, 4, 15, 20, 26, 30, 1,9.812
1, 5, 7, 6, 21, 8, 2, 11, 14, 26, 16, 23, 10, 22, 25, 32, 29, 24, 17, 9, 13, 28, 3, 31, 19, 34, 18, 15, 4, 20, 33, 30, 12, 27, 1,8.90147
1, 5, 7, 6, 21, 8, 2, 11, 14, 16, 26, 33, 30, 12, 20, 15, 4, 18, 34, 19, 31, 3, 28, 13, 17, 9, 24, 29, 32, 25, 22, 10, 23, 27, 1,9.30158
1, 5, 23, 25, 32, 29, 24, 9, 17, 13, 28, 3, 31, 19, 34, 18, 15, 4, 20, 33, 12, 27, 30, 26, 14, 16, 22, 2, 8, 21, 6, 7, 10, 11, 1,9.03958
1, 5, 30, 26, 27, 12, 14, 11, 2, 8, 21, 10, 22, 16, 33, 20, 4, 15, 18, 34, 19, 31, 3, 28, 13, 17, 9, 24, 29, 32, 6, 7, 25, 23, 1,8.57527
1, 16, 26, 14, 11, 2, 8, 21, 6, 10, 5, 23, 22, 7, 25, 32, 29, 24, 9, 17, 13, 28, 3, 31, 19, 34, 18, 4, 15, 20, 33, 12, 30, 27, 1,8.66413
1, 16, 26, 14, 11, 2, 8, 21, 6, 10, 5, 23, 22, 7, 25, 32, 29, 24, 9, 17, 13, 28, 3, 31, 19, 15, 18, 4, 34, 20, 33, 12, 30, 27, 1,7.73937
1, 16, 26, 27, 11, 2, 8, 21, 6, 10, 5, 23, 22, 7, 25, 32, 29, 24, 9, 17, 13, 28, 3, 31, 19, 15, 18, 4, 34, 20, 33, 12, 30, 14, 1,7.66695
1, 16, 26, 27, 11, 2, 8, 21, 6, 10, 5, 23, 22, 7, 25, 32, 29, 24, 9, 17, 13, 28, 3, 31, 19, 15, 18, 4, 34, 20, 33, 12, 30, 14, 1,7.66695
1, 16, 26, 27, 11, 2, 8, 21, 6, 10, 5, 23, 22, 7, 25, 32, 29, 24, 9, 17, 13, 28, 3, 31, 19, 15, 18, 4, 34, 20, 33, 12, 30, 14, 1,7.66695
1, 16, 26, 27, 11, 2, 8, 21, 22, 10, 5, 7, 6, 23, 25, 32, 29, 24, 9, 17, 13, 28, 3, 31, 19, 15, 18, 4, 34, 20, 33, 12, 30, 14, 1,7.59301
1, 27, 30, 16, 26, 14, 11, 2, 8, 21, 6, 10, 5, 7, 22, 23, 25, 32, 29, 24, 9, 17, 13, 28, 3, 31, 19, 34, 18, 4, 15, 20, 33, 12, 1,8.20828
1, 30, 12, 33, 16, 26, 27, 14, 11, 2, 8, 21, 6, 10, 5, 23, 22, 7, 25, 32, 29, 24, 9, 17, 13, 28, 3, 31, 19, 34, 18, 4, 15, 20, 1,9.34386
1, 16, 12, 33, 20, 15, 4, 18, 34, 19, 31, 3, 28, 13, 17, 9, 24, 29, 32, 25, 7, 22, 23, 5, 10, 6, 21, 8, 2, 11, 14, 27, 30, 26, 1,9.28542
1, 16, 12, 33, 20, 15, 4, 18, 34, 19, 31, 3, 28, 13, 17, 9, 24, 29, 32, 25, 7, 22, 23, 5, 10, 6, 21, 8, 2, 11, 14, 27, 26, 30, 1,9.26656
1, 16, 12, 33, 20, 15, 4, 18, 34, 19, 31, 3, 28, 13, 17, 9, 24, 29, 32, 25, 7, 22, 23, 5, 10, 6, 21, 8, 2, 11, 14, 27, 26, 30, 1,9.26656
1, 16, 12, 33, 20, 15, 4, 18, 34, 19, 31, 3, 28, 13, 17, 9, 24, 29, 32, 25, 7, 22, 23, 5, 10, 6, 21, 8, 2, 11, 14, 27, 26, 30, 1,9.26656
1, 16, 12, 33, 20, 15, 4, 18, 34, 19, 31, 3, 28, 13, 17, 9, 24, 29, 32, 25, 7, 22, 23, 5, 10, 6, 21, 8, 2, 11, 14, 27, 26, 30, 1,9.26656
1, 16, 12, 33, 20, 15, 4, 18, 34, 19, 31, 3, 28, 13, 17, 9, 24, 29, 32, 25, 7, 22, 23, 5, 21, 10, 6, 8, 2, 11, 14, 30, 26, 27, 1,9.12302
1, 16, 12, 33, 20, 15, 4, 18, 34, 19, 31, 3, 28, 13, 17, 9, 24, 29, 32, 25, 7, 22, 23, 5, 21, 10, 6, 8, 2, 11, 14, 30, 26, 27, 1,9.12302
1, 12, 33, 20, 15, 4, 18, 34, 19, 31, 3, 28, 13, 17, 9, 24, 29, 32, 23, 22, 7, 25, 5, 10, 6, 21, 8, 2, 11, 27, 30, 26, 16, 14, 1,8.10545
1, 16, 12, 33, 20, 4, 15, 18, 34, 19, 31, 3, 28, 13, 17, 9, 24, 29, 32, 25, 7, 22, 23, 5, 10, 6, 21, 8, 2, 11, 14, 30, 26, 27, 1,8.60893
1, 16, 12, 33, 20, 15, 4, 18, 34, 19, 31, 3, 28, 13, 17, 9, 24, 29, 32, 25, 7, 22, 23, 5, 21, 10, 6, 8, 2, 11, 14, 30, 26, 27, 1,9.12302
1, 16, 12, 33, 20, 15, 4, 18, 34, 19, 31, 3, 28, 13, 17, 9, 24, 29, 32, 25, 7, 22, 23, 5, 21, 10, 6, 8, 2, 11, 14, 30, 26, 27, 1,9.12302
1, 16, 12, 33, 20, 15, 4, 18, 34, 19, 31, 3, 28, 13, 17, 9, 24, 29, 32, 25, 7, 22, 23, 5, 21, 10, 6, 8, 2, 11, 14, 30, 26, 27, 1,9.12302
1, 12, 30, 16, 33, 26, 27, 14, 21, 2, 8, 5, 23, 11, 6, 10, 22, 7, 25, 32, 29, 24, 9, 17, 13, 3, 28, 31, 19, 34, 18, 4, 15, 20, 1,9.63523
1, 12, 2, 8, 6, 10, 21, 5, 23, 22, 7, 25, 32, 29, 24, 9, 17, 13, 3, 28, 31, 19, 34, 18, 4, 15, 20, 16, 33, 11, 27, 14, 26, 30, 1,9.62216
1, 25, 32, 8, 2, 10, 21, 5, 23, 22, 7, 11, 14, 27, 26, 33, 12, 30, 16, 20, 15, 19, 18, 34, 4, 31, 28, 3, 13, 9, 24, 17, 29, 6, 1,9.25782
1, 2, 32, 29, 24, 9, 17, 13, 3, 28, 31, 19, 34, 18, 4, 15, 20, 16, 27, 12, 33, 30, 26, 14, 21, 8, 5, 23, 11, 6, 10, 22, 7, 25, 1,9.6608
1, 2, 32, 29, 24, 9, 17, 13, 3, 28, 31, 19, 34, 18, 4, 15, 20, 16, 27, 12, 33, 30, 26, 14, 21, 8, 5, 23, 11, 6, 10, 22, 7, 25, 1,9.6608
1, 2, 32, 29, 24, 9, 17, 13, 3, 28, 31, 19, 34, 18, 4, 15, 20, 16, 27, 12, 33, 30, 26, 14, 21, 8, 5, 23, 11, 6, 10, 22, 7, 25, 1,9.6608
1, 12, 30, 26, 14, 21, 8, 5, 23, 11, 6, 10, 22, 7, 2, 25, 32, 29, 24, 9, 17, 13, 3, 28, 19, 31, 34, 18, 4, 15, 20, 33, 16, 27, 1,8.78871
1, 12, 30, 26, 14, 21, 8, 5, 23, 11, 6, 10, 22, 7, 2, 25, 32, 29, 24, 9, 17, 13, 3, 28, 19, 31, 34, 18, 4, 15, 20, 16, 27, 33, 1,9.27069
1, 2, 8, 21, 14, 26, 30, 33, 12, 27, 16, 20, 15, 4, 18, 34, 19, 31, 28, 3, 13, 17, 9, 24, 29, 32, 23, 10, 6, 7, 22, 5, 11, 25, 1,9.29339
1, 27, 16, 20, 15, 4, 18, 34, 19, 31, 3, 28, 13, 17, 9, 24, 29, 32, 2, 25, 7, 22, 10, 6, 11, 23, 5, 8, 21, 14, 26, 30, 33, 12, 1,7.60244
1, 33, 12, 27, 16, 20, 15, 4, 18, 34, 19, 31, 3, 28, 13, 17, 9, 24, 29, 32, 2, 25, 7, 22, 10, 6, 11, 23, 5, 8, 21, 14, 26, 30, 1,8.3623
1, 30, 33, 12, 27, 16, 20, 15, 4, 18, 34, 19, 31, 28, 3, 13, 9, 17, 24, 29, 32, 23, 7, 2, 8, 21, 14, 5, 11, 6, 22, 10, 25, 26, 1,9.48727
1, 30, 33, 12, 27, 25, 5, 11, 6, 10, 21, 8, 2, 22, 7, 23, 32, 29, 24, 9, 17, 13, 3, 28, 31, 19, 34, 18, 4, 15, 20, 16, 14, 26, 1,8.63125
1, 30, 33, 12, 27, 25, 5, 11, 6, 10, 21, 8, 2, 22, 7, 23, 32, 29, 24, 9, 17, 13, 3, 28, 31, 19, 34, 18, 4, 15, 20, 16, 14, 26, 1,8.63125
1, 30, 33, 12, 27, 25, 5, 11, 6, 10, 21, 8, 2, 22, 7, 23, 32, 29, 24, 9, 17, 13, 3, 28, 31, 19, 34, 18, 4, 15, 20, 16, 14, 26, 1,8.63125
1, 30, 33, 12, 27, 25, 23, 8, 21, 14, 26, 5, 11, 6, 10, 2, 22, 7, 32, 29, 24, 9, 17, 13, 3, 28, 31, 19, 34, 18, 4, 15, 20, 16, 1,9.20168
1, 23, 8, 21, 14, 27, 5, 33, 30, 26, 16, 20, 34, 18, 4, 15, 19, 31, 28, 3, 13, 17, 9, 24, 29, 32, 25, 11, 6, 10, 22, 2, 7, 12, 1,8.34075
1, 23, 8, 21, 14, 27, 5, 33, 30, 26, 16, 20, 34, 18, 4, 15, 19, 31, 28, 3, 13, 17, 9, 24, 29, 32, 25, 11, 6, 10, 22, 2, 7, 12, 1,8.34075
1, 23, 8, 21, 7, 5, 11, 27, 26, 30, 33, 12, 14, 16, 20, 15, 4, 18, 34, 19, 31, 28, 3, 13, 17, 9, 24, 29, 32, 2, 25, 6, 22, 10, 1,8.08303
1, 23, 8, 21, 14, 26, 30, 33, 12, 27, 16, 20, 15, 4, 18, 34, 19, 31, 28, 3, 13, 17, 9, 24, 29, 32, 7, 2, 22, 10, 6, 11, 25, 5, 1,8.14335
1, 23, 8, 21, 14, 26, 30, 33, 12, 27, 16, 20, 15, 4, 18, 34, 19, 31, 28, 3, 13, 17, 9, 24, 29, 32, 7, 2, 22, 10, 6, 11, 25, 5, 1,8.14335
1, 23, 8, 21, 14, 26, 30, 33, 12, 27, 16, 20, 15, 4, 18, 34, 19, 31, 28, 3, 13, 17, 9, 24, 29, 32, 7, 2, 22, 5, 11, 6, 10, 25, 1,8.71209
1, 23, 22, 21, 14, 26, 30, 33, 12, 27, 16, 20, 15, 4, 18, 34, 19, 31, 28, 3, 13, 17, 9, 24, 29, 32, 7, 2, 8, 5, 11, 6, 10, 25, 1,8.69217
1, 23, 22, 21, 14, 26, 30, 33, 12, 27, 16, 20, 15, 4, 18, 34, 19, 31, 28, 3, 13, 17, 9, 24, 29, 32, 7, 2, 8, 5, 11, 6, 10, 25, 1,8.69217
1, 23, 22, 21, 14, 26, 30, 33, 12, 27, 16, 20, 15, 4, 18, 34, 19, 31, 28, 3, 13, 17, 9, 24, 29, 32, 7, 8, 10, 6, 2, 25, 11, 5, 1,7.32573
1, 23, 8, 7, 21, 14, 26, 30, 33, 12, 27, 5, 16, 20, 15, 4, 18, 34, 19, 31, 28, 3, 13, 17, 9, 24, 29, 32, 2, 22, 10, 6, 25, 11, 1,8.23916
1, 23, 8, 7, 21, 14, 26, 30, 33, 12, 27, 5, 16, 20, 15, 4, 18, 34, 19, 31, 28, 3, 13, 17, 9, 24, 29, 32, 2, 22, 10, 6, 25, 11, 1,8.23916
1, 30, 26, 14, 21, 23, 11, 10, 22, 25, 32, 2, 6, 24, 7, 8, 29, 9, 17, 13, 3, 28, 31, 19, 15, 4, 18, 34, 20, 16, 33, 12, 27, 5, 1,7.97391
1, 23, 8, 7, 21, 22, 14, 26, 30, 33, 12, 27, 16, 20, 15, 4, 18, 34, 19, 31, 28, 3, 13, 17, 9, 24, 29, 32, 10, 6, 2, 5, 25, 11, 1,9.34483
1, 25, 6, 10, 29, 24, 9, 17, 13, 3, 28, 31, 4, 18, 34, 19, 15, 20, 16, 12, 22, 5, 33, 30, 26, 14, 21, 23, 8, 32, 2, 7, 11, 27, 1,10.8123
1, 27, 30, 12, 14, 21, 23, 11, 10, 22, 25, 32, 2, 6, 24, 7, 8, 5, 29, 9, 17, 13, 3, 28, 31, 19, 34, 18, 4, 15, 20, 16, 33, 26, 1,10.003
1, 23, 8, 27, 5, 16, 34, 15, 4, 20, 18, 19, 31, 28, 3, 13, 17, 9, 24, 2, 32, 29, 7, 22, 11, 21, 6, 25, 10, 14, 26, 30, 33, 12, 1,9.7777
1, 23, 8, 27, 5, 16, 34, 15, 4, 20, 18, 19, 31, 28, 3, 13, 17, 9, 24, 2, 32, 7, 29, 22, 11, 21, 6, 25, 10, 14, 26, 30, 33, 12, 1,10.4842
1, 5, 16, 34, 15, 4, 20, 18, 19, 31, 28, 3, 13, 17, 9, 24, 7, 32, 2, 29, 22, 11, 21, 6, 25, 23, 8, 10, 14, 26, 30, 33, 12, 27, 1,9.12773
1, 5, 16, 34, 15, 4, 20, 18, 19, 31, 28, 3, 13, 17, 9, 24, 7, 32, 2, 29, 22, 11, 21, 6, 25, 23, 8, 10, 14, 26, 30, 33, 12, 27, 1,9.12773
1, 27, 12, 33, 30, 14, 26, 8, 23, 10, 25, 6, 21, 11, 22, 29, 2, 32, 7, 24, 9, 17, 13, 3, 28, 31, 19, 18, 20, 4, 15, 34, 16, 5, 1,9.98375
1, 23, 8, 14, 10, 25, 6, 21, 11, 22, 29, 2, 32, 7, 24, 9, 17, 13, 3, 28, 31, 19, 18, 20, 4, 15, 34, 16, 5, 27, 26, 30, 33, 12, 1,10.7502
1, 30, 27, 25, 23, 6, 5, 16, 34, 15, 18, 20, 4, 19, 31, 28, 3, 13, 17, 9, 24, 29, 32, 2, 11, 22, 7, 10, 21, 8, 14, 26, 33, 12, 1,9.79923
1, 22, 11, 23, 8, 21, 6, 25, 10, 30, 26, 14, 12, 33, 27, 5, 16, 34, 15, 4, 20, 18, 19, 31, 28, 3, 13, 17, 9, 24, 29, 32, 2, 7, 1,9.63106
1, 27, 25, 23, 22, 11, 8, 21, 6, 10, 30, 26, 14, 12, 33, 5, 16, 34, 15, 4, 20, 18, 19, 31, 28, 3, 13, 17, 9, 24, 29, 32, 2, 7, 1,10.3042
1, 23, 10, 8, 25, 6, 21, 11, 22, 29, 2, 32, 7, 24, 9, 17, 13, 3, 28, 31, 19, 18, 20, 4, 15, 34, 16, 5, 26, 27, 14, 30, 33, 12, 1,9.73711
1, 23, 10, 25, 6, 21, 11, 27, 26, 5, 16, 34, 15, 4, 20, 18, 19, 31, 28, 3, 13, 17, 9, 24, 7, 32, 2, 29, 22, 8, 12, 30, 33, 14, 1,10.8612
1, 23, 7, 27, 12, 33, 26, 14, 10, 8, 25, 21, 11, 22, 29, 2, 32, 6, 24, 17, 9, 13, 3, 28, 31, 19, 18, 20, 4, 15, 34, 16, 5, 30, 1,11.1171
1, 21, 11, 22, 29, 2, 32, 7, 24, 9, 17, 13, 3, 28, 31, 19, 34, 15, 4, 20, 18, 16, 5, 27, 30, 26, 12, 33, 14, 10, 6, 25, 23, 8, 1,10.9284
1, 23, 8, 14, 10, 25, 6, 21, 11, 22, 29, 2, 32, 7, 24, 9, 17, 13, 3, 28, 31, 19, 18, 20, 4, 15, 34, 16, 33, 27, 5, 30, 26, 12, 1,9.89055
1, 23, 7, 27, 30, 16, 34, 15, 4, 20, 18, 19, 31, 28, 3, 13, 17, 9, 24, 32, 2, 29, 22, 6, 11, 21, 25, 8, 10, 14, 26, 33, 12, 5, 1,10.4075
1, 23, 2, 29, 7, 27, 12, 33, 26, 14, 10, 8, 25, 21, 11, 22, 32, 6, 24, 17, 9, 13, 3, 28, 31, 19, 18, 34, 15, 4, 20, 16, 5, 30, 1,10.1975
1, 23, 7, 27, 12, 33, 26, 14, 10, 8, 25, 21, 11, 22, 29, 2, 32, 6, 24, 17, 9, 13, 3, 28, 31, 19, 18, 20, 4, 15, 34, 16, 30, 5, 1,9.82521
1, 23, 7, 27, 12, 33, 26, 14, 10, 8, 25, 21, 11, 22, 29, 2, 32, 6, 24, 17, 9, 13, 3, 28, 31, 19, 18, 20, 4, 15, 34, 16, 30, 5, 1,9.82521
1, 23, 8, 14, 10, 25, 22, 11, 21, 32, 29, 2, 6, 7, 24, 9, 17, 13, 3, 28, 31, 19, 18, 20, 4, 15, 34, 16, 5, 27, 12, 33, 26, 30, 1,9.82063
1, 23, 8, 14, 10, 25, 22, 11, 21, 32, 29, 2, 6, 7, 24, 9, 17, 13, 3, 28, 31, 19, 18, 20, 4, 15, 34, 16, 5, 27, 12, 33, 26, 30, 1,9.82063
1, 23, 7, 27, 12, 33, 26, 14, 10, 8, 25, 21, 11, 22, 29, 2, 32, 6, 24, 17, 9, 13, 3, 28, 31, 19, 18, 20, 4, 15, 34, 16, 30, 5, 1,9.82521
1, 23, 7, 27, 12, 33, 26, 14, 10, 8, 25, 21, 11, 22, 29, 2, 32, 6, 24, 17, 9, 13, 3, 28, 31, 19, 18, 20, 4, 15, 34, 16, 30, 5, 1,9.82521
1, 23, 7, 27, 16, 34, 15, 4, 20, 18, 19, 31, 28, 3, 13, 9, 17, 24, 32, 2, 6, 29, 22, 11, 21, 25, 8, 10, 14, 26, 33, 30, 5, 12, 1,10.2049
1, 23, 7, 27, 16, 34, 15, 4, 20, 18, 19, 31, 28, 3, 13, 9, 17, 24, 32, 2, 6, 29, 22, 11, 21, 25, 8, 10, 14, 26, 33, 30, 5, 12, 1,10.2049
1, 23, 7, 27, 12, 5, 30, 33, 26, 14, 10, 8, 25, 21, 11, 22, 29, 2, 32, 6, 24, 17, 9, 13, 3, 28, 31, 19, 18, 15, 34, 4, 20, 16, 1,9.64651
1, 23, 7, 27, 12, 5, 30, 33, 26, 14, 10, 8, 25, 21, 11, 22, 29, 2, 32, 6, 24, 17, 9, 13, 3, 28, 31, 19, 18, 20, 4, 15, 34, 16, 1,10.5057
1, 23, 7, 27, 12, 5, 33, 30, 26, 14, 10, 8, 25, 21, 11, 22, 29, 2, 32, 6, 24, 17, 9, 13, 3, 28, 31, 19, 18, 34, 15, 4, 20, 16, 1,10.2091
1, 8, 7, 27, 12, 5, 33, 30, 26, 14, 10, 23, 25, 21, 11, 22, 29, 2, 32, 6, 24, 17, 9, 13, 3, 28, 31, 19, 18, 34, 15, 4, 20, 16, 1,10.1109
1, 23, 7, 27, 12, 5, 30, 33, 26, 14, 10, 8, 25, 21, 11, 22, 29, 2, 6, 32, 24, 17, 9, 13, 3, 28, 31, 19, 18, 20, 4, 15, 34, 16, 1,10.385
1, 2, 32, 6, 24, 17, 9, 13, 3, 28, 31, 19, 18, 34, 15, 4, 20, 16, 27, 12, 5, 33, 30, 26, 14, 10, 23, 25, 21, 11, 22, 29, 7, 8, 1,9.94483
1, 2, 23, 32, 6, 24, 17, 9, 13, 3, 28, 31, 19, 18, 34, 15, 4, 20, 16, 27, 12, 5, 33, 30, 26, 14, 10, 25, 21, 11, 22, 29, 7, 8, 1,10.2788
1, 16, 34, 15, 4, 20, 18, 19, 31, 28, 3, 13, 9, 17, 24, 6, 32, 2, 29, 22, 23, 7, 27, 12, 5, 30, 33, 26, 14, 10, 8, 25, 21, 11, 1,10.0392
1, 16, 34, 15, 4, 20, 18, 19, 31, 28, 3, 13, 9, 17, 24, 6, 32, 2, 29, 22, 23, 7, 27, 12, 5, 30, 33, 26, 14, 10, 8, 25, 21, 11, 1,10.0392
1, 23, 7, 27, 12, 5, 30, 33, 26, 14, 10, 8, 25, 21, 11, 22, 29, 6, 2, 32, 24, 17, 9, 13, 3, 28, 31, 19, 18, 20, 4, 15, 34, 16, 1,10.3626
1, 16, 34, 15, 4, 20, 18, 19, 31, 28, 3, 13, 9, 17, 24, 6, 32, 29, 2, 22, 23, 7, 27, 12, 5, 30, 33, 26, 14, 10, 8, 25, 21, 11, 1,9.41271
1, 23, 7, 27, 12, 5, 30, 33, 26, 14, 10, 8, 25, 21, 11, 22, 32, 6, 2, 29, 24, 17, 9, 13, 3, 28, 31, 19, 18, 20, 4, 15, 34, 16, 1,8.87155
1, 23, 7, 27, 12, 5, 30, 33, 26, 14, 10, 8, 25, 21, 11, 22, 32, 6, 2, 29, 24, 17, 9, 13, 3, 28, 31, 19, 18, 34, 15, 4, 20, 16, 1,8.22553
1, 23, 7, 27, 12, 5, 30, 33, 26, 14, 10, 8, 25, 21, 11, 22, 29, 6, 2, 32, 24, 17, 9, 13, 3, 28, 31, 19, 15, 18, 34, 4, 20, 16, 1,9.19884
1, 23, 7, 11, 21, 25, 8, 10, 14, 26, 33, 30, 5, 12, 27, 22, 29, 6, 2, 32, 24, 17, 9, 13, 3, 28, 31, 19, 18, 34, 15, 4, 20, 16, 1,9.39734
1, 23, 7, 27, 12, 5, 14, 26, 33, 30, 16, 20, 4, 15, 34, 18, 19, 31, 28, 3, 13, 9, 17, 24, 32, 2, 6, 29, 22, 11, 21, 25, 8, 10, 1,8.29769
1, 23, 7, 27, 12, 5, 14, 26, 33, 30, 16, 20, 4, 15, 34, 18, 19, 31, 28, 3, 13, 9, 17, 24, 32, 2, 6, 29, 22, 11, 21, 25, 8, 10, 1,8.29769
1, 23, 7, 27, 12, 5, 14, 26, 33, 30, 16, 20, 4, 15, 34, 18, 19, 31, 28, 3, 13, 9, 17, 24, 32, 2, 6, 29, 22, 11, 21, 25, 8, 10, 1,8.29769
1, 23, 7, 10, 27, 16, 20, 4, 15, 34, 18, 19, 31, 28, 3, 13, 9, 17, 24, 32, 2, 6, 29, 22, 11, 21, 25, 8, 14, 26, 33, 30, 5, 12, 1,9.01931
1, 23, 7, 10, 27, 16, 20, 4, 15, 34, 18, 19, 31, 28, 3, 13, 9, 17, 24, 32, 2, 6, 29, 22, 11, 21, 25, 8, 14, 26, 33, 30, 5, 12, 1,9.01931
1, 23, 7, 27, 12, 5, 14, 26, 33, 30, 16, 34, 15, 4, 20, 18, 19, 31, 28, 3, 13, 9, 17, 24, 32, 10, 8, 25, 22, 29, 6, 2, 21, 11, 1,9.125
1, 23, 7, 25, 21, 27, 12, 16, 34, 15, 4, 20, 18, 19, 31, 28, 3, 13, 9, 17, 24, 32, 2, 6, 29, 11, 22, 8, 10, 5, 30, 33, 26, 14, 1,9.21636
1, 23, 7, 25, 11, 29, 6, 2, 32, 24, 17, 9, 13, 3, 28, 31, 19, 18, 20, 4, 15, 34, 16, 12, 27, 21, 22, 8, 10, 5, 30, 33, 26, 14, 1,9.26879
1, 21, 14, 12, 16, 34, 15, 4, 20, 18, 19, 31, 28, 3, 13, 9, 17, 24, 32, 2, 6, 29, 11, 22, 8, 10, 23, 7, 25, 5, 30, 33, 26, 27, 1,9.44996
1, 23, 7, 25, 21, 27, 12, 16, 34, 15, 4, 20, 18, 19, 31, 28, 3, 13, 9, 17, 24, 29, 6, 11, 8, 5, 30, 33, 26, 14, 10, 22, 2, 32, 1,9.78623
1, 30, 16, 34, 15, 4, 20, 18, 19, 31, 28, 3, 13, 9, 17, 24, 25, 21, 32, 29, 6, 10, 8, 11, 22, 2, 23, 7, 27, 12, 5, 14, 26, 33, 1,9.33334
1, 30, 26, 16, 34, 15, 4, 20, 18, 19, 31, 28, 3, 13, 9, 17, 24, 25, 21, 32, 29, 6, 10, 8, 11, 22, 2, 23, 7, 27, 12, 5, 14, 33, 1,9.37553
1, 14, 26, 33, 30, 16, 34, 15, 4, 20, 18, 19, 31, 28, 3, 13, 9, 17, 24, 25, 21, 11, 22, 29, 6, 2, 32, 10, 8, 23, 7, 27, 12, 5, 1,8.76111
1, 10, 11, 32, 29, 22, 24, 17, 9, 13, 3, 28, 31, 19, 18, 20, 4, 15, 34, 16, 30, 33, 26, 14, 5, 12, 27, 21, 25, 7, 23, 2, 6, 8, 1,9.89822
1, 10, 11, 32, 29, 22, 24, 17, 9, 13, 3, 28, 31, 19, 18, 20, 4, 15, 34, 16, 30, 33, 26, 14, 5, 12, 27, 21, 23, 7, 6, 2, 25, 8, 1,9.58888
1, 10, 11, 32, 27, 12, 21, 23, 7, 29, 24, 17, 9, 13, 3, 28, 31, 19, 18, 20, 4, 15, 34, 16, 30, 33, 26, 14, 5, 22, 25, 2, 6, 8, 1,9.41059
1, 12, 5, 14, 26, 33, 30, 16, 34, 15, 4, 20, 18, 19, 31, 28, 3, 13, 9, 17, 24, 32, 23, 7, 11, 8, 10, 2, 6, 25, 21, 29, 22, 27, 1,8.78588
1, 12, 5, 14, 26, 33, 30, 16, 34, 15, 4, 20, 18, 19, 31, 28, 3, 13, 9, 17, 24, 32, 23, 7, 11, 8, 27, 25, 21, 22, 29, 6, 2, 10, 1,9.21856
1, 12, 5, 14, 26, 33, 30, 16, 34, 15, 4, 20, 18, 19, 31, 28, 3, 13, 9, 17, 24, 32, 23, 10, 27, 11, 7, 25, 21, 8, 22, 29, 6, 2, 1,9.20339
1, 23, 7, 10, 27, 12, 5, 14, 26, 33, 30, 16, 34, 15, 4, 20, 18, 19, 31, 28, 3, 13, 9, 17, 24, 25, 21, 11, 22, 32, 29, 2, 6, 8, 1,8.837
1, 23, 7, 10, 27, 12, 5, 14, 26, 33, 30, 16, 34, 15, 4, 20, 18, 19, 31, 28, 3, 13, 9, 17, 24, 25, 21, 11, 22, 32, 29, 2, 6, 8, 1,8.837
1, 5, 12, 27, 10, 7, 8, 23, 6, 2, 29, 32, 22, 11, 21, 25, 24, 17, 9, 13, 3, 28, 31, 19, 18, 20, 4, 15, 34, 16, 30, 33, 26, 14, 1,7.64593
1, 23, 21, 7, 27, 12, 5, 14, 26, 33, 30, 16, 34, 15, 4, 20, 18, 19, 31, 28, 3, 13, 9, 17, 24, 25, 10, 11, 22, 32, 29, 6, 2, 8, 1,9.38318
1, 5, 12, 27, 25, 8, 7, 2, 23, 29, 6, 22, 21, 11, 10, 32, 24, 17, 9, 13, 3, 28, 31, 19, 18, 20, 4, 15, 34, 16, 30, 33, 26, 14, 1,7.85751
1, 23, 7, 10, 14, 12, 27, 5, 26, 33, 30, 16, 34, 15, 4, 20, 18, 19, 31, 28, 3, 13, 9, 17, 24, 25, 21, 11, 22, 6, 29, 32, 2, 8, 1,9.07056
1, 23, 7, 10, 5, 27, 12, 14, 26, 33, 30, 16, 18, 15, 4, 20, 34, 19, 31, 28, 3, 13, 9, 17, 24, 25, 21, 11, 22, 6, 29, 32, 2, 8, 1,8.38392
1, 23, 7, 10, 5, 27, 12, 14, 26, 33, 30, 16, 18, 15, 4, 20, 34, 19, 31, 28, 3, 13, 9, 17, 24, 25, 21, 11, 22, 6, 29, 32, 2, 8, 1,8.38392
1, 23, 7, 10, 5, 27, 12, 14, 26, 33, 30, 16, 18, 15, 4, 20, 34, 19, 31, 28, 3, 13, 9, 17, 24, 25, 21, 11, 22, 6, 29, 32, 2, 8, 1,8.38392
1, 23, 29, 6, 22, 21, 11, 10, 7, 32, 25, 8, 2, 24, 17, 9, 13, 3, 28, 31, 19, 18, 20, 4, 15, 34, 16, 30, 33, 26, 14, 5, 12, 27, 1,7.80074
1, 23, 29, 6, 22, 21, 11, 10, 7, 32, 25, 8, 2, 24, 17, 9, 13, 3, 28, 31, 19, 18, 20, 4, 15, 34, 16, 30, 33, 26, 14, 5, 12, 27, 1,7.80074
1, 23, 7, 10, 5, 27, 12, 14, 26, 33, 30, 16, 18, 15, 4, 20, 34, 19, 31, 28, 3, 13, 9, 17, 24, 32, 29, 6, 21, 25, 22, 2, 8, 11, 1,7.56262
1, 23, 29, 6, 22, 21, 11, 10, 7, 32, 25, 8, 2, 24, 17, 9, 13, 3, 28, 31, 19, 18, 20, 4, 15, 34, 16, 30, 33, 26, 27, 12, 14, 5, 1,7.76084
1, 26, 33, 30, 16, 18, 15, 4, 20, 34, 19, 31, 28, 3, 13, 9, 29, 6, 24, 17, 32, 11, 21, 8, 23, 7, 25, 2, 22, 10, 5, 27, 12, 14, 1,7.52957
1, 23, 7, 10, 5, 27, 12, 14, 26, 33, 30, 16, 18, 15, 4, 20, 34, 19, 31, 28, 3, 13, 17, 9, 24, 29, 32, 21, 22, 6, 2, 11, 25, 8, 1,7.34062
1, 23, 7, 10, 5, 27, 12, 14, 26, 33, 30, 16, 18, 15, 4, 20, 34, 19, 31, 28, 3, 13, 17, 9, 24, 29, 32, 21, 22, 6, 2, 11, 25, 8, 1,7.34062
1, 23, 7, 10, 5, 27, 12, 14, 26, 33, 30, 16, 18, 15, 4, 20, 34, 19, 31, 28, 3, 13, 17, 9, 24, 29, 32, 21, 22, 6, 2, 11, 25, 8, 1,7.34062
1, 23, 7, 10, 5, 27, 12, 14, 26, 33, 30, 16, 18, 15, 4, 20, 34, 19, 31, 28, 3, 13, 17, 9, 24, 29, 32, 21, 22, 6, 25, 8, 2, 11, 1,7.31097
1, 21, 32, 29, 24, 9, 17, 13, 3, 28, 31, 19, 34, 20, 4, 15, 18, 16, 30, 33, 26, 14, 12, 27, 5, 10, 7, 6, 25, 23, 22, 8, 2, 11, 1,6.87799
1, 23, 7, 10, 5, 27, 12, 14, 26, 33, 30, 16, 18, 15, 4, 20, 34, 19, 31, 28, 3, 13, 9, 17, 24, 29, 32, 21, 22, 6, 2, 11, 25, 8, 1,7.1421
1, 23, 7, 10, 5, 27, 12, 14, 26, 33, 30, 16, 18, 15, 4, 20, 34, 19, 31, 28, 3, 13, 9, 17, 24, 29, 32, 21, 11, 8, 22, 6, 2, 25, 1,6.94758
1, 23, 7, 10, 5, 27, 12, 14, 26, 33, 30, 16, 18, 15, 4, 20, 34, 19, 31, 28, 3, 13, 9, 17, 24, 29, 32, 21, 2, 22, 6, 11, 8, 25, 1,7.6996
1, 23, 7, 10, 5, 27, 12, 14, 26, 33, 30, 16, 18, 15, 4, 20, 34, 19, 31, 28, 3, 13, 9, 17, 24, 29, 32, 21, 2, 22, 6, 11, 8, 25, 1,7.6996
1, 30, 16, 18, 15, 4, 20, 34, 19, 31, 28, 3, 13, 17, 9, 24, 29, 32, 22, 8, 2, 21, 11, 23, 7, 10, 6, 25, 5, 27, 12, 14, 26, 33, 1,7.30638
1, 11, 8, 2, 23, 21, 7, 10, 5, 27, 12, 14, 26, 33, 30, 16, 18, 15, 4, 20, 34, 19, 31, 28, 3, 13, 17, 9, 24, 29, 32, 22, 6, 25, 1,7.10571
1, 23, 7, 10, 5, 27, 12, 14, 26, 33, 30, 16, 18, 15, 4, 20, 34, 19, 31, 28, 3, 13, 17, 9, 24, 29, 32, 22, 8, 2, 11, 21, 6, 25, 1,7.80406
1, 23, 7, 10, 5, 27, 12, 14, 26, 33, 30, 16, 18, 15, 4, 20, 34, 19, 31, 28, 3, 13, 17, 9, 24, 29, 32, 22, 8, 2, 11, 21, 6, 25, 1,7.80406
1, 23, 7, 10, 5, 27, 12, 14, 26, 33, 30, 16, 18, 15, 4, 20, 34, 19, 31, 28, 3, 13, 17, 9, 24, 2, 8, 22, 11, 21, 32, 29, 6, 25, 1,8.41638
1, 11, 21, 8, 32, 17, 24, 29, 9, 13, 3, 28, 31, 19, 34, 20, 4, 15, 18, 16, 30, 33, 26, 14, 12, 27, 5, 7, 23, 10, 22, 6, 25, 2, 1,7.95292
1, 11, 21, 8, 32, 17, 24, 29, 9, 13, 3, 28, 31, 19, 34, 20, 4, 15, 18, 16, 30, 33, 26, 14, 12, 27, 5, 7, 6, 22, 10, 23, 2, 25, 1,7.34092
1, 11, 21, 8, 32, 17, 24, 29, 9, 13, 3, 28, 31, 19, 34, 20, 4, 15, 18, 16, 30, 33, 26, 14, 12, 27, 5, 7, 6, 22, 10, 23, 2, 25, 1,7.34092
1, 11, 25, 22, 10, 23, 21, 8, 32, 17, 24, 29, 9, 13, 3, 28, 31, 19, 34, 20, 4, 15, 18, 16, 30, 33, 26, 14, 12, 27, 5, 7, 6, 2, 1,7.55763
1, 11, 21, 8, 32, 17, 24, 29, 9, 13, 3, 28, 31, 19, 15, 20, 4, 34, 18, 16, 30, 33, 26, 14, 12, 27, 5, 25, 23, 10, 22, 6, 7, 2, 1,7.13825
1, 11, 21, 8, 32, 17, 24, 29, 9, 13, 3, 28, 31, 19, 34, 20, 4, 15, 18, 16, 30, 12, 26, 14, 33, 27, 5, 25, 6, 22, 2, 7, 23, 10, 1,7.80723
1, 12, 30, 16, 18, 15, 4, 20, 34, 19, 31, 28, 3, 13, 9, 29, 24, 17, 32, 8, 21, 11, 22, 10, 7, 23, 25, 2, 6, 5, 27, 33, 14, 26, 1,7.69699
1, 11, 21, 10, 7, 23, 25, 2, 6, 5, 27, 12, 14, 26, 33, 30, 16, 18, 15, 4, 20, 34, 19, 31, 28, 29, 13, 9, 3, 24, 17, 32, 8, 22, 1,8.41569
1, 8, 21, 6, 11, 32, 17, 24, 29, 9, 13, 3, 28, 31, 19, 34, 20, 4, 15, 18, 16, 30, 33, 26, 14, 12, 27, 5, 7, 23, 10, 22, 25, 2, 1,8.8099
1, 8, 21, 6, 11, 32, 17, 24, 29, 9, 13, 3, 28, 31, 19, 34, 20, 4, 15, 18, 16, 30, 33, 26, 14, 12, 27, 5, 22, 7, 23, 10, 25, 2, 1,8.42561
1, 30, 33, 26, 14, 12, 27, 5, 22, 7, 23, 10, 25, 2, 8, 21, 6, 11, 32, 17, 24, 29, 9, 13, 3, 28, 31, 19, 34, 20, 4, 15, 18, 16, 1,7.98852
1, 5, 2, 17, 24, 29, 9, 13, 3, 28, 31, 19, 34, 20, 4, 15, 18, 26, 30, 33, 16, 14, 12, 27, 11, 21, 6, 10, 7, 8, 23, 22, 32, 25, 1,9.42107
1, 26, 33, 14, 8, 10, 7, 32, 17, 24, 29, 9, 13, 3, 28, 31, 19, 34, 20, 4, 15, 18, 16, 30, 12, 27, 5, 22, 2, 11, 21, 6, 23, 25, 1,8.3545
1, 26, 33, 14, 8, 10, 7, 32, 17, 24, 29, 9, 13, 3, 28, 31, 19, 34, 20, 4, 15, 18, 16, 30, 12, 27, 5, 22, 2, 11, 21, 6, 25, 23, 1,8.26859
1, 25, 7, 10, 14, 16, 33, 30, 26, 18, 15, 4, 20, 34, 19, 31, 28, 3, 13, 9, 29, 24, 17, 32, 8, 23, 22, 6, 21, 2, 11, 27, 12, 5, 1,9.56175
1, 23, 25, 11, 2, 5, 27, 30, 16, 18, 15, 4, 20, 34, 19, 31, 28, 3, 13, 9, 29, 24, 17, 32, 7, 10, 14, 33, 26, 12, 21, 6, 22, 8, 1,10.1193
1, 7, 2, 11, 25, 23, 21, 6, 10, 22, 8, 32, 17, 24, 29, 9, 13, 3, 28, 31, 19, 34, 20, 4, 15, 18, 26, 30, 33, 16, 14, 5, 27, 12, 1,8.62009
1, 12, 27, 11, 2, 5, 21, 8, 25, 7, 10, 22, 6, 23, 32, 17, 24, 29, 9, 13, 3, 28, 31, 19, 34, 20, 4, 15, 18, 26, 30, 33, 16, 14, 1,8.98449
1, 12, 6, 21, 32, 17, 24, 29, 9, 13, 3, 28, 31, 19, 34, 20, 4, 15, 18, 16, 30, 27, 5, 2, 8, 22, 11, 23, 7, 10, 25, 14, 33, 26, 1,10.3902
1, 12, 6, 7, 23, 11, 22, 8, 2, 10, 14, 33, 26, 5, 27, 30, 16, 18, 15, 4, 20, 34, 19, 31, 28, 3, 13, 9, 29, 24, 17, 32, 21, 25, 1,9.8192
1, 12, 27, 5, 26, 30, 33, 16, 18, 15, 20, 4, 34, 19, 31, 28, 13, 9, 3, 29, 24, 17, 32, 25, 8, 22, 21, 6, 11, 23, 7, 10, 2, 14, 1,9.07347
1, 21, 6, 22, 8, 25, 11, 2, 5, 10, 23, 27, 14, 33, 26, 12, 30, 16, 18, 15, 4, 20, 34, 31, 19, 28, 3, 13, 9, 29, 24, 17, 32, 7, 1,10.4075
1, 12, 6, 7, 21, 22, 2, 32, 17, 24, 29, 9, 13, 3, 28, 31, 19, 34, 20, 4, 15, 18, 16, 30, 27, 5, 11, 25, 23, 10, 14, 33, 26, 8, 1,10.2012
1, 12, 6, 7, 21, 10, 23, 25, 11, 5, 27, 30, 16, 18, 15, 4, 20, 34, 19, 31, 28, 3, 13, 9, 29, 24, 17, 32, 2, 22, 14, 33, 26, 8, 1,10.2523
1, 12, 27, 11, 21, 6, 2, 8, 25, 22, 5, 10, 23, 14, 33, 26, 30, 16, 18, 15, 4, 20, 34, 31, 19, 28, 3, 13, 9, 29, 24, 17, 32, 7, 1,9.09839
1, 12, 27, 11, 21, 6, 2, 8, 25, 22, 5, 10, 23, 14, 33, 26, 30, 16, 18, 15, 4, 20, 34, 31, 19, 28, 9, 13, 3, 29, 24, 17, 7, 32, 1,10.5985
1, 12, 6, 7, 22, 2, 32, 17, 24, 29, 9, 13, 3, 28, 19, 31, 34, 20, 4, 15, 18, 16, 30, 26, 33, 14, 23, 10, 5, 25, 8, 21, 11, 27, 1,9.72642
1, 12, 6, 7, 22, 2, 32, 17, 24, 29, 9, 13, 3, 28, 19, 31, 34, 20, 4, 15, 18, 16, 30, 26, 33, 14, 23, 10, 5, 25, 8, 21, 11, 27, 1,9.72642
1, 12, 6, 7, 22, 2, 32, 17, 24, 29, 9, 13, 3, 28, 19, 31, 34, 20, 4, 15, 18, 16, 30, 26, 33, 14, 23, 10, 5, 25, 8, 21, 11, 27, 1,9.72642
1, 12, 11, 2, 6, 8, 25, 7, 29, 17, 24, 32, 10, 14, 5, 26, 30, 33, 16, 18, 15, 4, 20, 34, 19, 31, 28, 3, 13, 9, 23, 22, 21, 27, 1,10.6316
1, 12, 27, 11, 7, 17, 24, 29, 13, 9, 3, 4, 31, 19, 34, 20, 28, 15, 18, 16, 30, 26, 33, 14, 23, 10, 5, 22, 2, 21, 6, 25, 32, 8, 1,12.4327
1, 12, 27, 5, 26, 30, 33, 16, 14, 11, 18, 15, 20, 4, 34, 19, 31, 28, 9, 13, 3, 29, 24, 17, 2, 10, 25, 32, 8, 6, 21, 22, 7, 23, 1,12.127
1, 12, 30, 27, 7, 2, 29, 17, 24, 32, 10, 14, 16, 33, 18, 15, 31, 19, 34, 20, 4, 28, 3, 9, 13, 23, 8, 22, 6, 21, 25, 11, 5, 26, 1,12.5211
1, 12, 30, 27, 7, 2, 29, 17, 24, 32, 10, 14, 16, 33, 18, 15, 31, 19, 34, 20, 4, 28, 3, 9, 13, 23, 8, 22, 6, 21, 25, 11, 5, 26, 1,12.5211
1, 5, 21, 6, 22, 2, 11, 25, 12, 27, 26, 30, 18, 15, 20, 4, 34, 19, 31, 28, 9, 13, 3, 29, 24, 17, 32, 8, 10, 7, 23, 14, 16, 33, 1,12.2133
1, 5, 21, 6, 22, 2, 11, 25, 12, 27, 26, 30, 18, 15, 20, 4, 34, 19, 31, 28, 9, 13, 3, 29, 24, 17, 32, 8, 10, 7, 23, 14, 16, 33, 1,12.2133
1, 5, 21, 6, 22, 2, 11, 25, 12, 27, 26, 30, 18, 15, 20, 4, 34, 19, 31, 28, 9, 13, 3, 29, 24, 17, 32, 8, 10, 7, 23, 14, 16, 33, 1,12.2133
1, 5, 21, 6, 22, 2, 11, 25, 12, 27, 26, 30, 18, 15, 20, 4, 34, 19, 31, 28, 9, 13, 3, 29, 24, 17, 32, 8, 10, 7, 23, 14, 16, 33, 1,12.2133
1, 5, 21, 6, 22, 2, 23, 25, 12, 27, 26, 30, 18, 15, 20, 4, 34, 19, 31, 28, 9, 13, 3, 29, 24, 17, 32, 8, 10, 7, 11, 14, 16, 33, 1,11.5258
1, 12, 27, 5, 26, 30, 18, 15, 20, 4, 34, 19, 31, 28, 9, 13, 3, 29, 24, 17, 2, 11, 25, 32, 8, 21, 6, 22, 10, 7, 23, 14, 16, 33, 1,11.2456
1, 12, 27, 5, 26, 30, 18, 15, 20, 4, 34, 19, 31, 28, 9, 13, 3, 29, 24, 17, 2, 11, 25, 32, 8, 21, 6, 22, 10, 7, 23, 14, 16, 33, 1,11.2456
1, 14, 12, 27, 5, 16, 33, 26, 30, 18, 15, 20, 4, 34, 19, 31, 28, 9, 13, 3, 29, 24, 17, 2, 11, 25, 32, 8, 21, 6, 22, 10, 7, 23, 1,10.3622
1, 14, 12, 27, 5, 16, 33, 26, 30, 18, 15, 20, 4, 34, 19, 31, 28, 9, 13, 3, 29, 24, 17, 2, 11, 25, 32, 8, 21, 6, 22, 10, 7, 23, 1,10.3622
1, 14, 12, 27, 5, 16, 33, 26, 30, 18, 15, 20, 4, 34, 19, 31, 28, 9, 13, 3, 29, 24, 17, 2, 11, 25, 32, 8, 6, 7, 10, 23, 22, 21, 1,9.98317
1, 14, 12, 27, 5, 16, 33, 26, 30, 18, 15, 20, 4, 34, 19, 31, 28, 9, 13, 3, 29, 24, 17, 2, 11, 25, 32, 8, 6, 7, 10, 23, 22, 21, 1,9.98317
1, 5, 12, 14, 27, 16, 33, 26, 30, 18, 15, 20, 4, 34, 19, 31, 28, 9, 13, 3, 29, 24, 17, 2, 11, 25, 32, 8, 6, 7, 10, 23, 22, 21, 1,9.59248
1, 5, 12, 14, 27, 16, 33, 26, 30, 18, 15, 20, 4, 34, 19, 31, 28, 9, 13, 3, 29, 24, 17, 2, 11, 25, 32, 8, 6, 7, 10, 23, 22, 21, 1,9.59248
1, 5, 12, 14, 27, 16, 33, 26, 30, 18, 15, 20, 4, 34, 19, 31, 28, 9, 13, 3, 29, 24, 17, 2, 11, 25, 32, 8, 6, 7, 10, 23, 22, 21, 1,9.59248
1, 5, 12, 14, 27, 16, 33, 26, 30, 18, 15, 20, 4, 34, 19, 31, 28, 9, 13, 3, 29, 24, 17, 2, 11, 25, 10, 23, 22, 7, 32, 8, 6, 21, 1,9.66503
1, 8, 32, 25, 6, 7, 10, 23, 22, 21, 5, 12, 14, 27, 16, 33, 26, 30, 18, 15, 20, 4, 34, 19, 31, 28, 9, 13, 3, 29, 24, 17, 2, 11, 1,9.87998
1, 8, 32, 25, 6, 7, 10, 23, 22, 21, 5, 12, 14, 27, 16, 33, 26, 30, 18, 15, 20, 4, 34, 19, 31, 28, 9, 13, 3, 29, 24, 17, 2, 11, 1,9.87998
1, 8, 32, 25, 6, 7, 10, 23, 22, 21, 5, 12, 14, 27, 16, 33, 26, 30, 18, 15, 20, 4, 34, 19, 31, 28, 9, 13, 3, 29, 24, 17, 2, 11, 1,9.87998
1, 5, 12, 27, 26, 14, 33, 30, 16, 18, 15, 20, 4, 34, 19, 31, 28, 9, 13, 3, 29, 24, 17, 2, 11, 25, 32, 8, 6, 10, 21, 22, 7, 23, 1,8.97703
1, 5, 12, 27, 26, 14, 33, 30, 16, 18, 15, 20, 4, 34, 19, 31, 28, 9, 13, 3, 29, 24, 17, 2, 11, 25, 32, 8, 6, 10, 21, 22, 7, 23, 1,8.97703
1, 5, 12, 27, 26, 33, 30, 14, 16, 18, 15, 20, 4, 34, 19, 31, 28, 9, 13, 3, 29, 24, 17, 2, 11, 25, 32, 8, 6, 23, 22, 7, 10, 21, 1,8.88781
1, 5, 12, 27, 26, 14, 33, 30, 16, 18, 15, 20, 4, 34, 19, 31, 28, 9, 13, 3, 29, 24, 17, 8, 32, 25, 6, 7, 10, 23, 22, 21, 2, 11, 1,9.09138
1, 5, 12, 27, 26, 14, 16, 33, 30, 18, 15, 20, 4, 34, 19, 31, 28, 9, 13, 3, 29, 24, 17, 2, 8, 11, 25, 32, 6, 23, 22, 7, 10, 21, 1,9.39835
1, 5, 12, 27, 26, 14, 16, 33, 30, 18, 15, 20, 4, 34, 19, 31, 28, 9, 13, 3, 29, 24, 17, 2, 8, 11, 25, 32, 6, 23, 22, 7, 21, 10, 1,9.37884
1, 5, 12, 27, 26, 14, 16, 33, 30, 18, 15, 20, 4, 34, 19, 31, 28, 9, 13, 3, 29, 24, 17, 2, 8, 11, 25, 32, 6, 23, 22, 7, 21, 10, 1,9.37884
1, 5, 12, 27, 26, 14, 16, 33, 30, 18, 15, 20, 4, 34, 19, 31, 28, 9, 13, 3, 29, 24, 17, 2, 8, 11, 25, 32, 6, 23, 22, 7, 21, 10, 1,9.37884
1, 5, 12, 27, 26, 14, 16, 33, 30, 18, 15, 20, 4, 34, 19, 31, 28, 9, 13, 3, 29, 24, 17, 2, 8, 11, 25, 32, 6, 23, 22, 7, 21, 10, 1,9.37884
1, 12, 27, 5, 26, 33, 16, 14, 30, 20, 15, 18, 4, 34, 19, 31, 28, 9, 13, 3, 29, 24, 17, 2, 8, 11, 25, 32, 22, 23, 6, 7, 10, 21, 1,8.78826
1, 5, 12, 27, 26, 33, 16, 14, 30, 18, 15, 20, 4, 34, 19, 31, 28, 9, 13, 3, 29, 24, 17, 2, 8, 11, 25, 32, 6, 23, 22, 7, 10, 21, 1,9.28937
1, 5, 12, 27, 26, 14, 16, 33, 30, 4, 15, 18, 20, 34, 19, 31, 28, 9, 29, 13, 3, 24, 17, 2, 8, 11, 25, 32, 6, 23, 21, 10, 7, 22, 1,9.02386
1, 5, 12, 27, 26, 14, 16, 33, 30, 4, 15, 18, 20, 34, 19, 31, 28, 9, 29, 13, 3, 24, 17, 2, 8, 11, 25, 32, 6, 23, 21, 10, 7, 22, 1,9.02386
1, 5, 12, 27, 26, 14, 30, 33, 16, 18, 15, 20, 4, 34, 19, 31, 28, 9, 13, 3, 29, 24, 17, 2, 8, 11, 25, 32, 6, 23, 7, 22, 10, 21, 1,7.54317
1, 5, 12, 27, 26, 14, 30, 33, 16, 18, 15, 20, 4, 34, 19, 31, 28, 9, 13, 3, 29, 24, 17, 2, 8, 11, 25, 32, 6, 23, 7, 22, 10, 21, 1,7.54317
1, 5, 12, 27, 26, 14, 30, 33, 16, 18, 15, 20, 4, 34, 19, 31, 28, 9, 13, 3, 29, 24, 17, 2, 8, 11, 25, 32, 6, 23, 7, 22, 10, 21, 1,7.54317
1, 5, 12, 27, 26, 14, 30, 33, 16, 18, 15, 20, 4, 34, 19, 31, 28, 9, 13, 3, 29, 24, 17, 6, 32, 25, 11, 8, 2, 23, 7, 22, 10, 21, 1,7.49868
1, 5, 12, 27, 26, 14, 30, 33, 16, 4, 15, 20, 18, 34, 19, 31, 28, 9, 13, 3, 29, 24, 17, 6, 32, 25, 11, 8, 2, 23, 7, 22, 10, 21, 1,7.47096
1, 5, 12, 27, 26, 14, 30, 33, 16, 4, 15, 20, 18, 34, 19, 31, 28, 9, 13, 3, 29, 24, 17, 6, 32, 2, 8, 11, 25, 23, 22, 7, 10, 21, 1,7.25585
1, 5, 12, 27, 26, 14, 30, 33, 16, 4, 15, 18, 20, 34, 19, 31, 28, 9, 13, 3, 29, 24, 17, 2, 8, 11, 25, 32, 6, 23, 22, 7, 10, 21, 1,7.20593
1, 5, 12, 27, 14, 26, 30, 33, 16, 18, 15, 20, 4, 34, 19, 31, 28, 9, 13, 3, 29, 24, 17, 2, 8, 10, 11, 22, 23, 6, 32, 25, 7, 21, 1,7.13247
1, 5, 12, 27, 14, 26, 30, 33, 16, 18, 15, 20, 4, 34, 19, 31, 28, 9, 13, 3, 29, 24, 17, 2, 8, 10, 11, 22, 23, 6, 32, 25, 7, 21, 1,7.13247
1, 5, 12, 27, 26, 14, 30, 33, 16, 4, 15, 20, 18, 34, 19, 31, 3, 9, 13, 28, 29, 24, 17, 2, 8, 10, 11, 22, 23, 6, 32, 25, 7, 21, 1,7.08677
1, 5, 12, 27, 26, 14, 30, 33, 16, 4, 15, 20, 18, 34, 19, 31, 3, 9, 13, 28, 29, 24, 17, 2, 8, 10, 11, 22, 23, 6, 32, 25, 7, 21, 1,7.08677
1, 5, 12, 27, 26, 14, 30, 33, 16, 4, 15, 18, 20, 34, 19, 31, 28, 9, 13, 3, 29, 24, 17, 2, 8, 10, 11, 22, 23, 6, 32, 25, 7, 21, 1,7.06526
1, 5, 12, 27, 26, 14, 30, 33, 16, 4, 15, 20, 18, 34, 19, 31, 28, 9, 13, 3, 29, 24, 17, 6, 32, 2, 8, 11, 25, 23, 22, 7, 10, 21, 1,7.25585
1, 5, 12, 27, 26, 14, 30, 33, 16, 4, 15, 20, 18, 34, 19, 31, 28, 9, 13, 3, 29, 24, 17, 6, 32, 2, 8, 11, 25, 23, 22, 7, 10, 21, 1,7.25585
1, 5, 12, 27, 26, 14, 30, 33, 16, 4, 15, 18, 20, 34, 19, 31, 28, 9, 13, 3, 29, 24, 17, 2, 8, 22, 11, 6, 32, 7, 25, 23, 10, 21, 1,7.08093
1, 10, 7, 8, 2, 32, 6, 17, 24, 29, 13, 3, 9, 28, 31, 19, 34, 18, 20, 15, 4, 16, 33, 14, 30, 26, 27, 12, 5, 11, 25, 23, 22, 21, 1,6.94969
1, 5, 12, 27, 26, 14, 30, 33, 16, 4, 15, 18, 20, 34, 19, 31, 28, 9, 13, 3, 29, 24, 17, 2, 6, 8, 22, 11, 32, 7, 25, 23, 10, 21, 1,7.19438
1, 5, 12, 27, 26, 14, 30, 33, 16, 4, 15, 18, 20, 34, 19, 31, 28, 9, 13, 3, 29, 24, 17, 2, 6, 8, 22, 11, 32, 7, 25, 23, 10, 21, 1,7.19438
1, 5, 12, 26, 27, 14, 30, 16, 33, 4, 15, 20, 18, 34, 19, 31, 28, 9, 13, 3, 29, 24, 17, 6, 32, 2, 8, 11, 25, 23, 22, 7, 10, 21, 1,8.02487
1, 5, 12, 26, 27, 14, 30, 16, 33, 4, 15, 20, 18, 34, 19, 31, 28, 9, 13, 3, 29, 24, 17, 6, 32, 2, 8, 11, 25, 23, 22, 7, 10, 21, 1,8.02487
1, 5, 12, 27, 26, 14, 30, 16, 33, 4, 15, 20, 19, 34, 18, 31, 28, 3, 13, 9, 29, 24, 17, 6, 32, 2, 8, 11, 25, 23, 22, 7, 10, 21, 1,7.89134
1, 10, 21, 7, 22, 23, 25, 11, 8, 2, 32, 6, 17, 24, 29, 3, 13, 9, 28, 31, 18, 34, 19, 4, 15, 20, 33, 16, 30, 5, 12, 26, 14, 27, 1,8.33385
1, 10, 21, 7, 22, 23, 25, 11, 8, 2, 32, 6, 17, 24, 29, 3, 13, 9, 28, 31, 18, 34, 19, 4, 15, 20, 33, 16, 30, 5, 12, 26, 27, 14, 1,8.45614
1, 5, 22, 11, 12, 26, 30, 27, 14, 33, 16, 4, 15, 20, 19, 34, 18, 31, 28, 9, 13, 3, 29, 24, 17, 6, 32, 2, 8, 25, 23, 7, 10, 21, 1,8.70832
1, 5, 22, 11, 12, 26, 30, 27, 14, 33, 16, 4, 15, 20, 19, 34, 18, 31, 28, 9, 13, 3, 29, 24, 17, 6, 32, 2, 8, 25, 23, 7, 10, 21, 1,8.70832
1, 21, 22, 2, 32, 6, 17, 24, 29, 3, 13, 9, 28, 31, 18, 34, 19, 20, 15, 4, 16, 33, 14, 27, 30, 26, 12, 11, 8, 25, 23, 7, 10, 5, 1,8.61198
1, 5, 22, 11, 12, 26, 30, 27, 14, 33, 16, 4, 15, 20, 19, 34, 18, 31, 28, 9, 13, 3, 29, 24, 17, 6, 32, 2, 8, 25, 23, 7, 10, 21, 1,8.70832
1, 5, 22, 21, 10, 7, 23, 25, 8, 2, 32, 6, 17, 24, 29, 3, 13, 9, 28, 31, 18, 34, 19, 15, 20, 4, 16, 33, 30, 14, 26, 27, 11, 12, 1,7.57508
1, 5, 22, 21, 10, 7, 23, 25, 8, 2, 32, 6, 17, 24, 29, 3, 13, 9, 28, 31, 18, 34, 19, 15, 20, 4, 16, 33, 30, 14, 11, 12, 26, 27, 1,7.63057
1, 5, 22, 21, 10, 7, 23, 25, 8, 2, 32, 6, 17, 24, 29, 3, 13, 9, 28, 31, 18, 34, 19, 15, 20, 4, 16, 33, 30, 14, 11, 12, 26, 27, 1,7.63057
1, 5, 22, 11, 21, 10, 7, 23, 25, 8, 2, 32, 6, 17, 24, 29, 3, 13, 9, 28, 31, 18, 34, 19, 20, 15, 4, 16, 33, 14, 27, 30, 26, 12, 1,7.78737
1, 5, 22, 11, 21, 10, 8, 25, 23, 7, 2, 32, 6, 17, 24, 29, 3, 13, 9, 28, 31, 18, 34, 19, 20, 15, 4, 16, 33, 14, 27, 12, 26, 30, 1,7.47541
1, 5, 22, 11, 12, 26, 30, 27, 14, 33, 16, 4, 19, 15, 20, 34, 18, 31, 28, 9, 13, 3, 29, 24, 17, 6, 32, 2, 8, 10, 7, 25, 23, 21, 1,7.93376
1, 5, 22, 11, 12, 26, 30, 27, 14, 33, 16, 4, 19, 15, 20, 34, 18, 31, 28, 9, 13, 3, 29, 24, 17, 6, 32, 2, 8, 25, 23, 7, 10, 21, 1,7.96983
1, 5, 22, 11, 12, 26, 30, 27, 14, 33, 16, 4, 19, 15, 20, 34, 18, 31, 28, 9, 13, 3, 29, 24, 17, 6, 7, 23, 21, 10, 32, 2, 25, 8, 1,7.9837
1, 5, 22, 11, 12, 26, 30, 27, 14, 33, 16, 4, 19, 15, 20, 34, 18, 31, 28, 9, 13, 3, 29, 24, 17, 6, 32, 2, 7, 8, 25, 23, 10, 21, 1,7.68721
1, 5, 22, 11, 12, 26, 30, 27, 14, 33, 16, 4, 19, 15, 20, 34, 18, 31, 28, 9, 13, 3, 29, 24, 17, 6, 32, 2, 7, 8, 25, 23, 10, 21, 1,7.68721
1, 5, 22, 11, 12, 26, 30, 27, 14, 33, 16, 4, 19, 15, 20, 34, 18, 31, 28, 9, 13, 3, 29, 24, 17, 6, 32, 2, 7, 8, 25, 23, 10, 21, 1,7.68721
1, 12, 26, 30, 27, 14, 33, 16, 4, 20, 15, 19, 34, 18, 31, 28, 9, 13, 3, 29, 24, 17, 6, 32, 2, 8, 25, 23, 7, 10, 21, 11, 22, 5, 1,6.87902
1, 5, 22, 11, 12, 26, 30, 27, 14, 33, 16, 4, 19, 15, 20, 34, 18, 31, 28, 9, 13, 3, 29, 24, 17, 6, 32, 2, 7, 8, 25, 23, 10, 21, 1,7.68721
1, 5, 22, 11, 12, 26, 30, 27, 14, 33, 16, 4, 19, 15, 20, 34, 18, 31, 28, 9, 13, 3, 29, 24, 17, 6, 32, 2, 7, 8, 25, 23, 10, 21, 1,7.68721
1, 5, 22, 11, 12, 26, 30, 27, 14, 33, 16, 4, 19, 15, 20, 34, 18, 31, 28, 9, 13, 3, 29, 24, 17, 6, 32, 2, 7, 8, 25, 23, 10, 21, 1,7.68721
1, 5, 22, 11, 12, 26, 30, 27, 14, 33, 16, 4, 19, 15, 20, 34, 18, 31, 28, 9, 13, 3, 29, 24, 17, 6, 32, 2, 7, 8, 25, 23, 10, 21, 1,7.68721
1, 5, 22, 11, 12, 26, 30, 27, 14, 33, 16, 4, 19, 15, 20, 34, 18, 31, 28, 9, 13, 3, 29, 24, 17, 6, 32, 2, 7, 8, 25, 23, 10, 21, 1,7.68721
1, 5, 22, 11, 12, 26, 30, 27, 14, 33, 16, 4, 19, 15, 20, 34, 18, 31, 28, 9, 13, 3, 29, 24, 17, 6, 32, 2, 7, 8, 25, 23, 10, 21, 1,7.68721
1, 5, 22, 21, 10, 7, 23, 25, 8, 2, 32, 6, 17, 24, 29, 3, 13, 9, 28, 31, 18, 34, 20, 15, 19, 4, 16, 33, 14, 27, 30, 26, 12, 11, 1,7.63598
1, 5, 22, 11, 12, 26, 30, 27, 14, 33, 16, 4, 19, 18, 20, 34, 15, 31, 28, 9, 13, 3, 29, 24, 17, 6, 32, 2, 7, 8, 25, 23, 10, 21, 1,7.38169
1, 5, 22, 21, 10, 23, 25, 8, 7, 2, 32, 6, 17, 24, 29, 3, 13, 9, 28, 31, 18, 34, 20, 15, 19, 4, 16, 33, 14, 27, 30, 26, 12, 11, 1,7.35337
1, 27, 5, 14, 33, 16, 4, 19, 15, 20, 34, 18, 31, 28, 9, 13, 3, 29, 24, 17, 6, 32, 2, 7, 8, 25, 23, 10, 21, 22, 11, 12, 26, 30, 1,7.05762
1, 5, 22, 11, 27, 30, 26, 12, 14, 33, 16, 4, 19, 18, 20, 34, 15, 31, 28, 9, 13, 3, 29, 24, 17, 6, 32, 2, 7, 8, 25, 23, 10, 21, 1,7.21356
1, 5, 22, 11, 12, 26, 30, 27, 14, 33, 16, 4, 19, 15, 20, 34, 18, 31, 3, 13, 9, 28, 29, 24, 17, 6, 32, 2, 7, 8, 25, 23, 10, 21, 1,7.38421
1, 5, 22, 11, 12, 26, 30, 27, 14, 33, 16, 20, 15, 19, 4, 34, 18, 31, 28, 9, 13, 3, 29, 24, 17, 6, 32, 2, 7, 8, 25, 23, 10, 21, 1,7.30532
1, 5, 22, 11, 12, 26, 30, 27, 14, 33, 16, 20, 15, 19, 4, 34, 18, 31, 28, 9, 13, 3, 29, 24, 17, 6, 32, 2, 7, 8, 25, 23, 10, 21, 1,7.30532
1, 5, 22, 21, 10, 23, 25, 8, 7, 2, 32, 6, 17, 24, 29, 3, 13, 9, 28, 31, 18, 34, 20, 15, 19, 4, 16, 33, 14, 27, 11, 12, 26, 30, 1,7.57958
1, 5, 8, 7, 23, 10, 21, 2, 32, 6, 17, 24, 29, 13, 3, 9, 28, 31, 18, 34, 20, 15, 19, 4, 16, 33, 14, 27, 30, 26, 12, 11, 22, 25, 1,7.08756
1, 5, 8, 7, 2, 32, 6, 17, 24, 29, 3, 13, 9, 28, 31, 18, 34, 20, 15, 19, 4, 16, 33, 14, 27, 30, 26, 12, 11, 22, 25, 23, 10, 21, 1,7.62417
1, 11, 22, 2, 7, 8, 5, 12, 26, 30, 27, 14, 33, 16, 4, 19, 15, 20, 34, 18, 31, 28, 9, 3, 17, 29, 24, 13, 6, 10, 23, 25, 32, 21, 1,8.06432
1, 30, 27, 33, 16, 4, 19, 15, 20, 34, 18, 31, 28, 9, 13, 3, 29, 24, 17, 6, 32, 2, 7, 8, 11, 25, 23, 10, 21, 22, 5, 26, 12, 14, 1,7.70086
1, 5, 8, 7, 23, 10, 2, 21, 22, 25, 32, 6, 17, 24, 29, 3, 13, 9, 28, 31, 18, 34, 20, 15, 19, 4, 16, 33, 14, 27, 30, 26, 12, 11, 1,7.95236
1, 5, 11, 12, 26, 30, 27, 14, 33, 16, 4, 19, 15, 20, 34, 18, 31, 28, 9, 13, 3, 29, 24, 17, 25, 21, 23, 10, 22, 6, 32, 2, 7, 8, 1,8.1309
1, 5, 11, 12, 26, 30, 27, 14, 33, 16, 4, 19, 15, 20, 34, 18, 31, 28, 9, 13, 3, 29, 24, 17, 25, 21, 23, 10, 22, 6, 32, 2, 7, 8, 1,8.1309
1, 30, 26, 5, 8, 7, 23, 10, 2, 21, 22, 25, 32, 6, 17, 24, 29, 3, 13, 9, 28, 31, 18, 34, 20, 15, 19, 4, 16, 33, 14, 27, 12, 11, 1,8.45424
1, 30, 26, 5, 8, 7, 23, 10, 2, 21, 22, 25, 32, 6, 17, 24, 29, 3, 13, 9, 28, 31, 18, 34, 20, 15, 19, 4, 16, 33, 14, 27, 12, 11, 1,8.45424
1, 33, 30, 26, 16, 4, 19, 15, 20, 34, 18, 31, 28, 9, 3, 13, 29, 24, 17, 6, 32, 2, 7, 25, 23, 10, 5, 11, 12, 27, 14, 21, 22, 8, 1,7.52296
1, 5, 11, 6, 32, 7, 23, 10, 22, 8, 21, 2, 25, 17, 24, 29, 3, 13, 9, 28, 31, 18, 34, 20, 15, 19, 4, 16, 33, 14, 27, 30, 26, 12, 1,7.68738
1, 27, 26, 30, 14, 33, 16, 4, 19, 15, 20, 34, 18, 31, 28, 9, 13, 3, 29, 24, 17, 25, 23, 22, 21, 6, 32, 2, 7, 8, 5, 10, 11, 12, 1,8.31167
1, 21, 10, 23, 32, 2, 7, 25, 6, 17, 24, 29, 3, 13, 9, 28, 31, 18, 34, 20, 15, 19, 4, 16, 26, 30, 33, 27, 11, 22, 12, 8, 5, 14, 1,9.53384
1, 30, 26, 5, 8, 7, 2, 32, 6, 21, 10, 23, 25, 17, 24, 29, 3, 13, 9, 28, 31, 18, 34, 20, 15, 19, 4, 16, 33, 14, 12, 22, 11, 27, 1,9.14337
1, 21, 10, 23, 2, 32, 6, 17, 24, 29, 3, 13, 9, 28, 31, 18, 34, 20, 15, 19, 4, 16, 26, 30, 33, 27, 11, 22, 5, 25, 7, 8, 14, 12, 1,9.02675
1, 30, 26, 5, 8, 7, 21, 10, 23, 2, 32, 6, 17, 24, 29, 3, 13, 9, 28, 31, 18, 34, 20, 15, 19, 4, 16, 33, 27, 25, 22, 11, 14, 12, 1,8.88713
1, 30, 26, 5, 21, 10, 23, 32, 2, 7, 25, 6, 17, 24, 29, 3, 13, 9, 28, 31, 18, 34, 20, 15, 19, 4, 16, 33, 27, 11, 22, 8, 14, 12, 1,8.62559
1, 30, 26, 5, 21, 10, 23, 8, 7, 2, 32, 25, 6, 17, 24, 29, 3, 13, 9, 28, 31, 18, 34, 20, 15, 19, 4, 16, 33, 27, 11, 22, 12, 14, 1,8.81317
1, 21, 10, 23, 25, 7, 2, 32, 6, 17, 24, 29, 3, 13, 9, 28, 31, 18, 34, 20, 15, 19, 4, 16, 30, 26, 5, 33, 27, 11, 22, 8, 14, 12, 1,9.19813
1, 33, 30, 26, 16, 4, 19, 15, 20, 34, 18, 31, 28, 9, 13, 3, 29, 24, 17, 6, 25, 7, 21, 10, 23, 2, 32, 22, 11, 12, 27, 8, 5, 14, 1,8.58445
1, 33, 30, 26, 16, 4, 19, 15, 20, 34, 18, 31, 28, 9, 13, 3, 29, 24, 17, 6, 25, 21, 10, 23, 7, 2, 32, 5, 27, 11, 22, 8, 14, 12, 1,8.88391
1, 33, 30, 26, 16, 4, 19, 15, 20, 34, 18, 31, 28, 9, 13, 3, 29, 24, 17, 6, 25, 7, 21, 23, 2, 32, 10, 5, 27, 11, 22, 8, 14, 12, 1,8.56573
1, 30, 26, 5, 21, 10, 23, 32, 7, 2, 25, 6, 17, 24, 29, 3, 13, 9, 28, 31, 18, 34, 19, 15, 20, 4, 16, 33, 27, 12, 11, 22, 8, 14, 1,8.68108
1, 30, 26, 5, 21, 10, 23, 32, 7, 2, 25, 6, 17, 24, 29, 3, 13, 9, 28, 31, 18, 34, 19, 15, 20, 4, 16, 33, 27, 12, 11, 22, 8, 14, 1,8.68108
1, 33, 30, 26, 16, 4, 19, 15, 34, 20, 18, 31, 28, 9, 13, 3, 29, 24, 17, 6, 25, 10, 32, 2, 7, 23, 21, 5, 8, 22, 14, 11, 27, 12, 1,8.95999
1, 33, 30, 26, 16, 4, 19, 15, 34, 20, 18, 31, 28, 9, 13, 3, 29, 24, 17, 6, 25, 10, 32, 2, 7, 23, 21, 5, 8, 27, 12, 11, 22, 14, 1,9.32523
1, 30, 26, 5, 21, 10, 23, 32, 2, 7, 25, 6, 17, 24, 29, 3, 13, 9, 28, 31, 18, 34, 19, 15, 20, 4, 33, 16, 27, 11, 22, 8, 14, 12, 1,9.46911
1, 33, 30, 26, 16, 4, 19, 15, 34, 20, 18, 31, 28, 9, 13, 3, 29, 24, 17, 6, 23, 10, 32, 2, 7, 25, 21, 5, 8, 27, 22, 11, 14, 12, 1,9.134
1, 33, 30, 26, 16, 4, 19, 15, 34, 20, 18, 31, 28, 9, 13, 3, 29, 24, 17, 6, 25, 11, 32, 2, 5, 27, 12, 22, 7, 23, 21, 10, 8, 14, 1,9.85867
1, 5, 27, 12, 30, 26, 22, 11, 2, 7, 23, 21, 32, 10, 25, 6, 17, 24, 29, 3, 13, 9, 28, 31, 18, 34, 20, 15, 19, 4, 16, 33, 8, 14, 1,11.1903
1, 5, 27, 12, 30, 26, 22, 11, 2, 7, 23, 21, 32, 10, 25, 6, 17, 24, 29, 3, 13, 9, 28, 31, 18, 34, 20, 15, 19, 4, 33, 16, 14, 8, 1,11.0563
1, 5, 27, 12, 30, 26, 22, 11, 2, 7, 23, 21, 32, 10, 25, 6, 17, 24, 29, 3, 13, 9, 28, 31, 18, 34, 20, 15, 19, 4, 16, 33, 8, 14, 1,11.1903
1, 5, 27, 33, 30, 12, 26, 22, 11, 2, 7, 23, 21, 32, 10, 25, 6, 17, 24, 29, 3, 13, 9, 28, 31, 18, 34, 20, 15, 19, 4, 16, 14, 8, 1,11.0554
1, 11, 2, 32, 10, 14, 8, 5, 21, 23, 7, 25, 6, 17, 24, 29, 3, 13, 9, 28, 31, 18, 20, 34, 15, 19, 4, 16, 26, 30, 33, 27, 12, 22, 1,10.832
1, 33, 30, 5, 27, 12, 22, 11, 2, 7, 8, 14, 10, 32, 21, 23, 25, 6, 17, 24, 29, 3, 13, 9, 28, 31, 18, 20, 34, 15, 19, 4, 16, 26, 1,10.7537
1, 11, 2, 32, 10, 14, 8, 5, 21, 23, 7, 25, 6, 17, 24, 29, 3, 13, 9, 28, 31, 18, 20, 34, 15, 19, 4, 16, 26, 30, 33, 27, 12, 22, 1,10.832
1, 11, 33, 14, 26, 16, 4, 19, 15, 34, 20, 18, 31, 28, 9, 13, 3, 29, 24, 17, 6, 25, 7, 23, 21, 5, 8, 2, 32, 10, 30, 27, 12, 22, 1,11.9826
1, 33, 30, 5, 27, 12, 22, 11, 2, 7, 8, 14, 10, 32, 25, 21, 6, 17, 24, 23, 29, 3, 13, 9, 28, 31, 18, 20, 34, 15, 19, 4, 16, 26, 1,13.1924
1, 33, 30, 5, 27, 12, 22, 7, 2, 11, 8, 14, 10, 32, 21, 23, 25, 6, 17, 24, 29, 3, 13, 9, 28, 31, 18, 20, 34, 15, 19, 4, 16, 26, 1,10.6996
1, 33, 30, 5, 27, 12, 22, 7, 2, 11, 8, 14, 10, 32, 21, 23, 25, 6, 17, 24, 29, 3, 13, 9, 28, 31, 18, 20, 34, 15, 19, 4, 16, 26, 1,10.6996
1, 33, 30, 5, 27, 12, 14, 10, 32, 11, 8, 22, 7, 2, 21, 23, 25, 6, 17, 9, 29, 3, 13, 24, 28, 31, 18, 20, 34, 15, 19, 4, 16, 26, 1,10.3103
1, 33, 30, 5, 27, 26, 22, 7, 2, 11, 8, 14, 10, 32, 21, 23, 25, 6, 17, 24, 29, 9, 13, 3, 28, 31, 18, 20, 34, 19, 15, 4, 16, 12, 1,10.8783
1, 27, 5, 21, 23, 7, 25, 6, 17, 24, 29, 3, 13, 9, 28, 31, 18, 4, 15, 19, 34, 20, 16, 26, 33, 30, 12, 11, 8, 14, 10, 22, 2, 32, 1,9.48069
1, 26, 16, 20, 34, 19, 15, 4, 18, 31, 28, 9, 13, 3, 29, 24, 17, 6, 25, 7, 11, 21, 5, 8, 14, 33, 12, 27, 30, 23, 22, 10, 32, 2, 1,11.2647
1, 26, 16, 20, 34, 19, 15, 4, 18, 31, 28, 9, 13, 3, 29, 24, 17, 6, 25, 7, 27, 5, 21, 11, 12, 10, 32, 8, 2, 22, 23, 14, 33, 30, 1,11.2669
1, 26, 16, 20, 34, 19, 15, 4, 18, 31, 28, 9, 13, 3, 29, 24, 17, 6, 25, 7, 27, 5, 21, 11, 12, 10, 32, 8, 2, 22, 23, 14, 33, 30, 1,11.2669
1, 27, 5, 21, 23, 26, 16, 20, 34, 19, 15, 4, 18, 31, 28, 9, 13, 3, 29, 24, 17, 6, 25, 7, 11, 12, 10, 32, 8, 2, 22, 14, 33, 30, 1,11.5355
1, 26, 16, 20, 34, 19, 15, 4, 18, 31, 28, 9, 13, 3, 29, 24, 17, 6, 25, 7, 27, 5, 21, 11, 32, 10, 14, 8, 23, 2, 22, 12, 30, 33, 1,11.6641
1, 30, 12, 5, 21, 6, 7, 25, 17, 24, 29, 3, 13, 9, 28, 31, 18, 4, 15, 19, 34, 20, 16, 26, 14, 32, 8, 23, 11, 10, 2, 22, 27, 33, 1,11.2111
1, 33, 30, 26, 16, 20, 34, 19, 15, 4, 18, 31, 28, 9, 13, 3, 29, 24, 17, 11, 25, 7, 6, 21, 5, 2, 23, 8, 12, 22, 32, 10, 14, 27, 1,11.9073
1, 33, 30, 26, 16, 20, 34, 19, 15, 4, 18, 31, 28, 9, 13, 3, 29, 24, 17, 11, 25, 7, 6, 21, 27, 5, 23, 32, 10, 14, 8, 2, 22, 12, 1,11.9149
1, 27, 26, 16, 20, 34, 19, 15, 4, 18, 31, 28, 9, 13, 3, 29, 24, 17, 11, 25, 7, 6, 21, 5, 14, 10, 32, 2, 23, 8, 22, 12, 30, 33, 1,10.2121
1, 27, 26, 16, 20, 34, 19, 15, 4, 18, 31, 28, 9, 13, 3, 29, 24, 17, 11, 25, 7, 6, 21, 5, 14, 10, 32, 2, 23, 8, 22, 12, 30, 33, 1,10.2121
1, 26, 16, 20, 34, 19, 15, 4, 18, 31, 28, 9, 13, 3, 29, 24, 17, 6, 25, 7, 27, 14, 33, 12, 11, 5, 21, 32, 10, 8, 23, 2, 22, 30, 1,11.0151
1, 33, 30, 26, 16, 20, 34, 19, 15, 4, 18, 31, 28, 9, 13, 3, 29, 24, 17, 8, 22, 6, 32, 21, 25, 5, 7, 2, 23, 11, 12, 10, 14, 27, 1,10.7744
1, 33, 30, 26, 16, 20, 34, 19, 15, 4, 18, 31, 28, 9, 13, 3, 29, 24, 17, 8, 22, 6, 32, 21, 25, 5, 7, 2, 23, 11, 12, 10, 27, 14, 1,10.6528
1, 27, 5, 21, 23, 17, 24, 13, 3, 29, 9, 28, 31, 18, 4, 15, 19, 34, 20, 16, 26, 30, 33, 11, 6, 25, 7, 2, 8, 10, 32, 22, 12, 14, 1,10.2328
1, 27, 5, 21, 23, 14, 12, 22, 32, 10, 2, 7, 25, 6, 8, 11, 17, 24, 13, 3, 29, 9, 28, 31, 18, 4, 15, 19, 34, 20, 16, 26, 30, 33, 1,10.768
1, 14, 12, 22, 32, 10, 2, 7, 27, 5, 21, 23, 25, 6, 8, 11, 17, 24, 13, 3, 29, 9, 28, 31, 18, 4, 15, 19, 34, 20, 16, 33, 30, 26, 1,10.7373
1, 27, 5, 21, 23, 33, 30, 26, 16, 20, 34, 19, 15, 4, 18, 31, 28, 9, 13, 3, 29, 24, 17, 8, 11, 22, 25, 7, 6, 32, 2, 10, 12, 14, 1,9.62225
1, 27, 5, 21, 23, 33, 30, 26, 16, 20, 34, 19, 15, 4, 18, 31, 28, 9, 13, 3, 29, 24, 17, 8, 11, 22, 25, 7, 6, 32, 2, 10, 12, 14, 1,9.62225
1, 27, 5, 21, 23, 33, 30, 26, 16, 20, 34, 19, 15, 4, 18, 31, 28, 9, 13, 3, 29, 24, 17, 8, 11, 22, 25, 7, 6, 32, 2, 10, 12, 14, 1,9.62225
1, 27, 5, 21, 23, 33, 30, 26, 16, 20, 34, 19, 15, 4, 18, 31, 28, 9, 13, 3, 29, 24, 17, 8, 11, 22, 25, 7, 6, 32, 2, 10, 12, 14, 1,9.62225
1, 27, 14, 5, 21, 23, 10, 12, 8, 11, 25, 7, 6, 22, 2, 32, 17, 24, 9, 3, 29, 13, 28, 31, 18, 4, 15, 19, 34, 20, 16, 26, 30, 33, 1,8.41968
1, 27, 14, 5, 21, 23, 10, 12, 8, 11, 25, 7, 6, 22, 2, 32, 17, 24, 9, 3, 29, 13, 28, 31, 18, 4, 15, 19, 34, 20, 16, 26, 30, 33, 1,8.41968
1, 27, 14, 5, 21, 23, 10, 12, 8, 11, 25, 7, 6, 22, 2, 32, 17, 24, 9, 3, 29, 13, 28, 31, 18, 4, 15, 19, 34, 20, 16, 26, 30, 33, 1,8.41968
1, 27, 14, 5, 21, 23, 10, 12, 8, 11, 25, 7, 6, 22, 2, 32, 17, 24, 9, 3, 29, 13, 28, 31, 18, 4, 15, 19, 34, 20, 16, 26, 30, 33, 1,8.41968
1, 27, 14, 5, 21, 23, 10, 12, 8, 11, 25, 7, 6, 22, 2, 32, 17, 24, 13, 3, 29, 9, 28, 31, 18, 4, 15, 19, 34, 20, 16, 26, 30, 33, 1,8.61689
1, 21, 23, 27, 5, 30, 33, 26, 16, 20, 34, 19, 15, 4, 18, 31, 28, 9, 13, 3, 29, 24, 17, 22, 11, 25, 8, 7, 6, 32, 2, 10, 12, 14, 1,9.04134
1, 21, 23, 27, 5, 30, 33, 26, 16, 20, 34, 19, 15, 4, 18, 31, 28, 9, 13, 3, 29, 24, 17, 22, 11, 25, 8, 7, 6, 32, 2, 10, 12, 14, 1,9.04134
1, 21, 23, 27, 5, 30, 33, 26, 16, 20, 34, 19, 15, 4, 18, 31, 28, 9, 13, 3, 29, 24, 17, 22, 11, 25, 8, 7, 6, 32, 2, 10, 12, 14, 1,9.04134
1, 21, 23, 27, 14, 5, 30, 33, 26, 16, 20, 34, 19, 15, 4, 18, 31, 28, 9, 13, 3, 29, 24, 17, 22, 11, 25, 8, 7, 6, 32, 2, 10, 12, 1,9.11971
1, 21, 23, 27, 14, 5, 30, 33, 26, 16, 20, 34, 19, 15, 4, 18, 31, 28, 9, 13, 3, 29, 24, 17, 22, 11, 25, 8, 10, 2, 32, 6, 7, 12, 1,9.6737
1, 21, 2, 32, 6, 8, 25, 23, 27, 14, 5, 33, 30, 26, 16, 20, 34, 19, 3, 4, 18, 15, 31, 28, 9, 13, 29, 24, 17, 22, 10, 7, 11, 12, 1,8.89188
1, 21, 17, 24, 29, 13, 9, 28, 31, 15, 19, 18, 4, 34, 3, 20, 16, 26, 30, 33, 5, 14, 27, 23, 10, 11, 25, 8, 6, 32, 2, 7, 22, 12, 1,9.81903
1, 12, 10, 7, 22, 2, 32, 6, 17, 24, 29, 13, 9, 28, 31, 15, 19, 18, 4, 34, 3, 20, 16, 26, 30, 33, 5, 14, 27, 23, 8, 25, 21, 11, 1,8.64261
1, 27, 14, 21, 32, 7, 6, 8, 11, 25, 23, 10, 2, 17, 24, 13, 3, 29, 9, 28, 31, 18, 4, 15, 19, 34, 20, 16, 26, 30, 33, 5, 22, 12, 1,9.2717
1, 21, 10, 7, 2, 25, 32, 6, 8, 17, 24, 29, 13, 9, 28, 31, 15, 19, 18, 4, 34, 3, 20, 16, 26, 30, 33, 5, 14, 27, 12, 11, 23, 22, 1,9.32754
1, 27, 14, 30, 33, 5, 10, 2, 22, 21, 32, 7, 6, 8, 11, 25, 23, 17, 24, 13, 3, 29, 9, 28, 31, 15, 19, 18, 4, 34, 20, 16, 26, 12, 1,7.86028
1, 27, 14, 30, 33, 5, 10, 2, 22, 21, 32, 7, 6, 8, 25, 11, 23, 17, 24, 13, 3, 29, 9, 28, 31, 18, 4, 15, 19, 34, 20, 16, 26, 12, 1,8.62243
1, 27, 14, 30, 16, 20, 34, 4, 18, 19, 15, 31, 28, 9, 29, 3, 13, 24, 17, 23, 11, 25, 8, 7, 6, 32, 21, 22, 2, 10, 5, 33, 26, 12, 1,7.8967
1, 21, 10, 7, 2, 25, 32, 6, 8, 17, 24, 29, 13, 9, 28, 31, 15, 19, 18, 4, 34, 3, 20, 16, 26, 30, 33, 5, 14, 27, 12, 11, 23, 22, 1,9.32754
1, 21, 10, 7, 2, 25, 32, 6, 8, 17, 24, 29, 13, 9, 28, 31, 15, 19, 18, 4, 34, 3, 20, 16, 26, 30, 33, 5, 14, 27, 12, 11, 23, 22, 1,9.32754
1, 21, 10, 7, 2, 25, 32, 6, 8, 17, 24, 29, 13, 9, 28, 31, 15, 19, 18, 4, 34, 3, 20, 16, 26, 33, 30, 5, 14, 27, 12, 11, 23, 22, 1,8.97807
1, 2, 7, 10, 21, 25, 22, 8, 32, 6, 27, 14, 11, 23, 17, 24, 13, 3, 29, 9, 28, 31, 15, 19, 18, 4, 34, 20, 16, 26, 30, 33, 5, 12, 1,10.1083
1, 2, 7, 10, 21, 25, 22, 8, 32, 6, 27, 14, 11, 23, 17, 24, 13, 3, 29, 9, 28, 31, 15, 19, 18, 4, 34, 20, 16, 26, 33, 30, 5, 12, 1,9.75882
1, 11, 25, 8, 2, 22, 21, 32, 7, 6, 27, 14, 10, 23, 17, 24, 9, 3, 29, 13, 28, 31, 15, 19, 18, 4, 34, 20, 16, 26, 30, 33, 5, 12, 1,9.52026
1, 27, 14, 2, 11, 25, 8, 22, 21, 32, 7, 6, 10, 23, 29, 3, 13, 24, 17, 9, 28, 31, 18, 4, 15, 19, 34, 20, 16, 26, 30, 33, 5, 12, 1,9.36115
1, 27, 14, 2, 11, 25, 8, 22, 21, 32, 7, 6, 10, 23, 29, 3, 13, 24, 17, 9, 28, 31, 18, 4, 15, 19, 34, 20, 16, 26, 30, 33, 5, 12, 1,9.36115
1, 27, 14, 2, 11, 25, 8, 22, 21, 32, 7, 6, 10, 23, 29, 13, 24, 17, 9, 28, 31, 18, 4, 3, 15, 19, 34, 20, 16, 26, 30, 33, 5, 12, 1,9.02159
1, 27, 14, 2, 11, 25, 8, 10, 21, 32, 7, 6, 22, 23, 29, 13, 24, 17, 9, 28, 31, 18, 4, 3, 15, 19, 34, 20, 16, 26, 30, 33, 5, 12, 1,8.98468
1, 27, 14, 2, 11, 25, 8, 10, 21, 32, 7, 6, 22, 23, 29, 13, 24, 17, 9, 28, 31, 18, 4, 3, 15, 19, 34, 20, 16, 26, 30, 33, 5, 12, 1,8.98468
1, 8, 10, 21, 32, 7, 6, 22, 23, 29, 13, 24, 17, 9, 28, 31, 18, 4, 3, 15, 19, 34, 20, 33, 16, 26, 30, 5, 12, 27, 14, 2, 11, 25, 1,10.2118
1, 12, 5, 23, 8, 7, 32, 11, 6, 21, 25, 27, 14, 2, 22, 10, 29, 3, 13, 24, 17, 9, 28, 31, 15, 19, 18, 4, 34, 20, 16, 26, 30, 33, 1,10.5547
1, 27, 12, 5, 23, 8, 7, 32, 11, 6, 21, 25, 14, 2, 22, 10, 29, 3, 13, 24, 17, 9, 28, 31, 15, 19, 18, 4, 34, 20, 16, 26, 30, 33, 1,10.6868
1, 27, 12, 14, 2, 25, 10, 23, 8, 7, 6, 24, 17, 32, 11, 22, 21, 29, 3, 13, 9, 28, 15, 31, 19, 18, 4, 34, 20, 16, 26, 30, 33, 5, 1,9.95
1, 12, 5, 27, 14, 8, 11, 22, 21, 29, 3, 13, 24, 17, 32, 25, 10, 23, 2, 7, 6, 9, 28, 15, 31, 19, 18, 4, 34, 20, 16, 26, 30, 33, 1,9.40036
1, 12, 5, 27, 14, 8, 11, 22, 21, 29, 3, 13, 24, 17, 32, 25, 10, 2, 23, 7, 6, 9, 28, 31, 15, 19, 4, 18, 34, 20, 16, 26, 30, 33, 1,9.50283
1, 12, 5, 27, 14, 8, 11, 22, 21, 29, 3, 13, 24, 17, 32, 25, 10, 2, 23, 7, 6, 9, 28, 31, 15, 19, 4, 18, 34, 20, 16, 26, 30, 33, 1,9.50283
1, 27, 5, 33, 30, 26, 16, 20, 34, 4, 19, 18, 15, 31, 28, 9, 29, 8, 22, 11, 23, 10, 21, 3, 13, 24, 17, 32, 7, 6, 2, 25, 14, 12, 1,10.5751
1, 27, 12, 5, 14, 8, 11, 22, 21, 2, 25, 29, 3, 13, 24, 17, 32, 10, 23, 7, 6, 9, 28, 15, 31, 18, 19, 4, 34, 20, 16, 26, 30, 33, 1,10.1806
1, 27, 5, 33, 12, 14, 2, 11, 22, 21, 8, 23, 10, 25, 32, 17, 24, 13, 3, 29, 7, 6, 9, 28, 31, 15, 18, 19, 4, 34, 20, 16, 26, 30, 1,10.4337
1, 27, 5, 33, 12, 14, 2, 11, 22, 21, 8, 23, 10, 25, 32, 17, 24, 13, 3, 29, 7, 6, 9, 28, 31, 15, 18, 19, 4, 34, 20, 16, 26, 30, 1,10.4337
1, 27, 12, 14, 2, 21, 22, 25, 5, 8, 10, 29, 9, 6, 7, 23, 11, 32, 17, 24, 13, 3, 28, 31, 15, 19, 18, 4, 34, 20, 16, 26, 30, 33, 1,10.1197
1, 30, 26, 16, 20, 34, 4, 18, 19, 15, 31, 28, 9, 6, 7, 23, 2, 32, 17, 24, 13, 3, 29, 10, 8, 5, 25, 22, 21, 11, 14, 12, 27, 33, 1,9.79928
1, 30, 26, 16, 20, 34, 4, 18, 19, 15, 31, 28, 9, 6, 7, 23, 2, 32, 17, 24, 13, 3, 29, 10, 8, 5, 25, 22, 21, 11, 27, 12, 14, 33, 1,9.55953
1, 30, 26, 16, 20, 34, 4, 18, 19, 15, 31, 28, 9, 6, 7, 23, 2, 32, 17, 24, 13, 3, 29, 10, 8, 5, 25, 22, 21, 11, 27, 12, 14, 33, 1,9.55953
1, 27, 5, 12, 33, 14, 2, 21, 11, 22, 8, 23, 10, 25, 32, 17, 29, 3, 13, 24, 7, 6, 9, 28, 31, 15, 19, 18, 4, 34, 20, 16, 26, 30, 1,9.88794
1, 27, 5, 33, 12, 14, 2, 21, 11, 22, 25, 8, 23, 10, 32, 17, 24, 29, 3, 13, 7, 6, 9, 28, 31, 15, 18, 19, 4, 34, 20, 16, 26, 30, 1,11.0906
1, 33, 27, 12, 14, 2, 21, 22, 25, 5, 8, 10, 6, 7, 23, 11, 32, 17, 24, 13, 3, 29, 9, 28, 31, 15, 18, 19, 4, 34, 20, 16, 30, 26, 1,10.1333
1, 27, 12, 14, 33, 30, 26, 16, 20, 34, 4, 18, 19, 15, 31, 28, 9, 6, 7, 23, 25, 32, 17, 29, 3, 13, 24, 5, 2, 21, 11, 22, 8, 10, 1,10.9965
1, 27, 12, 14, 33, 30, 26, 16, 20, 34, 4, 18, 19, 15, 31, 28, 9, 6, 7, 23, 25, 32, 17, 29, 3, 13, 24, 5, 2, 21, 11, 22, 8, 10, 1,10.9965
1, 5, 8, 10, 29, 3, 13, 24, 17, 32, 11, 23, 7, 6, 9, 28, 31, 15, 18, 19, 4, 34, 20, 16, 33, 30, 26, 27, 12, 14, 25, 2, 21, 22, 1,10.481
1, 5, 8, 10, 29, 3, 13, 24, 17, 32, 11, 23, 7, 6, 9, 28, 31, 15, 18, 19, 4, 34, 20, 16, 33, 30, 26, 27, 12, 14, 25, 2, 21, 22, 1,10.481
1, 12, 14, 33, 30, 26, 16, 20, 34, 4, 18, 19, 15, 31, 28, 9, 6, 7, 25, 5, 32, 17, 24, 13, 3, 29, 10, 2, 23, 11, 22, 21, 8, 27, 1,10.2428
1, 27, 14, 33, 5, 2, 11, 22, 21, 8, 32, 10, 25, 23, 17, 24, 6, 7, 29, 3, 13, 9, 28, 31, 15, 18, 19, 4, 34, 20, 16, 26, 30, 12, 1,10.0026
1, 27, 14, 33, 5, 2, 11, 22, 21, 8, 32, 10, 25, 23, 17, 24, 6, 7, 29, 9, 13, 3, 28, 31, 15, 18, 19, 4, 34, 20, 16, 26, 30, 12, 1,9.07012
1, 27, 14, 33, 5, 2, 11, 22, 21, 8, 32, 10, 25, 23, 17, 24, 6, 7, 29, 3, 13, 9, 28, 31, 15, 18, 19, 4, 34, 20, 16, 26, 30, 12, 1,10.0026
1, 27, 30, 26, 16, 20, 34, 4, 19, 18, 15, 31, 28, 9, 29, 2, 6, 23, 10, 8, 21, 3, 13, 24, 17, 32, 25, 22, 11, 7, 5, 33, 14, 12, 1,10.4684
1, 27, 5, 33, 30, 26, 16, 20, 34, 4, 19, 18, 15, 31, 28, 9, 29, 3, 13, 7, 6, 23, 11, 2, 22, 21, 8, 10, 25, 24, 17, 32, 14, 12, 1,11.2121
1, 27, 5, 14, 32, 17, 24, 25, 10, 8, 21, 22, 2, 11, 23, 6, 7, 13, 3, 29, 9, 28, 31, 15, 18, 19, 4, 34, 20, 16, 26, 30, 33, 12, 1,10.8351
1, 27, 5, 33, 30, 26, 16, 20, 34, 4, 19, 18, 15, 31, 28, 9, 29, 3, 13, 7, 6, 23, 22, 2, 25, 21, 32, 17, 24, 10, 11, 8, 14, 12, 1,10.3597
1, 14, 8, 11, 10, 24, 17, 32, 21, 25, 2, 22, 23, 6, 7, 13, 3, 29, 9, 28, 31, 15, 18, 19, 4, 34, 20, 16, 26, 30, 33, 5, 27, 12, 1,10.4076
1, 27, 5, 33, 30, 26, 16, 20, 34, 4, 19, 18, 15, 31, 28, 9, 24, 3, 13, 7, 6, 23, 11, 2, 22, 21, 8, 10, 25, 29, 17, 32, 14, 12, 1,10.0968
1, 27, 5, 33, 30, 26, 16, 20, 34, 4, 19, 18, 15, 31, 28, 9, 29, 3, 13, 24, 17, 32, 14, 12, 22, 7, 6, 23, 2, 25, 21, 8, 10, 11, 1,9.33293
1, 27, 5, 33, 30, 26, 16, 20, 34, 4, 19, 18, 15, 31, 28, 9, 29, 3, 13, 24, 17, 32, 14, 12, 22, 7, 6, 23, 2, 25, 21, 8, 10, 11, 1,9.33293
1, 27, 5, 32, 17, 29, 25, 10, 8, 21, 22, 2, 11, 23, 6, 7, 24, 3, 13, 9, 28, 31, 15, 18, 19, 4, 34, 20, 16, 26, 30, 33, 14, 12, 1,8.53877
1, 27, 5, 12, 14, 32, 25, 10, 8, 21, 22, 2, 11, 23, 6, 7, 17, 24, 13, 29, 3, 9, 28, 31, 15, 18, 19, 4, 34, 20, 16, 26, 30, 33, 1,8.16566
1, 27, 5, 33, 30, 26, 16, 20, 34, 4, 19, 18, 15, 31, 28, 9, 29, 3, 13, 24, 17, 32, 14, 12, 22, 7, 6, 23, 2, 25, 21, 8, 10, 11, 1,9.33293
1, 27, 5, 14, 32, 17, 24, 13, 3, 29, 9, 28, 31, 15, 18, 19, 4, 34, 20, 16, 26, 30, 33, 12, 22, 21, 7, 6, 23, 2, 25, 8, 10, 11, 1,8.97872
1, 27, 5, 33, 30, 26, 16, 20, 34, 4, 19, 18, 15, 31, 28, 9, 29, 3, 13, 24, 17, 32, 11, 10, 8, 21, 25, 2, 23, 6, 7, 22, 12, 14, 1,7.86814
1, 27, 5, 33, 30, 26, 16, 20, 34, 4, 19, 18, 15, 31, 28, 9, 29, 3, 13, 24, 17, 32, 11, 10, 8, 21, 25, 2, 23, 6, 7, 22, 12, 14, 1,7.86814
1, 27, 5, 33, 30, 26, 16, 20, 34, 4, 3, 19, 18, 15, 31, 28, 9, 29, 13, 24, 17, 23, 14, 12, 22, 7, 6, 32, 2, 25, 21, 8, 10, 11, 1,8.4352
1, 27, 12, 33, 30, 26, 16, 20, 34, 4, 19, 18, 15, 31, 28, 9, 29, 3, 13, 24, 17, 32, 14, 5, 22, 7, 6, 23, 2, 25, 21, 8, 10, 11, 1,8.38598
1, 27, 5, 33, 30, 26, 16, 20, 34, 4, 3, 19, 18, 15, 31, 28, 9, 29, 13, 24, 17, 2, 23, 14, 12, 22, 7, 6, 32, 25, 21, 8, 10, 11, 1,8.00725
1, 27, 5, 33, 30, 26, 16, 20, 34, 4, 19, 18, 15, 3, 31, 28, 9, 29, 13, 24, 17, 32, 14, 12, 22, 21, 7, 6, 23, 2, 25, 8, 10, 11, 1,8.021
1, 27, 5, 33, 30, 26, 16, 20, 34, 4, 19, 18, 15, 31, 3, 28, 9, 29, 13, 24, 17, 32, 14, 12, 22, 21, 7, 6, 23, 2, 25, 8, 10, 11, 1,7.5042
1, 27, 5, 33, 30, 26, 16, 20, 34, 4, 19, 18, 15, 31, 3, 28, 9, 29, 13, 24, 17, 32, 14, 12, 22, 21, 7, 6, 23, 2, 25, 8, 10, 11, 1,7.5042
1, 27, 2, 23, 6, 7, 32, 17, 24, 13, 29, 9, 28, 31, 3, 15, 18, 19, 4, 34, 20, 16, 26, 30, 33, 5, 14, 12, 22, 21, 25, 8, 10, 11, 1,7.49671
1, 27, 2, 23, 6, 7, 32, 17, 24, 13, 29, 9, 28, 31, 3, 15, 18, 19, 4, 34, 20, 16, 26, 30, 33, 5, 14, 12, 22, 21, 25, 8, 10, 11, 1,7.49671
1, 27, 2, 23, 6, 7, 32, 17, 24, 13, 29, 9, 28, 31, 3, 15, 18, 19, 4, 34, 20, 16, 26, 30, 33, 5, 14, 12, 22, 21, 25, 8, 10, 11, 1,7.49671
1, 27, 2, 23, 6, 7, 32, 17, 24, 13, 29, 9, 28, 31, 3, 15, 18, 19, 4, 34, 20, 16, 26, 30, 33, 5, 14, 12, 22, 21, 25, 8, 10, 11, 1,7.49671
1, 27, 2, 23, 6, 7, 32, 17, 24, 13, 29, 9, 28, 31, 3, 15, 18, 19, 4, 34, 20, 16, 26, 30, 33, 5, 14, 12, 22, 21, 25, 8, 10, 11, 1,7.49671
1, 27, 2, 8, 23, 6, 7, 32, 17, 24, 13, 29, 9, 28, 31, 3, 15, 18, 19, 4, 34, 20, 16, 26, 30, 33, 5, 14, 12, 22, 21, 25, 10, 11, 1,7.60584
1, 27, 2, 8, 23, 12, 14, 5, 33, 30, 26, 16, 20, 34, 4, 19, 18, 15, 3, 31, 28, 9, 29, 13, 24, 17, 32, 7, 6, 22, 21, 25, 10, 11, 1,7.79786
1, 27, 2, 8, 23, 11, 10, 25, 21, 22, 6, 7, 32, 17, 24, 13, 29, 9, 28, 31, 3, 15, 18, 19, 4, 34, 20, 16, 26, 30, 33, 5, 14, 12, 1,6.68093
1, 27, 22, 6, 7, 32, 17, 24, 13, 29, 9, 28, 31, 3, 15, 18, 19, 4, 34, 20, 16, 26, 30, 33, 5, 14, 12, 23, 8, 2, 21, 25, 10, 11, 1,7.23551
1, 27, 22, 6, 7, 32, 17, 24, 13, 29, 9, 28, 31, 3, 15, 18, 19, 4, 34, 20, 16, 26, 30, 33, 5, 14, 12, 23, 8, 2, 21, 25, 10, 11, 1,7.23551
1, 27, 5, 23, 17, 24, 13, 29, 9, 28, 31, 15, 19, 3, 34, 4, 18, 20, 16, 26, 30, 33, 14, 12, 22, 7, 6, 32, 2, 21, 8, 10, 25, 11, 1,7.40974
1, 27, 5, 33, 30, 26, 16, 20, 34, 4, 19, 18, 15, 3, 31, 28, 9, 29, 13, 24, 17, 32, 14, 12, 22, 23, 25, 7, 6, 2, 21, 8, 10, 11, 1,7.748
1, 27, 5, 33, 30, 26, 16, 20, 34, 4, 19, 18, 15, 3, 31, 28, 9, 29, 13, 24, 17, 2, 23, 6, 7, 32, 14, 12, 11, 25, 10, 8, 21, 22, 1,7.92468
1, 27, 5, 33, 30, 26, 16, 20, 34, 4, 19, 18, 15, 3, 31, 28, 9, 29, 13, 24, 17, 2, 23, 6, 7, 32, 22, 21, 14, 12, 25, 8, 10, 11, 1,7.38012
1, 27, 5, 33, 30, 26, 16, 20, 34, 4, 19, 18, 15, 3, 31, 28, 9, 29, 13, 24, 17, 2, 23, 6, 7, 32, 25, 21, 8, 14, 12, 22, 10, 11, 1,7.03481
1, 27, 5, 33, 30, 26, 16, 20, 34, 4, 19, 18, 15, 3, 31, 28, 9, 17, 24, 13, 29, 2, 8, 14, 12, 23, 32, 22, 21, 7, 6, 25, 10, 11, 1,7.29655
1, 27, 5, 33, 30, 26, 16, 20, 34, 4, 19, 18, 15, 3, 31, 28, 9, 29, 13, 24, 17, 2, 23, 6, 7, 32, 10, 8, 21, 25, 22, 12, 14, 11, 1,6.82637
1, 27, 5, 33, 30, 26, 16, 20, 34, 4, 19, 18, 15, 3, 31, 28, 9, 29, 13, 24, 17, 2, 23, 6, 7, 32, 10, 8, 21, 25, 22, 12, 14, 11, 1,6.82637
1, 27, 14, 12, 22, 25, 21, 8, 10, 32, 7, 6, 23, 2, 17, 24, 13, 29, 9, 28, 31, 3, 15, 18, 19, 4, 34, 20, 16, 26, 30, 33, 5, 11, 1,6.43122
1, 27, 14, 12, 22, 25, 21, 8, 10, 32, 7, 6, 23, 2, 17, 24, 13, 29, 9, 28, 31, 3, 15, 18, 19, 4, 34, 20, 16, 26, 30, 33, 5, 11, 1,6.43122
1, 27, 12, 22, 25, 21, 8, 10, 32, 7, 6, 23, 2, 17, 24, 13, 29, 9, 28, 31, 3, 15, 18, 19, 4, 34, 20, 16, 26, 30, 33, 5, 14, 11, 1,6.8985
1, 14, 27, 11, 12, 22, 25, 21, 8, 10, 32, 7, 6, 23, 2, 17, 24, 13, 29, 9, 28, 31, 3, 15, 18, 19, 4, 34, 20, 16, 26, 30, 33, 5, 1,6.98389
1, 27, 5, 33, 30, 26, 16, 20, 34, 4, 19, 18, 15, 3, 31, 28, 9, 29, 24, 13, 17, 2, 23, 6, 7, 32, 10, 11, 22, 25, 21, 8, 14, 12, 1,6.10721
1, 27, 5, 33, 30, 26, 16, 20, 34, 4, 19, 18, 15, 3, 31, 28, 9, 29, 24, 13, 17, 2, 23, 6, 7, 32, 10, 11, 22, 25, 21, 8, 14, 12, 1,6.10721
1, 27, 5, 33, 30, 26, 16, 20, 34, 4, 19, 18, 15, 3, 31, 28, 9, 29, 24, 13, 17, 2, 23, 6, 7, 32, 10, 11, 22, 25, 21, 8, 14, 12, 1,6.10721
1, 27, 5, 33, 30, 26, 16, 20, 34, 4, 18, 19, 15, 3, 31, 28, 9, 29, 24, 13, 17, 2, 23, 6, 25, 22, 8, 7, 32, 21, 10, 14, 12, 11, 1,6.56384
1, 27, 5, 33, 30, 26, 16, 20, 34, 4, 18, 19, 15, 3, 31, 28, 9, 29, 24, 13, 17, 2, 23, 6, 25, 22, 8, 7, 32, 21, 10, 14, 12, 11, 1,6.56384
1, 27, 5, 30, 33, 26, 16, 20, 34, 4, 19, 18, 15, 3, 31, 28, 9, 29, 24, 13, 17, 2, 23, 7, 6, 32, 10, 25, 22, 8, 21, 14, 12, 11, 1,6.30202
1, 27, 5, 30, 33, 26, 16, 20, 34, 4, 19, 18, 15, 3, 31, 28, 9, 29, 24, 13, 17, 2, 10, 23, 7, 6, 32, 25, 22, 8, 21, 14, 12, 11, 1,6.24155
1, 27, 5, 11, 12, 14, 8, 22, 25, 21, 32, 7, 10, 23, 6, 2, 17, 13, 24, 29, 9, 28, 31, 3, 15, 18, 19, 4, 34, 20, 16, 26, 30, 33, 1,6.42075
1, 27, 5, 33, 30, 26, 16, 20, 34, 4, 19, 18, 15, 3, 31, 28, 9, 29, 13, 24, 17, 2, 23, 6, 7, 32, 11, 12, 14, 8, 22, 25, 10, 21, 1,7.29804
1, 27, 5, 33, 30, 26, 16, 20, 34, 4, 19, 18, 15, 3, 31, 28, 9, 29, 13, 24, 17, 2, 23, 6, 7, 32, 11, 12, 14, 8, 21, 22, 25, 10, 1,7.28453
1, 12, 27, 14, 5, 33, 30, 26, 16, 20, 34, 4, 19, 18, 15, 3, 31, 28, 9, 29, 13, 24, 17, 2, 23, 6, 7, 32, 10, 8, 21, 25, 22, 11, 1,5.62171
1, 10, 32, 21, 27, 5, 30, 33, 14, 12, 26, 16, 20, 34, 4, 19, 18, 15, 3, 31, 28, 9, 29, 13, 24, 17, 2, 23, 6, 7, 8, 25, 22, 11, 1,7.19655
1, 27, 5, 33, 30, 26, 16, 20, 34, 4, 19, 18, 15, 3, 31, 28, 9, 29, 24, 13, 17, 7, 8, 10, 25, 21, 14, 12, 11, 2, 6, 32, 23, 22, 1,7.37971
1, 12, 27, 14, 21, 8, 10, 5, 25, 26, 33, 30, 16, 20, 34, 4, 19, 18, 15, 3, 31, 28, 9, 29, 24, 13, 17, 7, 6, 32, 2, 23, 22, 11, 1,7.97348
1, 27, 5, 33, 30, 26, 16, 20, 34, 4, 19, 18, 15, 3, 31, 28, 9, 29, 24, 13, 17, 7, 8, 10, 25, 6, 21, 12, 14, 22, 32, 2, 23, 11, 1,7.63971
1, 27, 5, 33, 30, 26, 16, 20, 34, 4, 19, 18, 15, 3, 31, 28, 9, 29, 24, 13, 17, 7, 8, 10, 25, 6, 21, 12, 14, 22, 32, 2, 23, 11, 1,7.63971
1, 27, 5, 33, 30, 26, 16, 20, 34, 4, 19, 18, 15, 3, 31, 28, 9, 29, 24, 13, 17, 7, 8, 10, 25, 6, 21, 12, 14, 22, 32, 2, 23, 11, 1,7.63971
1, 14, 12, 5, 30, 33, 26, 16, 20, 34, 15, 18, 4, 19, 3, 31, 28, 9, 29, 24, 32, 13, 17, 7, 6, 2, 23, 22, 21, 25, 10, 8, 27, 11, 1,7.40402
1, 14, 12, 5, 30, 33, 26, 16, 20, 34, 15, 18, 4, 19, 3, 31, 28, 9, 29, 24, 32, 13, 17, 7, 6, 2, 23, 22, 21, 25, 10, 8, 27, 11, 1,7.40402
1, 14, 27, 5, 8, 10, 25, 21, 11, 12, 30, 33, 26, 16, 20, 34, 4, 19, 18, 15, 3, 31, 28, 9, 29, 24, 23, 2, 6, 7, 17, 13, 32, 22, 1,8.26256
1, 12, 14, 21, 25, 8, 22, 2, 5, 10, 23, 6, 7, 17, 13, 32, 24, 29, 9, 28, 31, 3, 15, 18, 19, 4, 34, 20, 16, 26, 33, 30, 27, 11, 1,8.81453
1, 8, 10, 22, 2, 23, 6, 7, 17, 13, 32, 24, 29, 9, 28, 31, 3, 15, 18, 19, 34, 4, 20, 16, 26, 33, 30, 27, 11, 12, 14, 21, 25, 5, 1,8.60251
1, 8, 10, 5, 25, 21, 14, 12, 11, 27, 30, 33, 26, 16, 20, 4, 34, 19, 18, 15, 3, 31, 28, 9, 29, 24, 13, 17, 32, 7, 6, 23, 2, 22, 1,7.65075
1, 14, 12, 2, 23, 8, 10, 22, 6, 7, 24, 32, 13, 17, 29, 9, 28, 31, 3, 15, 18, 19, 34, 4, 20, 16, 26, 33, 30, 27, 11, 21, 25, 5, 1,8.60748
1, 22, 2, 10, 12, 6, 7, 17, 13, 29, 24, 9, 28, 31, 3, 15, 4, 19, 18, 34, 20, 16, 26, 33, 30, 5, 8, 23, 32, 21, 25, 11, 27, 14, 1,9.26757
1, 32, 6, 23, 2, 22, 7, 17, 13, 24, 29, 9, 28, 31, 3, 15, 18, 19, 4, 34, 20, 16, 26, 33, 12, 11, 8, 10, 5, 25, 21, 14, 27, 30, 1,8.78572
1, 14, 23, 2, 10, 8, 7, 22, 6, 32, 17, 13, 24, 29, 9, 28, 31, 3, 15, 18, 19, 4, 34, 20, 30, 33, 16, 26, 5, 27, 11, 21, 25, 12, 1,8.58736
1, 14, 23, 2, 10, 8, 7, 22, 6, 32, 17, 13, 24, 29, 9, 28, 31, 3, 15, 18, 19, 4, 34, 20, 30, 33, 16, 26, 5, 27, 11, 21, 25, 12, 1,8.58736
1, 14, 23, 2, 10, 8, 7, 22, 6, 32, 17, 13, 24, 29, 9, 28, 31, 3, 15, 18, 19, 4, 34, 20, 30, 33, 16, 26, 5, 27, 11, 21, 25, 12, 1,8.58736
1, 14, 23, 2, 10, 8, 7, 22, 6, 32, 17, 13, 24, 29, 9, 28, 31, 3, 15, 18, 19, 4, 34, 20, 30, 33, 16, 26, 5, 27, 11, 21, 25, 12, 1,8.58736
1, 14, 23, 2, 10, 8, 7, 22, 6, 32, 17, 13, 24, 29, 9, 28, 31, 3, 15, 18, 19, 4, 34, 20, 30, 33, 16, 26, 5, 27, 11, 21, 25, 12, 1,8.58736
1, 14, 23, 2, 10, 8, 7, 22, 6, 32, 17, 13, 24, 29, 9, 28, 31, 3, 15, 18, 19, 4, 34, 20, 30, 33, 16, 26, 5, 27, 11, 21, 25, 12, 1,8.58736
1, 22, 2, 6, 7, 17, 13, 24, 29, 9, 28, 31, 3, 15, 18, 34, 4, 19, 20, 16, 33, 26, 30, 5, 25, 10, 8, 32, 14, 12, 11, 21, 23, 27, 1,9.34379
1, 22, 2, 6, 7, 17, 13, 24, 29, 9, 28, 31, 3, 15, 18, 34, 4, 19, 20, 16, 33, 26, 30, 5, 25, 10, 8, 32, 14, 12, 11, 21, 23, 27, 1,9.34379
1, 14, 10, 27, 25, 7, 23, 2, 6, 22, 12, 11, 5, 8, 21, 32, 17, 13, 24, 29, 9, 28, 31, 3, 15, 18, 34, 4, 19, 20, 16, 26, 33, 30, 1,9.33232
1, 5, 11, 21, 2, 22, 25, 27, 10, 8, 14, 12, 23, 32, 6, 7, 17, 13, 24, 29, 9, 28, 31, 3, 15, 18, 34, 4, 19, 20, 16, 33, 26, 30, 1,8.53043
1, 12, 21, 27, 25, 7, 23, 2, 6, 22, 11, 5, 8, 10, 32, 17, 13, 24, 29, 9, 28, 31, 3, 15, 18, 34, 4, 19, 20, 16, 26, 33, 30, 14, 1,7.92791
1, 14, 10, 27, 5, 25, 22, 2, 12, 11, 8, 21, 23, 32, 6, 7, 17, 13, 24, 29, 9, 28, 31, 3, 15, 18, 34, 4, 19, 20, 16, 26, 33, 30, 1,9.32175
1, 5, 30, 33, 26, 16, 20, 34, 4, 19, 18, 15, 3, 31, 28, 9, 29, 24, 13, 17, 7, 23, 2, 6, 22, 27, 14, 10, 25, 12, 11, 8, 21, 32, 1,9.58448
1, 14, 27, 10, 25, 22, 2, 12, 11, 5, 8, 21, 23, 32, 6, 7, 17, 13, 29, 24, 9, 28, 31, 3, 15, 4, 19, 18, 34, 20, 16, 26, 30, 33, 1,8.30868
1, 11, 5, 8, 21, 23, 32, 6, 7, 17, 13, 29, 24, 9, 28, 31, 3, 15, 4, 19, 18, 34, 20, 16, 26, 33, 30, 14, 27, 10, 25, 22, 2, 12, 1,7.56213
1, 11, 5, 8, 21, 23, 32, 6, 7, 17, 13, 29, 24, 9, 28, 31, 3, 15, 4, 19, 18, 34, 20, 16, 26, 33, 30, 14, 27, 10, 25, 22, 2, 12, 1,7.56213
1, 14, 27, 10, 25, 22, 2, 12, 11, 5, 8, 21, 23, 32, 6, 7, 17, 13, 29, 24, 9, 28, 31, 3, 15, 4, 19, 18, 34, 20, 16, 33, 26, 30, 1,7.82182
1, 14, 27, 10, 25, 22, 2, 12, 11, 5, 8, 21, 23, 32, 6, 7, 17, 13, 29, 24, 9, 28, 31, 3, 15, 4, 19, 18, 34, 20, 16, 26, 33, 30, 1,8.00726
1, 27, 10, 25, 22, 2, 12, 11, 5, 8, 21, 23, 32, 6, 7, 17, 13, 29, 24, 9, 28, 31, 3, 15, 4, 19, 18, 34, 20, 16, 26, 33, 30, 14, 1,7.83242
1, 11, 5, 8, 21, 23, 32, 6, 7, 17, 13, 29, 24, 9, 28, 31, 3, 15, 4, 19, 18, 34, 20, 16, 26, 33, 30, 14, 27, 10, 25, 22, 2, 12, 1,7.56213
1, 14, 27, 10, 25, 22, 2, 12, 11, 5, 8, 21, 23, 32, 6, 7, 17, 13, 29, 24, 9, 28, 31, 3, 19, 15, 4, 18, 34, 20, 16, 26, 33, 30, 1,7.46115
