# best solutions
1, 22, 7, 23, 18, 9, 34, 11, 26, 28, 13, 3, 30, 8, 24, 31, 20, 4, 2, 6, 19, 27, 17, 16, 29, 14, 5, 10, 12, 15, 21, 25, 33, 32, 1,7.55529
1, 15, 9, 25, 8, 11, 28, 16, 12, 22, 26, 20, 7, 4, 21, 17, 30, 23, 3, 14, 33, 34, 29, 24, 6, 13, 5, 2, 32, 19, 27, 10, 31, 18, 1,7.42693
1, 24, 31, 20, 4, 2, 19, 27, 17, 16, 14, 5, 10, 25, 29, 6, 13, 30, 22, 7, 23, 18, 9, 12, 15, 21, 33, 32, 34, 11, 26, 28, 3, 8, 1,6.26873
1, 24, 31, 20, 4, 2, 19, 27, 17, 16, 14, 5, 10, 25, 29, 6, 13, 30, 22, 7, 23, 18, 9, 12, 15, 21, 33, 32, 34, 11, 26, 28, 8, 3, 1,6.33163
1, 24, 31, 20, 4, 2, 19, 27, 17, 16, 14, 5, 10, 25, 29, 6, 13, 30, 22, 7, 23, 18, 9, 12, 15, 21, 33, 32, 34, 8, 11, 28, 26, 3, 1,6.10294
1, 24, 31, 20, 4, 2, 19, 27, 17, 16, 14, 21, 32, 15, 9, 25, 5, 28, 11, 3, 10, 29, 6, 13, 34, 22, 30, 7, 33, 23, 18, 12, 26, 8, 1,5.54362
1, 21, 32, 31, 15, 9, 25, 5, 28, 11, 8, 6, 13, 27, 19, 2, 17, 16, 12, 22, 26, 20, 4, 30, 23, 3, 14, 34, 7, 33, 29, 24, 10, 18, 1,5.40366
1, 9, 25, 5, 28, 11, 3, 10, 29, 6, 13, 24, 31, 20, 4, 2, 19, 27, 17, 16, 14, 21, 32, 15, 34, 22, 30, 7, 33, 23, 18, 12, 26, 8, 1,5.19609
1, 15, 9, 24, 21, 32, 31, 20, 4, 2, 19, 27, 17, 16, 14, 25, 5, 28, 11, 3, 13, 29, 6, 10, 34, 22, 30, 7, 33, 23, 18, 12, 26, 8, 1,4.52145
1, 15, 9, 24, 21, 32, 31, 20, 4, 2, 19, 27, 17, 16, 14, 25, 5, 28, 11, 3, 13, 29, 6, 10, 34, 22, 30, 7, 33, 23, 18, 12, 26, 8, 1,4.52145
1, 15, 9, 24, 21, 32, 31, 20, 4, 2, 19, 27, 17, 16, 14, 25, 5, 28, 11, 3, 13, 29, 6, 10, 34, 22, 30, 7, 33, 23, 18, 12, 26, 8, 1,4.52145
1, 15, 9, 24, 21, 22, 30, 7, 33, 32, 31, 20, 4, 2, 19, 27, 17, 16, 14, 25, 5, 28, 11, 3, 13, 29, 6, 10, 34, 23, 18, 12, 26, 8, 1,4.49421
1, 15, 9, 24, 21, 32, 31, 20, 4, 2, 19, 27, 25, 5, 28, 11, 3, 22, 30, 7, 33, 17, 16, 14, 13, 29, 6, 10, 34, 23, 18, 12, 26, 8, 1,4.49074
1, 15, 9, 24, 21, 32, 31, 20, 4, 2, 22, 30, 7, 33, 19, 27, 17, 16, 14, 25, 5, 28, 11, 3, 13, 29, 6, 10, 34, 23, 18, 12, 26, 8, 1,4.30844
1, 15, 9, 24, 21, 32, 31, 20, 4, 2, 22, 30, 7, 33, 19, 27, 17, 16, 14, 25, 5, 28, 11, 10, 13, 29, 6, 3, 34, 23, 18, 12, 26, 8, 1,4.21942
1, 15, 9, 24, 21, 32, 23, 31, 20, 22, 2, 4, 30, 7, 33, 19, 27, 17, 16, 14, 25, 5, 28, 11, 3, 13, 29, 6, 10, 34, 18, 12, 26, 8, 1,3.73345
1, 15, 9, 24, 21, 32, 23, 31, 20, 4, 2, 22, 30, 7, 33, 19, 27, 17, 16, 14, 25, 5, 28, 11, 10, 13, 29, 6, 3, 34, 18, 12, 26, 8, 1,3.6791
1, 15, 9, 24, 21, 32, 23, 31, 20, 4, 2, 22, 30, 7, 33, 19, 27, 17, 16, 14, 25, 5, 28, 11, 10, 26, 12, 18, 34, 3, 6, 29, 13, 8, 1,3.55256
1, 15, 9, 24, 21, 32, 31, 20, 23, 4, 2, 22, 30, 7, 33, 19, 27, 17, 16, 14, 3, 11, 28, 5, 25, 29, 13, 6, 10, 34, 18, 12, 26, 8, 1,3.48025
1, 15, 9, 24, 21, 32, 23, 31, 20, 22, 2, 4, 30, 7, 33, 19, 27, 17, 16, 14, 25, 5, 28, 11, 10, 6, 29, 13, 3, 34, 18, 12, 26, 8, 1,3.53065
1, 15, 9, 17, 16, 14, 25, 5, 28, 11, 10, 26, 12, 18, 34, 3, 6, 24, 21, 32, 23, 31, 20, 4, 22, 2, 30, 7, 33, 19, 27, 29, 13, 8, 1,3.25098
1, 15, 9, 17, 16, 14, 25, 5, 28, 11, 10, 26, 12, 18, 34, 3, 6, 24, 21, 32, 23, 31, 20, 4, 22, 2, 30, 7, 33, 19, 27, 29, 13, 8, 1,3.25098
1, 15, 9, 17, 16, 14, 25, 5, 28, 11, 10, 26, 12, 18, 34, 3, 6, 24, 21, 32, 23, 31, 20, 4, 22, 2, 30, 7, 33, 19, 27, 29, 13, 8, 1,3.25098
1, 15, 9, 17, 16, 14, 25, 5, 28, 11, 10, 26, 12, 18, 34, 3, 6, 13, 29, 27, 19, 33, 7, 30, 2, 22, 4, 20, 31, 23, 32, 21, 24, 8, 1,3.05961
1, 15, 9, 17, 16, 14, 25, 5, 28, 11, 10, 26, 12, 18, 34, 3, 6, 24, 21, 32, 23, 31, 20, 4, 22, 2, 30, 7, 33, 19, 27, 29, 13, 8, 1,3.25098
1, 15, 9, 17, 16, 14, 25, 5, 28, 11, 10, 26, 12, 18, 34, 3, 6, 24, 21, 2, 23, 31, 20, 4, 22, 32, 30, 7, 33, 19, 27, 29, 13, 8, 1,3.1508
1, 15, 9, 17, 16, 14, 25, 5, 29, 27, 19, 33, 7, 30, 2, 22, 4, 20, 31, 23, 32, 21, 24, 6, 3, 34, 18, 12, 26, 10, 11, 28, 13, 8, 1,3.04179
1, 15, 9, 17, 16, 14, 25, 5, 29, 27, 19, 33, 7, 30, 2, 22, 4, 20, 31, 23, 32, 21, 24, 6, 3, 34, 18, 12, 26, 10, 11, 28, 13, 8, 1,3.04179
1, 15, 9, 17, 16, 14, 25, 5, 29, 27, 19, 33, 7, 30, 2, 22, 4, 20, 31, 23, 32, 21, 24, 6, 28, 11, 10, 26, 12, 18, 34, 3, 13, 8, 1,2.9126
1, 15, 9, 17, 16, 14, 25, 5, 29, 27, 19, 33, 7, 30, 2, 22, 4, 20, 31, 23, 32, 21, 3, 6, 24, 34, 18, 12, 26, 10, 11, 28, 13, 8, 1,2.77298
1, 15, 9, 17, 16, 14, 25, 5, 29, 27, 19, 33, 7, 30, 2, 22, 4, 20, 31, 23, 32, 21, 3, 6, 24, 34, 18, 12, 26, 10, 11, 28, 13, 8, 1,2.77298
1, 15, 9, 17, 16, 14, 13, 25, 5, 29, 27, 19, 33, 7, 30, 2, 22, 4, 20, 31, 23, 32, 21, 24, 6, 28, 11, 10, 26, 12, 18, 34, 3, 8, 1,2.78815
1, 31, 20, 4, 22, 2, 30, 7, 33, 19, 27, 29, 5, 25, 14, 16, 17, 9, 15, 23, 32, 21, 13, 3, 34, 18, 12, 26, 10, 11, 28, 6, 24, 8, 1,2.44672
1, 15, 9, 17, 16, 14, 13, 25, 5, 29, 27, 19, 33, 7, 30, 2, 22, 4, 20, 31, 23, 32, 21, 3, 34, 18, 12, 26, 10, 11, 28, 6, 24, 8, 1,2.37542
1, 15, 9, 17, 16, 14, 13, 25, 5, 29, 27, 19, 33, 7, 30, 2, 22, 4, 20, 31, 23, 32, 21, 3, 34, 18, 12, 26, 10, 11, 28, 6, 24, 8, 1,2.37542
1, 31, 20, 4, 15, 9, 17, 16, 14, 13, 25, 5, 29, 27, 19, 33, 7, 30, 2, 22, 23, 32, 21, 3, 34, 18, 12, 26, 10, 11, 28, 6, 24, 8, 1,2.28576
1, 31, 20, 4, 15, 9, 17, 16, 14, 13, 25, 5, 29, 27, 19, 33, 7, 30, 2, 22, 23, 32, 21, 3, 34, 18, 12, 26, 10, 11, 28, 6, 24, 8, 1,2.28576
1, 31, 15, 9, 17, 16, 14, 13, 25, 5, 29, 27, 19, 33, 20, 4, 22, 2, 7, 30, 23, 32, 21, 3, 34, 18, 12, 26, 10, 11, 28, 6, 24, 8, 1,2.1865
1, 31, 15, 9, 17, 16, 14, 13, 25, 5, 29, 27, 19, 33, 20, 4, 22, 2, 7, 30, 23, 32, 21, 3, 34, 18, 12, 26, 10, 11, 28, 6, 24, 8, 1,2.1865
1, 31, 15, 9, 17, 16, 14, 13, 25, 5, 29, 27, 19, 33, 20, 4, 7, 30, 2, 22, 23, 32, 21, 3, 34, 12, 18, 26, 10, 11, 28, 6, 24, 8, 1,2.12096
1, 31, 20, 15, 9, 17, 16, 14, 13, 25, 5, 29, 27, 19, 33, 4, 22, 2, 7, 30, 23, 32, 21, 3, 34, 12, 18, 26, 10, 11, 28, 6, 24, 8, 1,2.08398
1, 31, 15, 9, 17, 16, 14, 13, 25, 5, 29, 27, 19, 33, 4, 20, 7, 30, 2, 22, 23, 32, 21, 3, 34, 12, 18, 26, 10, 11, 28, 6, 24, 8, 1,1.98922
1, 31, 15, 9, 17, 16, 14, 13, 25, 5, 29, 27, 19, 33, 4, 20, 7, 30, 2, 22, 23, 32, 21, 3, 34, 12, 18, 26, 10, 11, 28, 6, 24, 8, 1,1.98922
1, 31, 15, 9, 17, 16, 14, 13, 25, 5, 29, 27, 19, 33, 4, 20, 7, 30, 2, 22, 23, 32, 21, 3, 34, 12, 18, 26, 10, 11, 28, 6, 24, 8, 1,1.98922
1, 31, 15, 9, 17, 16, 14, 13, 25, 5, 29, 27, 19, 33, 4, 20, 7, 30, 2, 22, 23, 32, 21, 3, 34, 12, 18, 26, 10, 11, 28, 6, 24, 8, 1,1.98922
1, 31, 15, 9, 17, 16, 14, 13, 25, 5, 29, 27, 19, 33, 4, 20, 7, 30, 2, 22, 23, 32, 21, 3, 34, 12, 18, 26, 10, 11, 28, 6, 24, 8, 1,1.98922
1, 31, 15, 9, 17, 16, 14, 13, 25, 5, 29, 27, 19, 33, 4, 20, 7, 30, 2, 22, 23, 32, 21, 3, 34, 12, 18, 26, 10, 11, 28, 6, 24, 8, 1,1.98922
1, 31, 15, 9, 17, 16, 14, 13, 25, 5, 29, 27, 19, 33, 4, 20, 7, 30, 2, 22, 23, 32, 21, 3, 34, 12, 18, 26, 10, 11, 28, 6, 24, 8, 1,1.98922
1, 31, 15, 9, 17, 16, 14, 13, 25, 5, 29, 27, 19, 33, 4, 20, 7, 30, 2, 22, 23, 32, 21, 3, 34, 12, 18, 26, 10, 11, 28, 6, 24, 8, 1,1.98922
1, 31, 15, 9, 13, 16, 14, 17, 25, 5, 29, 27, 19, 33, 4, 20, 7, 30, 2, 22, 23, 32, 21, 3, 34, 12, 18, 26, 10, 11, 28, 6, 24, 8, 1,1.9852
1, 31, 15, 9, 13, 16, 14, 17, 25, 5, 29, 27, 19, 33, 4, 20, 7, 30, 2, 22, 23, 32, 21, 3, 34, 12, 18, 26, 10, 11, 28, 6, 24, 8, 1,1.9852
1, 31, 15, 9, 13, 16, 14, 17, 25, 5, 29, 27, 19, 33, 4, 20, 7, 30, 2, 22, 23, 32, 21, 3, 34, 12, 18, 26, 10, 11, 28, 6, 24, 8, 1,1.9852
1, 31, 15, 9, 13, 16, 14, 17, 25, 5, 29, 27, 19, 33, 4, 20, 7, 30, 2, 22, 23, 32, 21, 3, 34, 12, 18, 26, 10, 11, 28, 6, 24, 8, 1,1.9852
1, 31, 15, 9, 13, 16, 14, 17, 25, 5, 29, 27, 19, 33, 4, 20, 7, 30, 2, 22, 23, 32, 21, 3, 34, 12, 18, 26, 10, 11, 28, 6, 24, 8, 1,1.9852
1, 31, 15, 9, 13, 16, 14, 17, 25, 5, 29, 27, 19, 33, 4, 20, 7, 30, 2, 22, 23, 32, 21, 3, 34, 12, 18, 26, 10, 11, 28, 6, 24, 8, 1,1.9852
1, 31, 15, 9, 13, 16, 14, 17, 25, 5, 29, 27, 19, 33, 4, 20, 7, 30, 2, 22, 23, 32, 21, 3, 34, 12, 18, 26, 10, 11, 28, 6, 24, 8, 1,1.9852
1, 31, 15, 9, 13, 16, 14, 17, 25, 5, 29, 27, 19, 33, 4, 20, 7, 30, 2, 22, 23, 32, 21, 3, 34, 12, 18, 26, 10, 11, 28, 6, 24, 8, 1,1.9852
1, 31, 15, 9, 14, 16, 13, 17, 25, 5, 29, 27, 19, 33, 4, 20, 7, 30, 2, 22, 23, 32, 21, 3, 34, 12, 18, 26, 10, 11, 28, 6, 24, 8, 1,1.95756
1, 31, 15, 9, 13, 16, 14, 17, 25, 5, 29, 27, 19, 33, 4, 20, 7, 30, 32, 22, 23, 2, 21, 3, 34, 12, 18, 26, 10, 11, 28, 6, 24, 8, 1,1.88502
1, 31, 15, 9, 13, 16, 14, 17, 25, 5, 29, 27, 19, 33, 4, 20, 7, 30, 32, 22, 23, 2, 21, 3, 34, 12, 18, 26, 10, 11, 28, 6, 24, 8, 1,1.88502
1, 31, 15, 9, 14, 16, 13, 17, 25, 5, 29, 27, 19, 33, 4, 20, 7, 30, 32, 22, 23, 2, 21, 3, 34, 12, 18, 26, 10, 11, 28, 6, 24, 8, 1,1.85738
1, 31, 15, 9, 14, 16, 13, 17, 25, 5, 29, 27, 19, 33, 4, 20, 7, 30, 32, 22, 23, 2, 21, 3, 34, 12, 18, 26, 10, 11, 28, 6, 24, 8, 1,1.85738
1, 31, 15, 9, 14, 16, 13, 17, 25, 5, 29, 27, 19, 33, 4, 20, 7, 30, 32, 22, 23, 2, 21, 3, 34, 12, 18, 26, 10, 11, 28, 6, 24, 8, 1,1.85738
1, 31, 15, 9, 14, 16, 13, 17, 25, 5, 29, 27, 19, 33, 4, 20, 7, 30, 32, 22, 23, 2, 21, 3, 34, 12, 18, 26, 10, 11, 28, 6, 24, 8, 1,1.85738
1, 31, 15, 9, 14, 16, 13, 17, 25, 5, 29, 27, 19, 33, 4, 20, 7, 30, 32, 22, 23, 2, 21, 3, 34, 12, 18, 26, 10, 11, 28, 6, 24, 8, 1,1.85738
1, 31, 15, 9, 14, 16, 13, 17, 25, 5, 29, 27, 19, 33, 4, 20, 7, 30, 23, 22, 32, 2, 21, 3, 34, 12, 18, 26, 10, 11, 28, 6, 24, 8, 1,1.85475
1, 31, 15, 9, 14, 16, 13, 17, 25, 5, 29, 27, 19, 33, 4, 20, 7, 30, 32, 23, 22, 2, 21, 3, 34, 12, 18, 26, 10, 11, 28, 6, 24, 8, 1,1.8075
1, 31, 15, 9, 14, 16, 13, 17, 25, 5, 29, 27, 19, 33, 4, 20, 7, 30, 32, 23, 22, 2, 21, 3, 34, 12, 18, 26, 10, 11, 28, 6, 24, 8, 1,1.8075
1, 31, 15, 9, 14, 16, 13, 17, 25, 5, 29, 27, 19, 33, 4, 20, 7, 30, 32, 23, 22, 2, 21, 3, 34, 12, 18, 26, 10, 11, 28, 6, 24, 8, 1,1.8075
1, 31, 15, 9, 14, 16, 13, 17, 25, 5, 29, 27, 19, 33, 4, 20, 7, 30, 32, 23, 22, 2, 21, 3, 34, 8, 24, 6, 28, 11, 10, 26, 18, 12, 1,1.7652
1, 31, 15, 9, 14, 16, 13, 17, 25, 5, 29, 27, 19, 33, 4, 20, 7, 30, 32, 23, 22, 2, 21, 3, 34, 8, 24, 6, 28, 11, 10, 26, 18, 12, 1,1.7652
1, 31, 15, 9, 14, 16, 13, 17, 25, 5, 29, 27, 19, 33, 32, 20, 7, 30, 4, 23, 22, 2, 21, 3, 34, 8, 24, 6, 28, 11, 10, 26, 18, 12, 1,1.74945
1, 31, 15, 9, 14, 16, 13, 17, 25, 5, 29, 27, 19, 33, 32, 20, 7, 30, 4, 23, 22, 2, 21, 3, 34, 8, 24, 6, 28, 11, 10, 26, 18, 12, 1,1.74945
1, 31, 15, 9, 14, 16, 13, 17, 25, 5, 29, 27, 19, 33, 32, 20, 7, 30, 4, 23, 22, 2, 21, 3, 34, 8, 24, 6, 28, 11, 10, 26, 18, 12, 1,1.74945
1, 31, 15, 9, 14, 16, 13, 17, 25, 5, 29, 27, 19, 33, 32, 20, 7, 30, 4, 23, 22, 2, 21, 3, 34, 8, 24, 6, 28, 11, 10, 26, 18, 12, 1,1.74945
1, 31, 18, 26, 10, 11, 28, 6, 24, 8, 34, 3, 21, 2, 22, 23, 4, 30, 7, 20, 32, 33, 19, 27, 29, 5, 25, 17, 13, 16, 14, 9, 15, 12, 1,1.69251
1, 31, 15, 34, 3, 21, 2, 22, 23, 4, 30, 7, 20, 32, 33, 19, 27, 29, 5, 25, 17, 13, 16, 14, 9, 8, 24, 6, 28, 11, 10, 26, 18, 12, 1,1.55438
1, 31, 15, 34, 3, 21, 2, 22, 23, 4, 30, 7, 20, 32, 33, 19, 27, 29, 5, 25, 17, 13, 16, 14, 9, 8, 24, 6, 28, 11, 10, 26, 18, 12, 1,1.55438
1, 31, 15, 34, 3, 21, 2, 22, 23, 4, 30, 7, 20, 32, 33, 19, 27, 29, 5, 25, 17, 13, 16, 14, 9, 8, 24, 6, 28, 11, 10, 26, 18, 12, 1,1.55438
1, 18, 31, 15, 12, 34, 3, 21, 2, 22, 23, 4, 30, 7, 20, 32, 33, 19, 27, 29, 5, 25, 17, 13, 16, 14, 9, 8, 24, 6, 28, 11, 10, 26, 1,1.52485
1, 18, 31, 15, 12, 34, 3, 21, 2, 22, 23, 4, 30, 7, 20, 32, 33, 19, 27, 29, 5, 25, 17, 13, 16, 14, 9, 8, 24, 6, 28, 11, 10, 26, 1,1.52485
1, 18, 31, 15, 12, 34, 3, 21, 2, 22, 23, 4, 30, 7, 20, 32, 33, 19, 27, 29, 5, 25, 17, 13, 16, 14, 9, 8, 24, 6, 28, 11, 10, 26, 1,1.52485
1, 18, 31, 12, 15, 34, 3, 21, 2, 22, 23, 4, 30, 7, 20, 32, 33, 19, 27, 29, 5, 25, 17, 13, 16, 14, 9, 8, 24, 6, 28, 11, 10, 26, 1,1.49978
1, 18, 31, 15, 12, 34, 14, 21, 2, 22, 23, 4, 30, 7, 20, 32, 33, 19, 27, 29, 5, 25, 17, 13, 16, 3, 9, 8, 24, 6, 28, 11, 10, 26, 1,1.44487
1, 18, 31, 15, 12, 34, 14, 21, 2, 22, 23, 4, 30, 7, 20, 32, 33, 19, 27, 29, 5, 25, 17, 13, 16, 3, 9, 8, 24, 6, 28, 11, 10, 26, 1,1.44487
1, 18, 31, 15, 12, 34, 14, 21, 2, 22, 23, 4, 30, 7, 20, 32, 33, 19, 27, 29, 5, 25, 17, 13, 16, 3, 9, 8, 24, 6, 28, 11, 10, 26, 1,1.44487
1, 18, 31, 15, 12, 34, 14, 21, 2, 22, 23, 4, 30, 7, 20, 32, 33, 19, 27, 29, 5, 25, 17, 13, 16, 3, 9, 8, 24, 6, 28, 11, 10, 26, 1,1.44487
1, 18, 31, 15, 12, 34, 14, 21, 2, 22, 23, 4, 30, 7, 20, 32, 33, 19, 27, 29, 5, 25, 17, 13, 16, 3, 9, 8, 24, 6, 28, 11, 10, 26, 1,1.44487
1, 18, 31, 15, 12, 34, 14, 21, 2, 22, 23, 4, 30, 7, 20, 32, 33, 19, 27, 29, 5, 25, 17, 13, 16, 3, 9, 8, 24, 6, 28, 11, 10, 26, 1,1.44487
1, 18, 31, 15, 12, 34, 14, 21, 2, 22, 23, 4, 30, 7, 20, 32, 33, 19, 27, 29, 5, 25, 17, 13, 16, 3, 9, 8, 24, 6, 28, 11, 10, 26, 1,1.44487
1, 15, 12, 34, 14, 21, 2, 22, 23, 4, 30, 7, 20, 32, 33, 19, 27, 29, 5, 25, 17, 13, 16, 3, 9, 8, 24, 6, 28, 11, 10, 26, 18, 31, 1,1.43238
1, 18, 31, 15, 12, 34, 14, 21, 2, 22, 23, 4, 30, 7, 20, 32, 33, 19, 27, 29, 5, 25, 17, 13, 16, 3, 9, 8, 24, 6, 28, 11, 10, 26, 1,1.44487
1, 18, 31, 15, 12, 34, 14, 21, 2, 22, 23, 4, 30, 7, 20, 32, 33, 19, 29, 27, 5, 25, 17, 13, 16, 3, 9, 8, 24, 6, 28, 11, 10, 26, 1,1.35121
1, 18, 31, 15, 12, 34, 14, 21, 2, 22, 20, 4, 30, 7, 23, 32, 33, 19, 27, 29, 5, 25, 17, 13, 16, 3, 9, 8, 24, 6, 28, 11, 10, 26, 1,1.42279
1, 18, 31, 15, 12, 34, 14, 21, 2, 22, 20, 4, 30, 7, 23, 32, 33, 19, 27, 29, 5, 25, 17, 13, 16, 3, 9, 8, 24, 6, 28, 11, 10, 26, 1,1.42279
1, 18, 31, 15, 12, 34, 14, 21, 2, 22, 20, 4, 30, 7, 23, 32, 33, 19, 27, 29, 5, 25, 17, 13, 16, 3, 9, 8, 24, 6, 28, 11, 10, 26, 1,1.42279
1, 18, 31, 15, 12, 34, 14, 21, 2, 22, 20, 4, 30, 7, 23, 32, 33, 19, 27, 29, 5, 25, 17, 13, 16, 3, 9, 8, 24, 6, 28, 11, 10, 26, 1,1.42279
1, 18, 31, 15, 12, 34, 14, 21, 2, 22, 20, 4, 30, 7, 23, 32, 33, 19, 27, 29, 5, 25, 17, 13, 16, 3, 9, 8, 24, 6, 28, 11, 10, 26, 1,1.42279
1, 18, 31, 15, 12, 34, 14, 21, 2, 22, 20, 4, 30, 7, 23, 32, 33, 19, 27, 29, 5, 25, 17, 13, 16, 3, 9, 8, 24, 6, 28, 11, 10, 26, 1,1.42279
1, 18, 31, 15, 12, 34, 14, 21, 2, 22, 20, 4, 30, 7, 23, 32, 33, 19, 27, 29, 5, 25, 17, 13, 16, 3, 9, 8, 24, 6, 28, 11, 10, 26, 1,1.42279
1, 18, 31, 15, 12, 34, 14, 21, 2, 22, 20, 4, 30, 7, 23, 32, 33, 19, 29, 27, 5, 25, 17, 13, 16, 3, 9, 8, 24, 6, 28, 11, 10, 26, 1,1.32912
1, 18, 31, 15, 12, 34, 14, 21, 2, 22, 20, 4, 30, 7, 23, 32, 33, 19, 27, 29, 5, 25, 17, 13, 16, 3, 9, 8, 24, 6, 28, 11, 10, 26, 1,1.42279
1, 18, 31, 15, 12, 34, 14, 21, 2, 22, 20, 4, 30, 7, 23, 32, 33, 19, 27, 29, 5, 25, 17, 13, 16, 3, 9, 8, 24, 6, 28, 11, 10, 26, 1,1.42279
1, 18, 31, 15, 12, 34, 14, 21, 2, 22, 20, 4, 30, 7, 23, 32, 33, 19, 27, 29, 5, 25, 17, 13, 16, 3, 9, 8, 24, 6, 28, 11, 10, 26, 1,1.42279
1, 18, 31, 15, 12, 34, 14, 21, 2, 22, 20, 4, 30, 7, 23, 32, 33, 19, 27, 29, 5, 25, 17, 13, 16, 3, 9, 8, 24, 6, 28, 11, 10, 26, 1,1.42279
1, 18, 31, 15, 12, 34, 14, 21, 2, 22, 20, 4, 30, 7, 23, 32, 33, 19, 27, 29, 5, 25, 17, 13, 16, 3, 9, 8, 24, 6, 28, 11, 10, 26, 1,1.42279
1, 18, 31, 15, 12, 34, 14, 21, 2, 22, 20, 4, 30, 7, 23, 32, 33, 19, 27, 29, 5, 25, 17, 13, 16, 3, 9, 8, 24, 6, 28, 11, 10, 26, 1,1.42279
1, 18, 31, 15, 12, 34, 14, 21, 2, 22, 20, 4, 30, 7, 23, 32, 33, 19, 27, 29, 5, 25, 17, 13, 16, 3, 9, 8, 24, 6, 28, 11, 10, 26, 1,1.42279
1, 31, 18, 15, 12, 34, 14, 21, 2, 22, 20, 4, 30, 7, 23, 32, 33, 19, 27, 29, 5, 25, 17, 13, 16, 3, 9, 8, 24, 6, 28, 11, 10, 26, 1,1.4216
1, 31, 18, 12, 15, 34, 14, 21, 2, 22, 20, 4, 30, 7, 23, 32, 33, 19, 27, 29, 5, 25, 17, 13, 16, 3, 9, 8, 24, 6, 28, 11, 10, 26, 1,1.40379
1, 31, 18, 12, 15, 34, 14, 21, 2, 22, 20, 4, 30, 7, 23, 32, 33, 19, 27, 29, 5, 25, 17, 13, 16, 3, 9, 8, 24, 6, 28, 11, 10, 26, 1,1.40379
1, 31, 18, 12, 15, 34, 14, 21, 2, 22, 20, 4, 30, 7, 23, 32, 33, 19, 27, 29, 5, 25, 17, 13, 16, 3, 9, 8, 24, 6, 28, 11, 10, 26, 1,1.40379
1, 31, 18, 12, 15, 34, 14, 21, 2, 22, 20, 4, 30, 7, 23, 32, 33, 19, 27, 29, 5, 25, 17, 13, 16, 3, 9, 8, 24, 6, 28, 11, 10, 26, 1,1.40379
1, 31, 18, 12, 15, 34, 14, 21, 2, 22, 20, 4, 30, 7, 23, 32, 33, 19, 27, 29, 5, 25, 17, 13, 16, 3, 9, 8, 24, 6, 28, 11, 10, 26, 1,1.40379
1, 31, 18, 12, 15, 34, 14, 21, 2, 22, 20, 4, 30, 7, 23, 32, 33, 19, 27, 29, 5, 25, 17, 13, 16, 3, 9, 8, 24, 6, 28, 11, 10, 26, 1,1.40379
1, 31, 18, 12, 15, 34, 14, 21, 2, 22, 20, 4, 30, 7, 23, 32, 33, 19, 27, 29, 5, 25, 17, 13, 16, 3, 9, 8, 24, 6, 28, 11, 10, 26, 1,1.40379
1, 31, 18, 26, 10, 11, 28, 6, 24, 8, 9, 3, 16, 13, 17, 25, 5, 29, 27, 19, 33, 32, 23, 7, 30, 4, 20, 22, 2, 21, 14, 34, 15, 12, 1,1.39537
1, 31, 18, 26, 10, 11, 28, 6, 24, 8, 9, 3, 16, 13, 17, 25, 5, 29, 27, 19, 33, 32, 23, 7, 30, 4, 20, 22, 2, 21, 14, 34, 15, 12, 1,1.39537
1, 31, 18, 26, 10, 11, 28, 6, 24, 8, 9, 3, 16, 13, 17, 25, 5, 29, 27, 19, 33, 32, 23, 7, 30, 4, 20, 22, 2, 21, 14, 34, 15, 12, 1,1.39537
1, 31, 12, 15, 34, 14, 21, 2, 22, 20, 4, 30, 7, 23, 32, 33, 19, 27, 29, 5, 25, 17, 13, 16, 3, 9, 8, 24, 6, 28, 11, 10, 26, 18, 1,1.39997
1, 31, 12, 15, 34, 14, 21, 2, 22, 20, 4, 30, 7, 23, 32, 33, 19, 27, 29, 5, 25, 17, 13, 16, 3, 9, 8, 24, 6, 28, 11, 10, 26, 18, 1,1.39997
1, 31, 18, 12, 15, 34, 14, 21, 2, 22, 20, 4, 30, 7, 23, 32, 33, 19, 27, 29, 5, 25, 17, 13, 16, 3, 9, 8, 24, 6, 28, 11, 10, 26, 1,1.40379
1, 31, 18, 12, 15, 34, 14, 21, 2, 22, 20, 4, 30, 7, 23, 32, 33, 19, 27, 29, 5, 25, 17, 13, 16, 3, 9, 8, 24, 6, 28, 11, 10, 26, 1,1.40379
1, 31, 18, 12, 15, 34, 14, 21, 2, 22, 20, 4, 30, 7, 23, 32, 33, 19, 27, 29, 5, 25, 17, 13, 16, 3, 9, 8, 24, 6, 28, 11, 10, 26, 1,1.40379
1, 31, 18, 12, 15, 34, 14, 21, 2, 22, 20, 4, 30, 7, 23, 32, 33, 19, 27, 29, 5, 25, 17, 13, 16, 3, 9, 8, 24, 6, 28, 11, 10, 26, 1,1.40379
1, 26, 10, 11, 28, 6, 24, 8, 9, 3, 16, 13, 17, 25, 5, 29, 27, 19, 33, 32, 23, 7, 30, 4, 20, 22, 2, 21, 14, 34, 15, 12, 31, 18, 1,1.39772
1, 31, 18, 12, 15, 34, 14, 21, 2, 22, 20, 4, 30, 7, 23, 32, 33, 19, 27, 29, 5, 25, 17, 13, 16, 3, 9, 8, 24, 6, 28, 11, 10, 26, 1,1.40379
1, 31, 18, 12, 15, 34, 14, 21, 2, 22, 20, 4, 30, 7, 23, 32, 33, 19, 27, 29, 5, 25, 17, 13, 16, 3, 9, 8, 24, 6, 28, 11, 10, 26, 1,1.40379
1, 31, 18, 12, 15, 34, 14, 21, 2, 22, 20, 4, 30, 7, 23, 32, 33, 19, 27, 29, 5, 25, 17, 13, 16, 3, 9, 8, 24, 6, 28, 11, 10, 26, 1,1.40379
1, 31, 18, 12, 15, 34, 14, 21, 2, 22, 20, 4, 30, 7, 23, 32, 33, 19, 27, 29, 5, 25, 17, 13, 16, 3, 9, 8, 24, 6, 28, 11, 10, 26, 1,1.40379
1, 31, 18, 12, 15, 34, 14, 21, 2, 22, 20, 4, 30, 7, 23, 32, 33, 19, 27, 29, 5, 25, 17, 13, 16, 3, 9, 8, 24, 6, 28, 11, 10, 26, 1,1.40379
1, 31, 18, 12, 15, 34, 14, 21, 2, 22, 20, 4, 30, 7, 23, 32, 33, 19, 27, 29, 5, 25, 17, 13, 16, 3, 9, 8, 24, 6, 28, 11, 10, 26, 1,1.40379
1, 31, 18, 12, 15, 34, 14, 21, 2, 22, 20, 4, 30, 7, 23, 32, 33, 19, 27, 29, 5, 25, 17, 13, 16, 3, 9, 8, 24, 6, 28, 11, 10, 26, 1,1.40379
1, 31, 18, 12, 15, 34, 14, 21, 2, 22, 20, 4, 30, 7, 23, 32, 33, 19, 27, 29, 5, 25, 17, 13, 16, 3, 9, 8, 24, 6, 28, 11, 10, 26, 1,1.40379
1, 31, 18, 12, 15, 34, 14, 21, 2, 22, 20, 4, 30, 7, 23, 32, 33, 19, 27, 29, 5, 25, 17, 13, 16, 3, 9, 8, 24, 6, 28, 11, 10, 26, 1,1.40379
1, 31, 18, 12, 15, 34, 14, 21, 2, 22, 20, 4, 30, 7, 23, 32, 33, 19, 27, 29, 5, 25, 17, 13, 16, 3, 9, 8, 24, 6, 28, 11, 10, 26, 1,1.40379
1, 31, 18, 12, 15, 34, 14, 21, 2, 22, 20, 23, 30, 7, 4, 32, 33, 19, 27, 29, 5, 25, 17, 13, 16, 3, 9, 8, 24, 6, 28, 11, 10, 26, 1,1.39671
1, 31, 18, 12, 15, 34, 14, 21, 2, 22, 20, 23, 30, 7, 4, 32, 33, 19, 27, 29, 5, 25, 17, 13, 16, 3, 9, 8, 24, 6, 28, 11, 10, 26, 1,1.39671
1, 31, 18, 12, 15, 34, 14, 21, 2, 22, 20, 23, 30, 7, 4, 32, 33, 19, 27, 29, 5, 25, 17, 13, 16, 3, 9, 8, 24, 6, 28, 11, 10, 26, 1,1.39671
1, 31, 18, 12, 15, 34, 14, 21, 2, 22, 20, 23, 30, 7, 4, 32, 33, 19, 27, 29, 5, 25, 17, 13, 16, 3, 9, 8, 24, 6, 28, 11, 10, 26, 1,1.39671
1, 31, 18, 12, 15, 34, 14, 21, 2, 22, 20, 23, 30, 7, 4, 32, 33, 19, 27, 29, 5, 25, 17, 13, 16, 3, 9, 8, 24, 6, 28, 11, 10, 26, 1,1.39671
1, 31, 18, 12, 15, 34, 14, 21, 2, 22, 20, 23, 30, 7, 4, 32, 33, 19, 27, 29, 5, 25, 17, 13, 16, 3, 9, 8, 24, 6, 28, 11, 10, 26, 1,1.39671
1, 31, 18, 12, 15, 34, 14, 21, 2, 22, 20, 23, 30, 7, 4, 32, 33, 19, 27, 29, 5, 25, 17, 13, 16, 3, 9, 8, 24, 6, 28, 11, 10, 26, 1,1.39671
1, 31, 18, 12, 15, 34, 14, 21, 2, 22, 20, 23, 30, 7, 4, 32, 33, 19, 27, 29, 5, 25, 17, 13, 16, 3, 9, 8, 24, 6, 28, 11, 10, 26, 1,1.39671
1, 31, 18, 12, 15, 34, 14, 21, 2, 22, 20, 23, 30, 7, 4, 32, 33, 19, 27, 29, 5, 25, 17, 13, 16, 3, 9, 8, 24, 6, 28, 11, 10, 26, 1,1.39671
1, 31, 18, 12, 15, 34, 14, 21, 2, 22, 20, 23, 30, 7, 4, 32, 33, 19, 27, 29, 5, 25, 17, 13, 16, 3, 9, 8, 24, 6, 28, 11, 10, 26, 1,1.39671
1, 31, 18, 12, 15, 34, 14, 21, 2, 22, 20, 23, 30, 7, 4, 32, 33, 19, 27, 29, 5, 25, 17, 13, 16, 3, 9, 8, 24, 6, 28, 11, 10, 26, 1,1.39671
1, 31, 18, 12, 15, 34, 14, 21, 2, 22, 20, 23, 30, 7, 4, 32, 33, 19, 27, 29, 5, 25, 17, 13, 16, 3, 9, 8, 24, 6, 28, 11, 10, 26, 1,1.39671
1, 31, 18, 12, 15, 34, 14, 21, 2, 22, 20, 23, 30, 7, 4, 32, 33, 19, 27, 29, 5, 25, 17, 13, 16, 3, 9, 8, 24, 6, 28, 11, 10, 26, 1,1.39671
1, 31, 18, 12, 15, 34, 14, 21, 2, 22, 20, 23, 30, 7, 4, 32, 33, 19, 27, 29, 5, 25, 17, 13, 16, 3, 9, 8, 24, 6, 28, 11, 10, 26, 1,1.39671
1, 31, 18, 12, 15, 34, 14, 21, 2, 22, 20, 23, 30, 7, 4, 32, 33, 19, 27, 29, 5, 25, 17, 13, 16, 3, 9, 8, 24, 6, 28, 11, 10, 26, 1,1.39671
1, 31, 18, 12, 15, 34, 14, 21, 2, 22, 20, 23, 30, 7, 4, 32, 33, 19, 27, 29, 5, 25, 17, 13, 16, 3, 9, 8, 24, 6, 28, 11, 10, 26, 1,1.39671
1, 31, 18, 12, 15, 34, 14, 21, 2, 22, 20, 23, 7, 30, 4, 32, 33, 19, 27, 29, 5, 25, 17, 13, 16, 3, 9, 8, 24, 6, 28, 11, 10, 26, 1,1.39465
1, 31, 18, 12, 15, 34, 14, 21, 2, 22, 20, 23, 7, 30, 4, 32, 33, 19, 27, 29, 5, 25, 17, 13, 16, 3, 9, 8, 24, 6, 28, 11, 10, 26, 1,1.39465
1, 31, 18, 12, 15, 34, 14, 21, 2, 22, 20, 23, 7, 30, 4, 32, 33, 19, 27, 29, 5, 25, 17, 13, 16, 3, 9, 8, 24, 6, 28, 11, 10, 26, 1,1.39465
1, 31, 18, 12, 15, 34, 14, 21, 2, 22, 20, 23, 7, 30, 4, 32, 33, 19, 27, 29, 5, 25, 17, 13, 16, 3, 9, 8, 24, 6, 28, 11, 10, 26, 1,1.39465
1, 31, 18, 12, 15, 34, 14, 21, 2, 22, 20, 23, 7, 30, 4, 32, 33, 19, 27, 29, 5, 25, 17, 13, 16, 3, 9, 8, 24, 6, 28, 11, 10, 26, 1,1.39465
1, 31, 18, 12, 15, 34, 14, 21, 2, 22, 20, 23, 7, 30, 4, 32, 33, 19, 27, 29, 5, 25, 17, 13, 16, 3, 9, 8, 24, 6, 28, 11, 10, 26, 1,1.39465
1, 18, 31, 12, 15, 34, 14, 21, 2, 22, 20, 23, 7, 30, 4, 32, 33, 19, 27, 29, 5, 25, 17, 13, 16, 3, 9, 8, 24, 6, 28, 11, 10, 26, 1,1.38858
1, 18, 31, 12, 15, 34, 14, 21, 2, 22, 20, 23, 7, 30, 4, 32, 33, 19, 27, 29, 5, 25, 17, 13, 16, 3, 9, 8, 24, 6, 28, 11, 10, 26, 1,1.38858
1, 18, 31, 12, 15, 34, 14, 21, 2, 22, 20, 23, 7, 30, 4, 32, 33, 19, 27, 29, 5, 25, 17, 13, 16, 3, 9, 8, 24, 6, 28, 11, 10, 26, 1,1.38858
1, 18, 31, 12, 15, 34, 14, 21, 2, 22, 20, 23, 7, 30, 4, 32, 33, 19, 27, 29, 5, 25, 17, 13, 16, 3, 9, 8, 24, 6, 28, 11, 10, 26, 1,1.38858
1, 18, 31, 12, 15, 34, 14, 21, 2, 22, 20, 23, 7, 30, 4, 32, 33, 19, 27, 29, 5, 25, 17, 13, 16, 3, 9, 8, 24, 6, 28, 11, 10, 26, 1,1.38858
1, 18, 31, 12, 15, 34, 14, 21, 2, 22, 20, 23, 7, 30, 4, 32, 33, 19, 27, 29, 5, 25, 17, 13, 16, 3, 9, 8, 24, 6, 28, 11, 10, 26, 1,1.38858
1, 18, 31, 12, 15, 34, 14, 21, 2, 22, 20, 23, 7, 30, 4, 32, 33, 19, 27, 29, 5, 25, 17, 13, 16, 3, 9, 8, 24, 6, 28, 11, 10, 26, 1,1.38858
1, 18, 31, 12, 15, 34, 14, 21, 2, 22, 20, 23, 7, 30, 4, 32, 33, 19, 27, 29, 5, 25, 17, 13, 16, 3, 9, 8, 24, 6, 28, 11, 10, 26, 1,1.38858
1, 18, 31, 12, 15, 34, 14, 21, 2, 22, 20, 23, 7, 30, 4, 32, 33, 19, 27, 29, 5, 25, 17, 13, 16, 3, 9, 8, 24, 6, 28, 11, 10, 26, 1,1.38858
1, 18, 31, 12, 15, 34, 14, 21, 2, 22, 20, 23, 7, 30, 4, 32, 33, 19, 27, 29, 5, 25, 17, 13, 16, 3, 9, 8, 24, 6, 28, 11, 10, 26, 1,1.38858
1, 18, 31, 12, 15, 34, 14, 21, 2, 22, 20, 23, 7, 30, 4, 32, 33, 19, 27, 29, 5, 25, 17, 13, 16, 3, 9, 8, 24, 6, 28, 11, 10, 26, 1,1.38858
1, 18, 31, 12, 15, 34, 14, 21, 2, 22, 20, 23, 7, 30, 4, 32, 33, 19, 27, 29, 5, 25, 17, 13, 16, 3, 9, 8, 24, 6, 28, 11, 10, 26, 1,1.38858
1, 18, 31, 12, 15, 34, 14, 21, 2, 22, 20, 23, 7, 30, 4, 32, 33, 19, 27, 29, 5, 25, 13, 17, 16, 3, 9, 8, 24, 6, 28, 11, 10, 26, 1,1.32507
1, 18, 31, 12, 15, 34, 14, 21, 2, 22, 20, 23, 7, 30, 4, 32, 33, 19, 27, 29, 5, 25, 13, 17, 16, 3, 9, 8, 24, 6, 28, 11, 10, 26, 1,1.32507
1, 18, 31, 12, 15, 34, 14, 21, 2, 22, 20, 23, 7, 30, 4, 32, 33, 19, 27, 29, 5, 25, 13, 17, 16, 3, 9, 8, 24, 6, 28, 11, 10, 26, 1,1.32507
1, 18, 31, 12, 15, 34, 14, 21, 2, 22, 20, 23, 4, 30, 7, 32, 33, 19, 27, 29, 5, 25, 13, 17, 16, 3, 9, 8, 24, 6, 28, 11, 10, 26, 1,1.32185
1, 18, 31, 12, 15, 34, 14, 21, 2, 22, 20, 23, 4, 30, 7, 32, 33, 19, 27, 29, 5, 25, 13, 17, 16, 3, 9, 8, 24, 6, 28, 11, 10, 26, 1,1.32185
1, 18, 31, 12, 15, 34, 14, 21, 2, 22, 20, 23, 4, 30, 7, 32, 33, 19, 27, 29, 5, 25, 13, 17, 16, 3, 9, 8, 24, 6, 28, 11, 10, 26, 1,1.32185
1, 18, 31, 12, 15, 34, 14, 21, 2, 22, 20, 23, 4, 30, 7, 32, 33, 19, 27, 29, 5, 25, 13, 17, 16, 3, 9, 8, 24, 6, 28, 11, 10, 26, 1,1.32185
1, 18, 31, 12, 15, 34, 14, 21, 2, 22, 20, 23, 4, 30, 7, 32, 33, 19, 27, 29, 5, 25, 13, 17, 16, 3, 9, 8, 24, 6, 28, 11, 10, 26, 1,1.32185
1, 18, 31, 12, 15, 34, 14, 21, 2, 22, 20, 23, 4, 30, 7, 32, 33, 19, 29, 27, 5, 25, 13, 17, 16, 3, 9, 8, 24, 6, 28, 11, 10, 26, 1,1.22819
1, 18, 31, 12, 15, 34, 14, 21, 2, 22, 20, 23, 4, 30, 7, 32, 33, 19, 29, 27, 5, 25, 13, 17, 16, 3, 9, 8, 24, 6, 28, 11, 10, 26, 1,1.22819
1, 18, 31, 12, 15, 34, 14, 21, 2, 22, 20, 23, 4, 30, 7, 32, 33, 19, 29, 27, 5, 25, 13, 17, 16, 3, 9, 8, 24, 6, 28, 11, 10, 26, 1,1.22819
1, 18, 31, 12, 15, 34, 14, 21, 2, 22, 20, 23, 4, 30, 7, 32, 33, 19, 29, 27, 5, 25, 13, 17, 16, 3, 9, 8, 24, 6, 28, 11, 10, 26, 1,1.22819
1, 18, 31, 12, 15, 34, 14, 21, 2, 22, 20, 23, 4, 30, 7, 32, 33, 19, 29, 27, 5, 25, 13, 17, 16, 3, 9, 8, 24, 6, 28, 11, 10, 26, 1,1.22819
1, 18, 31, 12, 15, 34, 14, 21, 2, 22, 20, 23, 4, 30, 7, 32, 33, 19, 29, 27, 5, 25, 13, 17, 16, 3, 9, 8, 24, 6, 28, 11, 10, 26, 1,1.22819
1, 18, 31, 12, 15, 34, 14, 21, 2, 22, 20, 23, 4, 30, 7, 32, 33, 19, 29, 27, 5, 25, 13, 17, 16, 3, 9, 8, 24, 6, 28, 11, 10, 26, 1,1.22819
1, 18, 31, 12, 15, 34, 14, 21, 2, 22, 20, 23, 4, 30, 7, 32, 33, 19, 29, 27, 5, 25, 13, 17, 16, 3, 9, 8, 24, 6, 28, 11, 10, 26, 1,1.22819
1, 18, 31, 12, 15, 34, 14, 21, 2, 22, 20, 23, 4, 30, 7, 32, 33, 19, 29, 27, 5, 25, 13, 17, 16, 3, 9, 8, 24, 6, 28, 11, 10, 26, 1,1.22819
1, 18, 31, 12, 15, 34, 14, 21, 2, 22, 20, 23, 4, 30, 7, 32, 33, 19, 29, 27, 5, 25, 13, 17, 16, 3, 9, 8, 24, 6, 28, 11, 10, 26, 1,1.22819
1, 18, 31, 12, 15, 34, 14, 21, 2, 22, 20, 23, 4, 30, 7, 32, 33, 19, 29, 27, 5, 25, 13, 17, 3, 16, 9, 8, 24, 6, 28, 11, 10, 26, 1,1.2255
1, 18, 31, 12, 15, 34, 14, 21, 2, 22, 20, 23, 4, 30, 7, 32, 33, 19, 29, 27, 5, 25, 13, 17, 3, 16, 9, 8, 24, 6, 28, 11, 10, 26, 1,1.2255
1, 18, 31, 12, 15, 34, 14, 21, 2, 22, 20, 23, 4, 30, 7, 32, 33, 19, 29, 27, 5, 25, 13, 17, 3, 16, 9, 8, 24, 6, 28, 11, 10, 26, 1,1.2255
1, 18, 31, 12, 15, 34, 14, 21, 2, 22, 20, 23, 4, 30, 7, 32, 33, 19, 29, 27, 5, 25, 13, 17, 3, 16, 9, 8, 24, 6, 28, 11, 10, 26, 1,1.2255
1, 18, 31, 12, 15, 34, 14, 21, 2, 22, 20, 23, 4, 30, 7, 32, 33, 19, 29, 27, 5, 25, 13, 17, 3, 16, 9, 8, 24, 6, 28, 11, 10, 26, 1,1.2255
1, 18, 31, 12, 15, 34, 14, 21, 2, 22, 20, 23, 4, 30, 7, 32, 33, 19, 29, 27, 5, 25, 13, 17, 3, 16, 9, 8, 24, 6, 28, 11, 10, 26, 1,1.2255
1, 18, 31, 12, 15, 34, 14, 21, 2, 22, 20, 23, 4, 30, 7, 32, 33, 19, 29, 27, 5, 25, 13, 17, 3, 16, 9, 8, 24, 6, 28, 11, 10, 26, 1,1.2255
1, 18, 31, 12, 15, 34, 14, 21, 2, 22, 20, 23, 4, 30, 7, 32, 33, 19, 29, 27, 5, 25, 13, 17, 3, 16, 9, 8, 24, 6, 28, 11, 10, 26, 1,1.2255
1, 18, 31, 12, 15, 34, 14, 21, 2, 22, 20, 23, 4, 30, 7, 32, 33, 19, 29, 27, 5, 25, 13, 17, 3, 16, 9, 8, 24, 6, 28, 11, 10, 26, 1,1.2255
1, 18, 31, 12, 15, 34, 14, 21, 2, 22, 20, 23, 4, 7, 30, 32, 33, 19, 29, 27, 5, 25, 13, 17, 3, 16, 9, 8, 24, 6, 28, 11, 10, 26, 1,1.22504
1, 18, 31, 12, 15, 34, 14, 21, 2, 22, 20, 23, 4, 7, 30, 32, 33, 19, 29, 27, 5, 25, 13, 17, 3, 16, 9, 8, 24, 6, 28, 11, 10, 26, 1,1.22504
1, 18, 31, 12, 15, 34, 14, 21, 2, 22, 20, 23, 4, 7, 30, 32, 33, 19, 29, 27, 5, 25, 13, 17, 3, 16, 9, 8, 24, 6, 28, 11, 10, 26, 1,1.22504
1, 18, 31, 12, 15, 34, 14, 21, 2, 22, 20, 23, 4, 7, 30, 32, 33, 19, 29, 27, 5, 25, 13, 17, 3, 16, 9, 8, 24, 6, 28, 11, 10, 26, 1,1.22504
1, 18, 31, 12, 15, 34, 14, 21, 2, 22, 20, 23, 4, 7, 30, 32, 33, 19, 29, 27, 5, 25, 13, 17, 3, 16, 9, 8, 24, 6, 28, 11, 10, 26, 1,1.22504
1, 18, 31, 12, 15, 34, 14, 21, 2, 22, 20, 23, 4, 7, 30, 32, 33, 19, 29, 27, 5, 25, 13, 17, 3, 16, 9, 8, 24, 6, 28, 11, 10, 26, 1,1.22504
1, 18, 31, 12, 15, 34, 14, 21, 2, 22, 20, 23, 4, 7, 30, 32, 33, 19, 29, 27, 5, 25, 13, 17, 3, 16, 9, 8, 24, 6, 28, 11, 10, 26, 1,1.22504
1, 18, 31, 12, 15, 34, 14, 21, 2, 22, 20, 23, 4, 7, 30, 32, 33, 19, 29, 27, 5, 25, 13, 17, 3, 16, 9, 8, 24, 6, 28, 11, 10, 26, 1,1.22504
1, 18, 31, 12, 15, 34, 14, 21, 2, 22, 20, 23, 4, 7, 30, 32, 33, 19, 29, 27, 5, 25, 13, 17, 3, 16, 9, 8, 24, 6, 28, 11, 10, 26, 1,1.22504
1, 18, 31, 12, 15, 34, 14, 21, 2, 22, 20, 23, 4, 7, 30, 32, 33, 19, 29, 27, 5, 25, 13, 17, 3, 16, 9, 8, 24, 6, 28, 11, 10, 26, 1,1.22504
1, 18, 31, 12, 15, 34, 14, 21, 2, 22, 20, 23, 4, 7, 30, 32, 33, 19, 29, 27, 5, 25, 13, 17, 3, 16, 9, 8, 24, 6, 28, 11, 10, 26, 1,1.22504
1, 18, 31, 12, 15, 34, 14, 21, 2, 22, 20, 23, 4, 7, 30, 32, 33, 19, 29, 27, 5, 25, 13, 17, 3, 16, 9, 8, 24, 6, 28, 11, 10, 26, 1,1.22504
1, 18, 31, 12, 15, 34, 14, 21, 2, 22, 20, 23, 4, 7, 30, 32, 33, 19, 29, 27, 5, 25, 13, 17, 3, 16, 9, 8, 24, 6, 28, 11, 10, 26, 1,1.22504
1, 18, 31, 12, 15, 34, 14, 21, 2, 22, 20, 23, 4, 7, 30, 32, 33, 19, 29, 27, 5, 25, 13, 17, 3, 16, 9, 8, 24, 6, 28, 11, 10, 26, 1,1.22504
1, 18, 31, 12, 15, 34, 14, 21, 2, 22, 20, 23, 4, 7, 30, 32, 33, 19, 29, 27, 5, 25, 13, 17, 3, 16, 9, 8, 24, 6, 28, 11, 10, 26, 1,1.22504
1, 18, 31, 12, 15, 34, 14, 21, 2, 22, 20, 23, 4, 7, 30, 32, 33, 19, 29, 27, 5, 25, 13, 17, 3, 16, 9, 8, 24, 6, 28, 11, 10, 26, 1,1.22504
1, 18, 31, 12, 15, 34, 14, 21, 2, 22, 20, 23, 4, 7, 30, 32, 33, 19, 29, 27, 5, 25, 13, 17, 3, 16, 9, 8, 24, 6, 28, 11, 10, 26, 1,1.22504
1, 18, 31, 12, 15, 34, 14, 21, 2, 22, 20, 23, 4, 7, 30, 32, 33, 19, 29, 27, 5, 25, 13, 17, 3, 16, 9, 8, 24, 6, 28, 11, 10, 26, 1,1.22504
1, 12, 15, 34, 14, 21, 2, 22, 20, 23, 4, 7, 30, 32, 33, 19, 29, 27, 5, 25, 13, 17, 3, 16, 9, 8, 24, 6, 28, 11, 10, 26, 18, 31, 1,1.2227
1, 18, 31, 12, 15, 34, 14, 21, 2, 22, 20, 23, 4, 7, 30, 32, 33, 19, 29, 27, 5, 25, 13, 17, 3, 16, 9, 8, 24, 6, 28, 11, 10, 26, 1,1.22504
1, 18, 31, 12, 15, 34, 14, 21, 2, 22, 20, 23, 4, 7, 30, 32, 33, 19, 29, 27, 5, 25, 13, 17, 3, 16, 9, 8, 24, 6, 28, 11, 10, 26, 1,1.22504
1, 18, 31, 12, 15, 34, 14, 21, 2, 22, 20, 23, 4, 7, 30, 32, 33, 19, 29, 27, 5, 25, 13, 17, 3, 16, 9, 8, 24, 6, 28, 11, 10, 26, 1,1.22504
1, 18, 31, 12, 15, 34, 14, 21, 2, 22, 20, 23, 4, 7, 30, 32, 33, 19, 29, 27, 5, 25, 13, 17, 3, 16, 9, 8, 24, 6, 28, 11, 10, 26, 1,1.22504
1, 18, 31, 12, 15, 34, 14, 21, 2, 22, 20, 23, 4, 7, 30, 32, 33, 19, 29, 27, 5, 25, 13, 17, 3, 16, 9, 8, 24, 6, 28, 11, 10, 26, 1,1.22504
1, 18, 31, 12, 15, 34, 14, 21, 2, 22, 20, 23, 4, 7, 30, 32, 33, 19, 29, 27, 5, 25, 13, 17, 3, 16, 9, 8, 24, 6, 28, 11, 10, 26, 1,1.22504
1, 18, 31, 12, 15, 34, 14, 21, 2, 22, 20, 23, 4, 7, 30, 32, 33, 19, 29, 27, 5, 25, 13, 17, 3, 16, 9, 8, 24, 6, 28, 11, 10, 26, 1,1.22504
1, 18, 31, 12, 15, 34, 14, 21, 2, 22, 20, 23, 4, 7, 30, 32, 33, 19, 29, 27, 5, 25, 13, 17, 3, 16, 9, 8, 24, 6, 28, 11, 10, 26, 1,1.22504
1, 18, 31, 12, 15, 34, 14, 21, 2, 22, 20, 23, 4, 7, 30, 32, 33, 19, 29, 27, 5, 25, 13, 17, 3, 16, 9, 8, 24, 6, 28, 11, 10, 26, 1,1.22504
1, 18, 31, 12, 15, 34, 14, 21, 2, 22, 20, 23, 4, 7, 30, 32, 33, 19, 29, 27, 5, 25, 13, 17, 3, 16, 9, 8, 24, 6, 28, 11, 10, 26, 1,1.22504
1, 18, 31, 12, 15, 34, 14, 21, 2, 22, 20, 23, 4, 7, 30, 32, 33, 19, 29, 27, 5, 25, 13, 17, 3, 16, 9, 8, 24, 6, 28, 11, 10, 26, 1,1.22504
1, 18, 31, 12, 15, 34, 14, 21, 2, 22, 20, 23, 4, 7, 30, 32, 33, 19, 29, 27, 5, 25, 13, 17, 3, 16, 9, 8, 24, 6, 28, 11, 10, 26, 1,1.22504
1, 18, 31, 12, 15, 34, 14, 21, 2, 22, 20, 23, 4, 7, 30, 32, 33, 19, 29, 27, 5, 25, 13, 17, 3, 16, 9, 8, 24, 6, 28, 11, 10, 26, 1,1.22504
1, 18, 31, 12, 15, 34, 14, 21, 2, 22, 20, 23, 4, 7, 30, 32, 33, 19, 29, 27, 5, 25, 13, 17, 3, 16, 9, 8, 24, 6, 28, 11, 10, 26, 1,1.22504
1, 18, 31, 12, 15, 34, 14, 21, 2, 22, 20, 23, 4, 7, 30, 32, 33, 19, 29, 27, 5, 25, 13, 17, 3, 16, 9, 8, 24, 6, 28, 11, 10, 26, 1,1.22504
1, 18, 31, 12, 15, 34, 14, 21, 2, 22, 20, 23, 4, 7, 30, 32, 33, 19, 29, 27, 5, 25, 13, 17, 3, 16, 9, 8, 24, 6, 28, 11, 10, 26, 1,1.22504
1, 18, 31, 12, 15, 34, 14, 21, 2, 22, 20, 23, 4, 7, 30, 32, 33, 19, 29, 27, 5, 25, 13, 17, 3, 16, 9, 8, 24, 6, 28, 11, 10, 26, 1,1.22504
1, 18, 31, 12, 15, 34, 14, 21, 2, 22, 20, 23, 4, 7, 30, 32, 33, 19, 29, 27, 5, 25, 13, 17, 3, 16, 9, 8, 24, 6, 28, 11, 10, 26, 1,1.22504
1, 18, 31, 12, 15, 34, 14, 21, 2, 22, 20, 23, 4, 7, 30, 32, 33, 19, 29, 27, 5, 25, 13, 17, 3, 16, 9, 8, 24, 6, 28, 11, 10, 26, 1,1.22504
1, 18, 31, 12, 15, 34, 14, 21, 2, 22, 20, 23, 4, 7, 30, 32, 33, 19, 29, 27, 5, 25, 13, 17, 3, 16, 9, 8, 24, 6, 28, 11, 10, 26, 1,1.22504
1, 18, 31, 12, 15, 34, 14, 21, 2, 22, 20, 23, 4, 7, 30, 32, 33, 19, 29, 27, 5, 25, 13, 17, 3, 16, 9, 8, 24, 6, 28, 11, 10, 26, 1,1.22504
1, 18, 31, 12, 15, 34, 14, 21, 2, 22, 20, 23, 4, 7, 30, 32, 33, 19, 29, 27, 5, 25, 13, 17, 3, 16, 9, 8, 24, 6, 28, 11, 10, 26, 1,1.22504
1, 18, 31, 12, 15, 34, 14, 21, 2, 22, 20, 23, 4, 7, 30, 32, 33, 19, 29, 27, 5, 25, 13, 17, 3, 16, 9, 8, 24, 6, 28, 11, 10, 26, 1,1.22504
1, 18, 31, 12, 15, 34, 14, 21, 2, 22, 20, 23, 4, 7, 30, 32, 33, 19, 29, 27, 5, 25, 13, 17, 3, 16, 9, 8, 24, 6, 28, 11, 10, 26, 1,1.22504
1, 18, 31, 12, 15, 34, 14, 21, 2, 22, 20, 23, 4, 7, 30, 32, 33, 19, 29, 27, 5, 25, 13, 17, 3, 16, 9, 8, 24, 6, 28, 11, 10, 26, 1,1.22504
1, 18, 31, 12, 15, 34, 14, 21, 2, 22, 20, 23, 4, 7, 30, 32, 33, 19, 29, 27, 5, 25, 13, 17, 3, 16, 9, 8, 24, 6, 28, 11, 10, 26, 1,1.22504
1, 18, 31, 12, 15, 34, 14, 21, 2, 22, 20, 23, 4, 7, 30, 32, 33, 19, 29, 27, 5, 25, 13, 17, 3, 16, 9, 8, 24, 6, 28, 11, 10, 26, 1,1.22504
1, 18, 31, 12, 15, 34, 14, 21, 2, 22, 23, 20, 4, 7, 30, 32, 33, 19, 29, 27, 5, 25, 13, 17, 3, 16, 9, 8, 24, 6, 28, 11, 10, 26, 1,1.22488
1, 18, 31, 12, 15, 34, 14, 21, 2, 22, 23, 20, 4, 7, 30, 32, 33, 19, 29, 27, 5, 25, 13, 17, 3, 16, 9, 8, 24, 6, 28, 11, 10, 26, 1,1.22488
1, 18, 31, 12, 15, 34, 14, 21, 2, 22, 23, 20, 4, 7, 30, 32, 33, 19, 29, 27, 5, 25, 13, 17, 3, 16, 9, 8, 24, 6, 28, 11, 10, 26, 1,1.22488
1, 18, 31, 12, 15, 34, 14, 21, 2, 22, 23, 20, 4, 7, 30, 32, 33, 19, 29, 27, 5, 25, 13, 17, 3, 16, 9, 8, 24, 6, 28, 11, 10, 26, 1,1.22488
1, 18, 31, 12, 15, 34, 14, 21, 2, 22, 23, 20, 4, 7, 30, 32, 33, 19, 29, 27, 5, 25, 13, 17, 3, 16, 9, 8, 24, 6, 28, 11, 10, 26, 1,1.22488
1, 18, 31, 12, 15, 34, 14, 21, 2, 22, 23, 20, 4, 7, 30, 32, 33, 19, 29, 27, 5, 25, 13, 17, 3, 16, 9, 8, 24, 6, 28, 11, 10, 26, 1,1.22488
1, 18, 31, 12, 15, 34, 14, 21, 2, 22, 23, 20, 4, 7, 30, 32, 33, 19, 29, 27, 5, 25, 13, 17, 3, 16, 9, 8, 24, 6, 28, 11, 10, 26, 1,1.22488
1, 18, 31, 12, 15, 34, 14, 21, 2, 22, 23, 20, 4, 7, 30, 32, 33, 19, 29, 27, 5, 25, 13, 17, 3, 16, 9, 8, 24, 6, 28, 11, 10, 26, 1,1.22488
1, 18, 31, 12, 15, 34, 14, 21, 2, 22, 23, 20, 4, 7, 30, 32, 33, 19, 29, 27, 5, 25, 13, 17, 3, 16, 9, 8, 24, 6, 28, 11, 10, 26, 1,1.22488
1, 12, 15, 34, 14, 21, 2, 22, 23, 20, 4, 7, 30, 32, 33, 19, 29, 27, 5, 25, 13, 17, 3, 16, 9, 8, 24, 6, 28, 11, 10, 26, 18, 31, 1,1.22254
1, 18, 31, 12, 15, 34, 14, 21, 2, 22, 23, 20, 4, 7, 30, 32, 33, 19, 29, 27, 5, 25, 13, 17, 3, 16, 9, 8, 24, 6, 28, 11, 10, 26, 1,1.22488
1, 18, 31, 12, 15, 34, 14, 21, 2, 22, 23, 20, 4, 7, 30, 32, 33, 19, 29, 27, 5, 25, 13, 17, 3, 16, 9, 8, 24, 6, 28, 11, 10, 26, 1,1.22488
1, 18, 31, 12, 15, 34, 14, 21, 2, 22, 23, 20, 4, 7, 30, 32, 33, 19, 29, 27, 5, 25, 13, 17, 3, 16, 9, 8, 24, 6, 28, 11, 10, 26, 1,1.22488
1, 18, 31, 12, 15, 34, 14, 21, 2, 22, 23, 20, 4, 7, 30, 32, 33, 19, 29, 27, 5, 25, 13, 17, 3, 16, 9, 8, 24, 6, 28, 11, 10, 26, 1,1.22488
1, 18, 31, 12, 15, 34, 14, 21, 2, 22, 23, 20, 4, 7, 30, 32, 33, 19, 29, 27, 5, 25, 13, 17, 3, 16, 9, 8, 24, 6, 28, 11, 10, 26, 1,1.22488
1, 18, 31, 12, 15, 34, 14, 21, 2, 22, 23, 20, 4, 7, 30, 32, 33, 19, 29, 27, 5, 25, 13, 17, 3, 16, 9, 8, 24, 6, 28, 11, 10, 26, 1,1.22488
1, 18, 31, 12, 15, 34, 14, 21, 2, 22, 23, 20, 4, 7, 30, 32, 33, 19, 29, 27, 5, 25, 13, 17, 3, 16, 9, 8, 24, 6, 28, 11, 10, 26, 1,1.22488
1, 18, 31, 12, 15, 34, 14, 21, 2, 22, 23, 20, 4, 7, 30, 32, 33, 19, 29, 27, 5, 25, 13, 17, 3, 16, 9, 8, 24, 6, 28, 11, 10, 26, 1,1.22488
1, 18, 31, 12, 15, 34, 14, 21, 2, 22, 23, 20, 4, 7, 30, 32, 33, 19, 29, 27, 5, 25, 13, 17, 3, 16, 9, 8, 24, 6, 28, 11, 10, 26, 1,1.22488
1, 18, 31, 12, 15, 34, 14, 21, 2, 22, 23, 20, 4, 7, 30, 32, 33, 19, 29, 27, 5, 25, 13, 17, 3, 16, 9, 8, 24, 6, 28, 11, 10, 26, 1,1.22488
1, 12, 15, 34, 14, 21, 2, 22, 23, 20, 4, 7, 30, 32, 33, 19, 29, 27, 5, 25, 13, 17, 3, 16, 9, 8, 24, 6, 28, 11, 10, 26, 18, 31, 1,1.22254
1, 12, 15, 34, 14, 21, 2, 22, 23, 20, 4, 7, 30, 32, 33, 19, 29, 27, 5, 25, 13, 17, 3, 16, 9, 8, 24, 6, 28, 11, 10, 26, 18, 31, 1,1.22254
1, 12, 15, 34, 14, 21, 2, 22, 23, 20, 4, 7, 30, 32, 33, 19, 29, 27, 5, 25, 13, 17, 3, 16, 9, 8, 24, 6, 28, 11, 10, 26, 18, 31, 1,1.22254
1, 12, 15, 34, 14, 21, 2, 22, 23, 20, 4, 7, 30, 32, 33, 19, 29, 27, 5, 25, 13, 17, 3, 16, 9, 8, 24, 6, 28, 11, 10, 26, 18, 31, 1,1.22254
1, 12, 15, 34, 14, 21, 2, 22, 23, 20, 4, 7, 30, 32, 33, 19, 29, 27, 5, 25, 13, 17, 3, 16, 9, 8, 24, 6, 28, 11, 10, 26, 18, 31, 1,1.22254
1, 12, 15, 34, 14, 21, 2, 22, 23, 20, 4, 7, 30, 32, 33, 19, 29, 27, 5, 25, 13, 17, 3, 16, 9, 8, 24, 6, 28, 11, 10, 26, 18, 31, 1,1.22254
1, 12, 15, 34, 14, 21, 2, 22, 23, 20, 4, 7, 30, 32, 33, 19, 29, 27, 5, 25, 13, 17, 3, 16, 9, 8, 24, 6, 28, 11, 10, 26, 18, 31, 1,1.22254
1, 12, 15, 34, 14, 21, 2, 22, 23, 20, 4, 7, 30, 32, 33, 19, 29, 27, 5, 25, 13, 17, 3, 16, 9, 8, 24, 6, 28, 11, 10, 26, 18, 31, 1,1.22254
1, 12, 15, 34, 14, 21, 2, 22, 23, 20, 4, 7, 30, 32, 33, 19, 29, 27, 5, 25, 13, 17, 3, 16, 9, 8, 24, 6, 28, 11, 10, 26, 18, 31, 1,1.22254
1, 12, 15, 34, 14, 21, 2, 22, 23, 20, 4, 7, 30, 32, 33, 19, 29, 27, 5, 25, 13, 17, 3, 16, 9, 8, 24, 6, 28, 11, 10, 26, 18, 31, 1,1.22254
1, 12, 15, 34, 14, 21, 2, 22, 23, 20, 4, 7, 30, 32, 33, 19, 29, 27, 5, 25, 13, 17, 3, 16, 9, 8, 24, 6, 28, 11, 10, 26, 18, 31, 1,1.22254
1, 12, 15, 34, 14, 21, 2, 22, 23, 20, 4, 7, 30, 32, 33, 19, 29, 27, 5, 25, 13, 17, 3, 16, 9, 8, 24, 6, 28, 11, 10, 26, 18, 31, 1,1.22254
1, 12, 15, 34, 14, 21, 2, 22, 23, 20, 4, 7, 30, 32, 33, 19, 29, 27, 5, 25, 13, 17, 3, 16, 9, 8, 24, 6, 28, 11, 10, 26, 18, 31, 1,1.22254
1, 12, 15, 34, 14, 21, 2, 22, 23, 20, 4, 7, 30, 32, 33, 19, 29, 27, 5, 25, 13, 17, 3, 16, 9, 8, 24, 6, 28, 11, 10, 26, 18, 31, 1,1.22254
1, 12, 15, 34, 14, 21, 2, 22, 23, 20, 4, 7, 30, 32, 33, 19, 29, 27, 5, 25, 13, 17, 3, 16, 9, 8, 24, 6, 28, 11, 10, 26, 18, 31, 1,1.22254
1, 12, 15, 34, 14, 21, 2, 22, 23, 20, 4, 7, 30, 32, 33, 19, 29, 27, 5, 25, 13, 17, 3, 16, 9, 8, 24, 6, 28, 11, 10, 26, 18, 31, 1,1.22254
1, 12, 15, 34, 14, 21, 2, 22, 23, 20, 4, 7, 30, 32, 33, 19, 29, 27, 5, 25, 13, 17, 3, 16, 9, 8, 24, 6, 28, 11, 10, 26, 18, 31, 1,1.22254
1, 12, 15, 34, 14, 21, 2, 22, 23, 20, 4, 7, 30, 32, 33, 19, 29, 27, 5, 25, 13, 17, 3, 16, 9, 8, 24, 6, 28, 11, 10, 26, 18, 31, 1,1.22254
1, 12, 15, 34, 14, 21, 2, 22, 23, 20, 4, 7, 30, 32, 33, 19, 29, 27, 5, 25, 13, 17, 3, 16, 9, 8, 24, 6, 28, 11, 10, 26, 18, 31, 1,1.22254
1, 12, 15, 34, 14, 21, 2, 22, 23, 20, 4, 7, 30, 32, 33, 19, 29, 27, 5, 25, 13, 17, 3, 16, 9, 8, 24, 6, 28, 11, 10, 26, 18, 31, 1,1.22254
1, 12, 15, 34, 14, 21, 2, 22, 23, 20, 4, 7, 30, 32, 33, 19, 29, 27, 5, 25, 13, 17, 3, 16, 9, 8, 24, 6, 28, 11, 10, 26, 18, 31, 1,1.22254
1, 12, 15, 34, 14, 21, 2, 22, 23, 20, 4, 7, 30, 32, 33, 19, 29, 27, 5, 25, 13, 17, 3, 16, 9, 8, 24, 6, 28, 11, 10, 26, 18, 31, 1,1.22254
1, 12, 15, 34, 14, 21, 2, 22, 23, 20, 4, 7, 30, 32, 33, 19, 29, 27, 5, 25, 13, 17, 3, 16, 9, 8, 24, 6, 28, 11, 10, 26, 18, 31, 1,1.22254
1, 12, 15, 34, 14, 21, 2, 22, 23, 20, 4, 7, 30, 32, 33, 19, 29, 27, 5, 25, 13, 17, 3, 16, 9, 8, 24, 6, 28, 11, 10, 26, 18, 31, 1,1.22254
1, 12, 15, 34, 14, 21, 2, 22, 23, 20, 4, 7, 30, 32, 33, 19, 29, 27, 5, 25, 13, 17, 3, 16, 9, 8, 24, 6, 28, 11, 10, 26, 18, 31, 1,1.22254
1, 12, 15, 34, 14, 21, 2, 22, 23, 20, 4, 7, 30, 32, 33, 19, 29, 27, 5, 25, 13, 17, 3, 16, 9, 8, 24, 6, 28, 11, 10, 26, 18, 31, 1,1.22254
1, 12, 15, 34, 14, 21, 2, 22, 23, 20, 4, 7, 30, 32, 33, 19, 29, 27, 5, 25, 13, 17, 3, 16, 9, 8, 24, 6, 28, 11, 10, 26, 18, 31, 1,1.22254
1, 12, 15, 34, 14, 21, 2, 22, 23, 20, 4, 7, 30, 32, 33, 19, 29, 27, 5, 25, 13, 17, 3, 16, 9, 8, 24, 6, 28, 11, 10, 26, 18, 31, 1,1.22254
1, 12, 15, 34, 14, 21, 2, 22, 23, 20, 4, 7, 30, 32, 33, 19, 29, 27, 5, 25, 13, 17, 3, 16, 9, 8, 24, 6, 28, 11, 10, 26, 18, 31, 1,1.22254
1, 12, 15, 34, 14, 21, 2, 22, 23, 20, 4, 7, 30, 32, 33, 19, 29, 27, 5, 25, 13, 17, 3, 16, 9, 8, 24, 6, 28, 11, 10, 26, 18, 31, 1,1.22254
1, 12, 15, 34, 14, 21, 2, 22, 23, 20, 4, 7, 30, 32, 33, 19, 29, 27, 5, 25, 13, 17, 3, 16, 9, 8, 24, 6, 28, 11, 10, 26, 18, 31, 1,1.22254
1, 12, 15, 34, 14, 21, 2, 22, 23, 20, 4, 7, 30, 32, 33, 19, 29, 27, 5, 25, 13, 17, 3, 16, 9, 8, 24, 6, 28, 11, 10, 26, 18, 31, 1,1.22254
1, 12, 15, 34, 14, 21, 2, 22, 23, 20, 4, 7, 30, 32, 33, 19, 29, 27, 5, 25, 13, 17, 3, 16, 9, 8, 24, 6, 28, 11, 10, 26, 18, 31, 1,1.22254
1, 12, 15, 34, 14, 21, 2, 22, 23, 20, 4, 7, 30, 32, 33, 19, 29, 27, 5, 25, 13, 17, 3, 16, 9, 8, 24, 6, 28, 11, 10, 26, 18, 31, 1,1.22254
1, 12, 15, 34, 14, 21, 2, 22, 23, 20, 4, 7, 30, 32, 33, 19, 29, 27, 5, 25, 13, 17, 3, 16, 9, 8, 24, 6, 28, 11, 10, 26, 18, 31, 1,1.22254
1, 12, 15, 34, 14, 21, 2, 22, 23, 20, 4, 7, 30, 32, 33, 19, 29, 27, 5, 25, 13, 17, 3, 16, 9, 8, 24, 6, 28, 11, 10, 26, 18, 31, 1,1.22254
1, 12, 15, 34, 14, 21, 2, 22, 23, 20, 4, 7, 30, 32, 33, 19, 29, 27, 5, 25, 13, 17, 3, 16, 9, 8, 24, 6, 28, 11, 10, 26, 18, 31, 1,1.22254
1, 12, 15, 34, 14, 21, 2, 22, 23, 20, 4, 7, 30, 32, 33, 19, 29, 27, 5, 25, 13, 17, 3, 16, 9, 8, 24, 6, 28, 11, 10, 26, 18, 31, 1,1.22254
1, 12, 15, 34, 14, 21, 2, 22, 23, 20, 4, 7, 30, 32, 33, 19, 29, 27, 5, 25, 13, 17, 3, 16, 9, 8, 24, 6, 28, 11, 10, 26, 18, 31, 1,1.22254
1, 12, 15, 34, 14, 21, 2, 22, 23, 20, 4, 7, 30, 32, 33, 19, 29, 27, 5, 25, 13, 17, 3, 16, 9, 8, 24, 6, 28, 11, 10, 26, 18, 31, 1,1.22254
1, 12, 15, 34, 14, 21, 2, 22, 23, 20, 4, 7, 30, 32, 33, 19, 29, 27, 5, 25, 13, 17, 3, 16, 9, 8, 24, 6, 28, 11, 10, 26, 18, 31, 1,1.22254
1, 12, 15, 34, 14, 21, 2, 22, 23, 20, 4, 7, 30, 32, 33, 19, 29, 27, 5, 25, 13, 17, 3, 16, 9, 8, 24, 6, 28, 11, 10, 26, 18, 31, 1,1.22254
1, 12, 15, 34, 14, 21, 2, 22, 23, 20, 4, 7, 30, 32, 33, 19, 29, 27, 5, 25, 13, 17, 3, 16, 9, 8, 24, 6, 28, 11, 10, 26, 18, 31, 1,1.22254
1, 12, 15, 34, 14, 21, 2, 22, 23, 20, 4, 7, 30, 32, 33, 19, 29, 27, 5, 25, 13, 17, 3, 16, 9, 8, 24, 6, 28, 11, 10, 26, 18, 31, 1,1.22254
1, 12, 15, 34, 14, 21, 2, 22, 23, 20, 4, 7, 30, 32, 33, 19, 29, 27, 5, 25, 13, 17, 3, 16, 9, 8, 24, 6, 28, 11, 10, 26, 18, 31, 1,1.22254
1, 12, 15, 34, 14, 21, 2, 22, 23, 20, 4, 7, 30, 32, 33, 19, 29, 27, 5, 25, 13, 17, 3, 16, 9, 8, 24, 6, 28, 11, 10, 26, 18, 31, 1,1.22254
1, 12, 15, 34, 14, 21, 2, 22, 23, 20, 4, 7, 30, 32, 33, 19, 29, 27, 5, 25, 13, 17, 3, 16, 9, 8, 24, 6, 28, 11, 10, 26, 18, 31, 1,1.22254
1, 12, 15, 34, 14, 21, 2, 22, 23, 20, 4, 7, 30, 32, 33, 19, 29, 27, 5, 25, 13, 17, 3, 16, 9, 8, 24, 6, 28, 11, 10, 26, 18, 31, 1,1.22254
1, 12, 15, 34, 14, 21, 2, 22, 23, 20, 4, 7, 30, 32, 33, 19, 29, 27, 5, 25, 13, 17, 3, 16, 9, 8, 24, 6, 28, 11, 10, 26, 18, 31, 1,1.22254
1, 12, 15, 34, 14, 21, 2, 22, 23, 20, 4, 7, 30, 32, 33, 19, 29, 27, 5, 25, 13, 17, 3, 16, 9, 8, 24, 6, 28, 11, 10, 26, 18, 31, 1,1.22254
1, 12, 15, 34, 14, 21, 2, 22, 23, 20, 4, 7, 30, 32, 33, 19, 29, 27, 5, 25, 13, 17, 3, 16, 9, 8, 24, 6, 28, 11, 10, 26, 18, 31, 1,1.22254
1, 12, 15, 34, 14, 21, 2, 22, 23, 20, 4, 7, 30, 32, 33, 19, 29, 27, 5, 25, 13, 17, 3, 16, 9, 8, 24, 6, 28, 11, 10, 26, 18, 31, 1,1.22254
1, 12, 15, 34, 14, 21, 2, 22, 23, 20, 4, 7, 30, 32, 33, 19, 29, 27, 5, 25, 13, 17, 3, 16, 9, 8, 24, 6, 28, 11, 10, 26, 18, 31, 1,1.22254
1, 12, 15, 34, 14, 21, 2, 22, 23, 20, 4, 7, 30, 32, 33, 19, 29, 27, 5, 25, 13, 17, 3, 16, 9, 8, 24, 6, 28, 11, 10, 26, 18, 31, 1,1.22254
1, 12, 15, 34, 14, 21, 2, 22, 23, 20, 4, 7, 30, 32, 33, 19, 29, 27, 5, 25, 13, 17, 3, 16, 9, 8, 24, 6, 28, 11, 10, 26, 18, 31, 1,1.22254
1, 12, 15, 34, 14, 21, 2, 22, 23, 20, 4, 7, 30, 32, 33, 19, 29, 27, 5, 25, 13, 17, 3, 16, 9, 8, 24, 6, 28, 11, 10, 26, 18, 31, 1,1.22254
1, 12, 15, 34, 14, 21, 2, 22, 23, 20, 4, 7, 30, 32, 33, 19, 29, 27, 5, 25, 13, 17, 3, 16, 9, 8, 24, 6, 28, 11, 10, 26, 18, 31, 1,1.22254
1, 12, 15, 34, 14, 21, 2, 22, 23, 20, 4, 7, 30, 32, 33, 19, 29, 27, 5, 25, 13, 17, 3, 16, 9, 8, 24, 6, 28, 11, 10, 26, 18, 31, 1,1.22254
1, 12, 15, 34, 14, 21, 2, 22, 23, 20, 4, 7, 30, 32, 33, 19, 29, 27, 5, 25, 13, 17, 3, 16, 9, 8, 24, 6, 28, 11, 10, 26, 18, 31, 1,1.22254
1, 12, 15, 34, 14, 21, 2, 22, 23, 20, 4, 7, 30, 32, 33, 19, 29, 27, 5, 25, 13, 17, 3, 16, 9, 8, 24, 6, 28, 11, 10, 26, 18, 31, 1,1.22254
1, 12, 15, 34, 14, 21, 2, 22, 23, 20, 4, 7, 30, 32, 33, 19, 29, 27, 5, 25, 13, 17, 3, 16, 9, 8, 24, 6, 28, 11, 10, 26, 18, 31, 1,1.22254
1, 12, 15, 34, 14, 21, 2, 22, 23, 20, 4, 7, 30, 32, 33, 19, 29, 27, 5, 25, 13, 17, 3, 16, 9, 8, 24, 6, 28, 11, 10, 26, 18, 31, 1,1.22254
1, 12, 15, 34, 14, 21, 2, 22, 23, 20, 4, 7, 30, 32, 33, 19, 29, 27, 5, 25, 13, 17, 3, 16, 9, 8, 24, 6, 28, 11, 10, 26, 18, 31, 1,1.22254
1, 12, 15, 34, 14, 21, 2, 22, 23, 20, 4, 7, 30, 32, 33, 19, 29, 27, 5, 25, 13, 17, 3, 16, 9, 8, 24, 6, 28, 11, 10, 26, 18, 31, 1,1.22254
1, 12, 15, 34, 14, 21, 2, 22, 23, 20, 4, 7, 30, 32, 33, 19, 29, 27, 5, 25, 13, 17, 3, 16, 9, 8, 24, 6, 28, 11, 10, 26, 18, 31, 1,1.22254
1, 12, 15, 34, 14, 21, 2, 22, 23, 20, 4, 7, 30, 32, 33, 19, 29, 27, 5, 25, 13, 17, 3, 16, 9, 8, 24, 6, 28, 11, 10, 26, 18, 31, 1,1.22254
1, 12, 15, 34, 14, 21, 2, 22, 23, 20, 4, 7, 30, 32, 33, 19, 29, 27, 5, 25, 13, 17, 3, 16, 9, 8, 24, 6, 28, 11, 10, 26, 18, 31, 1,1.22254
1, 12, 15, 34, 14, 21, 2, 22, 23, 20, 4, 7, 30, 32, 33, 19, 29, 27, 5, 25, 13, 17, 3, 16, 9, 8, 24, 6, 28, 11, 10, 26, 18, 31, 1,1.22254
1, 12, 15, 34, 14, 21, 2, 22, 23, 20, 4, 7, 30, 32, 33, 19, 29, 27, 5, 25, 13, 17, 3, 16, 9, 8, 24, 6, 28, 11, 10, 26, 18, 31, 1,1.22254
1, 12, 15, 34, 14, 21, 2, 22, 23, 20, 4, 7, 30, 32, 33, 19, 29, 27, 5, 25, 13, 17, 3, 16, 9, 8, 24, 6, 28, 11, 10, 26, 18, 31, 1,1.22254
1, 12, 15, 34, 14, 21, 2, 22, 23, 20, 4, 7, 30, 32, 33, 19, 29, 27, 5, 25, 13, 17, 3, 16, 9, 8, 24, 6, 28, 11, 10, 26, 18, 31, 1,1.22254
1, 12, 15, 34, 14, 21, 2, 22, 23, 20, 4, 7, 30, 32, 33, 19, 29, 27, 5, 25, 13, 17, 3, 16, 9, 8, 24, 6, 28, 11, 10, 26, 18, 31, 1,1.22254
1, 12, 15, 34, 14, 21, 2, 22, 23, 20, 4, 7, 30, 32, 33, 19, 29, 27, 5, 25, 13, 17, 3, 16, 9, 8, 24, 6, 28, 11, 10, 26, 18, 31, 1,1.22254
1, 12, 15, 34, 14, 21, 2, 22, 23, 20, 4, 7, 30, 32, 33, 19, 29, 27, 5, 25, 13, 17, 3, 16, 9, 8, 24, 6, 28, 11, 10, 26, 18, 31, 1,1.22254
1, 12, 15, 34, 14, 21, 2, 22, 23, 20, 4, 7, 30, 32, 33, 19, 29, 27, 5, 25, 13, 17, 3, 16, 9, 8, 24, 6, 28, 11, 10, 26, 18, 31, 1,1.22254
1, 12, 15, 34, 14, 21, 2, 22, 23, 20, 4, 7, 30, 32, 33, 19, 29, 27, 5, 25, 13, 17, 3, 16, 9, 8, 24, 6, 28, 11, 10, 26, 18, 31, 1,1.22254
1, 12, 15, 34, 14, 21, 2, 22, 23, 20, 4, 7, 30, 32, 33, 19, 29, 27, 5, 25, 13, 17, 3, 16, 9, 8, 24, 6, 28, 11, 10, 26, 18, 31, 1,1.22254
1, 12, 15, 34, 14, 21, 2, 22, 23, 20, 4, 7, 30, 32, 33, 19, 29, 27, 5, 25, 13, 17, 3, 16, 9, 8, 24, 6, 28, 11, 10, 26, 18, 31, 1,1.22254
1, 12, 15, 34, 14, 21, 2, 22, 23, 20, 4, 7, 30, 32, 33, 19, 29, 27, 5, 25, 13, 17, 3, 16, 9, 8, 24, 6, 28, 11, 10, 26, 18, 31, 1,1.22254
1, 12, 15, 34, 14, 21, 2, 22, 23, 20, 4, 7, 30, 32, 33, 19, 29, 27, 5, 25, 13, 17, 3, 16, 9, 8, 24, 6, 28, 11, 10, 26, 18, 31, 1,1.22254
1, 12, 15, 34, 14, 21, 2, 22, 23, 20, 4, 7, 30, 32, 33, 19, 29, 27, 5, 25, 13, 17, 3, 16, 9, 8, 24, 6, 28, 11, 10, 26, 18, 31, 1,1.22254
1, 12, 15, 34, 14, 21, 2, 22, 23, 20, 4, 7, 30, 32, 33, 19, 29, 27, 5, 25, 13, 17, 3, 16, 9, 8, 24, 6, 28, 11, 10, 26, 18, 31, 1,1.22254
1, 12, 15, 34, 14, 21, 2, 22, 23, 20, 4, 7, 30, 32, 33, 19, 29, 27, 5, 25, 13, 17, 3, 16, 9, 8, 24, 6, 28, 11, 10, 26, 18, 31, 1,1.22254
1, 12, 15, 34, 14, 21, 2, 22, 23, 20, 4, 7, 30, 32, 33, 19, 29, 27, 5, 25, 13, 17, 3, 16, 9, 8, 24, 6, 28, 11, 10, 26, 18, 31, 1,1.22254
1, 12, 15, 34, 14, 21, 2, 22, 23, 20, 4, 7, 30, 32, 33, 19, 29, 27, 5, 25, 13, 17, 3, 16, 9, 8, 24, 6, 28, 11, 10, 26, 18, 31, 1,1.22254
1, 12, 15, 34, 14, 21, 2, 22, 23, 20, 4, 7, 30, 32, 33, 19, 29, 27, 5, 25, 13, 17, 3, 16, 9, 8, 24, 6, 28, 11, 10, 26, 18, 31, 1,1.22254
1, 12, 15, 34, 14, 21, 2, 22, 23, 20, 4, 7, 30, 32, 33, 19, 29, 27, 5, 25, 13, 17, 3, 16, 9, 8, 24, 6, 28, 11, 10, 26, 18, 31, 1,1.22254
1, 12, 15, 34, 14, 21, 2, 22, 23, 20, 4, 7, 30, 32, 33, 19, 29, 27, 5, 25, 13, 17, 3, 16, 9, 8, 24, 6, 28, 11, 10, 26, 18, 31, 1,1.22254
1, 12, 15, 34, 14, 21, 2, 22, 23, 20, 4, 7, 30, 32, 33, 19, 29, 27, 5, 25, 13, 17, 3, 16, 9, 8, 24, 6, 28, 11, 10, 26, 18, 31, 1,1.22254
1, 12, 15, 34, 14, 21, 2, 22, 23, 20, 4, 7, 30, 32, 33, 19, 29, 27, 5, 25, 13, 17, 3, 16, 9, 8, 24, 6, 28, 11, 10, 26, 18, 31, 1,1.22254
1, 12, 15, 34, 14, 21, 2, 22, 23, 20, 4, 7, 30, 32, 33, 19, 29, 27, 5, 25, 13, 17, 3, 16, 9, 8, 24, 6, 28, 11, 10, 26, 18, 31, 1,1.22254
1, 12, 15, 34, 14, 21, 2, 22, 23, 20, 4, 7, 30, 32, 33, 19, 29, 27, 5, 25, 13, 17, 3, 16, 9, 8, 24, 6, 28, 11, 10, 26, 18, 31, 1,1.22254
1, 12, 15, 34, 14, 21, 2, 22, 23, 20, 4, 7, 30, 32, 33, 19, 29, 27, 5, 25, 13, 17, 3, 16, 9, 8, 24, 6, 28, 11, 10, 26, 18, 31, 1,1.22254
1, 12, 15, 34, 14, 21, 2, 22, 23, 20, 4, 7, 30, 32, 33, 19, 29, 27, 5, 25, 13, 17, 3, 16, 9, 8, 24, 6, 28, 11, 10, 26, 18, 31, 1,1.22254
1, 12, 15, 34, 14, 21, 2, 22, 23, 20, 4, 7, 30, 32, 33, 19, 29, 27, 5, 25, 13, 17, 3, 16, 9, 8, 24, 6, 28, 11, 10, 26, 18, 31, 1,1.22254
1, 12, 15, 34, 14, 21, 2, 22, 23, 20, 4, 7, 30, 32, 33, 19, 29, 27, 5, 25, 13, 17, 3, 16, 9, 8, 24, 6, 28, 11, 10, 26, 18, 31, 1,1.22254
1, 12, 15, 34, 14, 21, 2, 22, 23, 20, 4, 7, 30, 32, 33, 19, 29, 27, 5, 25, 13, 17, 3, 16, 9, 8, 24, 6, 28, 11, 10, 26, 18, 31, 1,1.22254
1, 12, 15, 34, 14, 21, 2, 22, 23, 20, 4, 7, 30, 32, 33, 19, 29, 27, 5, 25, 13, 17, 3, 16, 9, 8, 24, 6, 28, 11, 10, 26, 18, 31, 1,1.22254
1, 12, 15, 34, 14, 21, 2, 22, 23, 20, 4, 7, 30, 32, 33, 19, 29, 27, 5, 25, 13, 17, 3, 16, 9, 8, 24, 6, 28, 11, 10, 26, 18, 31, 1,1.22254
1, 12, 15, 34, 14, 21, 2, 22, 23, 20, 4, 7, 30, 32, 33, 19, 29, 27, 5, 25, 13, 17, 3, 16, 9, 8, 24, 6, 28, 11, 10, 26, 18, 31, 1,1.22254
1, 12, 15, 34, 14, 21, 2, 22, 23, 20, 4, 7, 30, 32, 33, 19, 29, 27, 5, 25, 13, 17, 3, 16, 9, 8, 24, 6, 28, 11, 10, 26, 18, 31, 1,1.22254
1, 12, 15, 34, 14, 21, 2, 22, 23, 20, 4, 7, 30, 32, 33, 19, 29, 27, 5, 25, 13, 17, 3, 16, 9, 8, 24, 6, 28, 11, 10, 26, 18, 31, 1,1.22254
1, 12, 15, 34, 14, 21, 2, 22, 23, 20, 4, 7, 30, 32, 33, 19, 29, 27, 5, 25, 13, 17, 3, 16, 9, 8, 24, 6, 28, 11, 10, 26, 18, 31, 1,1.22254
1, 12, 15, 34, 14, 21, 2, 22, 23, 20, 4, 7, 30, 32, 33, 19, 29, 27, 5, 25, 13, 17, 3, 16, 9, 8, 24, 6, 28, 11, 10, 26, 18, 31, 1,1.22254
1, 12, 15, 34, 14, 21, 2, 22, 23, 20, 4, 7, 30, 32, 33, 19, 29, 27, 5, 25, 13, 17, 3, 16, 9, 8, 24, 6, 28, 11, 10, 26, 18, 31, 1,1.22254
1, 12, 15, 34, 14, 21, 2, 22, 23, 20, 4, 7, 30, 32, 33, 19, 29, 27, 5, 25, 13, 17, 3, 16, 9, 8, 24, 6, 28, 11, 10, 26, 18, 31, 1,1.22254
1, 12, 15, 34, 14, 21, 2, 22, 23, 20, 4, 7, 30, 32, 33, 19, 29, 27, 5, 25, 13, 17, 3, 16, 9, 8, 24, 6, 28, 11, 10, 26, 18, 31, 1,1.22254
1, 12, 15, 34, 14, 21, 2, 22, 23, 20, 4, 7, 30, 32, 33, 19, 29, 27, 5, 25, 13, 17, 3, 16, 9, 8, 24, 6, 28, 11, 10, 26, 18, 31, 1,1.22254
1, 12, 15, 34, 14, 21, 2, 22, 23, 20, 4, 7, 30, 32, 33, 19, 29, 27, 5, 25, 13, 17, 3, 16, 9, 8, 24, 6, 28, 11, 10, 26, 18, 31, 1,1.22254
1, 12, 15, 34, 14, 21, 2, 22, 23, 20, 4, 7, 30, 32, 33, 19, 29, 27, 5, 25, 13, 17, 3, 16, 9, 8, 24, 6, 28, 11, 10, 26, 18, 31, 1,1.22254
1, 12, 15, 34, 14, 21, 2, 22, 23, 20, 4, 7, 30, 32, 33, 19, 29, 27, 5, 25, 13, 17, 3, 16, 9, 8, 24, 6, 28, 11, 10, 26, 18, 31, 1,1.22254
1, 12, 15, 34, 14, 21, 2, 22, 23, 20, 4, 7, 30, 32, 33, 19, 29, 27, 5, 25, 13, 17, 3, 16, 9, 8, 24, 6, 28, 11, 10, 26, 18, 31, 1,1.22254
1, 12, 15, 34, 14, 21, 2, 22, 23, 20, 4, 7, 30, 32, 33, 19, 29, 27, 5, 25, 13, 17, 3, 16, 9, 8, 24, 6, 28, 11, 10, 26, 18, 31, 1,1.22254
1, 12, 15, 34, 14, 21, 2, 22, 23, 20, 4, 7, 30, 32, 33, 19, 29, 27, 5, 25, 13, 17, 3, 16, 9, 8, 24, 6, 28, 11, 10, 26, 18, 31, 1,1.22254
1, 12, 15, 34, 14, 21, 2, 22, 23, 20, 4, 7, 30, 32, 33, 19, 29, 27, 5, 25, 13, 17, 3, 16, 9, 8, 24, 6, 28, 11, 10, 26, 18, 31, 1,1.22254
1, 12, 15, 34, 14, 21, 2, 22, 23, 20, 4, 7, 30, 32, 33, 19, 29, 27, 5, 25, 13, 17, 3, 16, 9, 8, 24, 6, 28, 11, 10, 26, 18, 31, 1,1.22254
1, 12, 15, 34, 14, 21, 2, 22, 23, 20, 4, 7, 30, 32, 33, 19, 29, 27, 5, 25, 13, 17, 3, 16, 9, 8, 24, 6, 28, 11, 10, 26, 18, 31, 1,1.22254
1, 12, 15, 34, 14, 21, 2, 22, 23, 20, 4, 7, 30, 32, 33, 19, 29, 27, 5, 25, 13, 17, 3, 16, 9, 8, 24, 6, 28, 11, 10, 26, 18, 31, 1,1.22254
1, 12, 15, 34, 14, 21, 2, 22, 23, 20, 4, 7, 30, 32, 33, 19, 29, 27, 5, 25, 13, 17, 3, 16, 9, 8, 24, 6, 28, 11, 10, 26, 18, 31, 1,1.22254
1, 12, 15, 34, 14, 21, 2, 22, 23, 20, 4, 7, 30, 32, 33, 19, 29, 27, 5, 25, 13, 17, 3, 16, 9, 8, 24, 6, 28, 11, 10, 26, 18, 31, 1,1.22254
1, 12, 15, 34, 14, 21, 2, 22, 23, 20, 4, 7, 30, 32, 33, 19, 29, 27, 5, 25, 13, 17, 3, 16, 9, 8, 24, 6, 28, 11, 10, 26, 18, 31, 1,1.22254
1, 12, 15, 34, 14, 21, 2, 22, 23, 20, 4, 7, 30, 32, 33, 19, 29, 27, 5, 25, 13, 17, 3, 16, 9, 8, 24, 6, 28, 11, 10, 26, 18, 31, 1,1.22254
1, 12, 15, 34, 14, 21, 2, 22, 23, 20, 4, 7, 30, 32, 33, 19, 29, 27, 5, 25, 13, 17, 3, 16, 9, 8, 24, 6, 28, 11, 10, 26, 18, 31, 1,1.22254
1, 12, 15, 34, 14, 21, 2, 22, 23, 20, 4, 7, 30, 32, 33, 19, 29, 27, 5, 25, 13, 17, 3, 16, 9, 8, 24, 6, 28, 11, 10, 26, 18, 31, 1,1.22254
1, 12, 15, 34, 14, 21, 2, 22, 23, 20, 4, 7, 30, 32, 33, 19, 29, 27, 5, 25, 13, 17, 3, 16, 9, 8, 24, 6, 28, 11, 10, 26, 18, 31, 1,1.22254
1, 12, 15, 34, 14, 21, 2, 22, 23, 20, 4, 7, 30, 32, 33, 19, 29, 27, 5, 25, 13, 17, 3, 16, 9, 8, 24, 6, 28, 11, 10, 26, 18, 31, 1,1.22254
1, 12, 15, 34, 14, 21, 2, 22, 23, 20, 4, 7, 30, 32, 33, 19, 29, 27, 5, 25, 13, 17, 3, 16, 9, 8, 24, 6, 28, 11, 10, 26, 18, 31, 1,1.22254
1, 12, 15, 34, 14, 21, 2, 22, 23, 20, 4, 7, 30, 32, 33, 19, 29, 27, 5, 25, 13, 17, 3, 16, 9, 8, 24, 6, 28, 11, 10, 26, 18, 31, 1,1.22254
1, 12, 15, 34, 14, 21, 2, 22, 23, 20, 4, 7, 30, 32, 33, 19, 29, 27, 5, 25, 13, 17, 3, 16, 9, 8, 24, 6, 28, 11, 10, 26, 18, 31, 1,1.22254
1, 12, 15, 34, 14, 21, 2, 22, 23, 20, 4, 7, 30, 32, 33, 19, 29, 27, 5, 25, 13, 17, 3, 16, 9, 8, 24, 6, 28, 11, 10, 26, 18, 31, 1,1.22254
1, 12, 15, 34, 14, 21, 2, 22, 23, 20, 4, 7, 30, 32, 33, 19, 29, 27, 5, 25, 13, 17, 3, 16, 9, 8, 24, 6, 28, 11, 10, 26, 18, 31, 1,1.22254
1, 12, 15, 34, 14, 21, 2, 22, 23, 20, 4, 7, 30, 32, 33, 19, 29, 27, 5, 25, 13, 17, 3, 16, 9, 8, 24, 6, 28, 11, 10, 26, 18, 31, 1,1.22254
1, 12, 15, 34, 14, 21, 32, 30, 7, 4, 20, 23, 22, 2, 33, 19, 29, 27, 5, 25, 13, 17, 3, 16, 9, 8, 24, 6, 28, 11, 10, 26, 18, 31, 1,1.1998
1, 12, 15, 34, 14, 21, 32, 30, 7, 4, 20, 23, 22, 2, 33, 19, 29, 27, 5, 25, 13, 17, 3, 16, 9, 8, 24, 6, 28, 11, 10, 26, 18, 31, 1,1.1998
1, 12, 15, 34, 14, 21, 32, 30, 7, 4, 20, 23, 22, 2, 33, 19, 29, 27, 5, 25, 13, 17, 3, 16, 9, 8, 24, 6, 28, 11, 10, 26, 18, 31, 1,1.1998
1, 12, 15, 34, 14, 21, 32, 30, 7, 4, 20, 23, 22, 2, 33, 19, 29, 27, 5, 25, 13, 17, 3, 16, 9, 8, 24, 6, 28, 11, 10, 26, 18, 31, 1,1.1998
1, 12, 15, 34, 14, 21, 32, 30, 7, 4, 20, 23, 22, 2, 33, 19, 29, 27, 5, 25, 13, 17, 3, 16, 9, 8, 24, 6, 28, 11, 10, 26, 18, 31, 1,1.1998
1, 12, 15, 34, 14, 21, 32, 30, 7, 4, 20, 23, 22, 2, 33, 19, 29, 27, 5, 25, 13, 17, 3, 16, 9, 8, 24, 6, 28, 11, 10, 26, 18, 31, 1,1.1998
1, 12, 15, 34, 14, 21, 32, 30, 7, 4, 20, 23, 22, 2, 33, 19, 29, 27, 5, 25, 13, 17, 3, 16, 9, 8, 24, 6, 28, 11, 10, 26, 18, 31, 1,1.1998
1, 12, 15, 34, 14, 21, 32, 30, 7, 4, 20, 23, 22, 2, 33, 19, 29, 27, 5, 25, 13, 17, 3, 16, 9, 8, 24, 6, 28, 11, 10, 26, 18, 31, 1,1.1998
1, 12, 15, 34, 14, 21, 32, 30, 7, 4, 20, 23, 22, 2, 33, 19, 29, 27, 5, 25, 13, 17, 3, 16, 9, 8, 24, 6, 28, 11, 10, 26, 18, 31, 1,1.1998
1, 12, 15, 34, 14, 21, 32, 30, 7, 4, 20, 23, 22, 2, 33, 19, 29, 27, 5, 25, 13, 17, 3, 16, 9, 8, 24, 6, 28, 11, 10, 26, 18, 31, 1,1.1998
1, 12, 15, 34, 14, 21, 32, 30, 7, 4, 20, 23, 22, 2, 33, 19, 29, 27, 5, 25, 13, 17, 3, 16, 9, 8, 24, 6, 28, 11, 10, 26, 18, 31, 1,1.1998
1, 12, 15, 34, 14, 21, 32, 30, 7, 4, 20, 23, 22, 2, 33, 19, 29, 27, 5, 25, 13, 17, 3, 16, 9, 8, 24, 6, 28, 11, 10, 26, 18, 31, 1,1.1998
1, 12, 15, 34, 14, 21, 32, 30, 7, 4, 20, 23, 22, 2, 33, 19, 29, 27, 5, 25, 13, 17, 3, 16, 9, 8, 24, 6, 28, 11, 10, 26, 18, 31, 1,1.1998
1, 12, 15, 34, 14, 21, 32, 30, 7, 4, 20, 23, 22, 2, 33, 19, 29, 27, 5, 25, 13, 17, 3, 16, 9, 8, 24, 6, 28, 11, 10, 26, 18, 31, 1,1.1998
1, 12, 15, 34, 14, 21, 32, 30, 7, 4, 20, 23, 22, 2, 33, 19, 29, 27, 5, 25, 13, 17, 3, 16, 9, 8, 24, 6, 28, 11, 10, 26, 18, 31, 1,1.1998
1, 12, 15, 34, 14, 21, 32, 30, 7, 4, 20, 23, 22, 2, 33, 19, 29, 27, 5, 25, 13, 17, 3, 16, 9, 8, 24, 6, 28, 11, 10, 26, 18, 31, 1,1.1998
1, 12, 15, 34, 14, 21, 32, 30, 7, 4, 20, 23, 22, 2, 33, 19, 29, 27, 5, 25, 13, 17, 3, 16, 9, 8, 24, 6, 28, 11, 10, 26, 18, 31, 1,1.1998
1, 12, 15, 34, 14, 21, 32, 30, 7, 4, 20, 23, 22, 2, 33, 19, 29, 27, 5, 25, 13, 17, 3, 16, 9, 8, 24, 6, 28, 11, 10, 26, 18, 31, 1,1.1998
1, 12, 15, 34, 14, 21, 32, 30, 7, 4, 20, 23, 22, 2, 33, 19, 29, 27, 5, 25, 13, 17, 3, 16, 9, 8, 24, 6, 28, 11, 10, 26, 18, 31, 1,1.1998
1, 12, 15, 34, 14, 21, 32, 30, 7, 4, 20, 23, 22, 2, 33, 19, 29, 27, 5, 25, 13, 17, 3, 16, 9, 8, 24, 6, 28, 11, 10, 26, 18, 31, 1,1.1998
1, 12, 15, 34, 14, 21, 32, 30, 7, 4, 20, 23, 22, 2, 33, 19, 29, 27, 5, 25, 13, 17, 3, 16, 9, 8, 24, 6, 28, 11, 10, 26, 18, 31, 1,1.1998
1, 12, 15, 34, 14, 21, 32, 30, 7, 4, 20, 23, 22, 2, 33, 19, 29, 27, 5, 25, 13, 17, 3, 16, 9, 8, 24, 6, 28, 11, 10, 26, 18, 31, 1,1.1998
1, 12, 15, 34, 14, 21, 32, 30, 7, 4, 20, 23, 22, 2, 33, 19, 29, 27, 5, 25, 13, 17, 3, 16, 9, 8, 24, 6, 28, 11, 10, 26, 18, 31, 1,1.1998
1, 12, 15, 34, 14, 21, 32, 30, 7, 4, 20, 23, 22, 2, 33, 19, 29, 27, 5, 25, 13, 17, 3, 16, 9, 8, 24, 6, 28, 11, 10, 26, 18, 31, 1,1.1998
1, 12, 15, 34, 14, 21, 32, 30, 7, 4, 20, 23, 22, 2, 33, 19, 29, 27, 5, 25, 13, 17, 3, 16, 9, 8, 24, 6, 28, 11, 10, 26, 18, 31, 1,1.1998
1, 12, 15, 34, 14, 21, 32, 30, 7, 4, 20, 23, 22, 2, 33, 19, 29, 27, 5, 25, 13, 17, 3, 16, 9, 8, 24, 6, 28, 11, 10, 26, 18, 31, 1,1.1998
1, 12, 15, 34, 14, 21, 32, 30, 7, 4, 20, 23, 22, 2, 33, 19, 29, 27, 5, 25, 13, 17, 3, 16, 9, 8, 24, 6, 28, 11, 10, 26, 18, 31, 1,1.1998
1, 31, 18, 26, 10, 11, 28, 6, 24, 8, 9, 16, 3, 17, 13, 25, 5, 27, 29, 19, 33, 2, 22, 23, 20, 4, 7, 30, 32, 21, 14, 34, 15, 12, 1,1.1998
1, 12, 15, 34, 14, 21, 32, 30, 7, 4, 20, 23, 22, 2, 33, 19, 29, 27, 5, 25, 13, 17, 3, 16, 9, 8, 24, 6, 28, 11, 10, 26, 18, 31, 1,1.1998
1, 12, 15, 34, 14, 21, 32, 30, 7, 4, 20, 23, 22, 2, 33, 19, 29, 27, 5, 25, 13, 17, 3, 16, 9, 8, 24, 6, 28, 11, 10, 26, 18, 31, 1,1.1998
1, 12, 15, 34, 14, 21, 32, 30, 7, 4, 20, 23, 22, 2, 33, 19, 29, 27, 5, 25, 13, 17, 3, 16, 9, 8, 24, 6, 28, 11, 10, 26, 18, 31, 1,1.1998
1, 12, 15, 34, 14, 21, 32, 30, 7, 4, 20, 23, 22, 2, 33, 19, 29, 27, 5, 25, 13, 17, 3, 16, 9, 8, 24, 6, 28, 11, 10, 26, 18, 31, 1,1.1998
1, 12, 15, 34, 14, 21, 32, 30, 7, 4, 20, 23, 22, 2, 33, 19, 29, 27, 5, 25, 13, 17, 3, 16, 9, 8, 24, 6, 28, 11, 10, 26, 18, 31, 1,1.1998
1, 12, 15, 34, 14, 21, 32, 30, 7, 4, 20, 23, 22, 2, 33, 19, 29, 27, 5, 25, 13, 17, 3, 16, 9, 8, 24, 6, 28, 11, 10, 26, 18, 31, 1,1.1998
1, 12, 15, 34, 14, 21, 32, 30, 7, 4, 20, 23, 22, 2, 33, 19, 29, 27, 5, 25, 13, 17, 3, 16, 9, 8, 24, 6, 28, 11, 10, 26, 18, 31, 1,1.1998
1, 12, 15, 34, 14, 21, 32, 30, 7, 4, 20, 23, 22, 2, 33, 19, 29, 27, 5, 25, 13, 17, 3, 16, 9, 8, 24, 6, 28, 11, 10, 26, 18, 31, 1,1.1998
1, 12, 15, 34, 14, 21, 32, 30, 7, 4, 20, 23, 22, 2, 33, 19, 29, 27, 5, 25, 13, 17, 3, 16, 9, 8, 24, 6, 28, 11, 10, 26, 18, 31, 1,1.1998
1, 12, 15, 34, 14, 21, 32, 30, 7, 4, 20, 23, 22, 2, 33, 19, 29, 27, 5, 25, 13, 17, 3, 16, 9, 8, 24, 6, 28, 11, 10, 26, 18, 31, 1,1.1998
1, 12, 15, 34, 14, 21, 32, 30, 7, 4, 20, 23, 22, 2, 33, 19, 29, 27, 5, 25, 13, 17, 3, 16, 9, 8, 24, 6, 28, 11, 10, 26, 18, 31, 1,1.1998
1, 12, 15, 34, 14, 21, 32, 30, 7, 4, 20, 23, 22, 2, 33, 19, 29, 27, 5, 25, 13, 17, 3, 16, 9, 8, 24, 6, 28, 11, 10, 26, 18, 31, 1,1.1998
1, 31, 18, 26, 10, 11, 28, 6, 24, 8, 9, 16, 3, 17, 13, 25, 5, 27, 29, 19, 33, 2, 22, 23, 20, 4, 7, 30, 32, 21, 14, 34, 15, 12, 1,1.1998
1, 12, 15, 34, 14, 21, 32, 30, 7, 4, 20, 23, 22, 2, 33, 19, 29, 27, 5, 25, 13, 17, 3, 16, 9, 8, 24, 6, 28, 11, 10, 26, 18, 31, 1,1.1998
1, 12, 15, 34, 14, 21, 32, 30, 7, 4, 20, 23, 22, 2, 33, 19, 29, 27, 5, 25, 13, 17, 3, 16, 9, 8, 24, 6, 28, 11, 10, 26, 18, 31, 1,1.1998
1, 12, 15, 34, 14, 21, 32, 30, 7, 4, 20, 23, 22, 2, 33, 19, 29, 27, 5, 25, 13, 17, 3, 16, 9, 8, 24, 6, 28, 11, 10, 26, 18, 31, 1,1.1998
1, 12, 15, 34, 14, 21, 32, 30, 7, 4, 20, 23, 22, 2, 33, 19, 29, 27, 5, 25, 13, 17, 3, 16, 9, 8, 24, 6, 28, 11, 10, 26, 18, 31, 1,1.1998
1, 12, 15, 34, 14, 21, 32, 30, 7, 4, 20, 23, 22, 2, 33, 19, 29, 27, 5, 25, 13, 17, 3, 16, 9, 8, 24, 6, 28, 11, 10, 26, 18, 31, 1,1.1998
1, 12, 15, 34, 14, 21, 32, 30, 7, 4, 20, 23, 22, 2, 33, 19, 29, 27, 5, 25, 13, 17, 3, 16, 9, 8, 24, 6, 28, 11, 10, 26, 18, 31, 1,1.1998
1, 12, 15, 34, 14, 21, 32, 30, 7, 4, 20, 23, 22, 2, 33, 19, 29, 27, 5, 25, 13, 17, 3, 16, 9, 8, 24, 6, 28, 11, 10, 26, 18, 31, 1,1.1998
1, 12, 15, 34, 14, 21, 32, 30, 7, 4, 20, 23, 22, 2, 33, 19, 29, 27, 5, 25, 13, 17, 3, 16, 9, 8, 24, 6, 28, 11, 10, 26, 18, 31, 1,1.1998
1, 12, 15, 34, 14, 21, 32, 30, 7, 4, 20, 23, 22, 2, 33, 19, 29, 27, 5, 25, 13, 17, 3, 16, 9, 8, 24, 6, 28, 11, 10, 26, 18, 31, 1,1.1998
1, 12, 15, 34, 14, 21, 32, 30, 7, 4, 20, 23, 22, 2, 33, 19, 29, 27, 5, 25, 13, 17, 3, 16, 9, 8, 24, 6, 28, 11, 10, 26, 18, 31, 1,1.1998
1, 12, 15, 34, 14, 21, 32, 30, 7, 4, 20, 23, 22, 2, 33, 19, 29, 27, 5, 25, 13, 17, 3, 16, 9, 8, 24, 6, 28, 11, 10, 26, 18, 31, 1,1.1998
1, 12, 15, 34, 14, 21, 32, 30, 7, 4, 20, 23, 22, 2, 33, 19, 29, 27, 5, 25, 13, 17, 3, 16, 9, 8, 24, 6, 28, 11, 10, 26, 18, 31, 1,1.1998
1, 12, 15, 34, 14, 21, 32, 30, 7, 4, 20, 23, 22, 2, 33, 19, 29, 27, 5, 25, 13, 17, 3, 16, 9, 8, 24, 6, 28, 11, 10, 26, 18, 31, 1,1.1998
1, 12, 15, 34, 14, 21, 32, 30, 7, 4, 20, 23, 22, 2, 33, 19, 29, 27, 5, 25, 13, 17, 3, 16, 9, 8, 24, 6, 28, 11, 10, 26, 18, 31, 1,1.1998
1, 12, 15, 34, 14, 21, 32, 30, 7, 4, 20, 23, 22, 2, 33, 19, 29, 27, 5, 25, 13, 17, 3, 16, 9, 8, 24, 6, 28, 11, 10, 26, 18, 31, 1,1.1998
1, 12, 15, 34, 14, 21, 32, 30, 7, 4, 20, 23, 22, 2, 33, 19, 29, 27, 5, 25, 13, 17, 3, 16, 9, 8, 24, 6, 28, 11, 10, 26, 18, 31, 1,1.1998
1, 12, 15, 34, 14, 21, 32, 30, 7, 4, 20, 23, 22, 2, 33, 19, 29, 27, 5, 25, 13, 17, 3, 16, 9, 8, 24, 6, 28, 11, 10, 26, 18, 31, 1,1.1998
1, 12, 15, 34, 14, 21, 32, 30, 7, 4, 20, 23, 22, 2, 33, 19, 29, 27, 5, 25, 13, 17, 3, 16, 9, 8, 24, 6, 28, 11, 10, 26, 18, 31, 1,1.1998
1, 12, 15, 34, 14, 21, 32, 30, 7, 4, 20, 23, 22, 2, 33, 19, 29, 27, 5, 25, 13, 17, 3, 16, 9, 8, 24, 6, 28, 11, 10, 26, 18, 31, 1,1.1998
1, 12, 15, 34, 14, 21, 32, 30, 7, 4, 20, 23, 22, 2, 33, 19, 29, 27, 5, 25, 13, 17, 3, 16, 9, 8, 24, 6, 28, 11, 10, 26, 18, 31, 1,1.1998
1, 12, 15, 34, 14, 21, 32, 30, 7, 4, 20, 23, 22, 2, 33, 19, 29, 27, 5, 25, 13, 17, 3, 16, 9, 8, 24, 6, 28, 11, 10, 26, 18, 31, 1,1.1998
1, 12, 15, 34, 14, 21, 32, 30, 7, 4, 20, 23, 22, 2, 33, 19, 29, 27, 5, 25, 13, 17, 3, 16, 9, 8, 24, 6, 28, 11, 10, 26, 18, 31, 1,1.1998
1, 12, 15, 34, 14, 21, 32, 30, 7, 4, 20, 23, 22, 2, 33, 19, 29, 27, 5, 25, 13, 17, 3, 16, 9, 8, 24, 6, 28, 11, 10, 26, 18, 31, 1,1.1998
1, 12, 15, 34, 14, 21, 32, 30, 7, 4, 20, 23, 22, 2, 33, 19, 29, 27, 5, 25, 13, 17, 3, 16, 9, 8, 24, 6, 28, 11, 10, 26, 18, 31, 1,1.1998
1, 12, 15, 34, 14, 21, 32, 30, 7, 4, 20, 23, 22, 2, 33, 19, 29, 27, 5, 25, 13, 17, 3, 16, 9, 8, 24, 6, 28, 11, 10, 26, 18, 31, 1,1.1998
1, 12, 15, 34, 14, 21, 32, 30, 7, 4, 20, 23, 22, 2, 33, 19, 29, 27, 5, 25, 13, 17, 3, 16, 9, 8, 24, 6, 28, 11, 10, 26, 18, 31, 1,1.1998
1, 12, 15, 34, 14, 21, 32, 30, 7, 4, 20, 23, 22, 2, 33, 19, 29, 27, 5, 25, 13, 17, 3, 16, 9, 8, 24, 6, 28, 11, 10, 26, 18, 31, 1,1.1998
1, 12, 15, 34, 14, 21, 32, 30, 7, 4, 20, 23, 22, 2, 33, 19, 29, 27, 5, 25, 13, 17, 3, 16, 9, 8, 24, 6, 28, 11, 10, 26, 18, 31, 1,1.1998
1, 12, 15, 34, 14, 21, 32, 30, 7, 4, 20, 23, 22, 2, 33, 19, 29, 27, 5, 25, 13, 17, 3, 16, 9, 8, 24, 6, 28, 11, 10, 26, 18, 31, 1,1.1998
1, 12, 15, 34, 14, 21, 32, 30, 7, 4, 20, 23, 22, 2, 33, 19, 29, 27, 5, 25, 13, 17, 3, 16, 9, 8, 24, 6, 28, 11, 10, 26, 18, 31, 1,1.1998
1, 12, 15, 34, 14, 21, 32, 30, 7, 4, 20, 23, 22, 2, 33, 19, 29, 27, 5, 25, 13, 17, 3, 16, 9, 8, 24, 6, 28, 11, 10, 26, 18, 31, 1,1.1998
1, 12, 15, 34, 14, 21, 32, 30, 7, 4, 20, 23, 22, 2, 33, 19, 29, 27, 5, 25, 13, 17, 3, 16, 9, 8, 24, 6, 28, 11, 10, 26, 18, 31, 1,1.1998
1, 12, 15, 34, 14, 21, 22, 23, 20, 4, 7, 30, 32, 2, 33, 19, 29, 27, 5, 25, 13, 17, 3, 16, 9, 8, 24, 6, 28, 11, 10, 26, 18, 31, 1,1.18664
1, 12, 15, 34, 14, 21, 22, 23, 20, 4, 7, 30, 32, 2, 33, 19, 29, 27, 5, 25, 13, 17, 3, 16, 9, 8, 24, 6, 28, 11, 10, 26, 18, 31, 1,1.18664
1, 12, 15, 34, 14, 21, 22, 23, 20, 4, 7, 30, 32, 2, 33, 19, 29, 27, 5, 25, 13, 17, 3, 16, 9, 8, 24, 6, 28, 11, 10, 26, 18, 31, 1,1.18664
1, 12, 15, 34, 14, 21, 22, 23, 20, 4, 7, 30, 32, 2, 33, 19, 29, 27, 5, 25, 13, 17, 3, 16, 9, 8, 24, 6, 28, 11, 10, 26, 18, 31, 1,1.18664
1, 12, 15, 34, 14, 21, 22, 23, 20, 4, 7, 30, 32, 2, 33, 19, 29, 27, 5, 25, 13, 17, 3, 16, 9, 8, 24, 6, 28, 11, 10, 26, 18, 31, 1,1.18664
1, 12, 15, 34, 14, 21, 22, 23, 20, 4, 7, 30, 32, 2, 33, 19, 29, 27, 5, 25, 13, 17, 3, 16, 9, 8, 24, 6, 28, 11, 10, 26, 18, 31, 1,1.18664
1, 12, 15, 34, 14, 21, 22, 23, 20, 4, 7, 30, 32, 2, 33, 19, 29, 27, 5, 25, 13, 17, 3, 16, 9, 8, 24, 6, 28, 11, 10, 26, 18, 31, 1,1.18664
1, 12, 15, 34, 14, 21, 22, 23, 20, 4, 7, 30, 32, 2, 33, 19, 29, 27, 5, 25, 13, 17, 3, 16, 9, 8, 24, 6, 28, 11, 10, 26, 18, 31, 1,1.18664
1, 12, 15, 34, 14, 21, 22, 23, 20, 4, 7, 30, 32, 2, 33, 19, 29, 27, 5, 25, 13, 17, 3, 16, 9, 8, 24, 6, 28, 11, 10, 26, 18, 31, 1,1.18664
1, 12, 15, 34, 14, 21, 22, 23, 20, 4, 7, 30, 32, 2, 33, 19, 29, 27, 5, 25, 13, 17, 3, 16, 9, 8, 24, 6, 28, 11, 10, 26, 18, 31, 1,1.18664
1, 12, 15, 34, 14, 21, 22, 23, 20, 4, 7, 30, 32, 2, 33, 19, 29, 27, 5, 25, 13, 17, 3, 16, 9, 8, 24, 6, 28, 11, 10, 26, 18, 31, 1,1.18664
1, 12, 15, 34, 14, 21, 22, 23, 20, 4, 7, 30, 32, 2, 33, 19, 29, 27, 5, 25, 13, 17, 3, 16, 9, 8, 24, 6, 28, 11, 10, 26, 18, 31, 1,1.18664
1, 12, 15, 34, 14, 21, 22, 23, 20, 4, 7, 30, 32, 2, 33, 19, 29, 27, 5, 25, 13, 17, 3, 16, 9, 8, 24, 6, 28, 11, 10, 26, 18, 31, 1,1.18664
1, 12, 15, 34, 14, 21, 22, 23, 20, 4, 7, 30, 32, 2, 33, 19, 29, 27, 5, 25, 13, 17, 3, 16, 9, 8, 24, 6, 28, 11, 10, 26, 18, 31, 1,1.18664
1, 12, 15, 34, 14, 21, 22, 23, 20, 4, 7, 30, 32, 2, 33, 19, 29, 27, 5, 25, 13, 17, 3, 16, 9, 8, 24, 6, 28, 11, 10, 26, 18, 31, 1,1.18664
1, 12, 15, 34, 14, 21, 22, 23, 20, 4, 7, 30, 32, 2, 33, 19, 29, 27, 5, 25, 13, 17, 3, 16, 9, 8, 24, 6, 28, 11, 10, 26, 18, 31, 1,1.18664
1, 12, 15, 34, 14, 21, 22, 23, 20, 4, 7, 30, 32, 2, 33, 19, 29, 27, 5, 25, 13, 17, 3, 16, 9, 8, 24, 6, 28, 11, 10, 26, 18, 31, 1,1.18664
1, 12, 15, 34, 14, 21, 22, 23, 20, 4, 7, 30, 32, 2, 33, 19, 29, 27, 5, 25, 13, 17, 3, 16, 9, 8, 24, 6, 28, 11, 10, 26, 18, 31, 1,1.18664
1, 12, 15, 34, 14, 21, 22, 23, 20, 4, 7, 30, 32, 2, 33, 19, 29, 27, 5, 25, 13, 17, 3, 16, 9, 8, 24, 6, 28, 11, 10, 26, 18, 31, 1,1.18664
1, 12, 15, 34, 14, 21, 22, 23, 20, 4, 7, 30, 32, 2, 33, 19, 29, 27, 5, 25, 13, 17, 3, 16, 9, 8, 24, 6, 28, 11, 10, 26, 18, 31, 1,1.18664
1, 12, 15, 34, 14, 21, 22, 23, 20, 4, 7, 30, 32, 2, 33, 19, 29, 27, 5, 25, 13, 17, 3, 16, 9, 8, 24, 6, 28, 11, 10, 26, 18, 31, 1,1.18664
1, 31, 18, 26, 10, 11, 28, 6, 24, 8, 9, 16, 3, 17, 13, 25, 5, 27, 29, 19, 33, 2, 32, 30, 7, 4, 20, 23, 22, 21, 14, 34, 15, 12, 1,1.18664
1, 12, 15, 34, 14, 21, 22, 23, 20, 4, 7, 30, 32, 2, 33, 19, 29, 27, 5, 25, 13, 17, 3, 16, 9, 8, 24, 6, 28, 11, 10, 26, 18, 31, 1,1.18664
1, 12, 15, 34, 14, 21, 22, 23, 20, 4, 7, 30, 32, 2, 33, 19, 29, 27, 5, 25, 13, 17, 3, 16, 9, 8, 24, 6, 28, 11, 10, 26, 18, 31, 1,1.18664
1, 12, 15, 34, 14, 21, 22, 23, 20, 4, 7, 30, 32, 2, 33, 19, 29, 27, 5, 25, 13, 17, 3, 16, 9, 8, 24, 6, 28, 11, 10, 26, 18, 31, 1,1.18664
1, 12, 15, 34, 14, 21, 22, 23, 20, 4, 7, 30, 32, 2, 33, 19, 29, 27, 5, 25, 13, 17, 3, 16, 9, 8, 24, 6, 28, 11, 10, 26, 18, 31, 1,1.18664
1, 12, 15, 34, 14, 21, 22, 23, 20, 4, 7, 30, 32, 2, 33, 19, 29, 27, 5, 25, 13, 17, 3, 16, 9, 8, 24, 6, 28, 11, 10, 26, 18, 31, 1,1.18664
1, 12, 15, 34, 14, 21, 22, 23, 20, 4, 7, 30, 32, 2, 33, 19, 29, 27, 5, 25, 13, 17, 3, 16, 9, 8, 24, 6, 28, 11, 10, 26, 18, 31, 1,1.18664
1, 12, 15, 34, 14, 21, 22, 23, 20, 4, 7, 30, 32, 2, 33, 19, 29, 27, 5, 25, 13, 17, 3, 16, 9, 8, 24, 6, 28, 11, 10, 26, 18, 31, 1,1.18664
1, 12, 15, 34, 14, 21, 22, 23, 20, 4, 7, 30, 32, 2, 33, 19, 29, 27, 5, 25, 13, 17, 3, 16, 9, 8, 24, 6, 28, 11, 10, 26, 18, 31, 1,1.18664
1, 12, 15, 34, 14, 21, 22, 23, 20, 4, 7, 30, 32, 2, 33, 19, 29, 27, 5, 25, 13, 17, 3, 16, 9, 8, 24, 6, 28, 11, 10, 26, 18, 31, 1,1.18664
1, 12, 15, 34, 14, 21, 22, 23, 20, 4, 7, 30, 32, 2, 33, 19, 29, 27, 5, 25, 13, 17, 3, 16, 9, 8, 24, 6, 28, 11, 10, 26, 18, 31, 1,1.18664
1, 12, 15, 34, 14, 21, 22, 23, 20, 4, 7, 30, 32, 2, 33, 19, 29, 27, 5, 25, 13, 17, 3, 16, 9, 8, 24, 6, 28, 11, 10, 26, 18, 31, 1,1.18664
1, 12, 15, 34, 14, 21, 22, 23, 20, 4, 7, 30, 32, 2, 33, 19, 29, 27, 5, 25, 13, 17, 3, 16, 9, 8, 24, 6, 28, 11, 10, 26, 18, 31, 1,1.18664
1, 12, 15, 34, 14, 21, 22, 23, 20, 4, 7, 30, 32, 2, 33, 19, 29, 27, 5, 25, 13, 17, 3, 16, 9, 8, 24, 6, 28, 11, 10, 26, 18, 31, 1,1.18664
1, 12, 15, 34, 14, 21, 22, 23, 20, 4, 7, 30, 32, 2, 33, 19, 29, 27, 5, 25, 13, 17, 3, 16, 9, 8, 24, 6, 28, 11, 10, 26, 18, 31, 1,1.18664
1, 12, 15, 34, 14, 21, 22, 23, 20, 4, 7, 30, 32, 2, 33, 19, 29, 27, 5, 25, 13, 17, 3, 16, 9, 8, 24, 6, 28, 11, 10, 26, 18, 31, 1,1.18664
1, 12, 15, 34, 14, 21, 22, 23, 20, 4, 7, 30, 32, 2, 33, 19, 29, 27, 5, 25, 13, 17, 3, 16, 9, 8, 24, 6, 28, 11, 10, 26, 18, 31, 1,1.18664
1, 12, 15, 34, 14, 21, 22, 23, 20, 4, 7, 30, 32, 2, 33, 19, 29, 27, 5, 25, 13, 17, 3, 16, 9, 8, 24, 6, 28, 11, 10, 26, 18, 31, 1,1.18664
1, 12, 15, 34, 14, 21, 22, 23, 20, 4, 7, 30, 32, 2, 33, 19, 29, 27, 5, 25, 13, 17, 3, 16, 9, 8, 24, 6, 28, 11, 10, 26, 18, 31, 1,1.18664
1, 12, 15, 34, 14, 21, 22, 23, 20, 4, 7, 30, 32, 2, 33, 19, 29, 27, 5, 25, 13, 17, 3, 16, 9, 8, 24, 6, 28, 11, 10, 26, 18, 31, 1,1.18664
1, 12, 15, 34, 14, 21, 22, 23, 20, 4, 7, 30, 32, 2, 33, 19, 29, 27, 5, 25, 13, 17, 3, 16, 9, 8, 24, 6, 28, 11, 10, 26, 18, 31, 1,1.18664
1, 12, 15, 34, 14, 21, 22, 23, 20, 4, 7, 30, 32, 2, 33, 19, 29, 27, 5, 25, 13, 17, 3, 16, 9, 8, 24, 6, 28, 11, 10, 26, 18, 31, 1,1.18664
1, 12, 15, 34, 14, 21, 22, 23, 20, 4, 7, 30, 32, 2, 33, 19, 29, 27, 5, 25, 13, 17, 3, 16, 9, 8, 24, 6, 28, 11, 10, 26, 18, 31, 1,1.18664
1, 12, 15, 34, 14, 21, 22, 23, 20, 4, 7, 30, 32, 2, 33, 19, 29, 27, 5, 25, 13, 17, 3, 16, 9, 8, 24, 6, 28, 11, 10, 26, 18, 31, 1,1.18664
1, 12, 15, 34, 14, 21, 22, 23, 20, 4, 7, 30, 32, 2, 33, 19, 29, 27, 5, 25, 13, 17, 3, 16, 9, 8, 24, 6, 28, 11, 10, 26, 18, 31, 1,1.18664
1, 12, 15, 34, 14, 21, 22, 23, 20, 4, 7, 30, 32, 2, 33, 19, 29, 27, 5, 25, 13, 17, 3, 16, 9, 8, 24, 6, 28, 11, 10, 26, 18, 31, 1,1.18664
1, 12, 15, 34, 14, 21, 22, 23, 20, 4, 7, 30, 32, 2, 33, 19, 29, 27, 5, 25, 13, 17, 3, 16, 9, 8, 24, 6, 28, 11, 10, 26, 18, 31, 1,1.18664
1, 12, 15, 34, 14, 21, 22, 23, 20, 4, 7, 30, 32, 2, 33, 19, 29, 27, 5, 25, 13, 17, 3, 16, 9, 8, 24, 6, 28, 11, 10, 26, 18, 31, 1,1.18664
1, 12, 15, 34, 14, 21, 22, 23, 20, 4, 7, 30, 32, 2, 33, 19, 29, 27, 5, 25, 13, 17, 3, 16, 9, 8, 24, 6, 28, 11, 10, 26, 18, 31, 1,1.18664
1, 12, 15, 34, 14, 21, 22, 23, 20, 4, 7, 30, 32, 2, 33, 19, 29, 27, 5, 25, 13, 17, 3, 16, 9, 8, 24, 6, 28, 11, 10, 26, 18, 31, 1,1.18664
1, 12, 15, 34, 14, 21, 22, 23, 20, 4, 7, 30, 32, 2, 33, 19, 29, 27, 5, 25, 13, 17, 3, 16, 9, 8, 24, 6, 28, 11, 10, 26, 18, 31, 1,1.18664
1, 12, 15, 34, 14, 21, 22, 23, 20, 4, 7, 30, 32, 2, 33, 19, 29, 27, 5, 25, 13, 17, 3, 16, 9, 8, 24, 6, 28, 11, 10, 26, 18, 31, 1,1.18664
1, 12, 15, 34, 14, 21, 22, 23, 20, 4, 7, 30, 32, 2, 33, 19, 29, 27, 5, 25, 13, 17, 3, 16, 9, 8, 24, 6, 28, 11, 10, 26, 18, 31, 1,1.18664
1, 12, 15, 34, 14, 21, 22, 23, 20, 4, 7, 30, 32, 2, 33, 19, 29, 27, 5, 25, 13, 17, 3, 16, 9, 8, 24, 6, 28, 11, 10, 26, 18, 31, 1,1.18664
1, 12, 15, 34, 14, 21, 22, 23, 20, 4, 7, 30, 32, 2, 33, 19, 29, 27, 5, 25, 13, 17, 3, 16, 9, 8, 24, 6, 28, 11, 10, 26, 18, 31, 1,1.18664
1, 12, 15, 34, 14, 21, 22, 23, 20, 4, 7, 30, 32, 2, 33, 19, 29, 27, 5, 25, 13, 17, 3, 16, 9, 8, 24, 6, 28, 11, 10, 26, 18, 31, 1,1.18664
1, 12, 15, 34, 14, 21, 22, 23, 20, 4, 7, 30, 32, 2, 33, 19, 29, 27, 5, 25, 13, 17, 3, 16, 9, 8, 24, 6, 28, 11, 10, 26, 18, 31, 1,1.18664
1, 12, 15, 34, 14, 21, 22, 23, 20, 4, 7, 30, 32, 2, 33, 19, 29, 27, 5, 25, 13, 17, 3, 16, 9, 8, 24, 6, 28, 11, 10, 26, 18, 31, 1,1.18664
1, 12, 15, 34, 14, 21, 22, 23, 20, 4, 7, 30, 32, 2, 33, 19, 29, 27, 5, 25, 13, 17, 3, 16, 9, 8, 24, 6, 28, 11, 10, 26, 18, 31, 1,1.18664
1, 12, 15, 34, 14, 21, 22, 23, 20, 4, 7, 30, 32, 2, 33, 19, 29, 27, 5, 25, 13, 17, 3, 16, 9, 8, 24, 6, 28, 11, 10, 26, 18, 31, 1,1.18664
1, 12, 15, 34, 14, 21, 22, 23, 20, 4, 7, 30, 32, 2, 33, 19, 29, 27, 5, 25, 13, 17, 3, 16, 9, 8, 24, 6, 28, 11, 10, 26, 18, 31, 1,1.18664
1, 12, 15, 34, 14, 21, 22, 23, 20, 4, 7, 30, 32, 2, 33, 19, 29, 27, 5, 25, 13, 17, 3, 16, 9, 8, 24, 6, 28, 11, 10, 26, 18, 31, 1,1.18664
1, 12, 15, 34, 14, 21, 22, 23, 20, 4, 7, 30, 32, 2, 33, 19, 29, 27, 5, 25, 13, 17, 3, 16, 9, 8, 24, 6, 28, 11, 10, 26, 18, 31, 1,1.18664
1, 12, 15, 34, 14, 21, 22, 23, 20, 4, 7, 30, 32, 2, 33, 19, 29, 27, 5, 25, 13, 17, 3, 16, 9, 8, 24, 6, 28, 11, 10, 26, 18, 31, 1,1.18664
1, 12, 15, 34, 14, 21, 22, 23, 20, 4, 7, 30, 32, 2, 33, 19, 29, 27, 5, 25, 13, 17, 3, 16, 9, 8, 24, 6, 28, 11, 10, 26, 18, 31, 1,1.18664
1, 12, 15, 34, 14, 21, 22, 23, 20, 4, 7, 30, 32, 2, 33, 19, 29, 27, 5, 25, 13, 17, 3, 16, 9, 8, 24, 6, 28, 11, 10, 26, 18, 31, 1,1.18664
1, 12, 15, 34, 14, 21, 22, 23, 20, 4, 7, 30, 32, 2, 33, 19, 29, 27, 5, 25, 13, 17, 3, 16, 9, 8, 24, 6, 28, 11, 10, 26, 18, 31, 1,1.18664
1, 12, 15, 34, 14, 21, 22, 23, 20, 4, 7, 30, 32, 2, 33, 19, 29, 27, 5, 25, 13, 17, 3, 16, 9, 8, 24, 6, 28, 11, 10, 26, 18, 31, 1,1.18664
1, 12, 15, 34, 14, 21, 22, 23, 20, 4, 7, 30, 32, 2, 33, 19, 29, 27, 5, 25, 13, 17, 3, 16, 9, 8, 24, 6, 28, 11, 10, 26, 18, 31, 1,1.18664
1, 12, 15, 34, 14, 21, 22, 23, 20, 4, 7, 30, 32, 2, 33, 19, 29, 27, 5, 25, 13, 17, 3, 16, 9, 8, 24, 6, 28, 11, 10, 26, 18, 31, 1,1.18664
1, 12, 15, 34, 14, 21, 22, 23, 20, 4, 7, 30, 32, 2, 33, 19, 29, 27, 5, 25, 13, 17, 3, 16, 9, 8, 24, 6, 28, 11, 10, 26, 18, 31, 1,1.18664
1, 12, 15, 34, 14, 21, 22, 23, 20, 4, 7, 30, 32, 2, 33, 19, 29, 27, 5, 25, 13, 17, 3, 16, 9, 8, 24, 6, 28, 11, 10, 26, 18, 31, 1,1.18664
1, 12, 15, 34, 14, 21, 22, 23, 20, 4, 7, 30, 32, 2, 33, 19, 29, 27, 5, 25, 13, 17, 3, 16, 9, 8, 24, 6, 28, 11, 10, 26, 18, 31, 1,1.18664
1, 12, 15, 34, 14, 21, 22, 23, 20, 4, 7, 30, 32, 2, 33, 19, 29, 27, 5, 25, 13, 17, 3, 16, 9, 8, 24, 6, 28, 11, 10, 26, 18, 31, 1,1.18664
1, 12, 15, 34, 14, 21, 22, 23, 20, 4, 7, 30, 32, 2, 33, 19, 29, 27, 5, 25, 13, 17, 3, 16, 9, 8, 24, 6, 28, 11, 10, 26, 18, 31, 1,1.18664
1, 12, 15, 34, 14, 21, 22, 23, 20, 4, 7, 30, 32, 2, 33, 19, 29, 27, 5, 25, 13, 17, 3, 16, 9, 8, 24, 6, 28, 11, 10, 26, 18, 31, 1,1.18664
1, 12, 15, 34, 14, 21, 22, 23, 20, 4, 7, 30, 32, 2, 33, 19, 29, 27, 5, 25, 13, 17, 3, 16, 9, 8, 24, 6, 28, 11, 10, 26, 18, 31, 1,1.18664
1, 12, 15, 34, 14, 21, 22, 23, 20, 4, 7, 30, 32, 2, 33, 19, 29, 27, 5, 25, 13, 17, 3, 16, 9, 8, 24, 6, 28, 11, 10, 26, 18, 31, 1,1.18664
1, 12, 15, 34, 14, 21, 22, 23, 20, 4, 7, 30, 32, 2, 33, 19, 29, 27, 5, 25, 13, 17, 3, 16, 9, 8, 24, 6, 28, 11, 10, 26, 18, 31, 1,1.18664
1, 12, 15, 34, 14, 21, 22, 23, 20, 4, 7, 30, 32, 2, 33, 19, 29, 27, 5, 25, 13, 17, 3, 16, 9, 8, 24, 6, 28, 11, 10, 26, 18, 31, 1,1.18664
1, 12, 15, 34, 14, 21, 22, 23, 20, 4, 7, 30, 32, 2, 33, 19, 29, 27, 5, 25, 13, 17, 3, 16, 9, 8, 24, 6, 28, 11, 10, 26, 18, 31, 1,1.18664
1, 12, 15, 34, 14, 21, 22, 23, 20, 4, 7, 30, 32, 2, 33, 19, 29, 27, 5, 25, 13, 17, 3, 16, 9, 8, 24, 6, 28, 11, 10, 26, 18, 31, 1,1.18664
1, 12, 15, 34, 14, 21, 22, 23, 20, 4, 7, 30, 32, 2, 33, 19, 29, 27, 5, 25, 13, 17, 3, 16, 9, 8, 24, 6, 28, 11, 10, 26, 18, 31, 1,1.18664
1, 12, 15, 34, 14, 21, 22, 23, 20, 4, 7, 30, 32, 2, 33, 19, 29, 27, 5, 25, 13, 17, 3, 16, 9, 8, 24, 6, 28, 11, 10, 26, 18, 31, 1,1.18664
1, 12, 15, 34, 14, 21, 22, 23, 20, 4, 7, 30, 32, 2, 33, 19, 29, 27, 5, 25, 13, 17, 3, 16, 9, 8, 24, 6, 28, 11, 10, 26, 18, 31, 1,1.18664
1, 12, 15, 34, 14, 21, 22, 23, 20, 4, 7, 30, 32, 2, 33, 19, 29, 27, 5, 25, 13, 17, 3, 16, 9, 8, 24, 6, 28, 11, 10, 26, 18, 31, 1,1.18664
1, 12, 15, 34, 14, 21, 22, 23, 20, 4, 7, 30, 32, 2, 33, 19, 29, 27, 5, 25, 13, 17, 3, 16, 9, 8, 24, 6, 28, 11, 10, 26, 18, 31, 1,1.18664
1, 12, 15, 34, 14, 21, 22, 23, 20, 4, 7, 30, 32, 2, 33, 19, 29, 27, 5, 25, 13, 17, 3, 16, 9, 8, 24, 6, 28, 11, 10, 26, 18, 31, 1,1.18664
1, 12, 15, 34, 14, 21, 22, 23, 20, 4, 7, 30, 32, 2, 33, 19, 29, 27, 5, 25, 13, 17, 3, 16, 9, 8, 24, 6, 28, 11, 10, 26, 18, 31, 1,1.18664
1, 12, 15, 34, 14, 21, 22, 23, 20, 4, 7, 30, 32, 2, 33, 19, 29, 27, 5, 25, 13, 17, 3, 16, 9, 8, 24, 6, 28, 11, 10, 26, 18, 31, 1,1.18664
1, 12, 15, 34, 14, 21, 22, 23, 20, 4, 7, 30, 32, 2, 33, 19, 29, 27, 5, 25, 13, 17, 3, 16, 9, 8, 24, 6, 28, 11, 10, 26, 18, 31, 1,1.18664
1, 12, 15, 34, 14, 21, 22, 23, 20, 4, 7, 30, 32, 2, 33, 19, 29, 27, 5, 25, 13, 17, 3, 16, 9, 8, 24, 6, 28, 11, 10, 26, 18, 31, 1,1.18664
1, 12, 15, 34, 14, 21, 22, 23, 20, 4, 7, 30, 32, 2, 33, 19, 29, 27, 5, 25, 13, 17, 3, 16, 9, 8, 24, 6, 28, 11, 10, 26, 18, 31, 1,1.18664
1, 12, 15, 34, 14, 21, 22, 23, 20, 4, 7, 30, 32, 2, 33, 19, 29, 27, 5, 25, 13, 17, 3, 16, 9, 8, 24, 6, 28, 11, 10, 26, 18, 31, 1,1.18664
1, 12, 15, 34, 14, 21, 22, 23, 20, 4, 7, 30, 32, 2, 33, 19, 29, 27, 5, 25, 13, 17, 3, 16, 9, 8, 24, 6, 28, 11, 10, 26, 18, 31, 1,1.18664
1, 12, 15, 34, 14, 21, 22, 23, 20, 4, 7, 30, 32, 2, 33, 19, 29, 27, 5, 25, 13, 17, 3, 16, 9, 8, 24, 6, 28, 11, 10, 26, 18, 31, 1,1.18664
1, 12, 15, 34, 14, 21, 22, 23, 20, 4, 7, 30, 32, 2, 33, 19, 29, 27, 5, 25, 13, 17, 3, 16, 9, 8, 24, 6, 28, 11, 10, 26, 18, 31, 1,1.18664
1, 12, 15, 34, 14, 21, 22, 23, 20, 4, 7, 30, 32, 2, 33, 19, 29, 27, 5, 25, 13, 17, 3, 16, 9, 8, 24, 6, 28, 11, 10, 26, 18, 31, 1,1.18664
1, 12, 15, 34, 14, 21, 22, 23, 20, 4, 7, 30, 32, 2, 33, 19, 29, 27, 5, 25, 13, 17, 3, 16, 9, 8, 24, 6, 28, 11, 10, 26, 18, 31, 1,1.18664
1, 12, 15, 34, 14, 21, 22, 23, 20, 4, 7, 30, 32, 2, 33, 19, 29, 27, 5, 25, 13, 17, 3, 16, 9, 8, 24, 6, 28, 11, 10, 26, 18, 31, 1,1.18664
1, 12, 15, 34, 14, 21, 22, 23, 20, 4, 7, 30, 32, 2, 33, 19, 29, 27, 5, 25, 13, 17, 3, 16, 9, 8, 24, 6, 28, 11, 10, 26, 18, 31, 1,1.18664
1, 12, 15, 34, 14, 21, 22, 23, 20, 4, 7, 30, 32, 2, 33, 19, 29, 27, 5, 25, 13, 17, 3, 16, 9, 8, 24, 6, 28, 11, 10, 26, 18, 31, 1,1.18664
1, 12, 15, 34, 14, 21, 22, 23, 20, 4, 7, 30, 32, 2, 33, 19, 29, 27, 5, 25, 13, 17, 3, 16, 9, 8, 24, 6, 28, 11, 10, 26, 18, 31, 1,1.18664
1, 12, 15, 34, 14, 21, 22, 23, 20, 4, 7, 30, 32, 2, 33, 19, 29, 27, 5, 25, 13, 17, 3, 16, 9, 8, 24, 6, 28, 11, 10, 26, 18, 31, 1,1.18664
1, 12, 15, 34, 14, 21, 22, 23, 20, 4, 7, 30, 32, 2, 33, 19, 29, 27, 5, 25, 13, 17, 3, 16, 9, 8, 24, 6, 28, 11, 10, 26, 18, 31, 1,1.18664
1, 12, 15, 34, 14, 21, 22, 23, 20, 4, 7, 30, 32, 2, 33, 19, 29, 27, 5, 25, 13, 17, 3, 16, 9, 8, 24, 6, 28, 11, 10, 26, 18, 31, 1,1.18664
1, 12, 15, 34, 14, 21, 22, 23, 20, 4, 7, 30, 32, 2, 33, 19, 29, 27, 5, 25, 13, 17, 3, 16, 9, 8, 24, 6, 28, 11, 10, 26, 18, 31, 1,1.18664
1, 12, 15, 34, 14, 21, 22, 23, 20, 4, 7, 30, 32, 2, 33, 19, 29, 27, 5, 25, 13, 17, 3, 16, 9, 8, 24, 6, 28, 11, 10, 26, 18, 31, 1,1.18664
1, 12, 15, 34, 14, 21, 22, 23, 20, 4, 7, 30, 32, 2, 33, 19, 29, 27, 5, 25, 13, 17, 3, 16, 9, 8, 24, 6, 28, 11, 10, 26, 18, 31, 1,1.18664
1, 12, 15, 34, 14, 21, 22, 23, 20, 4, 7, 30, 32, 2, 33, 19, 29, 27, 5, 25, 13, 17, 3, 16, 9, 8, 24, 6, 28, 11, 10, 26, 18, 31, 1,1.18664
1, 12, 15, 34, 14, 21, 22, 23, 20, 4, 7, 30, 32, 2, 33, 19, 29, 27, 5, 25, 13, 17, 3, 16, 9, 8, 24, 6, 28, 11, 10, 26, 18, 31, 1,1.18664
1, 12, 15, 34, 14, 21, 22, 23, 20, 4, 7, 30, 32, 2, 33, 19, 29, 27, 5, 25, 13, 17, 3, 16, 9, 8, 24, 6, 28, 11, 10, 26, 18, 31, 1,1.18664
1, 12, 15, 34, 14, 21, 22, 23, 20, 4, 7, 30, 32, 2, 33, 19, 29, 27, 5, 25, 13, 17, 3, 16, 9, 8, 24, 6, 28, 11, 10, 26, 18, 31, 1,1.18664
1, 12, 15, 34, 14, 21, 22, 23, 20, 4, 7, 30, 32, 2, 33, 19, 29, 27, 5, 25, 13, 17, 3, 16, 9, 8, 24, 6, 28, 11, 10, 26, 18, 31, 1,1.18664
1, 12, 15, 34, 14, 21, 22, 23, 20, 4, 7, 30, 32, 2, 33, 19, 29, 27, 5, 25, 13, 17, 3, 16, 9, 8, 24, 6, 28, 11, 10, 26, 18, 31, 1,1.18664
1, 12, 15, 34, 14, 21, 22, 23, 20, 4, 7, 30, 32, 2, 33, 19, 29, 27, 5, 25, 13, 17, 3, 16, 9, 8, 24, 6, 28, 11, 10, 26, 18, 31, 1,1.18664
1, 12, 15, 34, 14, 21, 22, 23, 20, 4, 7, 30, 32, 2, 33, 19, 29, 27, 5, 25, 13, 17, 3, 16, 9, 8, 24, 6, 28, 11, 10, 26, 18, 31, 1,1.18664
1, 12, 15, 34, 14, 21, 22, 23, 20, 4, 7, 30, 32, 2, 33, 19, 29, 27, 5, 25, 13, 17, 3, 16, 9, 8, 24, 6, 28, 11, 10, 26, 18, 31, 1,1.18664
1, 12, 15, 34, 14, 21, 22, 23, 20, 4, 7, 30, 32, 2, 33, 19, 29, 27, 5, 25, 13, 17, 3, 16, 9, 8, 24, 6, 28, 11, 10, 26, 18, 31, 1,1.18664
1, 12, 15, 34, 14, 21, 22, 23, 20, 4, 7, 30, 32, 2, 33, 19, 29, 27, 5, 25, 13, 17, 3, 16, 9, 8, 24, 6, 28, 11, 10, 26, 18, 31, 1,1.18664
1, 12, 15, 34, 14, 21, 22, 23, 20, 4, 7, 30, 32, 2, 33, 19, 29, 27, 5, 25, 13, 17, 3, 16, 9, 8, 24, 6, 28, 11, 10, 26, 18, 31, 1,1.18664
1, 12, 15, 34, 14, 21, 22, 23, 20, 4, 7, 30, 32, 2, 33, 19, 29, 27, 5, 25, 13, 17, 3, 16, 9, 8, 24, 6, 28, 11, 10, 26, 18, 31, 1,1.18664
1, 12, 15, 34, 14, 21, 22, 23, 20, 4, 7, 30, 32, 2, 33, 19, 29, 27, 5, 25, 13, 17, 3, 16, 9, 8, 24, 6, 28, 11, 10, 26, 18, 31, 1,1.18664
1, 12, 15, 34, 14, 21, 22, 23, 20, 4, 7, 30, 32, 2, 33, 19, 29, 27, 5, 25, 13, 17, 3, 16, 9, 8, 24, 6, 28, 11, 10, 26, 18, 31, 1,1.18664
1, 12, 15, 34, 14, 21, 22, 23, 20, 4, 7, 30, 32, 2, 33, 19, 29, 27, 5, 25, 13, 17, 3, 16, 9, 8, 24, 6, 28, 11, 10, 26, 18, 31, 1,1.18664
1, 12, 15, 34, 14, 21, 22, 23, 20, 4, 7, 30, 32, 2, 33, 19, 29, 27, 5, 25, 13, 17, 3, 16, 9, 8, 24, 6, 28, 11, 10, 26, 18, 31, 1,1.18664
1, 12, 15, 34, 14, 21, 22, 23, 20, 4, 7, 30, 32, 2, 33, 19, 29, 27, 5, 25, 13, 17, 3, 16, 9, 8, 24, 6, 28, 11, 10, 26, 18, 31, 1,1.18664
1, 12, 15, 34, 14, 21, 22, 23, 20, 4, 7, 30, 32, 2, 33, 19, 29, 27, 5, 25, 13, 17, 3, 16, 9, 8, 24, 6, 28, 11, 10, 26, 18, 31, 1,1.18664
1, 12, 15, 34, 14, 21, 22, 23, 20, 4, 7, 30, 32, 2, 33, 19, 29, 27, 5, 25, 13, 17, 3, 16, 9, 8, 24, 6, 28, 11, 10, 26, 18, 31, 1,1.18664
1, 12, 15, 34, 14, 21, 22, 23, 20, 4, 7, 30, 32, 2, 33, 19, 29, 27, 5, 25, 13, 17, 3, 16, 9, 8, 24, 6, 28, 11, 10, 26, 18, 31, 1,1.18664
1, 12, 15, 34, 14, 21, 22, 23, 20, 4, 7, 30, 32, 2, 33, 19, 29, 27, 5, 25, 13, 17, 3, 16, 9, 8, 24, 6, 28, 11, 10, 26, 18, 31, 1,1.18664
1, 12, 15, 34, 14, 21, 22, 23, 20, 4, 7, 30, 32, 2, 33, 19, 29, 27, 5, 25, 13, 17, 3, 16, 9, 8, 24, 6, 28, 11, 10, 26, 18, 31, 1,1.18664
1, 12, 15, 34, 14, 21, 22, 23, 20, 4, 7, 30, 32, 2, 33, 19, 29, 27, 5, 25, 13, 17, 3, 16, 9, 8, 24, 6, 28, 11, 10, 26, 18, 31, 1,1.18664
1, 12, 15, 34, 14, 21, 22, 23, 20, 4, 7, 30, 32, 2, 33, 19, 29, 27, 5, 25, 13, 17, 3, 16, 9, 8, 24, 6, 28, 11, 10, 26, 18, 31, 1,1.18664
1, 12, 15, 34, 14, 21, 22, 23, 20, 4, 7, 30, 32, 2, 33, 19, 29, 27, 5, 25, 13, 17, 3, 16, 9, 8, 24, 6, 28, 11, 10, 26, 18, 31, 1,1.18664
1, 12, 15, 34, 14, 21, 22, 23, 20, 4, 7, 30, 32, 2, 33, 19, 29, 27, 5, 25, 13, 17, 3, 16, 9, 8, 24, 6, 28, 11, 10, 26, 18, 31, 1,1.18664
1, 12, 15, 34, 14, 21, 22, 23, 20, 4, 7, 30, 32, 2, 33, 19, 29, 27, 5, 25, 13, 17, 3, 16, 9, 8, 24, 6, 28, 11, 10, 26, 18, 31, 1,1.18664
1, 12, 15, 34, 14, 21, 22, 23, 20, 4, 7, 30, 32, 2, 33, 19, 29, 27, 5, 25, 13, 17, 3, 16, 9, 8, 24, 6, 28, 11, 10, 26, 18, 31, 1,1.18664
1, 12, 15, 34, 14, 21, 22, 23, 20, 4, 7, 30, 32, 2, 33, 19, 29, 27, 5, 25, 13, 17, 3, 16, 9, 8, 24, 6, 28, 11, 10, 26, 18, 31, 1,1.18664
1, 12, 15, 34, 14, 21, 22, 23, 20, 4, 7, 30, 32, 2, 33, 19, 29, 27, 5, 25, 13, 17, 3, 16, 9, 8, 24, 6, 28, 11, 10, 26, 18, 31, 1,1.18664
1, 12, 15, 34, 14, 21, 22, 23, 20, 4, 7, 30, 32, 2, 33, 19, 29, 27, 5, 25, 13, 17, 3, 16, 9, 8, 24, 6, 28, 11, 10, 26, 18, 31, 1,1.18664
1, 12, 15, 34, 14, 21, 22, 23, 20, 4, 7, 30, 32, 2, 33, 19, 29, 27, 5, 25, 13, 17, 3, 16, 9, 8, 24, 6, 28, 11, 10, 26, 18, 31, 1,1.18664
1, 12, 15, 34, 14, 21, 22, 23, 20, 4, 7, 30, 32, 2, 33, 19, 29, 27, 5, 25, 13, 17, 3, 16, 9, 8, 24, 6, 28, 11, 10, 26, 18, 31, 1,1.18664
1, 12, 15, 34, 14, 21, 22, 23, 20, 4, 7, 30, 32, 2, 33, 19, 29, 27, 5, 25, 13, 17, 3, 16, 9, 8, 24, 6, 28, 11, 10, 26, 18, 31, 1,1.18664
1, 12, 15, 34, 14, 21, 22, 23, 20, 4, 7, 30, 32, 2, 33, 19, 29, 27, 5, 25, 13, 17, 3, 16, 9, 8, 24, 6, 28, 11, 10, 26, 18, 31, 1,1.18664
1, 12, 15, 34, 14, 21, 22, 23, 20, 4, 7, 30, 32, 2, 33, 19, 29, 27, 5, 25, 13, 17, 3, 16, 9, 8, 24, 6, 28, 11, 10, 26, 18, 31, 1,1.18664
1, 12, 15, 34, 14, 21, 22, 23, 20, 4, 7, 30, 32, 2, 33, 19, 29, 27, 5, 25, 13, 17, 3, 16, 9, 8, 24, 6, 28, 11, 10, 26, 18, 31, 1,1.18664
1, 12, 15, 34, 14, 21, 22, 23, 20, 4, 7, 30, 32, 2, 33, 19, 29, 27, 5, 25, 13, 17, 3, 16, 9, 8, 24, 6, 28, 11, 10, 26, 18, 31, 1,1.18664
1, 12, 15, 34, 14, 21, 22, 23, 20, 4, 7, 30, 32, 2, 33, 19, 29, 27, 5, 25, 13, 17, 3, 16, 9, 8, 24, 6, 28, 11, 10, 26, 18, 31, 1,1.18664
1, 12, 15, 34, 14, 21, 22, 23, 20, 4, 7, 30, 32, 2, 33, 19, 29, 27, 5, 25, 13, 17, 3, 16, 9, 8, 24, 6, 28, 11, 10, 26, 18, 31, 1,1.18664
1, 12, 15, 34, 14, 21, 22, 23, 20, 4, 7, 30, 32, 2, 33, 19, 29, 27, 5, 25, 13, 17, 3, 16, 9, 8, 24, 6, 28, 11, 10, 26, 18, 31, 1,1.18664
1, 12, 15, 34, 14, 21, 22, 23, 20, 4, 7, 30, 32, 2, 33, 19, 29, 27, 5, 25, 13, 17, 3, 16, 9, 8, 24, 6, 28, 11, 10, 26, 18, 31, 1,1.18664
1, 12, 15, 34, 14, 21, 22, 23, 20, 4, 7, 30, 32, 2, 33, 19, 29, 27, 5, 25, 13, 17, 3, 16, 9, 8, 24, 6, 28, 11, 10, 26, 18, 31, 1,1.18664
1, 12, 15, 34, 14, 21, 22, 23, 20, 4, 7, 30, 32, 2, 33, 19, 29, 27, 5, 25, 13, 17, 3, 16, 9, 8, 24, 6, 28, 11, 10, 26, 18, 31, 1,1.18664
1, 12, 15, 34, 14, 21, 22, 23, 20, 4, 7, 30, 32, 2, 33, 19, 29, 27, 5, 25, 13, 17, 3, 16, 9, 8, 24, 6, 28, 11, 10, 26, 18, 31, 1,1.18664
1, 31, 18, 26, 10, 11, 28, 6, 24, 8, 9, 16, 3, 17, 13, 25, 5, 27, 29, 19, 33, 2, 32, 30, 7, 4, 20, 23, 22, 21, 14, 34, 15, 12, 1,1.18664
1, 31, 18, 26, 10, 11, 28, 6, 24, 8, 9, 16, 3, 17, 13, 25, 5, 27, 29, 19, 33, 2, 32, 30, 7, 4, 20, 23, 22, 21, 14, 34, 15, 12, 1,1.18664
1, 12, 15, 34, 14, 21, 22, 23, 20, 4, 7, 30, 32, 2, 33, 19, 29, 27, 5, 25, 13, 17, 3, 16, 9, 8, 24, 6, 28, 11, 10, 26, 18, 31, 1,1.18664
1, 12, 15, 34, 14, 21, 22, 23, 20, 4, 7, 30, 32, 2, 33, 19, 29, 27, 5, 25, 13, 17, 3, 16, 9, 8, 24, 6, 28, 11, 10, 26, 18, 31, 1,1.18664
1, 12, 15, 34, 14, 21, 22, 23, 20, 4, 7, 30, 32, 2, 33, 19, 29, 27, 5, 25, 13, 17, 3, 16, 9, 8, 24, 6, 28, 11, 10, 26, 18, 31, 1,1.18664
1, 12, 15, 34, 14, 21, 22, 23, 20, 4, 7, 30, 32, 2, 33, 19, 29, 27, 5, 25, 13, 17, 3, 16, 9, 8, 24, 6, 28, 11, 10, 26, 18, 31, 1,1.18664
1, 12, 15, 34, 14, 21, 22, 23, 20, 4, 7, 30, 32, 2, 33, 19, 29, 27, 5, 25, 13, 17, 3, 16, 9, 8, 24, 6, 28, 11, 10, 26, 18, 31, 1,1.18664
1, 12, 15, 34, 14, 21, 22, 23, 20, 4, 7, 30, 32, 2, 33, 19, 29, 27, 5, 25, 13, 17, 3, 16, 9, 8, 24, 6, 28, 11, 10, 26, 18, 31, 1,1.18664
1, 12, 15, 34, 14, 21, 22, 23, 20, 4, 7, 30, 32, 2, 33, 19, 29, 27, 5, 25, 13, 17, 3, 16, 9, 8, 24, 6, 28, 11, 10, 26, 18, 31, 1,1.18664
1, 12, 15, 34, 14, 21, 22, 23, 20, 4, 7, 30, 32, 2, 33, 19, 29, 27, 5, 25, 13, 17, 3, 16, 9, 8, 24, 6, 28, 11, 10, 26, 18, 31, 1,1.18664
1, 12, 15, 34, 14, 21, 22, 23, 20, 4, 7, 30, 32, 2, 33, 19, 29, 27, 5, 25, 13, 17, 3, 16, 9, 8, 24, 6, 28, 11, 10, 26, 18, 31, 1,1.18664
1, 12, 15, 34, 14, 21, 22, 23, 20, 4, 7, 30, 32, 2, 33, 19, 29, 27, 5, 25, 13, 17, 3, 16, 9, 8, 24, 6, 28, 11, 10, 26, 18, 31, 1,1.18664
1, 12, 15, 34, 14, 21, 22, 23, 20, 4, 7, 30, 32, 2, 33, 19, 29, 27, 5, 25, 13, 17, 3, 16, 9, 8, 24, 6, 28, 11, 10, 26, 18, 31, 1,1.18664
1, 12, 15, 34, 14, 21, 22, 23, 20, 4, 7, 30, 32, 2, 33, 19, 29, 27, 5, 25, 13, 17, 3, 16, 9, 8, 24, 6, 28, 11, 10, 26, 18, 31, 1,1.18664
1, 12, 15, 34, 14, 21, 22, 23, 20, 4, 7, 30, 32, 2, 33, 19, 29, 27, 5, 25, 13, 17, 3, 16, 9, 8, 24, 6, 28, 11, 10, 26, 18, 31, 1,1.18664
1, 12, 15, 34, 14, 21, 22, 23, 20, 4, 7, 30, 32, 2, 33, 19, 29, 27, 5, 25, 13, 17, 3, 16, 9, 8, 24, 6, 28, 11, 10, 26, 18, 31, 1,1.18664
1, 12, 15, 34, 14, 21, 22, 23, 20, 4, 7, 30, 32, 2, 33, 19, 29, 27, 5, 25, 13, 17, 3, 16, 9, 8, 24, 6, 28, 11, 10, 26, 18, 31, 1,1.18664
1, 12, 15, 34, 14, 21, 22, 23, 20, 4, 7, 30, 32, 2, 33, 19, 29, 27, 5, 25, 13, 17, 3, 16, 9, 8, 24, 6, 28, 11, 10, 26, 18, 31, 1,1.18664
1, 12, 15, 34, 14, 21, 22, 23, 20, 4, 7, 30, 32, 2, 33, 19, 29, 27, 5, 25, 13, 17, 3, 16, 9, 8, 24, 6, 28, 11, 10, 26, 18, 31, 1,1.18664
1, 12, 15, 34, 14, 21, 22, 23, 20, 4, 7, 30, 32, 2, 33, 19, 29, 27, 5, 25, 13, 17, 3, 16, 9, 8, 24, 6, 28, 11, 10, 26, 18, 31, 1,1.18664
1, 12, 15, 34, 14, 21, 22, 23, 20, 4, 7, 30, 32, 2, 33, 19, 29, 27, 5, 25, 13, 17, 3, 16, 9, 8, 24, 6, 28, 11, 10, 26, 18, 31, 1,1.18664
1, 12, 15, 34, 14, 21, 22, 23, 20, 4, 7, 30, 32, 2, 33, 19, 29, 27, 5, 25, 13, 17, 3, 16, 9, 8, 24, 6, 28, 11, 10, 26, 18, 31, 1,1.18664
1, 12, 15, 34, 14, 21, 22, 23, 20, 4, 7, 30, 32, 2, 33, 19, 29, 27, 5, 25, 13, 17, 3, 16, 9, 8, 24, 6, 28, 11, 10, 26, 18, 31, 1,1.18664
1, 12, 15, 34, 14, 21, 22, 23, 20, 4, 7, 30, 32, 2, 33, 19, 29, 27, 5, 25, 13, 17, 3, 16, 9, 8, 24, 6, 28, 11, 10, 26, 18, 31, 1,1.18664
1, 12, 15, 34, 14, 21, 22, 23, 20, 4, 7, 30, 32, 2, 33, 19, 29, 27, 5, 25, 13, 17, 3, 16, 9, 8, 24, 6, 28, 11, 10, 26, 18, 31, 1,1.18664
1, 12, 15, 34, 14, 21, 22, 23, 20, 4, 7, 30, 32, 2, 33, 19, 29, 27, 5, 25, 13, 17, 3, 16, 9, 8, 24, 6, 28, 11, 10, 26, 18, 31, 1,1.18664
1, 12, 15, 34, 14, 21, 22, 23, 20, 4, 7, 30, 32, 2, 33, 19, 29, 27, 5, 25, 13, 17, 3, 16, 9, 8, 24, 6, 28, 11, 10, 26, 18, 31, 1,1.18664
1, 12, 15, 34, 14, 21, 22, 23, 20, 4, 7, 30, 32, 2, 33, 19, 29, 27, 5, 25, 13, 17, 3, 16, 9, 8, 24, 6, 28, 11, 10, 26, 18, 31, 1,1.18664
1, 12, 15, 34, 14, 21, 22, 23, 20, 4, 7, 30, 32, 2, 33, 19, 29, 27, 5, 25, 13, 17, 3, 16, 9, 8, 24, 6, 28, 11, 10, 26, 18, 31, 1,1.18664
1, 12, 15, 34, 14, 21, 22, 23, 20, 4, 7, 30, 32, 2, 33, 19, 29, 27, 5, 25, 13, 17, 3, 16, 9, 8, 24, 6, 28, 11, 10, 26, 18, 31, 1,1.18664
1, 12, 15, 34, 14, 21, 22, 23, 20, 4, 7, 30, 32, 2, 33, 19, 29, 27, 5, 25, 13, 17, 3, 16, 9, 8, 24, 6, 28, 11, 10, 26, 18, 31, 1,1.18664
1, 12, 15, 34, 14, 21, 22, 23, 20, 4, 7, 30, 32, 2, 33, 19, 29, 27, 5, 25, 13, 17, 3, 16, 9, 8, 24, 6, 28, 11, 10, 26, 18, 31, 1,1.18664
1, 12, 15, 34, 14, 21, 22, 23, 20, 4, 7, 30, 32, 2, 33, 19, 29, 27, 5, 25, 13, 17, 3, 16, 9, 8, 24, 6, 28, 11, 10, 26, 18, 31, 1,1.18664
1, 12, 15, 34, 14, 21, 22, 23, 20, 4, 7, 30, 32, 2, 33, 19, 29, 27, 5, 25, 13, 17, 3, 16, 9, 8, 24, 6, 28, 11, 10, 26, 18, 31, 1,1.18664
1, 12, 15, 34, 14, 21, 22, 23, 20, 4, 7, 30, 32, 2, 33, 19, 29, 27, 5, 25, 13, 17, 3, 16, 9, 8, 24, 6, 28, 11, 10, 26, 18, 31, 1,1.18664
1, 12, 15, 34, 14, 21, 22, 23, 20, 4, 7, 30, 32, 2, 33, 19, 29, 27, 5, 25, 13, 17, 3, 16, 9, 8, 24, 6, 28, 11, 10, 26, 18, 31, 1,1.18664
1, 12, 15, 34, 14, 21, 22, 23, 20, 4, 7, 30, 32, 2, 33, 19, 29, 27, 5, 25, 13, 17, 3, 16, 9, 8, 24, 6, 28, 11, 10, 26, 18, 31, 1,1.18664
1, 12, 15, 34, 14, 21, 22, 23, 20, 4, 7, 30, 32, 2, 33, 19, 29, 27, 5, 25, 13, 17, 3, 16, 9, 8, 24, 6, 28, 11, 10, 26, 18, 31, 1,1.18664
1, 12, 15, 34, 14, 21, 22, 23, 20, 4, 7, 30, 32, 2, 33, 19, 29, 27, 5, 25, 13, 17, 3, 16, 9, 8, 24, 6, 28, 11, 10, 26, 18, 31, 1,1.18664
1, 12, 15, 34, 14, 21, 22, 23, 20, 4, 7, 30, 32, 2, 33, 19, 29, 27, 5, 25, 13, 17, 3, 16, 9, 8, 24, 6, 28, 11, 10, 26, 18, 31, 1,1.18664
1, 12, 15, 34, 14, 21, 22, 23, 20, 4, 7, 30, 32, 2, 33, 19, 29, 27, 5, 25, 13, 17, 3, 16, 9, 8, 24, 6, 28, 11, 10, 26, 18, 31, 1,1.18664
1, 12, 15, 34, 14, 21, 22, 23, 20, 4, 7, 30, 32, 2, 33, 19, 29, 27, 5, 25, 13, 17, 3, 16, 9, 8, 24, 6, 28, 11, 10, 26, 18, 31, 1,1.18664
1, 12, 15, 34, 14, 21, 22, 23, 20, 4, 7, 30, 32, 2, 33, 19, 29, 27, 5, 25, 13, 17, 3, 16, 9, 8, 24, 6, 28, 11, 10, 26, 18, 31, 1,1.18664
1, 12, 15, 34, 14, 21, 22, 23, 20, 4, 7, 30, 32, 2, 33, 19, 29, 27, 5, 25, 13, 17, 3, 16, 9, 8, 24, 6, 28, 11, 10, 26, 18, 31, 1,1.18664
1, 12, 15, 34, 14, 21, 22, 23, 20, 4, 7, 30, 32, 2, 33, 19, 29, 27, 5, 25, 13, 17, 3, 16, 9, 8, 24, 6, 28, 11, 10, 26, 18, 31, 1,1.18664
1, 12, 15, 34, 14, 21, 22, 23, 20, 4, 7, 30, 32, 2, 33, 19, 29, 27, 5, 25, 13, 17, 3, 16, 9, 8, 24, 6, 28, 11, 10, 26, 18, 31, 1,1.18664
1, 12, 15, 34, 14, 21, 22, 23, 20, 4, 7, 30, 32, 2, 33, 19, 29, 27, 5, 25, 13, 17, 3, 16, 9, 8, 24, 6, 28, 11, 10, 26, 18, 31, 1,1.18664
1, 12, 15, 34, 14, 21, 22, 23, 20, 4, 7, 30, 32, 2, 33, 19, 29, 27, 5, 25, 13, 17, 3, 16, 9, 8, 24, 6, 28, 11, 10, 26, 18, 31, 1,1.18664
1, 12, 15, 34, 14, 21, 22, 23, 20, 4, 7, 30, 32, 2, 33, 19, 29, 27, 5, 25, 13, 17, 3, 16, 9, 8, 24, 6, 28, 11, 10, 26, 18, 31, 1,1.18664
1, 12, 15, 34, 14, 21, 22, 23, 20, 4, 7, 30, 32, 2, 33, 19, 29, 27, 5, 25, 13, 17, 3, 16, 9, 8, 24, 6, 28, 11, 10, 26, 18, 31, 1,1.18664
1, 12, 15, 34, 14, 21, 22, 23, 20, 4, 7, 30, 32, 2, 33, 19, 29, 27, 5, 25, 13, 17, 3, 16, 9, 8, 24, 6, 28, 11, 10, 26, 18, 31, 1,1.18664
1, 12, 15, 34, 14, 21, 22, 23, 20, 4, 7, 30, 32, 2, 33, 19, 29, 27, 5, 25, 13, 17, 3, 16, 9, 8, 24, 6, 28, 11, 10, 26, 18, 31, 1,1.18664
1, 12, 15, 34, 14, 21, 22, 23, 20, 4, 7, 30, 32, 2, 33, 19, 29, 27, 5, 25, 13, 17, 3, 16, 9, 8, 24, 6, 28, 11, 10, 26, 18, 31, 1,1.18664
1, 12, 15, 34, 14, 21, 22, 23, 20, 4, 7, 30, 32, 2, 33, 19, 29, 27, 5, 25, 13, 17, 3, 16, 9, 8, 24, 6, 28, 11, 10, 26, 18, 31, 1,1.18664
1, 12, 15, 34, 14, 21, 22, 23, 20, 4, 7, 30, 32, 2, 33, 19, 29, 27, 5, 25, 13, 17, 3, 16, 9, 8, 24, 6, 28, 11, 10, 26, 18, 31, 1,1.18664
1, 12, 15, 34, 14, 21, 22, 23, 20, 4, 7, 30, 32, 2, 33, 19, 29, 27, 5, 25, 13, 17, 3, 16, 9, 8, 24, 6, 28, 11, 10, 26, 18, 31, 1,1.18664
1, 12, 15, 34, 14, 21, 22, 23, 20, 4, 7, 30, 32, 2, 33, 19, 29, 27, 5, 25, 13, 17, 3, 16, 9, 8, 24, 6, 28, 11, 10, 26, 18, 31, 1,1.18664
1, 12, 15, 34, 14, 21, 22, 23, 20, 4, 7, 30, 32, 2, 33, 19, 29, 27, 5, 25, 13, 17, 3, 16, 9, 8, 24, 6, 28, 11, 10, 26, 18, 31, 1,1.18664
1, 12, 15, 34, 14, 21, 22, 23, 20, 4, 7, 30, 32, 2, 33, 19, 29, 27, 5, 25, 13, 17, 3, 16, 9, 8, 24, 6, 28, 11, 10, 26, 18, 31, 1,1.18664
1, 12, 15, 34, 14, 21, 22, 23, 20, 4, 7, 30, 32, 2, 33, 19, 29, 27, 5, 25, 13, 17, 3, 16, 9, 8, 24, 6, 28, 11, 10, 26, 18, 31, 1,1.18664
1, 12, 15, 34, 14, 21, 22, 23, 20, 4, 7, 30, 32, 2, 33, 19, 29, 27, 5, 25, 13, 17, 3, 16, 9, 8, 24, 6, 28, 11, 10, 26, 18, 31, 1,1.18664
1, 12, 15, 34, 14, 21, 22, 23, 20, 4, 7, 30, 32, 2, 33, 19, 29, 27, 5, 25, 13, 17, 3, 16, 9, 8, 24, 6, 28, 11, 10, 26, 18, 31, 1,1.18664
1, 12, 15, 34, 14, 21, 22, 23, 20, 4, 7, 30, 32, 2, 33, 19, 29, 27, 5, 25, 13, 17, 3, 16, 9, 8, 24, 6, 28, 11, 10, 26, 18, 31, 1,1.18664
1, 12, 15, 34, 14, 21, 22, 23, 20, 4, 7, 30, 32, 2, 33, 19, 29, 27, 5, 25, 13, 17, 3, 16, 9, 8, 24, 6, 28, 11, 10, 26, 18, 31, 1,1.18664
1, 12, 15, 34, 14, 21, 22, 23, 20, 4, 7, 30, 32, 2, 33, 19, 29, 27, 5, 25, 13, 17, 3, 16, 9, 8, 24, 6, 28, 11, 10, 26, 18, 31, 1,1.18664
1, 12, 15, 34, 14, 21, 22, 23, 20, 4, 7, 30, 32, 2, 33, 19, 29, 27, 5, 25, 13, 17, 3, 16, 9, 8, 24, 6, 28, 11, 10, 26, 18, 31, 1,1.18664
1, 12, 15, 34, 14, 21, 22, 23, 20, 4, 7, 30, 32, 2, 33, 19, 29, 27, 5, 25, 13, 17, 3, 16, 9, 8, 24, 6, 28, 11, 10, 26, 18, 31, 1,1.18664
1, 12, 15, 34, 14, 21, 22, 23, 20, 4, 7, 30, 32, 2, 33, 19, 29, 27, 5, 25, 13, 17, 3, 16, 9, 8, 24, 6, 28, 11, 10, 26, 18, 31, 1,1.18664
1, 12, 15, 34, 14, 21, 22, 23, 20, 4, 7, 30, 32, 2, 33, 19, 29, 27, 5, 25, 13, 17, 3, 16, 9, 8, 24, 6, 28, 11, 10, 26, 18, 31, 1,1.18664
1, 12, 15, 34, 14, 21, 22, 23, 20, 4, 7, 30, 32, 2, 33, 19, 29, 27, 5, 25, 13, 17, 3, 16, 9, 8, 24, 6, 28, 11, 10, 26, 18, 31, 1,1.18664
1, 12, 15, 34, 14, 21, 22, 23, 20, 4, 7, 30, 32, 2, 33, 19, 29, 27, 5, 25, 13, 17, 3, 16, 9, 8, 24, 6, 28, 11, 10, 26, 18, 31, 1,1.18664
1, 12, 15, 34, 14, 21, 22, 23, 20, 4, 7, 30, 32, 2, 33, 19, 29, 27, 5, 25, 13, 17, 3, 16, 9, 8, 24, 6, 28, 11, 10, 26, 18, 31, 1,1.18664
1, 12, 15, 34, 14, 21, 22, 23, 20, 4, 7, 30, 32, 2, 33, 19, 29, 27, 5, 25, 13, 17, 3, 16, 9, 8, 24, 6, 28, 11, 10, 26, 18, 31, 1,1.18664
1, 12, 15, 34, 14, 21, 22, 23, 20, 4, 7, 30, 32, 2, 33, 19, 29, 27, 5, 25, 13, 17, 3, 16, 9, 8, 24, 6, 28, 11, 10, 26, 18, 31, 1,1.18664
1, 12, 15, 34, 14, 21, 22, 23, 20, 4, 7, 30, 32, 2, 33, 19, 29, 27, 5, 25, 13, 17, 3, 16, 9, 8, 24, 6, 28, 11, 10, 26, 18, 31, 1,1.18664
1, 12, 15, 34, 14, 21, 22, 23, 20, 4, 7, 30, 32, 2, 33, 19, 29, 27, 5, 25, 13, 17, 3, 16, 9, 8, 24, 6, 28, 11, 10, 26, 18, 31, 1,1.18664
1, 12, 15, 34, 14, 21, 22, 23, 20, 4, 7, 30, 32, 2, 33, 19, 29, 27, 5, 25, 13, 17, 3, 16, 9, 8, 24, 6, 28, 11, 10, 26, 18, 31, 1,1.18664
1, 12, 15, 34, 14, 21, 22, 23, 20, 4, 7, 30, 32, 2, 33, 19, 29, 27, 5, 25, 13, 17, 3, 16, 9, 8, 24, 6, 28, 11, 10, 26, 18, 31, 1,1.18664
1, 12, 15, 34, 14, 21, 22, 23, 20, 4, 7, 30, 32, 2, 33, 19, 29, 27, 5, 25, 13, 17, 3, 16, 9, 8, 24, 6, 28, 11, 10, 26, 18, 31, 1,1.18664
1, 12, 15, 34, 14, 21, 22, 23, 20, 4, 7, 30, 32, 2, 33, 19, 29, 27, 5, 25, 13, 17, 3, 16, 9, 8, 24, 6, 28, 11, 10, 26, 18, 31, 1,1.18664
1, 12, 15, 34, 14, 21, 22, 23, 20, 4, 7, 30, 32, 2, 33, 19, 29, 27, 5, 25, 13, 17, 3, 16, 9, 8, 24, 6, 28, 11, 10, 26, 18, 31, 1,1.18664
1, 12, 15, 34, 14, 21, 22, 23, 20, 4, 7, 30, 32, 2, 33, 19, 29, 27, 5, 25, 13, 17, 3, 16, 9, 8, 24, 6, 28, 11, 10, 26, 18, 31, 1,1.18664
1, 12, 15, 34, 14, 21, 22, 23, 20, 4, 7, 30, 32, 2, 33, 19, 29, 27, 5, 25, 13, 17, 3, 16, 9, 8, 24, 6, 28, 11, 10, 26, 18, 31, 1,1.18664
1, 12, 15, 34, 14, 21, 22, 23, 20, 4, 7, 30, 32, 2, 33, 19, 29, 27, 5, 25, 13, 17, 3, 16, 9, 8, 24, 6, 28, 11, 10, 26, 18, 31, 1,1.18664
1, 12, 15, 34, 14, 21, 22, 23, 20, 4, 7, 30, 32, 2, 33, 19, 29, 27, 5, 25, 13, 17, 3, 16, 9, 8, 24, 6, 28, 11, 10, 26, 18, 31, 1,1.18664
1, 12, 15, 34, 14, 21, 22, 23, 20, 4, 7, 30, 32, 2, 33, 19, 29, 27, 5, 25, 13, 17, 3, 16, 9, 8, 24, 6, 28, 11, 10, 26, 18, 31, 1,1.18664
1, 12, 15, 34, 14, 21, 22, 23, 20, 4, 7, 30, 32, 2, 33, 19, 29, 27, 5, 25, 13, 17, 3, 16, 9, 8, 24, 6, 28, 11, 10, 26, 18, 31, 1,1.18664
1, 12, 15, 34, 14, 21, 22, 23, 20, 4, 7, 30, 32, 2, 33, 19, 29, 27, 5, 25, 13, 17, 3, 16, 9, 8, 24, 6, 28, 11, 10, 26, 18, 31, 1,1.18664
1, 12, 15, 34, 14, 21, 22, 23, 20, 4, 7, 30, 32, 2, 33, 19, 29, 27, 5, 25, 13, 17, 3, 16, 9, 8, 24, 6, 28, 11, 10, 26, 18, 31, 1,1.18664
1, 12, 15, 34, 14, 21, 22, 23, 20, 4, 7, 30, 32, 2, 33, 19, 29, 27, 5, 25, 13, 17, 3, 16, 9, 8, 24, 6, 28, 11, 10, 26, 18, 31, 1,1.18664
1, 12, 15, 34, 14, 21, 22, 23, 20, 4, 7, 30, 32, 2, 33, 19, 29, 27, 5, 25, 13, 17, 3, 16, 9, 8, 24, 6, 28, 11, 10, 26, 18, 31, 1,1.18664
1, 12, 15, 34, 14, 21, 22, 23, 20, 4, 7, 30, 32, 2, 33, 19, 29, 27, 5, 25, 13, 17, 3, 16, 9, 8, 24, 6, 28, 11, 10, 26, 18, 31, 1,1.18664
1, 12, 15, 34, 14, 21, 22, 23, 20, 4, 7, 30, 32, 2, 33, 19, 29, 27, 5, 25, 13, 17, 3, 16, 9, 8, 24, 6, 28, 11, 10, 26, 18, 31, 1,1.18664
1, 12, 15, 34, 14, 21, 22, 23, 20, 4, 7, 30, 32, 2, 33, 19, 29, 27, 5, 25, 13, 17, 3, 16, 9, 8, 24, 6, 28, 11, 10, 26, 18, 31, 1,1.18664
1, 12, 15, 34, 14, 21, 22, 23, 20, 4, 7, 30, 32, 2, 33, 19, 29, 27, 5, 25, 13, 17, 3, 16, 9, 8, 24, 6, 28, 11, 10, 26, 18, 31, 1,1.18664
1, 12, 15, 34, 14, 21, 22, 23, 20, 4, 7, 30, 32, 2, 33, 19, 29, 27, 5, 25, 13, 17, 3, 16, 9, 8, 24, 6, 28, 11, 10, 26, 18, 31, 1,1.18664
1, 12, 15, 34, 14, 21, 22, 23, 20, 4, 7, 30, 32, 2, 33, 19, 29, 27, 5, 25, 13, 17, 3, 16, 9, 8, 24, 6, 28, 11, 10, 26, 18, 31, 1,1.18664
1, 12, 15, 34, 14, 21, 22, 23, 20, 4, 7, 30, 32, 2, 33, 19, 29, 27, 5, 25, 13, 17, 3, 16, 9, 8, 24, 6, 28, 11, 10, 26, 18, 31, 1,1.18664
1, 12, 15, 34, 14, 21, 22, 23, 20, 4, 7, 30, 32, 2, 33, 19, 29, 27, 5, 25, 13, 17, 3, 16, 9, 8, 24, 6, 28, 11, 10, 26, 18, 31, 1,1.18664
1, 12, 15, 34, 14, 21, 22, 23, 20, 4, 7, 30, 32, 2, 33, 19, 29, 27, 5, 25, 13, 17, 3, 16, 9, 8, 24, 6, 28, 11, 10, 26, 18, 31, 1,1.18664
1, 12, 15, 34, 14, 21, 22, 23, 20, 4, 7, 30, 32, 2, 33, 19, 29, 27, 5, 25, 13, 17, 3, 16, 9, 8, 24, 6, 28, 11, 10, 26, 18, 31, 1,1.18664
1, 12, 15, 34, 14, 21, 22, 23, 20, 4, 7, 30, 32, 2, 33, 19, 29, 27, 5, 25, 13, 17, 3, 16, 9, 8, 24, 6, 28, 11, 10, 26, 18, 31, 1,1.18664
1, 12, 15, 34, 14, 21, 22, 23, 20, 4, 7, 30, 32, 2, 33, 19, 29, 27, 5, 25, 13, 17, 3, 16, 9, 8, 24, 6, 28, 11, 10, 26, 18, 31, 1,1.18664
1, 12, 15, 34, 14, 21, 22, 23, 20, 4, 7, 30, 32, 2, 33, 19, 29, 27, 5, 25, 13, 17, 3, 16, 9, 8, 24, 6, 28, 11, 10, 26, 18, 31, 1,1.18664
1, 12, 15, 34, 14, 21, 22, 23, 20, 4, 7, 30, 32, 2, 33, 19, 29, 27, 5, 25, 13, 17, 3, 16, 9, 8, 24, 6, 28, 11, 10, 26, 18, 31, 1,1.18664
1, 12, 15, 34, 14, 21, 22, 23, 20, 4, 7, 30, 32, 2, 33, 19, 29, 27, 5, 25, 13, 17, 3, 16, 9, 8, 24, 6, 28, 11, 10, 26, 18, 31, 1,1.18664
1, 12, 15, 34, 14, 21, 22, 23, 20, 4, 7, 30, 32, 2, 33, 19, 29, 27, 5, 25, 13, 17, 3, 16, 9, 8, 24, 6, 28, 11, 10, 26, 18, 31, 1,1.18664
1, 12, 15, 34, 14, 21, 22, 23, 20, 4, 7, 30, 32, 2, 33, 19, 29, 27, 5, 25, 13, 17, 3, 16, 9, 8, 24, 6, 28, 11, 10, 26, 18, 31, 1,1.18664
1, 12, 15, 34, 14, 21, 22, 23, 20, 4, 7, 30, 32, 2, 33, 19, 29, 27, 5, 25, 13, 17, 3, 16, 9, 8, 24, 6, 28, 11, 10, 26, 18, 31, 1,1.18664
1, 12, 15, 34, 14, 21, 22, 23, 20, 4, 7, 30, 32, 2, 33, 19, 29, 27, 5, 25, 13, 17, 3, 16, 9, 8, 24, 6, 28, 11, 10, 26, 18, 31, 1,1.18664
1, 12, 15, 34, 14, 21, 22, 23, 20, 4, 7, 30, 32, 2, 33, 19, 29, 27, 5, 25, 13, 17, 3, 16, 9, 8, 24, 6, 28, 11, 10, 26, 18, 31, 1,1.18664
1, 12, 15, 34, 14, 21, 22, 23, 20, 4, 7, 30, 32, 2, 33, 19, 29, 27, 5, 25, 13, 17, 3, 16, 9, 8, 24, 6, 28, 11, 10, 26, 18, 31, 1,1.18664
1, 12, 15, 34, 14, 21, 22, 23, 20, 4, 7, 30, 32, 2, 33, 19, 29, 27, 5, 25, 13, 17, 3, 16, 9, 8, 24, 6, 28, 11, 10, 26, 18, 31, 1,1.18664
1, 12, 15, 34, 14, 21, 22, 23, 20, 4, 7, 30, 32, 2, 33, 19, 29, 27, 5, 25, 13, 17, 3, 16, 9, 8, 24, 6, 28, 11, 10, 26, 18, 31, 1,1.18664
1, 12, 15, 34, 14, 21, 22, 23, 20, 4, 7, 30, 32, 2, 33, 19, 29, 27, 5, 25, 13, 17, 3, 16, 9, 8, 24, 6, 28, 11, 10, 26, 18, 31, 1,1.18664
1, 12, 15, 34, 14, 21, 22, 23, 20, 4, 7, 30, 32, 2, 33, 19, 29, 27, 5, 25, 13, 17, 3, 16, 9, 8, 24, 6, 28, 11, 10, 26, 18, 31, 1,1.18664
1, 12, 15, 34, 14, 21, 22, 23, 20, 4, 7, 30, 32, 2, 33, 19, 29, 27, 5, 25, 13, 17, 3, 16, 9, 8, 24, 6, 28, 11, 10, 26, 18, 31, 1,1.18664
1, 12, 15, 34, 14, 21, 22, 23, 20, 4, 7, 30, 32, 2, 33, 19, 29, 27, 5, 25, 13, 17, 3, 16, 9, 8, 24, 6, 28, 11, 10, 26, 18, 31, 1,1.18664
1, 12, 15, 34, 14, 21, 22, 23, 20, 4, 7, 30, 32, 2, 33, 19, 29, 27, 5, 25, 13, 17, 3, 16, 9, 8, 24, 6, 28, 11, 10, 26, 18, 31, 1,1.18664
1, 12, 15, 34, 14, 21, 22, 23, 20, 4, 7, 30, 32, 2, 33, 19, 29, 27, 5, 25, 13, 17, 3, 16, 9, 8, 24, 6, 28, 11, 10, 26, 18, 31, 1,1.18664
1, 12, 15, 34, 14, 21, 22, 23, 20, 4, 7, 30, 32, 2, 33, 19, 29, 27, 5, 25, 13, 17, 3, 16, 9, 8, 24, 6, 28, 11, 10, 26, 18, 31, 1,1.18664
1, 12, 15, 34, 14, 21, 22, 23, 20, 4, 7, 30, 32, 2, 33, 19, 29, 27, 5, 25, 13, 17, 3, 16, 9, 8, 24, 6, 28, 11, 10, 26, 18, 31, 1,1.18664
1, 12, 15, 34, 14, 21, 22, 23, 20, 4, 7, 30, 32, 2, 33, 19, 29, 27, 5, 25, 13, 17, 3, 16, 9, 8, 24, 6, 28, 11, 10, 26, 18, 31, 1,1.18664
1, 12, 15, 34, 14, 21, 22, 23, 20, 4, 7, 30, 32, 2, 33, 19, 29, 27, 5, 25, 13, 17, 3, 16, 9, 8, 24, 6, 28, 11, 10, 26, 18, 31, 1,1.18664
1, 12, 15, 34, 14, 21, 22, 23, 20, 4, 7, 30, 32, 2, 33, 19, 29, 27, 5, 25, 13, 17, 3, 16, 9, 8, 24, 6, 28, 11, 10, 26, 18, 31, 1,1.18664
1, 12, 15, 34, 14, 21, 22, 23, 20, 4, 7, 30, 32, 2, 33, 19, 29, 27, 5, 25, 13, 17, 3, 16, 9, 8, 24, 6, 28, 11, 10, 26, 18, 31, 1,1.18664
1, 12, 15, 34, 14, 21, 22, 23, 20, 4, 7, 30, 32, 2, 33, 19, 29, 27, 5, 25, 13, 17, 3, 16, 9, 8, 24, 6, 28, 11, 10, 26, 18, 31, 1,1.18664
1, 12, 15, 34, 14, 21, 22, 23, 20, 4, 7, 30, 32, 2, 33, 19, 29, 27, 5, 25, 13, 17, 3, 16, 9, 8, 24, 6, 28, 11, 10, 26, 18, 31, 1,1.18664
1, 12, 15, 34, 14, 21, 22, 23, 20, 4, 7, 30, 32, 2, 33, 19, 29, 27, 5, 25, 13, 17, 3, 16, 9, 8, 24, 6, 28, 11, 10, 26, 18, 31, 1,1.18664
1, 12, 15, 34, 14, 21, 22, 23, 20, 4, 7, 30, 32, 2, 33, 19, 29, 27, 5, 25, 13, 17, 3, 16, 9, 8, 24, 6, 28, 11, 10, 26, 18, 31, 1,1.18664
1, 12, 15, 34, 14, 21, 22, 23, 20, 4, 7, 30, 32, 2, 33, 19, 29, 27, 5, 25, 13, 17, 3, 16, 9, 8, 24, 6, 28, 11, 10, 26, 18, 31, 1,1.18664
1, 12, 15, 34, 14, 21, 22, 23, 20, 4, 7, 30, 32, 2, 33, 19, 29, 27, 5, 25, 13, 17, 3, 16, 9, 8, 24, 6, 28, 11, 10, 26, 18, 31, 1,1.18664
1, 12, 15, 34, 14, 21, 22, 23, 20, 4, 7, 30, 32, 2, 33, 19, 29, 27, 5, 25, 13, 17, 3, 16, 9, 8, 24, 6, 28, 11, 10, 26, 18, 31, 1,1.18664
1, 12, 15, 34, 14, 21, 22, 23, 20, 4, 7, 30, 32, 2, 33, 19, 29, 27, 5, 25, 13, 17, 3, 16, 9, 8, 24, 6, 28, 11, 10, 26, 18, 31, 1,1.18664
1, 12, 15, 34, 14, 21, 22, 23, 20, 4, 7, 30, 32, 2, 33, 19, 29, 27, 5, 25, 13, 17, 3, 16, 9, 8, 24, 6, 28, 11, 10, 26, 18, 31, 1,1.18664
1, 12, 15, 34, 14, 21, 22, 23, 20, 4, 7, 30, 32, 2, 33, 19, 29, 27, 5, 25, 13, 17, 3, 16, 9, 8, 24, 6, 28, 11, 10, 26, 18, 31, 1,1.18664
1, 12, 15, 34, 14, 21, 22, 23, 20, 4, 7, 30, 32, 2, 33, 19, 29, 27, 5, 25, 13, 17, 3, 16, 9, 8, 24, 6, 28, 11, 10, 26, 18, 31, 1,1.18664
1, 12, 15, 34, 14, 21, 22, 23, 20, 4, 7, 30, 32, 2, 33, 19, 29, 27, 5, 25, 13, 17, 3, 16, 9, 8, 24, 6, 28, 11, 10, 26, 18, 31, 1,1.18664
1, 12, 15, 34, 14, 21, 22, 23, 20, 4, 7, 30, 32, 2, 33, 19, 29, 27, 5, 25, 13, 17, 3, 16, 9, 8, 24, 6, 28, 11, 10, 26, 18, 31, 1,1.18664
1, 12, 15, 34, 14, 21, 22, 23, 20, 4, 7, 30, 32, 2, 33, 19, 29, 27, 5, 25, 13, 17, 3, 16, 9, 8, 24, 6, 28, 11, 10, 26, 18, 31, 1,1.18664
1, 12, 15, 34, 14, 21, 22, 23, 20, 4, 7, 30, 32, 2, 33, 19, 29, 27, 5, 25, 13, 17, 3, 16, 9, 8, 24, 6, 28, 11, 10, 26, 18, 31, 1,1.18664
1, 12, 15, 34, 14, 21, 22, 23, 20, 4, 7, 30, 32, 2, 33, 19, 29, 27, 5, 25, 13, 17, 3, 16, 9, 8, 24, 6, 28, 11, 10, 26, 18, 31, 1,1.18664
1, 12, 15, 34, 14, 21, 22, 23, 20, 4, 7, 30, 32, 2, 33, 19, 29, 27, 5, 25, 13, 17, 3, 16, 9, 8, 24, 6, 28, 11, 10, 26, 18, 31, 1,1.18664
1, 12, 15, 34, 14, 21, 22, 23, 20, 4, 7, 30, 32, 2, 33, 19, 29, 27, 5, 25, 13, 17, 3, 16, 9, 8, 24, 6, 28, 11, 10, 26, 18, 31, 1,1.18664
1, 12, 15, 34, 14, 21, 22, 23, 20, 4, 7, 30, 32, 2, 33, 19, 29, 27, 5, 25, 13, 17, 3, 16, 9, 8, 24, 6, 28, 11, 10, 26, 18, 31, 1,1.18664
1, 12, 15, 34, 14, 21, 22, 23, 20, 4, 7, 30, 32, 2, 33, 19, 29, 27, 5, 25, 13, 17, 3, 16, 9, 8, 24, 6, 28, 11, 10, 26, 18, 31, 1,1.18664
1, 12, 15, 34, 14, 21, 22, 23, 20, 4, 7, 30, 32, 2, 33, 19, 29, 27, 5, 25, 13, 17, 3, 16, 9, 8, 24, 6, 28, 11, 10, 26, 18, 31, 1,1.18664
1, 12, 15, 34, 14, 21, 22, 23, 20, 4, 7, 30, 32, 2, 33, 19, 29, 27, 5, 25, 13, 17, 3, 16, 9, 8, 24, 6, 28, 11, 10, 26, 18, 31, 1,1.18664
1, 12, 15, 34, 14, 21, 22, 23, 20, 4, 7, 30, 32, 2, 33, 19, 29, 27, 5, 25, 13, 17, 3, 16, 9, 8, 24, 6, 28, 11, 10, 26, 18, 31, 1,1.18664
1, 12, 15, 34, 14, 21, 22, 23, 20, 4, 7, 30, 32, 2, 33, 19, 29, 27, 5, 25, 13, 17, 3, 16, 9, 8, 24, 6, 28, 11, 10, 26, 18, 31, 1,1.18664
1, 12, 15, 34, 14, 21, 22, 23, 20, 4, 7, 30, 32, 2, 33, 19, 29, 27, 5, 25, 13, 17, 3, 16, 9, 8, 24, 6, 28, 11, 10, 26, 18, 31, 1,1.18664
1, 12, 15, 34, 14, 21, 22, 23, 20, 4, 7, 30, 32, 2, 33, 19, 29, 27, 5, 25, 13, 17, 3, 16, 9, 8, 24, 6, 28, 11, 10, 26, 18, 31, 1,1.18664
1, 12, 15, 34, 14, 21, 22, 23, 20, 4, 7, 30, 32, 2, 33, 19, 29, 27, 5, 25, 13, 17, 3, 16, 9, 8, 24, 6, 28, 11, 10, 26, 18, 31, 1,1.18664
1, 12, 15, 34, 14, 21, 22, 23, 20, 4, 7, 30, 32, 2, 33, 19, 29, 27, 5, 25, 13, 17, 3, 16, 9, 8, 24, 6, 28, 11, 10, 26, 18, 31, 1,1.18664
1, 12, 15, 34, 14, 21, 22, 23, 20, 4, 7, 30, 32, 2, 33, 19, 29, 27, 5, 25, 13, 17, 3, 16, 9, 8, 24, 6, 28, 11, 10, 26, 18, 31, 1,1.18664
1, 12, 15, 34, 14, 21, 22, 23, 20, 4, 7, 30, 32, 2, 33, 19, 29, 27, 5, 25, 13, 17, 3, 16, 9, 8, 24, 6, 28, 11, 10, 26, 18, 31, 1,1.18664
1, 12, 15, 34, 14, 21, 22, 23, 20, 4, 7, 30, 32, 2, 33, 19, 29, 27, 5, 25, 13, 17, 3, 16, 9, 8, 24, 6, 28, 11, 10, 26, 18, 31, 1,1.18664
1, 12, 15, 34, 14, 21, 22, 23, 20, 4, 7, 30, 32, 2, 33, 19, 29, 27, 5, 25, 13, 17, 3, 16, 9, 8, 24, 6, 28, 11, 10, 26, 18, 31, 1,1.18664
1, 12, 15, 34, 14, 21, 22, 23, 20, 4, 7, 30, 32, 2, 33, 19, 29, 27, 5, 25, 13, 17, 3, 16, 9, 8, 24, 6, 28, 11, 10, 26, 18, 31, 1,1.18664
1, 12, 15, 34, 14, 21, 22, 23, 20, 4, 7, 30, 32, 2, 33, 19, 29, 27, 5, 25, 13, 17, 3, 16, 9, 8, 24, 6, 28, 11, 10, 26, 18, 31, 1,1.18664
1, 12, 15, 34, 14, 21, 22, 23, 20, 4, 7, 30, 32, 2, 33, 19, 29, 27, 5, 25, 13, 17, 3, 16, 9, 8, 24, 6, 28, 11, 10, 26, 18, 31, 1,1.18664
1, 12, 15, 34, 14, 21, 22, 23, 20, 4, 7, 30, 32, 2, 33, 19, 29, 27, 5, 25, 13, 17, 3, 16, 9, 8, 24, 6, 28, 11, 10, 26, 18, 31, 1,1.18664
1, 12, 15, 34, 14, 21, 22, 23, 20, 4, 7, 30, 32, 2, 33, 19, 29, 27, 5, 25, 13, 17, 3, 16, 9, 8, 24, 6, 28, 11, 10, 26, 18, 31, 1,1.18664
1, 12, 15, 34, 14, 21, 22, 23, 20, 4, 7, 30, 32, 2, 33, 19, 29, 27, 5, 25, 13, 17, 3, 16, 9, 8, 24, 6, 28, 11, 10, 26, 18, 31, 1,1.18664
1, 12, 15, 34, 14, 21, 22, 23, 20, 4, 7, 30, 32, 2, 33, 19, 29, 27, 5, 25, 13, 17, 3, 16, 9, 8, 24, 6, 28, 11, 10, 26, 18, 31, 1,1.18664
1, 12, 15, 34, 14, 21, 22, 23, 20, 4, 7, 30, 32, 2, 33, 19, 29, 27, 5, 25, 13, 17, 3, 16, 9, 8, 24, 6, 28, 11, 10, 26, 18, 31, 1,1.18664
1, 12, 15, 34, 14, 21, 22, 23, 20, 4, 7, 30, 32, 2, 33, 19, 29, 27, 5, 25, 13, 17, 3, 16, 9, 8, 24, 6, 28, 11, 10, 26, 18, 31, 1,1.18664
1, 12, 15, 34, 14, 21, 22, 23, 20, 4, 7, 30, 32, 2, 33, 19, 29, 27, 5, 25, 13, 17, 3, 16, 9, 8, 24, 6, 28, 11, 10, 26, 18, 31, 1,1.18664
1, 12, 15, 34, 14, 21, 22, 23, 20, 4, 7, 30, 32, 2, 33, 19, 29, 27, 5, 25, 13, 17, 3, 16, 9, 8, 24, 6, 28, 11, 10, 26, 18, 31, 1,1.18664
1, 12, 15, 34, 14, 21, 22, 23, 20, 4, 7, 30, 32, 2, 33, 19, 29, 27, 5, 25, 13, 17, 3, 16, 9, 8, 24, 6, 28, 11, 10, 26, 18, 31, 1,1.18664
1, 12, 15, 34, 14, 21, 22, 23, 20, 4, 7, 30, 32, 2, 33, 19, 29, 27, 5, 25, 13, 17, 3, 16, 9, 8, 24, 6, 28, 11, 10, 26, 18, 31, 1,1.18664
1, 12, 15, 34, 14, 21, 22, 23, 20, 4, 7, 30, 32, 2, 33, 19, 29, 27, 5, 25, 13, 17, 3, 16, 9, 8, 24, 6, 28, 11, 10, 26, 18, 31, 1,1.18664
1, 12, 15, 34, 14, 21, 22, 23, 20, 4, 7, 30, 32, 2, 33, 19, 29, 27, 5, 25, 13, 17, 3, 16, 9, 8, 24, 6, 28, 11, 10, 26, 18, 31, 1,1.18664
1, 12, 15, 34, 14, 21, 22, 23, 20, 4, 7, 30, 32, 2, 33, 19, 29, 27, 5, 25, 13, 17, 3, 16, 9, 8, 24, 6, 28, 11, 10, 26, 18, 31, 1,1.18664
1, 12, 15, 34, 14, 21, 22, 23, 20, 4, 7, 30, 32, 2, 33, 19, 29, 27, 5, 25, 13, 17, 3, 16, 9, 8, 24, 6, 28, 11, 10, 26, 18, 31, 1,1.18664
1, 12, 15, 34, 14, 21, 22, 23, 20, 4, 7, 30, 32, 2, 33, 19, 29, 27, 5, 25, 13, 17, 3, 16, 9, 8, 24, 6, 28, 11, 10, 26, 18, 31, 1,1.18664
1, 12, 15, 34, 14, 21, 22, 23, 20, 4, 7, 30, 32, 2, 33, 19, 29, 27, 5, 25, 13, 17, 3, 16, 9, 8, 24, 6, 28, 11, 10, 26, 18, 31, 1,1.18664
1, 12, 15, 34, 14, 21, 22, 23, 20, 4, 7, 30, 32, 2, 33, 19, 29, 27, 5, 25, 13, 17, 3, 16, 9, 8, 24, 6, 28, 11, 10, 26, 18, 31, 1,1.18664
1, 12, 15, 34, 14, 21, 22, 23, 20, 4, 7, 30, 32, 2, 33, 19, 29, 27, 5, 25, 13, 17, 3, 16, 9, 8, 24, 6, 28, 11, 10, 26, 18, 31, 1,1.18664
1, 12, 15, 34, 14, 21, 22, 23, 20, 4, 7, 30, 32, 2, 33, 19, 29, 27, 5, 25, 13, 17, 3, 16, 9, 8, 24, 6, 28, 11, 10, 26, 18, 31, 1,1.18664
1, 12, 15, 34, 14, 21, 22, 23, 20, 4, 7, 30, 32, 2, 33, 19, 29, 27, 5, 25, 13, 17, 3, 16, 9, 8, 24, 6, 28, 11, 10, 26, 18, 31, 1,1.18664
1, 12, 15, 34, 14, 21, 22, 23, 20, 4, 7, 30, 32, 2, 33, 19, 29, 27, 5, 25, 13, 17, 3, 16, 9, 8, 24, 6, 28, 11, 10, 26, 18, 31, 1,1.18664
1, 12, 15, 34, 14, 21, 22, 23, 20, 4, 7, 30, 32, 2, 33, 19, 29, 27, 5, 25, 13, 17, 3, 16, 9, 8, 24, 6, 28, 11, 10, 26, 18, 31, 1,1.18664
1, 12, 15, 34, 14, 21, 22, 23, 20, 4, 7, 30, 32, 2, 33, 19, 29, 27, 5, 25, 13, 17, 3, 16, 9, 8, 24, 6, 28, 11, 10, 26, 18, 31, 1,1.18664
1, 12, 15, 34, 14, 21, 22, 23, 20, 4, 7, 30, 32, 2, 33, 19, 29, 27, 5, 25, 13, 17, 3, 16, 9, 8, 24, 6, 28, 11, 10, 26, 18, 31, 1,1.18664
1, 12, 15, 34, 14, 21, 22, 23, 20, 4, 7, 30, 32, 2, 33, 19, 29, 27, 5, 25, 13, 17, 3, 16, 9, 8, 24, 6, 28, 11, 10, 26, 18, 31, 1,1.18664
1, 12, 15, 34, 14, 21, 22, 23, 20, 4, 7, 30, 32, 2, 33, 19, 29, 27, 5, 25, 13, 17, 3, 16, 9, 8, 24, 6, 28, 11, 10, 26, 18, 31, 1,1.18664
1, 12, 15, 34, 14, 21, 22, 23, 20, 4, 7, 30, 32, 2, 33, 19, 29, 27, 5, 25, 13, 17, 3, 16, 9, 8, 24, 6, 28, 11, 10, 26, 18, 31, 1,1.18664
1, 12, 15, 34, 14, 21, 22, 23, 20, 4, 7, 30, 32, 2, 33, 19, 29, 27, 5, 25, 13, 17, 3, 16, 9, 8, 24, 6, 28, 11, 10, 26, 18, 31, 1,1.18664
1, 12, 15, 34, 14, 21, 22, 23, 20, 4, 7, 30, 32, 2, 33, 19, 29, 27, 5, 25, 13, 17, 3, 16, 9, 8, 24, 6, 28, 11, 10, 26, 18, 31, 1,1.18664
1, 12, 15, 34, 14, 21, 22, 23, 20, 4, 7, 30, 32, 2, 33, 19, 29, 27, 5, 25, 13, 17, 3, 16, 9, 8, 24, 6, 28, 11, 10, 26, 18, 31, 1,1.18664
1, 12, 15, 34, 14, 21, 22, 23, 20, 4, 7, 30, 32, 2, 33, 19, 29, 27, 5, 25, 13, 17, 3, 16, 9, 8, 24, 6, 28, 11, 10, 26, 18, 31, 1,1.18664
1, 12, 15, 34, 14, 21, 22, 23, 20, 4, 7, 30, 32, 2, 33, 19, 29, 27, 5, 25, 13, 17, 3, 16, 9, 8, 24, 6, 28, 11, 10, 26, 18, 31, 1,1.18664
1, 12, 15, 34, 14, 21, 22, 23, 20, 4, 7, 30, 32, 2, 33, 19, 29, 27, 5, 25, 13, 17, 3, 16, 9, 8, 24, 6, 28, 11, 10, 26, 18, 31, 1,1.18664
1, 12, 15, 34, 14, 21, 22, 23, 20, 4, 7, 30, 32, 2, 33, 19, 29, 27, 5, 25, 13, 17, 3, 16, 9, 8, 24, 6, 28, 11, 10, 26, 18, 31, 1,1.18664
1, 12, 15, 34, 14, 21, 22, 23, 20, 4, 7, 30, 32, 2, 33, 19, 29, 27, 5, 25, 13, 17, 3, 16, 9, 8, 24, 6, 28, 11, 10, 26, 18, 31, 1,1.18664
1, 12, 15, 34, 14, 21, 22, 23, 20, 4, 7, 30, 32, 2, 33, 19, 29, 27, 5, 25, 13, 17, 3, 16, 9, 8, 24, 6, 28, 11, 10, 26, 18, 31, 1,1.18664
1, 12, 15, 34, 14, 21, 22, 23, 20, 4, 7, 30, 32, 2, 33, 19, 29, 27, 5, 25, 13, 17, 3, 16, 9, 8, 24, 6, 28, 11, 10, 26, 18, 31, 1,1.18664
1, 12, 15, 34, 14, 21, 22, 23, 20, 4, 7, 30, 32, 2, 33, 19, 29, 27, 5, 25, 13, 17, 3, 16, 9, 8, 24, 6, 28, 11, 10, 26, 18, 31, 1,1.18664
1, 12, 15, 34, 14, 21, 22, 23, 20, 4, 7, 30, 32, 2, 33, 19, 29, 27, 5, 25, 13, 17, 3, 16, 9, 8, 24, 6, 28, 11, 10, 26, 18, 31, 1,1.18664
1, 12, 15, 34, 14, 21, 22, 23, 20, 4, 7, 30, 32, 2, 33, 19, 29, 27, 5, 25, 13, 17, 3, 16, 9, 8, 24, 6, 28, 11, 10, 26, 18, 31, 1,1.18664
1, 12, 15, 34, 14, 21, 22, 23, 20, 4, 7, 30, 32, 2, 33, 19, 29, 27, 5, 25, 13, 17, 3, 16, 9, 8, 24, 6, 28, 11, 10, 26, 18, 31, 1,1.18664
1, 12, 15, 34, 14, 21, 22, 23, 20, 4, 7, 30, 32, 2, 33, 19, 29, 27, 5, 25, 13, 17, 3, 16, 9, 8, 24, 6, 28, 11, 10, 26, 18, 31, 1,1.18664
1, 12, 15, 34, 14, 21, 22, 23, 20, 4, 7, 30, 32, 2, 33, 19, 29, 27, 5, 25, 13, 17, 3, 16, 9, 8, 24, 6, 28, 11, 10, 26, 18, 31, 1,1.18664
1, 12, 15, 34, 14, 21, 22, 23, 20, 4, 7, 30, 32, 2, 33, 19, 29, 27, 5, 25, 13, 17, 3, 16, 9, 8, 24, 6, 28, 11, 10, 26, 18, 31, 1,1.18664
1, 12, 15, 34, 14, 21, 22, 23, 20, 4, 7, 30, 32, 2, 33, 19, 29, 27, 5, 25, 13, 17, 3, 16, 9, 8, 24, 6, 28, 11, 10, 26, 18, 31, 1,1.18664
1, 12, 15, 34, 14, 21, 22, 23, 20, 4, 7, 30, 32, 2, 33, 19, 29, 27, 5, 25, 13, 17, 3, 16, 9, 8, 24, 6, 28, 11, 10, 26, 18, 31, 1,1.18664
1, 12, 15, 34, 14, 21, 22, 23, 20, 4, 7, 30, 32, 2, 33, 19, 29, 27, 5, 25, 13, 17, 3, 16, 9, 8, 24, 6, 28, 11, 10, 26, 18, 31, 1,1.18664
1, 12, 15, 34, 14, 21, 22, 23, 20, 4, 7, 30, 32, 2, 33, 19, 29, 27, 5, 25, 13, 17, 3, 16, 9, 8, 24, 6, 28, 11, 10, 26, 18, 31, 1,1.18664
1, 12, 15, 34, 14, 21, 22, 23, 20, 4, 7, 30, 32, 2, 33, 19, 29, 27, 5, 25, 13, 17, 3, 16, 9, 8, 24, 6, 28, 11, 10, 26, 18, 31, 1,1.18664
1, 12, 15, 34, 14, 21, 22, 23, 20, 4, 7, 30, 32, 2, 33, 19, 29, 27, 5, 25, 13, 17, 3, 16, 9, 8, 24, 6, 28, 11, 10, 26, 18, 31, 1,1.18664
1, 12, 15, 34, 14, 21, 22, 23, 20, 4, 7, 30, 32, 2, 33, 19, 29, 27, 5, 25, 13, 17, 3, 16, 9, 8, 24, 6, 28, 11, 10, 26, 18, 31, 1,1.18664
1, 12, 15, 34, 14, 21, 22, 23, 20, 4, 7, 30, 32, 2, 33, 19, 29, 27, 5, 25, 13, 17, 3, 16, 9, 8, 24, 6, 28, 11, 10, 26, 18, 31, 1,1.18664
1, 12, 15, 34, 14, 21, 22, 23, 20, 4, 7, 30, 32, 2, 33, 19, 29, 27, 5, 25, 13, 17, 3, 16, 9, 8, 24, 6, 28, 11, 10, 26, 18, 31, 1,1.18664
1, 12, 15, 34, 14, 21, 22, 23, 20, 4, 7, 30, 32, 2, 33, 19, 29, 27, 5, 25, 13, 17, 3, 16, 9, 8, 24, 6, 28, 11, 10, 26, 18, 31, 1,1.18664
1, 12, 15, 34, 14, 21, 22, 23, 20, 4, 7, 30, 32, 2, 33, 19, 29, 27, 5, 25, 13, 17, 3, 16, 9, 8, 24, 6, 28, 11, 10, 26, 18, 31, 1,1.18664
1, 12, 15, 34, 14, 21, 22, 23, 20, 4, 7, 30, 32, 2, 33, 19, 29, 27, 5, 25, 13, 17, 3, 16, 9, 8, 24, 6, 28, 11, 10, 26, 18, 31, 1,1.18664
1, 12, 15, 34, 14, 21, 22, 23, 20, 4, 7, 30, 32, 2, 33, 19, 29, 27, 5, 25, 13, 17, 3, 16, 9, 8, 24, 6, 28, 11, 10, 26, 18, 31, 1,1.18664
1, 12, 15, 34, 14, 21, 22, 23, 20, 4, 7, 30, 32, 2, 33, 19, 29, 27, 5, 25, 13, 17, 3, 16, 9, 8, 24, 6, 28, 11, 10, 26, 18, 31, 1,1.18664
1, 12, 15, 34, 14, 21, 22, 23, 20, 4, 7, 30, 32, 2, 33, 19, 29, 27, 5, 25, 13, 17, 3, 16, 9, 8, 24, 6, 28, 11, 10, 26, 18, 31, 1,1.18664
1, 12, 15, 34, 14, 21, 22, 23, 20, 4, 7, 30, 32, 2, 33, 19, 29, 27, 5, 25, 13, 17, 3, 16, 9, 8, 24, 6, 28, 11, 10, 26, 18, 31, 1,1.18664
1, 12, 15, 34, 14, 21, 22, 23, 20, 4, 7, 30, 32, 2, 33, 19, 29, 27, 5, 25, 13, 17, 3, 16, 9, 8, 24, 6, 28, 11, 10, 26, 18, 31, 1,1.18664
1, 12, 15, 34, 14, 21, 22, 23, 20, 4, 7, 30, 32, 2, 33, 19, 29, 27, 5, 25, 13, 17, 3, 16, 9, 8, 24, 6, 28, 11, 10, 26, 18, 31, 1,1.18664
1, 12, 15, 34, 14, 21, 22, 23, 20, 4, 7, 30, 32, 2, 33, 19, 29, 27, 5, 25, 13, 17, 3, 16, 9, 8, 24, 6, 28, 11, 10, 26, 18, 31, 1,1.18664
1, 12, 15, 34, 14, 21, 22, 23, 20, 4, 7, 30, 32, 2, 33, 19, 29, 27, 5, 25, 13, 17, 3, 16, 9, 8, 24, 6, 28, 11, 10, 26, 18, 31, 1,1.18664
1, 12, 15, 34, 14, 21, 22, 23, 20, 4, 7, 30, 32, 2, 33, 19, 29, 27, 5, 25, 13, 17, 3, 16, 9, 8, 24, 6, 28, 11, 10, 26, 18, 31, 1,1.18664
1, 12, 15, 34, 14, 21, 22, 23, 20, 4, 7, 30, 32, 2, 33, 19, 29, 27, 5, 25, 13, 17, 3, 16, 9, 8, 24, 6, 28, 11, 10, 26, 18, 31, 1,1.18664
1, 12, 15, 34, 14, 21, 22, 23, 20, 4, 7, 30, 32, 2, 33, 19, 29, 27, 5, 25, 13, 17, 3, 16, 9, 8, 24, 6, 28, 11, 10, 26, 18, 31, 1,1.18664
1, 12, 15, 34, 14, 21, 22, 23, 20, 4, 7, 30, 32, 2, 33, 19, 29, 27, 5, 25, 13, 17, 3, 16, 9, 8, 24, 6, 28, 11, 10, 26, 18, 31, 1,1.18664
1, 12, 15, 34, 14, 21, 22, 23, 20, 4, 7, 30, 32, 2, 33, 19, 29, 27, 5, 25, 13, 17, 3, 16, 9, 8, 24, 6, 28, 11, 10, 26, 18, 31, 1,1.18664
1, 12, 15, 34, 14, 21, 22, 23, 20, 4, 7, 30, 32, 2, 33, 19, 29, 27, 5, 25, 13, 17, 3, 16, 9, 8, 24, 6, 28, 11, 10, 26, 18, 31, 1,1.18664
1, 12, 15, 34, 14, 21, 22, 23, 20, 4, 7, 30, 32, 2, 33, 19, 29, 27, 5, 25, 13, 17, 3, 16, 9, 8, 24, 6, 28, 11, 10, 26, 18, 31, 1,1.18664
1, 12, 15, 34, 14, 21, 22, 23, 20, 4, 7, 30, 32, 2, 33, 19, 29, 27, 5, 25, 13, 17, 3, 16, 9, 8, 24, 6, 28, 11, 10, 26, 18, 31, 1,1.18664
1, 12, 15, 34, 14, 21, 22, 23, 20, 4, 7, 30, 32, 2, 33, 19, 29, 27, 5, 25, 13, 17, 3, 16, 9, 8, 24, 6, 28, 11, 10, 26, 18, 31, 1,1.18664
1, 12, 15, 34, 14, 21, 22, 23, 20, 4, 7, 30, 32, 2, 33, 19, 29, 27, 5, 25, 13, 17, 3, 16, 9, 8, 24, 6, 28, 11, 10, 26, 18, 31, 1,1.18664
1, 12, 15, 34, 14, 21, 22, 23, 20, 4, 7, 30, 32, 2, 33, 19, 29, 27, 5, 25, 13, 17, 3, 16, 9, 8, 24, 6, 28, 11, 10, 26, 18, 31, 1,1.18664
1, 12, 15, 34, 14, 21, 22, 23, 20, 4, 7, 30, 32, 2, 33, 19, 29, 27, 5, 25, 13, 17, 3, 16, 9, 8, 24, 6, 28, 11, 10, 26, 18, 31, 1,1.18664
1, 12, 15, 34, 14, 21, 22, 23, 20, 4, 7, 30, 32, 2, 33, 19, 29, 27, 5, 25, 13, 17, 3, 16, 9, 8, 24, 6, 28, 11, 10, 26, 18, 31, 1,1.18664
1, 12, 15, 34, 14, 21, 22, 23, 20, 4, 7, 30, 32, 2, 33, 19, 29, 27, 5, 25, 13, 17, 3, 16, 9, 8, 24, 6, 28, 11, 10, 26, 18, 31, 1,1.18664
1, 12, 15, 34, 14, 21, 22, 23, 20, 4, 7, 30, 32, 2, 33, 19, 29, 27, 5, 25, 13, 17, 3, 16, 9, 8, 24, 6, 28, 11, 10, 26, 18, 31, 1,1.18664
1, 12, 15, 34, 14, 21, 22, 23, 20, 4, 7, 30, 32, 2, 33, 19, 29, 27, 5, 25, 13, 17, 3, 16, 9, 8, 24, 6, 28, 11, 10, 26, 18, 31, 1,1.18664
1, 12, 15, 34, 14, 21, 22, 23, 20, 4, 7, 30, 32, 2, 33, 19, 29, 27, 5, 25, 13, 17, 3, 16, 9, 8, 24, 6, 28, 11, 10, 26, 18, 31, 1,1.18664
1, 12, 15, 34, 14, 21, 22, 23, 20, 4, 7, 30, 32, 2, 33, 19, 29, 27, 5, 25, 13, 17, 3, 16, 9, 8, 24, 6, 28, 11, 10, 26, 18, 31, 1,1.18664
1, 12, 15, 34, 14, 21, 22, 23, 20, 4, 7, 30, 32, 2, 33, 19, 29, 27, 5, 25, 13, 17, 3, 16, 9, 8, 24, 6, 28, 11, 10, 26, 18, 31, 1,1.18664
1, 12, 15, 34, 14, 21, 22, 23, 20, 4, 7, 30, 32, 2, 33, 19, 29, 27, 5, 25, 13, 17, 3, 16, 9, 8, 24, 6, 28, 11, 10, 26, 18, 31, 1,1.18664
1, 12, 15, 34, 14, 21, 22, 23, 20, 4, 7, 30, 32, 2, 33, 19, 29, 27, 5, 25, 13, 17, 3, 16, 9, 8, 24, 6, 28, 11, 10, 26, 18, 31, 1,1.18664
1, 12, 15, 34, 14, 21, 22, 23, 20, 4, 7, 30, 32, 2, 33, 19, 29, 27, 5, 25, 13, 17, 3, 16, 9, 8, 24, 6, 28, 11, 10, 26, 18, 31, 1,1.18664
1, 12, 15, 34, 14, 21, 22, 23, 20, 4, 7, 30, 32, 2, 33, 19, 29, 27, 5, 25, 13, 17, 3, 16, 9, 8, 24, 6, 28, 11, 10, 26, 18, 31, 1,1.18664
1, 12, 15, 34, 14, 21, 22, 23, 20, 4, 7, 30, 32, 2, 33, 19, 29, 27, 5, 25, 13, 17, 3, 16, 9, 8, 24, 6, 28, 11, 10, 26, 18, 31, 1,1.18664
1, 12, 15, 34, 14, 21, 22, 23, 20, 4, 7, 30, 32, 2, 33, 19, 29, 27, 5, 25, 13, 17, 3, 16, 9, 8, 24, 6, 28, 11, 10, 26, 18, 31, 1,1.18664
1, 12, 15, 34, 14, 21, 22, 23, 20, 4, 7, 30, 32, 2, 33, 19, 29, 27, 5, 25, 13, 17, 3, 16, 9, 8, 24, 6, 28, 11, 10, 26, 18, 31, 1,1.18664
1, 12, 15, 34, 14, 21, 22, 23, 20, 4, 7, 30, 32, 2, 33, 19, 29, 27, 5, 25, 13, 17, 3, 16, 9, 8, 24, 6, 28, 11, 10, 26, 18, 31, 1,1.18664
1, 12, 15, 34, 14, 21, 22, 23, 20, 4, 7, 30, 32, 2, 33, 19, 29, 27, 5, 25, 13, 17, 3, 16, 9, 8, 24, 6, 28, 11, 10, 26, 18, 31, 1,1.18664
1, 12, 15, 34, 14, 21, 22, 23, 20, 4, 7, 30, 32, 2, 33, 19, 29, 27, 5, 25, 13, 17, 3, 16, 9, 8, 24, 6, 28, 11, 10, 26, 18, 31, 1,1.18664
1, 12, 15, 34, 14, 21, 22, 23, 20, 4, 7, 30, 32, 2, 33, 19, 29, 27, 5, 25, 13, 17, 3, 16, 9, 8, 24, 6, 28, 11, 10, 26, 18, 31, 1,1.18664
1, 12, 15, 34, 14, 21, 22, 23, 20, 4, 7, 30, 32, 2, 33, 19, 29, 27, 5, 25, 13, 17, 3, 16, 9, 8, 24, 6, 28, 11, 10, 26, 18, 31, 1,1.18664
1, 12, 15, 34, 14, 21, 22, 23, 20, 4, 7, 30, 32, 2, 33, 19, 29, 27, 5, 25, 13, 17, 3, 16, 9, 8, 24, 6, 28, 11, 10, 26, 18, 31, 1,1.18664
1, 12, 15, 34, 14, 21, 22, 23, 20, 4, 7, 30, 32, 2, 33, 19, 29, 27, 5, 25, 13, 17, 3, 16, 9, 8, 24, 6, 28, 11, 10, 26, 18, 31, 1,1.18664
1, 12, 15, 34, 14, 21, 22, 23, 20, 4, 7, 30, 32, 2, 33, 19, 29, 27, 5, 25, 13, 17, 3, 16, 9, 8, 24, 6, 28, 11, 10, 26, 18, 31, 1,1.18664
1, 12, 15, 34, 14, 21, 22, 23, 20, 4, 7, 30, 32, 2, 33, 19, 29, 27, 5, 25, 13, 17, 3, 16, 9, 8, 24, 6, 28, 11, 10, 26, 18, 31, 1,1.18664
1, 12, 15, 34, 14, 21, 22, 23, 20, 4, 7, 30, 32, 2, 33, 19, 29, 27, 5, 25, 13, 17, 3, 16, 9, 8, 24, 6, 28, 11, 10, 26, 18, 31, 1,1.18664
1, 12, 15, 34, 14, 21, 22, 23, 20, 4, 7, 30, 32, 2, 33, 19, 29, 27, 5, 25, 13, 17, 3, 16, 9, 8, 24, 6, 28, 11, 10, 26, 18, 31, 1,1.18664
1, 12, 15, 34, 14, 21, 22, 23, 20, 4, 7, 30, 32, 2, 33, 19, 29, 27, 5, 25, 13, 17, 3, 16, 9, 8, 24, 6, 28, 11, 10, 26, 18, 31, 1,1.18664
1, 12, 15, 34, 14, 21, 22, 23, 20, 4, 7, 30, 32, 2, 33, 19, 29, 27, 5, 25, 13, 17, 3, 16, 9, 8, 24, 6, 28, 11, 10, 26, 18, 31, 1,1.18664
1, 12, 15, 34, 14, 21, 22, 23, 20, 4, 7, 30, 32, 2, 33, 19, 29, 27, 5, 25, 13, 17, 3, 16, 9, 8, 24, 6, 28, 11, 10, 26, 18, 31, 1,1.18664
1, 12, 15, 34, 14, 21, 22, 23, 20, 4, 7, 30, 32, 2, 33, 19, 29, 27, 5, 25, 13, 17, 3, 16, 9, 8, 24, 6, 28, 11, 10, 26, 18, 31, 1,1.18664
1, 12, 15, 34, 14, 21, 22, 23, 20, 4, 7, 30, 32, 2, 33, 19, 29, 27, 5, 25, 13, 17, 3, 16, 9, 8, 24, 6, 28, 11, 10, 26, 18, 31, 1,1.18664
1, 12, 15, 34, 14, 21, 22, 23, 20, 4, 7, 30, 32, 2, 33, 19, 29, 27, 5, 25, 13, 17, 3, 16, 9, 8, 24, 6, 28, 11, 10, 26, 18, 31, 1,1.18664
1, 12, 15, 34, 14, 21, 22, 23, 20, 4, 7, 30, 32, 2, 33, 19, 29, 27, 5, 25, 13, 17, 3, 16, 9, 8, 24, 6, 28, 11, 10, 26, 18, 31, 1,1.18664
1, 12, 15, 34, 14, 21, 22, 23, 20, 4, 7, 30, 32, 2, 33, 19, 29, 27, 5, 25, 13, 17, 3, 16, 9, 8, 24, 6, 28, 11, 10, 26, 18, 31, 1,1.18664
1, 12, 15, 34, 14, 21, 22, 23, 20, 4, 7, 30, 32, 2, 33, 19, 29, 27, 5, 25, 13, 17, 3, 16, 9, 8, 24, 6, 28, 11, 10, 26, 18, 31, 1,1.18664
1, 12, 15, 34, 14, 21, 22, 23, 20, 4, 7, 30, 32, 2, 33, 19, 29, 27, 5, 25, 13, 17, 3, 16, 9, 8, 24, 6, 28, 11, 10, 26, 18, 31, 1,1.18664
1, 12, 15, 34, 14, 21, 22, 23, 20, 4, 7, 30, 32, 2, 33, 19, 29, 27, 5, 25, 13, 17, 3, 16, 9, 8, 24, 6, 28, 11, 10, 26, 18, 31, 1,1.18664
1, 12, 15, 34, 14, 21, 22, 23, 20, 4, 7, 30, 32, 2, 33, 19, 29, 27, 5, 25, 13, 17, 3, 16, 9, 8, 24, 6, 28, 11, 10, 26, 18, 31, 1,1.18664
1, 12, 15, 34, 14, 21, 22, 23, 20, 4, 7, 30, 32, 2, 33, 19, 29, 27, 5, 25, 13, 17, 3, 16, 9, 8, 24, 6, 28, 11, 10, 26, 18, 31, 1,1.18664
1, 12, 15, 34, 14, 21, 22, 23, 20, 4, 7, 30, 32, 2, 33, 19, 29, 27, 5, 25, 13, 17, 3, 16, 9, 8, 24, 6, 28, 11, 10, 26, 18, 31, 1,1.18664
1, 12, 15, 34, 14, 21, 22, 23, 20, 4, 7, 30, 32, 2, 33, 19, 29, 27, 5, 25, 13, 17, 3, 16, 9, 8, 24, 6, 28, 11, 10, 26, 18, 31, 1,1.18664
1, 12, 15, 34, 14, 21, 22, 23, 20, 4, 7, 30, 32, 2, 33, 19, 29, 27, 5, 25, 13, 17, 3, 16, 9, 8, 24, 6, 28, 11, 10, 26, 18, 31, 1,1.18664
1, 12, 15, 34, 14, 21, 22, 23, 20, 4, 7, 30, 32, 2, 33, 19, 29, 27, 5, 25, 13, 17, 3, 16, 9, 8, 24, 6, 28, 11, 10, 26, 18, 31, 1,1.18664
1, 12, 15, 34, 14, 21, 22, 23, 20, 4, 7, 30, 32, 2, 33, 19, 29, 27, 5, 25, 13, 17, 3, 16, 9, 8, 24, 6, 28, 11, 10, 26, 18, 31, 1,1.18664
1, 12, 15, 34, 14, 21, 22, 23, 20, 4, 7, 30, 32, 2, 33, 19, 29, 27, 5, 25, 13, 17, 3, 16, 9, 8, 24, 6, 28, 11, 10, 26, 18, 31, 1,1.18664
1, 12, 15, 34, 14, 21, 22, 23, 20, 4, 7, 30, 32, 2, 33, 19, 29, 27, 5, 25, 13, 17, 3, 16, 9, 8, 24, 6, 28, 11, 10, 26, 18, 31, 1,1.18664
1, 12, 15, 34, 14, 21, 22, 23, 20, 4, 7, 30, 32, 2, 33, 19, 29, 27, 5, 25, 13, 17, 3, 16, 9, 8, 24, 6, 28, 11, 10, 26, 18, 31, 1,1.18664
1, 12, 15, 34, 14, 21, 22, 23, 20, 4, 7, 30, 32, 2, 33, 19, 29, 27, 5, 25, 13, 17, 3, 16, 9, 8, 24, 6, 28, 11, 10, 26, 18, 31, 1,1.18664
1, 12, 15, 34, 14, 21, 22, 23, 20, 4, 7, 30, 32, 2, 33, 19, 29, 27, 5, 25, 13, 17, 3, 16, 9, 8, 24, 6, 28, 11, 10, 26, 18, 31, 1,1.18664
1, 12, 15, 34, 14, 21, 22, 23, 20, 4, 7, 30, 32, 2, 33, 19, 29, 27, 5, 25, 13, 17, 3, 16, 9, 8, 24, 6, 28, 11, 10, 26, 18, 31, 1,1.18664
1, 12, 15, 34, 14, 21, 22, 23, 20, 4, 7, 30, 32, 2, 33, 19, 29, 27, 5, 25, 13, 17, 3, 16, 9, 8, 24, 6, 28, 11, 10, 26, 18, 31, 1,1.18664
1, 12, 15, 34, 14, 21, 22, 23, 20, 4, 7, 30, 32, 2, 33, 19, 29, 27, 5, 25, 13, 17, 3, 16, 9, 8, 24, 6, 28, 11, 10, 26, 18, 31, 1,1.18664
1, 12, 15, 34, 14, 21, 22, 23, 20, 4, 7, 30, 32, 2, 33, 19, 29, 27, 5, 25, 13, 17, 3, 16, 9, 8, 24, 6, 28, 11, 10, 26, 18, 31, 1,1.18664
1, 12, 15, 34, 14, 21, 22, 23, 20, 4, 7, 30, 32, 2, 33, 19, 29, 27, 5, 25, 13, 17, 3, 16, 9, 8, 24, 6, 28, 11, 10, 26, 18, 31, 1,1.18664
1, 12, 15, 34, 14, 21, 22, 23, 20, 4, 7, 30, 32, 2, 33, 19, 29, 27, 5, 25, 13, 17, 3, 16, 9, 8, 24, 6, 28, 11, 10, 26, 18, 31, 1,1.18664
1, 12, 15, 34, 14, 21, 22, 23, 20, 4, 7, 30, 32, 2, 33, 19, 29, 27, 5, 25, 13, 17, 3, 16, 9, 8, 24, 6, 28, 11, 10, 26, 18, 31, 1,1.18664
1, 12, 15, 34, 14, 21, 22, 23, 20, 4, 7, 30, 32, 2, 33, 19, 29, 27, 5, 25, 13, 17, 3, 16, 9, 8, 24, 6, 28, 11, 10, 26, 18, 31, 1,1.18664
1, 12, 15, 34, 14, 21, 22, 23, 20, 4, 7, 30, 32, 2, 33, 19, 29, 27, 5, 25, 13, 17, 3, 16, 9, 8, 24, 6, 28, 11, 10, 26, 18, 31, 1,1.18664
1, 12, 15, 34, 14, 21, 22, 23, 20, 4, 7, 30, 32, 2, 33, 19, 29, 27, 5, 25, 13, 17, 3, 16, 9, 8, 24, 6, 28, 11, 10, 26, 18, 31, 1,1.18664
1, 12, 15, 34, 14, 21, 22, 23, 20, 4, 7, 30, 32, 2, 33, 19, 29, 27, 5, 25, 13, 17, 3, 16, 9, 8, 24, 6, 28, 11, 10, 26, 18, 31, 1,1.18664
1, 12, 15, 34, 14, 21, 22, 23, 20, 4, 7, 30, 32, 2, 33, 19, 29, 27, 5, 25, 13, 17, 3, 16, 9, 8, 24, 6, 28, 11, 10, 26, 18, 31, 1,1.18664
1, 12, 15, 34, 14, 21, 22, 23, 20, 4, 7, 30, 32, 2, 33, 19, 29, 27, 5, 25, 13, 17, 3, 16, 9, 8, 24, 6, 28, 11, 10, 26, 18, 31, 1,1.18664
1, 12, 15, 34, 14, 21, 22, 23, 20, 4, 7, 30, 32, 2, 33, 19, 29, 27, 5, 25, 13, 17, 3, 16, 9, 8, 24, 6, 28, 11, 10, 26, 18, 31, 1,1.18664
1, 12, 15, 34, 14, 21, 22, 23, 20, 4, 7, 30, 32, 2, 33, 19, 29, 27, 5, 25, 13, 17, 3, 16, 9, 8, 24, 6, 28, 11, 10, 26, 18, 31, 1,1.18664
1, 12, 15, 34, 14, 21, 22, 23, 20, 4, 7, 30, 32, 2, 33, 19, 29, 27, 5, 25, 13, 17, 3, 16, 9, 8, 24, 6, 28, 11, 10, 26, 18, 31, 1,1.18664
1, 12, 15, 34, 14, 21, 22, 23, 20, 4, 7, 30, 32, 2, 33, 19, 29, 27, 5, 25, 13, 17, 3, 16, 9, 8, 24, 6, 28, 11, 10, 26, 18, 31, 1,1.18664
1, 12, 15, 34, 14, 21, 22, 23, 20, 4, 7, 30, 32, 2, 33, 19, 29, 27, 5, 25, 13, 17, 3, 16, 9, 8, 24, 6, 28, 11, 10, 26, 18, 31, 1,1.18664
1, 12, 15, 34, 14, 21, 22, 23, 20, 4, 7, 30, 32, 2, 33, 19, 29, 27, 5, 25, 13, 17, 3, 16, 9, 8, 24, 6, 28, 11, 10, 26, 18, 31, 1,1.18664
1, 12, 15, 34, 14, 21, 22, 23, 20, 4, 7, 30, 32, 2, 33, 19, 29, 27, 5, 25, 13, 17, 3, 16, 9, 8, 24, 6, 28, 11, 10, 26, 18, 31, 1,1.18664
1, 12, 15, 34, 14, 21, 22, 23, 20, 4, 7, 30, 32, 2, 33, 19, 29, 27, 5, 25, 13, 17, 3, 16, 9, 8, 24, 6, 28, 11, 10, 26, 18, 31, 1,1.18664
1, 12, 15, 34, 14, 21, 22, 23, 20, 4, 7, 30, 32, 2, 33, 19, 29, 27, 5, 25, 13, 17, 3, 16, 9, 8, 24, 6, 28, 11, 10, 26, 18, 31, 1,1.18664
1, 12, 15, 34, 14, 21, 22, 23, 20, 4, 7, 30, 32, 2, 33, 19, 29, 27, 5, 25, 13, 17, 3, 16, 9, 8, 24, 6, 28, 11, 10, 26, 18, 31, 1,1.18664
1, 12, 15, 34, 14, 21, 22, 23, 20, 4, 7, 30, 32, 2, 33, 19, 29, 27, 5, 25, 13, 17, 3, 16, 9, 8, 24, 6, 28, 11, 10, 26, 18, 31, 1,1.18664
1, 12, 15, 34, 14, 21, 22, 23, 20, 4, 7, 30, 32, 2, 33, 19, 29, 27, 5, 25, 13, 17, 3, 16, 9, 8, 24, 6, 28, 11, 10, 26, 18, 31, 1,1.18664
1, 12, 15, 34, 14, 21, 22, 23, 20, 4, 7, 30, 32, 2, 33, 19, 29, 27, 5, 25, 13, 17, 3, 16, 9, 8, 24, 6, 28, 11, 10, 26, 18, 31, 1,1.18664
1, 12, 15, 34, 14, 21, 22, 23, 20, 4, 7, 30, 32, 2, 33, 19, 29, 27, 5, 25, 13, 17, 3, 16, 9, 8, 24, 6, 28, 11, 10, 26, 18, 31, 1,1.18664
1, 12, 15, 34, 14, 21, 22, 23, 20, 4, 7, 30, 32, 2, 33, 19, 29, 27, 5, 25, 13, 17, 3, 16, 9, 8, 24, 6, 28, 11, 10, 26, 18, 31, 1,1.18664
1, 12, 15, 34, 14, 21, 22, 23, 20, 4, 7, 30, 32, 2, 33, 19, 29, 27, 5, 25, 13, 17, 3, 16, 9, 8, 24, 6, 28, 11, 10, 26, 18, 31, 1,1.18664
1, 12, 15, 34, 14, 21, 22, 23, 20, 4, 7, 30, 32, 2, 33, 19, 29, 27, 5, 25, 13, 17, 3, 16, 9, 8, 24, 6, 28, 11, 10, 26, 18, 31, 1,1.18664
1, 12, 15, 34, 14, 21, 22, 23, 20, 4, 7, 30, 32, 2, 33, 19, 29, 27, 5, 25, 13, 17, 3, 16, 9, 8, 24, 6, 28, 11, 10, 26, 18, 31, 1,1.18664
1, 12, 15, 34, 14, 21, 22, 23, 20, 4, 7, 30, 32, 2, 33, 19, 29, 27, 5, 25, 13, 17, 3, 16, 9, 8, 24, 6, 28, 11, 10, 26, 18, 31, 1,1.18664
1, 12, 15, 34, 14, 21, 22, 23, 20, 4, 7, 30, 32, 2, 33, 19, 29, 27, 5, 25, 13, 17, 3, 16, 9, 8, 24, 6, 28, 11, 10, 26, 18, 31, 1,1.18664
1, 12, 15, 34, 14, 21, 22, 23, 20, 4, 7, 30, 32, 2, 33, 19, 29, 27, 5, 25, 13, 17, 3, 16, 9, 8, 24, 6, 28, 11, 10, 26, 18, 31, 1,1.18664
1, 12, 15, 34, 14, 21, 22, 23, 20, 4, 7, 30, 32, 2, 33, 19, 29, 27, 5, 25, 13, 17, 3, 16, 9, 8, 24, 6, 28, 11, 10, 26, 18, 31, 1,1.18664
1, 12, 15, 34, 14, 21, 22, 23, 20, 4, 7, 30, 32, 2, 33, 19, 29, 27, 5, 25, 13, 17, 3, 16, 9, 8, 24, 6, 28, 11, 10, 26, 18, 31, 1,1.18664
1, 12, 15, 34, 14, 21, 22, 23, 20, 4, 7, 30, 32, 2, 33, 19, 29, 27, 5, 25, 13, 17, 3, 16, 9, 8, 24, 6, 28, 11, 10, 26, 18, 31, 1,1.18664
1, 12, 15, 34, 14, 21, 22, 23, 20, 4, 7, 30, 32, 2, 33, 19, 29, 27, 5, 25, 13, 17, 3, 16, 9, 8, 24, 6, 28, 11, 10, 26, 18, 31, 1,1.18664
1, 12, 15, 34, 14, 21, 22, 23, 20, 4, 7, 30, 32, 2, 33, 19, 29, 27, 5, 25, 13, 17, 3, 16, 9, 8, 24, 6, 28, 11, 10, 26, 18, 31, 1,1.18664
1, 12, 15, 34, 14, 21, 22, 23, 20, 4, 7, 30, 32, 2, 33, 19, 29, 27, 5, 25, 13, 17, 3, 16, 9, 8, 24, 6, 28, 11, 10, 26, 18, 31, 1,1.18664
1, 12, 15, 34, 14, 21, 22, 23, 20, 4, 7, 30, 32, 2, 33, 19, 29, 27, 5, 25, 13, 17, 3, 16, 9, 8, 24, 6, 28, 11, 10, 26, 18, 31, 1,1.18664
1, 12, 15, 34, 14, 21, 22, 23, 20, 4, 7, 30, 32, 2, 33, 19, 29, 27, 5, 25, 13, 17, 3, 16, 9, 8, 24, 6, 28, 11, 10, 26, 18, 31, 1,1.18664
1, 12, 15, 34, 14, 21, 22, 23, 20, 4, 7, 30, 32, 2, 33, 19, 29, 27, 5, 25, 13, 17, 3, 16, 9, 8, 24, 6, 28, 11, 10, 26, 18, 31, 1,1.18664
1, 12, 15, 34, 14, 21, 22, 23, 20, 4, 7, 30, 32, 2, 33, 19, 29, 27, 5, 25, 13, 17, 3, 16, 9, 8, 24, 6, 28, 11, 10, 26, 18, 31, 1,1.18664
1, 12, 15, 34, 14, 21, 22, 23, 20, 4, 7, 30, 32, 2, 33, 19, 29, 27, 5, 25, 13, 17, 3, 16, 9, 8, 24, 6, 28, 11, 10, 26, 18, 31, 1,1.18664
1, 12, 15, 34, 14, 21, 22, 23, 20, 4, 7, 30, 32, 2, 33, 19, 29, 27, 5, 25, 13, 17, 3, 16, 9, 8, 24, 6, 28, 11, 10, 26, 18, 31, 1,1.18664
1, 12, 15, 34, 14, 21, 22, 23, 20, 4, 7, 30, 32, 2, 33, 19, 29, 27, 5, 25, 13, 17, 3, 16, 9, 8, 24, 6, 28, 11, 10, 26, 18, 31, 1,1.18664
1, 12, 15, 34, 14, 21, 22, 23, 20, 4, 7, 30, 32, 2, 33, 19, 29, 27, 5, 25, 13, 17, 3, 16, 9, 8, 24, 6, 28, 11, 10, 26, 18, 31, 1,1.18664
1, 12, 15, 34, 14, 21, 22, 23, 20, 4, 7, 30, 32, 2, 33, 19, 29, 27, 5, 25, 13, 17, 3, 16, 9, 8, 24, 6, 28, 11, 10, 26, 18, 31, 1,1.18664
1, 12, 15, 34, 14, 21, 22, 23, 20, 4, 7, 30, 32, 2, 33, 19, 29, 27, 5, 25, 13, 17, 3, 16, 9, 8, 24, 6, 28, 11, 10, 26, 18, 31, 1,1.18664
1, 12, 15, 34, 14, 21, 22, 23, 20, 4, 7, 30, 32, 2, 33, 19, 29, 27, 5, 25, 13, 17, 3, 16, 9, 8, 24, 6, 28, 11, 10, 26, 18, 31, 1,1.18664
1, 12, 15, 34, 14, 21, 22, 23, 20, 4, 7, 30, 32, 2, 33, 19, 29, 27, 5, 25, 13, 17, 3, 16, 9, 8, 24, 6, 28, 11, 10, 26, 18, 31, 1,1.18664
1, 12, 15, 34, 14, 21, 22, 23, 20, 4, 7, 30, 32, 2, 33, 19, 29, 27, 5, 25, 13, 17, 3, 16, 9, 8, 24, 6, 28, 11, 10, 26, 18, 31, 1,1.18664
1, 12, 15, 34, 14, 21, 22, 23, 20, 4, 7, 30, 32, 2, 33, 19, 29, 27, 5, 25, 13, 17, 3, 16, 9, 8, 24, 6, 28, 11, 10, 26, 18, 31, 1,1.18664
1, 12, 15, 34, 14, 21, 22, 23, 20, 4, 7, 30, 32, 2, 33, 19, 29, 27, 5, 25, 13, 17, 3, 16, 9, 8, 24, 6, 28, 11, 10, 26, 18, 31, 1,1.18664
1, 12, 15, 34, 14, 21, 22, 23, 20, 4, 7, 30, 32, 2, 33, 19, 29, 27, 5, 25, 13, 17, 3, 16, 9, 8, 24, 6, 28, 11, 10, 26, 18, 31, 1,1.18664
1, 12, 15, 34, 14, 21, 22, 23, 20, 4, 7, 30, 32, 2, 33, 19, 29, 27, 5, 25, 13, 17, 3, 16, 9, 8, 24, 6, 28, 11, 10, 26, 18, 31, 1,1.18664
1, 12, 15, 34, 14, 21, 22, 23, 20, 4, 7, 30, 32, 2, 33, 19, 29, 27, 5, 25, 13, 17, 3, 16, 9, 8, 24, 6, 28, 11, 10, 26, 18, 31, 1,1.18664
1, 12, 15, 34, 14, 21, 22, 23, 20, 4, 7, 30, 32, 2, 33, 19, 29, 27, 5, 25, 13, 17, 3, 16, 9, 8, 24, 6, 28, 11, 10, 26, 18, 31, 1,1.18664
1, 12, 15, 34, 14, 21, 22, 23, 20, 4, 7, 30, 32, 2, 33, 19, 29, 27, 5, 25, 13, 17, 3, 16, 9, 8, 24, 6, 28, 11, 10, 26, 18, 31, 1,1.18664
1, 12, 15, 34, 14, 21, 22, 23, 20, 4, 7, 30, 32, 2, 33, 19, 29, 27, 5, 25, 13, 17, 3, 16, 9, 8, 24, 6, 28, 11, 10, 26, 18, 31, 1,1.18664
1, 12, 15, 34, 14, 21, 22, 23, 20, 4, 7, 30, 32, 2, 33, 19, 29, 27, 5, 25, 13, 17, 3, 16, 9, 8, 24, 6, 28, 11, 10, 26, 18, 31, 1,1.18664
1, 12, 15, 34, 14, 21, 22, 23, 20, 4, 7, 30, 32, 2, 33, 19, 29, 27, 5, 25, 13, 17, 3, 16, 9, 8, 24, 6, 28, 11, 10, 26, 18, 31, 1,1.18664
1, 12, 15, 34, 14, 21, 22, 23, 20, 4, 7, 30, 32, 2, 33, 19, 29, 27, 5, 25, 13, 17, 3, 16, 9, 8, 24, 6, 28, 11, 10, 26, 18, 31, 1,1.18664
1, 12, 15, 34, 14, 21, 22, 23, 20, 4, 7, 30, 32, 2, 33, 19, 29, 27, 5, 25, 13, 17, 3, 16, 9, 8, 24, 6, 28, 11, 10, 26, 18, 31, 1,1.18664
1, 12, 15, 34, 14, 21, 22, 23, 20, 4, 7, 30, 32, 2, 33, 19, 29, 27, 5, 25, 13, 17, 3, 16, 9, 8, 24, 6, 28, 11, 10, 26, 18, 31, 1,1.18664
1, 12, 15, 34, 14, 21, 22, 23, 20, 4, 7, 30, 32, 2, 33, 19, 29, 27, 5, 25, 13, 17, 3, 16, 9, 8, 24, 6, 28, 11, 10, 26, 18, 31, 1,1.18664
1, 12, 15, 34, 14, 21, 22, 23, 20, 4, 7, 30, 32, 2, 33, 19, 29, 27, 5, 25, 13, 17, 3, 16, 9, 8, 24, 6, 28, 11, 10, 26, 18, 31, 1,1.18664
1, 12, 15, 34, 14, 21, 22, 23, 20, 4, 7, 30, 32, 2, 33, 19, 29, 27, 5, 25, 13, 17, 3, 16, 9, 8, 24, 6, 28, 11, 10, 26, 18, 31, 1,1.18664
1, 12, 15, 34, 14, 21, 22, 23, 20, 4, 7, 30, 32, 2, 33, 19, 29, 27, 5, 25, 13, 17, 3, 16, 9, 8, 24, 6, 28, 11, 10, 26, 18, 31, 1,1.18664
1, 12, 15, 34, 14, 21, 22, 23, 20, 4, 7, 30, 32, 2, 33, 19, 29, 27, 5, 25, 13, 17, 3, 16, 9, 8, 24, 6, 28, 11, 10, 26, 18, 31, 1,1.18664
1, 12, 15, 34, 14, 21, 22, 23, 20, 4, 7, 30, 32, 2, 33, 19, 29, 27, 5, 25, 13, 17, 3, 16, 9, 8, 24, 6, 28, 11, 10, 26, 18, 31, 1,1.18664
1, 12, 15, 34, 14, 21, 22, 23, 20, 4, 7, 30, 32, 2, 33, 19, 29, 27, 5, 25, 13, 17, 3, 16, 9, 8, 24, 6, 28, 11, 10, 26, 18, 31, 1,1.18664
1, 12, 15, 34, 14, 21, 22, 23, 20, 4, 7, 30, 32, 2, 33, 19, 29, 27, 5, 25, 13, 17, 3, 16, 9, 8, 24, 6, 28, 11, 10, 26, 18, 31, 1,1.18664
1, 12, 15, 34, 14, 21, 22, 23, 20, 4, 7, 30, 32, 2, 33, 19, 29, 27, 5, 25, 13, 17, 3, 16, 9, 8, 24, 6, 28, 11, 10, 26, 18, 31, 1,1.18664
1, 12, 15, 34, 14, 21, 22, 23, 20, 4, 7, 30, 32, 2, 33, 19, 29, 27, 5, 25, 13, 17, 3, 16, 9, 8, 24, 6, 28, 11, 10, 26, 18, 31, 1,1.18664
1, 12, 15, 34, 14, 21, 22, 23, 20, 4, 7, 30, 32, 2, 33, 19, 29, 27, 5, 25, 13, 17, 3, 16, 9, 8, 24, 6, 28, 11, 10, 26, 18, 31, 1,1.18664
1, 12, 15, 34, 14, 21, 22, 23, 20, 4, 7, 30, 32, 2, 33, 19, 29, 27, 5, 25, 13, 17, 3, 16, 9, 8, 24, 6, 28, 11, 10, 26, 18, 31, 1,1.18664
1, 12, 15, 34, 14, 21, 22, 23, 20, 4, 7, 30, 32, 2, 33, 19, 29, 27, 5, 25, 13, 17, 3, 16, 9, 8, 24, 6, 28, 11, 10, 26, 18, 31, 1,1.18664
1, 12, 15, 34, 14, 21, 22, 23, 20, 4, 7, 30, 32, 2, 33, 19, 29, 27, 5, 25, 13, 17, 3, 16, 9, 8, 24, 6, 28, 11, 10, 26, 18, 31, 1,1.18664
1, 12, 15, 34, 14, 21, 22, 23, 20, 4, 7, 30, 32, 2, 33, 19, 29, 27, 5, 25, 13, 17, 3, 16, 9, 8, 24, 6, 28, 11, 10, 26, 18, 31, 1,1.18664
1, 12, 15, 34, 14, 21, 22, 23, 20, 4, 7, 30, 32, 2, 33, 19, 29, 27, 5, 25, 13, 17, 3, 16, 9, 8, 24, 6, 28, 11, 10, 26, 18, 31, 1,1.18664
1, 12, 15, 34, 14, 21, 22, 23, 20, 4, 7, 30, 32, 2, 33, 19, 29, 27, 5, 25, 13, 17, 3, 16, 9, 8, 24, 6, 28, 11, 10, 26, 18, 31, 1,1.18664
1, 12, 15, 34, 14, 21, 22, 23, 20, 4, 7, 30, 32, 2, 33, 19, 29, 27, 5, 25, 13, 17, 3, 16, 9, 8, 24, 6, 28, 11, 10, 26, 18, 31, 1,1.18664
1, 12, 15, 34, 14, 21, 22, 23, 20, 4, 7, 30, 32, 2, 33, 19, 29, 27, 5, 25, 13, 17, 3, 16, 9, 8, 24, 6, 28, 11, 10, 26, 18, 31, 1,1.18664
1, 12, 15, 34, 14, 21, 22, 23, 20, 4, 7, 30, 32, 2, 33, 19, 29, 27, 5, 25, 13, 17, 3, 16, 9, 8, 24, 6, 28, 11, 10, 26, 18, 31, 1,1.18664
1, 12, 15, 34, 14, 21, 22, 23, 20, 4, 7, 30, 32, 2, 33, 19, 29, 27, 5, 25, 13, 17, 3, 16, 9, 8, 24, 6, 28, 11, 10, 26, 18, 31, 1,1.18664
1, 12, 15, 34, 14, 21, 22, 23, 20, 4, 7, 30, 32, 2, 33, 19, 29, 27, 5, 25, 13, 17, 3, 16, 9, 8, 24, 6, 28, 11, 10, 26, 18, 31, 1,1.18664
1, 12, 15, 34, 14, 21, 22, 23, 20, 4, 7, 30, 32, 2, 33, 19, 29, 27, 5, 25, 13, 17, 3, 16, 9, 8, 24, 6, 28, 11, 10, 26, 18, 31, 1,1.18664
1, 12, 15, 34, 14, 21, 22, 23, 20, 4, 7, 30, 32, 2, 33, 19, 29, 27, 5, 25, 13, 17, 3, 16, 9, 8, 24, 6, 28, 11, 10, 26, 18, 31, 1,1.18664
1, 12, 15, 34, 14, 21, 22, 23, 20, 4, 7, 30, 32, 2, 33, 19, 29, 27, 5, 25, 13, 17, 3, 16, 9, 8, 24, 6, 28, 11, 10, 26, 18, 31, 1,1.18664
