# best solutions
1, 30, 19, 27, 21, 10, 29, 16, 33, 32, 4, 20, 7, 15, 24, 12, 18, 8, 9, 31, 11, 6, 13, 28, 25, 5, 3, 17, 23, 2, 26, 22, 34, 14, 1,7.81859
1, 30, 19, 27, 21, 10, 29, 16, 33, 32, 4, 20, 7, 15, 24, 12, 18, 8, 9, 31, 11, 6, 13, 28, 25, 5, 3, 26, 22, 17, 34, 23, 2, 14, 1,7.67645
1, 31, 26, 15, 10, 18, 20, 5, 11, 24, 30, 19, 27, 21, 29, 16, 33, 32, 4, 7, 12, 8, 9, 6, 13, 28, 25, 3, 17, 23, 2, 22, 34, 14, 1,6.85774
1, 31, 12, 10, 18, 4, 30, 23, 19, 27, 21, 29, 16, 33, 32, 20, 7, 15, 24, 8, 9, 11, 6, 13, 28, 25, 5, 3, 17, 34, 2, 22, 14, 26, 1,5.13785
1, 31, 12, 10, 18, 4, 30, 23, 19, 27, 21, 29, 16, 33, 32, 20, 7, 15, 24, 8, 9, 11, 6, 13, 28, 25, 5, 3, 17, 2, 26, 14, 22, 34, 1,5.31333
1, 31, 12, 10, 18, 4, 30, 23, 17, 3, 14, 26, 34, 5, 25, 28, 13, 6, 11, 9, 8, 24, 15, 7, 20, 32, 33, 16, 29, 21, 27, 19, 2, 22, 1,5.27276
1, 31, 12, 10, 18, 4, 30, 23, 17, 3, 14, 26, 34, 5, 25, 28, 13, 6, 11, 9, 8, 24, 15, 7, 20, 32, 33, 16, 29, 19, 27, 21, 2, 22, 1,4.71138
1, 31, 12, 10, 18, 4, 30, 23, 17, 3, 14, 26, 34, 5, 25, 28, 13, 6, 11, 9, 8, 24, 15, 7, 20, 32, 33, 16, 29, 19, 27, 21, 2, 22, 1,4.71138
1, 31, 12, 10, 18, 4, 30, 23, 17, 3, 14, 26, 34, 5, 25, 28, 13, 6, 11, 9, 8, 24, 15, 7, 20, 32, 33, 16, 29, 19, 27, 21, 2, 22, 1,4.71138
1, 31, 12, 10, 18, 20, 7, 15, 24, 8, 9, 11, 16, 26, 34, 5, 25, 28, 13, 6, 17, 3, 14, 33, 32, 4, 30, 23, 19, 27, 29, 21, 2, 22, 1,4.59145
1, 31, 12, 10, 18, 20, 7, 15, 24, 8, 9, 11, 16, 26, 34, 5, 25, 28, 13, 6, 17, 3, 14, 33, 32, 4, 30, 23, 19, 29, 27, 21, 2, 22, 1,4.53955
1, 31, 12, 10, 18, 20, 7, 4, 30, 23, 17, 3, 14, 26, 34, 5, 25, 28, 13, 6, 11, 9, 8, 24, 15, 32, 33, 16, 19, 27, 29, 21, 2, 22, 1,4.294
1, 31, 12, 10, 18, 20, 7, 15, 24, 8, 9, 11, 14, 26, 34, 32, 33, 19, 27, 29, 16, 5, 25, 28, 13, 6, 17, 3, 4, 30, 23, 21, 2, 22, 1,4.07271
1, 31, 12, 10, 18, 20, 7, 15, 24, 8, 9, 11, 16, 26, 34, 5, 25, 28, 6, 13, 17, 3, 14, 21, 29, 27, 19, 33, 32, 4, 30, 23, 2, 22, 1,3.91066
1, 31, 12, 10, 18, 4, 30, 23, 22, 2, 21, 15, 7, 20, 32, 33, 16, 19, 27, 29, 5, 25, 28, 13, 6, 11, 9, 24, 8, 26, 34, 17, 3, 14, 1,3.55927
1, 31, 12, 10, 18, 4, 30, 23, 22, 2, 21, 15, 7, 20, 32, 33, 16, 34, 26, 8, 24, 9, 11, 6, 13, 28, 25, 5, 29, 27, 19, 17, 3, 14, 1,3.37259
1, 31, 12, 10, 18, 20, 7, 4, 30, 23, 22, 2, 21, 15, 32, 33, 16, 34, 26, 8, 24, 9, 11, 6, 13, 28, 25, 5, 29, 27, 19, 17, 3, 14, 1,3.03888
1, 31, 12, 10, 18, 20, 7, 4, 30, 23, 22, 2, 21, 15, 32, 33, 16, 34, 26, 8, 24, 9, 11, 6, 13, 28, 25, 5, 29, 27, 19, 17, 3, 14, 1,3.03888
1, 31, 12, 10, 18, 4, 30, 23, 22, 20, 7, 32, 33, 16, 2, 21, 15, 34, 26, 8, 24, 9, 11, 6, 13, 28, 25, 5, 29, 27, 19, 17, 3, 14, 1,3.03528
1, 31, 12, 10, 18, 15, 21, 2, 22, 23, 30, 4, 7, 20, 32, 33, 16, 34, 26, 8, 24, 9, 11, 6, 13, 28, 25, 5, 29, 27, 19, 17, 3, 14, 1,2.71133
1, 31, 12, 10, 18, 15, 21, 2, 22, 23, 30, 4, 7, 20, 32, 33, 16, 34, 26, 8, 24, 9, 11, 6, 13, 28, 25, 5, 29, 27, 19, 17, 3, 14, 1,2.71133
1, 31, 12, 9, 8, 24, 10, 11, 6, 13, 28, 25, 5, 29, 27, 19, 17, 3, 14, 18, 15, 21, 2, 22, 23, 30, 4, 7, 20, 32, 33, 16, 34, 26, 1,2.48099
1, 31, 12, 9, 8, 24, 10, 11, 6, 13, 28, 25, 5, 29, 27, 19, 17, 3, 14, 18, 15, 21, 2, 22, 23, 30, 4, 7, 20, 32, 33, 16, 34, 26, 1,2.48099
1, 31, 12, 10, 18, 15, 9, 8, 24, 11, 6, 13, 28, 25, 19, 29, 27, 5, 17, 3, 14, 21, 2, 22, 23, 30, 4, 7, 20, 32, 33, 16, 34, 26, 1,2.38526
1, 31, 12, 10, 18, 15, 9, 8, 24, 11, 6, 13, 28, 25, 5, 29, 27, 19, 17, 3, 14, 21, 2, 22, 23, 30, 4, 7, 20, 32, 33, 16, 34, 26, 1,2.37851
1, 31, 12, 10, 18, 15, 9, 8, 24, 11, 6, 13, 28, 25, 5, 29, 27, 19, 17, 3, 14, 21, 2, 22, 23, 30, 4, 7, 20, 32, 33, 16, 34, 26, 1,2.37851
1, 31, 12, 10, 18, 15, 9, 8, 24, 11, 6, 13, 28, 25, 5, 29, 27, 19, 17, 3, 14, 21, 2, 22, 23, 30, 4, 7, 20, 32, 33, 16, 26, 34, 1,2.36435
1, 31, 12, 34, 18, 15, 9, 8, 24, 11, 6, 13, 28, 25, 5, 29, 27, 19, 17, 3, 14, 21, 2, 22, 23, 30, 4, 7, 20, 32, 33, 16, 10, 26, 1,2.02933
1, 31, 12, 34, 18, 15, 9, 8, 24, 11, 6, 13, 28, 25, 5, 29, 27, 19, 17, 3, 14, 21, 2, 22, 23, 30, 4, 7, 20, 32, 33, 16, 10, 26, 1,2.02933
1, 31, 12, 34, 18, 15, 9, 10, 8, 24, 11, 6, 13, 28, 25, 5, 29, 27, 19, 17, 3, 14, 21, 2, 22, 4, 20, 23, 7, 30, 32, 33, 16, 26, 1,2.02207
1, 31, 12, 34, 18, 15, 9, 8, 10, 24, 11, 6, 13, 28, 25, 5, 29, 27, 19, 17, 3, 14, 21, 2, 22, 23, 20, 4, 7, 30, 32, 33, 16, 26, 1,1.96006
1, 31, 12, 34, 18, 15, 9, 8, 10, 24, 11, 6, 13, 28, 25, 5, 29, 27, 19, 17, 3, 14, 21, 2, 22, 23, 20, 4, 7, 30, 32, 33, 16, 26, 1,1.96006
1, 31, 12, 34, 18, 15, 9, 8, 10, 24, 11, 6, 13, 28, 25, 5, 29, 27, 19, 17, 3, 14, 21, 2, 22, 23, 20, 4, 7, 30, 32, 33, 16, 26, 1,1.96006
1, 31, 12, 34, 18, 15, 9, 8, 10, 24, 11, 6, 13, 28, 25, 5, 29, 27, 19, 17, 3, 14, 21, 2, 22, 23, 20, 4, 7, 30, 32, 33, 16, 26, 1,1.96006
1, 31, 12, 34, 18, 15, 9, 8, 16, 33, 32, 30, 7, 4, 20, 23, 22, 2, 21, 14, 3, 17, 19, 27, 29, 5, 25, 28, 13, 6, 11, 24, 10, 26, 1,1.8546
1, 31, 12, 15, 18, 34, 9, 8, 16, 33, 32, 30, 7, 4, 20, 23, 22, 2, 21, 14, 3, 17, 19, 27, 29, 5, 25, 28, 13, 6, 11, 24, 10, 26, 1,1.8447
1, 31, 12, 15, 18, 34, 9, 8, 16, 33, 32, 30, 7, 4, 20, 23, 22, 2, 21, 14, 3, 17, 19, 27, 29, 5, 25, 28, 13, 6, 11, 24, 10, 26, 1,1.8447
1, 31, 12, 15, 18, 34, 9, 8, 16, 33, 32, 30, 7, 4, 20, 23, 22, 2, 21, 14, 3, 17, 19, 27, 29, 5, 25, 28, 13, 6, 11, 24, 10, 26, 1,1.8447
1, 31, 12, 15, 18, 34, 8, 9, 16, 33, 32, 30, 7, 4, 20, 23, 22, 2, 21, 14, 3, 17, 19, 27, 29, 5, 25, 28, 13, 6, 11, 24, 10, 26, 1,1.81828
1, 31, 18, 15, 12, 34, 9, 8, 16, 33, 32, 30, 7, 4, 20, 23, 22, 2, 21, 14, 3, 17, 19, 27, 29, 5, 25, 28, 13, 6, 11, 24, 10, 26, 1,1.78977
1, 31, 18, 15, 12, 34, 9, 8, 16, 33, 32, 30, 7, 4, 20, 23, 22, 2, 21, 14, 3, 17, 19, 27, 29, 5, 25, 28, 13, 6, 11, 24, 10, 26, 1,1.78977
1, 31, 18, 15, 12, 34, 8, 9, 16, 33, 32, 30, 7, 4, 20, 23, 22, 2, 21, 14, 3, 17, 19, 27, 29, 5, 25, 28, 13, 6, 11, 24, 10, 26, 1,1.76335
1, 31, 18, 15, 12, 34, 8, 9, 16, 33, 32, 30, 7, 4, 20, 23, 22, 2, 21, 14, 3, 17, 19, 27, 29, 5, 25, 28, 13, 6, 11, 24, 10, 26, 1,1.76335
1, 31, 18, 15, 12, 34, 8, 9, 16, 33, 32, 30, 7, 4, 20, 23, 22, 2, 21, 14, 3, 17, 19, 27, 29, 5, 25, 28, 13, 6, 11, 24, 10, 26, 1,1.76335
1, 31, 18, 15, 12, 34, 8, 9, 16, 22, 32, 30, 7, 4, 20, 23, 33, 2, 21, 14, 3, 17, 19, 27, 29, 5, 25, 28, 13, 6, 11, 24, 10, 26, 1,1.71373
1, 31, 18, 15, 12, 34, 8, 9, 16, 22, 32, 30, 7, 4, 20, 23, 33, 2, 21, 14, 3, 17, 19, 27, 29, 5, 25, 28, 13, 6, 11, 24, 10, 26, 1,1.71373
1, 31, 18, 15, 12, 34, 8, 9, 16, 22, 32, 30, 7, 4, 20, 23, 33, 2, 21, 14, 3, 17, 19, 27, 29, 5, 25, 28, 13, 6, 11, 24, 10, 26, 1,1.71373
1, 31, 18, 15, 12, 34, 8, 9, 16, 22, 32, 30, 7, 4, 20, 23, 33, 2, 21, 14, 3, 17, 19, 27, 29, 5, 25, 28, 13, 6, 11, 24, 10, 26, 1,1.71373
1, 31, 18, 15, 12, 34, 8, 9, 16, 22, 32, 30, 7, 4, 20, 23, 33, 2, 21, 14, 3, 17, 19, 27, 29, 5, 25, 13, 6, 11, 28, 24, 10, 26, 1,1.63724
1, 31, 18, 15, 12, 34, 8, 9, 16, 22, 32, 30, 7, 4, 20, 23, 33, 2, 21, 14, 3, 17, 19, 27, 29, 5, 25, 13, 6, 11, 28, 24, 10, 26, 1,1.63724
1, 31, 18, 15, 12, 34, 8, 9, 16, 22, 32, 30, 7, 4, 20, 23, 33, 2, 21, 14, 3, 17, 19, 27, 29, 5, 25, 13, 6, 11, 28, 24, 10, 26, 1,1.63724
1, 26, 10, 24, 28, 11, 6, 13, 25, 5, 29, 27, 19, 17, 3, 14, 21, 2, 33, 23, 20, 4, 7, 30, 32, 22, 16, 9, 8, 34, 12, 15, 18, 31, 1,1.63724
1, 31, 18, 15, 12, 34, 8, 9, 16, 21, 2, 33, 23, 20, 4, 7, 30, 32, 22, 14, 3, 17, 19, 27, 29, 5, 25, 13, 6, 11, 28, 24, 10, 26, 1,1.60954
1, 31, 18, 15, 12, 34, 8, 9, 16, 21, 2, 33, 23, 20, 4, 7, 30, 32, 22, 14, 3, 17, 19, 27, 29, 5, 25, 13, 6, 11, 28, 24, 10, 26, 1,1.60954
1, 31, 18, 15, 12, 34, 8, 9, 16, 21, 2, 33, 23, 20, 4, 7, 30, 32, 22, 14, 3, 17, 19, 27, 29, 5, 25, 13, 6, 11, 28, 24, 10, 26, 1,1.60954
1, 31, 18, 15, 12, 34, 8, 9, 16, 21, 2, 33, 23, 20, 4, 7, 30, 32, 22, 14, 3, 17, 19, 27, 29, 5, 25, 13, 6, 11, 28, 24, 10, 26, 1,1.60954
1, 31, 18, 15, 12, 34, 8, 9, 16, 21, 2, 33, 23, 20, 4, 7, 30, 32, 22, 14, 3, 17, 19, 27, 29, 5, 25, 13, 6, 11, 28, 24, 10, 26, 1,1.60954
1, 31, 18, 15, 12, 34, 8, 9, 16, 21, 2, 33, 23, 20, 4, 7, 30, 32, 22, 14, 3, 17, 19, 27, 29, 5, 25, 13, 6, 11, 28, 24, 10, 26, 1,1.60954
1, 31, 18, 15, 12, 34, 8, 9, 16, 21, 2, 33, 23, 20, 4, 7, 30, 32, 22, 14, 3, 17, 19, 27, 29, 5, 25, 13, 6, 11, 28, 24, 10, 26, 1,1.60954
1, 31, 18, 15, 12, 34, 8, 9, 16, 21, 2, 33, 23, 20, 4, 7, 30, 32, 22, 14, 3, 17, 19, 27, 29, 5, 25, 13, 6, 11, 28, 24, 10, 26, 1,1.60954
1, 31, 18, 15, 12, 34, 8, 9, 16, 21, 2, 33, 23, 20, 4, 7, 30, 32, 22, 14, 3, 17, 19, 27, 29, 5, 25, 13, 6, 11, 28, 24, 10, 26, 1,1.60954
1, 31, 18, 15, 12, 34, 8, 9, 16, 21, 2, 33, 23, 20, 4, 7, 30, 32, 22, 14, 3, 17, 19, 27, 29, 5, 25, 13, 6, 11, 28, 24, 10, 26, 1,1.60954
1, 26, 10, 24, 28, 11, 6, 13, 25, 5, 29, 27, 19, 17, 3, 14, 22, 32, 30, 7, 4, 20, 23, 33, 2, 21, 16, 9, 8, 34, 12, 15, 18, 31, 1,1.60954
1, 26, 10, 24, 28, 11, 6, 13, 25, 5, 29, 27, 19, 17, 3, 14, 22, 32, 30, 7, 4, 20, 23, 33, 2, 21, 16, 9, 8, 34, 12, 15, 18, 31, 1,1.60954
1, 26, 10, 24, 28, 11, 6, 13, 25, 5, 29, 27, 19, 17, 3, 14, 22, 32, 30, 7, 4, 20, 23, 33, 2, 21, 16, 9, 8, 34, 12, 15, 18, 31, 1,1.60954
1, 31, 18, 15, 12, 34, 8, 9, 16, 21, 2, 33, 32, 20, 4, 7, 30, 23, 22, 14, 3, 17, 19, 27, 29, 5, 25, 13, 6, 11, 28, 24, 10, 26, 1,1.6028
1, 26, 10, 24, 28, 11, 6, 13, 25, 5, 29, 27, 19, 17, 16, 14, 22, 32, 30, 7, 4, 20, 23, 33, 2, 21, 3, 9, 8, 34, 12, 15, 18, 31, 1,1.60676
1, 26, 10, 24, 28, 11, 6, 13, 25, 5, 29, 27, 19, 17, 16, 14, 22, 32, 30, 7, 4, 20, 23, 33, 2, 21, 3, 9, 8, 34, 12, 15, 18, 31, 1,1.60676
1, 26, 10, 24, 28, 11, 6, 13, 25, 5, 29, 27, 19, 17, 16, 14, 22, 32, 30, 7, 4, 20, 23, 33, 2, 21, 3, 9, 8, 34, 12, 15, 18, 31, 1,1.60676
1, 26, 10, 24, 28, 11, 6, 13, 25, 5, 29, 27, 19, 17, 16, 14, 22, 32, 30, 7, 4, 20, 23, 33, 2, 21, 3, 9, 8, 34, 12, 15, 18, 31, 1,1.60676
1, 26, 10, 24, 28, 11, 6, 13, 25, 5, 29, 27, 19, 17, 16, 14, 22, 32, 30, 7, 4, 20, 23, 33, 2, 21, 3, 9, 8, 34, 12, 15, 18, 31, 1,1.60676
1, 26, 10, 24, 28, 11, 6, 13, 25, 5, 29, 27, 19, 17, 16, 14, 22, 32, 30, 7, 4, 20, 23, 33, 2, 21, 3, 9, 8, 34, 12, 15, 18, 31, 1,1.60676
1, 26, 10, 24, 28, 11, 6, 13, 25, 5, 29, 27, 19, 17, 16, 14, 22, 32, 30, 7, 4, 20, 23, 33, 2, 21, 3, 9, 8, 34, 12, 15, 18, 31, 1,1.60676
1, 26, 10, 24, 28, 11, 6, 13, 25, 5, 29, 27, 19, 17, 16, 14, 22, 32, 30, 7, 4, 20, 23, 33, 2, 21, 3, 9, 8, 34, 12, 15, 18, 31, 1,1.60676
1, 26, 10, 24, 28, 11, 6, 13, 25, 5, 29, 27, 19, 17, 16, 14, 22, 32, 30, 7, 4, 20, 23, 33, 2, 21, 3, 9, 8, 34, 12, 15, 18, 31, 1,1.60676
1, 26, 10, 24, 28, 11, 6, 13, 25, 5, 29, 27, 19, 17, 16, 14, 22, 32, 30, 7, 4, 20, 23, 33, 2, 21, 3, 9, 8, 34, 12, 15, 18, 31, 1,1.60676
1, 26, 10, 24, 28, 11, 6, 13, 25, 5, 29, 27, 19, 17, 16, 14, 22, 32, 30, 7, 4, 20, 23, 33, 2, 21, 3, 9, 8, 34, 12, 15, 18, 31, 1,1.60676
1, 15, 12, 34, 8, 9, 3, 21, 2, 33, 23, 20, 4, 7, 30, 32, 22, 14, 16, 17, 19, 27, 29, 5, 25, 13, 6, 11, 28, 24, 10, 26, 18, 31, 1,1.59545
1, 26, 10, 24, 11, 28, 6, 13, 25, 5, 29, 27, 19, 17, 16, 14, 22, 32, 30, 7, 4, 20, 23, 33, 2, 21, 3, 9, 8, 34, 12, 15, 18, 31, 1,1.45078
1, 26, 10, 24, 11, 28, 6, 13, 25, 5, 29, 27, 19, 17, 16, 14, 22, 32, 30, 7, 4, 20, 23, 33, 2, 21, 3, 9, 8, 34, 12, 15, 18, 31, 1,1.45078
1, 26, 10, 24, 11, 28, 6, 13, 25, 5, 29, 27, 19, 17, 16, 14, 22, 32, 30, 7, 4, 20, 23, 33, 2, 21, 3, 9, 8, 34, 15, 12, 18, 31, 1,1.43297
1, 26, 10, 24, 11, 28, 6, 13, 25, 5, 29, 27, 19, 17, 16, 14, 22, 32, 30, 7, 4, 20, 23, 33, 2, 21, 3, 9, 8, 34, 15, 12, 18, 31, 1,1.43297
1, 26, 10, 24, 11, 28, 6, 13, 25, 5, 29, 27, 19, 17, 16, 14, 22, 32, 30, 7, 4, 20, 23, 33, 2, 21, 3, 9, 8, 34, 15, 12, 18, 31, 1,1.43297
1, 26, 10, 24, 11, 28, 6, 13, 25, 5, 29, 27, 19, 17, 16, 14, 22, 32, 30, 7, 4, 20, 23, 33, 2, 21, 3, 9, 8, 34, 15, 12, 18, 31, 1,1.43297
1, 26, 10, 24, 11, 28, 6, 13, 25, 5, 29, 27, 19, 17, 16, 14, 22, 32, 30, 7, 4, 20, 23, 33, 2, 21, 3, 9, 8, 34, 15, 12, 18, 31, 1,1.43297
1, 26, 10, 24, 11, 28, 6, 13, 25, 5, 29, 27, 19, 17, 16, 3, 21, 2, 33, 23, 20, 4, 7, 30, 32, 22, 14, 9, 8, 34, 15, 12, 18, 31, 1,1.42769
1, 26, 10, 24, 11, 28, 6, 13, 25, 5, 29, 27, 19, 17, 16, 3, 21, 2, 33, 23, 20, 4, 7, 30, 32, 22, 14, 9, 8, 34, 15, 12, 18, 31, 1,1.42769
1, 26, 10, 24, 11, 28, 6, 13, 25, 5, 29, 27, 19, 17, 16, 3, 21, 2, 33, 23, 20, 4, 7, 30, 32, 22, 14, 9, 8, 34, 15, 12, 18, 31, 1,1.42769
1, 26, 10, 24, 11, 28, 6, 13, 25, 5, 29, 27, 19, 17, 16, 3, 21, 2, 33, 23, 20, 4, 7, 30, 32, 22, 14, 9, 8, 34, 15, 12, 18, 31, 1,1.42769
1, 26, 10, 24, 11, 28, 6, 13, 25, 5, 29, 27, 19, 17, 16, 3, 21, 2, 33, 23, 20, 4, 7, 30, 32, 22, 14, 9, 8, 34, 15, 12, 18, 31, 1,1.42769
1, 26, 10, 24, 11, 28, 6, 13, 25, 5, 29, 27, 19, 17, 16, 3, 21, 2, 33, 23, 20, 4, 7, 30, 32, 22, 14, 9, 8, 34, 15, 12, 18, 31, 1,1.42769
1, 26, 10, 24, 11, 28, 6, 13, 25, 5, 29, 27, 19, 17, 16, 3, 21, 2, 33, 23, 20, 4, 7, 30, 32, 22, 14, 9, 8, 34, 15, 12, 18, 31, 1,1.42769
1, 12, 15, 34, 8, 9, 14, 22, 32, 30, 7, 4, 20, 23, 33, 2, 21, 3, 16, 17, 19, 27, 29, 5, 25, 13, 6, 28, 11, 24, 10, 26, 18, 31, 1,1.41928
1, 12, 15, 34, 8, 9, 14, 22, 32, 30, 7, 4, 20, 23, 33, 2, 21, 3, 16, 17, 19, 27, 29, 5, 25, 13, 6, 28, 11, 24, 10, 26, 18, 31, 1,1.41928
1, 12, 15, 34, 8, 9, 14, 22, 32, 30, 7, 4, 20, 23, 33, 2, 21, 3, 16, 17, 19, 27, 29, 5, 25, 13, 6, 28, 11, 24, 10, 26, 18, 31, 1,1.41928
1, 12, 15, 34, 8, 9, 14, 22, 32, 30, 7, 4, 20, 23, 33, 2, 21, 3, 16, 17, 19, 27, 29, 5, 25, 13, 6, 28, 11, 24, 10, 26, 18, 31, 1,1.41928
1, 12, 15, 34, 8, 9, 14, 22, 32, 30, 7, 4, 20, 23, 33, 2, 21, 3, 16, 17, 19, 27, 29, 5, 25, 13, 6, 28, 11, 24, 10, 26, 18, 31, 1,1.41928
1, 12, 15, 34, 8, 9, 14, 22, 32, 30, 7, 4, 20, 23, 33, 2, 21, 3, 16, 17, 19, 27, 29, 5, 25, 13, 6, 28, 11, 24, 10, 26, 18, 31, 1,1.41928
1, 12, 15, 34, 8, 9, 14, 22, 32, 30, 7, 4, 20, 23, 33, 2, 21, 3, 16, 17, 19, 27, 29, 5, 25, 13, 6, 28, 11, 24, 10, 26, 18, 31, 1,1.41928
1, 12, 15, 34, 8, 9, 14, 22, 32, 30, 7, 4, 20, 23, 33, 2, 21, 3, 16, 17, 19, 27, 29, 5, 25, 13, 6, 28, 11, 24, 10, 26, 18, 31, 1,1.41928
1, 31, 18, 26, 10, 24, 11, 28, 6, 13, 25, 5, 29, 27, 19, 17, 16, 3, 21, 2, 33, 23, 20, 4, 7, 30, 32, 22, 14, 9, 8, 34, 15, 12, 1,1.41928
1, 31, 18, 26, 10, 24, 11, 28, 6, 13, 25, 5, 29, 27, 19, 17, 16, 3, 21, 2, 33, 23, 20, 4, 7, 30, 32, 22, 14, 9, 8, 34, 15, 12, 1,1.41928
1, 31, 18, 26, 10, 24, 11, 28, 6, 13, 25, 5, 29, 27, 19, 17, 16, 3, 21, 2, 33, 23, 20, 4, 7, 30, 32, 22, 14, 9, 8, 34, 15, 12, 1,1.41928
1, 31, 18, 26, 10, 24, 11, 28, 6, 13, 25, 5, 29, 27, 19, 17, 16, 3, 21, 2, 33, 23, 20, 4, 7, 30, 32, 22, 14, 9, 8, 34, 15, 12, 1,1.41928
1, 12, 15, 34, 8, 9, 14, 22, 32, 30, 7, 4, 20, 23, 33, 2, 21, 3, 16, 17, 19, 27, 29, 5, 25, 13, 6, 28, 11, 24, 10, 26, 18, 31, 1,1.41928
1, 31, 18, 26, 10, 24, 11, 28, 6, 13, 25, 5, 29, 27, 19, 17, 16, 3, 21, 2, 33, 23, 20, 4, 7, 30, 32, 22, 14, 9, 8, 34, 15, 12, 1,1.41928
1, 12, 15, 34, 8, 9, 14, 22, 32, 30, 7, 4, 20, 23, 33, 2, 21, 3, 16, 17, 19, 27, 29, 5, 25, 13, 6, 28, 11, 24, 10, 26, 18, 31, 1,1.41928
1, 12, 15, 34, 8, 9, 14, 22, 32, 30, 7, 4, 20, 23, 33, 2, 21, 3, 16, 17, 19, 27, 29, 5, 25, 13, 6, 28, 11, 24, 10, 26, 18, 31, 1,1.41928
1, 12, 15, 34, 8, 9, 14, 22, 32, 30, 7, 4, 20, 23, 33, 2, 21, 3, 16, 17, 19, 27, 29, 5, 25, 13, 6, 28, 11, 24, 10, 26, 18, 31, 1,1.41928
1, 12, 15, 34, 8, 9, 14, 22, 32, 30, 7, 4, 20, 23, 33, 2, 21, 3, 16, 17, 19, 27, 29, 5, 25, 13, 6, 28, 11, 24, 10, 26, 18, 31, 1,1.41928
1, 12, 15, 34, 8, 9, 14, 22, 32, 30, 7, 4, 20, 23, 33, 2, 21, 3, 16, 17, 19, 27, 29, 5, 25, 13, 6, 28, 11, 24, 10, 26, 18, 31, 1,1.41928
1, 12, 15, 34, 8, 9, 14, 22, 32, 30, 7, 4, 20, 23, 33, 2, 21, 3, 16, 17, 19, 27, 29, 5, 25, 13, 6, 28, 11, 24, 10, 26, 18, 31, 1,1.41928
1, 12, 15, 34, 8, 9, 14, 22, 32, 30, 7, 4, 20, 23, 33, 2, 21, 3, 16, 17, 19, 27, 29, 5, 25, 13, 6, 28, 11, 24, 10, 26, 18, 31, 1,1.41928
1, 12, 15, 34, 8, 9, 14, 22, 32, 30, 7, 4, 20, 23, 33, 2, 21, 3, 16, 17, 19, 27, 29, 5, 25, 13, 6, 28, 11, 24, 10, 26, 18, 31, 1,1.41928
1, 12, 15, 34, 8, 9, 14, 22, 32, 30, 7, 4, 20, 23, 33, 2, 21, 3, 16, 17, 19, 27, 29, 5, 25, 13, 6, 28, 11, 24, 10, 26, 18, 31, 1,1.41928
1, 12, 15, 34, 8, 9, 14, 22, 32, 30, 7, 4, 20, 23, 33, 2, 21, 3, 16, 17, 19, 27, 29, 5, 25, 13, 6, 28, 11, 24, 10, 26, 18, 31, 1,1.41928
1, 12, 15, 34, 8, 9, 14, 22, 32, 30, 7, 4, 20, 23, 33, 2, 21, 3, 16, 17, 19, 27, 29, 5, 25, 13, 6, 28, 11, 24, 10, 26, 18, 31, 1,1.41928
1, 12, 15, 34, 8, 9, 14, 22, 32, 30, 7, 4, 20, 23, 33, 2, 21, 3, 16, 17, 19, 27, 29, 5, 25, 13, 6, 28, 11, 24, 10, 26, 18, 31, 1,1.41928
1, 12, 15, 34, 8, 9, 14, 22, 32, 30, 7, 4, 20, 23, 33, 2, 21, 3, 16, 17, 19, 27, 29, 5, 25, 13, 6, 28, 11, 24, 10, 26, 18, 31, 1,1.41928
1, 12, 15, 34, 8, 9, 14, 22, 32, 30, 7, 4, 20, 23, 33, 2, 21, 3, 16, 17, 19, 27, 29, 5, 25, 13, 6, 28, 11, 24, 10, 26, 18, 31, 1,1.41928
1, 31, 18, 26, 10, 24, 11, 28, 6, 13, 25, 5, 29, 27, 19, 17, 16, 3, 21, 2, 33, 23, 20, 4, 7, 30, 32, 22, 14, 9, 8, 34, 15, 12, 1,1.41928
1, 31, 18, 26, 10, 24, 11, 28, 6, 13, 25, 5, 29, 27, 19, 17, 16, 3, 21, 2, 33, 23, 20, 4, 7, 30, 32, 22, 14, 9, 8, 34, 15, 12, 1,1.41928
1, 31, 18, 26, 10, 24, 11, 28, 6, 13, 25, 5, 29, 27, 19, 17, 16, 3, 21, 2, 33, 23, 20, 4, 7, 30, 32, 22, 14, 9, 8, 34, 15, 12, 1,1.41928
1, 31, 18, 26, 10, 24, 11, 28, 6, 13, 25, 5, 29, 27, 19, 17, 16, 3, 21, 2, 33, 23, 20, 4, 7, 30, 32, 22, 14, 9, 8, 34, 15, 12, 1,1.41928
1, 31, 18, 26, 10, 24, 11, 28, 6, 13, 25, 5, 29, 27, 19, 17, 16, 3, 21, 2, 33, 23, 20, 4, 7, 30, 32, 22, 14, 9, 8, 34, 15, 12, 1,1.41928
1, 31, 18, 26, 10, 24, 11, 28, 6, 13, 25, 5, 29, 27, 19, 17, 16, 3, 21, 2, 33, 23, 20, 4, 7, 30, 32, 22, 14, 9, 8, 34, 15, 12, 1,1.41928
1, 31, 18, 26, 10, 24, 11, 28, 6, 13, 25, 5, 29, 27, 19, 17, 16, 3, 21, 2, 33, 23, 20, 4, 7, 30, 32, 22, 14, 9, 8, 34, 15, 12, 1,1.41928
1, 31, 18, 26, 10, 24, 11, 28, 6, 13, 25, 5, 29, 27, 19, 17, 16, 3, 21, 2, 33, 23, 20, 4, 7, 30, 32, 22, 14, 9, 8, 34, 15, 12, 1,1.41928
1, 31, 18, 26, 10, 24, 11, 28, 6, 13, 25, 5, 29, 27, 19, 17, 16, 3, 21, 2, 33, 23, 20, 4, 7, 30, 32, 22, 14, 9, 8, 34, 15, 12, 1,1.41928
1, 31, 18, 26, 10, 24, 11, 28, 6, 13, 25, 5, 29, 27, 19, 17, 16, 3, 21, 2, 33, 23, 20, 4, 7, 30, 32, 22, 14, 9, 8, 34, 15, 12, 1,1.41928
1, 31, 18, 26, 10, 24, 11, 28, 6, 13, 25, 5, 29, 27, 19, 17, 16, 3, 21, 2, 33, 23, 20, 4, 7, 30, 32, 22, 14, 9, 8, 34, 15, 12, 1,1.41928
1, 31, 18, 26, 10, 24, 11, 28, 6, 13, 25, 5, 29, 27, 19, 17, 16, 3, 21, 2, 33, 23, 20, 4, 7, 30, 32, 22, 14, 9, 8, 34, 15, 12, 1,1.41928
1, 31, 18, 26, 10, 24, 11, 28, 6, 13, 25, 5, 29, 27, 19, 17, 16, 3, 21, 2, 33, 23, 20, 4, 7, 30, 32, 22, 14, 9, 8, 34, 15, 12, 1,1.41928
1, 31, 18, 26, 10, 24, 11, 28, 6, 13, 25, 5, 29, 27, 19, 17, 16, 3, 21, 2, 33, 23, 20, 4, 7, 30, 32, 22, 14, 9, 8, 34, 15, 12, 1,1.41928
1, 31, 18, 26, 10, 24, 11, 28, 6, 13, 25, 5, 29, 27, 19, 17, 16, 3, 21, 2, 33, 23, 20, 4, 7, 30, 32, 22, 14, 9, 8, 34, 15, 12, 1,1.41928
1, 31, 18, 26, 10, 24, 11, 28, 6, 13, 25, 5, 29, 27, 19, 17, 16, 3, 21, 2, 33, 23, 20, 4, 7, 30, 32, 22, 14, 9, 8, 34, 15, 12, 1,1.41928
1, 31, 18, 26, 10, 24, 11, 28, 6, 13, 25, 5, 29, 27, 19, 17, 16, 3, 21, 2, 33, 23, 20, 4, 7, 30, 32, 22, 14, 9, 8, 34, 15, 12, 1,1.41928
1, 31, 18, 26, 10, 24, 11, 28, 6, 13, 25, 5, 29, 27, 19, 17, 16, 3, 21, 2, 33, 23, 20, 4, 7, 30, 32, 22, 14, 9, 8, 34, 15, 12, 1,1.41928
1, 31, 18, 26, 10, 24, 11, 28, 6, 13, 25, 5, 29, 27, 19, 17, 16, 3, 21, 2, 33, 23, 20, 4, 7, 30, 32, 22, 14, 9, 8, 34, 15, 12, 1,1.41928
1, 31, 18, 26, 10, 24, 11, 28, 6, 13, 25, 5, 29, 27, 19, 17, 16, 3, 21, 2, 33, 23, 20, 4, 7, 30, 32, 22, 14, 9, 8, 34, 15, 12, 1,1.41928
1, 31, 18, 26, 10, 24, 11, 28, 6, 13, 25, 5, 29, 27, 19, 17, 16, 3, 21, 2, 33, 23, 20, 4, 7, 30, 32, 22, 14, 9, 8, 34, 15, 12, 1,1.41928
1, 31, 18, 26, 10, 24, 11, 28, 6, 13, 25, 5, 29, 27, 19, 17, 16, 3, 21, 2, 33, 23, 20, 4, 7, 30, 32, 22, 14, 9, 8, 34, 15, 12, 1,1.41928
1, 31, 18, 26, 10, 24, 11, 28, 6, 13, 25, 5, 29, 27, 19, 17, 16, 3, 21, 2, 33, 23, 20, 4, 7, 30, 32, 22, 14, 9, 8, 34, 15, 12, 1,1.41928
1, 31, 18, 26, 10, 24, 11, 28, 6, 13, 25, 5, 29, 27, 19, 17, 16, 3, 21, 2, 33, 23, 20, 4, 7, 30, 32, 22, 14, 9, 8, 34, 15, 12, 1,1.41928
1, 31, 18, 26, 10, 24, 11, 28, 6, 13, 25, 5, 29, 27, 19, 17, 16, 3, 21, 2, 33, 4, 20, 23, 7, 30, 32, 22, 14, 9, 8, 34, 15, 12, 1,1.41734
1, 31, 18, 26, 10, 24, 11, 28, 6, 13, 25, 5, 29, 27, 19, 17, 16, 3, 21, 2, 33, 4, 20, 23, 7, 30, 32, 22, 14, 9, 8, 34, 15, 12, 1,1.41734
1, 31, 18, 26, 10, 24, 11, 28, 6, 13, 25, 5, 29, 27, 19, 17, 16, 3, 21, 2, 33, 4, 20, 23, 7, 30, 32, 22, 14, 9, 8, 34, 15, 12, 1,1.41734
1, 31, 18, 26, 10, 24, 11, 28, 6, 13, 25, 5, 29, 27, 19, 17, 16, 3, 21, 2, 33, 4, 20, 23, 7, 30, 32, 22, 14, 9, 8, 34, 15, 12, 1,1.41734
1, 31, 18, 26, 10, 24, 11, 28, 6, 13, 25, 5, 29, 27, 19, 17, 16, 3, 21, 2, 33, 4, 20, 23, 7, 30, 32, 22, 14, 9, 8, 34, 15, 12, 1,1.41734
1, 31, 18, 26, 10, 24, 11, 28, 6, 13, 25, 5, 29, 27, 19, 17, 16, 3, 21, 2, 33, 4, 20, 23, 7, 30, 32, 22, 14, 9, 8, 34, 15, 12, 1,1.41734
1, 31, 18, 26, 10, 24, 11, 28, 6, 13, 25, 5, 29, 27, 19, 17, 16, 3, 21, 2, 33, 4, 20, 23, 7, 30, 32, 22, 14, 9, 8, 34, 15, 12, 1,1.41734
1, 31, 18, 26, 10, 24, 11, 28, 6, 13, 25, 5, 29, 27, 19, 17, 16, 3, 21, 2, 33, 4, 20, 23, 7, 30, 32, 22, 14, 9, 8, 34, 15, 12, 1,1.41734
1, 31, 18, 26, 10, 24, 11, 28, 6, 13, 25, 5, 29, 27, 19, 17, 16, 3, 21, 2, 33, 4, 20, 23, 7, 30, 32, 22, 14, 9, 8, 34, 15, 12, 1,1.41734
1, 31, 18, 26, 10, 24, 11, 28, 6, 13, 25, 5, 29, 27, 19, 17, 16, 3, 21, 2, 33, 4, 20, 23, 7, 30, 32, 22, 14, 9, 8, 34, 15, 12, 1,1.41734
1, 31, 18, 26, 10, 24, 11, 28, 6, 13, 25, 5, 27, 29, 19, 17, 16, 3, 21, 2, 33, 4, 20, 23, 7, 30, 32, 22, 14, 9, 8, 34, 15, 12, 1,1.32368
1, 31, 18, 26, 10, 24, 11, 28, 6, 13, 25, 5, 27, 29, 19, 17, 16, 3, 21, 2, 33, 4, 20, 23, 7, 30, 32, 22, 14, 9, 8, 34, 15, 12, 1,1.32368
1, 31, 18, 26, 10, 24, 11, 28, 6, 13, 25, 5, 27, 29, 19, 17, 16, 3, 21, 2, 33, 4, 20, 23, 7, 30, 32, 22, 14, 9, 8, 34, 15, 12, 1,1.32368
1, 31, 18, 26, 10, 24, 11, 28, 6, 13, 25, 5, 27, 29, 19, 17, 16, 3, 21, 2, 33, 4, 20, 23, 7, 30, 32, 22, 14, 9, 8, 34, 15, 12, 1,1.32368
1, 31, 18, 26, 10, 24, 11, 28, 6, 13, 25, 5, 27, 29, 19, 17, 16, 3, 21, 2, 33, 4, 20, 23, 7, 30, 32, 22, 14, 9, 8, 34, 15, 12, 1,1.32368
1, 31, 18, 26, 10, 24, 11, 28, 6, 13, 25, 5, 27, 29, 19, 17, 16, 3, 21, 2, 33, 4, 20, 23, 7, 30, 32, 22, 14, 9, 8, 34, 15, 12, 1,1.32368
1, 31, 18, 26, 10, 24, 11, 28, 6, 13, 25, 5, 27, 29, 19, 17, 16, 3, 21, 2, 33, 4, 20, 23, 7, 30, 32, 22, 14, 9, 8, 34, 15, 12, 1,1.32368
1, 31, 18, 26, 10, 24, 11, 28, 6, 13, 25, 5, 27, 29, 19, 17, 16, 3, 21, 2, 33, 4, 20, 23, 7, 30, 32, 22, 14, 9, 8, 34, 15, 12, 1,1.32368
1, 31, 18, 26, 10, 24, 11, 28, 6, 13, 25, 5, 27, 29, 19, 17, 16, 3, 21, 2, 33, 4, 20, 23, 7, 30, 32, 22, 14, 9, 8, 34, 15, 12, 1,1.32368
1, 31, 18, 26, 10, 24, 11, 28, 6, 13, 25, 5, 27, 29, 19, 17, 16, 3, 21, 33, 2, 4, 20, 23, 7, 30, 32, 22, 14, 9, 8, 34, 15, 12, 1,1.29496
1, 31, 18, 26, 10, 24, 11, 28, 6, 13, 25, 5, 27, 29, 19, 17, 16, 3, 21, 33, 2, 4, 20, 23, 7, 30, 32, 22, 14, 9, 8, 34, 15, 12, 1,1.29496
1, 31, 18, 26, 10, 24, 11, 28, 6, 13, 25, 5, 27, 29, 19, 17, 16, 3, 21, 33, 2, 4, 20, 23, 7, 30, 32, 22, 14, 9, 8, 34, 15, 12, 1,1.29496
1, 31, 18, 26, 10, 24, 11, 28, 6, 13, 25, 5, 27, 29, 19, 17, 16, 3, 21, 33, 2, 4, 20, 23, 7, 30, 32, 22, 14, 9, 8, 34, 15, 12, 1,1.29496
1, 31, 18, 26, 10, 24, 11, 28, 6, 13, 25, 5, 27, 29, 19, 17, 16, 3, 21, 33, 2, 4, 20, 23, 7, 30, 32, 22, 14, 9, 8, 34, 15, 12, 1,1.29496
1, 31, 18, 26, 10, 24, 11, 28, 6, 13, 25, 5, 27, 29, 19, 17, 16, 3, 21, 33, 2, 4, 20, 23, 7, 30, 32, 22, 14, 9, 8, 34, 15, 12, 1,1.29496
1, 31, 18, 26, 10, 24, 11, 28, 6, 13, 25, 5, 27, 29, 19, 17, 16, 3, 21, 33, 2, 4, 20, 23, 7, 30, 32, 22, 14, 9, 8, 34, 15, 12, 1,1.29496
1, 31, 18, 26, 10, 24, 11, 28, 6, 13, 25, 5, 27, 29, 19, 17, 16, 3, 21, 33, 2, 4, 20, 23, 7, 30, 32, 22, 14, 9, 8, 34, 15, 12, 1,1.29496
1, 31, 18, 26, 10, 24, 11, 28, 6, 13, 25, 5, 27, 29, 19, 17, 16, 3, 21, 33, 2, 4, 20, 23, 7, 30, 32, 22, 14, 9, 8, 34, 15, 12, 1,1.29496
1, 31, 18, 26, 10, 24, 11, 28, 6, 13, 25, 5, 27, 29, 19, 17, 16, 3, 21, 33, 2, 4, 20, 23, 7, 30, 32, 22, 14, 9, 8, 34, 15, 12, 1,1.29496
1, 31, 18, 26, 10, 24, 11, 28, 6, 13, 25, 5, 27, 29, 19, 17, 16, 3, 21, 33, 2, 32, 30, 7, 23, 20, 4, 22, 14, 9, 8, 34, 15, 12, 1,1.28761
1, 31, 18, 26, 10, 24, 11, 28, 6, 13, 25, 5, 27, 29, 19, 17, 16, 3, 21, 33, 2, 32, 4, 30, 7, 23, 20, 22, 14, 9, 8, 34, 15, 12, 1,1.28013
1, 31, 18, 26, 10, 24, 11, 28, 6, 13, 25, 5, 27, 29, 19, 17, 16, 3, 21, 33, 2, 32, 4, 30, 7, 23, 20, 22, 14, 9, 8, 34, 15, 12, 1,1.28013
1, 31, 18, 26, 10, 24, 11, 28, 6, 13, 25, 5, 27, 29, 19, 17, 16, 3, 21, 33, 2, 32, 30, 7, 4, 20, 23, 22, 14, 9, 8, 34, 15, 12, 1,1.27629
1, 31, 18, 26, 10, 24, 11, 28, 6, 13, 25, 5, 27, 29, 19, 17, 16, 3, 21, 33, 2, 32, 30, 7, 4, 20, 23, 22, 14, 9, 8, 34, 15, 12, 1,1.27629
1, 31, 18, 26, 10, 24, 11, 28, 6, 13, 25, 5, 27, 29, 19, 17, 16, 3, 21, 33, 2, 32, 30, 7, 4, 20, 23, 22, 14, 9, 8, 34, 15, 12, 1,1.27629
1, 31, 18, 26, 10, 24, 11, 28, 6, 13, 25, 5, 27, 29, 19, 17, 16, 3, 21, 33, 2, 32, 30, 7, 4, 20, 23, 22, 14, 9, 8, 34, 15, 12, 1,1.27629
1, 31, 18, 26, 10, 24, 11, 28, 6, 13, 25, 5, 27, 29, 19, 17, 16, 3, 21, 33, 2, 32, 30, 7, 4, 20, 23, 22, 14, 9, 8, 34, 15, 12, 1,1.27629
1, 31, 18, 26, 10, 24, 11, 28, 6, 13, 25, 5, 27, 29, 19, 17, 16, 3, 21, 33, 2, 32, 30, 7, 4, 20, 23, 22, 14, 9, 8, 34, 15, 12, 1,1.27629
1, 31, 18, 26, 10, 24, 11, 28, 6, 13, 25, 5, 27, 29, 19, 17, 16, 3, 21, 33, 2, 32, 30, 7, 4, 20, 23, 22, 14, 9, 8, 34, 15, 12, 1,1.27629
1, 31, 18, 26, 10, 24, 11, 28, 6, 13, 25, 5, 27, 29, 19, 17, 16, 3, 21, 33, 2, 32, 30, 7, 4, 20, 23, 22, 14, 9, 8, 34, 15, 12, 1,1.27629
1, 31, 18, 26, 10, 24, 11, 28, 6, 13, 25, 5, 27, 29, 19, 17, 16, 3, 21, 33, 2, 32, 30, 7, 4, 20, 23, 22, 14, 9, 8, 34, 15, 12, 1,1.27629
1, 31, 18, 26, 10, 24, 11, 28, 6, 13, 25, 5, 27, 29, 19, 17, 16, 3, 21, 33, 2, 32, 30, 7, 4, 20, 23, 22, 14, 9, 8, 34, 15, 12, 1,1.27629
1, 31, 18, 26, 10, 24, 11, 28, 6, 13, 25, 5, 27, 29, 19, 17, 16, 3, 21, 33, 2, 32, 30, 7, 4, 20, 23, 22, 14, 9, 8, 34, 15, 12, 1,1.27629
1, 31, 18, 26, 10, 24, 11, 28, 6, 13, 25, 5, 27, 29, 19, 17, 16, 3, 21, 33, 2, 32, 30, 7, 4, 20, 23, 22, 14, 9, 8, 34, 15, 12, 1,1.27629
1, 31, 18, 26, 10, 24, 11, 28, 6, 13, 25, 5, 27, 29, 19, 17, 16, 3, 21, 33, 2, 32, 30, 7, 4, 20, 23, 22, 14, 9, 8, 34, 15, 12, 1,1.27629
1, 31, 18, 26, 10, 24, 11, 28, 6, 13, 25, 5, 27, 29, 19, 17, 16, 3, 21, 33, 2, 32, 30, 7, 4, 20, 23, 22, 14, 9, 8, 34, 15, 12, 1,1.27629
1, 31, 18, 26, 10, 24, 11, 28, 6, 13, 25, 5, 27, 29, 19, 17, 16, 3, 21, 33, 2, 32, 30, 7, 4, 20, 23, 22, 14, 9, 8, 34, 15, 12, 1,1.27629
1, 31, 18, 26, 10, 24, 11, 28, 6, 13, 25, 5, 27, 29, 19, 17, 16, 3, 21, 33, 2, 32, 30, 7, 4, 20, 23, 22, 14, 9, 8, 34, 15, 12, 1,1.27629
1, 31, 18, 26, 10, 24, 11, 28, 6, 13, 25, 5, 27, 29, 19, 17, 16, 3, 21, 33, 2, 32, 30, 7, 4, 20, 23, 22, 14, 9, 8, 34, 15, 12, 1,1.27629
1, 31, 18, 26, 10, 24, 11, 28, 6, 13, 25, 5, 27, 29, 19, 17, 16, 3, 21, 33, 2, 32, 30, 7, 4, 20, 23, 22, 14, 9, 8, 34, 15, 12, 1,1.27629
1, 31, 18, 26, 10, 24, 11, 28, 6, 13, 25, 5, 27, 29, 19, 17, 16, 3, 21, 33, 2, 32, 30, 7, 4, 20, 23, 22, 14, 9, 8, 34, 15, 12, 1,1.27629
1, 31, 18, 26, 10, 24, 11, 28, 6, 13, 25, 5, 27, 29, 19, 17, 16, 3, 21, 33, 2, 32, 30, 7, 4, 20, 23, 22, 14, 9, 8, 34, 15, 12, 1,1.27629
1, 31, 18, 26, 10, 24, 11, 28, 6, 13, 25, 5, 27, 29, 19, 17, 16, 3, 21, 33, 2, 32, 30, 7, 4, 20, 23, 22, 14, 9, 8, 34, 15, 12, 1,1.27629
1, 31, 18, 26, 10, 24, 11, 28, 6, 13, 25, 5, 27, 29, 19, 17, 16, 3, 21, 33, 2, 32, 30, 7, 4, 20, 23, 22, 14, 9, 8, 34, 15, 12, 1,1.27629
1, 31, 18, 26, 10, 24, 11, 28, 6, 13, 25, 5, 27, 29, 19, 17, 16, 3, 21, 33, 2, 32, 30, 7, 4, 20, 23, 22, 14, 9, 8, 34, 15, 12, 1,1.27629
1, 31, 18, 26, 10, 24, 11, 28, 6, 13, 25, 5, 27, 29, 19, 17, 16, 3, 21, 33, 2, 32, 30, 7, 4, 20, 23, 22, 14, 9, 8, 34, 15, 12, 1,1.27629
1, 31, 18, 26, 10, 24, 11, 28, 6, 13, 25, 5, 27, 29, 19, 17, 16, 3, 21, 33, 2, 32, 30, 7, 4, 20, 23, 22, 14, 9, 8, 34, 15, 12, 1,1.27629
1, 31, 18, 26, 10, 24, 11, 28, 6, 13, 25, 5, 27, 29, 19, 17, 16, 3, 21, 33, 2, 32, 30, 7, 4, 20, 23, 22, 14, 9, 8, 34, 15, 12, 1,1.27629
1, 31, 18, 26, 10, 24, 11, 28, 6, 13, 25, 5, 27, 29, 19, 17, 16, 3, 21, 33, 2, 32, 30, 7, 4, 20, 23, 22, 14, 9, 8, 34, 15, 12, 1,1.27629
1, 31, 18, 26, 10, 24, 11, 28, 6, 13, 25, 5, 27, 29, 19, 17, 16, 3, 21, 33, 2, 32, 30, 7, 4, 20, 23, 22, 14, 9, 8, 34, 15, 12, 1,1.27629
1, 31, 18, 26, 10, 24, 11, 28, 6, 13, 25, 5, 27, 29, 19, 17, 16, 3, 21, 33, 2, 32, 30, 7, 4, 20, 23, 22, 14, 9, 8, 34, 15, 12, 1,1.27629
1, 31, 18, 26, 10, 24, 11, 28, 6, 13, 25, 5, 27, 29, 19, 17, 16, 3, 21, 33, 2, 32, 30, 7, 4, 20, 23, 22, 14, 9, 8, 34, 15, 12, 1,1.27629
1, 31, 18, 26, 10, 24, 11, 28, 6, 13, 25, 5, 27, 29, 19, 17, 16, 3, 21, 33, 2, 32, 30, 7, 4, 20, 23, 22, 14, 9, 8, 34, 15, 12, 1,1.27629
1, 31, 18, 26, 10, 24, 11, 28, 6, 13, 25, 5, 27, 29, 19, 17, 16, 3, 21, 33, 2, 32, 30, 7, 4, 20, 23, 22, 14, 9, 8, 34, 15, 12, 1,1.27629
1, 31, 18, 26, 10, 24, 11, 28, 6, 13, 25, 5, 27, 29, 19, 17, 16, 3, 21, 33, 2, 32, 30, 7, 4, 20, 23, 22, 14, 9, 8, 34, 15, 12, 1,1.27629
1, 31, 18, 26, 10, 24, 11, 28, 6, 13, 25, 5, 27, 29, 19, 17, 16, 3, 21, 33, 2, 32, 30, 7, 4, 20, 23, 22, 14, 9, 8, 34, 15, 12, 1,1.27629
1, 31, 18, 26, 10, 24, 11, 28, 6, 13, 25, 5, 27, 29, 19, 17, 16, 3, 21, 33, 2, 32, 30, 7, 4, 20, 23, 22, 14, 9, 8, 34, 15, 12, 1,1.27629
1, 31, 18, 26, 10, 24, 11, 28, 6, 13, 25, 5, 27, 29, 19, 17, 16, 3, 21, 33, 2, 32, 30, 7, 4, 20, 23, 22, 14, 9, 8, 34, 15, 12, 1,1.27629
1, 31, 18, 26, 10, 24, 11, 28, 6, 13, 25, 5, 27, 29, 19, 17, 16, 3, 21, 33, 2, 32, 30, 7, 4, 20, 23, 22, 14, 9, 8, 34, 15, 12, 1,1.27629
1, 31, 18, 26, 10, 24, 11, 28, 6, 13, 25, 5, 27, 29, 19, 17, 16, 3, 21, 33, 2, 32, 30, 7, 4, 20, 23, 22, 14, 9, 8, 34, 15, 12, 1,1.27629
1, 31, 18, 26, 10, 24, 11, 28, 6, 13, 25, 5, 27, 29, 19, 17, 16, 3, 21, 33, 2, 32, 30, 7, 4, 20, 23, 22, 14, 9, 8, 34, 15, 12, 1,1.27629
1, 31, 18, 26, 10, 24, 11, 28, 6, 13, 25, 5, 27, 29, 19, 17, 16, 3, 21, 33, 2, 32, 30, 7, 4, 20, 23, 22, 14, 9, 8, 34, 15, 12, 1,1.27629
1, 31, 18, 26, 10, 24, 11, 28, 6, 13, 25, 5, 27, 29, 19, 17, 16, 3, 21, 33, 2, 32, 30, 7, 4, 20, 23, 22, 14, 9, 8, 34, 15, 12, 1,1.27629
1, 31, 18, 26, 10, 24, 11, 28, 6, 13, 25, 5, 27, 29, 19, 17, 16, 3, 21, 33, 2, 32, 30, 7, 4, 20, 23, 22, 14, 9, 8, 34, 15, 12, 1,1.27629
1, 31, 18, 26, 10, 24, 11, 28, 6, 13, 25, 5, 27, 29, 19, 17, 16, 3, 21, 33, 2, 32, 30, 7, 4, 20, 23, 22, 14, 9, 8, 34, 15, 12, 1,1.27629
1, 31, 18, 26, 10, 24, 11, 28, 6, 13, 25, 5, 27, 29, 19, 17, 16, 3, 21, 33, 2, 32, 30, 7, 4, 20, 23, 22, 14, 9, 8, 34, 15, 12, 1,1.27629
1, 31, 18, 26, 10, 24, 11, 28, 6, 13, 25, 5, 27, 29, 19, 17, 16, 3, 21, 33, 2, 32, 30, 7, 4, 20, 23, 22, 14, 9, 8, 34, 15, 12, 1,1.27629
1, 31, 18, 26, 10, 24, 11, 28, 6, 13, 25, 5, 27, 29, 19, 17, 16, 3, 21, 33, 2, 32, 30, 7, 4, 20, 23, 22, 14, 9, 8, 34, 15, 12, 1,1.27629
1, 31, 18, 26, 10, 24, 11, 28, 6, 13, 25, 5, 27, 29, 19, 17, 16, 3, 21, 33, 2, 32, 30, 7, 4, 20, 23, 22, 14, 9, 8, 34, 15, 12, 1,1.27629
1, 31, 18, 26, 10, 24, 11, 28, 6, 13, 25, 5, 27, 29, 19, 17, 16, 3, 21, 33, 2, 32, 30, 7, 4, 20, 23, 22, 14, 9, 8, 34, 15, 12, 1,1.27629
1, 31, 18, 26, 10, 24, 11, 28, 6, 13, 25, 5, 27, 29, 19, 17, 16, 3, 21, 33, 2, 32, 30, 7, 4, 20, 23, 22, 14, 9, 8, 34, 15, 12, 1,1.27629
1, 31, 18, 26, 10, 24, 11, 28, 6, 13, 25, 5, 27, 29, 19, 17, 16, 3, 21, 33, 2, 32, 30, 7, 4, 20, 23, 22, 14, 9, 8, 34, 15, 12, 1,1.27629
1, 31, 18, 26, 10, 24, 11, 28, 6, 13, 25, 5, 27, 29, 19, 17, 16, 3, 21, 33, 2, 32, 30, 7, 4, 20, 23, 22, 14, 9, 8, 34, 15, 12, 1,1.27629
1, 31, 18, 26, 10, 24, 11, 28, 6, 13, 25, 5, 27, 29, 19, 17, 16, 3, 21, 33, 2, 32, 30, 7, 4, 20, 23, 22, 14, 9, 8, 34, 15, 12, 1,1.27629
1, 31, 18, 26, 10, 24, 11, 28, 6, 13, 25, 5, 27, 29, 19, 17, 16, 3, 21, 33, 2, 32, 30, 7, 4, 20, 23, 22, 14, 9, 8, 34, 15, 12, 1,1.27629
1, 31, 18, 26, 10, 24, 11, 28, 6, 13, 25, 5, 27, 29, 19, 17, 16, 3, 21, 33, 2, 32, 30, 7, 4, 20, 23, 22, 14, 9, 8, 34, 15, 12, 1,1.27629
1, 31, 18, 26, 10, 24, 11, 28, 6, 13, 25, 5, 27, 29, 19, 17, 16, 3, 21, 33, 2, 32, 30, 7, 4, 20, 23, 22, 14, 9, 8, 34, 15, 12, 1,1.27629
1, 31, 18, 26, 10, 24, 11, 28, 6, 13, 25, 5, 27, 29, 19, 17, 16, 3, 21, 33, 2, 32, 30, 7, 4, 20, 23, 22, 14, 9, 8, 34, 15, 12, 1,1.27629
1, 31, 18, 26, 10, 24, 11, 28, 6, 13, 25, 5, 27, 29, 19, 17, 16, 3, 21, 33, 2, 32, 30, 7, 4, 20, 23, 22, 14, 9, 8, 34, 15, 12, 1,1.27629
1, 31, 18, 26, 10, 24, 11, 28, 6, 13, 25, 5, 27, 29, 19, 17, 16, 3, 21, 33, 2, 32, 30, 7, 4, 20, 23, 22, 14, 9, 8, 34, 15, 12, 1,1.27629
1, 31, 18, 26, 10, 24, 11, 28, 6, 13, 25, 5, 27, 29, 19, 17, 16, 3, 21, 33, 2, 32, 30, 7, 4, 20, 23, 22, 14, 9, 8, 34, 15, 12, 1,1.27629
1, 31, 18, 26, 10, 24, 11, 28, 6, 13, 25, 5, 27, 29, 19, 17, 16, 3, 21, 33, 2, 32, 30, 7, 4, 20, 23, 22, 14, 9, 8, 34, 15, 12, 1,1.27629
1, 31, 18, 26, 10, 24, 11, 28, 6, 13, 25, 5, 27, 29, 19, 17, 16, 3, 21, 33, 2, 32, 30, 7, 4, 20, 23, 22, 14, 9, 8, 34, 15, 12, 1,1.27629
1, 31, 18, 26, 10, 24, 11, 28, 6, 13, 25, 5, 27, 29, 19, 17, 16, 3, 21, 33, 2, 32, 30, 7, 4, 20, 23, 22, 14, 9, 8, 34, 15, 12, 1,1.27629
1, 31, 18, 26, 10, 24, 11, 28, 6, 13, 25, 5, 27, 29, 19, 17, 16, 3, 21, 33, 2, 32, 30, 7, 4, 20, 23, 22, 14, 9, 8, 34, 15, 12, 1,1.27629
1, 31, 18, 26, 10, 24, 11, 28, 6, 13, 25, 5, 27, 29, 19, 17, 16, 3, 21, 33, 2, 32, 30, 7, 4, 20, 23, 22, 14, 9, 8, 34, 15, 12, 1,1.27629
1, 31, 18, 26, 10, 24, 11, 28, 6, 13, 25, 5, 27, 29, 19, 17, 16, 3, 21, 33, 2, 32, 30, 7, 4, 20, 23, 22, 14, 9, 8, 34, 15, 12, 1,1.27629
1, 31, 18, 26, 10, 24, 11, 28, 6, 13, 25, 5, 27, 29, 19, 17, 16, 3, 21, 33, 2, 32, 30, 7, 4, 20, 23, 22, 14, 9, 8, 34, 15, 12, 1,1.27629
1, 31, 18, 26, 10, 24, 11, 28, 6, 13, 25, 5, 27, 29, 19, 17, 16, 3, 21, 33, 2, 32, 30, 7, 4, 20, 23, 22, 14, 9, 8, 34, 15, 12, 1,1.27629
1, 31, 18, 26, 10, 24, 11, 28, 6, 13, 25, 5, 27, 29, 19, 17, 16, 3, 21, 33, 2, 32, 30, 7, 4, 20, 23, 22, 14, 9, 8, 34, 15, 12, 1,1.27629
1, 31, 18, 26, 10, 24, 11, 28, 6, 13, 25, 5, 27, 29, 19, 17, 16, 3, 21, 33, 2, 32, 30, 7, 4, 20, 23, 22, 14, 9, 8, 34, 15, 12, 1,1.27629
1, 31, 18, 26, 10, 24, 11, 28, 6, 13, 25, 5, 27, 29, 19, 17, 16, 3, 21, 33, 2, 32, 30, 7, 4, 20, 23, 22, 14, 9, 8, 34, 15, 12, 1,1.27629
1, 31, 18, 26, 10, 24, 11, 28, 6, 13, 25, 5, 27, 29, 19, 17, 16, 3, 21, 33, 2, 32, 30, 7, 4, 20, 23, 22, 14, 9, 8, 34, 15, 12, 1,1.27629
1, 31, 18, 26, 10, 24, 11, 28, 6, 13, 25, 5, 27, 29, 19, 17, 16, 3, 21, 33, 2, 32, 30, 7, 4, 20, 23, 22, 14, 9, 8, 34, 15, 12, 1,1.27629
1, 31, 18, 26, 10, 24, 11, 28, 6, 13, 25, 5, 27, 29, 19, 17, 16, 3, 21, 33, 2, 32, 30, 7, 4, 20, 23, 22, 14, 9, 8, 34, 15, 12, 1,1.27629
1, 31, 18, 26, 10, 24, 11, 28, 6, 13, 25, 5, 27, 29, 19, 17, 16, 3, 21, 33, 2, 32, 30, 7, 4, 20, 23, 22, 14, 9, 8, 34, 15, 12, 1,1.27629
1, 31, 18, 26, 10, 24, 11, 28, 6, 13, 25, 5, 27, 29, 19, 17, 16, 3, 21, 33, 2, 32, 30, 7, 4, 20, 23, 22, 14, 9, 8, 34, 15, 12, 1,1.27629
1, 31, 18, 26, 10, 24, 11, 28, 6, 13, 25, 5, 27, 29, 19, 17, 16, 3, 21, 33, 2, 32, 30, 7, 4, 20, 23, 22, 14, 9, 8, 34, 15, 12, 1,1.27629
1, 31, 18, 26, 10, 24, 11, 28, 6, 13, 25, 5, 27, 29, 19, 17, 16, 3, 21, 33, 2, 32, 30, 7, 4, 20, 23, 22, 14, 9, 8, 34, 15, 12, 1,1.27629
1, 31, 18, 26, 10, 24, 11, 28, 6, 13, 25, 5, 27, 29, 19, 17, 16, 3, 21, 33, 2, 32, 30, 7, 4, 20, 23, 22, 14, 9, 8, 34, 15, 12, 1,1.27629
1, 31, 18, 26, 10, 24, 11, 28, 6, 13, 25, 5, 27, 29, 19, 17, 16, 3, 21, 33, 2, 32, 30, 7, 4, 20, 23, 22, 14, 9, 8, 34, 15, 12, 1,1.27629
1, 31, 18, 26, 10, 24, 11, 28, 6, 13, 25, 5, 27, 29, 19, 17, 16, 3, 21, 33, 2, 32, 30, 7, 4, 20, 23, 22, 14, 9, 8, 34, 15, 12, 1,1.27629
1, 31, 18, 26, 10, 24, 11, 28, 6, 13, 25, 5, 27, 29, 19, 17, 16, 3, 21, 33, 2, 32, 30, 7, 4, 20, 23, 22, 14, 9, 8, 34, 15, 12, 1,1.27629
1, 31, 18, 26, 10, 24, 11, 28, 6, 13, 25, 5, 27, 29, 19, 17, 16, 3, 21, 33, 2, 32, 30, 7, 4, 20, 23, 22, 14, 9, 8, 34, 15, 12, 1,1.27629
1, 31, 18, 26, 10, 24, 11, 28, 6, 13, 25, 5, 27, 29, 19, 17, 16, 3, 21, 33, 2, 32, 30, 7, 4, 20, 23, 22, 14, 9, 8, 34, 15, 12, 1,1.27629
1, 31, 18, 26, 10, 24, 11, 28, 6, 13, 25, 5, 27, 29, 19, 17, 16, 3, 21, 33, 2, 32, 30, 7, 4, 20, 23, 22, 14, 9, 8, 34, 15, 12, 1,1.27629
1, 31, 18, 26, 10, 24, 11, 28, 6, 13, 25, 5, 27, 29, 19, 17, 16, 3, 21, 33, 2, 32, 30, 7, 4, 20, 23, 22, 14, 9, 8, 34, 15, 12, 1,1.27629
1, 31, 18, 26, 10, 24, 11, 28, 6, 13, 25, 5, 27, 29, 19, 17, 16, 3, 21, 33, 2, 32, 30, 7, 4, 20, 23, 22, 14, 9, 8, 34, 15, 12, 1,1.27629
1, 31, 18, 26, 10, 24, 11, 28, 6, 13, 25, 5, 27, 29, 19, 17, 16, 3, 21, 33, 2, 32, 30, 7, 4, 20, 23, 22, 14, 9, 8, 34, 15, 12, 1,1.27629
1, 31, 18, 26, 10, 24, 11, 28, 6, 13, 25, 5, 27, 29, 19, 17, 16, 3, 21, 33, 2, 32, 30, 7, 4, 20, 23, 22, 14, 9, 8, 34, 15, 12, 1,1.27629
1, 31, 18, 26, 10, 24, 11, 28, 6, 13, 25, 5, 27, 29, 19, 17, 16, 3, 21, 33, 2, 32, 30, 7, 4, 20, 23, 22, 14, 9, 8, 34, 15, 12, 1,1.27629
1, 31, 18, 26, 10, 24, 11, 28, 6, 13, 25, 5, 27, 29, 19, 17, 16, 3, 21, 33, 2, 32, 30, 7, 4, 20, 23, 22, 14, 9, 8, 34, 15, 12, 1,1.27629
1, 31, 18, 26, 10, 24, 11, 28, 6, 13, 25, 5, 27, 29, 19, 17, 16, 3, 21, 33, 2, 32, 30, 7, 4, 20, 23, 22, 14, 9, 8, 34, 15, 12, 1,1.27629
1, 31, 18, 26, 10, 24, 11, 28, 6, 13, 25, 5, 27, 29, 19, 17, 16, 3, 21, 33, 2, 32, 30, 7, 4, 20, 23, 22, 14, 9, 8, 34, 15, 12, 1,1.27629
1, 31, 18, 26, 10, 24, 11, 28, 6, 13, 25, 5, 27, 29, 19, 17, 16, 3, 21, 33, 2, 32, 30, 7, 4, 20, 23, 22, 14, 9, 8, 34, 15, 12, 1,1.27629
1, 31, 18, 26, 10, 24, 11, 28, 6, 13, 25, 5, 27, 29, 19, 17, 16, 3, 21, 33, 2, 32, 30, 7, 4, 20, 23, 22, 14, 9, 8, 34, 15, 12, 1,1.27629
1, 31, 18, 26, 10, 24, 11, 28, 6, 13, 25, 5, 27, 29, 19, 17, 16, 3, 21, 33, 2, 32, 30, 7, 4, 20, 23, 22, 14, 9, 8, 34, 15, 12, 1,1.27629
1, 31, 18, 26, 10, 24, 11, 28, 6, 13, 25, 5, 27, 29, 19, 17, 16, 3, 21, 33, 2, 32, 30, 7, 4, 20, 23, 22, 14, 9, 8, 34, 15, 12, 1,1.27629
1, 31, 18, 26, 10, 24, 11, 28, 6, 13, 25, 5, 27, 29, 19, 17, 16, 3, 21, 33, 2, 32, 30, 7, 4, 20, 23, 22, 14, 9, 8, 34, 15, 12, 1,1.27629
1, 31, 18, 26, 10, 24, 11, 28, 6, 13, 25, 5, 27, 29, 19, 17, 16, 3, 21, 33, 2, 32, 30, 7, 4, 20, 23, 22, 14, 9, 8, 34, 15, 12, 1,1.27629
1, 31, 18, 26, 10, 24, 11, 28, 6, 13, 25, 5, 27, 29, 19, 17, 16, 3, 21, 33, 2, 32, 30, 7, 4, 20, 23, 22, 14, 9, 8, 34, 15, 12, 1,1.27629
1, 31, 18, 26, 10, 24, 11, 28, 6, 13, 25, 5, 27, 29, 19, 17, 16, 3, 21, 33, 2, 32, 30, 7, 4, 20, 23, 22, 14, 9, 8, 34, 15, 12, 1,1.27629
1, 31, 18, 26, 10, 24, 11, 28, 6, 13, 25, 5, 27, 29, 19, 17, 16, 3, 21, 33, 2, 32, 30, 7, 4, 20, 23, 22, 14, 9, 8, 34, 15, 12, 1,1.27629
1, 31, 18, 26, 10, 24, 11, 28, 6, 13, 25, 5, 27, 29, 19, 17, 16, 3, 21, 33, 2, 32, 30, 7, 4, 20, 23, 22, 14, 9, 8, 34, 15, 12, 1,1.27629
1, 31, 18, 26, 10, 24, 11, 28, 6, 13, 25, 5, 27, 29, 19, 17, 16, 3, 21, 33, 2, 32, 30, 7, 4, 20, 23, 22, 14, 9, 8, 34, 15, 12, 1,1.27629
1, 31, 18, 26, 10, 24, 11, 28, 6, 13, 25, 5, 27, 29, 19, 17, 16, 3, 21, 33, 2, 32, 30, 7, 4, 20, 23, 22, 14, 9, 8, 34, 15, 12, 1,1.27629
1, 31, 18, 26, 10, 24, 11, 28, 6, 13, 25, 5, 27, 29, 19, 17, 21, 33, 2, 32, 30, 7, 4, 20, 23, 22, 14, 16, 3, 9, 8, 34, 15, 12, 1,1.22544
1, 31, 18, 26, 10, 24, 11, 28, 6, 13, 25, 5, 27, 29, 19, 17, 21, 33, 2, 32, 30, 7, 4, 20, 23, 22, 14, 16, 3, 9, 8, 34, 15, 12, 1,1.22544
1, 31, 18, 26, 10, 24, 11, 28, 6, 13, 25, 5, 27, 29, 19, 17, 21, 33, 2, 32, 30, 7, 4, 20, 23, 22, 14, 16, 3, 9, 8, 34, 15, 12, 1,1.22544
1, 31, 18, 26, 10, 24, 11, 28, 6, 13, 25, 5, 27, 29, 19, 17, 21, 33, 2, 32, 30, 7, 4, 20, 23, 22, 14, 16, 3, 9, 8, 34, 15, 12, 1,1.22544
1, 31, 18, 26, 10, 24, 11, 28, 6, 13, 25, 5, 27, 29, 19, 17, 21, 33, 2, 32, 30, 7, 4, 20, 23, 22, 14, 16, 3, 9, 8, 34, 15, 12, 1,1.22544
1, 31, 18, 26, 10, 24, 11, 28, 6, 13, 25, 5, 27, 29, 19, 17, 21, 33, 2, 32, 30, 7, 4, 20, 23, 22, 14, 16, 3, 9, 8, 34, 15, 12, 1,1.22544
1, 31, 18, 26, 10, 24, 11, 28, 6, 13, 25, 5, 27, 29, 19, 17, 21, 33, 2, 32, 30, 7, 4, 20, 23, 22, 14, 16, 3, 9, 8, 34, 15, 12, 1,1.22544
1, 31, 18, 26, 10, 24, 11, 28, 6, 13, 25, 5, 27, 29, 19, 17, 21, 33, 2, 32, 30, 7, 4, 20, 23, 22, 14, 16, 3, 9, 8, 34, 15, 12, 1,1.22544
1, 31, 18, 26, 10, 24, 11, 28, 6, 13, 25, 5, 27, 29, 19, 17, 21, 33, 2, 32, 30, 7, 4, 20, 23, 22, 14, 16, 3, 9, 8, 34, 15, 12, 1,1.22544
1, 31, 18, 26, 10, 24, 11, 28, 6, 13, 25, 5, 27, 29, 19, 17, 21, 33, 2, 32, 30, 7, 4, 20, 23, 22, 14, 16, 3, 9, 8, 34, 15, 12, 1,1.22544
1, 31, 18, 26, 10, 24, 11, 28, 6, 13, 25, 5, 27, 29, 19, 17, 21, 33, 2, 32, 30, 7, 4, 20, 23, 22, 14, 16, 3, 9, 8, 34, 15, 12, 1,1.22544
1, 31, 18, 26, 10, 24, 11, 28, 6, 13, 25, 5, 27, 29, 19, 17, 21, 33, 2, 32, 30, 7, 4, 20, 23, 22, 14, 16, 3, 9, 8, 34, 15, 12, 1,1.22544
1, 31, 18, 26, 10, 24, 11, 28, 6, 13, 25, 5, 27, 29, 19, 17, 21, 33, 2, 32, 30, 7, 4, 20, 23, 22, 14, 16, 3, 9, 8, 34, 15, 12, 1,1.22544
1, 31, 18, 26, 10, 24, 11, 28, 6, 13, 25, 5, 27, 29, 19, 17, 21, 33, 2, 32, 30, 7, 4, 20, 23, 22, 14, 16, 3, 9, 8, 34, 15, 12, 1,1.22544
1, 31, 18, 26, 10, 24, 11, 28, 6, 13, 25, 5, 27, 29, 19, 17, 21, 33, 2, 32, 30, 7, 4, 20, 23, 22, 14, 16, 3, 9, 8, 34, 15, 12, 1,1.22544
1, 31, 18, 26, 10, 24, 11, 28, 6, 13, 25, 5, 27, 29, 19, 17, 21, 33, 2, 32, 30, 7, 4, 20, 23, 22, 14, 16, 3, 9, 8, 34, 15, 12, 1,1.22544
1, 31, 18, 26, 10, 24, 11, 28, 6, 13, 25, 5, 27, 29, 19, 17, 21, 33, 2, 32, 30, 7, 4, 20, 23, 22, 14, 16, 3, 9, 8, 34, 15, 12, 1,1.22544
1, 31, 18, 26, 10, 24, 11, 28, 6, 13, 25, 5, 27, 29, 19, 17, 21, 33, 2, 32, 30, 7, 4, 20, 23, 22, 14, 16, 3, 9, 8, 34, 15, 12, 1,1.22544
1, 31, 18, 26, 10, 24, 11, 28, 6, 13, 25, 5, 27, 29, 19, 17, 21, 33, 2, 32, 30, 7, 4, 20, 23, 22, 14, 16, 3, 9, 8, 34, 15, 12, 1,1.22544
1, 31, 18, 26, 10, 24, 11, 28, 6, 13, 25, 5, 27, 29, 19, 17, 21, 33, 2, 32, 30, 7, 4, 20, 23, 22, 14, 16, 3, 9, 8, 34, 15, 12, 1,1.22544
1, 31, 18, 26, 10, 24, 11, 28, 6, 13, 25, 5, 27, 29, 19, 17, 21, 33, 2, 32, 30, 7, 4, 20, 23, 22, 14, 16, 3, 9, 8, 34, 15, 12, 1,1.22544
1, 31, 18, 26, 10, 24, 11, 28, 6, 13, 25, 5, 27, 29, 19, 17, 21, 33, 2, 32, 30, 7, 4, 20, 23, 22, 14, 16, 3, 9, 8, 34, 15, 12, 1,1.22544
1, 31, 18, 26, 10, 24, 11, 28, 6, 13, 25, 5, 27, 29, 19, 17, 21, 33, 2, 32, 30, 7, 4, 20, 23, 22, 14, 16, 3, 9, 8, 34, 15, 12, 1,1.22544
1, 31, 18, 26, 10, 24, 11, 28, 6, 13, 25, 5, 27, 29, 19, 17, 21, 33, 2, 32, 30, 7, 4, 20, 23, 22, 14, 16, 3, 9, 8, 34, 15, 12, 1,1.22544
1, 31, 18, 26, 10, 24, 11, 28, 6, 13, 25, 5, 27, 29, 19, 17, 21, 33, 2, 32, 30, 7, 4, 20, 23, 22, 14, 16, 3, 9, 8, 34, 15, 12, 1,1.22544
1, 31, 18, 26, 10, 24, 11, 28, 6, 13, 25, 5, 27, 29, 19, 17, 21, 33, 2, 32, 30, 7, 4, 20, 23, 22, 14, 16, 3, 9, 8, 34, 15, 12, 1,1.22544
1, 31, 18, 26, 10, 24, 11, 28, 6, 13, 25, 5, 27, 29, 19, 17, 21, 33, 2, 32, 30, 7, 4, 20, 23, 22, 14, 16, 3, 9, 8, 34, 15, 12, 1,1.22544
1, 31, 18, 26, 10, 24, 11, 28, 6, 13, 25, 5, 27, 29, 19, 17, 21, 33, 2, 32, 30, 7, 4, 20, 23, 22, 14, 16, 3, 9, 8, 34, 15, 12, 1,1.22544
1, 31, 18, 26, 10, 24, 11, 28, 6, 13, 25, 5, 27, 29, 19, 17, 21, 33, 2, 32, 30, 7, 4, 20, 23, 22, 14, 16, 3, 9, 8, 34, 15, 12, 1,1.22544
1, 31, 18, 26, 10, 24, 11, 28, 6, 13, 25, 5, 27, 29, 19, 17, 21, 33, 2, 32, 30, 7, 4, 20, 23, 22, 14, 16, 3, 9, 8, 34, 15, 12, 1,1.22544
1, 31, 18, 26, 10, 24, 11, 28, 6, 13, 25, 5, 27, 29, 19, 17, 21, 33, 2, 32, 30, 7, 4, 20, 23, 22, 14, 16, 3, 9, 8, 34, 15, 12, 1,1.22544
1, 31, 18, 26, 10, 24, 11, 28, 6, 13, 25, 5, 27, 29, 19, 17, 21, 33, 2, 32, 30, 7, 4, 20, 23, 22, 14, 16, 3, 9, 8, 34, 15, 12, 1,1.22544
1, 31, 18, 26, 10, 24, 11, 28, 6, 13, 25, 5, 27, 29, 19, 17, 21, 33, 2, 32, 30, 7, 4, 20, 23, 22, 14, 16, 3, 9, 8, 34, 15, 12, 1,1.22544
1, 31, 18, 26, 10, 24, 11, 28, 6, 13, 25, 5, 27, 29, 19, 17, 21, 33, 2, 32, 30, 7, 4, 20, 23, 22, 14, 16, 3, 9, 8, 34, 15, 12, 1,1.22544
1, 31, 18, 26, 10, 24, 11, 28, 6, 13, 25, 5, 27, 29, 19, 17, 21, 33, 2, 32, 30, 7, 4, 20, 23, 22, 14, 16, 3, 9, 8, 34, 15, 12, 1,1.22544
1, 31, 18, 26, 10, 24, 11, 28, 6, 13, 25, 5, 27, 29, 19, 17, 21, 33, 2, 32, 30, 7, 4, 20, 23, 22, 14, 16, 3, 9, 8, 34, 15, 12, 1,1.22544
1, 31, 18, 26, 10, 24, 11, 28, 6, 13, 25, 5, 27, 29, 19, 17, 21, 33, 2, 32, 30, 7, 4, 20, 23, 22, 14, 16, 3, 9, 8, 34, 15, 12, 1,1.22544
1, 31, 18, 26, 10, 24, 11, 28, 6, 13, 25, 5, 27, 29, 19, 17, 21, 33, 2, 32, 30, 7, 4, 20, 23, 22, 14, 16, 3, 9, 8, 34, 15, 12, 1,1.22544
1, 31, 18, 26, 10, 24, 11, 28, 6, 13, 25, 5, 27, 29, 19, 17, 21, 33, 2, 32, 30, 7, 4, 20, 23, 22, 14, 16, 3, 9, 8, 34, 15, 12, 1,1.22544
1, 31, 18, 26, 10, 24, 11, 28, 6, 13, 25, 5, 27, 29, 19, 17, 21, 33, 2, 32, 30, 7, 4, 20, 23, 22, 14, 16, 3, 9, 8, 34, 15, 12, 1,1.22544
1, 31, 18, 26, 10, 24, 11, 28, 6, 13, 25, 5, 27, 29, 19, 17, 21, 33, 2, 32, 30, 7, 4, 20, 23, 22, 14, 16, 3, 9, 8, 34, 15, 12, 1,1.22544
1, 31, 18, 26, 10, 24, 11, 28, 6, 13, 25, 5, 27, 29, 19, 17, 21, 33, 2, 32, 30, 7, 4, 20, 23, 22, 14, 16, 3, 9, 8, 34, 15, 12, 1,1.22544
1, 31, 18, 26, 10, 24, 11, 28, 6, 13, 25, 5, 27, 29, 19, 17, 21, 33, 2, 32, 30, 7, 4, 20, 23, 22, 14, 16, 3, 9, 8, 34, 15, 12, 1,1.22544
1, 31, 18, 26, 10, 24, 11, 28, 6, 13, 25, 5, 27, 29, 19, 17, 21, 33, 2, 32, 30, 7, 4, 20, 23, 22, 14, 16, 3, 9, 8, 34, 15, 12, 1,1.22544
1, 31, 18, 26, 10, 24, 11, 28, 6, 13, 25, 5, 27, 29, 19, 17, 21, 33, 2, 32, 30, 7, 4, 20, 23, 22, 14, 16, 3, 9, 8, 34, 15, 12, 1,1.22544
1, 31, 18, 26, 10, 24, 11, 28, 6, 13, 25, 5, 27, 29, 19, 17, 21, 33, 2, 32, 30, 7, 4, 20, 23, 22, 14, 3, 16, 9, 8, 34, 15, 12, 1,1.22197
1, 31, 18, 26, 10, 24, 11, 28, 6, 13, 25, 5, 27, 29, 19, 17, 21, 33, 2, 32, 30, 7, 4, 20, 23, 22, 14, 3, 16, 9, 8, 34, 15, 12, 1,1.22197
1, 31, 18, 26, 10, 24, 11, 28, 6, 13, 25, 5, 27, 29, 19, 17, 21, 33, 2, 32, 30, 7, 4, 20, 23, 22, 14, 3, 16, 9, 8, 34, 15, 12, 1,1.22197
1, 31, 18, 26, 10, 24, 11, 28, 6, 13, 25, 5, 27, 29, 19, 17, 21, 33, 2, 32, 30, 7, 4, 20, 23, 22, 14, 3, 16, 9, 8, 34, 15, 12, 1,1.22197
1, 31, 18, 26, 10, 24, 11, 28, 6, 13, 25, 5, 27, 29, 19, 17, 21, 33, 2, 32, 30, 7, 4, 20, 23, 22, 14, 3, 16, 9, 8, 34, 15, 12, 1,1.22197
1, 31, 18, 26, 10, 24, 11, 28, 6, 13, 25, 5, 27, 29, 19, 17, 21, 33, 2, 32, 30, 7, 4, 20, 23, 22, 14, 3, 16, 9, 8, 34, 15, 12, 1,1.22197
1, 31, 18, 26, 10, 24, 11, 28, 6, 13, 25, 5, 27, 29, 19, 17, 21, 33, 2, 32, 30, 7, 4, 20, 23, 22, 14, 3, 16, 9, 8, 34, 15, 12, 1,1.22197
1, 31, 18, 26, 10, 24, 11, 28, 6, 13, 25, 5, 27, 29, 19, 17, 21, 33, 2, 32, 30, 7, 4, 20, 23, 22, 14, 3, 16, 9, 8, 34, 15, 12, 1,1.22197
1, 31, 18, 26, 10, 24, 11, 28, 6, 13, 25, 5, 27, 29, 19, 17, 21, 33, 2, 32, 30, 7, 4, 20, 23, 22, 14, 3, 16, 9, 8, 34, 15, 12, 1,1.22197
1, 31, 18, 26, 10, 24, 11, 28, 6, 13, 25, 5, 27, 29, 19, 17, 21, 33, 2, 32, 30, 7, 4, 20, 23, 22, 14, 3, 16, 9, 8, 34, 15, 12, 1,1.22197
1, 31, 18, 26, 10, 24, 11, 28, 6, 13, 25, 5, 27, 29, 19, 17, 21, 33, 2, 32, 30, 7, 4, 20, 23, 22, 14, 3, 16, 9, 8, 34, 15, 12, 1,1.22197
1, 31, 18, 26, 10, 24, 11, 28, 6, 13, 25, 5, 27, 29, 19, 17, 21, 33, 2, 32, 30, 7, 4, 20, 23, 22, 14, 3, 16, 9, 8, 34, 15, 12, 1,1.22197
1, 31, 18, 26, 10, 24, 11, 28, 6, 13, 25, 5, 27, 29, 19, 17, 21, 33, 2, 32, 30, 7, 4, 20, 23, 22, 14, 3, 16, 9, 8, 34, 15, 12, 1,1.22197
1, 31, 18, 26, 10, 24, 11, 28, 6, 13, 25, 5, 27, 29, 19, 17, 21, 33, 2, 32, 30, 7, 4, 20, 23, 22, 14, 3, 16, 9, 8, 34, 15, 12, 1,1.22197
1, 31, 18, 26, 10, 24, 11, 28, 6, 13, 25, 5, 27, 29, 19, 17, 21, 33, 2, 32, 30, 7, 4, 20, 23, 22, 14, 3, 16, 9, 8, 34, 15, 12, 1,1.22197
1, 31, 18, 26, 10, 24, 11, 28, 6, 13, 25, 5, 27, 29, 19, 17, 21, 33, 2, 32, 30, 7, 4, 20, 23, 22, 14, 3, 16, 9, 8, 34, 15, 12, 1,1.22197
1, 31, 18, 26, 10, 24, 11, 28, 6, 13, 25, 5, 27, 29, 19, 17, 21, 33, 2, 32, 30, 7, 4, 20, 23, 22, 14, 3, 16, 9, 8, 34, 15, 12, 1,1.22197
1, 31, 18, 26, 10, 24, 11, 28, 6, 13, 25, 5, 27, 29, 19, 17, 21, 33, 2, 32, 30, 7, 4, 20, 23, 22, 14, 3, 16, 9, 8, 34, 15, 12, 1,1.22197
1, 31, 18, 26, 10, 24, 11, 28, 6, 13, 25, 5, 27, 29, 19, 17, 21, 33, 2, 32, 30, 7, 4, 20, 23, 22, 14, 3, 16, 9, 8, 34, 15, 12, 1,1.22197
1, 31, 18, 26, 10, 24, 11, 28, 6, 13, 25, 5, 27, 29, 19, 17, 21, 33, 2, 32, 30, 7, 4, 20, 23, 22, 14, 3, 16, 9, 8, 34, 15, 12, 1,1.22197
1, 31, 18, 26, 10, 24, 11, 28, 6, 13, 25, 5, 27, 29, 19, 17, 21, 33, 2, 32, 30, 7, 4, 20, 23, 22, 14, 3, 16, 9, 8, 34, 15, 12, 1,1.22197
1, 31, 18, 26, 10, 24, 11, 28, 6, 13, 25, 5, 27, 29, 19, 17, 21, 33, 2, 32, 30, 7, 4, 20, 23, 22, 14, 3, 16, 9, 8, 34, 15, 12, 1,1.22197
1, 31, 18, 26, 10, 24, 11, 28, 6, 13, 25, 5, 27, 29, 19, 17, 21, 33, 2, 32, 30, 7, 4, 20, 23, 22, 14, 3, 16, 9, 8, 34, 15, 12, 1,1.22197
1, 31, 18, 26, 10, 24, 11, 28, 6, 13, 25, 5, 27, 29, 19, 17, 21, 33, 2, 32, 30, 7, 4, 20, 23, 22, 14, 3, 16, 9, 8, 34, 15, 12, 1,1.22197
1, 31, 18, 26, 10, 24, 11, 28, 6, 13, 25, 5, 27, 29, 19, 17, 21, 33, 2, 32, 30, 7, 4, 20, 23, 22, 14, 3, 16, 9, 8, 34, 15, 12, 1,1.22197
1, 31, 18, 26, 10, 24, 11, 28, 6, 13, 25, 5, 27, 29, 19, 17, 21, 33, 2, 32, 30, 7, 4, 20, 23, 22, 14, 3, 16, 9, 8, 34, 15, 12, 1,1.22197
1, 31, 18, 26, 10, 24, 11, 28, 6, 13, 25, 5, 27, 29, 19, 17, 21, 33, 2, 32, 30, 7, 4, 20, 23, 22, 14, 3, 16, 9, 8, 34, 15, 12, 1,1.22197
1, 31, 18, 26, 10, 24, 11, 28, 6, 13, 25, 5, 27, 29, 19, 17, 21, 33, 2, 32, 30, 7, 4, 20, 23, 22, 14, 3, 16, 9, 8, 34, 15, 12, 1,1.22197
1, 31, 18, 26, 10, 24, 11, 28, 6, 13, 25, 5, 27, 29, 19, 17, 21, 33, 2, 32, 30, 7, 4, 20, 23, 22, 14, 3, 16, 9, 8, 34, 15, 12, 1,1.22197
1, 31, 18, 26, 10, 24, 11, 28, 6, 13, 25, 5, 27, 29, 19, 17, 21, 33, 2, 32, 30, 7, 4, 20, 23, 22, 14, 3, 16, 9, 8, 34, 15, 12, 1,1.22197
1, 31, 18, 26, 10, 24, 11, 28, 6, 13, 25, 5, 27, 29, 19, 17, 21, 33, 2, 32, 30, 7, 4, 20, 23, 22, 14, 3, 16, 9, 8, 34, 15, 12, 1,1.22197
1, 31, 18, 26, 10, 24, 11, 28, 6, 13, 25, 5, 27, 29, 19, 17, 21, 33, 2, 32, 30, 7, 4, 20, 23, 22, 14, 3, 16, 9, 8, 34, 15, 12, 1,1.22197
1, 31, 18, 26, 10, 24, 11, 28, 6, 13, 25, 5, 27, 29, 19, 17, 21, 33, 2, 32, 30, 7, 4, 20, 23, 22, 14, 3, 16, 9, 8, 34, 15, 12, 1,1.22197
1, 31, 18, 26, 10, 24, 11, 28, 6, 13, 25, 5, 27, 29, 19, 17, 21, 33, 2, 32, 30, 7, 4, 20, 23, 22, 14, 3, 16, 9, 8, 34, 15, 12, 1,1.22197
1, 31, 18, 26, 10, 24, 11, 28, 6, 13, 25, 5, 27, 29, 19, 17, 21, 33, 2, 32, 30, 7, 4, 20, 23, 22, 14, 3, 16, 9, 8, 34, 15, 12, 1,1.22197
1, 31, 18, 26, 10, 24, 11, 28, 6, 13, 25, 5, 27, 29, 19, 17, 21, 33, 2, 32, 30, 7, 4, 20, 23, 22, 14, 3, 16, 9, 8, 34, 15, 12, 1,1.22197
1, 31, 18, 26, 10, 24, 11, 28, 6, 13, 25, 5, 27, 29, 19, 17, 21, 33, 2, 32, 30, 7, 4, 20, 23, 22, 14, 3, 16, 9, 8, 34, 15, 12, 1,1.22197
1, 31, 18, 26, 10, 24, 11, 28, 6, 13, 25, 5, 27, 29, 19, 17, 21, 33, 2, 32, 30, 7, 4, 20, 23, 22, 14, 3, 16, 9, 8, 34, 15, 12, 1,1.22197
1, 31, 18, 26, 10, 24, 11, 28, 6, 13, 25, 5, 27, 29, 19, 17, 21, 33, 2, 32, 30, 7, 4, 20, 23, 22, 14, 3, 16, 9, 8, 34, 15, 12, 1,1.22197
1, 31, 18, 26, 10, 24, 11, 28, 6, 13, 25, 5, 27, 29, 19, 17, 21, 33, 2, 32, 30, 7, 4, 20, 23, 22, 14, 3, 16, 9, 8, 34, 15, 12, 1,1.22197
1, 31, 18, 26, 10, 24, 11, 28, 6, 13, 25, 5, 27, 29, 19, 17, 21, 33, 2, 32, 30, 7, 4, 20, 23, 22, 14, 3, 16, 9, 8, 34, 15, 12, 1,1.22197
1, 31, 18, 26, 10, 24, 11, 28, 6, 13, 25, 5, 27, 29, 19, 17, 21, 33, 2, 32, 30, 7, 4, 20, 23, 22, 14, 3, 16, 9, 8, 34, 15, 12, 1,1.22197
1, 31, 18, 26, 10, 24, 11, 28, 6, 13, 25, 5, 27, 29, 19, 17, 21, 33, 2, 32, 30, 7, 4, 20, 23, 22, 14, 3, 16, 9, 8, 34, 15, 12, 1,1.22197
1, 31, 18, 26, 10, 24, 11, 28, 6, 13, 25, 5, 27, 29, 19, 17, 21, 33, 2, 32, 30, 7, 4, 20, 23, 22, 14, 3, 16, 9, 8, 34, 15, 12, 1,1.22197
1, 31, 18, 26, 10, 24, 11, 28, 6, 13, 25, 5, 27, 29, 19, 17, 21, 33, 2, 32, 30, 7, 4, 20, 23, 22, 14, 3, 16, 9, 8, 34, 15, 12, 1,1.22197
1, 31, 18, 26, 10, 24, 11, 28, 6, 13, 25, 5, 27, 29, 19, 17, 21, 33, 2, 32, 30, 7, 4, 20, 23, 22, 14, 3, 16, 9, 8, 34, 15, 12, 1,1.22197
1, 31, 18, 26, 10, 24, 11, 28, 6, 13, 25, 5, 27, 29, 19, 17, 21, 33, 2, 32, 30, 7, 4, 20, 23, 22, 14, 3, 16, 9, 8, 34, 15, 12, 1,1.22197
1, 31, 18, 26, 10, 24, 11, 28, 6, 13, 25, 5, 27, 29, 19, 17, 21, 33, 2, 32, 30, 7, 4, 20, 23, 22, 14, 3, 16, 9, 8, 34, 15, 12, 1,1.22197
1, 31, 18, 26, 10, 24, 11, 28, 6, 13, 25, 5, 27, 29, 19, 17, 21, 33, 2, 32, 30, 7, 4, 20, 23, 22, 14, 3, 16, 9, 8, 34, 15, 12, 1,1.22197
1, 31, 18, 26, 10, 24, 11, 28, 6, 13, 25, 5, 27, 29, 19, 17, 21, 33, 2, 32, 30, 7, 4, 20, 23, 22, 14, 3, 16, 9, 8, 34, 15, 12, 1,1.22197
1, 31, 18, 26, 10, 24, 11, 28, 6, 13, 25, 5, 27, 29, 19, 17, 21, 33, 2, 32, 30, 7, 4, 20, 23, 22, 14, 3, 16, 9, 8, 34, 15, 12, 1,1.22197
1, 31, 18, 26, 10, 24, 11, 28, 6, 13, 25, 5, 27, 29, 19, 17, 21, 33, 2, 32, 30, 7, 4, 20, 23, 22, 14, 3, 16, 9, 8, 34, 15, 12, 1,1.22197
1, 31, 18, 26, 10, 24, 11, 28, 6, 13, 25, 5, 27, 29, 19, 17, 21, 33, 2, 32, 30, 7, 4, 20, 23, 22, 14, 3, 16, 9, 8, 34, 15, 12, 1,1.22197
1, 31, 18, 26, 10, 24, 11, 28, 6, 13, 25, 5, 27, 29, 19, 17, 21, 33, 2, 32, 30, 7, 4, 20, 23, 22, 14, 3, 16, 9, 8, 34, 15, 12, 1,1.22197
1, 31, 18, 26, 10, 24, 11, 28, 6, 13, 25, 5, 27, 29, 19, 17, 21, 33, 2, 32, 30, 7, 4, 20, 23, 22, 14, 3, 16, 9, 8, 34, 15, 12, 1,1.22197
1, 31, 18, 26, 10, 24, 11, 28, 6, 13, 25, 5, 27, 29, 19, 17, 21, 33, 2, 32, 30, 7, 4, 20, 23, 22, 14, 3, 16, 9, 8, 34, 15, 12, 1,1.22197
1, 31, 18, 26, 10, 24, 11, 28, 6, 13, 25, 5, 27, 29, 19, 17, 21, 33, 2, 32, 30, 7, 4, 20, 23, 22, 14, 3, 16, 9, 8, 34, 15, 12, 1,1.22197
1, 31, 18, 26, 10, 24, 11, 28, 6, 13, 25, 5, 27, 29, 19, 17, 21, 33, 2, 32, 30, 7, 4, 20, 23, 22, 14, 3, 16, 9, 8, 34, 15, 12, 1,1.22197
1, 31, 18, 26, 10, 24, 11, 28, 6, 13, 25, 5, 27, 29, 19, 17, 21, 33, 2, 32, 30, 7, 4, 20, 23, 22, 14, 3, 16, 9, 8, 34, 15, 12, 1,1.22197
1, 31, 18, 26, 10, 24, 11, 28, 6, 13, 25, 5, 27, 29, 19, 17, 21, 33, 2, 32, 30, 7, 4, 20, 23, 22, 14, 3, 16, 9, 8, 34, 15, 12, 1,1.22197
1, 31, 18, 26, 10, 24, 11, 28, 6, 13, 25, 5, 27, 29, 19, 17, 21, 33, 2, 32, 30, 7, 4, 20, 23, 22, 14, 3, 16, 9, 8, 34, 15, 12, 1,1.22197
1, 31, 18, 26, 10, 24, 11, 28, 6, 13, 25, 5, 27, 29, 19, 17, 21, 33, 2, 32, 30, 7, 4, 20, 23, 22, 14, 3, 16, 9, 8, 34, 15, 12, 1,1.22197
1, 31, 18, 26, 10, 24, 11, 28, 6, 13, 25, 5, 27, 29, 19, 17, 21, 33, 2, 32, 30, 7, 4, 20, 23, 22, 14, 3, 16, 9, 8, 34, 15, 12, 1,1.22197
1, 31, 18, 26, 10, 24, 11, 28, 6, 13, 25, 5, 27, 29, 19, 17, 21, 33, 2, 32, 30, 7, 4, 20, 23, 22, 14, 3, 16, 9, 8, 34, 15, 12, 1,1.22197
1, 31, 18, 26, 10, 24, 11, 28, 6, 13, 25, 5, 27, 29, 19, 17, 21, 33, 2, 32, 30, 7, 4, 20, 23, 22, 14, 3, 16, 9, 8, 34, 15, 12, 1,1.22197
1, 31, 18, 26, 10, 24, 11, 28, 6, 13, 25, 5, 27, 29, 19, 17, 21, 33, 2, 32, 30, 7, 4, 20, 23, 22, 14, 3, 16, 9, 8, 34, 15, 12, 1,1.22197
1, 31, 18, 26, 10, 24, 11, 28, 6, 13, 25, 5, 27, 29, 19, 17, 21, 33, 2, 32, 30, 7, 4, 20, 23, 22, 14, 3, 16, 9, 8, 34, 15, 12, 1,1.22197
1, 31, 18, 26, 10, 24, 11, 28, 6, 13, 25, 5, 27, 29, 19, 17, 21, 33, 2, 32, 30, 7, 4, 20, 23, 22, 14, 3, 16, 9, 8, 34, 15, 12, 1,1.22197
1, 31, 18, 26, 10, 24, 11, 28, 6, 13, 25, 5, 27, 29, 19, 17, 21, 33, 2, 32, 30, 7, 4, 20, 23, 22, 14, 3, 16, 9, 8, 34, 15, 12, 1,1.22197
1, 31, 18, 26, 10, 24, 11, 28, 6, 13, 25, 5, 27, 29, 19, 17, 21, 33, 2, 32, 30, 7, 4, 20, 23, 22, 14, 3, 16, 9, 8, 34, 15, 12, 1,1.22197
1, 31, 18, 26, 10, 24, 11, 28, 6, 13, 25, 5, 27, 29, 19, 17, 21, 33, 2, 32, 30, 7, 4, 20, 23, 22, 14, 3, 16, 9, 8, 34, 15, 12, 1,1.22197
1, 31, 18, 26, 10, 24, 11, 28, 6, 13, 25, 5, 27, 29, 19, 17, 21, 33, 2, 32, 30, 7, 4, 20, 23, 22, 14, 3, 16, 9, 8, 34, 15, 12, 1,1.22197
1, 31, 18, 26, 10, 24, 11, 28, 6, 13, 25, 5, 27, 29, 19, 17, 21, 33, 2, 32, 30, 7, 4, 20, 23, 22, 14, 3, 16, 9, 8, 34, 15, 12, 1,1.22197
1, 31, 18, 26, 10, 24, 11, 28, 6, 13, 25, 5, 27, 29, 19, 17, 21, 33, 2, 32, 30, 7, 4, 20, 23, 22, 14, 3, 16, 9, 8, 34, 15, 12, 1,1.22197
1, 31, 18, 26, 10, 24, 11, 28, 6, 13, 25, 5, 27, 29, 19, 17, 21, 33, 2, 32, 30, 7, 4, 20, 23, 22, 14, 3, 16, 9, 8, 34, 15, 12, 1,1.22197
1, 31, 18, 26, 10, 24, 11, 28, 6, 13, 25, 5, 27, 29, 19, 17, 21, 33, 2, 32, 30, 7, 4, 20, 23, 22, 14, 3, 16, 9, 8, 34, 15, 12, 1,1.22197
1, 31, 18, 26, 10, 24, 11, 28, 6, 13, 25, 5, 27, 29, 19, 17, 21, 33, 2, 32, 30, 7, 4, 20, 23, 22, 14, 3, 16, 9, 8, 34, 15, 12, 1,1.22197
1, 31, 18, 26, 10, 24, 11, 28, 6, 13, 25, 5, 27, 29, 19, 17, 21, 33, 2, 32, 30, 7, 4, 20, 23, 22, 14, 3, 16, 9, 8, 34, 15, 12, 1,1.22197
1, 31, 18, 26, 10, 24, 11, 28, 6, 13, 25, 5, 27, 29, 19, 17, 21, 33, 2, 32, 30, 7, 4, 20, 23, 22, 14, 3, 16, 9, 8, 34, 15, 12, 1,1.22197
1, 31, 18, 26, 10, 24, 11, 28, 6, 13, 25, 5, 27, 29, 19, 17, 21, 33, 2, 32, 30, 7, 4, 20, 23, 22, 14, 3, 16, 9, 8, 34, 15, 12, 1,1.22197
1, 31, 18, 26, 10, 24, 11, 28, 6, 13, 25, 5, 27, 29, 19, 17, 21, 33, 2, 32, 30, 7, 4, 20, 23, 22, 14, 3, 16, 9, 8, 34, 15, 12, 1,1.22197
1, 31, 18, 26, 10, 24, 11, 28, 6, 13, 25, 5, 27, 29, 19, 17, 21, 33, 2, 32, 30, 7, 4, 20, 23, 22, 14, 3, 16, 9, 8, 34, 15, 12, 1,1.22197
1, 31, 18, 26, 10, 24, 11, 28, 6, 13, 25, 5, 27, 29, 19, 17, 21, 33, 2, 32, 30, 7, 4, 20, 23, 22, 14, 3, 16, 9, 8, 34, 15, 12, 1,1.22197
1, 31, 18, 26, 10, 24, 11, 28, 6, 13, 25, 5, 27, 29, 19, 17, 21, 33, 2, 32, 30, 7, 4, 20, 23, 22, 14, 3, 16, 9, 8, 34, 15, 12, 1,1.22197
1, 31, 18, 26, 10, 24, 11, 28, 6, 13, 25, 5, 27, 29, 19, 17, 21, 33, 2, 32, 30, 7, 4, 20, 23, 22, 14, 3, 16, 9, 8, 34, 15, 12, 1,1.22197
1, 31, 18, 26, 10, 24, 11, 28, 6, 13, 25, 5, 27, 29, 19, 17, 21, 33, 2, 32, 30, 7, 4, 20, 23, 22, 14, 3, 16, 9, 8, 34, 15, 12, 1,1.22197
1, 31, 18, 26, 10, 24, 11, 28, 6, 13, 25, 5, 27, 29, 19, 17, 21, 33, 2, 32, 30, 7, 4, 20, 23, 22, 14, 3, 16, 9, 8, 34, 15, 12, 1,1.22197
1, 31, 18, 26, 10, 24, 11, 28, 6, 13, 25, 5, 27, 29, 19, 17, 21, 33, 2, 32, 30, 7, 4, 20, 23, 22, 14, 3, 16, 9, 8, 34, 15, 12, 1,1.22197
1, 31, 18, 26, 10, 24, 11, 28, 6, 13, 25, 5, 27, 29, 19, 17, 21, 33, 2, 32, 30, 7, 4, 20, 23, 22, 14, 3, 16, 9, 8, 34, 15, 12, 1,1.22197
1, 31, 18, 26, 10, 24, 11, 28, 6, 13, 25, 5, 27, 29, 19, 17, 21, 33, 2, 32, 30, 7, 4, 20, 23, 22, 14, 3, 16, 9, 8, 34, 15, 12, 1,1.22197
1, 31, 18, 26, 10, 24, 11, 28, 6, 13, 25, 5, 27, 29, 19, 17, 21, 33, 2, 32, 30, 7, 4, 20, 23, 22, 14, 3, 16, 9, 8, 34, 15, 12, 1,1.22197
1, 31, 18, 26, 10, 24, 11, 28, 6, 13, 25, 5, 27, 29, 19, 17, 21, 33, 2, 32, 30, 7, 4, 20, 23, 22, 14, 3, 16, 9, 8, 34, 15, 12, 1,1.22197
1, 31, 18, 26, 10, 24, 11, 28, 6, 13, 25, 5, 27, 29, 19, 17, 21, 33, 2, 32, 30, 7, 4, 20, 23, 22, 14, 3, 16, 9, 8, 34, 15, 12, 1,1.22197
1, 31, 18, 26, 10, 24, 11, 28, 6, 13, 25, 5, 27, 29, 19, 17, 21, 33, 2, 32, 30, 7, 4, 20, 23, 22, 14, 3, 16, 9, 8, 34, 15, 12, 1,1.22197
1, 31, 18, 26, 10, 24, 11, 28, 6, 13, 25, 5, 27, 29, 19, 17, 21, 33, 2, 32, 30, 7, 4, 20, 23, 22, 14, 3, 16, 9, 8, 34, 15, 12, 1,1.22197
1, 31, 18, 26, 10, 24, 11, 28, 6, 13, 25, 5, 27, 29, 19, 17, 21, 33, 2, 32, 30, 7, 4, 20, 23, 22, 14, 3, 16, 9, 8, 34, 15, 12, 1,1.22197
1, 31, 18, 26, 10, 24, 11, 28, 6, 13, 25, 5, 27, 29, 19, 17, 21, 33, 2, 32, 30, 7, 4, 20, 23, 22, 14, 3, 16, 9, 8, 34, 15, 12, 1,1.22197
1, 31, 18, 26, 10, 24, 11, 28, 6, 13, 25, 5, 27, 29, 19, 17, 21, 33, 2, 32, 30, 7, 4, 20, 23, 22, 14, 3, 16, 9, 8, 34, 15, 12, 1,1.22197
1, 31, 18, 26, 10, 24, 11, 28, 6, 13, 25, 5, 27, 29, 19, 17, 21, 33, 2, 32, 30, 7, 4, 20, 23, 22, 14, 3, 16, 9, 8, 34, 15, 12, 1,1.22197
1, 31, 18, 26, 10, 24, 11, 28, 6, 13, 25, 5, 27, 29, 19, 17, 21, 33, 2, 32, 30, 7, 4, 20, 23, 22, 14, 3, 16, 9, 8, 34, 15, 12, 1,1.22197
1, 31, 18, 26, 10, 24, 11, 28, 6, 13, 25, 5, 27, 29, 19, 17, 21, 33, 2, 32, 30, 7, 4, 20, 23, 22, 14, 3, 16, 9, 8, 34, 15, 12, 1,1.22197
1, 31, 18, 26, 10, 24, 11, 28, 6, 13, 25, 5, 27, 29, 19, 17, 21, 33, 2, 32, 30, 7, 4, 20, 23, 22, 14, 3, 16, 9, 8, 34, 15, 12, 1,1.22197
1, 31, 18, 26, 10, 24, 11, 28, 6, 13, 25, 5, 27, 29, 19, 17, 21, 33, 2, 32, 30, 7, 4, 20, 23, 22, 14, 3, 16, 9, 8, 34, 15, 12, 1,1.22197
1, 31, 18, 26, 10, 24, 11, 28, 6, 13, 25, 5, 27, 29, 19, 17, 21, 33, 2, 32, 30, 7, 4, 20, 23, 22, 14, 3, 16, 9, 8, 34, 15, 12, 1,1.22197
1, 31, 18, 26, 10, 24, 11, 28, 6, 13, 25, 5, 27, 29, 19, 17, 21, 33, 2, 32, 30, 7, 4, 20, 23, 22, 14, 3, 16, 9, 8, 34, 15, 12, 1,1.22197
1, 31, 18, 26, 10, 24, 11, 28, 6, 13, 25, 5, 27, 29, 19, 17, 21, 33, 2, 32, 30, 7, 4, 20, 23, 22, 14, 3, 16, 9, 8, 34, 15, 12, 1,1.22197
1, 31, 18, 26, 10, 24, 11, 28, 6, 13, 25, 5, 27, 29, 19, 17, 21, 33, 2, 32, 30, 7, 4, 20, 23, 22, 14, 3, 16, 9, 8, 34, 15, 12, 1,1.22197
1, 31, 18, 26, 10, 24, 11, 28, 6, 13, 25, 5, 27, 29, 19, 17, 21, 33, 2, 32, 30, 7, 4, 20, 23, 22, 14, 3, 16, 9, 8, 34, 15, 12, 1,1.22197
1, 31, 18, 26, 10, 24, 11, 28, 6, 13, 25, 5, 27, 29, 19, 17, 21, 33, 2, 32, 30, 7, 4, 20, 23, 22, 14, 3, 16, 9, 8, 34, 15, 12, 1,1.22197
1, 31, 18, 26, 10, 24, 11, 28, 6, 13, 25, 5, 27, 29, 19, 17, 21, 33, 2, 32, 30, 7, 4, 20, 23, 22, 14, 3, 16, 9, 8, 34, 15, 12, 1,1.22197
1, 31, 18, 26, 10, 24, 11, 28, 6, 13, 25, 5, 27, 29, 19, 17, 21, 33, 2, 32, 30, 7, 4, 20, 23, 22, 14, 3, 16, 9, 8, 34, 15, 12, 1,1.22197
1, 31, 18, 26, 10, 24, 11, 28, 6, 13, 25, 5, 27, 29, 19, 17, 21, 33, 2, 32, 30, 7, 4, 20, 23, 22, 14, 3, 16, 9, 8, 34, 15, 12, 1,1.22197
1, 31, 18, 26, 10, 24, 11, 28, 6, 13, 25, 5, 27, 29, 19, 17, 21, 33, 2, 32, 30, 7, 4, 20, 23, 22, 14, 3, 16, 9, 8, 34, 15, 12, 1,1.22197
1, 31, 18, 26, 10, 24, 11, 28, 6, 13, 25, 5, 27, 29, 19, 17, 21, 33, 2, 32, 30, 7, 4, 20, 23, 22, 14, 3, 16, 9, 8, 34, 15, 12, 1,1.22197
1, 31, 18, 26, 10, 24, 11, 28, 6, 13, 25, 5, 27, 29, 19, 17, 21, 33, 2, 32, 30, 7, 4, 20, 23, 22, 14, 3, 16, 9, 8, 34, 15, 12, 1,1.22197
1, 31, 18, 26, 10, 24, 11, 28, 6, 13, 25, 5, 27, 29, 19, 17, 21, 33, 2, 32, 30, 7, 4, 20, 23, 22, 14, 3, 16, 9, 8, 34, 15, 12, 1,1.22197
1, 31, 18, 26, 10, 24, 11, 28, 6, 13, 25, 5, 27, 29, 19, 17, 21, 33, 2, 32, 30, 7, 4, 20, 23, 22, 14, 3, 16, 9, 8, 34, 15, 12, 1,1.22197
1, 31, 18, 26, 10, 24, 11, 28, 6, 13, 25, 5, 27, 29, 19, 17, 21, 33, 2, 32, 30, 7, 4, 20, 23, 22, 14, 3, 16, 9, 8, 34, 15, 12, 1,1.22197
1, 31, 18, 26, 10, 24, 11, 28, 6, 13, 25, 5, 27, 29, 19, 17, 21, 33, 2, 32, 30, 7, 4, 20, 23, 22, 14, 3, 16, 9, 8, 34, 15, 12, 1,1.22197
1, 31, 18, 26, 10, 24, 11, 28, 6, 13, 25, 5, 27, 29, 19, 17, 21, 33, 2, 32, 30, 7, 4, 20, 23, 22, 14, 3, 16, 9, 8, 34, 15, 12, 1,1.22197
1, 31, 18, 26, 10, 24, 11, 28, 6, 13, 25, 5, 27, 29, 19, 17, 21, 33, 2, 32, 30, 7, 4, 20, 23, 22, 14, 3, 16, 9, 8, 34, 15, 12, 1,1.22197
1, 31, 18, 26, 10, 24, 11, 28, 6, 13, 25, 5, 27, 29, 19, 17, 21, 33, 2, 32, 30, 7, 4, 20, 23, 22, 14, 3, 16, 9, 8, 34, 15, 12, 1,1.22197
1, 31, 18, 26, 10, 24, 11, 28, 6, 13, 25, 5, 27, 29, 19, 17, 21, 33, 2, 32, 30, 7, 4, 20, 23, 22, 14, 3, 16, 9, 8, 34, 15, 12, 1,1.22197
1, 31, 18, 26, 10, 24, 11, 28, 6, 13, 25, 5, 27, 29, 19, 17, 21, 33, 2, 32, 30, 7, 4, 20, 23, 22, 14, 3, 16, 9, 8, 34, 15, 12, 1,1.22197
1, 31, 18, 26, 10, 24, 11, 28, 6, 13, 25, 5, 27, 29, 19, 17, 21, 33, 2, 32, 30, 7, 4, 20, 23, 22, 14, 3, 16, 9, 8, 34, 15, 12, 1,1.22197
1, 31, 18, 26, 10, 24, 11, 28, 6, 13, 25, 5, 27, 29, 19, 17, 21, 33, 2, 32, 30, 7, 4, 20, 23, 22, 14, 3, 16, 9, 8, 34, 15, 12, 1,1.22197
1, 31, 18, 26, 10, 24, 11, 28, 6, 13, 25, 5, 27, 29, 19, 17, 21, 33, 2, 32, 30, 7, 4, 20, 23, 22, 14, 3, 16, 9, 8, 34, 15, 12, 1,1.22197
1, 31, 18, 26, 10, 24, 11, 28, 6, 13, 25, 5, 27, 29, 19, 17, 21, 33, 2, 32, 30, 7, 4, 20, 23, 22, 14, 3, 16, 9, 8, 34, 15, 12, 1,1.22197
1, 31, 18, 26, 10, 24, 11, 28, 6, 13, 25, 5, 27, 29, 19, 17, 21, 33, 2, 32, 30, 7, 4, 20, 23, 22, 14, 3, 16, 9, 8, 34, 15, 12, 1,1.22197
1, 31, 18, 26, 10, 24, 11, 28, 6, 13, 25, 5, 27, 29, 19, 17, 21, 33, 2, 32, 30, 7, 4, 20, 23, 22, 14, 3, 16, 9, 8, 34, 15, 12, 1,1.22197
1, 31, 18, 26, 10, 24, 11, 28, 6, 13, 25, 5, 27, 29, 19, 17, 21, 33, 2, 32, 30, 7, 4, 20, 23, 22, 14, 3, 16, 9, 8, 34, 15, 12, 1,1.22197
1, 31, 18, 26, 10, 24, 11, 28, 6, 13, 25, 5, 27, 29, 19, 17, 21, 33, 2, 32, 30, 7, 4, 20, 23, 22, 14, 3, 16, 9, 8, 34, 15, 12, 1,1.22197
1, 31, 18, 26, 10, 24, 11, 28, 6, 13, 25, 5, 27, 29, 19, 17, 21, 33, 2, 32, 30, 7, 4, 20, 23, 22, 14, 3, 16, 9, 8, 34, 15, 12, 1,1.22197
1, 31, 18, 26, 10, 24, 11, 28, 6, 13, 25, 5, 27, 29, 19, 17, 21, 33, 2, 32, 30, 7, 4, 20, 23, 22, 14, 3, 16, 9, 8, 34, 15, 12, 1,1.22197
1, 31, 18, 26, 10, 24, 11, 28, 6, 13, 25, 5, 27, 29, 19, 17, 21, 33, 2, 32, 30, 7, 4, 20, 23, 22, 14, 3, 16, 9, 8, 34, 15, 12, 1,1.22197
1, 31, 18, 26, 10, 24, 11, 28, 6, 13, 25, 5, 27, 29, 19, 17, 21, 33, 2, 32, 30, 7, 4, 20, 23, 22, 14, 3, 16, 9, 8, 34, 15, 12, 1,1.22197
1, 31, 18, 26, 10, 24, 11, 28, 6, 13, 25, 5, 27, 29, 19, 17, 21, 33, 2, 32, 30, 7, 4, 20, 23, 22, 14, 3, 16, 9, 8, 34, 15, 12, 1,1.22197
1, 31, 18, 26, 10, 24, 11, 28, 6, 13, 25, 5, 27, 29, 19, 17, 21, 33, 2, 32, 30, 7, 4, 20, 23, 22, 14, 3, 16, 9, 8, 34, 15, 12, 1,1.22197
1, 31, 18, 26, 10, 24, 11, 28, 6, 13, 25, 5, 27, 29, 19, 17, 21, 33, 2, 32, 30, 7, 4, 20, 23, 22, 14, 3, 16, 9, 8, 34, 15, 12, 1,1.22197
1, 31, 18, 26, 10, 24, 11, 28, 6, 13, 25, 5, 27, 29, 19, 17, 21, 33, 2, 32, 30, 7, 4, 20, 23, 22, 14, 3, 16, 9, 8, 34, 15, 12, 1,1.22197
1, 31, 18, 26, 10, 24, 11, 28, 6, 13, 25, 5, 27, 29, 19, 17, 21, 33, 2, 32, 30, 7, 4, 20, 23, 22, 14, 3, 16, 9, 8, 34, 15, 12, 1,1.22197
1, 31, 18, 26, 10, 24, 11, 28, 6, 13, 25, 5, 27, 29, 19, 17, 21, 33, 2, 32, 30, 7, 4, 20, 23, 22, 14, 3, 16, 9, 8, 34, 15, 12, 1,1.22197
1, 31, 18, 26, 10, 24, 11, 28, 6, 13, 25, 5, 27, 29, 19, 17, 21, 33, 2, 32, 30, 7, 4, 20, 23, 22, 14, 3, 16, 9, 8, 34, 15, 12, 1,1.22197
1, 31, 18, 26, 10, 24, 11, 28, 6, 13, 25, 5, 27, 29, 19, 17, 21, 33, 2, 32, 30, 7, 4, 20, 23, 22, 14, 3, 16, 9, 8, 34, 15, 12, 1,1.22197
1, 31, 18, 26, 10, 24, 11, 28, 6, 13, 25, 5, 27, 29, 19, 17, 21, 33, 2, 32, 30, 7, 4, 20, 23, 22, 14, 3, 16, 9, 8, 34, 15, 12, 1,1.22197
1, 31, 18, 26, 10, 24, 11, 28, 6, 13, 25, 5, 27, 29, 19, 17, 21, 33, 2, 32, 30, 7, 4, 20, 23, 22, 14, 3, 16, 9, 8, 34, 15, 12, 1,1.22197
1, 31, 18, 26, 10, 24, 11, 28, 6, 13, 25, 5, 27, 29, 19, 17, 21, 33, 2, 32, 30, 7, 4, 20, 23, 22, 14, 3, 16, 9, 8, 34, 15, 12, 1,1.22197
1, 31, 18, 26, 10, 24, 11, 28, 6, 13, 25, 5, 27, 29, 19, 17, 21, 33, 2, 32, 30, 7, 4, 20, 23, 22, 14, 3, 16, 9, 8, 34, 15, 12, 1,1.22197
1, 31, 18, 26, 10, 24, 11, 28, 6, 13, 25, 5, 27, 29, 19, 17, 21, 33, 2, 32, 30, 7, 4, 20, 23, 22, 14, 3, 16, 9, 8, 34, 15, 12, 1,1.22197
1, 31, 18, 26, 10, 24, 11, 28, 6, 13, 25, 5, 27, 29, 19, 17, 21, 33, 2, 32, 30, 7, 4, 20, 23, 22, 14, 3, 16, 9, 8, 34, 15, 12, 1,1.22197
1, 31, 18, 26, 10, 24, 11, 28, 6, 13, 25, 5, 27, 29, 19, 17, 21, 33, 2, 32, 30, 7, 4, 20, 23, 22, 14, 3, 16, 9, 8, 34, 15, 12, 1,1.22197
1, 31, 18, 26, 10, 24, 11, 28, 6, 13, 25, 5, 27, 29, 19, 17, 21, 33, 2, 32, 30, 7, 4, 20, 23, 22, 14, 3, 16, 9, 8, 34, 15, 12, 1,1.22197
1, 31, 18, 26, 10, 24, 11, 28, 6, 13, 25, 5, 27, 29, 19, 17, 21, 33, 2, 32, 30, 7, 4, 20, 23, 22, 14, 3, 16, 9, 8, 34, 15, 12, 1,1.22197
1, 31, 18, 26, 10, 24, 11, 28, 6, 13, 25, 5, 27, 29, 19, 17, 21, 33, 2, 32, 30, 7, 4, 20, 23, 22, 14, 3, 16, 9, 8, 34, 15, 12, 1,1.22197
1, 31, 18, 26, 10, 24, 11, 28, 6, 13, 25, 5, 27, 29, 19, 17, 21, 33, 2, 32, 30, 7, 4, 20, 23, 22, 14, 3, 16, 9, 8, 34, 15, 12, 1,1.22197
1, 31, 18, 26, 10, 24, 11, 28, 6, 13, 25, 5, 27, 29, 19, 17, 21, 33, 2, 32, 30, 7, 4, 20, 23, 22, 14, 3, 16, 9, 8, 34, 15, 12, 1,1.22197
1, 31, 18, 26, 10, 24, 11, 28, 6, 13, 25, 5, 27, 29, 19, 17, 21, 33, 2, 32, 30, 7, 4, 20, 23, 22, 14, 3, 16, 9, 8, 34, 15, 12, 1,1.22197
1, 31, 18, 26, 10, 24, 11, 28, 6, 13, 25, 5, 27, 29, 19, 17, 21, 33, 2, 32, 30, 7, 4, 20, 23, 22, 14, 3, 16, 9, 8, 34, 15, 12, 1,1.22197
1, 31, 18, 26, 10, 24, 11, 28, 6, 13, 25, 5, 27, 29, 19, 17, 21, 33, 2, 32, 30, 7, 4, 20, 23, 22, 14, 3, 16, 9, 8, 34, 15, 12, 1,1.22197
1, 31, 18, 26, 10, 24, 11, 28, 6, 13, 25, 5, 27, 29, 19, 17, 21, 33, 2, 32, 30, 7, 4, 20, 23, 22, 14, 3, 16, 9, 8, 34, 15, 12, 1,1.22197
1, 31, 18, 26, 10, 24, 11, 28, 6, 13, 25, 5, 27, 29, 19, 17, 21, 33, 2, 32, 30, 7, 4, 20, 23, 22, 14, 3, 16, 9, 8, 34, 15, 12, 1,1.22197
1, 31, 18, 26, 10, 24, 11, 28, 6, 13, 25, 5, 27, 29, 19, 17, 21, 33, 2, 32, 30, 7, 4, 20, 23, 22, 14, 3, 16, 9, 8, 34, 15, 12, 1,1.22197
1, 31, 18, 26, 10, 24, 11, 28, 6, 13, 25, 5, 27, 29, 19, 17, 21, 33, 2, 32, 30, 7, 4, 20, 23, 22, 14, 3, 16, 9, 8, 34, 15, 12, 1,1.22197
1, 31, 18, 26, 10, 24, 11, 28, 6, 13, 25, 5, 27, 29, 19, 17, 21, 33, 2, 32, 30, 7, 4, 20, 23, 22, 14, 3, 16, 9, 8, 34, 15, 12, 1,1.22197
1, 31, 18, 26, 10, 24, 11, 28, 6, 13, 25, 5, 27, 29, 19, 17, 21, 33, 2, 32, 30, 7, 4, 20, 23, 22, 14, 3, 16, 9, 8, 34, 15, 12, 1,1.22197
1, 31, 18, 26, 10, 24, 11, 28, 6, 13, 25, 5, 27, 29, 19, 17, 21, 33, 2, 32, 30, 7, 4, 20, 23, 22, 14, 3, 16, 9, 8, 34, 15, 12, 1,1.22197
1, 31, 18, 26, 10, 24, 11, 28, 6, 13, 25, 5, 27, 29, 19, 17, 21, 33, 2, 32, 30, 7, 4, 20, 23, 22, 14, 3, 16, 9, 8, 34, 15, 12, 1,1.22197
1, 31, 18, 26, 10, 24, 11, 28, 6, 13, 25, 5, 27, 29, 19, 17, 21, 33, 2, 32, 30, 7, 4, 20, 23, 22, 14, 3, 16, 9, 8, 34, 15, 12, 1,1.22197
1, 31, 18, 26, 10, 24, 11, 28, 6, 13, 25, 5, 27, 29, 19, 17, 21, 33, 2, 32, 30, 7, 4, 20, 23, 22, 14, 3, 16, 9, 8, 34, 15, 12, 1,1.22197
1, 31, 18, 26, 10, 24, 11, 28, 6, 13, 25, 5, 27, 29, 19, 17, 21, 33, 2, 32, 30, 7, 4, 20, 23, 22, 14, 3, 16, 9, 8, 34, 15, 12, 1,1.22197
1, 31, 18, 26, 10, 24, 11, 28, 6, 13, 25, 5, 27, 29, 19, 17, 21, 33, 2, 32, 30, 7, 4, 20, 23, 22, 14, 3, 16, 9, 8, 34, 15, 12, 1,1.22197
1, 31, 18, 26, 10, 24, 11, 28, 6, 13, 25, 5, 27, 29, 19, 17, 21, 33, 2, 32, 30, 7, 4, 20, 23, 22, 14, 3, 16, 9, 8, 34, 15, 12, 1,1.22197
1, 31, 18, 26, 10, 24, 11, 28, 6, 13, 25, 5, 27, 29, 19, 17, 21, 33, 2, 32, 30, 7, 4, 20, 23, 22, 14, 3, 16, 9, 8, 34, 15, 12, 1,1.22197
1, 31, 18, 26, 10, 24, 11, 28, 6, 13, 25, 5, 27, 29, 19, 17, 21, 33, 2, 32, 30, 7, 4, 20, 23, 22, 14, 3, 16, 9, 8, 34, 15, 12, 1,1.22197
1, 31, 18, 26, 10, 24, 11, 28, 6, 13, 25, 5, 27, 29, 19, 17, 21, 33, 2, 32, 30, 7, 4, 20, 23, 22, 14, 3, 16, 9, 8, 34, 15, 12, 1,1.22197
1, 31, 18, 26, 10, 24, 11, 28, 6, 13, 25, 5, 27, 29, 19, 17, 21, 33, 2, 32, 30, 7, 4, 20, 23, 22, 14, 3, 16, 9, 8, 34, 15, 12, 1,1.22197
1, 31, 18, 26, 10, 24, 11, 28, 6, 13, 25, 5, 27, 29, 19, 17, 21, 33, 2, 32, 30, 7, 4, 20, 23, 22, 14, 3, 16, 9, 8, 34, 15, 12, 1,1.22197
1, 31, 18, 26, 10, 24, 11, 28, 6, 13, 25, 5, 27, 29, 19, 17, 21, 33, 2, 32, 30, 7, 4, 20, 23, 22, 14, 3, 16, 9, 8, 34, 15, 12, 1,1.22197
1, 31, 18, 26, 10, 24, 11, 28, 6, 13, 25, 5, 27, 29, 19, 17, 21, 33, 2, 32, 30, 7, 4, 20, 23, 22, 14, 3, 16, 9, 8, 34, 15, 12, 1,1.22197
1, 31, 18, 26, 10, 24, 11, 28, 6, 13, 25, 5, 27, 29, 19, 17, 21, 33, 2, 32, 30, 7, 4, 20, 23, 22, 14, 3, 16, 9, 8, 34, 15, 12, 1,1.22197
1, 31, 18, 26, 10, 24, 11, 28, 6, 13, 25, 5, 27, 29, 19, 17, 21, 33, 2, 32, 30, 7, 4, 20, 23, 22, 14, 3, 16, 9, 8, 34, 15, 12, 1,1.22197
1, 31, 18, 26, 10, 24, 11, 28, 6, 13, 25, 5, 27, 29, 19, 17, 21, 33, 2, 32, 30, 7, 4, 20, 23, 22, 14, 3, 16, 9, 8, 34, 15, 12, 1,1.22197
1, 31, 18, 26, 10, 24, 11, 28, 6, 13, 25, 5, 27, 29, 19, 17, 21, 33, 2, 32, 30, 7, 4, 20, 23, 22, 14, 3, 16, 9, 8, 34, 15, 12, 1,1.22197
1, 31, 18, 26, 10, 24, 11, 28, 6, 13, 25, 5, 27, 29, 19, 17, 21, 33, 2, 32, 30, 7, 4, 20, 23, 22, 14, 3, 16, 9, 8, 34, 15, 12, 1,1.22197
1, 31, 18, 26, 10, 24, 11, 28, 6, 13, 25, 5, 27, 29, 19, 17, 21, 33, 2, 32, 30, 7, 4, 20, 23, 22, 14, 3, 16, 9, 8, 34, 15, 12, 1,1.22197
1, 31, 18, 26, 10, 24, 11, 28, 6, 13, 25, 5, 27, 29, 19, 17, 21, 33, 2, 32, 30, 7, 4, 20, 23, 22, 14, 3, 16, 9, 8, 34, 15, 12, 1,1.22197
1, 31, 18, 26, 10, 24, 11, 28, 6, 13, 25, 5, 27, 29, 19, 17, 21, 33, 2, 32, 30, 7, 4, 20, 23, 22, 14, 3, 16, 9, 8, 34, 15, 12, 1,1.22197
1, 31, 18, 26, 10, 24, 11, 28, 6, 13, 25, 5, 27, 29, 19, 17, 21, 33, 2, 32, 30, 7, 4, 20, 23, 22, 14, 3, 16, 9, 8, 34, 15, 12, 1,1.22197
1, 31, 18, 26, 10, 24, 11, 28, 6, 13, 25, 5, 27, 29, 19, 17, 21, 33, 2, 32, 30, 7, 4, 20, 23, 22, 14, 3, 16, 9, 8, 34, 15, 12, 1,1.22197
1, 31, 18, 26, 10, 24, 11, 28, 6, 13, 25, 5, 27, 29, 19, 17, 21, 33, 2, 32, 30, 7, 4, 20, 23, 22, 14, 3, 16, 9, 8, 34, 15, 12, 1,1.22197
1, 31, 18, 26, 10, 24, 11, 28, 6, 13, 25, 5, 27, 29, 19, 17, 21, 33, 2, 32, 30, 7, 4, 20, 23, 22, 14, 3, 16, 9, 8, 34, 15, 12, 1,1.22197
1, 31, 18, 26, 10, 24, 11, 28, 6, 13, 25, 5, 27, 29, 19, 17, 21, 33, 2, 32, 30, 7, 4, 20, 23, 22, 14, 3, 16, 9, 8, 34, 15, 12, 1,1.22197
1, 31, 18, 26, 10, 24, 11, 28, 6, 13, 25, 5, 27, 29, 19, 17, 21, 33, 2, 32, 30, 7, 4, 20, 23, 22, 14, 3, 16, 9, 8, 34, 15, 12, 1,1.22197
1, 31, 18, 26, 10, 24, 11, 28, 6, 13, 25, 5, 27, 29, 19, 17, 21, 33, 2, 32, 30, 7, 4, 20, 23, 22, 14, 3, 16, 9, 8, 34, 15, 12, 1,1.22197
1, 31, 18, 26, 10, 24, 11, 28, 6, 13, 25, 5, 27, 29, 19, 17, 21, 33, 2, 32, 30, 7, 4, 20, 23, 22, 14, 3, 16, 9, 8, 34, 15, 12, 1,1.22197
1, 31, 18, 26, 10, 24, 11, 28, 6, 13, 25, 5, 27, 29, 19, 17, 21, 33, 2, 32, 30, 7, 4, 20, 23, 22, 14, 3, 16, 9, 8, 34, 15, 12, 1,1.22197
1, 31, 18, 26, 10, 24, 11, 28, 6, 13, 25, 5, 27, 29, 19, 17, 21, 33, 2, 32, 30, 7, 4, 20, 23, 22, 14, 3, 16, 9, 8, 34, 15, 12, 1,1.22197
1, 31, 18, 26, 10, 24, 11, 28, 6, 13, 25, 5, 27, 29, 19, 17, 21, 33, 2, 32, 30, 7, 4, 20, 23, 22, 14, 3, 16, 9, 8, 34, 15, 12, 1,1.22197
1, 31, 18, 26, 10, 24, 11, 28, 6, 13, 25, 5, 27, 29, 19, 17, 21, 33, 2, 32, 30, 7, 4, 20, 23, 22, 14, 3, 16, 9, 8, 34, 15, 12, 1,1.22197
1, 31, 18, 26, 10, 24, 11, 28, 6, 13, 25, 5, 27, 29, 19, 17, 21, 33, 2, 32, 30, 7, 4, 20, 23, 22, 14, 3, 16, 9, 8, 34, 15, 12, 1,1.22197
1, 31, 18, 26, 10, 24, 11, 28, 6, 13, 25, 5, 27, 29, 19, 17, 21, 33, 2, 32, 30, 7, 4, 20, 23, 22, 14, 3, 16, 9, 8, 34, 15, 12, 1,1.22197
1, 31, 18, 26, 10, 24, 11, 28, 6, 13, 25, 5, 27, 29, 19, 17, 21, 33, 2, 32, 30, 7, 4, 20, 23, 22, 14, 3, 16, 9, 8, 34, 15, 12, 1,1.22197
1, 31, 18, 26, 10, 24, 11, 28, 6, 13, 25, 5, 27, 29, 19, 17, 21, 33, 2, 32, 30, 7, 4, 20, 23, 22, 14, 3, 16, 9, 8, 34, 15, 12, 1,1.22197
1, 31, 18, 26, 10, 24, 11, 28, 6, 13, 25, 5, 27, 29, 19, 17, 21, 33, 2, 32, 30, 7, 4, 20, 23, 22, 14, 3, 16, 9, 8, 34, 15, 12, 1,1.22197
1, 31, 18, 26, 10, 24, 11, 28, 6, 13, 25, 5, 27, 29, 19, 17, 21, 33, 2, 32, 30, 7, 4, 20, 23, 22, 14, 3, 16, 9, 8, 34, 15, 12, 1,1.22197
1, 31, 18, 26, 10, 24, 11, 28, 6, 13, 25, 5, 27, 29, 19, 17, 21, 33, 2, 32, 30, 7, 4, 20, 23, 22, 14, 3, 16, 9, 8, 34, 15, 12, 1,1.22197
1, 31, 18, 26, 10, 24, 11, 28, 6, 13, 25, 5, 27, 29, 19, 17, 21, 33, 2, 32, 30, 7, 4, 20, 23, 22, 14, 3, 16, 9, 8, 34, 15, 12, 1,1.22197
1, 31, 18, 26, 10, 24, 11, 28, 6, 13, 25, 5, 27, 29, 19, 17, 21, 33, 2, 32, 30, 7, 4, 20, 23, 22, 14, 3, 16, 9, 8, 34, 15, 12, 1,1.22197
1, 31, 18, 26, 10, 24, 11, 28, 6, 13, 25, 5, 27, 29, 19, 17, 21, 33, 2, 32, 30, 7, 4, 20, 23, 22, 14, 3, 16, 9, 8, 34, 15, 12, 1,1.22197
1, 31, 18, 26, 10, 24, 11, 28, 6, 13, 25, 5, 27, 29, 19, 17, 21, 33, 2, 32, 30, 7, 4, 20, 23, 22, 14, 3, 16, 9, 8, 34, 15, 12, 1,1.22197
1, 31, 18, 26, 10, 24, 11, 28, 6, 13, 25, 5, 27, 29, 19, 17, 21, 33, 2, 32, 30, 7, 4, 20, 23, 22, 14, 3, 16, 9, 8, 34, 15, 12, 1,1.22197
1, 31, 18, 26, 10, 24, 11, 28, 6, 13, 25, 5, 27, 29, 19, 17, 21, 33, 2, 32, 30, 7, 4, 20, 23, 22, 14, 3, 16, 9, 8, 34, 15, 12, 1,1.22197
1, 31, 18, 26, 10, 24, 11, 28, 6, 13, 25, 5, 27, 29, 19, 17, 21, 33, 2, 32, 30, 7, 4, 20, 23, 22, 14, 3, 16, 9, 8, 34, 15, 12, 1,1.22197
1, 31, 18, 26, 10, 24, 11, 28, 6, 13, 25, 5, 27, 29, 19, 17, 21, 33, 2, 32, 30, 7, 4, 20, 23, 22, 14, 3, 16, 9, 8, 34, 15, 12, 1,1.22197
1, 31, 18, 26, 10, 24, 11, 28, 6, 13, 25, 5, 27, 29, 19, 17, 21, 33, 2, 32, 30, 7, 4, 20, 23, 22, 14, 3, 16, 9, 8, 34, 15, 12, 1,1.22197
1, 31, 18, 26, 10, 24, 11, 28, 6, 13, 25, 5, 27, 29, 19, 17, 21, 33, 2, 32, 30, 7, 4, 20, 23, 22, 14, 3, 16, 9, 8, 34, 15, 12, 1,1.22197
1, 31, 18, 26, 10, 24, 11, 28, 6, 13, 25, 5, 27, 29, 19, 17, 21, 33, 2, 32, 30, 7, 4, 20, 23, 22, 14, 3, 16, 9, 8, 34, 15, 12, 1,1.22197
1, 31, 18, 26, 10, 24, 11, 28, 6, 13, 25, 5, 27, 29, 19, 17, 21, 33, 2, 32, 30, 7, 4, 20, 23, 22, 14, 3, 16, 9, 8, 34, 15, 12, 1,1.22197
1, 31, 18, 26, 10, 24, 11, 28, 6, 13, 25, 5, 27, 29, 19, 17, 21, 33, 2, 32, 30, 7, 4, 20, 23, 22, 14, 3, 16, 9, 8, 34, 15, 12, 1,1.22197
1, 31, 18, 26, 10, 24, 11, 28, 6, 13, 25, 5, 27, 29, 19, 17, 21, 33, 2, 32, 30, 7, 4, 20, 23, 22, 14, 3, 16, 9, 8, 34, 15, 12, 1,1.22197
1, 31, 18, 26, 10, 24, 11, 28, 6, 13, 25, 5, 27, 29, 19, 17, 21, 33, 2, 32, 30, 7, 4, 20, 23, 22, 14, 3, 16, 9, 8, 34, 15, 12, 1,1.22197
1, 31, 18, 26, 10, 24, 11, 28, 6, 13, 25, 5, 27, 29, 19, 17, 21, 33, 2, 32, 30, 7, 4, 20, 23, 22, 14, 3, 16, 9, 8, 34, 15, 12, 1,1.22197
1, 31, 18, 26, 10, 24, 11, 28, 6, 13, 25, 5, 27, 29, 19, 17, 21, 33, 2, 32, 30, 7, 4, 20, 23, 22, 14, 3, 16, 9, 8, 34, 15, 12, 1,1.22197
1, 31, 18, 26, 10, 24, 11, 28, 6, 13, 25, 5, 27, 29, 19, 17, 21, 33, 2, 32, 30, 7, 4, 20, 23, 22, 14, 3, 16, 9, 8, 34, 15, 12, 1,1.22197
1, 31, 18, 26, 10, 24, 11, 28, 6, 13, 25, 5, 27, 29, 19, 17, 21, 33, 2, 32, 30, 7, 4, 20, 23, 22, 14, 3, 16, 9, 8, 34, 15, 12, 1,1.22197
1, 31, 18, 26, 10, 24, 11, 28, 6, 13, 25, 5, 27, 29, 19, 17, 21, 33, 2, 32, 30, 7, 4, 20, 23, 22, 14, 3, 16, 9, 8, 34, 15, 12, 1,1.22197
1, 31, 18, 26, 10, 24, 11, 28, 6, 13, 25, 5, 27, 29, 19, 17, 21, 33, 2, 32, 30, 7, 4, 20, 23, 22, 14, 3, 16, 9, 8, 34, 15, 12, 1,1.22197
1, 31, 18, 26, 10, 24, 11, 28, 6, 13, 25, 5, 27, 29, 19, 17, 21, 33, 2, 32, 30, 7, 4, 20, 23, 22, 14, 3, 16, 9, 8, 34, 15, 12, 1,1.22197
1, 31, 18, 26, 10, 24, 11, 28, 6, 13, 25, 5, 27, 29, 19, 17, 21, 33, 2, 32, 30, 7, 4, 20, 23, 22, 14, 3, 16, 9, 8, 34, 15, 12, 1,1.22197
1, 31, 18, 26, 10, 24, 11, 28, 6, 13, 25, 5, 27, 29, 19, 17, 21, 33, 2, 32, 30, 7, 4, 20, 23, 22, 14, 3, 16, 9, 8, 34, 15, 12, 1,1.22197
1, 31, 18, 26, 10, 24, 11, 28, 6, 13, 25, 5, 27, 29, 19, 17, 21, 33, 2, 32, 30, 7, 4, 20, 23, 22, 14, 3, 16, 9, 8, 34, 15, 12, 1,1.22197
1, 31, 18, 26, 10, 24, 11, 28, 6, 13, 25, 5, 27, 29, 19, 17, 21, 33, 2, 32, 30, 7, 4, 20, 23, 22, 14, 3, 16, 9, 8, 34, 15, 12, 1,1.22197
1, 31, 18, 26, 10, 24, 11, 28, 6, 13, 25, 5, 27, 29, 19, 17, 21, 33, 2, 32, 30, 7, 4, 20, 23, 22, 14, 3, 16, 9, 8, 34, 15, 12, 1,1.22197
1, 31, 18, 26, 10, 24, 11, 28, 6, 13, 25, 5, 27, 29, 19, 17, 21, 33, 2, 32, 30, 7, 4, 20, 23, 22, 14, 3, 16, 9, 8, 34, 15, 12, 1,1.22197
1, 31, 18, 26, 10, 24, 11, 28, 6, 13, 25, 5, 27, 29, 19, 17, 21, 33, 2, 32, 30, 7, 4, 20, 23, 22, 14, 3, 16, 9, 8, 34, 15, 12, 1,1.22197
1, 31, 18, 26, 10, 24, 11, 28, 6, 13, 25, 5, 27, 29, 19, 17, 21, 33, 2, 32, 30, 7, 4, 20, 23, 22, 14, 3, 16, 9, 8, 34, 15, 12, 1,1.22197
1, 31, 18, 26, 10, 24, 11, 28, 6, 13, 25, 5, 27, 29, 19, 17, 21, 33, 2, 32, 30, 7, 4, 20, 23, 22, 14, 3, 16, 9, 8, 34, 15, 12, 1,1.22197
1, 31, 18, 26, 10, 24, 11, 28, 6, 13, 25, 5, 27, 29, 19, 17, 21, 33, 2, 32, 30, 7, 4, 20, 23, 22, 14, 3, 16, 9, 8, 34, 15, 12, 1,1.22197
1, 31, 18, 26, 10, 24, 11, 28, 6, 13, 25, 5, 27, 29, 19, 17, 21, 33, 2, 32, 30, 7, 4, 20, 23, 22, 14, 3, 16, 9, 8, 34, 15, 12, 1,1.22197
1, 31, 18, 26, 10, 24, 11, 28, 6, 13, 25, 5, 27, 29, 19, 17, 21, 33, 2, 32, 30, 7, 4, 20, 23, 22, 14, 3, 16, 9, 8, 34, 15, 12, 1,1.22197
1, 31, 18, 26, 10, 24, 11, 28, 6, 13, 25, 5, 27, 29, 19, 17, 21, 33, 2, 32, 30, 7, 4, 20, 23, 22, 14, 3, 16, 9, 8, 34, 15, 12, 1,1.22197
1, 31, 18, 26, 10, 24, 11, 28, 6, 13, 25, 5, 27, 29, 19, 17, 21, 33, 2, 32, 30, 7, 4, 20, 23, 22, 14, 3, 16, 9, 8, 34, 15, 12, 1,1.22197
1, 31, 18, 26, 10, 24, 11, 28, 6, 13, 25, 5, 27, 29, 19, 17, 21, 33, 2, 32, 30, 7, 4, 20, 23, 22, 14, 3, 16, 9, 8, 34, 15, 12, 1,1.22197
1, 31, 18, 26, 10, 24, 11, 28, 6, 13, 25, 5, 27, 29, 19, 17, 21, 33, 2, 32, 30, 7, 4, 20, 23, 22, 14, 3, 16, 9, 8, 34, 15, 12, 1,1.22197
1, 31, 18, 26, 10, 24, 11, 28, 6, 13, 25, 5, 27, 29, 19, 17, 21, 33, 2, 32, 30, 7, 4, 20, 23, 22, 14, 3, 16, 9, 8, 34, 15, 12, 1,1.22197
1, 31, 18, 26, 10, 24, 11, 28, 6, 13, 25, 5, 27, 29, 19, 17, 21, 33, 2, 32, 30, 7, 4, 20, 23, 22, 14, 3, 16, 9, 8, 34, 15, 12, 1,1.22197
1, 31, 18, 26, 10, 24, 11, 28, 6, 13, 25, 5, 27, 29, 19, 17, 21, 33, 2, 32, 30, 7, 4, 20, 23, 22, 14, 3, 16, 9, 8, 34, 15, 12, 1,1.22197
1, 31, 18, 26, 10, 24, 11, 28, 6, 13, 25, 5, 27, 29, 19, 17, 21, 33, 2, 32, 30, 7, 4, 20, 23, 22, 14, 3, 16, 9, 8, 34, 15, 12, 1,1.22197
1, 31, 18, 26, 10, 24, 11, 28, 6, 13, 25, 5, 27, 29, 19, 17, 21, 33, 2, 32, 30, 7, 4, 20, 23, 22, 14, 3, 16, 9, 8, 34, 15, 12, 1,1.22197
1, 31, 18, 26, 10, 24, 11, 28, 6, 13, 25, 5, 27, 29, 19, 17, 21, 33, 2, 32, 30, 7, 4, 20, 23, 22, 14, 3, 16, 9, 8, 34, 15, 12, 1,1.22197
1, 31, 18, 26, 10, 24, 11, 28, 6, 13, 25, 5, 27, 29, 19, 17, 21, 33, 2, 32, 30, 7, 4, 20, 23, 22, 14, 3, 16, 9, 8, 34, 15, 12, 1,1.22197
1, 31, 18, 26, 10, 24, 11, 28, 6, 13, 25, 5, 27, 29, 19, 17, 21, 33, 2, 32, 30, 7, 4, 20, 23, 22, 14, 3, 16, 9, 8, 34, 15, 12, 1,1.22197
1, 31, 18, 26, 10, 24, 11, 28, 6, 13, 25, 5, 27, 29, 19, 17, 21, 33, 2, 32, 30, 7, 4, 20, 23, 22, 14, 3, 16, 9, 8, 34, 15, 12, 1,1.22197
1, 31, 18, 26, 10, 24, 11, 28, 6, 13, 25, 5, 27, 29, 19, 17, 21, 33, 2, 32, 30, 7, 4, 20, 23, 22, 14, 3, 16, 9, 8, 34, 15, 12, 1,1.22197
1, 31, 18, 26, 10, 24, 11, 28, 6, 13, 25, 5, 27, 29, 19, 17, 21, 33, 2, 32, 30, 7, 4, 20, 23, 22, 14, 3, 16, 9, 8, 34, 15, 12, 1,1.22197
1, 31, 18, 26, 10, 24, 11, 28, 6, 13, 25, 5, 27, 29, 19, 17, 21, 33, 2, 32, 30, 7, 4, 20, 23, 22, 14, 3, 16, 9, 8, 34, 15, 12, 1,1.22197
1, 31, 18, 26, 10, 24, 11, 28, 6, 13, 25, 5, 27, 29, 19, 17, 21, 33, 2, 32, 30, 7, 4, 20, 23, 22, 14, 3, 16, 9, 8, 34, 15, 12, 1,1.22197
1, 31, 18, 26, 10, 24, 11, 28, 6, 13, 25, 5, 27, 29, 19, 17, 21, 33, 2, 32, 30, 7, 4, 20, 23, 22, 14, 3, 16, 9, 8, 34, 15, 12, 1,1.22197
1, 31, 18, 26, 10, 24, 11, 28, 6, 13, 25, 5, 27, 29, 19, 17, 21, 33, 2, 32, 30, 7, 4, 20, 23, 22, 14, 3, 16, 9, 8, 34, 15, 12, 1,1.22197
1, 31, 18, 26, 10, 24, 11, 28, 6, 13, 25, 5, 27, 29, 19, 17, 21, 33, 2, 32, 30, 7, 4, 20, 23, 22, 14, 3, 16, 9, 8, 34, 15, 12, 1,1.22197
1, 31, 18, 26, 10, 24, 11, 28, 6, 13, 25, 5, 27, 29, 19, 17, 21, 33, 2, 32, 30, 7, 4, 20, 23, 22, 14, 3, 16, 9, 8, 34, 15, 12, 1,1.22197
1, 31, 18, 26, 10, 24, 11, 28, 6, 13, 25, 5, 27, 29, 19, 17, 21, 33, 2, 32, 30, 7, 4, 20, 23, 22, 14, 3, 16, 9, 8, 34, 15, 12, 1,1.22197
1, 31, 18, 26, 10, 24, 11, 28, 6, 13, 25, 5, 27, 29, 19, 17, 21, 33, 2, 32, 30, 7, 4, 20, 23, 22, 14, 3, 16, 9, 8, 34, 15, 12, 1,1.22197
1, 31, 18, 26, 10, 24, 11, 28, 6, 13, 25, 5, 27, 29, 19, 17, 21, 33, 2, 32, 30, 7, 4, 20, 23, 22, 14, 3, 16, 9, 8, 34, 15, 12, 1,1.22197
1, 31, 18, 26, 10, 24, 11, 28, 6, 13, 25, 5, 27, 29, 19, 17, 21, 33, 2, 32, 30, 7, 4, 20, 23, 22, 14, 3, 16, 9, 8, 34, 15, 12, 1,1.22197
1, 31, 18, 26, 10, 24, 11, 28, 6, 13, 25, 5, 27, 29, 19, 17, 21, 33, 2, 32, 30, 7, 4, 20, 23, 22, 14, 3, 16, 9, 8, 34, 15, 12, 1,1.22197
1, 31, 18, 26, 10, 24, 11, 28, 6, 13, 25, 5, 27, 29, 19, 17, 21, 33, 2, 32, 30, 7, 4, 20, 23, 22, 14, 3, 16, 9, 8, 34, 15, 12, 1,1.22197
1, 31, 18, 26, 10, 24, 11, 28, 6, 13, 25, 5, 27, 29, 19, 17, 21, 33, 2, 32, 30, 7, 4, 20, 23, 22, 14, 3, 16, 9, 8, 34, 15, 12, 1,1.22197
1, 31, 18, 26, 10, 24, 11, 28, 6, 13, 25, 5, 27, 29, 19, 17, 21, 33, 2, 32, 30, 7, 4, 20, 23, 22, 14, 3, 16, 9, 8, 34, 15, 12, 1,1.22197
1, 31, 18, 26, 10, 24, 11, 28, 6, 13, 25, 5, 27, 29, 19, 17, 21, 33, 2, 32, 30, 7, 4, 20, 23, 22, 14, 3, 16, 9, 8, 34, 15, 12, 1,1.22197
1, 31, 18, 26, 10, 24, 11, 28, 6, 13, 25, 5, 27, 29, 19, 17, 21, 33, 2, 32, 30, 7, 4, 20, 23, 22, 14, 3, 16, 9, 8, 34, 15, 12, 1,1.22197
1, 31, 18, 26, 10, 24, 11, 28, 6, 13, 25, 5, 27, 29, 19, 17, 21, 33, 2, 32, 30, 7, 4, 20, 23, 22, 14, 3, 16, 9, 8, 34, 15, 12, 1,1.22197
1, 31, 18, 26, 10, 24, 11, 28, 6, 13, 25, 5, 27, 29, 19, 17, 21, 33, 2, 32, 30, 7, 4, 20, 23, 22, 14, 3, 16, 9, 8, 34, 15, 12, 1,1.22197
1, 31, 18, 26, 10, 24, 11, 28, 6, 13, 25, 5, 27, 29, 19, 17, 21, 33, 2, 32, 30, 7, 4, 20, 23, 22, 14, 3, 16, 9, 8, 34, 15, 12, 1,1.22197
1, 31, 18, 26, 10, 24, 11, 28, 6, 13, 25, 5, 27, 29, 19, 17, 21, 33, 2, 32, 30, 7, 4, 20, 23, 22, 14, 3, 16, 9, 8, 34, 15, 12, 1,1.22197
1, 31, 18, 26, 10, 24, 11, 28, 6, 13, 25, 5, 27, 29, 19, 17, 21, 33, 2, 32, 30, 7, 4, 20, 23, 22, 14, 3, 16, 9, 8, 34, 15, 12, 1,1.22197
1, 31, 18, 26, 10, 24, 11, 28, 6, 13, 25, 5, 27, 29, 19, 17, 21, 33, 2, 32, 30, 7, 4, 20, 23, 22, 14, 3, 16, 9, 8, 34, 15, 12, 1,1.22197
1, 31, 18, 26, 10, 24, 11, 28, 6, 13, 25, 5, 27, 29, 19, 17, 21, 33, 2, 32, 30, 7, 4, 20, 23, 22, 14, 3, 16, 9, 8, 34, 15, 12, 1,1.22197
1, 31, 18, 26, 10, 24, 11, 28, 6, 13, 25, 5, 27, 29, 19, 17, 21, 33, 2, 32, 30, 7, 4, 20, 23, 22, 14, 3, 16, 9, 8, 34, 15, 12, 1,1.22197
1, 31, 18, 26, 10, 24, 11, 28, 6, 13, 25, 5, 27, 29, 19, 17, 21, 33, 2, 32, 30, 7, 4, 20, 23, 22, 14, 3, 16, 9, 8, 34, 15, 12, 1,1.22197
1, 31, 18, 26, 10, 24, 11, 28, 6, 13, 25, 5, 27, 29, 19, 17, 21, 33, 2, 32, 30, 7, 4, 20, 23, 22, 14, 3, 16, 9, 8, 34, 15, 12, 1,1.22197
1, 31, 18, 26, 10, 24, 11, 28, 6, 13, 25, 5, 27, 29, 19, 17, 21, 33, 2, 32, 30, 7, 4, 20, 23, 22, 14, 3, 16, 9, 8, 34, 15, 12, 1,1.22197
1, 31, 18, 26, 10, 24, 11, 28, 6, 13, 25, 5, 27, 29, 19, 17, 21, 33, 2, 32, 30, 7, 4, 20, 23, 22, 14, 3, 16, 9, 8, 34, 15, 12, 1,1.22197
1, 31, 18, 26, 10, 24, 11, 28, 6, 13, 25, 5, 27, 29, 19, 17, 21, 33, 2, 32, 30, 7, 4, 20, 23, 22, 14, 3, 16, 9, 8, 34, 15, 12, 1,1.22197
1, 31, 18, 26, 10, 24, 11, 28, 6, 13, 25, 5, 27, 29, 19, 17, 21, 33, 2, 32, 30, 7, 4, 20, 23, 22, 14, 3, 16, 9, 8, 34, 15, 12, 1,1.22197
1, 31, 18, 26, 10, 24, 11, 28, 6, 13, 25, 5, 27, 29, 19, 17, 21, 33, 2, 32, 30, 7, 4, 20, 23, 22, 14, 3, 16, 9, 8, 34, 15, 12, 1,1.22197
1, 31, 18, 26, 10, 24, 11, 28, 6, 13, 25, 5, 27, 29, 19, 17, 21, 33, 2, 32, 30, 7, 4, 20, 23, 22, 14, 3, 16, 9, 8, 34, 15, 12, 1,1.22197
1, 31, 18, 26, 10, 24, 11, 28, 6, 13, 25, 5, 27, 29, 19, 17, 21, 33, 2, 32, 30, 7, 4, 20, 23, 22, 14, 3, 16, 9, 8, 34, 15, 12, 1,1.22197
1, 31, 18, 26, 10, 24, 11, 28, 6, 13, 25, 5, 27, 29, 19, 17, 21, 33, 2, 32, 30, 7, 4, 20, 23, 22, 14, 3, 16, 9, 8, 34, 15, 12, 1,1.22197
1, 31, 18, 26, 10, 24, 11, 28, 6, 13, 25, 5, 27, 29, 19, 17, 21, 33, 2, 32, 30, 7, 4, 20, 23, 22, 14, 3, 16, 9, 8, 34, 15, 12, 1,1.22197
1, 31, 18, 26, 10, 24, 11, 28, 6, 13, 25, 5, 27, 29, 19, 17, 21, 33, 2, 32, 30, 7, 4, 20, 23, 22, 14, 3, 16, 9, 8, 34, 15, 12, 1,1.22197
1, 31, 18, 26, 10, 24, 11, 28, 6, 13, 25, 5, 27, 29, 19, 17, 21, 33, 2, 32, 30, 7, 4, 20, 23, 22, 14, 3, 16, 9, 8, 34, 15, 12, 1,1.22197
1, 31, 18, 26, 10, 24, 11, 28, 6, 13, 25, 5, 27, 29, 19, 17, 21, 33, 2, 32, 30, 7, 4, 20, 23, 22, 14, 3, 16, 9, 8, 34, 15, 12, 1,1.22197
1, 31, 18, 26, 10, 24, 11, 28, 6, 13, 25, 5, 27, 29, 19, 17, 21, 33, 2, 32, 30, 7, 4, 20, 23, 22, 14, 3, 16, 9, 8, 34, 15, 12, 1,1.22197
1, 31, 18, 26, 10, 24, 11, 28, 6, 13, 25, 5, 27, 29, 19, 17, 21, 33, 2, 32, 30, 7, 4, 20, 23, 22, 14, 3, 16, 9, 8, 34, 15, 12, 1,1.22197
1, 31, 18, 26, 10, 24, 11, 28, 6, 13, 25, 5, 27, 29, 19, 17, 21, 33, 2, 32, 30, 7, 4, 20, 23, 22, 14, 3, 16, 9, 8, 34, 15, 12, 1,1.22197
1, 31, 18, 26, 10, 24, 11, 28, 6, 13, 25, 5, 27, 29, 19, 17, 21, 33, 2, 32, 30, 7, 4, 20, 23, 22, 14, 3, 16, 9, 8, 34, 15, 12, 1,1.22197
1, 31, 18, 26, 10, 24, 11, 28, 6, 13, 25, 5, 27, 29, 19, 17, 21, 33, 2, 32, 30, 7, 4, 20, 23, 22, 14, 3, 16, 9, 8, 34, 15, 12, 1,1.22197
1, 31, 18, 26, 10, 24, 11, 28, 6, 13, 25, 5, 27, 29, 19, 17, 21, 33, 2, 32, 30, 7, 4, 20, 23, 22, 14, 3, 16, 9, 8, 34, 15, 12, 1,1.22197
1, 31, 18, 26, 10, 24, 11, 28, 6, 13, 25, 5, 27, 29, 19, 17, 21, 33, 2, 32, 30, 7, 4, 20, 23, 22, 14, 3, 16, 9, 8, 34, 15, 12, 1,1.22197
1, 31, 18, 26, 10, 24, 11, 28, 6, 13, 25, 5, 27, 29, 19, 17, 21, 33, 2, 32, 30, 7, 4, 20, 23, 22, 14, 3, 16, 9, 8, 34, 15, 12, 1,1.22197
1, 31, 18, 26, 10, 24, 11, 28, 6, 13, 25, 5, 27, 29, 19, 17, 21, 33, 2, 32, 30, 7, 4, 20, 23, 22, 14, 3, 16, 9, 8, 34, 15, 12, 1,1.22197
1, 31, 18, 26, 10, 24, 11, 28, 6, 13, 25, 5, 27, 29, 19, 17, 21, 33, 2, 32, 30, 7, 4, 20, 23, 22, 14, 3, 16, 9, 8, 34, 15, 12, 1,1.22197
1, 31, 18, 26, 10, 24, 11, 28, 6, 13, 25, 5, 27, 29, 19, 17, 21, 33, 2, 32, 30, 7, 4, 20, 23, 22, 14, 3, 16, 9, 8, 34, 15, 12, 1,1.22197
1, 31, 18, 26, 10, 24, 11, 28, 6, 13, 25, 5, 27, 29, 19, 17, 21, 33, 2, 32, 30, 7, 4, 20, 23, 22, 14, 3, 16, 9, 8, 34, 15, 12, 1,1.22197
1, 31, 18, 26, 10, 24, 11, 28, 6, 13, 25, 5, 27, 29, 19, 17, 21, 33, 2, 32, 30, 7, 4, 20, 23, 22, 14, 3, 16, 9, 8, 34, 15, 12, 1,1.22197
1, 31, 18, 26, 10, 24, 11, 28, 6, 13, 25, 5, 27, 29, 19, 17, 21, 33, 2, 32, 30, 7, 4, 20, 23, 22, 14, 3, 16, 9, 8, 34, 15, 12, 1,1.22197
1, 31, 18, 26, 10, 24, 11, 28, 6, 13, 25, 5, 27, 29, 19, 17, 21, 33, 2, 32, 30, 7, 4, 20, 23, 22, 14, 3, 16, 9, 8, 34, 15, 12, 1,1.22197
1, 31, 18, 26, 10, 24, 11, 28, 6, 13, 25, 5, 27, 29, 19, 17, 21, 33, 2, 32, 30, 7, 4, 20, 23, 22, 14, 3, 16, 9, 8, 34, 15, 12, 1,1.22197
1, 31, 18, 26, 10, 24, 11, 28, 6, 13, 25, 5, 27, 29, 19, 17, 21, 33, 2, 32, 30, 7, 4, 20, 23, 22, 14, 3, 16, 9, 8, 34, 15, 12, 1,1.22197
1, 31, 18, 26, 10, 24, 11, 28, 6, 13, 25, 5, 27, 29, 19, 17, 21, 33, 2, 32, 30, 7, 4, 20, 23, 22, 14, 3, 16, 9, 8, 34, 15, 12, 1,1.22197
1, 31, 18, 26, 10, 24, 11, 28, 6, 13, 25, 5, 27, 29, 19, 17, 21, 33, 2, 32, 30, 7, 4, 20, 23, 22, 14, 3, 16, 9, 8, 34, 15, 12, 1,1.22197
1, 31, 18, 26, 10, 24, 11, 28, 6, 13, 25, 5, 27, 29, 19, 17, 21, 33, 2, 32, 30, 7, 4, 20, 23, 22, 14, 3, 16, 9, 8, 34, 15, 12, 1,1.22197
1, 31, 18, 26, 10, 24, 11, 28, 6, 13, 25, 5, 27, 29, 19, 17, 21, 33, 2, 32, 30, 7, 4, 20, 23, 22, 14, 3, 16, 9, 8, 34, 15, 12, 1,1.22197
1, 31, 18, 26, 10, 24, 11, 28, 6, 13, 25, 5, 27, 29, 19, 17, 21, 33, 2, 32, 30, 7, 4, 20, 23, 22, 14, 3, 16, 9, 8, 34, 15, 12, 1,1.22197
1, 31, 18, 26, 10, 24, 11, 28, 6, 13, 25, 5, 27, 29, 19, 17, 21, 33, 2, 32, 30, 7, 4, 20, 23, 22, 14, 3, 16, 9, 8, 34, 15, 12, 1,1.22197
1, 31, 18, 26, 10, 24, 11, 28, 6, 13, 25, 5, 27, 29, 19, 17, 21, 33, 2, 32, 30, 7, 4, 20, 23, 22, 14, 3, 16, 9, 8, 34, 15, 12, 1,1.22197
1, 31, 18, 26, 10, 24, 11, 28, 6, 13, 25, 5, 27, 29, 19, 17, 21, 33, 2, 32, 30, 7, 4, 20, 23, 22, 14, 3, 16, 9, 8, 34, 15, 12, 1,1.22197
1, 31, 18, 26, 10, 24, 11, 28, 6, 13, 25, 5, 27, 29, 19, 17, 21, 33, 2, 32, 30, 7, 4, 20, 23, 22, 14, 3, 16, 9, 8, 34, 15, 12, 1,1.22197
1, 31, 18, 26, 10, 24, 11, 28, 6, 13, 25, 5, 27, 29, 19, 17, 21, 33, 2, 32, 30, 7, 4, 20, 23, 22, 14, 3, 16, 9, 8, 34, 15, 12, 1,1.22197
1, 31, 18, 26, 10, 24, 11, 28, 6, 13, 25, 5, 27, 29, 19, 17, 21, 33, 2, 32, 30, 7, 4, 20, 23, 22, 14, 3, 16, 9, 8, 34, 15, 12, 1,1.22197
1, 31, 18, 26, 10, 24, 11, 28, 6, 13, 25, 5, 27, 29, 19, 17, 21, 33, 2, 32, 30, 7, 4, 20, 23, 22, 14, 3, 16, 9, 8, 34, 15, 12, 1,1.22197
1, 31, 18, 26, 10, 24, 11, 28, 6, 13, 25, 5, 27, 29, 19, 17, 21, 33, 2, 32, 30, 7, 4, 20, 23, 22, 14, 3, 16, 9, 8, 34, 15, 12, 1,1.22197
1, 31, 18, 26, 10, 24, 11, 28, 6, 13, 25, 5, 27, 29, 19, 17, 21, 33, 2, 32, 30, 7, 4, 20, 23, 22, 14, 3, 16, 9, 8, 34, 15, 12, 1,1.22197
1, 31, 18, 26, 10, 24, 11, 28, 6, 13, 25, 5, 27, 29, 19, 17, 21, 33, 2, 32, 30, 7, 4, 20, 23, 22, 14, 3, 16, 9, 8, 34, 15, 12, 1,1.22197
1, 31, 18, 26, 10, 24, 11, 28, 6, 13, 25, 5, 27, 29, 19, 17, 21, 33, 2, 32, 30, 7, 4, 20, 23, 22, 14, 3, 16, 9, 8, 34, 15, 12, 1,1.22197
1, 31, 18, 26, 10, 24, 11, 28, 6, 13, 25, 5, 27, 29, 19, 17, 21, 33, 2, 32, 30, 7, 4, 20, 23, 22, 14, 3, 16, 9, 8, 34, 15, 12, 1,1.22197
1, 31, 18, 26, 10, 24, 11, 28, 6, 13, 25, 5, 27, 29, 19, 17, 21, 33, 2, 32, 30, 7, 4, 20, 23, 22, 14, 3, 16, 9, 8, 34, 15, 12, 1,1.22197
1, 31, 18, 26, 10, 24, 11, 28, 6, 13, 25, 5, 27, 29, 19, 17, 21, 33, 2, 32, 30, 7, 4, 20, 23, 22, 14, 3, 16, 9, 8, 34, 15, 12, 1,1.22197
1, 31, 18, 26, 10, 24, 11, 28, 6, 13, 25, 5, 27, 29, 19, 17, 21, 33, 2, 32, 30, 7, 4, 20, 23, 22, 14, 3, 16, 9, 8, 34, 15, 12, 1,1.22197
1, 31, 18, 26, 10, 24, 11, 28, 6, 13, 25, 5, 27, 29, 19, 17, 21, 33, 2, 32, 30, 7, 4, 20, 23, 22, 14, 3, 16, 9, 8, 34, 15, 12, 1,1.22197
1, 31, 18, 26, 10, 24, 11, 28, 6, 13, 25, 5, 27, 29, 19, 17, 21, 33, 2, 32, 30, 7, 4, 20, 23, 22, 14, 3, 16, 9, 8, 34, 15, 12, 1,1.22197
1, 31, 18, 26, 10, 24, 11, 28, 6, 13, 25, 5, 27, 29, 19, 17, 21, 33, 2, 32, 30, 7, 4, 20, 23, 22, 14, 3, 16, 9, 8, 34, 15, 12, 1,1.22197
1, 31, 18, 26, 10, 24, 11, 28, 6, 13, 25, 5, 27, 29, 19, 17, 21, 33, 2, 32, 30, 7, 4, 20, 23, 22, 14, 3, 16, 9, 8, 34, 15, 12, 1,1.22197
1, 31, 18, 26, 10, 24, 11, 28, 6, 13, 25, 5, 27, 29, 19, 17, 21, 33, 2, 32, 30, 7, 4, 20, 23, 22, 14, 3, 16, 9, 8, 34, 15, 12, 1,1.22197
1, 31, 18, 26, 10, 24, 11, 28, 6, 13, 25, 5, 27, 29, 19, 17, 21, 33, 2, 32, 30, 7, 4, 20, 23, 22, 14, 3, 16, 9, 8, 34, 15, 12, 1,1.22197
1, 31, 18, 26, 10, 24, 11, 28, 6, 13, 25, 5, 27, 29, 19, 17, 21, 33, 2, 32, 30, 7, 4, 20, 23, 22, 14, 3, 16, 9, 8, 34, 15, 12, 1,1.22197
1, 31, 18, 26, 10, 24, 11, 28, 6, 13, 25, 5, 27, 29, 19, 17, 21, 33, 2, 32, 30, 7, 4, 20, 23, 22, 14, 3, 16, 9, 8, 34, 15, 12, 1,1.22197
1, 31, 18, 26, 10, 24, 11, 28, 6, 13, 25, 5, 27, 29, 19, 17, 21, 33, 2, 32, 30, 7, 4, 20, 23, 22, 14, 3, 16, 9, 8, 34, 15, 12, 1,1.22197
1, 31, 18, 26, 10, 24, 11, 28, 6, 13, 25, 5, 27, 29, 19, 17, 21, 33, 2, 32, 30, 7, 4, 20, 23, 22, 14, 3, 16, 9, 8, 34, 15, 12, 1,1.22197
1, 31, 18, 26, 10, 24, 11, 28, 6, 13, 25, 5, 27, 29, 19, 17, 21, 33, 2, 32, 30, 7, 4, 20, 23, 22, 14, 3, 16, 9, 8, 34, 15, 12, 1,1.22197
1, 31, 18, 26, 10, 24, 11, 28, 6, 13, 25, 5, 27, 29, 19, 17, 21, 33, 2, 32, 30, 7, 4, 20, 23, 22, 14, 3, 16, 9, 8, 34, 15, 12, 1,1.22197
1, 31, 18, 26, 10, 24, 11, 28, 6, 13, 25, 5, 27, 29, 19, 17, 21, 33, 2, 32, 30, 7, 4, 20, 23, 22, 14, 3, 16, 9, 8, 34, 15, 12, 1,1.22197
1, 31, 18, 26, 10, 24, 11, 28, 6, 13, 25, 5, 27, 29, 19, 17, 21, 33, 2, 32, 30, 7, 4, 20, 23, 22, 14, 3, 16, 9, 8, 34, 15, 12, 1,1.22197
1, 31, 18, 26, 10, 24, 11, 28, 6, 13, 25, 5, 27, 29, 19, 17, 21, 33, 2, 32, 30, 7, 4, 20, 23, 22, 14, 3, 16, 9, 8, 34, 15, 12, 1,1.22197
1, 31, 18, 26, 10, 24, 11, 28, 6, 13, 25, 5, 27, 29, 19, 17, 21, 33, 2, 32, 30, 7, 4, 20, 23, 22, 14, 3, 16, 9, 8, 34, 15, 12, 1,1.22197
1, 31, 18, 26, 10, 24, 11, 28, 6, 13, 25, 5, 27, 29, 19, 17, 21, 33, 2, 32, 30, 7, 4, 20, 23, 22, 14, 3, 16, 9, 8, 34, 15, 12, 1,1.22197
1, 31, 18, 26, 10, 24, 11, 28, 6, 13, 25, 5, 27, 29, 19, 17, 21, 33, 2, 32, 30, 7, 4, 20, 23, 22, 14, 3, 16, 9, 8, 34, 15, 12, 1,1.22197
1, 31, 18, 26, 10, 24, 11, 28, 6, 13, 25, 5, 27, 29, 19, 17, 21, 33, 2, 32, 30, 7, 4, 20, 23, 22, 14, 3, 16, 9, 8, 34, 15, 12, 1,1.22197
1, 31, 18, 26, 10, 24, 11, 28, 6, 13, 25, 5, 27, 29, 19, 17, 21, 33, 2, 32, 30, 7, 4, 20, 23, 22, 14, 3, 16, 9, 8, 34, 15, 12, 1,1.22197
1, 31, 18, 26, 10, 24, 11, 28, 6, 13, 25, 5, 27, 29, 19, 17, 21, 33, 2, 32, 30, 7, 4, 20, 23, 22, 14, 3, 16, 9, 8, 34, 15, 12, 1,1.22197
1, 31, 18, 26, 10, 24, 11, 28, 6, 13, 25, 5, 27, 29, 19, 17, 21, 33, 2, 32, 30, 7, 4, 20, 23, 22, 14, 3, 16, 9, 8, 34, 15, 12, 1,1.22197
1, 31, 18, 26, 10, 24, 11, 28, 6, 13, 25, 5, 27, 29, 19, 17, 21, 33, 2, 32, 30, 7, 4, 20, 23, 22, 14, 3, 16, 9, 8, 34, 15, 12, 1,1.22197
1, 31, 18, 26, 10, 24, 11, 28, 6, 13, 25, 5, 27, 29, 19, 17, 21, 33, 2, 32, 30, 7, 4, 20, 23, 22, 14, 3, 16, 9, 8, 34, 15, 12, 1,1.22197
1, 31, 18, 26, 10, 24, 11, 28, 6, 13, 25, 5, 27, 29, 19, 17, 21, 33, 2, 32, 30, 7, 4, 20, 23, 22, 14, 3, 16, 9, 8, 34, 15, 12, 1,1.22197
1, 31, 18, 26, 10, 24, 11, 28, 6, 13, 25, 5, 27, 29, 19, 17, 21, 33, 2, 32, 30, 7, 4, 20, 23, 22, 14, 3, 16, 9, 8, 34, 15, 12, 1,1.22197
1, 31, 18, 26, 10, 24, 11, 28, 6, 13, 25, 5, 27, 29, 19, 17, 21, 33, 2, 32, 30, 7, 4, 20, 23, 22, 14, 3, 16, 9, 8, 34, 15, 12, 1,1.22197
1, 31, 18, 26, 10, 24, 11, 28, 6, 13, 25, 5, 27, 29, 19, 17, 21, 33, 2, 32, 30, 7, 4, 20, 23, 22, 14, 3, 16, 9, 8, 34, 15, 12, 1,1.22197
1, 31, 18, 26, 10, 24, 11, 28, 6, 13, 25, 5, 27, 29, 19, 17, 21, 33, 2, 32, 30, 7, 4, 20, 23, 22, 14, 3, 16, 9, 8, 34, 15, 12, 1,1.22197
1, 31, 18, 26, 10, 24, 11, 28, 6, 13, 25, 5, 27, 29, 19, 17, 21, 33, 2, 32, 30, 7, 4, 20, 23, 22, 14, 3, 16, 9, 8, 34, 15, 12, 1,1.22197
1, 31, 18, 26, 10, 24, 11, 28, 6, 13, 25, 5, 27, 29, 19, 17, 21, 33, 2, 32, 30, 7, 4, 20, 23, 22, 14, 3, 16, 9, 8, 34, 15, 12, 1,1.22197
1, 31, 18, 26, 10, 24, 11, 28, 6, 13, 25, 5, 27, 29, 19, 17, 21, 33, 2, 32, 30, 7, 4, 20, 23, 22, 14, 3, 16, 9, 8, 34, 15, 12, 1,1.22197
1, 31, 18, 26, 10, 24, 11, 28, 6, 13, 25, 5, 27, 29, 19, 17, 21, 33, 2, 32, 30, 7, 4, 20, 23, 22, 14, 3, 16, 9, 8, 34, 15, 12, 1,1.22197
1, 31, 18, 26, 10, 24, 11, 28, 6, 13, 25, 5, 27, 29, 19, 17, 21, 33, 2, 32, 30, 7, 4, 20, 23, 22, 14, 3, 16, 9, 8, 34, 15, 12, 1,1.22197
1, 31, 18, 26, 10, 24, 11, 28, 6, 13, 25, 5, 27, 29, 19, 17, 21, 33, 2, 32, 30, 7, 4, 20, 23, 22, 14, 3, 16, 9, 8, 34, 15, 12, 1,1.22197
1, 31, 18, 26, 10, 24, 11, 28, 6, 13, 25, 5, 27, 29, 19, 17, 21, 33, 2, 32, 30, 7, 4, 20, 23, 22, 14, 3, 16, 9, 8, 34, 15, 12, 1,1.22197
1, 31, 18, 26, 10, 24, 11, 28, 6, 13, 25, 5, 27, 29, 19, 17, 21, 33, 2, 32, 30, 7, 4, 20, 23, 22, 14, 3, 16, 9, 8, 34, 15, 12, 1,1.22197
1, 31, 18, 26, 10, 24, 11, 28, 6, 13, 25, 5, 27, 29, 19, 17, 21, 33, 2, 32, 30, 7, 4, 20, 23, 22, 14, 3, 16, 9, 8, 34, 15, 12, 1,1.22197
1, 31, 18, 26, 10, 24, 11, 28, 6, 13, 25, 5, 27, 29, 19, 17, 21, 33, 2, 32, 30, 7, 4, 20, 23, 22, 14, 3, 16, 9, 8, 34, 15, 12, 1,1.22197
1, 31, 18, 26, 10, 24, 11, 28, 6, 13, 25, 5, 27, 29, 19, 17, 21, 33, 2, 32, 30, 7, 4, 20, 23, 22, 14, 3, 16, 9, 8, 34, 15, 12, 1,1.22197
1, 31, 18, 26, 10, 24, 11, 28, 6, 13, 25, 5, 27, 29, 19, 17, 21, 33, 2, 32, 30, 7, 4, 20, 23, 22, 14, 3, 16, 9, 8, 34, 15, 12, 1,1.22197
1, 31, 18, 26, 10, 24, 11, 28, 6, 13, 25, 5, 27, 29, 19, 17, 21, 33, 2, 32, 30, 7, 4, 20, 23, 22, 14, 3, 16, 9, 8, 34, 15, 12, 1,1.22197
1, 31, 18, 26, 10, 24, 11, 28, 6, 13, 25, 5, 27, 29, 19, 17, 21, 33, 2, 32, 30, 7, 4, 20, 23, 22, 14, 3, 16, 9, 8, 34, 15, 12, 1,1.22197
1, 31, 18, 26, 10, 24, 11, 28, 6, 13, 25, 5, 27, 29, 19, 17, 21, 33, 2, 32, 30, 7, 4, 20, 23, 22, 14, 3, 16, 9, 8, 34, 15, 12, 1,1.22197
1, 31, 18, 26, 10, 24, 11, 28, 6, 13, 25, 5, 27, 29, 19, 17, 21, 33, 2, 32, 30, 7, 4, 20, 23, 22, 14, 3, 16, 9, 8, 34, 15, 12, 1,1.22197
1, 31, 18, 26, 10, 24, 11, 28, 6, 13, 25, 5, 27, 29, 19, 17, 21, 33, 2, 32, 30, 7, 4, 20, 23, 22, 14, 3, 16, 9, 8, 34, 15, 12, 1,1.22197
1, 31, 18, 26, 10, 24, 11, 28, 6, 13, 25, 5, 27, 29, 19, 17, 21, 33, 2, 32, 30, 7, 4, 20, 23, 22, 14, 3, 16, 9, 8, 34, 15, 12, 1,1.22197
1, 31, 18, 26, 10, 24, 11, 28, 6, 13, 25, 5, 27, 29, 19, 17, 21, 33, 2, 32, 30, 7, 4, 20, 23, 22, 14, 3, 16, 9, 8, 34, 15, 12, 1,1.22197
1, 31, 18, 26, 8, 10, 24, 11, 28, 6, 13, 25, 5, 27, 29, 19, 17, 21, 33, 2, 32, 30, 7, 4, 20, 23, 22, 14, 3, 16, 9, 34, 15, 12, 1,1.21408
1, 31, 18, 26, 8, 10, 24, 11, 28, 6, 13, 25, 5, 27, 29, 19, 17, 21, 33, 2, 32, 30, 7, 4, 20, 23, 22, 14, 3, 16, 9, 34, 15, 12, 1,1.21408
1, 31, 18, 26, 8, 10, 24, 11, 28, 6, 13, 25, 5, 27, 29, 19, 17, 21, 33, 2, 32, 30, 7, 4, 20, 23, 22, 14, 3, 16, 9, 34, 15, 12, 1,1.21408
1, 31, 18, 26, 8, 10, 24, 11, 28, 6, 13, 25, 5, 27, 29, 19, 17, 21, 33, 2, 32, 30, 7, 4, 20, 23, 22, 14, 3, 16, 9, 34, 15, 12, 1,1.21408
1, 31, 18, 26, 8, 10, 24, 11, 28, 6, 13, 25, 5, 27, 29, 19, 17, 21, 33, 2, 32, 30, 7, 4, 20, 23, 22, 14, 3, 16, 9, 34, 15, 12, 1,1.21408
1, 31, 18, 26, 8, 10, 24, 11, 28, 6, 13, 25, 5, 27, 29, 19, 17, 21, 33, 2, 32, 30, 7, 4, 20, 23, 22, 14, 3, 16, 9, 34, 15, 12, 1,1.21408
1, 31, 18, 26, 8, 10, 24, 11, 28, 6, 13, 25, 5, 27, 29, 19, 17, 21, 33, 2, 32, 30, 7, 4, 20, 23, 22, 14, 3, 16, 9, 34, 15, 12, 1,1.21408
1, 31, 18, 26, 8, 10, 24, 11, 28, 6, 13, 25, 5, 27, 29, 19, 17, 21, 33, 2, 32, 30, 7, 4, 20, 23, 22, 14, 3, 16, 9, 34, 15, 12, 1,1.21408
1, 31, 18, 26, 8, 10, 24, 11, 28, 6, 13, 25, 5, 27, 29, 19, 17, 21, 33, 2, 32, 30, 7, 4, 20, 23, 22, 14, 3, 16, 9, 34, 15, 12, 1,1.21408
1, 31, 18, 26, 8, 10, 24, 11, 28, 6, 13, 25, 5, 27, 29, 19, 17, 21, 33, 2, 32, 30, 7, 4, 20, 23, 22, 14, 3, 16, 9, 34, 15, 12, 1,1.21408
1, 31, 18, 26, 8, 10, 24, 11, 28, 6, 13, 25, 5, 27, 29, 19, 17, 21, 33, 2, 32, 30, 7, 4, 20, 23, 22, 14, 3, 16, 9, 34, 15, 12, 1,1.21408
1, 31, 18, 26, 8, 10, 24, 11, 28, 6, 13, 25, 5, 27, 29, 19, 17, 21, 33, 2, 32, 30, 7, 4, 20, 23, 22, 14, 3, 16, 9, 34, 15, 12, 1,1.21408
1, 31, 18, 26, 8, 10, 24, 11, 28, 6, 13, 25, 5, 27, 29, 19, 17, 21, 33, 2, 32, 30, 7, 4, 20, 23, 22, 14, 3, 16, 9, 34, 15, 12, 1,1.21408
1, 31, 18, 26, 8, 10, 24, 11, 28, 6, 13, 25, 5, 27, 29, 19, 17, 21, 33, 2, 32, 30, 7, 4, 20, 23, 22, 14, 3, 16, 9, 34, 15, 12, 1,1.21408
1, 31, 18, 26, 8, 10, 24, 11, 28, 6, 13, 25, 5, 27, 29, 19, 17, 21, 33, 2, 32, 30, 7, 4, 20, 23, 22, 14, 3, 16, 9, 34, 15, 12, 1,1.21408
1, 31, 18, 26, 8, 10, 24, 11, 28, 6, 13, 25, 5, 27, 29, 19, 17, 21, 33, 2, 32, 30, 7, 4, 20, 23, 22, 14, 3, 16, 9, 34, 15, 12, 1,1.21408
1, 31, 18, 26, 8, 10, 24, 11, 28, 6, 13, 25, 5, 27, 29, 19, 17, 21, 33, 2, 32, 30, 7, 4, 20, 23, 22, 14, 3, 16, 9, 34, 15, 12, 1,1.21408
1, 31, 18, 26, 8, 10, 24, 11, 28, 6, 13, 25, 5, 27, 29, 19, 17, 21, 33, 2, 32, 30, 7, 4, 20, 23, 22, 14, 3, 16, 9, 34, 15, 12, 1,1.21408
1, 31, 18, 26, 8, 10, 24, 11, 28, 6, 13, 25, 5, 27, 29, 19, 17, 21, 33, 2, 32, 30, 7, 4, 20, 23, 22, 14, 3, 16, 9, 34, 15, 12, 1,1.21408
1, 31, 18, 26, 8, 10, 24, 11, 28, 6, 13, 25, 5, 27, 29, 19, 17, 21, 33, 2, 32, 30, 7, 4, 20, 23, 22, 14, 3, 16, 9, 34, 15, 12, 1,1.21408
1, 31, 18, 26, 8, 10, 24, 11, 28, 6, 13, 25, 5, 27, 29, 19, 17, 21, 33, 2, 32, 30, 7, 4, 20, 23, 22, 14, 3, 16, 9, 34, 15, 12, 1,1.21408
1, 31, 18, 26, 8, 10, 24, 11, 28, 6, 13, 25, 5, 27, 29, 19, 17, 21, 33, 2, 32, 30, 7, 4, 20, 23, 22, 14, 3, 16, 9, 34, 15, 12, 1,1.21408
1, 31, 18, 26, 8, 10, 24, 11, 28, 6, 13, 25, 5, 27, 29, 19, 17, 21, 33, 2, 32, 30, 7, 4, 20, 23, 22, 14, 3, 16, 9, 34, 15, 12, 1,1.21408
1, 31, 18, 26, 8, 10, 24, 11, 28, 6, 13, 25, 5, 27, 29, 19, 17, 21, 33, 2, 32, 30, 7, 4, 20, 23, 22, 14, 3, 16, 9, 34, 15, 12, 1,1.21408
1, 31, 18, 26, 8, 10, 24, 11, 28, 6, 13, 25, 5, 27, 29, 19, 17, 21, 33, 2, 32, 30, 7, 4, 20, 23, 22, 14, 3, 16, 9, 34, 15, 12, 1,1.21408
1, 31, 18, 26, 8, 10, 24, 11, 28, 6, 13, 25, 5, 27, 29, 19, 17, 21, 33, 2, 32, 30, 7, 4, 20, 23, 22, 14, 3, 16, 9, 34, 15, 12, 1,1.21408
1, 31, 18, 26, 8, 10, 24, 11, 28, 6, 13, 25, 5, 27, 29, 19, 17, 21, 33, 2, 32, 30, 7, 4, 20, 23, 22, 14, 3, 16, 9, 34, 15, 12, 1,1.21408
1, 31, 18, 26, 8, 10, 24, 11, 28, 6, 13, 25, 5, 27, 29, 19, 17, 21, 33, 2, 32, 30, 7, 4, 20, 23, 22, 14, 3, 16, 9, 34, 15, 12, 1,1.21408
1, 31, 18, 26, 8, 10, 24, 11, 28, 6, 13, 25, 5, 27, 29, 19, 17, 21, 33, 2, 32, 30, 7, 4, 20, 23, 22, 14, 3, 16, 9, 34, 15, 12, 1,1.21408
1, 31, 18, 26, 8, 10, 24, 11, 28, 6, 13, 25, 5, 27, 29, 19, 17, 21, 33, 2, 32, 30, 7, 4, 20, 23, 22, 14, 3, 16, 9, 34, 15, 12, 1,1.21408
1, 31, 18, 26, 8, 10, 24, 11, 28, 6, 13, 25, 5, 27, 29, 19, 17, 21, 33, 2, 32, 30, 7, 4, 20, 23, 22, 14, 3, 16, 9, 34, 15, 12, 1,1.21408
1, 31, 18, 26, 8, 10, 24, 11, 28, 6, 13, 25, 5, 27, 29, 19, 17, 21, 33, 2, 32, 30, 7, 4, 20, 23, 22, 14, 3, 16, 9, 34, 15, 12, 1,1.21408
1, 31, 18, 26, 8, 10, 24, 11, 28, 6, 13, 25, 5, 27, 29, 19, 17, 21, 33, 2, 32, 30, 7, 4, 20, 23, 22, 14, 3, 16, 9, 34, 15, 12, 1,1.21408
1, 31, 18, 26, 8, 10, 24, 11, 28, 6, 13, 25, 5, 27, 29, 19, 17, 21, 33, 2, 32, 30, 7, 4, 20, 23, 22, 14, 3, 16, 9, 34, 15, 12, 1,1.21408
1, 31, 18, 26, 8, 10, 24, 11, 28, 6, 13, 25, 5, 27, 29, 19, 17, 21, 33, 2, 32, 30, 7, 4, 20, 23, 22, 14, 3, 16, 9, 34, 15, 12, 1,1.21408
1, 31, 18, 26, 8, 10, 24, 11, 28, 6, 13, 25, 5, 27, 29, 19, 17, 21, 33, 2, 32, 30, 7, 4, 20, 23, 22, 14, 3, 16, 9, 34, 15, 12, 1,1.21408
1, 31, 18, 26, 8, 10, 24, 11, 28, 6, 13, 25, 5, 27, 29, 19, 17, 21, 33, 2, 32, 30, 7, 4, 20, 23, 22, 14, 3, 16, 9, 34, 15, 12, 1,1.21408
1, 31, 18, 26, 8, 10, 24, 11, 28, 6, 13, 25, 5, 27, 29, 19, 17, 21, 33, 2, 32, 30, 7, 4, 20, 23, 22, 14, 3, 16, 9, 34, 15, 12, 1,1.21408
1, 31, 18, 26, 8, 10, 24, 11, 28, 6, 13, 25, 5, 27, 29, 19, 17, 21, 33, 2, 32, 30, 7, 4, 20, 23, 22, 14, 3, 16, 9, 34, 15, 12, 1,1.21408
1, 31, 18, 26, 8, 10, 24, 11, 28, 6, 13, 25, 5, 27, 29, 19, 17, 21, 33, 2, 32, 30, 7, 4, 20, 23, 22, 14, 3, 16, 9, 34, 15, 12, 1,1.21408
1, 31, 18, 26, 8, 10, 24, 11, 28, 6, 13, 25, 5, 27, 29, 19, 17, 21, 33, 2, 32, 30, 7, 4, 20, 23, 22, 14, 3, 16, 9, 34, 15, 12, 1,1.21408
1, 31, 18, 26, 8, 10, 24, 11, 28, 6, 13, 25, 5, 27, 29, 19, 17, 21, 33, 2, 32, 30, 7, 4, 20, 23, 22, 14, 3, 16, 9, 34, 15, 12, 1,1.21408
1, 31, 18, 26, 8, 10, 24, 11, 28, 6, 13, 25, 5, 27, 29, 19, 17, 21, 33, 2, 32, 30, 7, 4, 20, 23, 22, 14, 3, 16, 9, 34, 15, 12, 1,1.21408
1, 31, 18, 26, 8, 10, 24, 11, 28, 6, 13, 25, 5, 27, 29, 19, 17, 21, 33, 2, 32, 30, 7, 4, 20, 23, 22, 14, 3, 16, 9, 34, 15, 12, 1,1.21408
1, 31, 18, 26, 8, 10, 24, 11, 28, 6, 13, 25, 5, 27, 29, 19, 17, 21, 33, 2, 32, 30, 7, 4, 20, 23, 22, 14, 3, 16, 9, 34, 15, 12, 1,1.21408
1, 31, 18, 26, 8, 10, 24, 11, 28, 6, 13, 25, 5, 27, 29, 19, 17, 21, 33, 2, 32, 30, 7, 4, 20, 23, 22, 14, 3, 16, 9, 34, 15, 12, 1,1.21408
1, 31, 18, 26, 8, 10, 24, 11, 28, 6, 13, 25, 5, 27, 29, 19, 17, 21, 33, 2, 32, 30, 7, 4, 20, 23, 22, 14, 3, 16, 9, 34, 15, 12, 1,1.21408
1, 31, 18, 26, 8, 10, 24, 11, 28, 6, 13, 25, 5, 27, 29, 19, 17, 21, 33, 2, 32, 30, 7, 4, 20, 23, 22, 14, 3, 16, 9, 34, 15, 12, 1,1.21408
1, 31, 18, 26, 8, 10, 24, 11, 28, 6, 13, 25, 5, 27, 29, 19, 17, 21, 33, 2, 32, 30, 7, 4, 20, 23, 22, 14, 3, 16, 9, 34, 15, 12, 1,1.21408
1, 31, 18, 26, 8, 10, 24, 11, 28, 6, 13, 25, 5, 27, 29, 19, 17, 21, 33, 2, 32, 30, 7, 4, 20, 23, 22, 14, 3, 16, 9, 34, 15, 12, 1,1.21408
1, 31, 18, 26, 8, 10, 24, 11, 28, 6, 13, 25, 5, 27, 29, 19, 17, 21, 33, 2, 32, 30, 7, 4, 20, 23, 22, 14, 3, 16, 9, 34, 15, 12, 1,1.21408
1, 31, 18, 26, 8, 10, 24, 11, 28, 6, 13, 25, 5, 27, 29, 19, 17, 21, 33, 2, 32, 30, 7, 4, 20, 23, 22, 14, 3, 16, 9, 34, 15, 12, 1,1.21408
1, 31, 18, 26, 10, 8, 24, 11, 28, 6, 13, 25, 5, 27, 29, 19, 17, 21, 33, 2, 32, 30, 7, 4, 20, 23, 22, 14, 3, 16, 9, 34, 15, 12, 1,1.19835
1, 31, 18, 26, 10, 8, 24, 11, 28, 6, 13, 25, 5, 27, 29, 19, 17, 21, 33, 2, 32, 30, 7, 4, 20, 23, 22, 14, 3, 16, 9, 34, 15, 12, 1,1.19835
1, 31, 18, 26, 10, 8, 24, 11, 28, 6, 13, 25, 5, 27, 29, 19, 17, 21, 33, 2, 32, 30, 7, 4, 20, 23, 22, 14, 3, 16, 9, 34, 15, 12, 1,1.19835
1, 31, 18, 26, 10, 8, 24, 11, 28, 6, 13, 25, 5, 27, 29, 19, 17, 21, 33, 2, 32, 30, 7, 4, 20, 23, 22, 14, 3, 16, 9, 34, 15, 12, 1,1.19835
1, 31, 18, 26, 10, 8, 24, 11, 28, 6, 13, 25, 5, 27, 29, 19, 17, 21, 33, 2, 32, 30, 7, 4, 20, 23, 22, 14, 3, 16, 9, 34, 15, 12, 1,1.19835
1, 31, 18, 26, 10, 8, 24, 11, 28, 6, 13, 25, 5, 27, 29, 19, 17, 21, 33, 2, 32, 30, 7, 4, 20, 23, 22, 14, 3, 16, 9, 34, 15, 12, 1,1.19835
1, 31, 18, 26, 10, 8, 24, 11, 28, 6, 13, 25, 5, 27, 29, 19, 17, 21, 33, 2, 32, 30, 7, 4, 20, 23, 22, 14, 3, 16, 9, 34, 15, 12, 1,1.19835
1, 31, 18, 26, 10, 8, 24, 11, 28, 6, 13, 25, 5, 27, 29, 19, 17, 21, 33, 2, 32, 30, 7, 4, 20, 23, 22, 14, 3, 16, 9, 34, 15, 12, 1,1.19835
1, 31, 18, 26, 10, 8, 24, 11, 28, 6, 13, 25, 5, 27, 29, 19, 17, 21, 33, 2, 32, 30, 7, 4, 20, 23, 22, 14, 3, 16, 9, 34, 15, 12, 1,1.19835
1, 31, 18, 26, 10, 8, 24, 11, 28, 6, 13, 25, 5, 27, 29, 19, 17, 21, 33, 2, 32, 30, 7, 4, 20, 23, 22, 14, 3, 16, 9, 34, 15, 12, 1,1.19835
1, 31, 18, 26, 10, 8, 24, 11, 28, 6, 13, 25, 5, 27, 29, 19, 17, 21, 33, 2, 32, 30, 7, 4, 20, 23, 22, 14, 3, 16, 9, 34, 15, 12, 1,1.19835
1, 31, 18, 26, 10, 8, 24, 11, 28, 6, 13, 25, 5, 27, 29, 19, 17, 21, 33, 2, 32, 30, 7, 4, 20, 23, 22, 14, 3, 16, 9, 34, 15, 12, 1,1.19835
1, 31, 18, 26, 10, 8, 24, 11, 28, 6, 13, 25, 5, 27, 29, 19, 17, 21, 33, 2, 32, 30, 7, 4, 20, 23, 22, 14, 3, 16, 9, 34, 15, 12, 1,1.19835
1, 31, 18, 26, 10, 8, 24, 11, 28, 6, 13, 25, 5, 27, 29, 19, 17, 21, 33, 2, 32, 30, 7, 4, 20, 23, 22, 14, 3, 16, 9, 34, 15, 12, 1,1.19835
1, 31, 18, 26, 10, 8, 24, 11, 28, 6, 13, 25, 5, 27, 29, 19, 17, 21, 33, 2, 32, 30, 7, 4, 20, 23, 22, 14, 3, 16, 9, 34, 15, 12, 1,1.19835
1, 31, 18, 26, 10, 8, 24, 11, 28, 6, 13, 25, 5, 27, 29, 19, 17, 21, 33, 2, 32, 30, 7, 4, 20, 23, 22, 14, 3, 16, 9, 34, 15, 12, 1,1.19835
1, 31, 18, 26, 10, 8, 24, 11, 28, 6, 13, 25, 5, 27, 29, 19, 17, 21, 33, 2, 32, 30, 7, 4, 20, 23, 22, 14, 3, 16, 9, 34, 15, 12, 1,1.19835
1, 31, 18, 26, 10, 8, 24, 11, 28, 6, 13, 25, 5, 27, 29, 19, 17, 21, 33, 2, 32, 30, 7, 4, 20, 23, 22, 14, 3, 16, 9, 34, 15, 12, 1,1.19835
1, 31, 18, 26, 10, 8, 24, 11, 28, 6, 13, 25, 5, 27, 29, 19, 17, 21, 33, 2, 32, 30, 7, 4, 20, 23, 22, 14, 3, 16, 9, 34, 15, 12, 1,1.19835
1, 31, 18, 26, 10, 8, 24, 11, 28, 6, 13, 25, 5, 27, 29, 19, 17, 21, 33, 2, 32, 30, 7, 4, 20, 23, 22, 14, 3, 16, 9, 34, 15, 12, 1,1.19835
1, 31, 18, 26, 10, 8, 24, 11, 28, 6, 13, 25, 5, 27, 29, 19, 17, 21, 33, 2, 32, 30, 7, 4, 20, 23, 22, 14, 3, 16, 9, 34, 15, 12, 1,1.19835
1, 31, 18, 26, 10, 8, 24, 11, 28, 6, 13, 25, 5, 27, 29, 19, 17, 21, 33, 2, 32, 30, 7, 4, 20, 23, 22, 14, 3, 16, 9, 34, 15, 12, 1,1.19835
1, 31, 18, 26, 10, 8, 24, 11, 28, 6, 13, 25, 5, 27, 29, 19, 17, 21, 33, 2, 32, 30, 7, 4, 20, 23, 22, 14, 3, 16, 9, 34, 15, 12, 1,1.19835
1, 31, 18, 26, 10, 8, 24, 11, 28, 6, 13, 25, 5, 27, 29, 19, 17, 21, 33, 2, 32, 30, 7, 4, 20, 23, 22, 14, 3, 16, 9, 34, 15, 12, 1,1.19835
1, 31, 18, 26, 10, 8, 24, 11, 28, 6, 13, 25, 5, 27, 29, 19, 17, 21, 33, 2, 32, 30, 7, 4, 20, 23, 22, 14, 3, 16, 9, 34, 15, 12, 1,1.19835
1, 31, 18, 26, 10, 8, 24, 11, 28, 6, 13, 25, 5, 27, 29, 19, 17, 21, 33, 2, 32, 30, 7, 4, 20, 23, 22, 14, 3, 16, 9, 34, 15, 12, 1,1.19835
1, 31, 18, 26, 10, 8, 24, 11, 28, 6, 13, 25, 5, 27, 29, 19, 17, 21, 33, 2, 32, 30, 7, 4, 20, 23, 22, 14, 3, 16, 9, 34, 15, 12, 1,1.19835
1, 31, 18, 26, 10, 8, 24, 11, 28, 6, 13, 25, 5, 27, 29, 19, 17, 21, 33, 2, 32, 30, 7, 4, 20, 23, 22, 14, 3, 16, 9, 34, 15, 12, 1,1.19835
1, 31, 18, 26, 10, 8, 24, 11, 28, 6, 13, 25, 5, 27, 29, 19, 17, 21, 33, 2, 32, 30, 7, 4, 20, 23, 22, 14, 3, 16, 9, 34, 15, 12, 1,1.19835
1, 31, 18, 26, 10, 8, 24, 11, 28, 6, 13, 25, 5, 27, 29, 19, 17, 21, 33, 2, 32, 30, 7, 4, 20, 23, 22, 14, 3, 16, 9, 34, 15, 12, 1,1.19835
1, 31, 18, 26, 10, 8, 24, 11, 28, 6, 13, 25, 5, 27, 29, 19, 17, 21, 33, 2, 32, 30, 7, 4, 20, 23, 22, 14, 3, 16, 9, 34, 15, 12, 1,1.19835
1, 31, 18, 26, 10, 8, 24, 11, 28, 6, 13, 25, 5, 27, 29, 19, 17, 21, 33, 2, 32, 30, 7, 4, 20, 23, 22, 14, 3, 16, 9, 34, 15, 12, 1,1.19835
1, 31, 18, 26, 10, 8, 24, 11, 28, 6, 13, 25, 5, 27, 29, 19, 17, 21, 33, 2, 32, 30, 7, 4, 20, 23, 22, 14, 3, 16, 9, 34, 15, 12, 1,1.19835
1, 31, 18, 26, 10, 8, 24, 11, 28, 6, 13, 25, 5, 27, 29, 19, 17, 21, 33, 2, 32, 30, 7, 4, 20, 23, 22, 14, 3, 16, 9, 34, 15, 12, 1,1.19835
1, 31, 18, 26, 10, 8, 24, 11, 28, 6, 13, 25, 5, 27, 29, 19, 17, 21, 33, 2, 32, 30, 7, 4, 20, 23, 22, 14, 3, 16, 9, 34, 15, 12, 1,1.19835
1, 31, 18, 26, 10, 8, 24, 11, 28, 6, 13, 25, 5, 27, 29, 19, 17, 21, 33, 2, 32, 30, 7, 4, 20, 23, 22, 14, 3, 16, 9, 34, 15, 12, 1,1.19835
1, 31, 18, 26, 10, 8, 24, 11, 28, 6, 13, 25, 5, 27, 29, 19, 17, 21, 33, 2, 32, 30, 7, 4, 20, 23, 22, 14, 3, 16, 9, 34, 15, 12, 1,1.19835
1, 31, 18, 26, 10, 8, 24, 11, 28, 6, 13, 25, 5, 27, 29, 19, 17, 21, 33, 2, 32, 30, 7, 4, 20, 23, 22, 14, 3, 16, 9, 34, 15, 12, 1,1.19835
1, 31, 18, 26, 10, 8, 24, 11, 28, 6, 13, 25, 5, 27, 29, 19, 17, 21, 33, 2, 32, 30, 7, 4, 20, 23, 22, 14, 3, 16, 9, 34, 15, 12, 1,1.19835
1, 31, 18, 26, 10, 8, 24, 11, 28, 6, 13, 25, 5, 27, 29, 19, 17, 21, 33, 2, 32, 30, 7, 4, 20, 23, 22, 14, 3, 16, 9, 34, 15, 12, 1,1.19835
1, 31, 18, 26, 10, 8, 24, 11, 28, 6, 13, 25, 5, 27, 29, 19, 17, 21, 33, 2, 32, 30, 7, 4, 20, 23, 22, 14, 3, 16, 9, 34, 15, 12, 1,1.19835
1, 31, 18, 26, 10, 8, 24, 11, 28, 6, 13, 25, 5, 27, 29, 19, 17, 21, 33, 2, 32, 30, 7, 4, 20, 23, 22, 14, 3, 16, 9, 34, 15, 12, 1,1.19835
1, 31, 18, 26, 10, 8, 24, 11, 28, 6, 13, 25, 5, 27, 29, 19, 17, 21, 33, 2, 32, 30, 7, 4, 20, 23, 22, 14, 3, 16, 9, 34, 15, 12, 1,1.19835
1, 31, 18, 26, 10, 8, 24, 11, 28, 6, 13, 25, 5, 27, 29, 19, 17, 21, 33, 2, 32, 30, 7, 4, 20, 23, 22, 14, 3, 16, 9, 34, 15, 12, 1,1.19835
1, 31, 18, 26, 10, 8, 24, 11, 28, 6, 13, 25, 5, 27, 29, 19, 17, 21, 33, 2, 32, 30, 7, 4, 20, 23, 22, 14, 3, 16, 9, 34, 15, 12, 1,1.19835
1, 31, 18, 26, 10, 8, 24, 11, 28, 6, 13, 25, 5, 27, 29, 19, 17, 21, 33, 2, 32, 30, 7, 4, 20, 23, 22, 14, 3, 16, 9, 34, 15, 12, 1,1.19835
1, 31, 18, 26, 10, 8, 24, 11, 28, 6, 13, 25, 5, 27, 29, 19, 17, 21, 33, 2, 32, 30, 7, 4, 20, 23, 22, 14, 3, 16, 9, 34, 15, 12, 1,1.19835
1, 31, 18, 26, 10, 8, 24, 11, 28, 6, 13, 25, 5, 27, 29, 19, 17, 21, 33, 2, 32, 30, 7, 4, 20, 23, 22, 14, 3, 16, 9, 34, 15, 12, 1,1.19835
1, 31, 18, 26, 10, 8, 24, 11, 28, 6, 13, 25, 5, 27, 29, 19, 17, 21, 33, 2, 32, 30, 7, 4, 20, 23, 22, 14, 3, 16, 9, 34, 15, 12, 1,1.19835
1, 31, 18, 26, 10, 8, 24, 11, 28, 6, 13, 25, 5, 27, 29, 19, 17, 21, 33, 2, 32, 30, 7, 4, 20, 23, 22, 14, 3, 16, 9, 34, 15, 12, 1,1.19835
1, 31, 18, 26, 10, 8, 24, 11, 28, 6, 13, 25, 5, 27, 29, 19, 17, 21, 33, 2, 32, 30, 7, 4, 20, 23, 22, 14, 3, 16, 9, 34, 15, 12, 1,1.19835
1, 31, 18, 26, 10, 8, 24, 11, 28, 6, 13, 25, 5, 27, 29, 19, 17, 21, 33, 2, 32, 30, 7, 4, 20, 23, 22, 14, 3, 16, 9, 34, 15, 12, 1,1.19835
1, 31, 18, 26, 10, 8, 24, 11, 28, 6, 13, 25, 5, 27, 29, 19, 17, 21, 33, 2, 32, 30, 7, 4, 20, 23, 22, 14, 3, 16, 9, 34, 15, 12, 1,1.19835
1, 31, 18, 26, 10, 8, 24, 11, 28, 6, 13, 25, 5, 27, 29, 19, 17, 21, 33, 2, 32, 30, 7, 4, 20, 23, 22, 14, 3, 16, 9, 34, 15, 12, 1,1.19835
1, 31, 18, 26, 10, 8, 24, 11, 28, 6, 13, 25, 5, 27, 29, 19, 17, 21, 33, 2, 32, 30, 7, 4, 20, 23, 22, 14, 3, 16, 9, 34, 15, 12, 1,1.19835
1, 31, 18, 26, 10, 8, 24, 11, 28, 6, 13, 25, 5, 27, 29, 19, 17, 21, 33, 2, 32, 30, 7, 4, 20, 23, 22, 14, 3, 16, 9, 34, 15, 12, 1,1.19835
1, 31, 18, 26, 10, 8, 24, 11, 28, 6, 13, 25, 5, 27, 29, 19, 17, 21, 33, 2, 32, 30, 7, 4, 20, 23, 22, 14, 3, 16, 9, 34, 15, 12, 1,1.19835
1, 31, 18, 26, 10, 8, 24, 11, 28, 6, 13, 25, 5, 27, 29, 19, 17, 21, 33, 2, 32, 30, 7, 4, 20, 23, 22, 14, 3, 16, 9, 34, 15, 12, 1,1.19835
1, 31, 18, 26, 10, 8, 24, 11, 28, 6, 13, 25, 5, 27, 29, 19, 17, 21, 33, 2, 32, 30, 7, 4, 20, 23, 22, 14, 3, 16, 9, 34, 15, 12, 1,1.19835
1, 31, 18, 26, 10, 8, 24, 11, 28, 6, 13, 25, 5, 27, 29, 19, 17, 21, 33, 2, 32, 30, 7, 4, 20, 23, 22, 14, 3, 16, 9, 34, 15, 12, 1,1.19835
1, 31, 18, 26, 10, 8, 24, 11, 28, 6, 13, 25, 5, 27, 29, 19, 17, 21, 33, 2, 32, 30, 7, 4, 20, 23, 22, 14, 3, 16, 9, 34, 15, 12, 1,1.19835
1, 31, 18, 26, 10, 8, 24, 11, 28, 6, 13, 25, 5, 27, 29, 19, 17, 21, 33, 2, 32, 30, 7, 4, 20, 23, 22, 14, 3, 16, 9, 34, 15, 12, 1,1.19835
1, 31, 18, 26, 10, 8, 24, 11, 28, 6, 13, 25, 5, 27, 29, 19, 17, 21, 33, 2, 32, 30, 7, 4, 20, 23, 22, 14, 3, 16, 9, 34, 15, 12, 1,1.19835
1, 31, 18, 26, 10, 8, 24, 11, 28, 6, 13, 25, 5, 27, 29, 19, 17, 21, 33, 2, 32, 30, 7, 4, 20, 23, 22, 14, 3, 16, 9, 34, 15, 12, 1,1.19835
1, 31, 18, 26, 10, 8, 24, 11, 28, 6, 13, 25, 5, 27, 29, 19, 17, 21, 33, 2, 32, 30, 7, 4, 20, 23, 22, 14, 3, 16, 9, 34, 15, 12, 1,1.19835
1, 31, 18, 26, 10, 8, 24, 11, 28, 6, 13, 25, 5, 27, 29, 19, 17, 21, 33, 2, 32, 30, 7, 4, 20, 23, 22, 14, 3, 16, 9, 34, 15, 12, 1,1.19835
1, 31, 18, 26, 10, 8, 24, 11, 28, 6, 13, 25, 5, 27, 29, 19, 17, 21, 33, 2, 32, 30, 7, 4, 20, 23, 22, 14, 3, 16, 9, 34, 15, 12, 1,1.19835
1, 31, 18, 26, 10, 8, 24, 11, 28, 6, 13, 25, 5, 27, 29, 19, 17, 21, 33, 2, 32, 30, 7, 4, 20, 23, 22, 14, 3, 16, 9, 34, 15, 12, 1,1.19835
1, 31, 18, 26, 10, 8, 24, 11, 28, 6, 13, 25, 5, 27, 29, 19, 17, 21, 33, 2, 32, 30, 7, 4, 20, 23, 22, 14, 3, 16, 9, 34, 15, 12, 1,1.19835
1, 31, 18, 26, 10, 8, 24, 11, 28, 6, 13, 25, 5, 27, 29, 19, 17, 21, 33, 2, 32, 30, 7, 4, 20, 23, 22, 14, 3, 16, 9, 34, 15, 12, 1,1.19835
1, 31, 18, 26, 10, 8, 24, 11, 28, 6, 13, 25, 5, 27, 29, 19, 17, 21, 33, 2, 32, 30, 7, 4, 20, 23, 22, 14, 3, 16, 9, 34, 15, 12, 1,1.19835
1, 31, 18, 26, 10, 8, 24, 11, 28, 6, 13, 25, 5, 27, 29, 19, 17, 21, 33, 2, 32, 30, 7, 4, 20, 23, 22, 14, 3, 16, 9, 34, 15, 12, 1,1.19835
1, 31, 18, 26, 10, 8, 24, 11, 28, 6, 13, 25, 5, 27, 29, 19, 17, 21, 33, 2, 32, 30, 7, 4, 20, 23, 22, 14, 3, 16, 9, 34, 15, 12, 1,1.19835
1, 31, 18, 26, 10, 8, 24, 11, 28, 6, 13, 25, 5, 27, 29, 19, 17, 21, 33, 2, 32, 30, 7, 4, 20, 23, 22, 14, 3, 16, 9, 34, 15, 12, 1,1.19835
1, 31, 18, 26, 10, 8, 24, 11, 28, 6, 13, 25, 5, 27, 29, 19, 17, 21, 33, 2, 32, 30, 7, 4, 20, 23, 22, 14, 3, 16, 9, 34, 15, 12, 1,1.19835
1, 31, 18, 26, 10, 8, 24, 11, 28, 6, 13, 25, 5, 27, 29, 19, 17, 21, 33, 2, 32, 30, 7, 4, 20, 23, 22, 14, 3, 16, 9, 34, 15, 12, 1,1.19835
1, 31, 18, 26, 10, 8, 24, 11, 28, 6, 13, 25, 5, 27, 29, 19, 17, 21, 33, 2, 32, 30, 7, 4, 20, 23, 22, 14, 3, 16, 9, 34, 15, 12, 1,1.19835
1, 31, 18, 26, 10, 8, 24, 11, 28, 6, 13, 25, 5, 27, 29, 19, 17, 21, 33, 2, 32, 30, 7, 4, 20, 23, 22, 14, 3, 16, 9, 34, 15, 12, 1,1.19835
1, 31, 18, 26, 10, 8, 24, 11, 28, 6, 13, 25, 5, 27, 29, 19, 17, 21, 33, 2, 32, 30, 7, 4, 20, 23, 22, 14, 3, 16, 9, 34, 15, 12, 1,1.19835
1, 31, 18, 26, 10, 8, 24, 11, 28, 6, 13, 25, 5, 27, 29, 19, 17, 21, 33, 2, 32, 30, 7, 4, 20, 23, 22, 14, 3, 16, 9, 34, 15, 12, 1,1.19835
1, 31, 18, 26, 10, 8, 24, 11, 28, 6, 13, 25, 5, 27, 29, 19, 17, 21, 33, 2, 32, 30, 7, 4, 20, 23, 22, 14, 3, 16, 9, 34, 15, 12, 1,1.19835
1, 31, 18, 26, 10, 8, 24, 11, 28, 6, 13, 25, 5, 27, 29, 19, 17, 21, 33, 2, 32, 30, 7, 4, 20, 23, 22, 14, 3, 16, 9, 34, 15, 12, 1,1.19835
1, 31, 18, 26, 10, 8, 24, 11, 28, 6, 13, 25, 5, 27, 29, 19, 17, 21, 33, 2, 32, 30, 7, 4, 20, 23, 22, 14, 3, 16, 9, 34, 15, 12, 1,1.19835
1, 31, 18, 26, 10, 8, 24, 11, 28, 6, 13, 25, 5, 27, 29, 19, 17, 21, 33, 2, 32, 30, 7, 4, 20, 23, 22, 14, 3, 16, 9, 34, 15, 12, 1,1.19835
1, 31, 18, 26, 10, 8, 24, 11, 28, 6, 13, 25, 5, 27, 29, 19, 17, 21, 33, 2, 32, 30, 7, 4, 20, 23, 22, 14, 3, 16, 9, 34, 15, 12, 1,1.19835
1, 31, 18, 26, 10, 8, 24, 11, 28, 6, 13, 25, 5, 27, 29, 19, 17, 21, 33, 2, 32, 30, 7, 4, 20, 23, 22, 14, 3, 16, 9, 34, 15, 12, 1,1.19835
1, 31, 18, 26, 10, 8, 24, 11, 28, 6, 13, 25, 5, 27, 29, 19, 17, 21, 33, 2, 32, 30, 7, 4, 20, 23, 22, 14, 3, 16, 9, 34, 15, 12, 1,1.19835
1, 31, 18, 26, 10, 8, 24, 11, 28, 6, 13, 25, 5, 27, 29, 19, 17, 21, 33, 2, 32, 30, 7, 4, 20, 23, 22, 14, 3, 16, 9, 34, 15, 12, 1,1.19835
1, 31, 18, 26, 10, 8, 24, 11, 28, 6, 13, 25, 5, 27, 29, 19, 17, 21, 33, 2, 32, 30, 7, 4, 20, 23, 22, 14, 3, 16, 9, 34, 15, 12, 1,1.19835
1, 31, 18, 26, 10, 8, 24, 11, 28, 6, 13, 25, 5, 27, 29, 19, 17, 21, 33, 2, 32, 30, 7, 4, 20, 23, 22, 14, 3, 16, 9, 34, 15, 12, 1,1.19835
1, 31, 18, 26, 10, 8, 24, 11, 28, 6, 13, 25, 5, 27, 29, 19, 17, 21, 33, 2, 32, 30, 7, 4, 20, 23, 22, 14, 3, 16, 9, 34, 15, 12, 1,1.19835
1, 31, 18, 26, 10, 8, 24, 11, 28, 6, 13, 25, 5, 27, 29, 19, 17, 21, 33, 2, 32, 30, 7, 4, 20, 23, 22, 14, 3, 16, 9, 34, 15, 12, 1,1.19835
1, 31, 18, 26, 10, 8, 24, 11, 28, 6, 13, 25, 5, 27, 29, 19, 17, 21, 33, 2, 32, 30, 7, 4, 20, 23, 22, 14, 3, 16, 9, 34, 15, 12, 1,1.19835
1, 31, 18, 26, 10, 8, 24, 11, 28, 6, 13, 25, 5, 27, 29, 19, 17, 21, 33, 2, 32, 30, 7, 4, 20, 23, 22, 14, 3, 16, 9, 34, 15, 12, 1,1.19835
1, 31, 18, 26, 10, 8, 24, 11, 28, 6, 13, 25, 5, 27, 29, 19, 17, 21, 33, 2, 32, 30, 7, 4, 20, 23, 22, 14, 3, 16, 9, 34, 15, 12, 1,1.19835
1, 31, 18, 26, 10, 8, 24, 11, 28, 6, 13, 25, 5, 27, 29, 19, 17, 21, 33, 2, 32, 30, 7, 4, 20, 23, 22, 14, 3, 16, 9, 34, 15, 12, 1,1.19835
1, 31, 18, 26, 10, 8, 24, 11, 28, 6, 13, 25, 5, 27, 29, 19, 17, 21, 33, 2, 32, 30, 7, 4, 20, 23, 22, 14, 3, 16, 9, 34, 15, 12, 1,1.19835
1, 31, 18, 26, 10, 8, 24, 11, 28, 6, 13, 25, 5, 27, 29, 19, 17, 21, 33, 2, 32, 30, 7, 4, 20, 23, 22, 14, 3, 16, 9, 34, 15, 12, 1,1.19835
1, 31, 18, 26, 10, 8, 24, 11, 28, 6, 13, 25, 5, 27, 29, 19, 17, 21, 33, 2, 32, 30, 7, 4, 20, 23, 22, 14, 3, 16, 9, 34, 15, 12, 1,1.19835
1, 31, 18, 26, 10, 8, 24, 11, 28, 6, 13, 25, 5, 27, 29, 19, 17, 21, 33, 2, 32, 30, 7, 4, 20, 23, 22, 14, 3, 16, 9, 34, 15, 12, 1,1.19835
1, 31, 18, 26, 10, 8, 24, 11, 28, 6, 13, 25, 5, 27, 29, 19, 17, 21, 33, 2, 32, 30, 7, 4, 20, 23, 22, 14, 3, 16, 9, 34, 15, 12, 1,1.19835
1, 31, 18, 26, 10, 8, 24, 11, 28, 6, 13, 25, 5, 27, 29, 19, 17, 21, 33, 2, 32, 30, 7, 4, 20, 23, 22, 14, 3, 16, 9, 34, 15, 12, 1,1.19835
1, 31, 18, 26, 10, 8, 24, 11, 28, 6, 13, 25, 5, 27, 29, 19, 17, 21, 33, 2, 32, 30, 7, 4, 20, 23, 22, 14, 3, 16, 9, 34, 15, 12, 1,1.19835
1, 31, 18, 26, 10, 8, 24, 11, 28, 6, 13, 25, 5, 27, 29, 19, 17, 21, 33, 2, 32, 30, 7, 4, 20, 23, 22, 14, 3, 16, 9, 34, 15, 12, 1,1.19835
1, 31, 18, 26, 10, 8, 24, 11, 28, 6, 13, 25, 5, 27, 29, 19, 17, 21, 33, 2, 32, 30, 7, 4, 20, 23, 22, 14, 3, 16, 9, 34, 15, 12, 1,1.19835
1, 31, 18, 26, 10, 8, 24, 11, 28, 6, 13, 25, 5, 27, 29, 19, 17, 21, 33, 2, 32, 30, 7, 4, 20, 23, 22, 14, 3, 16, 9, 34, 15, 12, 1,1.19835
1, 31, 18, 26, 10, 8, 24, 11, 28, 6, 13, 25, 5, 27, 29, 19, 17, 21, 33, 2, 32, 30, 7, 4, 20, 23, 22, 14, 3, 16, 9, 34, 15, 12, 1,1.19835
1, 31, 18, 26, 10, 8, 24, 11, 28, 6, 13, 25, 5, 27, 29, 19, 17, 21, 33, 2, 32, 30, 7, 4, 20, 23, 22, 14, 3, 16, 9, 34, 15, 12, 1,1.19835
1, 31, 18, 26, 10, 8, 24, 11, 28, 6, 13, 25, 5, 27, 29, 19, 17, 21, 33, 2, 32, 30, 7, 4, 20, 23, 22, 14, 3, 16, 9, 34, 15, 12, 1,1.19835
1, 31, 18, 26, 10, 8, 24, 11, 28, 6, 13, 25, 5, 27, 29, 19, 17, 21, 33, 2, 32, 30, 7, 4, 20, 23, 22, 14, 3, 16, 9, 34, 15, 12, 1,1.19835
1, 31, 18, 26, 10, 8, 24, 11, 28, 6, 13, 25, 5, 27, 29, 19, 17, 21, 33, 2, 32, 30, 7, 4, 20, 23, 22, 14, 3, 16, 9, 34, 15, 12, 1,1.19835
1, 31, 18, 26, 10, 8, 24, 11, 28, 6, 13, 25, 5, 27, 29, 19, 17, 21, 33, 2, 32, 30, 7, 4, 20, 23, 22, 14, 3, 16, 9, 34, 15, 12, 1,1.19835
1, 31, 18, 26, 10, 8, 24, 11, 28, 6, 13, 25, 5, 27, 29, 19, 17, 21, 33, 2, 32, 30, 7, 4, 20, 23, 22, 14, 3, 16, 9, 34, 15, 12, 1,1.19835
1, 31, 18, 26, 10, 8, 24, 11, 28, 6, 13, 25, 5, 27, 29, 19, 17, 21, 33, 2, 32, 30, 7, 4, 20, 23, 22, 14, 3, 16, 9, 34, 15, 12, 1,1.19835
1, 31, 18, 26, 10, 8, 24, 11, 28, 6, 13, 25, 5, 27, 29, 19, 17, 21, 33, 2, 32, 30, 7, 4, 20, 23, 22, 14, 3, 16, 9, 34, 15, 12, 1,1.19835
1, 31, 18, 26, 10, 8, 24, 11, 28, 6, 13, 25, 5, 27, 29, 19, 17, 21, 33, 2, 32, 30, 7, 4, 20, 23, 22, 14, 3, 16, 9, 34, 15, 12, 1,1.19835
1, 31, 18, 26, 10, 8, 24, 11, 28, 6, 13, 25, 5, 27, 29, 19, 17, 21, 33, 2, 32, 30, 7, 4, 20, 23, 22, 14, 3, 16, 9, 34, 15, 12, 1,1.19835
1, 31, 18, 26, 10, 8, 24, 11, 28, 6, 13, 25, 5, 27, 29, 19, 17, 21, 33, 2, 32, 30, 7, 4, 20, 23, 22, 14, 3, 16, 9, 34, 15, 12, 1,1.19835
1, 31, 18, 26, 10, 8, 24, 11, 28, 6, 13, 25, 5, 27, 29, 19, 17, 21, 33, 2, 32, 30, 7, 4, 20, 23, 22, 14, 3, 16, 9, 34, 15, 12, 1,1.19835
1, 31, 18, 26, 10, 8, 24, 11, 28, 6, 13, 25, 5, 27, 29, 19, 17, 21, 33, 2, 32, 30, 7, 4, 20, 23, 22, 14, 3, 16, 9, 34, 15, 12, 1,1.19835
1, 31, 18, 26, 10, 8, 24, 11, 28, 6, 13, 25, 5, 27, 29, 19, 17, 21, 33, 2, 32, 30, 7, 4, 20, 23, 22, 14, 3, 16, 9, 34, 15, 12, 1,1.19835
1, 31, 18, 26, 10, 8, 24, 11, 28, 6, 13, 25, 5, 27, 29, 19, 17, 21, 33, 2, 32, 30, 7, 4, 20, 23, 22, 14, 3, 16, 9, 34, 15, 12, 1,1.19835
1, 31, 18, 26, 10, 8, 24, 11, 28, 6, 13, 25, 5, 27, 29, 19, 17, 21, 33, 2, 32, 30, 7, 4, 20, 23, 22, 14, 3, 16, 9, 34, 15, 12, 1,1.19835
1, 31, 18, 26, 10, 8, 24, 11, 28, 6, 13, 25, 5, 27, 29, 19, 17, 21, 33, 2, 32, 30, 7, 4, 20, 23, 22, 14, 3, 16, 9, 34, 15, 12, 1,1.19835
1, 31, 18, 26, 10, 8, 24, 11, 28, 6, 13, 25, 5, 27, 29, 19, 17, 21, 33, 2, 32, 30, 7, 4, 20, 23, 22, 14, 3, 16, 9, 34, 15, 12, 1,1.19835
1, 31, 18, 26, 10, 8, 24, 11, 28, 6, 13, 25, 5, 27, 29, 19, 17, 21, 33, 2, 32, 30, 7, 4, 20, 23, 22, 14, 3, 16, 9, 34, 15, 12, 1,1.19835
1, 31, 18, 26, 10, 8, 24, 11, 28, 6, 13, 25, 5, 27, 29, 19, 17, 21, 33, 2, 32, 30, 7, 4, 20, 23, 22, 14, 3, 16, 9, 34, 15, 12, 1,1.19835
1, 31, 18, 26, 10, 8, 24, 11, 28, 6, 13, 25, 5, 27, 29, 19, 17, 21, 33, 2, 32, 30, 7, 4, 20, 23, 22, 14, 3, 16, 9, 34, 15, 12, 1,1.19835
1, 31, 18, 26, 10, 8, 24, 11, 28, 6, 13, 25, 5, 27, 29, 19, 17, 21, 33, 2, 32, 30, 7, 4, 20, 23, 22, 14, 3, 16, 9, 34, 15, 12, 1,1.19835
1, 31, 18, 26, 10, 8, 24, 11, 28, 6, 13, 25, 5, 27, 29, 19, 17, 21, 33, 2, 32, 30, 7, 4, 20, 23, 22, 14, 3, 16, 9, 34, 15, 12, 1,1.19835
1, 31, 18, 26, 10, 8, 24, 11, 28, 6, 13, 25, 5, 27, 29, 19, 17, 21, 33, 2, 32, 30, 7, 4, 20, 23, 22, 14, 3, 16, 9, 34, 15, 12, 1,1.19835
1, 31, 18, 26, 10, 8, 24, 11, 28, 6, 13, 25, 5, 27, 29, 19, 17, 21, 33, 2, 32, 30, 7, 4, 20, 23, 22, 14, 3, 16, 9, 34, 15, 12, 1,1.19835
1, 31, 18, 26, 10, 8, 24, 11, 28, 6, 13, 25, 5, 27, 29, 19, 17, 21, 33, 2, 32, 30, 7, 4, 20, 23, 22, 14, 3, 16, 9, 34, 15, 12, 1,1.19835
1, 31, 18, 26, 10, 8, 24, 11, 28, 6, 13, 25, 5, 27, 29, 19, 17, 21, 33, 2, 32, 30, 7, 4, 20, 23, 22, 14, 3, 16, 9, 34, 15, 12, 1,1.19835
1, 31, 18, 26, 10, 8, 24, 11, 28, 6, 13, 25, 5, 27, 29, 19, 17, 21, 33, 2, 32, 30, 7, 4, 20, 23, 22, 14, 3, 16, 9, 34, 15, 12, 1,1.19835
1, 31, 18, 26, 10, 8, 24, 11, 28, 6, 13, 25, 5, 27, 29, 19, 17, 21, 33, 2, 32, 30, 7, 4, 20, 23, 22, 14, 3, 16, 9, 34, 15, 12, 1,1.19835
1, 31, 18, 26, 10, 8, 24, 11, 28, 6, 13, 25, 5, 27, 29, 19, 17, 21, 33, 2, 32, 30, 7, 4, 20, 23, 22, 14, 3, 16, 9, 34, 15, 12, 1,1.19835
1, 31, 18, 26, 10, 8, 24, 11, 28, 6, 13, 25, 5, 27, 29, 19, 17, 21, 33, 2, 32, 30, 7, 4, 20, 23, 22, 14, 3, 16, 9, 34, 15, 12, 1,1.19835
1, 31, 18, 26, 10, 8, 24, 11, 28, 6, 13, 25, 5, 27, 29, 19, 17, 21, 33, 2, 32, 30, 7, 4, 20, 23, 22, 14, 3, 16, 9, 34, 15, 12, 1,1.19835
1, 31, 18, 26, 10, 8, 24, 11, 28, 6, 13, 25, 5, 27, 29, 19, 17, 21, 33, 2, 32, 30, 7, 4, 20, 23, 22, 14, 3, 16, 9, 34, 15, 12, 1,1.19835
1, 31, 18, 26, 10, 8, 24, 11, 28, 6, 13, 25, 5, 27, 29, 19, 17, 21, 33, 2, 32, 30, 7, 4, 20, 23, 22, 14, 3, 16, 9, 34, 15, 12, 1,1.19835
1, 31, 18, 26, 10, 8, 24, 11, 28, 6, 13, 25, 5, 27, 29, 19, 17, 21, 33, 2, 32, 30, 7, 4, 20, 23, 22, 14, 3, 16, 9, 34, 15, 12, 1,1.19835
1, 31, 18, 26, 10, 8, 24, 11, 28, 6, 13, 25, 5, 27, 29, 19, 17, 21, 33, 2, 32, 30, 7, 4, 20, 23, 22, 14, 3, 16, 9, 34, 15, 12, 1,1.19835
1, 31, 18, 26, 10, 8, 24, 11, 28, 6, 13, 25, 5, 27, 29, 19, 17, 21, 33, 2, 32, 30, 7, 4, 20, 23, 22, 14, 3, 16, 9, 34, 15, 12, 1,1.19835
1, 31, 18, 26, 10, 8, 24, 11, 28, 6, 13, 25, 5, 27, 29, 19, 17, 21, 33, 2, 32, 30, 7, 4, 20, 23, 22, 14, 3, 16, 9, 34, 15, 12, 1,1.19835
1, 31, 18, 26, 10, 8, 24, 11, 28, 6, 13, 25, 5, 27, 29, 19, 17, 21, 33, 2, 32, 30, 7, 4, 20, 23, 22, 14, 3, 16, 9, 34, 15, 12, 1,1.19835
1, 31, 18, 26, 10, 8, 24, 11, 28, 6, 13, 25, 5, 27, 29, 19, 17, 21, 33, 2, 32, 30, 7, 4, 20, 23, 22, 14, 3, 16, 9, 34, 15, 12, 1,1.19835
1, 31, 18, 26, 10, 8, 24, 11, 28, 6, 13, 25, 5, 27, 29, 19, 17, 21, 33, 2, 32, 30, 7, 4, 20, 23, 22, 14, 3, 16, 9, 34, 15, 12, 1,1.19835
1, 31, 18, 26, 10, 8, 24, 11, 28, 6, 13, 25, 5, 27, 29, 19, 17, 21, 33, 2, 32, 30, 7, 4, 20, 23, 22, 14, 3, 16, 9, 34, 15, 12, 1,1.19835
1, 31, 18, 26, 10, 8, 24, 11, 28, 6, 13, 25, 5, 27, 29, 19, 17, 21, 33, 2, 32, 30, 7, 4, 20, 23, 22, 14, 3, 16, 9, 34, 15, 12, 1,1.19835
1, 31, 18, 26, 10, 8, 24, 11, 28, 6, 13, 25, 5, 27, 29, 19, 17, 21, 33, 2, 32, 30, 7, 4, 20, 23, 22, 14, 3, 16, 9, 34, 15, 12, 1,1.19835
1, 31, 18, 26, 10, 8, 24, 11, 28, 6, 13, 25, 5, 27, 29, 19, 17, 21, 33, 2, 32, 30, 7, 4, 20, 23, 22, 14, 3, 16, 9, 34, 15, 12, 1,1.19835
1, 31, 18, 26, 10, 8, 24, 11, 28, 6, 13, 25, 5, 27, 29, 19, 17, 21, 33, 2, 32, 30, 7, 4, 20, 23, 22, 14, 3, 16, 9, 34, 15, 12, 1,1.19835
1, 31, 18, 26, 10, 8, 24, 11, 28, 6, 13, 25, 5, 27, 29, 19, 17, 21, 33, 2, 32, 30, 7, 4, 20, 23, 22, 14, 3, 16, 9, 34, 15, 12, 1,1.19835
1, 31, 18, 26, 10, 8, 24, 11, 28, 6, 13, 25, 5, 27, 29, 19, 17, 21, 33, 2, 32, 30, 7, 4, 20, 23, 22, 14, 3, 16, 9, 34, 15, 12, 1,1.19835
1, 31, 18, 26, 10, 8, 24, 11, 28, 6, 13, 25, 5, 27, 29, 19, 17, 21, 33, 2, 32, 30, 7, 4, 20, 23, 22, 14, 3, 16, 9, 34, 15, 12, 1,1.19835
1, 31, 18, 26, 10, 8, 24, 11, 28, 6, 13, 25, 5, 27, 29, 19, 17, 21, 33, 2, 32, 30, 7, 4, 20, 23, 22, 14, 3, 16, 9, 34, 15, 12, 1,1.19835
1, 31, 18, 26, 10, 8, 24, 11, 28, 6, 13, 25, 5, 27, 29, 19, 17, 21, 33, 2, 32, 30, 7, 4, 20, 23, 22, 14, 3, 16, 9, 34, 15, 12, 1,1.19835
1, 31, 18, 26, 10, 8, 24, 11, 28, 6, 13, 25, 5, 27, 29, 19, 17, 21, 33, 2, 32, 30, 7, 4, 20, 23, 22, 14, 3, 16, 9, 34, 15, 12, 1,1.19835
1, 31, 18, 26, 10, 8, 24, 11, 28, 6, 13, 25, 5, 27, 29, 19, 17, 21, 33, 2, 32, 30, 7, 4, 20, 23, 22, 14, 3, 16, 9, 34, 15, 12, 1,1.19835
1, 31, 18, 26, 10, 8, 24, 11, 28, 6, 13, 25, 5, 27, 29, 19, 17, 21, 33, 2, 32, 30, 7, 4, 20, 23, 22, 14, 3, 16, 9, 34, 15, 12, 1,1.19835
1, 31, 18, 26, 10, 8, 24, 11, 28, 6, 13, 25, 5, 27, 29, 19, 17, 21, 33, 2, 32, 30, 7, 4, 20, 23, 22, 14, 3, 16, 9, 34, 15, 12, 1,1.19835
1, 31, 18, 26, 10, 8, 24, 11, 28, 6, 13, 25, 5, 27, 29, 19, 17, 21, 33, 2, 32, 30, 7, 4, 20, 23, 22, 14, 3, 16, 9, 34, 15, 12, 1,1.19835
1, 31, 18, 26, 10, 8, 24, 11, 28, 6, 13, 25, 5, 27, 29, 19, 17, 21, 33, 2, 32, 30, 7, 4, 20, 23, 22, 14, 3, 16, 9, 34, 15, 12, 1,1.19835
1, 31, 18, 26, 10, 8, 24, 11, 28, 6, 13, 25, 5, 27, 29, 19, 17, 21, 33, 2, 32, 30, 7, 4, 20, 23, 22, 14, 3, 16, 9, 34, 15, 12, 1,1.19835
1, 31, 18, 26, 10, 8, 24, 11, 28, 6, 13, 25, 5, 27, 29, 19, 17, 21, 33, 2, 32, 30, 7, 4, 20, 23, 22, 14, 3, 16, 9, 34, 15, 12, 1,1.19835
1, 31, 18, 26, 10, 8, 24, 11, 28, 6, 13, 25, 5, 27, 29, 19, 17, 21, 33, 2, 32, 30, 7, 4, 20, 23, 22, 14, 3, 16, 9, 34, 15, 12, 1,1.19835
1, 31, 18, 26, 10, 8, 24, 11, 28, 6, 13, 25, 5, 27, 29, 19, 17, 21, 33, 2, 32, 30, 7, 4, 20, 23, 22, 14, 3, 16, 9, 34, 15, 12, 1,1.19835
1, 31, 18, 26, 10, 8, 24, 11, 28, 6, 13, 25, 5, 27, 29, 19, 17, 21, 33, 2, 32, 30, 7, 4, 20, 23, 22, 14, 3, 16, 9, 34, 15, 12, 1,1.19835
1, 31, 18, 26, 10, 8, 24, 11, 28, 6, 13, 25, 5, 27, 29, 19, 17, 21, 33, 2, 32, 30, 7, 4, 20, 23, 22, 14, 3, 16, 9, 34, 15, 12, 1,1.19835
1, 31, 18, 26, 10, 8, 24, 11, 28, 6, 13, 25, 5, 27, 29, 19, 17, 21, 33, 2, 32, 30, 7, 4, 20, 23, 22, 14, 3, 16, 9, 34, 15, 12, 1,1.19835
1, 31, 18, 26, 10, 8, 24, 11, 28, 6, 13, 25, 5, 27, 29, 19, 17, 21, 33, 2, 32, 30, 7, 4, 20, 23, 22, 14, 3, 16, 9, 34, 15, 12, 1,1.19835
1, 31, 18, 26, 10, 8, 24, 11, 28, 6, 13, 25, 5, 27, 29, 19, 17, 21, 33, 2, 32, 30, 7, 4, 20, 23, 22, 14, 3, 16, 9, 34, 15, 12, 1,1.19835
1, 31, 18, 26, 10, 8, 24, 11, 28, 6, 13, 25, 5, 27, 29, 19, 17, 21, 33, 2, 32, 30, 7, 4, 20, 23, 22, 14, 3, 16, 9, 34, 15, 12, 1,1.19835
1, 31, 18, 26, 10, 8, 24, 11, 28, 6, 13, 25, 5, 27, 29, 19, 17, 21, 33, 2, 32, 30, 7, 4, 20, 23, 22, 14, 3, 16, 9, 34, 15, 12, 1,1.19835
1, 31, 18, 26, 10, 8, 24, 11, 28, 6, 13, 25, 5, 27, 29, 19, 17, 21, 33, 2, 32, 30, 7, 4, 20, 23, 22, 14, 3, 16, 9, 34, 15, 12, 1,1.19835
1, 31, 18, 26, 10, 8, 24, 11, 28, 6, 13, 25, 5, 27, 29, 19, 17, 21, 33, 2, 32, 30, 7, 4, 20, 23, 22, 14, 3, 16, 9, 34, 15, 12, 1,1.19835
1, 31, 18, 26, 10, 8, 24, 11, 28, 6, 13, 25, 5, 27, 29, 19, 17, 21, 33, 2, 32, 30, 7, 4, 20, 23, 22, 14, 3, 16, 9, 34, 15, 12, 1,1.19835
1, 31, 18, 26, 10, 8, 24, 11, 28, 6, 13, 25, 5, 27, 29, 19, 17, 21, 33, 2, 32, 30, 7, 4, 20, 23, 22, 14, 3, 16, 9, 34, 15, 12, 1,1.19835
1, 31, 18, 26, 10, 8, 24, 11, 28, 6, 13, 25, 5, 27, 29, 19, 17, 21, 33, 2, 32, 30, 7, 4, 20, 23, 22, 14, 3, 16, 9, 34, 15, 12, 1,1.19835
1, 31, 18, 26, 10, 8, 24, 11, 28, 6, 13, 25, 5, 27, 29, 19, 17, 21, 33, 2, 32, 30, 7, 4, 20, 23, 22, 14, 3, 16, 9, 34, 15, 12, 1,1.19835
1, 31, 18, 26, 10, 8, 24, 11, 28, 6, 13, 25, 5, 27, 29, 19, 17, 21, 33, 2, 32, 30, 7, 4, 20, 23, 22, 14, 3, 16, 9, 34, 15, 12, 1,1.19835
1, 31, 18, 26, 10, 8, 24, 11, 28, 6, 13, 25, 5, 27, 29, 19, 17, 21, 33, 2, 32, 30, 7, 4, 20, 23, 22, 14, 3, 16, 9, 34, 15, 12, 1,1.19835
1, 31, 18, 26, 10, 8, 24, 11, 28, 6, 13, 25, 5, 27, 29, 19, 17, 21, 33, 2, 32, 30, 7, 4, 20, 23, 22, 14, 3, 16, 9, 34, 15, 12, 1,1.19835
1, 31, 18, 26, 10, 8, 24, 11, 28, 6, 13, 25, 5, 27, 29, 19, 17, 21, 33, 2, 32, 30, 7, 4, 20, 23, 22, 14, 3, 16, 9, 34, 15, 12, 1,1.19835
1, 31, 18, 26, 10, 8, 24, 11, 28, 6, 13, 25, 5, 27, 29, 19, 17, 21, 33, 2, 32, 30, 7, 4, 20, 23, 22, 14, 3, 16, 9, 34, 15, 12, 1,1.19835
1, 31, 18, 26, 10, 8, 24, 11, 28, 6, 13, 25, 5, 27, 29, 19, 17, 21, 33, 2, 32, 30, 7, 4, 20, 23, 22, 14, 3, 16, 9, 34, 15, 12, 1,1.19835
1, 31, 18, 26, 10, 8, 24, 11, 28, 6, 13, 25, 5, 27, 29, 19, 17, 21, 33, 2, 32, 30, 7, 4, 20, 23, 22, 14, 3, 16, 9, 34, 15, 12, 1,1.19835
1, 31, 18, 26, 10, 8, 24, 11, 28, 6, 13, 25, 5, 27, 29, 19, 17, 21, 33, 2, 32, 30, 7, 4, 20, 23, 22, 14, 3, 16, 9, 34, 15, 12, 1,1.19835
1, 31, 18, 26, 10, 8, 24, 11, 28, 6, 13, 25, 5, 27, 29, 19, 17, 21, 33, 2, 32, 30, 7, 4, 20, 23, 22, 14, 3, 16, 9, 34, 15, 12, 1,1.19835
1, 31, 18, 26, 10, 8, 24, 11, 28, 6, 13, 25, 5, 27, 29, 19, 17, 21, 33, 2, 32, 30, 7, 4, 20, 23, 22, 14, 3, 16, 9, 34, 15, 12, 1,1.19835
1, 31, 18, 26, 10, 8, 24, 11, 28, 6, 13, 25, 5, 27, 29, 19, 17, 21, 33, 2, 32, 30, 7, 4, 20, 23, 22, 14, 3, 16, 9, 34, 15, 12, 1,1.19835
1, 31, 18, 26, 10, 8, 24, 11, 28, 6, 13, 25, 5, 27, 29, 19, 17, 21, 33, 2, 32, 30, 7, 4, 20, 23, 22, 14, 3, 16, 9, 34, 15, 12, 1,1.19835
1, 31, 18, 26, 10, 8, 24, 11, 28, 6, 13, 25, 5, 27, 29, 19, 17, 21, 33, 2, 32, 30, 7, 4, 20, 23, 22, 14, 3, 16, 9, 34, 15, 12, 1,1.19835
1, 31, 18, 26, 10, 8, 24, 11, 28, 6, 13, 25, 5, 27, 29, 19, 17, 21, 33, 2, 32, 30, 7, 4, 20, 23, 22, 14, 3, 16, 9, 34, 15, 12, 1,1.19835
1, 31, 18, 26, 10, 8, 24, 11, 28, 6, 13, 25, 5, 27, 29, 19, 17, 21, 33, 2, 32, 30, 7, 4, 20, 23, 22, 14, 3, 16, 9, 34, 15, 12, 1,1.19835
1, 31, 18, 26, 10, 8, 24, 11, 28, 6, 13, 25, 5, 27, 29, 19, 17, 21, 33, 2, 32, 30, 7, 4, 20, 23, 22, 14, 3, 16, 9, 34, 15, 12, 1,1.19835
1, 31, 18, 26, 10, 8, 24, 11, 28, 6, 13, 25, 5, 27, 29, 19, 17, 21, 33, 2, 32, 30, 7, 4, 20, 23, 22, 14, 3, 16, 9, 34, 15, 12, 1,1.19835
1, 31, 18, 26, 10, 8, 24, 11, 28, 6, 13, 25, 5, 27, 29, 19, 17, 21, 33, 2, 32, 30, 7, 4, 20, 23, 22, 14, 3, 16, 9, 34, 15, 12, 1,1.19835
1, 31, 18, 26, 10, 8, 24, 11, 28, 6, 13, 25, 5, 27, 29, 19, 17, 21, 33, 2, 32, 30, 7, 4, 20, 23, 22, 14, 3, 16, 9, 34, 15, 12, 1,1.19835
1, 31, 18, 26, 10, 8, 24, 11, 28, 6, 13, 25, 5, 27, 29, 19, 17, 21, 33, 2, 32, 30, 7, 4, 20, 23, 22, 14, 3, 16, 9, 34, 15, 12, 1,1.19835
1, 31, 18, 26, 10, 8, 24, 11, 28, 6, 13, 25, 5, 27, 29, 19, 17, 21, 33, 2, 32, 30, 7, 4, 20, 23, 22, 14, 3, 16, 9, 34, 15, 12, 1,1.19835
1, 31, 18, 26, 10, 8, 24, 11, 28, 6, 13, 25, 5, 27, 29, 19, 17, 21, 33, 2, 32, 30, 7, 4, 20, 23, 22, 14, 3, 16, 9, 34, 15, 12, 1,1.19835
1, 31, 18, 26, 10, 8, 24, 11, 28, 6, 13, 25, 5, 27, 29, 19, 17, 21, 33, 2, 32, 30, 7, 4, 20, 23, 22, 14, 3, 16, 9, 34, 15, 12, 1,1.19835
1, 31, 18, 26, 10, 8, 24, 11, 28, 6, 13, 25, 5, 27, 29, 19, 17, 21, 33, 2, 32, 30, 7, 4, 20, 23, 22, 14, 3, 16, 9, 34, 15, 12, 1,1.19835
1, 31, 18, 26, 10, 8, 24, 11, 28, 6, 13, 25, 5, 27, 29, 19, 17, 21, 33, 2, 32, 30, 7, 4, 20, 23, 22, 14, 3, 16, 9, 34, 15, 12, 1,1.19835
1, 31, 18, 26, 10, 8, 24, 11, 28, 6, 13, 25, 5, 27, 29, 19, 17, 21, 33, 2, 32, 30, 7, 4, 20, 23, 22, 14, 3, 16, 9, 34, 15, 12, 1,1.19835
1, 31, 18, 26, 10, 8, 24, 11, 28, 6, 13, 25, 5, 27, 29, 19, 17, 21, 33, 2, 32, 30, 7, 4, 20, 23, 22, 14, 3, 16, 9, 34, 15, 12, 1,1.19835
1, 31, 18, 26, 10, 8, 24, 11, 28, 6, 13, 25, 5, 27, 29, 19, 17, 21, 33, 2, 32, 30, 7, 4, 20, 23, 22, 14, 3, 16, 9, 34, 15, 12, 1,1.19835
1, 31, 18, 26, 10, 8, 24, 11, 28, 6, 13, 25, 5, 27, 29, 19, 17, 21, 33, 2, 32, 30, 7, 4, 20, 23, 22, 14, 3, 16, 9, 34, 15, 12, 1,1.19835
1, 31, 18, 26, 10, 8, 24, 11, 28, 6, 13, 25, 5, 27, 29, 19, 17, 21, 33, 2, 32, 30, 7, 4, 20, 23, 22, 14, 3, 16, 9, 34, 15, 12, 1,1.19835
1, 31, 18, 26, 10, 8, 24, 11, 28, 6, 13, 25, 5, 27, 29, 19, 17, 21, 33, 2, 32, 30, 7, 4, 20, 23, 22, 14, 3, 16, 9, 34, 15, 12, 1,1.19835
1, 31, 18, 26, 10, 8, 24, 11, 28, 6, 13, 25, 5, 27, 29, 19, 17, 21, 33, 2, 32, 30, 7, 4, 20, 23, 22, 14, 3, 16, 9, 34, 15, 12, 1,1.19835
1, 31, 18, 26, 10, 8, 24, 11, 28, 6, 13, 25, 5, 27, 29, 19, 17, 21, 33, 2, 32, 30, 7, 4, 20, 23, 22, 14, 3, 16, 9, 34, 15, 12, 1,1.19835
1, 31, 18, 26, 10, 8, 24, 11, 28, 6, 13, 25, 5, 27, 29, 19, 17, 21, 33, 2, 32, 30, 7, 4, 20, 23, 22, 14, 3, 16, 9, 34, 15, 12, 1,1.19835
1, 31, 18, 26, 10, 8, 24, 11, 28, 6, 13, 25, 5, 27, 29, 19, 17, 21, 33, 2, 32, 30, 7, 4, 20, 23, 22, 14, 3, 16, 9, 34, 15, 12, 1,1.19835
1, 31, 18, 26, 10, 8, 24, 11, 28, 6, 13, 25, 5, 27, 29, 19, 17, 21, 33, 2, 32, 30, 7, 4, 20, 23, 22, 14, 3, 16, 9, 34, 15, 12, 1,1.19835
1, 31, 18, 26, 10, 8, 24, 11, 28, 6, 13, 25, 5, 27, 29, 19, 17, 21, 33, 2, 32, 30, 7, 4, 20, 23, 22, 14, 3, 16, 9, 34, 15, 12, 1,1.19835
1, 31, 18, 26, 10, 8, 24, 11, 28, 6, 13, 25, 5, 27, 29, 19, 17, 21, 33, 2, 32, 30, 7, 4, 20, 23, 22, 14, 3, 16, 9, 34, 15, 12, 1,1.19835
1, 31, 18, 26, 10, 8, 24, 11, 28, 6, 13, 25, 5, 27, 29, 19, 17, 21, 33, 2, 32, 30, 7, 4, 20, 23, 22, 14, 3, 16, 9, 34, 15, 12, 1,1.19835
1, 31, 18, 26, 10, 8, 24, 11, 28, 6, 13, 25, 5, 27, 29, 19, 17, 21, 33, 2, 32, 30, 7, 4, 20, 23, 22, 14, 3, 16, 9, 34, 15, 12, 1,1.19835
1, 31, 18, 26, 10, 8, 24, 11, 28, 6, 13, 25, 5, 27, 29, 19, 17, 21, 33, 2, 32, 30, 7, 4, 20, 23, 22, 14, 3, 16, 9, 34, 15, 12, 1,1.19835
1, 31, 18, 26, 10, 8, 24, 11, 28, 6, 13, 25, 5, 27, 29, 19, 17, 21, 33, 2, 32, 30, 7, 4, 20, 23, 22, 14, 3, 16, 9, 34, 15, 12, 1,1.19835
1, 31, 18, 26, 10, 8, 24, 11, 28, 6, 13, 25, 5, 27, 29, 19, 17, 21, 33, 2, 32, 30, 7, 4, 20, 23, 22, 14, 3, 16, 9, 34, 15, 12, 1,1.19835
1, 31, 18, 26, 10, 8, 24, 11, 28, 6, 13, 25, 5, 27, 29, 19, 17, 21, 33, 2, 32, 30, 7, 4, 20, 23, 22, 14, 3, 16, 9, 34, 15, 12, 1,1.19835
1, 31, 18, 26, 10, 8, 24, 11, 28, 6, 13, 25, 5, 27, 29, 19, 17, 21, 33, 2, 32, 30, 7, 4, 20, 23, 22, 14, 3, 16, 9, 34, 15, 12, 1,1.19835
1, 31, 18, 26, 10, 8, 24, 11, 28, 6, 13, 25, 5, 27, 29, 19, 17, 21, 33, 2, 32, 30, 7, 4, 20, 23, 22, 14, 3, 16, 9, 34, 15, 12, 1,1.19835
1, 31, 18, 26, 10, 8, 24, 11, 28, 6, 13, 25, 5, 27, 29, 19, 17, 21, 33, 2, 32, 30, 7, 4, 20, 23, 22, 14, 3, 16, 9, 34, 15, 12, 1,1.19835
1, 31, 18, 26, 10, 8, 24, 11, 28, 6, 13, 25, 5, 27, 29, 19, 17, 21, 33, 2, 32, 30, 7, 4, 20, 23, 22, 14, 3, 16, 9, 34, 15, 12, 1,1.19835
1, 31, 18, 26, 10, 8, 24, 11, 28, 6, 13, 25, 5, 27, 29, 19, 17, 21, 33, 2, 32, 30, 7, 4, 20, 23, 22, 14, 3, 16, 9, 34, 15, 12, 1,1.19835
1, 31, 18, 26, 10, 8, 24, 11, 28, 6, 13, 25, 5, 27, 29, 19, 17, 21, 33, 2, 32, 30, 7, 4, 20, 23, 22, 14, 3, 16, 9, 34, 15, 12, 1,1.19835
1, 31, 18, 26, 10, 8, 24, 11, 28, 6, 13, 25, 5, 27, 29, 19, 17, 21, 33, 2, 32, 30, 7, 4, 20, 23, 22, 14, 3, 16, 9, 34, 15, 12, 1,1.19835
1, 31, 18, 26, 10, 8, 24, 11, 28, 6, 13, 25, 5, 27, 29, 19, 17, 21, 33, 2, 32, 30, 7, 4, 20, 23, 22, 14, 3, 16, 9, 34, 15, 12, 1,1.19835
1, 31, 18, 26, 10, 8, 24, 11, 28, 6, 13, 25, 5, 27, 29, 19, 17, 21, 33, 2, 32, 30, 7, 4, 20, 23, 22, 14, 3, 16, 9, 34, 15, 12, 1,1.19835
1, 31, 18, 26, 10, 8, 24, 11, 28, 6, 13, 25, 5, 27, 29, 19, 17, 21, 33, 2, 32, 30, 7, 4, 20, 23, 22, 14, 3, 16, 9, 34, 15, 12, 1,1.19835
1, 31, 18, 26, 10, 8, 24, 11, 28, 6, 13, 25, 5, 27, 29, 19, 17, 21, 33, 2, 32, 30, 7, 4, 20, 23, 22, 14, 3, 16, 9, 34, 15, 12, 1,1.19835
1, 31, 18, 26, 10, 8, 24, 11, 28, 6, 13, 25, 5, 27, 29, 19, 17, 21, 33, 2, 32, 30, 7, 4, 20, 23, 22, 14, 3, 16, 9, 34, 15, 12, 1,1.19835
1, 31, 18, 26, 10, 8, 24, 11, 28, 6, 13, 25, 5, 27, 29, 19, 17, 21, 33, 2, 32, 30, 7, 4, 20, 23, 22, 14, 3, 16, 9, 34, 15, 12, 1,1.19835
1, 31, 18, 26, 10, 8, 24, 11, 28, 6, 13, 25, 5, 27, 29, 19, 17, 21, 33, 2, 32, 30, 7, 4, 20, 23, 22, 14, 3, 16, 9, 34, 15, 12, 1,1.19835
1, 31, 18, 26, 10, 8, 24, 11, 28, 6, 13, 25, 5, 27, 29, 19, 17, 21, 33, 2, 32, 30, 7, 4, 20, 23, 22, 14, 3, 16, 9, 34, 15, 12, 1,1.19835
1, 31, 18, 26, 10, 8, 24, 11, 28, 6, 13, 25, 5, 27, 29, 19, 17, 21, 33, 2, 32, 30, 7, 4, 20, 23, 22, 14, 3, 16, 9, 34, 15, 12, 1,1.19835
1, 31, 18, 26, 10, 8, 24, 11, 28, 6, 13, 25, 5, 27, 29, 19, 17, 21, 33, 2, 32, 30, 7, 4, 20, 23, 22, 14, 3, 16, 9, 34, 15, 12, 1,1.19835
1, 31, 18, 26, 10, 8, 24, 11, 28, 6, 13, 25, 5, 27, 29, 19, 17, 21, 33, 2, 32, 30, 7, 4, 20, 23, 22, 14, 3, 16, 9, 34, 15, 12, 1,1.19835
1, 31, 18, 26, 10, 8, 24, 11, 28, 6, 13, 25, 5, 27, 29, 19, 17, 21, 33, 2, 32, 30, 7, 4, 20, 23, 22, 14, 3, 16, 9, 34, 15, 12, 1,1.19835
1, 31, 18, 26, 10, 8, 24, 11, 28, 6, 13, 25, 5, 27, 29, 19, 17, 21, 33, 2, 32, 30, 7, 4, 20, 23, 22, 14, 3, 16, 9, 34, 15, 12, 1,1.19835
