# best solutions
1, 15, 5, 27, 34, 6, 23, 24, 16, 7, 20, 33, 22, 13, 14, 10, 18, 25, 3, 12, 19, 4, 8, 2, 21, 32, 9, 11, 29, 17, 28, 26, 31, 30, 1,41.9571
1, 15, 5, 27, 34, 25, 3, 12, 28, 9, 18, 6, 4, 29, 17, 11, 21, 8, 7, 20, 32, 33, 24, 16, 31, 19, 2, 23, 30, 26, 13, 22, 14, 10, 1,40.3637
1, 15, 5, 27, 34, 6, 23, 24, 16, 7, 20, 33, 22, 13, 14, 10, 18, 25, 3, 12, 19, 4, 8, 2, 21, 32, 28, 11, 30, 26, 9, 31, 29, 17, 1,39.9525
1, 14, 32, 27, 4, 15, 5, 34, 6, 23, 24, 16, 25, 3, 12, 13, 9, 18, 7, 20, 33, 22, 10, 19, 8, 2, 21, 11, 29, 17, 28, 26, 31, 30, 1,35.8267
1, 21, 32, 11, 29, 17, 2, 8, 10, 14, 13, 33, 20, 7, 16, 27, 4, 15, 5, 34, 6, 23, 24, 19, 12, 22, 9, 25, 28, 3, 18, 26, 31, 30, 1,34.0988
1, 14, 15, 5, 27, 34, 25, 3, 12, 13, 9, 18, 6, 32, 4, 23, 24, 16, 7, 20, 33, 22, 10, 19, 8, 2, 21, 11, 29, 17, 28, 26, 31, 30, 1,29.7508
1, 14, 15, 5, 27, 34, 25, 3, 12, 13, 9, 18, 6, 32, 4, 23, 24, 16, 7, 20, 33, 28, 17, 29, 11, 21, 2, 8, 19, 10, 22, 26, 31, 30, 1,27.4627
1, 14, 15, 5, 27, 34, 25, 3, 12, 13, 9, 18, 6, 32, 4, 23, 24, 16, 7, 20, 26, 22, 10, 19, 8, 2, 21, 11, 29, 17, 28, 33, 31, 30, 1,26.8336
1, 14, 15, 5, 27, 34, 25, 3, 12, 13, 16, 7, 20, 26, 22, 10, 19, 8, 2, 21, 11, 29, 17, 28, 33, 31, 9, 18, 6, 32, 4, 23, 24, 30, 1,23.7647
1, 14, 15, 5, 27, 34, 25, 3, 12, 13, 9, 18, 6, 32, 16, 7, 20, 26, 22, 10, 19, 8, 2, 21, 11, 29, 4, 23, 24, 17, 28, 33, 31, 30, 1,21.8169
1, 14, 15, 5, 27, 34, 25, 3, 12, 13, 16, 7, 20, 26, 22, 10, 19, 8, 2, 21, 11, 29, 17, 28, 33, 31, 32, 9, 18, 6, 4, 23, 24, 30, 1,23.0775
1, 14, 15, 5, 27, 31, 25, 33, 20, 34, 16, 7, 26, 3, 12, 13, 22, 10, 19, 8, 2, 21, 11, 29, 17, 28, 32, 18, 6, 9, 4, 23, 24, 30, 1,17.4928
1, 14, 15, 24, 23, 4, 9, 6, 18, 32, 28, 17, 29, 11, 21, 2, 8, 19, 10, 22, 13, 12, 3, 26, 7, 16, 34, 20, 33, 25, 31, 27, 5, 30, 1,16.5598
1, 14, 15, 21, 2, 8, 19, 10, 22, 26, 20, 9, 16, 13, 12, 3, 31, 25, 34, 27, 5, 33, 7, 32, 6, 18, 28, 17, 29, 11, 4, 23, 24, 30, 1,14.9926
1, 14, 15, 21, 2, 8, 19, 10, 22, 26, 20, 9, 5, 27, 31, 25, 33, 34, 16, 7, 13, 12, 3, 32, 6, 18, 28, 17, 29, 11, 4, 23, 24, 30, 1,12.3376
1, 14, 15, 21, 2, 8, 19, 10, 22, 26, 20, 9, 16, 5, 27, 31, 25, 33, 34, 7, 13, 12, 3, 32, 6, 18, 28, 11, 29, 17, 4, 23, 24, 30, 1,10.7875
1, 14, 15, 21, 2, 8, 19, 10, 22, 26, 20, 9, 16, 5, 27, 31, 25, 33, 34, 7, 13, 12, 3, 32, 6, 18, 28, 11, 29, 17, 4, 23, 24, 30, 1,10.7875
1, 14, 15, 21, 2, 8, 19, 10, 22, 26, 20, 9, 16, 5, 27, 31, 25, 33, 34, 7, 13, 12, 3, 32, 6, 18, 28, 11, 29, 17, 4, 23, 24, 30, 1,10.7875
1, 14, 15, 21, 2, 8, 19, 10, 22, 26, 20, 9, 16, 5, 27, 31, 25, 33, 34, 7, 13, 12, 3, 32, 6, 18, 28, 11, 29, 17, 4, 23, 24, 30, 1,10.7875
1, 14, 15, 21, 2, 8, 19, 10, 22, 26, 20, 9, 16, 6, 32, 3, 12, 13, 7, 34, 33, 25, 31, 27, 5, 18, 28, 11, 29, 17, 4, 23, 24, 30, 1,10.5965
1, 14, 15, 21, 2, 8, 19, 10, 22, 26, 20, 9, 16, 6, 32, 3, 12, 13, 7, 34, 33, 25, 31, 5, 27, 18, 28, 11, 29, 17, 4, 23, 24, 30, 1,10.5849
1, 14, 15, 21, 2, 8, 19, 10, 22, 26, 20, 9, 16, 6, 32, 3, 12, 13, 7, 34, 33, 25, 5, 31, 18, 28, 27, 11, 29, 17, 4, 23, 24, 30, 1,10.4996
1, 14, 15, 21, 2, 8, 19, 10, 22, 26, 20, 9, 16, 6, 32, 3, 12, 13, 7, 34, 33, 25, 31, 27, 5, 18, 28, 11, 29, 17, 4, 23, 30, 24, 1,10.216
1, 14, 15, 21, 2, 8, 19, 10, 22, 26, 20, 9, 16, 6, 32, 3, 12, 13, 7, 34, 33, 25, 5, 31, 18, 28, 27, 11, 29, 17, 4, 23, 30, 24, 1,10.1192
1, 14, 15, 21, 2, 8, 19, 10, 22, 26, 20, 9, 16, 6, 32, 3, 12, 13, 7, 34, 33, 25, 31, 27, 5, 18, 28, 11, 4, 17, 29, 23, 30, 24, 1,9.44839
1, 14, 15, 21, 2, 8, 19, 10, 22, 26, 20, 9, 16, 6, 32, 3, 12, 13, 7, 34, 33, 25, 31, 27, 5, 18, 28, 11, 4, 17, 29, 23, 30, 24, 1,9.44839
1, 14, 15, 21, 2, 8, 19, 10, 22, 26, 3, 9, 20, 16, 6, 32, 12, 13, 7, 34, 33, 25, 31, 27, 5, 18, 28, 11, 4, 17, 29, 23, 30, 24, 1,9.16752
1, 14, 15, 21, 2, 8, 19, 10, 22, 26, 3, 9, 20, 16, 6, 32, 12, 13, 7, 34, 33, 25, 31, 27, 5, 18, 28, 11, 4, 17, 29, 23, 30, 24, 1,9.16752
1, 14, 15, 21, 2, 8, 19, 10, 22, 26, 3, 13, 12, 32, 20, 6, 16, 9, 7, 34, 33, 25, 31, 27, 5, 18, 28, 11, 4, 17, 29, 23, 30, 24, 1,8.99748
1, 14, 15, 21, 2, 8, 19, 10, 22, 26, 3, 9, 20, 16, 6, 32, 34, 7, 12, 13, 33, 25, 31, 27, 5, 18, 28, 11, 4, 17, 29, 23, 30, 24, 1,8.46516
1, 14, 15, 21, 2, 8, 19, 10, 22, 33, 25, 31, 27, 5, 18, 32, 34, 7, 12, 13, 26, 3, 9, 20, 16, 6, 28, 11, 4, 17, 29, 23, 30, 24, 1,8.44686
1, 14, 15, 21, 2, 8, 19, 10, 22, 33, 25, 31, 27, 5, 18, 32, 34, 7, 12, 13, 26, 3, 9, 20, 16, 6, 28, 11, 4, 17, 29, 23, 30, 24, 1,8.44686
1, 14, 15, 21, 2, 8, 19, 10, 22, 33, 25, 31, 27, 5, 18, 32, 34, 7, 12, 13, 26, 3, 9, 20, 16, 6, 28, 11, 4, 17, 29, 23, 30, 24, 1,8.44686
1, 14, 15, 21, 2, 8, 19, 10, 22, 33, 28, 6, 16, 20, 9, 3, 26, 13, 12, 7, 34, 32, 18, 5, 27, 31, 25, 11, 4, 17, 29, 23, 30, 24, 1,8.42877
1, 14, 15, 21, 2, 24, 30, 23, 29, 17, 4, 11, 28, 6, 16, 20, 9, 3, 26, 13, 12, 7, 34, 32, 18, 5, 27, 31, 25, 33, 22, 10, 19, 8, 1,8.05577
1, 14, 15, 21, 2, 24, 30, 23, 29, 17, 4, 11, 28, 6, 16, 20, 9, 3, 26, 13, 12, 7, 34, 32, 18, 5, 27, 31, 25, 33, 22, 10, 19, 8, 1,8.05577
1, 14, 15, 21, 2, 24, 30, 23, 29, 17, 4, 11, 28, 6, 16, 20, 9, 3, 26, 13, 12, 7, 34, 32, 18, 5, 27, 31, 25, 33, 22, 10, 19, 8, 1,8.05577
1, 14, 15, 21, 2, 24, 30, 23, 29, 17, 4, 11, 28, 6, 16, 20, 9, 3, 26, 13, 12, 7, 34, 32, 18, 5, 27, 31, 25, 33, 22, 10, 19, 8, 1,8.05577
1, 14, 15, 21, 2, 24, 30, 23, 29, 17, 4, 11, 31, 6, 16, 20, 9, 3, 26, 13, 12, 7, 34, 32, 18, 5, 27, 28, 25, 33, 22, 10, 19, 8, 1,8.01208
1, 14, 8, 19, 10, 22, 33, 25, 31, 27, 5, 18, 32, 34, 7, 12, 13, 26, 3, 9, 20, 16, 6, 28, 11, 4, 17, 29, 23, 30, 24, 2, 21, 15, 1,7.45262
1, 14, 15, 21, 2, 24, 30, 23, 29, 17, 4, 11, 31, 6, 16, 20, 9, 3, 26, 13, 22, 33, 25, 27, 28, 5, 18, 32, 34, 7, 12, 10, 19, 8, 1,7.2582
1, 14, 15, 21, 2, 24, 30, 23, 29, 17, 4, 11, 31, 6, 16, 20, 9, 3, 26, 13, 22, 33, 25, 27, 28, 5, 18, 32, 34, 7, 12, 10, 19, 8, 1,7.2582
1, 15, 14, 21, 2, 24, 30, 23, 29, 17, 4, 11, 31, 28, 6, 16, 20, 9, 3, 26, 13, 12, 7, 34, 32, 18, 5, 27, 25, 33, 22, 10, 19, 8, 1,7.23466
1, 15, 14, 21, 2, 24, 30, 23, 29, 17, 4, 11, 31, 6, 16, 20, 9, 3, 26, 13, 22, 33, 25, 27, 28, 5, 18, 32, 34, 7, 12, 10, 19, 8, 1,6.61145
1, 15, 14, 21, 2, 24, 30, 23, 29, 17, 4, 11, 31, 6, 16, 20, 9, 3, 26, 13, 22, 33, 25, 27, 28, 5, 18, 32, 34, 7, 12, 10, 19, 8, 1,6.61145
1, 21, 2, 24, 30, 23, 29, 17, 4, 11, 31, 6, 16, 20, 9, 3, 26, 13, 22, 33, 25, 27, 28, 5, 18, 32, 34, 7, 12, 10, 14, 19, 8, 15, 1,6.11355
1, 21, 2, 24, 30, 23, 29, 17, 4, 11, 31, 6, 16, 20, 9, 3, 26, 13, 22, 33, 25, 27, 28, 5, 18, 32, 34, 7, 12, 10, 14, 19, 8, 15, 1,6.11355
1, 15, 14, 21, 2, 24, 30, 23, 29, 17, 4, 11, 31, 28, 6, 16, 20, 9, 3, 26, 13, 22, 33, 25, 27, 5, 18, 32, 34, 7, 12, 10, 19, 8, 1,6.46155
1, 15, 14, 21, 2, 24, 30, 23, 29, 17, 4, 11, 31, 28, 6, 16, 20, 9, 3, 26, 13, 22, 33, 25, 27, 5, 18, 32, 34, 7, 12, 10, 19, 8, 1,6.46155
1, 15, 14, 21, 2, 24, 30, 23, 29, 17, 4, 11, 31, 28, 6, 16, 20, 9, 3, 26, 13, 22, 33, 25, 27, 5, 18, 32, 34, 7, 12, 10, 19, 8, 1,6.46155
1, 15, 8, 19, 10, 12, 7, 34, 32, 18, 5, 27, 25, 33, 22, 13, 26, 3, 9, 20, 16, 6, 28, 31, 11, 4, 17, 29, 23, 30, 24, 2, 21, 14, 1,6.26757
1, 15, 8, 19, 10, 12, 7, 34, 32, 18, 5, 27, 25, 33, 22, 13, 26, 3, 9, 20, 16, 6, 28, 31, 11, 4, 17, 29, 23, 30, 24, 2, 21, 14, 1,6.26757
1, 15, 14, 21, 8, 19, 10, 12, 7, 34, 32, 18, 5, 27, 25, 33, 22, 13, 26, 3, 9, 20, 16, 6, 28, 31, 11, 4, 17, 29, 23, 30, 24, 2, 1,6.09252
1, 15, 14, 21, 8, 19, 10, 12, 7, 34, 32, 18, 5, 27, 25, 33, 22, 13, 26, 3, 9, 20, 16, 6, 28, 31, 11, 4, 17, 29, 23, 30, 24, 2, 1,6.09252
1, 15, 14, 21, 8, 19, 10, 12, 7, 34, 32, 18, 5, 27, 25, 33, 22, 13, 26, 3, 9, 20, 16, 6, 28, 31, 11, 4, 17, 29, 23, 30, 24, 2, 1,6.09252
1, 15, 8, 14, 21, 19, 10, 12, 7, 34, 32, 18, 5, 27, 25, 33, 22, 13, 26, 3, 9, 20, 16, 6, 28, 31, 11, 4, 17, 29, 23, 30, 24, 2, 1,5.6083
1, 15, 2, 24, 30, 23, 29, 17, 4, 11, 31, 28, 6, 16, 20, 9, 3, 26, 13, 22, 33, 25, 27, 5, 18, 32, 34, 7, 12, 10, 19, 8, 21, 14, 1,5.60225
1, 14, 21, 8, 19, 10, 12, 7, 34, 32, 18, 5, 27, 25, 33, 22, 13, 26, 3, 9, 20, 16, 6, 28, 31, 11, 4, 17, 29, 23, 30, 24, 2, 15, 1,5.60225
1, 14, 21, 8, 19, 10, 12, 7, 34, 32, 18, 5, 27, 25, 33, 22, 13, 26, 3, 9, 20, 16, 6, 28, 31, 11, 4, 17, 29, 23, 30, 24, 2, 15, 1,5.60225
1, 14, 21, 8, 19, 10, 12, 7, 34, 32, 18, 5, 27, 25, 33, 22, 13, 26, 3, 9, 20, 16, 6, 28, 31, 11, 4, 17, 29, 23, 30, 24, 2, 15, 1,5.60225
1, 15, 8, 14, 21, 19, 10, 12, 7, 34, 32, 18, 5, 27, 28, 6, 16, 20, 9, 3, 26, 13, 22, 33, 25, 31, 11, 4, 17, 29, 23, 30, 24, 2, 1,5.60771
1, 15, 8, 14, 21, 19, 10, 12, 7, 34, 32, 18, 6, 16, 20, 9, 3, 26, 13, 22, 33, 25, 27, 5, 28, 31, 11, 4, 17, 29, 23, 30, 24, 2, 1,5.22989
1, 15, 8, 14, 21, 19, 10, 12, 7, 34, 32, 18, 6, 16, 20, 9, 3, 26, 13, 22, 33, 25, 27, 5, 28, 31, 11, 4, 17, 29, 23, 30, 24, 2, 1,5.22989
1, 15, 8, 14, 21, 19, 10, 12, 7, 34, 32, 18, 6, 16, 20, 9, 3, 26, 13, 22, 33, 25, 27, 5, 28, 31, 11, 4, 17, 29, 23, 30, 24, 2, 1,5.22989
1, 15, 8, 14, 21, 19, 10, 12, 7, 34, 32, 18, 6, 16, 20, 9, 3, 26, 13, 22, 33, 25, 27, 5, 28, 31, 11, 4, 17, 29, 23, 30, 24, 2, 1,5.22989
1, 15, 8, 14, 21, 19, 10, 12, 22, 7, 34, 32, 18, 6, 16, 20, 9, 3, 26, 13, 33, 25, 27, 5, 28, 31, 11, 4, 17, 29, 23, 30, 24, 2, 1,5.1382
1, 15, 8, 14, 21, 19, 10, 12, 22, 7, 34, 32, 18, 6, 16, 20, 9, 3, 26, 13, 33, 25, 27, 5, 28, 31, 11, 4, 17, 29, 23, 30, 24, 2, 1,5.1382
1, 15, 8, 14, 21, 19, 10, 12, 22, 7, 34, 32, 18, 6, 16, 20, 9, 3, 26, 13, 33, 25, 27, 5, 28, 31, 11, 4, 17, 29, 23, 30, 24, 2, 1,5.1382
1, 15, 2, 24, 30, 23, 29, 17, 4, 11, 31, 28, 5, 27, 25, 33, 13, 26, 3, 9, 20, 16, 6, 18, 32, 34, 7, 22, 12, 10, 19, 21, 14, 8, 1,4.84191
1, 15, 2, 24, 30, 23, 29, 17, 4, 11, 31, 28, 5, 27, 25, 33, 13, 26, 3, 9, 20, 16, 6, 18, 32, 34, 7, 22, 12, 10, 19, 21, 14, 8, 1,4.84191
1, 15, 2, 24, 30, 23, 29, 17, 4, 11, 31, 28, 5, 27, 25, 33, 13, 26, 3, 9, 20, 16, 6, 18, 32, 34, 7, 22, 12, 10, 19, 21, 14, 8, 1,4.84191
1, 15, 2, 24, 30, 23, 29, 17, 4, 11, 31, 28, 5, 27, 25, 33, 13, 26, 3, 9, 20, 16, 6, 18, 32, 34, 7, 22, 12, 10, 19, 21, 14, 8, 1,4.84191
1, 15, 2, 24, 30, 23, 29, 17, 4, 11, 31, 28, 5, 27, 25, 33, 13, 26, 3, 9, 20, 16, 6, 18, 32, 34, 7, 22, 12, 10, 19, 21, 14, 8, 1,4.84191
1, 15, 2, 24, 30, 23, 29, 17, 4, 11, 31, 28, 5, 27, 25, 33, 13, 26, 3, 9, 20, 16, 6, 18, 32, 34, 7, 22, 12, 10, 19, 21, 14, 8, 1,4.84191
1, 15, 2, 24, 30, 23, 29, 17, 4, 11, 31, 28, 5, 27, 25, 33, 13, 26, 3, 9, 20, 16, 6, 18, 32, 34, 7, 22, 12, 10, 19, 21, 14, 8, 1,4.84191
1, 15, 2, 24, 30, 23, 29, 17, 4, 11, 31, 28, 5, 27, 25, 33, 13, 26, 3, 9, 20, 34, 16, 6, 18, 32, 7, 22, 12, 10, 19, 21, 14, 8, 1,4.80055
1, 15, 2, 24, 30, 23, 29, 17, 4, 11, 31, 28, 5, 27, 25, 33, 13, 26, 3, 9, 20, 34, 16, 6, 18, 32, 7, 22, 12, 10, 19, 21, 14, 8, 1,4.80055
1, 15, 2, 24, 30, 23, 29, 17, 4, 11, 31, 27, 5, 28, 25, 33, 13, 26, 3, 9, 20, 34, 16, 6, 18, 32, 7, 22, 12, 10, 19, 21, 14, 8, 1,4.77501
1, 15, 2, 24, 30, 23, 29, 17, 4, 11, 31, 27, 5, 28, 25, 33, 13, 26, 3, 9, 20, 16, 6, 18, 34, 32, 7, 22, 12, 10, 19, 21, 14, 8, 1,4.76468
1, 15, 2, 24, 30, 23, 29, 17, 4, 11, 31, 27, 5, 28, 25, 33, 13, 26, 3, 9, 20, 16, 6, 18, 34, 32, 7, 22, 12, 10, 19, 21, 14, 8, 1,4.76468
1, 15, 2, 24, 30, 23, 29, 17, 4, 11, 31, 27, 5, 28, 25, 33, 13, 26, 3, 9, 20, 16, 6, 18, 34, 32, 7, 22, 12, 10, 19, 21, 14, 8, 1,4.76468
1, 15, 2, 24, 30, 23, 29, 17, 4, 11, 31, 27, 5, 28, 25, 33, 13, 26, 3, 9, 20, 16, 6, 18, 34, 32, 7, 22, 12, 10, 19, 21, 14, 8, 1,4.76468
1, 15, 2, 24, 30, 23, 29, 17, 4, 11, 31, 27, 5, 28, 25, 33, 13, 26, 3, 9, 20, 16, 6, 18, 34, 32, 7, 22, 12, 10, 19, 21, 14, 8, 1,4.76468
1, 15, 2, 24, 30, 23, 29, 17, 4, 11, 31, 27, 5, 28, 25, 33, 13, 26, 3, 9, 20, 16, 6, 18, 34, 32, 7, 22, 12, 10, 19, 21, 14, 8, 1,4.76468
1, 15, 2, 24, 30, 23, 29, 17, 4, 11, 31, 27, 5, 28, 25, 33, 13, 26, 3, 9, 20, 16, 6, 18, 34, 32, 7, 22, 12, 10, 19, 21, 14, 8, 1,4.76468
1, 15, 2, 24, 30, 23, 29, 17, 4, 11, 31, 27, 5, 28, 25, 20, 9, 3, 26, 13, 33, 16, 6, 18, 34, 32, 7, 22, 12, 10, 19, 21, 14, 8, 1,4.57512
1, 15, 2, 24, 30, 23, 29, 17, 4, 11, 31, 27, 5, 28, 25, 33, 13, 26, 3, 9, 20, 16, 6, 18, 34, 32, 7, 22, 12, 10, 19, 21, 14, 8, 1,4.76468
1, 15, 2, 24, 30, 23, 29, 17, 4, 11, 31, 27, 5, 28, 25, 33, 13, 26, 3, 9, 20, 16, 6, 18, 34, 32, 7, 22, 12, 10, 19, 21, 14, 8, 1,4.76468
1, 15, 2, 24, 30, 23, 29, 17, 4, 11, 31, 27, 5, 28, 25, 33, 13, 26, 3, 9, 20, 16, 6, 18, 34, 32, 7, 22, 12, 10, 19, 21, 14, 8, 1,4.76468
1, 15, 2, 24, 30, 23, 29, 17, 4, 11, 31, 27, 5, 28, 25, 33, 13, 26, 3, 9, 20, 16, 6, 18, 34, 32, 7, 22, 12, 10, 19, 21, 14, 8, 1,4.76468
1, 15, 2, 24, 30, 23, 29, 17, 4, 11, 31, 27, 5, 28, 25, 33, 13, 26, 3, 9, 20, 16, 6, 18, 34, 32, 7, 22, 12, 10, 19, 21, 14, 8, 1,4.76468
1, 15, 2, 24, 30, 23, 29, 17, 4, 11, 31, 27, 5, 28, 25, 33, 13, 26, 3, 9, 20, 16, 6, 18, 34, 32, 7, 22, 12, 10, 19, 21, 14, 8, 1,4.76468
1, 15, 2, 24, 30, 23, 29, 17, 4, 11, 31, 27, 5, 28, 25, 33, 13, 26, 3, 9, 20, 16, 6, 18, 34, 32, 7, 22, 12, 10, 19, 21, 14, 8, 1,4.76468
1, 15, 2, 24, 30, 23, 29, 17, 4, 11, 31, 27, 5, 28, 25, 33, 13, 26, 3, 9, 20, 16, 6, 18, 34, 32, 7, 22, 12, 10, 19, 21, 14, 8, 1,4.76468
1, 15, 2, 24, 30, 23, 29, 17, 4, 11, 31, 27, 5, 28, 25, 33, 13, 26, 3, 9, 20, 16, 6, 18, 34, 32, 7, 22, 12, 10, 19, 21, 14, 8, 1,4.76468
1, 15, 2, 24, 30, 23, 29, 17, 4, 11, 31, 27, 5, 28, 25, 33, 13, 26, 3, 9, 20, 16, 6, 18, 34, 32, 7, 22, 12, 10, 19, 21, 14, 8, 1,4.76468
1, 15, 2, 24, 30, 23, 29, 17, 4, 11, 31, 27, 5, 28, 25, 33, 13, 26, 3, 9, 20, 16, 6, 18, 34, 32, 7, 22, 12, 10, 19, 21, 14, 8, 1,4.76468
1, 15, 2, 24, 30, 23, 29, 17, 4, 11, 31, 27, 5, 28, 25, 33, 13, 26, 3, 9, 20, 16, 6, 18, 34, 32, 7, 22, 12, 10, 19, 21, 14, 8, 1,4.76468
1, 15, 2, 24, 30, 23, 29, 17, 4, 11, 31, 27, 5, 28, 25, 33, 13, 26, 3, 9, 20, 16, 6, 18, 34, 32, 7, 22, 12, 10, 19, 21, 14, 8, 1,4.76468
1, 15, 2, 24, 30, 23, 29, 17, 4, 11, 31, 27, 5, 28, 25, 33, 13, 26, 3, 9, 20, 16, 6, 18, 34, 32, 7, 22, 12, 10, 19, 21, 14, 8, 1,4.76468
1, 15, 2, 24, 30, 23, 29, 17, 4, 11, 31, 27, 5, 28, 25, 33, 13, 26, 3, 9, 20, 16, 6, 18, 34, 32, 7, 22, 12, 10, 19, 21, 14, 8, 1,4.76468
1, 15, 2, 24, 30, 23, 29, 17, 4, 11, 31, 27, 5, 28, 25, 33, 13, 26, 3, 9, 20, 16, 6, 18, 34, 32, 7, 22, 12, 10, 19, 21, 14, 8, 1,4.76468
1, 15, 2, 24, 30, 23, 29, 17, 4, 11, 31, 27, 5, 28, 25, 33, 13, 26, 3, 9, 20, 16, 6, 18, 34, 32, 7, 22, 12, 10, 19, 21, 14, 8, 1,4.76468
1, 15, 2, 24, 30, 23, 29, 17, 4, 11, 31, 27, 5, 28, 25, 33, 13, 26, 3, 9, 20, 16, 6, 18, 34, 32, 7, 22, 12, 10, 19, 21, 14, 8, 1,4.76468
1, 15, 2, 24, 30, 23, 29, 17, 4, 11, 31, 27, 5, 28, 25, 33, 13, 26, 3, 9, 20, 16, 6, 18, 34, 32, 7, 22, 12, 10, 19, 21, 14, 8, 1,4.76468
1, 15, 2, 24, 30, 23, 29, 17, 4, 11, 31, 27, 5, 28, 25, 33, 13, 26, 3, 9, 20, 16, 6, 18, 34, 32, 7, 22, 12, 10, 19, 21, 14, 8, 1,4.76468
1, 15, 2, 24, 30, 23, 29, 17, 4, 11, 31, 27, 5, 28, 25, 33, 13, 26, 3, 9, 20, 16, 6, 18, 34, 32, 7, 22, 12, 10, 19, 21, 14, 8, 1,4.76468
1, 15, 2, 24, 30, 23, 29, 17, 4, 11, 31, 27, 5, 28, 25, 32, 7, 26, 3, 9, 20, 16, 6, 18, 34, 33, 13, 22, 12, 10, 19, 21, 14, 8, 1,4.5731
1, 15, 2, 24, 30, 23, 29, 17, 4, 11, 31, 27, 5, 28, 25, 33, 13, 26, 3, 9, 20, 16, 6, 18, 34, 32, 7, 22, 12, 10, 19, 21, 14, 8, 1,4.76468
1, 15, 2, 24, 30, 23, 29, 17, 4, 11, 31, 27, 5, 28, 25, 33, 13, 26, 3, 9, 20, 16, 6, 18, 34, 32, 7, 22, 12, 10, 19, 21, 14, 8, 1,4.76468
1, 15, 2, 24, 30, 23, 29, 17, 4, 11, 31, 27, 5, 28, 25, 33, 13, 26, 3, 9, 20, 16, 6, 18, 34, 32, 7, 22, 12, 10, 19, 21, 14, 8, 1,4.76468
1, 15, 2, 24, 30, 23, 29, 17, 4, 11, 31, 27, 5, 28, 25, 33, 13, 26, 3, 9, 20, 16, 18, 6, 34, 32, 7, 22, 12, 10, 19, 21, 14, 8, 1,4.74833
1, 15, 2, 24, 30, 23, 29, 17, 4, 11, 31, 27, 5, 28, 25, 33, 13, 26, 3, 9, 20, 16, 18, 6, 34, 32, 7, 22, 12, 10, 19, 21, 14, 8, 1,4.74833
1, 15, 2, 24, 30, 23, 29, 17, 4, 11, 31, 27, 5, 28, 25, 33, 13, 26, 3, 9, 20, 16, 18, 6, 34, 32, 7, 22, 12, 10, 19, 21, 14, 8, 1,4.74833
1, 15, 2, 24, 30, 23, 29, 17, 4, 11, 31, 27, 5, 28, 25, 16, 20, 9, 3, 26, 13, 33, 6, 18, 34, 32, 7, 22, 12, 10, 19, 21, 14, 8, 1,4.51338
1, 15, 2, 24, 30, 23, 29, 17, 4, 11, 31, 27, 5, 28, 25, 16, 20, 9, 3, 26, 13, 33, 6, 18, 34, 32, 7, 22, 12, 10, 19, 21, 14, 8, 1,4.51338
1, 8, 14, 21, 19, 10, 12, 22, 7, 32, 34, 18, 6, 33, 13, 26, 3, 9, 20, 16, 25, 28, 5, 27, 31, 11, 4, 17, 29, 23, 30, 24, 2, 15, 1,4.51338
1, 15, 2, 24, 30, 23, 29, 17, 4, 11, 31, 27, 5, 28, 25, 16, 20, 9, 3, 26, 13, 33, 6, 18, 34, 32, 7, 22, 12, 10, 19, 21, 14, 8, 1,4.51338
1, 15, 2, 24, 30, 23, 29, 17, 4, 11, 31, 27, 5, 28, 25, 16, 20, 9, 3, 26, 13, 33, 6, 18, 34, 32, 7, 22, 12, 10, 19, 21, 14, 8, 1,4.51338
1, 15, 2, 24, 23, 30, 29, 17, 4, 11, 31, 27, 5, 28, 25, 16, 20, 9, 3, 26, 13, 33, 6, 18, 34, 32, 7, 22, 12, 10, 19, 21, 14, 8, 1,4.48249
1, 15, 2, 24, 23, 30, 29, 17, 4, 11, 31, 27, 5, 28, 25, 16, 20, 9, 3, 26, 13, 33, 6, 18, 34, 32, 7, 22, 12, 10, 19, 21, 14, 8, 1,4.48249
1, 15, 2, 24, 23, 30, 29, 17, 4, 11, 31, 27, 5, 28, 25, 16, 20, 9, 3, 26, 13, 33, 6, 18, 34, 32, 7, 22, 12, 10, 19, 21, 14, 8, 1,4.48249
1, 15, 2, 24, 23, 30, 29, 17, 4, 11, 31, 27, 5, 28, 25, 16, 20, 9, 3, 26, 13, 33, 6, 18, 34, 32, 7, 22, 12, 10, 19, 21, 14, 8, 1,4.48249
1, 15, 2, 24, 23, 30, 29, 17, 4, 11, 31, 27, 5, 28, 25, 16, 20, 9, 3, 26, 13, 33, 6, 18, 34, 32, 7, 22, 12, 10, 19, 21, 14, 8, 1,4.48249
1, 15, 2, 24, 23, 30, 29, 17, 4, 11, 31, 27, 5, 28, 25, 16, 20, 9, 3, 26, 22, 33, 6, 18, 34, 32, 7, 13, 12, 10, 19, 21, 14, 8, 1,4.23408
1, 15, 2, 24, 23, 30, 29, 17, 4, 11, 31, 27, 5, 28, 25, 16, 20, 9, 3, 26, 22, 33, 6, 18, 34, 32, 7, 13, 12, 10, 19, 21, 14, 8, 1,4.23408
1, 15, 2, 24, 23, 30, 29, 17, 4, 11, 31, 27, 5, 28, 25, 16, 20, 9, 3, 26, 22, 33, 6, 18, 34, 32, 7, 13, 12, 10, 19, 21, 14, 8, 1,4.23408
1, 15, 2, 24, 23, 30, 29, 17, 4, 11, 31, 27, 5, 28, 25, 16, 20, 9, 3, 26, 22, 33, 6, 18, 34, 32, 7, 13, 12, 10, 19, 21, 14, 8, 1,4.23408
1, 15, 2, 24, 23, 30, 29, 17, 4, 11, 31, 27, 5, 25, 28, 16, 20, 9, 3, 26, 22, 33, 6, 18, 34, 32, 7, 13, 12, 10, 19, 21, 14, 8, 1,4.22656
1, 15, 2, 24, 23, 30, 29, 17, 4, 11, 31, 27, 5, 28, 25, 16, 18, 6, 33, 22, 26, 3, 9, 20, 34, 32, 7, 13, 12, 10, 19, 21, 14, 8, 1,4.21054
1, 15, 2, 24, 23, 30, 29, 17, 4, 11, 31, 27, 5, 28, 25, 16, 18, 6, 33, 22, 26, 3, 9, 20, 34, 32, 7, 13, 12, 10, 19, 21, 14, 8, 1,4.21054
1, 15, 2, 24, 23, 30, 29, 17, 4, 11, 31, 27, 5, 25, 28, 16, 18, 6, 33, 22, 26, 3, 9, 20, 34, 32, 7, 13, 12, 10, 19, 21, 14, 8, 1,4.20302
1, 15, 2, 24, 23, 30, 29, 17, 4, 11, 31, 27, 5, 25, 28, 16, 18, 6, 33, 22, 26, 3, 9, 20, 34, 32, 7, 13, 12, 10, 19, 21, 14, 8, 1,4.20302
1, 15, 2, 24, 23, 30, 29, 17, 4, 11, 31, 27, 5, 25, 28, 16, 18, 6, 33, 22, 26, 3, 9, 20, 34, 32, 7, 13, 12, 10, 19, 21, 14, 8, 1,4.20302
1, 15, 2, 24, 23, 30, 29, 17, 4, 11, 31, 27, 5, 25, 28, 16, 18, 6, 33, 22, 26, 3, 9, 20, 34, 32, 7, 13, 12, 10, 19, 21, 14, 8, 1,4.20302
1, 15, 2, 24, 23, 30, 29, 17, 4, 11, 31, 27, 5, 25, 28, 16, 18, 6, 33, 22, 26, 3, 9, 20, 34, 32, 7, 13, 12, 10, 19, 21, 14, 8, 1,4.20302
1, 15, 2, 24, 23, 30, 29, 17, 4, 11, 31, 27, 5, 25, 28, 16, 18, 6, 33, 22, 26, 3, 9, 20, 34, 32, 7, 13, 12, 10, 19, 21, 14, 8, 1,4.20302
1, 15, 2, 24, 23, 30, 29, 17, 4, 11, 31, 27, 5, 25, 28, 16, 18, 6, 33, 22, 26, 3, 9, 20, 34, 32, 7, 13, 12, 10, 19, 21, 14, 8, 1,4.20302
1, 15, 2, 24, 23, 30, 29, 17, 4, 11, 31, 27, 5, 25, 28, 16, 18, 6, 9, 20, 34, 32, 33, 22, 26, 3, 7, 13, 12, 10, 19, 21, 14, 8, 1,3.70765
1, 15, 2, 24, 23, 30, 29, 17, 4, 11, 31, 27, 5, 25, 28, 16, 18, 6, 9, 20, 34, 32, 33, 22, 26, 3, 7, 13, 12, 10, 19, 21, 14, 8, 1,3.70765
1, 15, 2, 24, 23, 30, 29, 17, 4, 11, 31, 27, 5, 25, 28, 16, 18, 6, 9, 20, 34, 32, 33, 22, 26, 3, 7, 13, 12, 10, 19, 21, 14, 8, 1,3.70765
1, 15, 2, 24, 23, 30, 29, 17, 4, 11, 31, 27, 5, 25, 28, 16, 18, 6, 9, 20, 34, 32, 33, 22, 26, 3, 7, 13, 12, 10, 19, 21, 14, 8, 1,3.70765
1, 15, 2, 24, 23, 30, 29, 17, 4, 11, 31, 27, 5, 25, 28, 16, 18, 6, 9, 20, 34, 32, 33, 22, 26, 3, 7, 13, 12, 10, 19, 21, 14, 8, 1,3.70765
1, 15, 2, 24, 23, 30, 29, 17, 4, 11, 31, 27, 5, 25, 28, 20, 34, 32, 33, 16, 18, 6, 9, 22, 26, 3, 7, 13, 12, 10, 19, 21, 14, 8, 1,3.31422
1, 15, 2, 24, 23, 30, 29, 17, 4, 11, 31, 27, 5, 25, 28, 16, 18, 6, 9, 20, 34, 32, 33, 22, 26, 3, 7, 13, 12, 10, 19, 21, 14, 8, 1,3.70765
1, 15, 2, 24, 23, 30, 29, 17, 4, 11, 31, 27, 5, 25, 28, 16, 18, 6, 9, 20, 34, 32, 33, 22, 26, 3, 7, 13, 12, 10, 19, 21, 14, 8, 1,3.70765
1, 15, 2, 24, 23, 30, 29, 17, 4, 11, 31, 27, 5, 25, 28, 16, 18, 6, 9, 20, 34, 32, 33, 22, 26, 3, 7, 13, 12, 10, 19, 21, 14, 8, 1,3.70765
1, 15, 2, 24, 23, 30, 29, 17, 4, 11, 31, 27, 5, 25, 28, 16, 18, 6, 9, 20, 34, 32, 33, 22, 26, 3, 7, 13, 12, 10, 19, 21, 14, 8, 1,3.70765
1, 15, 2, 24, 23, 30, 29, 17, 4, 11, 31, 27, 5, 25, 28, 16, 18, 6, 9, 20, 34, 32, 33, 22, 26, 3, 7, 13, 12, 10, 19, 21, 14, 8, 1,3.70765
1, 15, 2, 24, 23, 30, 29, 17, 4, 11, 31, 27, 5, 25, 28, 16, 18, 6, 9, 20, 34, 32, 33, 3, 26, 22, 7, 13, 12, 10, 19, 21, 14, 8, 1,3.55777
1, 15, 2, 24, 23, 30, 29, 17, 4, 11, 31, 27, 5, 25, 28, 16, 18, 6, 9, 20, 34, 32, 33, 3, 26, 22, 7, 13, 12, 10, 19, 21, 14, 8, 1,3.55777
1, 15, 2, 24, 23, 30, 29, 17, 4, 11, 31, 27, 5, 25, 28, 16, 18, 6, 9, 20, 34, 32, 33, 3, 26, 22, 7, 13, 12, 10, 19, 21, 14, 8, 1,3.55777
1, 15, 2, 24, 23, 30, 29, 17, 4, 11, 31, 27, 5, 25, 28, 16, 18, 6, 9, 20, 34, 32, 33, 3, 7, 22, 26, 13, 12, 10, 19, 21, 14, 8, 1,3.37415
1, 15, 2, 24, 23, 30, 29, 17, 4, 11, 31, 27, 5, 25, 28, 16, 18, 6, 9, 20, 34, 32, 33, 3, 7, 22, 26, 13, 12, 10, 19, 21, 14, 8, 1,3.37415
1, 15, 2, 24, 23, 30, 29, 17, 4, 11, 31, 27, 5, 25, 28, 16, 18, 6, 9, 20, 34, 32, 33, 3, 7, 22, 26, 13, 12, 10, 19, 21, 14, 8, 1,3.37415
1, 15, 2, 24, 23, 30, 29, 17, 4, 11, 31, 27, 5, 25, 28, 16, 18, 6, 9, 20, 34, 32, 33, 3, 7, 22, 26, 13, 12, 10, 19, 21, 14, 8, 1,3.37415
1, 15, 2, 24, 23, 30, 29, 17, 4, 11, 31, 27, 5, 25, 28, 16, 18, 6, 9, 20, 34, 32, 33, 3, 7, 22, 26, 13, 12, 10, 19, 21, 14, 8, 1,3.37415
1, 15, 2, 24, 23, 30, 29, 17, 4, 11, 31, 27, 5, 25, 28, 16, 18, 6, 9, 20, 34, 32, 33, 3, 7, 22, 26, 13, 12, 10, 19, 21, 14, 8, 1,3.37415
1, 15, 2, 24, 23, 30, 29, 17, 4, 11, 31, 27, 5, 25, 28, 16, 18, 6, 9, 20, 34, 32, 33, 3, 7, 22, 26, 13, 12, 10, 19, 21, 14, 8, 1,3.37415
1, 15, 2, 24, 23, 30, 29, 17, 4, 11, 31, 27, 5, 25, 28, 16, 18, 6, 9, 20, 34, 32, 33, 3, 7, 22, 26, 13, 12, 10, 19, 21, 14, 8, 1,3.37415
1, 15, 2, 24, 23, 30, 29, 17, 4, 11, 31, 27, 5, 25, 28, 16, 18, 6, 9, 20, 34, 32, 33, 3, 7, 22, 26, 13, 12, 10, 19, 21, 14, 8, 1,3.37415
1, 15, 2, 24, 23, 30, 29, 17, 4, 11, 31, 27, 5, 25, 28, 16, 18, 6, 9, 20, 34, 32, 33, 3, 7, 22, 26, 13, 12, 10, 19, 21, 14, 8, 1,3.37415
1, 15, 2, 24, 23, 30, 29, 17, 4, 11, 31, 27, 5, 25, 28, 16, 18, 6, 9, 20, 34, 32, 33, 3, 7, 22, 26, 13, 12, 10, 19, 21, 14, 8, 1,3.37415
1, 15, 2, 24, 23, 30, 29, 17, 4, 11, 31, 27, 5, 25, 28, 16, 18, 34, 9, 20, 6, 32, 33, 3, 7, 22, 26, 13, 12, 10, 19, 21, 14, 8, 1,3.35325
1, 15, 2, 24, 23, 30, 29, 17, 4, 11, 31, 27, 5, 25, 28, 16, 18, 34, 9, 20, 6, 32, 33, 3, 7, 22, 26, 13, 12, 10, 19, 21, 14, 8, 1,3.35325
1, 15, 2, 24, 23, 30, 29, 17, 4, 11, 31, 27, 5, 25, 28, 16, 18, 34, 9, 20, 6, 32, 33, 3, 7, 22, 26, 13, 12, 10, 19, 21, 14, 8, 1,3.35325
1, 15, 2, 24, 23, 30, 29, 17, 4, 11, 31, 27, 5, 25, 28, 16, 18, 34, 9, 20, 6, 32, 33, 3, 7, 22, 26, 13, 12, 10, 19, 21, 14, 8, 1,3.35325
1, 15, 2, 24, 23, 30, 29, 17, 4, 11, 31, 27, 5, 25, 28, 16, 18, 6, 9, 20, 34, 32, 33, 7, 3, 22, 26, 13, 12, 10, 19, 21, 14, 8, 1,3.11984
1, 15, 2, 24, 23, 30, 29, 17, 4, 11, 31, 27, 5, 25, 28, 16, 18, 6, 9, 20, 34, 32, 33, 7, 3, 22, 26, 13, 12, 10, 19, 21, 14, 8, 1,3.11984
1, 15, 2, 24, 23, 30, 29, 17, 4, 11, 31, 27, 5, 25, 28, 16, 18, 34, 9, 20, 6, 32, 33, 7, 3, 22, 26, 13, 12, 10, 19, 21, 14, 8, 1,3.09894
1, 15, 2, 24, 23, 30, 29, 17, 4, 11, 31, 27, 5, 25, 28, 16, 18, 34, 9, 20, 6, 32, 33, 7, 3, 22, 26, 13, 12, 10, 19, 21, 14, 8, 1,3.09894
1, 15, 2, 24, 23, 30, 29, 17, 4, 11, 31, 27, 5, 25, 28, 20, 34, 32, 16, 18, 6, 9, 33, 7, 3, 22, 26, 13, 12, 10, 19, 21, 14, 8, 1,3.00815
1, 15, 2, 24, 23, 30, 29, 17, 4, 11, 31, 27, 5, 25, 28, 16, 18, 34, 9, 20, 6, 32, 33, 7, 3, 22, 26, 13, 12, 10, 19, 21, 14, 8, 1,3.09894
1, 15, 2, 24, 23, 30, 29, 17, 4, 11, 31, 5, 27, 25, 28, 16, 18, 34, 9, 20, 6, 32, 33, 7, 3, 22, 26, 13, 12, 10, 19, 21, 14, 8, 1,3.09552
1, 15, 2, 24, 23, 30, 29, 17, 4, 11, 31, 5, 27, 25, 28, 16, 18, 34, 9, 20, 6, 32, 33, 7, 3, 22, 26, 13, 12, 10, 19, 21, 14, 8, 1,3.09552
1, 15, 2, 24, 23, 30, 29, 17, 4, 11, 31, 5, 27, 25, 28, 16, 18, 34, 9, 20, 6, 32, 33, 7, 3, 22, 26, 13, 12, 10, 19, 21, 14, 8, 1,3.09552
1, 15, 2, 24, 23, 30, 29, 17, 4, 11, 31, 5, 27, 25, 28, 16, 18, 34, 9, 20, 6, 32, 33, 7, 3, 22, 26, 13, 12, 10, 19, 21, 14, 8, 1,3.09552
1, 15, 2, 24, 23, 30, 29, 17, 4, 11, 31, 5, 27, 25, 28, 16, 18, 34, 9, 20, 6, 32, 33, 7, 3, 22, 26, 13, 12, 10, 19, 21, 14, 8, 1,3.09552
1, 15, 2, 24, 23, 30, 29, 17, 4, 11, 31, 5, 27, 25, 28, 16, 18, 34, 9, 20, 6, 32, 33, 7, 3, 22, 26, 13, 12, 10, 19, 21, 14, 8, 1,3.09552
1, 15, 2, 24, 23, 30, 29, 17, 4, 11, 31, 5, 27, 25, 28, 16, 18, 34, 9, 20, 6, 32, 33, 7, 3, 22, 26, 13, 12, 10, 19, 21, 14, 8, 1,3.09552
1, 15, 2, 24, 23, 30, 29, 17, 4, 11, 31, 5, 27, 25, 28, 16, 18, 34, 32, 6, 20, 9, 33, 7, 3, 22, 26, 13, 12, 10, 19, 21, 14, 8, 1,2.89553
1, 15, 2, 24, 23, 30, 29, 17, 4, 11, 31, 5, 27, 25, 28, 16, 18, 34, 32, 6, 20, 9, 33, 7, 3, 22, 26, 13, 12, 10, 19, 21, 14, 8, 1,2.89553
1, 15, 2, 24, 23, 30, 29, 17, 4, 11, 31, 5, 27, 25, 28, 16, 18, 34, 32, 6, 20, 9, 33, 7, 3, 22, 26, 13, 12, 10, 19, 21, 14, 8, 1,2.89553
1, 15, 2, 24, 23, 30, 29, 17, 4, 11, 31, 5, 27, 25, 28, 16, 18, 34, 32, 6, 20, 9, 33, 7, 3, 22, 26, 13, 12, 10, 19, 21, 14, 8, 1,2.89553
1, 15, 2, 24, 23, 30, 29, 17, 4, 11, 31, 5, 27, 25, 28, 16, 18, 34, 6, 32, 20, 9, 33, 7, 3, 22, 26, 13, 12, 10, 19, 21, 14, 8, 1,2.89273
1, 15, 2, 24, 23, 30, 29, 17, 4, 11, 31, 5, 27, 25, 28, 16, 18, 34, 6, 32, 20, 9, 33, 7, 3, 22, 26, 13, 12, 10, 19, 21, 14, 8, 1,2.89273
1, 15, 2, 24, 23, 30, 29, 17, 4, 11, 31, 5, 27, 25, 28, 16, 18, 34, 6, 32, 20, 9, 33, 7, 3, 22, 26, 13, 12, 10, 19, 21, 14, 8, 1,2.89273
1, 15, 2, 24, 23, 30, 29, 17, 4, 11, 31, 5, 27, 25, 28, 16, 18, 34, 6, 32, 20, 9, 33, 7, 3, 22, 26, 13, 12, 10, 19, 21, 14, 8, 1,2.89273
1, 15, 2, 24, 23, 30, 29, 17, 4, 11, 31, 5, 27, 25, 28, 16, 18, 34, 6, 32, 20, 9, 33, 7, 3, 22, 26, 13, 12, 10, 19, 21, 14, 8, 1,2.89273
1, 15, 2, 24, 23, 30, 29, 17, 4, 11, 31, 5, 27, 25, 28, 16, 18, 34, 6, 32, 20, 9, 33, 7, 3, 22, 26, 13, 12, 10, 19, 21, 14, 8, 1,2.89273
1, 15, 2, 24, 23, 30, 29, 17, 4, 11, 31, 5, 27, 25, 28, 16, 18, 34, 6, 32, 20, 9, 33, 7, 3, 22, 26, 13, 12, 10, 19, 21, 14, 8, 1,2.89273
1, 15, 2, 24, 23, 30, 29, 17, 4, 11, 31, 5, 27, 25, 28, 16, 18, 34, 6, 32, 20, 9, 33, 7, 3, 22, 26, 13, 12, 10, 19, 21, 14, 8, 1,2.89273
1, 15, 2, 24, 23, 30, 29, 17, 4, 11, 31, 5, 27, 25, 28, 16, 18, 34, 6, 32, 20, 9, 33, 7, 3, 22, 26, 13, 12, 10, 19, 21, 14, 8, 1,2.89273
1, 15, 2, 24, 23, 30, 29, 17, 4, 11, 31, 5, 27, 25, 28, 16, 18, 34, 6, 32, 20, 9, 33, 7, 3, 22, 26, 13, 12, 10, 19, 21, 14, 8, 1,2.89273
1, 15, 2, 24, 23, 30, 29, 17, 4, 11, 31, 5, 27, 25, 28, 16, 18, 34, 6, 32, 20, 9, 33, 7, 3, 22, 26, 13, 12, 10, 19, 21, 14, 8, 1,2.89273
1, 15, 2, 24, 23, 30, 29, 17, 4, 11, 31, 5, 27, 25, 28, 6, 18, 34, 16, 32, 20, 9, 33, 7, 3, 22, 26, 13, 12, 10, 19, 21, 14, 8, 1,2.88691
1, 15, 2, 24, 23, 30, 29, 17, 4, 11, 31, 5, 27, 25, 28, 16, 18, 34, 6, 32, 20, 9, 33, 7, 3, 22, 26, 13, 12, 10, 19, 21, 14, 8, 1,2.89273
1, 15, 2, 24, 23, 30, 29, 17, 4, 11, 31, 5, 27, 25, 28, 16, 18, 34, 6, 32, 20, 9, 33, 7, 3, 22, 26, 13, 12, 10, 19, 14, 21, 8, 1,2.65964
1, 15, 2, 24, 23, 30, 29, 17, 4, 11, 31, 5, 27, 25, 28, 16, 18, 34, 6, 32, 20, 9, 33, 7, 3, 22, 26, 13, 12, 10, 19, 21, 14, 8, 1,2.89273
1, 15, 2, 24, 23, 30, 29, 17, 4, 11, 31, 5, 27, 25, 28, 16, 18, 34, 6, 32, 20, 9, 33, 7, 3, 22, 26, 13, 12, 10, 19, 21, 14, 8, 1,2.89273
1, 15, 2, 24, 23, 30, 29, 17, 4, 11, 31, 5, 27, 25, 28, 16, 18, 34, 6, 32, 20, 9, 33, 7, 3, 22, 26, 13, 12, 10, 19, 21, 14, 8, 1,2.89273
1, 15, 2, 24, 23, 30, 29, 17, 4, 11, 31, 5, 27, 25, 28, 16, 18, 34, 6, 32, 20, 9, 33, 7, 3, 22, 26, 13, 12, 10, 19, 21, 14, 8, 1,2.89273
1, 15, 2, 24, 23, 30, 29, 17, 4, 11, 31, 5, 27, 25, 28, 16, 18, 34, 6, 32, 20, 9, 33, 7, 3, 22, 26, 13, 12, 10, 19, 21, 14, 8, 1,2.89273
1, 15, 2, 24, 23, 30, 29, 17, 4, 11, 31, 5, 27, 25, 28, 16, 18, 34, 6, 32, 20, 9, 33, 7, 3, 22, 26, 13, 12, 10, 19, 21, 14, 8, 1,2.89273
1, 15, 2, 24, 23, 30, 29, 17, 4, 11, 31, 5, 27, 25, 28, 16, 18, 34, 6, 32, 20, 9, 33, 7, 3, 22, 26, 13, 12, 10, 19, 21, 14, 8, 1,2.89273
1, 15, 2, 24, 23, 30, 29, 17, 4, 11, 31, 5, 27, 25, 28, 16, 18, 34, 6, 32, 20, 9, 33, 7, 3, 22, 26, 13, 12, 10, 19, 21, 14, 8, 1,2.89273
1, 15, 2, 24, 23, 30, 29, 17, 4, 11, 31, 5, 27, 25, 28, 16, 18, 34, 6, 32, 20, 9, 33, 7, 3, 22, 26, 13, 12, 10, 19, 21, 14, 8, 1,2.89273
1, 15, 2, 24, 23, 30, 29, 17, 4, 11, 31, 5, 27, 25, 28, 16, 18, 34, 6, 32, 20, 9, 33, 7, 3, 22, 26, 13, 12, 10, 19, 21, 14, 8, 1,2.89273
1, 15, 2, 24, 23, 30, 29, 17, 4, 11, 31, 5, 27, 25, 28, 16, 18, 34, 6, 32, 20, 9, 33, 7, 3, 22, 26, 13, 12, 10, 19, 21, 14, 8, 1,2.89273
1, 15, 2, 24, 23, 30, 29, 17, 4, 11, 31, 5, 27, 25, 28, 16, 18, 34, 6, 32, 20, 9, 33, 7, 3, 22, 26, 13, 12, 10, 19, 21, 14, 8, 1,2.89273
1, 15, 2, 24, 23, 30, 29, 17, 4, 11, 31, 5, 27, 25, 28, 16, 18, 34, 6, 32, 20, 9, 33, 7, 3, 22, 26, 13, 12, 10, 19, 21, 14, 8, 1,2.89273
1, 15, 2, 24, 23, 30, 29, 17, 4, 11, 31, 5, 27, 25, 28, 16, 18, 34, 6, 32, 20, 9, 33, 7, 3, 22, 26, 13, 12, 10, 19, 21, 14, 8, 1,2.89273
1, 15, 2, 24, 23, 30, 29, 17, 4, 11, 31, 5, 27, 25, 28, 16, 18, 34, 6, 32, 20, 9, 33, 7, 3, 22, 26, 13, 12, 10, 19, 21, 14, 8, 1,2.89273
1, 15, 2, 24, 23, 30, 29, 17, 4, 11, 31, 5, 27, 25, 28, 16, 18, 34, 6, 32, 20, 9, 33, 7, 3, 22, 26, 13, 12, 10, 19, 21, 14, 8, 1,2.89273
1, 15, 2, 24, 23, 30, 29, 17, 4, 11, 31, 5, 27, 25, 28, 16, 18, 34, 6, 32, 20, 9, 33, 7, 3, 22, 26, 13, 12, 10, 19, 21, 14, 8, 1,2.89273
1, 15, 2, 24, 23, 30, 29, 17, 4, 11, 31, 5, 27, 25, 28, 16, 18, 34, 6, 32, 20, 9, 33, 7, 3, 22, 26, 13, 12, 10, 19, 21, 14, 8, 1,2.89273
1, 15, 2, 24, 23, 30, 29, 17, 4, 11, 31, 5, 27, 25, 28, 16, 18, 34, 6, 32, 20, 9, 33, 7, 3, 22, 26, 13, 12, 10, 19, 21, 14, 8, 1,2.89273
1, 15, 2, 24, 23, 30, 29, 17, 4, 11, 31, 5, 27, 25, 28, 16, 34, 18, 6, 32, 20, 9, 33, 7, 3, 22, 26, 13, 12, 10, 19, 21, 14, 8, 1,2.89109
1, 15, 2, 24, 23, 30, 29, 17, 4, 11, 31, 5, 27, 25, 28, 16, 18, 34, 6, 20, 32, 9, 33, 7, 3, 22, 26, 13, 12, 10, 19, 21, 14, 8, 1,2.88151
1, 15, 2, 24, 23, 30, 29, 17, 4, 11, 31, 5, 27, 25, 28, 16, 18, 34, 6, 20, 32, 9, 33, 7, 3, 22, 26, 13, 12, 10, 19, 21, 14, 8, 1,2.88151
1, 15, 2, 24, 23, 30, 29, 17, 4, 11, 31, 5, 27, 25, 28, 16, 18, 34, 6, 20, 32, 9, 33, 7, 3, 22, 26, 13, 12, 10, 19, 21, 14, 8, 1,2.88151
1, 15, 2, 24, 23, 30, 29, 17, 4, 11, 31, 5, 27, 25, 28, 16, 18, 34, 6, 20, 32, 9, 33, 7, 3, 22, 26, 13, 12, 10, 19, 21, 14, 8, 1,2.88151
1, 15, 2, 24, 23, 30, 29, 17, 4, 11, 31, 5, 27, 25, 28, 18, 34, 16, 6, 32, 20, 9, 33, 7, 3, 22, 26, 13, 12, 10, 19, 21, 14, 8, 1,2.73223
1, 15, 2, 24, 23, 30, 29, 17, 4, 11, 31, 5, 27, 25, 28, 16, 34, 18, 6, 20, 32, 9, 33, 7, 3, 22, 26, 13, 12, 10, 19, 21, 14, 8, 1,2.87987
1, 15, 2, 24, 23, 30, 29, 17, 4, 11, 31, 5, 27, 25, 28, 16, 34, 18, 6, 20, 32, 9, 33, 7, 3, 22, 26, 13, 12, 10, 19, 21, 14, 8, 1,2.87987
1, 15, 2, 24, 23, 30, 29, 17, 4, 11, 31, 5, 27, 25, 28, 16, 34, 18, 6, 20, 32, 9, 33, 7, 3, 22, 26, 13, 12, 10, 19, 21, 14, 8, 1,2.87987
1, 15, 2, 24, 23, 30, 29, 17, 4, 11, 31, 5, 27, 25, 28, 16, 34, 18, 6, 20, 32, 9, 33, 7, 3, 22, 26, 13, 12, 10, 19, 21, 14, 8, 1,2.87987
1, 15, 2, 24, 23, 30, 29, 17, 4, 11, 31, 5, 27, 25, 28, 18, 34, 16, 6, 20, 32, 9, 33, 7, 3, 22, 26, 13, 12, 10, 19, 21, 14, 8, 1,2.72101
1, 15, 2, 24, 23, 30, 29, 17, 4, 11, 31, 5, 27, 25, 28, 18, 34, 16, 6, 20, 32, 9, 33, 7, 3, 22, 26, 13, 12, 10, 19, 21, 14, 8, 1,2.72101
1, 15, 2, 24, 23, 30, 29, 17, 4, 11, 31, 5, 27, 25, 28, 18, 34, 16, 6, 20, 32, 9, 33, 7, 3, 22, 26, 13, 12, 10, 19, 21, 14, 8, 1,2.72101
1, 15, 2, 24, 23, 30, 29, 17, 4, 11, 31, 5, 27, 25, 28, 18, 34, 16, 6, 20, 32, 9, 33, 7, 3, 22, 26, 13, 12, 10, 19, 21, 14, 8, 1,2.72101
1, 15, 2, 24, 23, 30, 29, 17, 4, 11, 31, 5, 27, 25, 28, 18, 16, 34, 6, 20, 32, 9, 33, 7, 3, 22, 26, 13, 12, 10, 19, 21, 14, 8, 1,2.70467
1, 15, 2, 24, 23, 30, 29, 17, 4, 11, 31, 5, 27, 25, 28, 18, 16, 34, 6, 20, 32, 9, 33, 7, 3, 22, 26, 13, 12, 10, 19, 21, 14, 8, 1,2.70467
1, 15, 2, 24, 23, 30, 29, 17, 4, 11, 31, 5, 27, 25, 28, 18, 16, 34, 6, 20, 32, 9, 33, 7, 3, 22, 26, 13, 12, 10, 19, 21, 14, 8, 1,2.70467
1, 15, 2, 24, 23, 30, 29, 17, 4, 11, 31, 5, 27, 25, 28, 18, 16, 34, 6, 20, 32, 9, 33, 7, 3, 22, 26, 13, 12, 10, 19, 21, 14, 8, 1,2.70467
1, 15, 2, 24, 23, 30, 29, 17, 4, 11, 31, 5, 27, 25, 28, 18, 16, 34, 6, 20, 32, 9, 33, 7, 3, 22, 26, 13, 12, 10, 19, 21, 14, 8, 1,2.70467
1, 15, 2, 24, 23, 30, 29, 17, 4, 11, 31, 5, 27, 25, 28, 18, 16, 34, 6, 20, 32, 9, 33, 7, 3, 22, 26, 13, 12, 10, 19, 21, 14, 8, 1,2.70467
1, 15, 2, 24, 23, 30, 29, 17, 4, 11, 31, 5, 27, 25, 28, 18, 16, 34, 6, 20, 32, 9, 33, 7, 3, 22, 26, 13, 12, 10, 19, 21, 14, 8, 1,2.70467
1, 15, 2, 24, 23, 30, 29, 17, 4, 11, 31, 5, 27, 25, 28, 18, 16, 34, 6, 20, 32, 9, 33, 7, 3, 22, 26, 13, 12, 10, 19, 21, 14, 8, 1,2.70467
1, 15, 2, 24, 23, 30, 29, 17, 4, 11, 31, 5, 27, 25, 28, 18, 16, 34, 6, 20, 32, 9, 33, 7, 3, 22, 26, 13, 12, 10, 19, 21, 14, 8, 1,2.70467
1, 15, 2, 24, 23, 30, 29, 17, 4, 11, 31, 5, 27, 25, 28, 18, 16, 34, 6, 20, 32, 9, 33, 7, 3, 22, 26, 13, 12, 10, 19, 21, 14, 8, 1,2.70467
1, 8, 14, 21, 19, 10, 12, 13, 26, 22, 3, 7, 33, 9, 32, 20, 6, 34, 16, 18, 28, 25, 27, 5, 31, 11, 4, 17, 29, 30, 23, 24, 2, 15, 1,2.70467
1, 15, 2, 24, 23, 30, 29, 17, 4, 11, 31, 5, 27, 25, 28, 18, 16, 34, 6, 20, 32, 9, 33, 7, 3, 22, 26, 13, 12, 10, 19, 14, 21, 8, 1,2.47157
1, 15, 2, 24, 23, 30, 29, 17, 4, 11, 31, 5, 27, 25, 28, 18, 16, 34, 6, 20, 32, 9, 33, 7, 3, 22, 26, 13, 12, 10, 19, 21, 14, 8, 1,2.70467
1, 15, 2, 24, 23, 30, 29, 17, 4, 11, 31, 5, 27, 25, 28, 18, 16, 34, 6, 20, 32, 9, 33, 7, 3, 22, 26, 13, 12, 10, 19, 21, 14, 8, 1,2.70467
1, 15, 2, 24, 23, 30, 29, 17, 4, 11, 31, 5, 27, 25, 28, 18, 16, 34, 6, 20, 32, 9, 33, 7, 3, 22, 26, 13, 12, 10, 19, 21, 14, 8, 1,2.70467
1, 15, 2, 24, 23, 30, 29, 17, 4, 11, 31, 5, 27, 25, 28, 18, 16, 34, 6, 20, 32, 9, 33, 7, 3, 22, 26, 13, 12, 10, 19, 21, 14, 8, 1,2.70467
1, 15, 2, 24, 23, 30, 29, 17, 4, 11, 31, 5, 27, 25, 28, 18, 16, 34, 6, 20, 32, 9, 33, 7, 3, 22, 26, 13, 12, 10, 19, 21, 14, 8, 1,2.70467
1, 15, 2, 24, 23, 30, 29, 17, 4, 11, 31, 5, 27, 25, 28, 18, 16, 34, 6, 20, 32, 9, 33, 7, 3, 22, 26, 13, 12, 10, 19, 21, 14, 8, 1,2.70467
1, 15, 2, 24, 23, 30, 29, 17, 4, 11, 31, 5, 27, 25, 28, 18, 16, 34, 6, 20, 32, 9, 33, 7, 3, 22, 26, 13, 12, 10, 19, 21, 14, 8, 1,2.70467
1, 15, 2, 24, 23, 30, 29, 17, 4, 11, 31, 5, 27, 25, 28, 18, 16, 34, 6, 20, 32, 9, 33, 7, 3, 22, 26, 13, 12, 10, 19, 21, 14, 8, 1,2.70467
1, 8, 14, 21, 19, 10, 12, 13, 26, 22, 3, 7, 33, 9, 32, 20, 6, 34, 16, 18, 28, 25, 27, 5, 31, 11, 4, 17, 29, 30, 23, 24, 2, 15, 1,2.70467
1, 8, 14, 21, 19, 10, 12, 13, 26, 22, 3, 7, 33, 9, 32, 20, 6, 34, 16, 18, 28, 25, 27, 5, 31, 11, 4, 17, 29, 30, 23, 24, 2, 15, 1,2.70467
1, 15, 2, 24, 23, 30, 29, 17, 4, 11, 31, 5, 27, 25, 28, 18, 16, 34, 6, 20, 32, 9, 33, 7, 3, 22, 26, 13, 12, 10, 19, 21, 14, 8, 1,2.70467
1, 8, 14, 21, 19, 10, 12, 13, 26, 22, 3, 7, 33, 9, 32, 20, 6, 34, 16, 18, 28, 25, 27, 5, 31, 11, 4, 17, 29, 30, 23, 24, 2, 15, 1,2.70467
1, 8, 14, 21, 19, 10, 12, 13, 26, 22, 3, 7, 33, 9, 32, 20, 6, 34, 16, 18, 28, 25, 27, 5, 31, 11, 4, 17, 29, 30, 23, 24, 2, 15, 1,2.70467
1, 8, 14, 21, 19, 10, 12, 13, 26, 22, 3, 7, 33, 9, 32, 20, 6, 34, 16, 18, 28, 25, 27, 5, 31, 11, 4, 17, 29, 30, 23, 24, 2, 15, 1,2.70467
1, 15, 2, 24, 23, 30, 29, 17, 4, 11, 31, 5, 27, 25, 28, 18, 16, 6, 34, 20, 32, 9, 33, 7, 3, 22, 26, 13, 12, 10, 19, 21, 14, 8, 1,2.69735
1, 15, 2, 24, 23, 30, 29, 17, 4, 11, 31, 5, 27, 25, 28, 18, 16, 6, 34, 20, 32, 9, 33, 7, 3, 22, 26, 13, 12, 10, 19, 21, 14, 8, 1,2.69735
1, 15, 2, 24, 23, 30, 29, 17, 4, 11, 31, 5, 27, 25, 28, 18, 16, 6, 34, 20, 32, 9, 33, 7, 3, 22, 26, 13, 12, 10, 19, 21, 14, 8, 1,2.69735
1, 15, 2, 24, 23, 30, 29, 17, 4, 11, 31, 5, 27, 25, 28, 18, 16, 6, 34, 20, 32, 9, 33, 7, 3, 22, 26, 13, 12, 10, 19, 21, 14, 8, 1,2.69735
1, 15, 2, 24, 23, 30, 29, 17, 4, 11, 31, 5, 27, 25, 28, 18, 16, 6, 34, 20, 32, 9, 33, 7, 3, 22, 26, 13, 12, 10, 19, 21, 14, 8, 1,2.69735
1, 15, 2, 24, 23, 30, 29, 17, 4, 11, 31, 5, 27, 25, 28, 18, 16, 6, 34, 20, 32, 9, 33, 7, 3, 22, 26, 13, 12, 10, 19, 21, 14, 8, 1,2.69735
1, 15, 2, 24, 23, 30, 29, 17, 4, 11, 31, 5, 27, 25, 28, 18, 16, 6, 34, 20, 32, 9, 33, 7, 3, 22, 26, 13, 12, 10, 19, 21, 14, 8, 1,2.69735
1, 15, 2, 24, 23, 30, 29, 17, 4, 11, 31, 5, 27, 25, 28, 18, 6, 16, 34, 20, 32, 9, 33, 7, 3, 22, 26, 13, 12, 10, 19, 21, 14, 8, 1,2.6957
1, 15, 2, 24, 23, 30, 29, 17, 4, 11, 31, 5, 27, 25, 28, 18, 6, 16, 34, 20, 32, 9, 33, 7, 3, 22, 26, 13, 12, 10, 19, 21, 14, 8, 1,2.6957
1, 15, 2, 24, 23, 30, 29, 17, 4, 11, 31, 5, 27, 25, 28, 18, 6, 16, 34, 20, 32, 9, 33, 7, 3, 22, 26, 13, 12, 10, 19, 21, 14, 8, 1,2.6957
1, 15, 2, 24, 23, 30, 29, 17, 4, 11, 31, 5, 27, 25, 28, 18, 6, 16, 34, 20, 32, 9, 33, 7, 3, 22, 26, 13, 12, 10, 19, 21, 14, 8, 1,2.6957
1, 15, 2, 24, 23, 30, 29, 17, 4, 11, 31, 5, 27, 25, 28, 18, 6, 16, 34, 20, 32, 9, 33, 7, 3, 22, 26, 13, 12, 10, 19, 21, 14, 8, 1,2.6957
1, 15, 2, 24, 23, 30, 29, 17, 4, 11, 31, 5, 27, 25, 28, 18, 6, 16, 34, 20, 32, 9, 33, 7, 3, 22, 26, 13, 12, 10, 19, 21, 14, 8, 1,2.6957
1, 15, 2, 24, 23, 30, 29, 17, 4, 11, 31, 5, 27, 25, 28, 18, 6, 16, 34, 20, 32, 9, 33, 7, 3, 22, 26, 13, 12, 10, 19, 21, 14, 8, 1,2.6957
1, 15, 2, 24, 23, 30, 29, 17, 4, 11, 31, 5, 27, 25, 28, 18, 6, 16, 34, 20, 32, 9, 33, 7, 3, 22, 26, 13, 12, 10, 19, 14, 21, 8, 1,2.46261
1, 15, 2, 24, 23, 30, 29, 17, 4, 11, 31, 5, 27, 25, 28, 18, 6, 16, 34, 20, 32, 9, 33, 7, 3, 22, 26, 13, 12, 10, 19, 21, 14, 8, 1,2.6957
1, 15, 2, 24, 23, 30, 29, 17, 4, 11, 31, 5, 27, 25, 28, 18, 6, 16, 34, 20, 32, 9, 33, 7, 3, 22, 26, 13, 12, 10, 19, 21, 14, 8, 1,2.6957
1, 15, 2, 24, 23, 30, 29, 17, 4, 11, 31, 5, 27, 25, 28, 18, 6, 16, 34, 20, 32, 9, 33, 7, 3, 22, 26, 13, 12, 10, 19, 21, 14, 8, 1,2.6957
1, 15, 2, 24, 23, 30, 29, 17, 4, 11, 31, 5, 27, 25, 28, 18, 6, 16, 34, 20, 32, 9, 33, 7, 3, 22, 26, 13, 12, 10, 19, 21, 14, 8, 1,2.6957
1, 15, 2, 24, 23, 30, 29, 17, 4, 11, 31, 5, 27, 25, 28, 18, 6, 16, 34, 20, 32, 9, 33, 7, 3, 22, 26, 13, 12, 10, 19, 21, 14, 8, 1,2.6957
1, 15, 2, 24, 23, 30, 29, 17, 4, 11, 31, 5, 27, 25, 28, 18, 6, 16, 34, 20, 32, 9, 33, 7, 3, 22, 26, 13, 12, 10, 19, 21, 14, 8, 1,2.6957
1, 15, 2, 24, 23, 30, 29, 17, 4, 11, 31, 5, 27, 25, 28, 18, 6, 16, 34, 20, 32, 9, 33, 7, 3, 22, 26, 13, 12, 10, 19, 21, 14, 8, 1,2.6957
1, 15, 2, 24, 23, 30, 29, 17, 4, 11, 31, 5, 27, 25, 28, 18, 6, 16, 34, 20, 32, 9, 33, 7, 3, 22, 26, 13, 12, 10, 19, 21, 14, 8, 1,2.6957
1, 8, 14, 21, 19, 10, 12, 13, 26, 22, 3, 7, 33, 9, 32, 20, 34, 16, 6, 18, 28, 25, 27, 5, 31, 11, 4, 17, 29, 30, 23, 24, 2, 15, 1,2.6957
1, 8, 14, 21, 19, 10, 12, 13, 26, 22, 3, 7, 33, 9, 32, 20, 34, 16, 6, 18, 28, 25, 27, 5, 31, 11, 4, 17, 29, 30, 23, 24, 2, 15, 1,2.6957
1, 8, 14, 21, 19, 10, 12, 13, 26, 22, 3, 7, 33, 9, 32, 20, 34, 16, 6, 18, 28, 25, 27, 5, 31, 11, 4, 17, 29, 30, 23, 24, 2, 15, 1,2.6957
1, 15, 2, 24, 23, 30, 29, 17, 4, 11, 31, 5, 27, 25, 28, 18, 6, 16, 34, 20, 32, 9, 33, 7, 3, 22, 26, 13, 12, 10, 19, 21, 14, 8, 1,2.6957
1, 15, 2, 24, 23, 30, 29, 17, 4, 11, 31, 5, 27, 25, 28, 18, 6, 16, 34, 20, 32, 9, 33, 7, 3, 22, 26, 13, 12, 10, 19, 21, 14, 8, 1,2.6957
1, 15, 2, 24, 23, 30, 29, 17, 4, 11, 31, 5, 27, 25, 28, 18, 6, 16, 34, 20, 32, 9, 33, 7, 3, 22, 26, 13, 12, 10, 19, 14, 21, 8, 1,2.46261
1, 15, 2, 24, 23, 30, 29, 17, 4, 11, 31, 5, 27, 25, 28, 18, 6, 16, 34, 20, 32, 9, 33, 7, 3, 22, 26, 13, 12, 10, 19, 14, 21, 8, 1,2.46261
1, 15, 2, 24, 23, 30, 29, 17, 4, 11, 31, 5, 27, 25, 28, 18, 6, 16, 34, 20, 32, 9, 33, 7, 3, 22, 26, 13, 12, 10, 19, 14, 21, 8, 1,2.46261
1, 15, 2, 24, 23, 30, 29, 17, 4, 11, 31, 5, 27, 25, 28, 18, 6, 16, 34, 20, 32, 9, 33, 7, 3, 22, 26, 13, 12, 10, 19, 14, 21, 8, 1,2.46261
1, 15, 2, 24, 23, 30, 29, 17, 4, 11, 31, 5, 27, 25, 28, 18, 6, 16, 34, 20, 32, 9, 33, 7, 3, 22, 26, 13, 12, 10, 19, 14, 21, 8, 1,2.46261
1, 15, 2, 24, 23, 30, 29, 17, 4, 11, 31, 5, 27, 25, 28, 18, 6, 16, 34, 20, 32, 9, 33, 7, 3, 22, 26, 13, 12, 10, 19, 14, 21, 8, 1,2.46261
1, 15, 2, 24, 23, 30, 29, 17, 4, 11, 31, 5, 27, 25, 28, 18, 6, 16, 34, 20, 32, 9, 33, 7, 3, 22, 26, 13, 12, 10, 19, 14, 21, 8, 1,2.46261
1, 8, 21, 14, 19, 10, 12, 13, 26, 22, 3, 7, 33, 9, 32, 20, 34, 16, 6, 18, 28, 25, 27, 5, 31, 11, 4, 17, 29, 30, 23, 24, 2, 15, 1,2.46261
1, 8, 21, 14, 19, 10, 12, 13, 26, 22, 3, 7, 33, 9, 32, 20, 34, 16, 6, 18, 28, 25, 27, 5, 31, 11, 4, 17, 29, 30, 23, 24, 2, 15, 1,2.46261
1, 8, 21, 14, 19, 10, 12, 13, 26, 22, 3, 7, 33, 9, 32, 20, 34, 16, 6, 18, 28, 25, 27, 5, 31, 11, 4, 17, 29, 30, 23, 24, 2, 15, 1,2.46261
1, 8, 21, 14, 19, 10, 12, 13, 26, 22, 3, 7, 33, 9, 32, 20, 34, 16, 6, 18, 28, 25, 27, 5, 31, 11, 4, 17, 29, 30, 23, 24, 2, 15, 1,2.46261
1, 8, 21, 14, 19, 10, 12, 13, 26, 22, 3, 7, 33, 9, 32, 20, 34, 16, 6, 18, 28, 25, 27, 5, 31, 11, 4, 17, 29, 30, 23, 24, 2, 15, 1,2.46261
1, 8, 21, 14, 19, 10, 12, 13, 26, 22, 3, 7, 33, 9, 32, 20, 34, 16, 6, 18, 28, 25, 27, 5, 31, 11, 4, 17, 29, 30, 23, 24, 2, 15, 1,2.46261
1, 8, 21, 14, 19, 10, 12, 13, 26, 22, 3, 7, 33, 9, 32, 20, 34, 16, 6, 18, 28, 25, 27, 5, 31, 11, 4, 17, 29, 30, 23, 24, 2, 15, 1,2.46261
1, 15, 2, 24, 23, 30, 29, 17, 4, 11, 31, 5, 27, 25, 28, 18, 6, 16, 34, 20, 32, 9, 33, 7, 3, 22, 26, 13, 12, 10, 19, 14, 21, 8, 1,2.46261
1, 15, 2, 24, 23, 30, 29, 17, 4, 11, 31, 5, 27, 25, 28, 18, 6, 16, 34, 20, 32, 9, 33, 7, 3, 22, 26, 13, 12, 10, 19, 14, 21, 8, 1,2.46261
1, 8, 21, 14, 19, 10, 12, 13, 26, 22, 3, 7, 33, 9, 32, 20, 34, 16, 6, 18, 28, 25, 27, 5, 31, 11, 4, 17, 29, 30, 23, 24, 2, 15, 1,2.46261
1, 8, 21, 14, 19, 10, 12, 13, 26, 22, 3, 7, 33, 9, 32, 20, 34, 16, 6, 18, 28, 25, 27, 5, 31, 11, 4, 17, 29, 30, 23, 24, 2, 15, 1,2.46261
1, 8, 21, 14, 19, 10, 12, 13, 26, 22, 3, 7, 33, 9, 32, 20, 34, 16, 6, 18, 28, 25, 27, 5, 31, 11, 4, 17, 29, 30, 23, 24, 2, 15, 1,2.46261
1, 15, 2, 24, 23, 30, 29, 17, 4, 11, 31, 5, 27, 25, 28, 18, 6, 16, 34, 20, 32, 9, 33, 7, 3, 22, 26, 13, 12, 10, 19, 14, 21, 8, 1,2.46261
1, 15, 2, 24, 23, 30, 29, 17, 4, 11, 31, 5, 27, 25, 28, 18, 6, 16, 34, 20, 32, 9, 33, 7, 3, 22, 26, 13, 12, 10, 19, 14, 21, 8, 1,2.46261
1, 15, 2, 24, 23, 30, 29, 17, 4, 11, 31, 5, 27, 25, 28, 18, 6, 16, 34, 20, 32, 9, 33, 7, 3, 22, 26, 13, 12, 10, 19, 14, 21, 8, 1,2.46261
1, 15, 2, 24, 23, 30, 29, 17, 4, 11, 31, 5, 27, 25, 28, 18, 6, 16, 34, 20, 32, 9, 33, 7, 3, 22, 26, 13, 12, 10, 19, 14, 21, 8, 1,2.46261
1, 15, 2, 24, 23, 30, 29, 17, 4, 11, 31, 5, 27, 25, 28, 18, 6, 16, 34, 20, 32, 9, 33, 7, 3, 22, 26, 13, 12, 10, 19, 14, 21, 8, 1,2.46261
1, 8, 21, 14, 19, 10, 12, 13, 26, 22, 3, 7, 33, 9, 32, 20, 34, 16, 6, 18, 28, 25, 27, 5, 31, 11, 4, 17, 29, 30, 23, 24, 2, 15, 1,2.46261
1, 8, 21, 14, 19, 10, 12, 13, 26, 22, 3, 7, 33, 9, 32, 20, 34, 16, 6, 18, 28, 25, 27, 5, 31, 11, 4, 17, 29, 30, 23, 24, 2, 15, 1,2.46261
1, 8, 21, 14, 19, 10, 12, 13, 26, 22, 3, 7, 33, 9, 32, 20, 34, 16, 6, 18, 28, 25, 27, 5, 31, 11, 4, 17, 29, 30, 23, 24, 2, 15, 1,2.46261
1, 8, 21, 14, 19, 10, 12, 13, 26, 22, 3, 7, 33, 9, 32, 20, 34, 16, 6, 18, 28, 25, 27, 5, 31, 11, 4, 17, 29, 30, 23, 24, 2, 15, 1,2.46261
1, 15, 2, 24, 23, 30, 29, 17, 4, 11, 31, 5, 27, 25, 28, 18, 6, 16, 34, 20, 32, 9, 33, 7, 3, 22, 26, 13, 12, 10, 19, 14, 21, 8, 1,2.46261
1, 15, 2, 24, 23, 30, 29, 17, 4, 11, 31, 5, 27, 25, 28, 18, 6, 16, 34, 20, 32, 9, 33, 7, 3, 22, 26, 13, 12, 10, 19, 14, 21, 8, 1,2.46261
1, 15, 2, 24, 23, 30, 29, 17, 4, 11, 31, 5, 27, 25, 28, 18, 6, 16, 34, 20, 32, 9, 33, 7, 3, 22, 26, 13, 12, 10, 19, 14, 21, 8, 1,2.46261
1, 15, 2, 24, 23, 30, 29, 17, 4, 11, 31, 5, 27, 25, 28, 18, 6, 16, 34, 20, 32, 9, 33, 7, 3, 22, 26, 13, 12, 10, 19, 14, 21, 8, 1,2.46261
1, 15, 2, 24, 23, 30, 29, 17, 4, 11, 31, 5, 27, 25, 28, 18, 6, 16, 34, 20, 32, 9, 33, 7, 3, 22, 26, 13, 12, 10, 19, 14, 21, 8, 1,2.46261
1, 15, 2, 24, 23, 30, 29, 17, 4, 11, 31, 5, 27, 25, 28, 18, 6, 16, 34, 20, 32, 9, 33, 7, 3, 22, 26, 13, 12, 10, 19, 14, 21, 8, 1,2.46261
1, 15, 2, 24, 23, 30, 29, 17, 4, 11, 31, 5, 27, 25, 28, 18, 6, 16, 34, 20, 32, 9, 33, 7, 3, 22, 26, 13, 12, 10, 19, 14, 21, 8, 1,2.46261
1, 15, 2, 24, 23, 30, 29, 17, 4, 11, 31, 5, 27, 25, 28, 18, 6, 16, 34, 20, 32, 9, 33, 7, 3, 22, 26, 13, 12, 10, 19, 14, 21, 8, 1,2.46261
1, 8, 21, 14, 19, 10, 12, 13, 26, 22, 3, 7, 33, 9, 32, 20, 34, 16, 6, 18, 28, 25, 27, 5, 31, 11, 4, 17, 29, 30, 23, 24, 2, 15, 1,2.46261
1, 8, 21, 14, 19, 10, 12, 13, 26, 22, 3, 7, 33, 9, 32, 20, 34, 16, 6, 18, 28, 25, 27, 5, 31, 11, 4, 17, 29, 30, 23, 24, 2, 15, 1,2.46261
1, 15, 2, 24, 23, 30, 29, 17, 4, 11, 31, 5, 27, 25, 28, 18, 6, 16, 34, 20, 32, 9, 33, 7, 3, 22, 26, 13, 12, 10, 19, 14, 21, 8, 1,2.46261
1, 15, 2, 24, 23, 30, 29, 17, 4, 11, 31, 5, 27, 25, 28, 18, 6, 16, 34, 20, 32, 9, 33, 7, 3, 22, 26, 13, 12, 10, 19, 14, 21, 8, 1,2.46261
1, 15, 2, 24, 23, 30, 29, 17, 4, 11, 31, 5, 27, 25, 28, 18, 6, 16, 34, 20, 32, 9, 33, 7, 3, 22, 26, 13, 12, 10, 19, 14, 21, 8, 1,2.46261
1, 15, 2, 24, 23, 30, 29, 17, 4, 11, 31, 5, 27, 25, 28, 18, 6, 16, 34, 20, 32, 9, 33, 7, 3, 22, 26, 13, 12, 10, 19, 14, 21, 8, 1,2.46261
1, 15, 2, 24, 23, 30, 29, 17, 4, 11, 31, 5, 27, 25, 28, 18, 6, 16, 34, 20, 32, 9, 33, 7, 3, 22, 26, 13, 12, 10, 19, 14, 21, 8, 1,2.46261
1, 15, 2, 24, 23, 30, 29, 17, 4, 11, 31, 5, 27, 25, 28, 18, 6, 16, 34, 20, 32, 9, 33, 7, 3, 22, 26, 13, 12, 10, 19, 14, 21, 8, 1,2.46261
1, 15, 2, 24, 23, 30, 29, 17, 4, 11, 31, 5, 27, 25, 28, 18, 6, 16, 34, 20, 32, 9, 33, 7, 3, 22, 26, 13, 12, 10, 19, 14, 21, 8, 1,2.46261
1, 15, 2, 24, 23, 30, 29, 17, 4, 11, 31, 5, 27, 25, 28, 18, 6, 16, 34, 20, 32, 9, 33, 7, 3, 22, 26, 13, 12, 10, 19, 14, 21, 8, 1,2.46261
1, 15, 2, 24, 23, 30, 29, 17, 4, 11, 31, 5, 27, 25, 28, 18, 6, 16, 34, 20, 32, 9, 33, 7, 3, 22, 26, 13, 12, 10, 19, 14, 21, 8, 1,2.46261
1, 8, 21, 14, 19, 10, 12, 13, 26, 22, 3, 7, 33, 9, 32, 20, 34, 16, 6, 18, 28, 25, 27, 5, 31, 11, 4, 17, 29, 30, 23, 24, 2, 15, 1,2.46261
1, 8, 21, 14, 19, 10, 12, 13, 26, 22, 3, 7, 33, 9, 32, 20, 34, 16, 6, 18, 28, 25, 27, 5, 31, 11, 4, 17, 29, 30, 23, 24, 2, 15, 1,2.46261
1, 15, 2, 24, 23, 30, 29, 17, 4, 11, 31, 5, 27, 25, 28, 18, 6, 16, 34, 20, 32, 9, 33, 7, 3, 22, 26, 13, 12, 10, 19, 14, 21, 8, 1,2.46261
1, 15, 2, 24, 23, 30, 29, 17, 4, 11, 31, 5, 27, 25, 28, 18, 6, 16, 34, 20, 32, 9, 33, 7, 3, 22, 26, 13, 12, 10, 19, 14, 21, 8, 1,2.46261
1, 15, 2, 24, 23, 30, 29, 17, 4, 11, 31, 5, 27, 25, 28, 18, 6, 16, 34, 20, 32, 9, 33, 7, 3, 22, 26, 13, 12, 10, 19, 14, 21, 8, 1,2.46261
1, 15, 2, 24, 23, 30, 29, 17, 4, 11, 31, 5, 27, 25, 28, 18, 6, 16, 34, 20, 32, 9, 33, 7, 3, 22, 26, 13, 12, 10, 19, 14, 21, 8, 1,2.46261
1, 8, 21, 14, 19, 10, 12, 13, 26, 22, 3, 7, 33, 9, 32, 20, 34, 16, 6, 18, 28, 25, 27, 5, 31, 11, 4, 17, 29, 30, 23, 24, 2, 15, 1,2.46261
1, 15, 2, 24, 23, 30, 29, 17, 4, 11, 31, 5, 27, 25, 28, 18, 6, 16, 34, 20, 32, 9, 33, 7, 3, 22, 26, 13, 12, 10, 19, 14, 21, 8, 1,2.46261
1, 8, 21, 14, 19, 10, 12, 13, 26, 22, 3, 7, 33, 9, 32, 20, 34, 16, 6, 18, 28, 25, 27, 5, 31, 11, 4, 17, 29, 30, 23, 24, 2, 15, 1,2.46261
1, 15, 2, 24, 23, 30, 29, 17, 4, 11, 31, 5, 27, 25, 28, 18, 6, 16, 34, 20, 32, 9, 33, 7, 3, 22, 26, 13, 12, 10, 19, 14, 21, 8, 1,2.46261
1, 15, 2, 24, 23, 30, 29, 17, 4, 11, 31, 5, 27, 25, 28, 18, 6, 16, 34, 20, 32, 9, 33, 7, 3, 22, 26, 13, 12, 10, 19, 14, 21, 8, 1,2.46261
1, 15, 2, 24, 23, 30, 29, 17, 4, 11, 31, 5, 27, 25, 28, 18, 6, 16, 34, 20, 32, 9, 33, 7, 3, 22, 26, 13, 12, 10, 19, 14, 21, 8, 1,2.46261
1, 8, 21, 14, 19, 10, 12, 13, 26, 22, 3, 7, 33, 9, 32, 20, 34, 16, 6, 18, 28, 25, 27, 5, 31, 11, 4, 17, 29, 30, 23, 24, 2, 15, 1,2.46261
1, 8, 21, 14, 19, 10, 12, 13, 26, 22, 3, 7, 33, 9, 32, 20, 34, 16, 6, 18, 28, 25, 27, 5, 31, 11, 4, 17, 29, 30, 23, 24, 2, 15, 1,2.46261
1, 15, 2, 24, 23, 30, 29, 17, 4, 11, 31, 5, 27, 25, 28, 18, 6, 16, 34, 20, 32, 9, 33, 7, 3, 22, 26, 13, 12, 10, 19, 14, 21, 8, 1,2.46261
1, 15, 2, 24, 23, 30, 29, 17, 4, 11, 31, 5, 27, 25, 28, 18, 6, 16, 34, 20, 32, 9, 33, 7, 3, 22, 26, 13, 12, 10, 19, 14, 21, 8, 1,2.46261
1, 15, 2, 24, 23, 30, 29, 17, 4, 11, 31, 5, 27, 25, 28, 18, 6, 16, 34, 20, 32, 9, 33, 7, 3, 22, 26, 13, 12, 10, 19, 14, 21, 8, 1,2.46261
1, 15, 2, 24, 23, 30, 29, 17, 4, 11, 31, 5, 27, 25, 28, 18, 6, 16, 34, 20, 32, 9, 33, 7, 3, 22, 26, 13, 12, 10, 19, 14, 21, 8, 1,2.46261
1, 15, 2, 24, 23, 30, 29, 17, 4, 11, 31, 5, 27, 25, 28, 18, 6, 16, 34, 20, 32, 9, 33, 7, 3, 22, 26, 13, 12, 10, 19, 14, 21, 8, 1,2.46261
1, 15, 2, 24, 23, 30, 29, 17, 4, 11, 31, 5, 27, 25, 28, 18, 6, 16, 34, 20, 32, 9, 33, 7, 3, 22, 26, 13, 12, 10, 19, 14, 21, 8, 1,2.46261
1, 8, 21, 14, 19, 10, 12, 13, 26, 22, 3, 7, 33, 9, 32, 20, 34, 16, 6, 18, 28, 25, 27, 5, 31, 11, 4, 17, 29, 30, 23, 24, 2, 15, 1,2.46261
1, 15, 2, 24, 23, 30, 29, 17, 4, 11, 31, 5, 27, 25, 28, 18, 6, 16, 34, 20, 32, 9, 33, 7, 3, 22, 26, 13, 12, 10, 19, 14, 21, 8, 1,2.46261
1, 15, 2, 24, 23, 30, 29, 17, 4, 11, 31, 5, 27, 25, 28, 18, 6, 16, 34, 20, 32, 9, 33, 7, 3, 22, 26, 13, 12, 10, 19, 14, 21, 8, 1,2.46261
1, 15, 2, 24, 23, 30, 29, 17, 4, 11, 31, 5, 27, 25, 28, 18, 6, 16, 34, 20, 32, 9, 33, 7, 3, 22, 26, 13, 12, 10, 19, 14, 21, 8, 1,2.46261
1, 15, 2, 24, 23, 30, 29, 17, 4, 11, 31, 5, 27, 25, 28, 18, 6, 16, 34, 20, 32, 9, 33, 7, 3, 22, 26, 13, 12, 10, 19, 14, 21, 8, 1,2.46261
1, 8, 21, 14, 19, 10, 12, 13, 26, 22, 3, 7, 33, 9, 32, 20, 34, 16, 6, 18, 28, 25, 27, 5, 31, 11, 4, 17, 29, 30, 23, 24, 2, 15, 1,2.46261
1, 8, 21, 14, 19, 10, 12, 13, 26, 22, 3, 7, 33, 9, 32, 20, 34, 16, 6, 18, 28, 25, 27, 5, 31, 11, 4, 17, 29, 30, 23, 24, 2, 15, 1,2.46261
1, 8, 21, 14, 19, 10, 12, 13, 26, 22, 3, 7, 33, 9, 32, 20, 34, 16, 6, 18, 28, 25, 27, 5, 31, 11, 4, 17, 29, 30, 23, 24, 2, 15, 1,2.46261
1, 15, 2, 24, 23, 30, 29, 17, 4, 11, 31, 5, 27, 25, 28, 18, 6, 16, 34, 20, 32, 9, 33, 7, 3, 22, 26, 13, 12, 10, 19, 14, 21, 8, 1,2.46261
1, 15, 2, 24, 23, 30, 29, 17, 4, 11, 31, 5, 27, 25, 28, 18, 6, 16, 34, 20, 32, 9, 33, 7, 3, 22, 26, 13, 12, 10, 19, 14, 21, 8, 1,2.46261
1, 15, 2, 24, 23, 30, 29, 17, 4, 11, 31, 5, 27, 25, 28, 18, 6, 16, 34, 20, 32, 9, 33, 7, 3, 22, 26, 13, 12, 10, 19, 14, 21, 8, 1,2.46261
1, 15, 2, 24, 23, 30, 29, 17, 4, 11, 31, 5, 27, 25, 28, 18, 6, 16, 34, 20, 32, 9, 33, 7, 3, 22, 26, 13, 12, 10, 19, 14, 21, 8, 1,2.46261
1, 15, 2, 24, 23, 30, 29, 17, 4, 11, 31, 5, 27, 25, 28, 18, 6, 16, 34, 20, 32, 9, 33, 7, 3, 22, 26, 13, 12, 10, 19, 14, 21, 8, 1,2.46261
1, 8, 21, 14, 19, 10, 12, 13, 26, 22, 3, 7, 33, 9, 32, 20, 34, 16, 6, 18, 28, 25, 27, 5, 31, 11, 4, 17, 29, 30, 23, 24, 2, 15, 1,2.46261
1, 15, 2, 24, 23, 30, 29, 17, 4, 11, 31, 5, 27, 25, 28, 18, 6, 16, 34, 20, 32, 9, 33, 7, 3, 22, 26, 13, 12, 10, 19, 14, 21, 8, 1,2.46261
1, 8, 21, 14, 19, 10, 12, 13, 26, 22, 3, 7, 33, 9, 32, 20, 34, 16, 6, 18, 28, 25, 27, 5, 31, 11, 4, 17, 29, 30, 23, 24, 2, 15, 1,2.46261
1, 8, 21, 14, 19, 10, 12, 13, 26, 22, 3, 7, 33, 9, 32, 20, 34, 16, 6, 18, 28, 25, 27, 5, 31, 11, 4, 17, 29, 30, 23, 24, 2, 15, 1,2.46261
1, 15, 2, 24, 23, 30, 29, 17, 4, 11, 31, 5, 27, 25, 28, 18, 6, 16, 34, 20, 32, 9, 33, 7, 3, 22, 26, 13, 12, 10, 19, 14, 21, 8, 1,2.46261
1, 8, 21, 14, 19, 10, 12, 13, 26, 22, 3, 7, 33, 9, 32, 20, 34, 16, 6, 18, 28, 25, 27, 5, 31, 11, 4, 17, 29, 30, 23, 24, 2, 15, 1,2.46261
1, 8, 21, 14, 19, 10, 12, 13, 26, 22, 3, 7, 33, 9, 32, 20, 34, 16, 6, 18, 28, 25, 27, 5, 31, 11, 4, 17, 29, 30, 23, 24, 2, 15, 1,2.46261
1, 8, 21, 14, 19, 10, 12, 13, 26, 22, 3, 7, 33, 9, 32, 20, 34, 16, 6, 18, 28, 25, 27, 5, 31, 11, 4, 17, 29, 30, 23, 24, 2, 15, 1,2.46261
1, 8, 21, 14, 19, 10, 12, 13, 26, 22, 3, 7, 33, 9, 32, 20, 34, 16, 6, 18, 28, 25, 27, 5, 31, 11, 4, 17, 29, 30, 23, 24, 2, 15, 1,2.46261
1, 15, 2, 24, 23, 30, 29, 17, 4, 11, 31, 5, 27, 25, 28, 18, 6, 16, 34, 20, 32, 9, 33, 7, 3, 22, 26, 13, 12, 10, 19, 14, 21, 8, 1,2.46261
1, 15, 2, 24, 23, 30, 29, 17, 4, 11, 31, 5, 27, 25, 28, 18, 6, 16, 34, 20, 32, 9, 33, 7, 3, 22, 26, 13, 12, 10, 19, 14, 21, 8, 1,2.46261
1, 15, 2, 24, 23, 30, 29, 17, 4, 11, 31, 5, 27, 25, 28, 18, 6, 16, 34, 20, 32, 9, 33, 7, 3, 22, 26, 13, 12, 10, 19, 14, 21, 8, 1,2.46261
1, 15, 2, 24, 23, 30, 29, 17, 4, 11, 31, 5, 27, 25, 28, 18, 6, 16, 34, 20, 32, 9, 33, 7, 3, 22, 26, 13, 12, 10, 19, 14, 21, 8, 1,2.46261
1, 15, 2, 24, 23, 30, 29, 17, 4, 11, 31, 5, 27, 25, 28, 18, 6, 16, 34, 20, 32, 9, 33, 7, 3, 22, 26, 13, 12, 10, 19, 14, 21, 8, 1,2.46261
1, 8, 21, 14, 19, 10, 12, 13, 26, 22, 3, 7, 33, 9, 32, 20, 34, 16, 6, 18, 28, 25, 27, 5, 31, 11, 4, 17, 29, 30, 23, 24, 2, 15, 1,2.46261
1, 8, 21, 14, 19, 10, 12, 13, 26, 22, 3, 7, 33, 9, 32, 20, 34, 16, 6, 18, 28, 25, 27, 5, 31, 11, 4, 17, 29, 30, 23, 24, 2, 15, 1,2.46261
1, 15, 2, 24, 23, 30, 29, 17, 4, 11, 31, 5, 27, 25, 28, 18, 6, 16, 34, 20, 32, 9, 33, 7, 3, 22, 26, 13, 12, 10, 19, 14, 21, 8, 1,2.46261
1, 15, 2, 24, 23, 30, 29, 17, 4, 11, 31, 5, 27, 25, 28, 18, 6, 16, 34, 20, 32, 9, 33, 7, 3, 22, 26, 13, 12, 10, 19, 14, 21, 8, 1,2.46261
1, 15, 2, 24, 23, 30, 29, 17, 4, 11, 31, 5, 27, 25, 28, 18, 6, 16, 34, 20, 32, 9, 33, 7, 3, 22, 26, 13, 12, 10, 19, 14, 21, 8, 1,2.46261
1, 15, 2, 24, 23, 30, 29, 17, 4, 11, 31, 5, 27, 25, 28, 18, 6, 16, 34, 20, 32, 9, 33, 7, 3, 22, 26, 13, 12, 10, 19, 14, 21, 8, 1,2.46261
1, 15, 2, 24, 23, 30, 29, 17, 4, 11, 31, 5, 27, 25, 28, 18, 6, 16, 34, 20, 32, 9, 33, 7, 3, 22, 26, 13, 12, 10, 19, 14, 21, 8, 1,2.46261
1, 15, 2, 24, 23, 30, 29, 17, 4, 11, 31, 5, 27, 25, 28, 18, 6, 16, 34, 20, 32, 9, 33, 7, 3, 22, 26, 13, 12, 10, 19, 14, 21, 8, 1,2.46261
1, 15, 2, 24, 23, 30, 29, 17, 4, 11, 31, 5, 27, 25, 28, 18, 6, 16, 34, 20, 32, 9, 33, 7, 3, 22, 26, 13, 12, 10, 19, 14, 21, 8, 1,2.46261
1, 15, 2, 24, 23, 30, 29, 17, 4, 11, 31, 5, 27, 25, 28, 18, 6, 16, 34, 20, 32, 9, 33, 7, 3, 22, 26, 13, 12, 10, 19, 14, 21, 8, 1,2.46261
1, 15, 2, 24, 23, 30, 29, 17, 4, 11, 31, 5, 27, 25, 28, 18, 6, 16, 34, 20, 32, 9, 33, 7, 3, 22, 26, 13, 12, 10, 19, 14, 21, 8, 1,2.46261
1, 15, 2, 24, 23, 30, 29, 17, 4, 11, 31, 5, 27, 25, 28, 18, 6, 16, 34, 20, 32, 9, 33, 7, 3, 22, 26, 13, 12, 10, 19, 14, 21, 8, 1,2.46261
1, 15, 2, 24, 23, 30, 29, 17, 4, 11, 31, 5, 27, 25, 28, 18, 6, 16, 34, 20, 32, 9, 33, 7, 3, 22, 26, 13, 12, 10, 19, 14, 21, 8, 1,2.46261
1, 8, 21, 14, 19, 10, 12, 13, 26, 22, 3, 7, 33, 9, 32, 20, 34, 16, 6, 18, 28, 25, 27, 5, 31, 11, 4, 17, 29, 30, 23, 24, 2, 15, 1,2.46261
1, 8, 21, 14, 19, 10, 12, 13, 26, 22, 3, 7, 33, 9, 32, 20, 34, 16, 6, 18, 28, 25, 27, 5, 31, 11, 4, 17, 29, 30, 23, 24, 2, 15, 1,2.46261
1, 8, 21, 14, 19, 10, 12, 13, 26, 22, 3, 7, 33, 9, 32, 20, 34, 16, 6, 18, 28, 25, 27, 5, 31, 11, 4, 17, 29, 30, 23, 24, 2, 15, 1,2.46261
1, 15, 2, 24, 23, 30, 29, 17, 4, 11, 31, 5, 27, 25, 28, 18, 6, 16, 34, 20, 32, 9, 33, 7, 3, 22, 26, 13, 12, 10, 19, 14, 21, 8, 1,2.46261
1, 15, 2, 24, 23, 30, 29, 17, 4, 11, 31, 5, 27, 25, 28, 18, 6, 16, 34, 20, 32, 9, 33, 7, 3, 22, 26, 13, 12, 10, 19, 14, 21, 8, 1,2.46261
1, 15, 2, 24, 23, 30, 29, 17, 4, 11, 31, 5, 27, 25, 28, 18, 6, 16, 34, 20, 32, 9, 33, 7, 3, 22, 26, 13, 12, 10, 19, 14, 21, 8, 1,2.46261
1, 15, 2, 24, 23, 30, 29, 17, 4, 11, 31, 5, 27, 25, 28, 18, 6, 16, 34, 20, 32, 9, 33, 7, 3, 22, 26, 13, 12, 10, 19, 14, 21, 8, 1,2.46261
1, 15, 2, 24, 23, 30, 29, 17, 4, 11, 31, 5, 27, 25, 28, 18, 6, 16, 34, 20, 32, 9, 33, 7, 3, 22, 26, 13, 12, 10, 19, 14, 21, 8, 1,2.46261
1, 15, 2, 24, 23, 30, 29, 17, 4, 11, 31, 5, 27, 25, 28, 18, 6, 16, 34, 20, 32, 9, 33, 7, 3, 22, 26, 13, 12, 10, 19, 14, 21, 8, 1,2.46261
1, 15, 2, 24, 23, 30, 29, 17, 4, 11, 31, 5, 27, 25, 28, 18, 6, 16, 34, 20, 32, 9, 33, 7, 3, 22, 26, 13, 12, 10, 19, 14, 21, 8, 1,2.46261
1, 8, 21, 14, 19, 10, 12, 13, 26, 22, 3, 7, 33, 9, 32, 20, 34, 16, 6, 18, 28, 25, 27, 5, 31, 11, 4, 17, 29, 30, 23, 24, 2, 15, 1,2.46261
1, 8, 21, 14, 19, 10, 12, 13, 26, 22, 3, 7, 33, 9, 32, 20, 34, 16, 6, 18, 28, 25, 27, 5, 31, 11, 4, 17, 29, 30, 23, 24, 2, 15, 1,2.46261
1, 8, 21, 14, 19, 10, 12, 13, 26, 22, 3, 7, 33, 9, 32, 20, 34, 16, 6, 18, 28, 25, 27, 5, 31, 11, 4, 17, 29, 30, 23, 24, 2, 15, 1,2.46261
1, 8, 21, 14, 19, 10, 12, 13, 26, 22, 3, 7, 33, 9, 32, 20, 34, 16, 6, 18, 28, 25, 27, 5, 31, 11, 4, 17, 29, 30, 23, 24, 2, 15, 1,2.46261
1, 15, 2, 24, 23, 30, 29, 17, 4, 11, 31, 5, 27, 25, 28, 18, 6, 16, 34, 20, 32, 9, 33, 7, 3, 22, 26, 13, 12, 10, 19, 14, 21, 8, 1,2.46261
1, 15, 2, 24, 23, 30, 29, 17, 4, 11, 31, 5, 27, 25, 28, 18, 6, 16, 34, 20, 32, 9, 33, 7, 3, 22, 26, 13, 12, 10, 19, 14, 21, 8, 1,2.46261
1, 8, 21, 14, 19, 10, 12, 13, 26, 22, 3, 7, 33, 9, 32, 20, 34, 16, 6, 18, 28, 25, 27, 5, 31, 11, 4, 17, 29, 30, 23, 24, 2, 15, 1,2.46261
1, 8, 21, 14, 19, 10, 12, 13, 26, 22, 3, 7, 33, 9, 32, 20, 34, 16, 6, 18, 28, 25, 27, 5, 31, 11, 4, 17, 29, 30, 23, 24, 2, 15, 1,2.46261
1, 8, 21, 14, 19, 10, 12, 13, 26, 22, 3, 7, 33, 9, 32, 20, 34, 16, 6, 18, 28, 25, 27, 5, 31, 11, 4, 17, 29, 30, 23, 24, 2, 15, 1,2.46261
1, 8, 21, 14, 19, 10, 12, 13, 26, 22, 3, 7, 33, 9, 32, 20, 34, 16, 6, 18, 28, 25, 27, 5, 31, 11, 4, 17, 29, 30, 23, 24, 2, 15, 1,2.46261
1, 8, 21, 14, 19, 10, 12, 13, 26, 22, 3, 7, 33, 9, 32, 20, 34, 16, 6, 18, 28, 25, 27, 5, 31, 11, 4, 17, 29, 30, 23, 24, 2, 15, 1,2.46261
1, 8, 21, 14, 19, 10, 12, 13, 26, 22, 3, 7, 33, 9, 32, 20, 34, 16, 6, 18, 28, 25, 27, 5, 31, 11, 4, 17, 29, 30, 23, 24, 2, 15, 1,2.46261
1, 15, 2, 24, 23, 30, 29, 17, 4, 11, 31, 5, 27, 25, 28, 18, 6, 16, 34, 20, 32, 9, 33, 7, 3, 22, 26, 13, 12, 10, 19, 14, 21, 8, 1,2.46261
1, 15, 2, 24, 23, 30, 29, 17, 4, 11, 31, 5, 27, 25, 28, 18, 6, 16, 34, 20, 32, 9, 33, 7, 3, 22, 26, 13, 12, 10, 19, 14, 21, 8, 1,2.46261
1, 15, 2, 24, 23, 30, 29, 17, 4, 11, 31, 5, 27, 25, 28, 18, 6, 16, 34, 20, 32, 9, 33, 7, 3, 22, 26, 13, 12, 10, 19, 14, 21, 8, 1,2.46261
1, 15, 2, 24, 23, 30, 29, 17, 4, 11, 31, 5, 27, 25, 28, 18, 6, 16, 34, 20, 32, 9, 33, 7, 3, 22, 26, 13, 12, 10, 19, 14, 21, 8, 1,2.46261
1, 15, 2, 24, 23, 30, 29, 17, 4, 11, 31, 5, 27, 25, 28, 18, 6, 16, 34, 20, 32, 9, 33, 7, 3, 22, 26, 13, 12, 10, 19, 14, 21, 8, 1,2.46261
1, 15, 2, 24, 23, 30, 29, 17, 4, 11, 31, 5, 27, 25, 28, 18, 6, 16, 34, 20, 32, 9, 33, 7, 3, 22, 26, 13, 12, 10, 19, 14, 21, 8, 1,2.46261
1, 15, 2, 24, 23, 30, 29, 17, 4, 11, 31, 5, 27, 25, 28, 18, 6, 16, 34, 20, 32, 9, 33, 7, 3, 22, 26, 13, 12, 10, 19, 14, 21, 8, 1,2.46261
1, 15, 2, 24, 23, 30, 29, 17, 4, 11, 31, 5, 27, 25, 28, 18, 6, 16, 34, 20, 32, 9, 33, 7, 3, 22, 26, 13, 12, 10, 19, 14, 21, 8, 1,2.46261
1, 15, 2, 24, 23, 30, 29, 17, 4, 11, 31, 5, 27, 25, 28, 18, 6, 16, 34, 20, 32, 9, 33, 7, 3, 22, 26, 13, 12, 10, 19, 14, 21, 8, 1,2.46261
1, 15, 2, 24, 23, 30, 29, 17, 4, 11, 31, 5, 27, 25, 28, 18, 6, 16, 34, 20, 32, 9, 33, 7, 3, 22, 26, 13, 12, 10, 19, 14, 21, 8, 1,2.46261
1, 15, 2, 24, 23, 30, 29, 17, 4, 11, 31, 5, 27, 25, 28, 18, 6, 16, 34, 20, 32, 9, 33, 7, 3, 22, 26, 13, 12, 10, 19, 14, 21, 8, 1,2.46261
1, 8, 21, 14, 19, 10, 12, 13, 26, 22, 3, 7, 33, 9, 32, 20, 34, 16, 6, 18, 28, 25, 27, 5, 31, 11, 4, 17, 29, 30, 23, 24, 2, 15, 1,2.46261
1, 15, 2, 24, 23, 30, 29, 17, 4, 11, 31, 5, 27, 25, 28, 18, 6, 16, 34, 20, 32, 9, 33, 7, 3, 22, 26, 13, 12, 10, 19, 14, 21, 8, 1,2.46261
1, 15, 2, 24, 23, 30, 29, 17, 4, 11, 31, 5, 27, 25, 28, 18, 6, 16, 34, 20, 32, 9, 33, 7, 3, 22, 26, 13, 12, 10, 19, 14, 21, 8, 1,2.46261
1, 15, 2, 24, 23, 30, 29, 17, 4, 11, 31, 5, 27, 25, 28, 18, 6, 16, 34, 20, 32, 9, 33, 7, 3, 22, 26, 13, 12, 10, 19, 14, 21, 8, 1,2.46261
1, 8, 21, 14, 19, 10, 12, 13, 26, 22, 3, 7, 33, 9, 32, 20, 34, 16, 6, 18, 28, 25, 27, 5, 31, 11, 4, 17, 29, 30, 23, 24, 2, 15, 1,2.46261
1, 15, 2, 24, 23, 30, 29, 17, 4, 11, 31, 5, 27, 25, 28, 18, 6, 16, 34, 20, 32, 9, 33, 7, 3, 22, 26, 13, 12, 10, 19, 14, 21, 8, 1,2.46261
1, 15, 2, 24, 23, 30, 29, 17, 4, 11, 31, 5, 27, 25, 28, 18, 6, 16, 34, 20, 32, 9, 33, 7, 3, 22, 26, 13, 12, 10, 19, 14, 21, 8, 1,2.46261
1, 8, 21, 14, 19, 10, 12, 13, 26, 22, 3, 7, 33, 9, 32, 20, 34, 16, 6, 18, 28, 25, 27, 5, 31, 11, 4, 17, 29, 30, 23, 24, 2, 15, 1,2.46261
1, 15, 2, 24, 23, 30, 29, 17, 4, 11, 31, 5, 27, 25, 28, 18, 6, 16, 34, 20, 32, 9, 33, 7, 3, 22, 26, 13, 12, 10, 19, 14, 21, 8, 1,2.46261
1, 15, 2, 24, 23, 30, 29, 17, 4, 11, 31, 5, 27, 25, 28, 18, 6, 16, 34, 20, 32, 9, 33, 7, 3, 22, 26, 13, 12, 10, 19, 14, 21, 8, 1,2.46261
1, 15, 2, 24, 23, 30, 29, 17, 4, 11, 31, 5, 27, 25, 28, 18, 6, 16, 34, 20, 32, 9, 33, 7, 3, 22, 26, 13, 12, 10, 19, 14, 21, 8, 1,2.46261
1, 15, 2, 24, 23, 30, 29, 17, 4, 11, 31, 5, 27, 25, 28, 18, 6, 16, 34, 20, 32, 9, 33, 7, 3, 22, 26, 13, 12, 10, 19, 14, 21, 8, 1,2.46261
1, 15, 2, 24, 23, 30, 29, 17, 4, 11, 31, 5, 27, 25, 28, 18, 6, 16, 34, 20, 32, 9, 33, 7, 3, 22, 26, 13, 12, 10, 19, 14, 21, 8, 1,2.46261
1, 15, 2, 24, 23, 30, 29, 17, 4, 11, 31, 5, 27, 25, 28, 18, 6, 16, 34, 20, 32, 9, 33, 7, 3, 22, 26, 13, 12, 10, 19, 14, 21, 8, 1,2.46261
1, 8, 21, 14, 19, 10, 12, 13, 26, 22, 3, 7, 33, 9, 32, 20, 34, 16, 6, 18, 28, 25, 27, 5, 31, 11, 4, 17, 29, 30, 23, 24, 2, 15, 1,2.46261
1, 8, 21, 14, 19, 10, 12, 13, 26, 22, 3, 7, 33, 9, 32, 20, 34, 16, 6, 18, 28, 25, 27, 5, 31, 11, 4, 17, 29, 30, 23, 24, 2, 15, 1,2.46261
1, 15, 2, 24, 23, 30, 29, 17, 4, 11, 31, 5, 27, 25, 28, 18, 6, 16, 34, 20, 32, 9, 33, 7, 3, 22, 26, 13, 12, 10, 19, 14, 21, 8, 1,2.46261
1, 15, 2, 24, 23, 30, 29, 17, 4, 11, 31, 5, 27, 25, 28, 18, 6, 16, 34, 20, 32, 9, 33, 7, 3, 22, 26, 13, 12, 10, 19, 14, 21, 8, 1,2.46261
1, 15, 2, 24, 23, 30, 29, 17, 4, 11, 31, 5, 27, 25, 28, 18, 6, 16, 34, 20, 32, 9, 33, 7, 3, 22, 26, 13, 12, 10, 19, 14, 21, 8, 1,2.46261
1, 8, 21, 14, 19, 10, 12, 13, 26, 22, 3, 7, 33, 9, 32, 20, 34, 16, 6, 18, 28, 25, 27, 5, 31, 11, 4, 17, 29, 30, 23, 24, 2, 15, 1,2.46261
1, 15, 2, 24, 23, 30, 29, 17, 4, 11, 31, 5, 27, 25, 28, 18, 6, 16, 34, 20, 32, 9, 33, 7, 3, 22, 26, 13, 12, 10, 19, 14, 21, 8, 1,2.46261
1, 8, 21, 14, 19, 10, 12, 13, 26, 22, 3, 7, 33, 9, 32, 20, 34, 16, 6, 18, 28, 25, 27, 5, 31, 11, 4, 17, 29, 30, 23, 24, 2, 15, 1,2.46261
1, 15, 2, 24, 23, 30, 29, 17, 4, 11, 31, 5, 27, 25, 28, 18, 6, 16, 34, 20, 32, 9, 33, 7, 3, 22, 26, 13, 12, 10, 19, 14, 21, 8, 1,2.46261
1, 8, 21, 14, 19, 10, 12, 13, 26, 22, 3, 7, 33, 9, 32, 20, 34, 16, 6, 18, 28, 25, 27, 5, 31, 11, 4, 17, 29, 30, 23, 24, 2, 15, 1,2.46261
1, 15, 2, 24, 23, 30, 29, 17, 4, 11, 31, 5, 27, 25, 28, 18, 6, 16, 34, 20, 32, 9, 33, 7, 3, 22, 26, 13, 12, 10, 19, 14, 21, 8, 1,2.46261
1, 15, 2, 24, 23, 30, 29, 17, 4, 11, 31, 5, 27, 25, 28, 18, 6, 16, 34, 20, 32, 9, 33, 7, 3, 22, 26, 13, 12, 10, 19, 14, 21, 8, 1,2.46261
1, 15, 2, 24, 23, 30, 29, 17, 4, 11, 31, 5, 27, 25, 28, 18, 6, 16, 34, 20, 32, 9, 33, 7, 3, 22, 26, 13, 12, 10, 19, 14, 21, 8, 1,2.46261
1, 15, 2, 24, 23, 30, 29, 17, 4, 11, 31, 5, 27, 25, 28, 18, 6, 16, 34, 20, 32, 9, 33, 7, 3, 22, 26, 13, 12, 10, 19, 14, 21, 8, 1,2.46261
1, 15, 2, 24, 23, 30, 29, 17, 4, 11, 31, 5, 27, 25, 28, 18, 6, 16, 34, 20, 32, 9, 33, 7, 3, 22, 26, 13, 12, 10, 19, 14, 21, 8, 1,2.46261
1, 15, 2, 24, 23, 30, 29, 17, 4, 11, 31, 5, 27, 25, 28, 18, 6, 16, 34, 20, 32, 9, 33, 7, 3, 22, 26, 13, 12, 10, 19, 14, 21, 8, 1,2.46261
1, 15, 2, 24, 23, 30, 29, 17, 4, 11, 31, 5, 27, 25, 28, 18, 6, 16, 34, 20, 32, 9, 33, 7, 3, 22, 26, 13, 12, 10, 19, 14, 21, 8, 1,2.46261
1, 15, 2, 24, 23, 30, 29, 17, 4, 11, 31, 5, 27, 25, 28, 18, 6, 16, 34, 20, 32, 9, 33, 7, 3, 22, 26, 13, 12, 10, 19, 14, 21, 8, 1,2.46261
1, 15, 2, 24, 23, 30, 29, 17, 4, 11, 31, 5, 27, 25, 28, 18, 6, 16, 34, 20, 32, 9, 33, 7, 3, 22, 26, 13, 12, 10, 19, 14, 21, 8, 1,2.46261
1, 15, 2, 24, 23, 30, 29, 17, 4, 11, 31, 5, 27, 25, 28, 18, 6, 16, 34, 20, 32, 9, 33, 7, 3, 22, 26, 13, 12, 10, 19, 14, 21, 8, 1,2.46261
1, 15, 2, 24, 23, 30, 29, 17, 4, 11, 31, 5, 27, 25, 28, 18, 6, 16, 34, 20, 32, 9, 33, 7, 3, 22, 26, 13, 12, 10, 19, 14, 21, 8, 1,2.46261
1, 15, 2, 24, 23, 30, 29, 17, 4, 11, 31, 5, 27, 25, 28, 18, 6, 16, 34, 20, 32, 9, 33, 7, 3, 22, 26, 13, 12, 10, 19, 14, 21, 8, 1,2.46261
1, 8, 21, 14, 19, 10, 12, 13, 26, 22, 3, 7, 33, 9, 32, 20, 34, 16, 6, 18, 28, 25, 27, 5, 31, 11, 4, 17, 29, 30, 23, 24, 2, 15, 1,2.46261
1, 8, 21, 14, 19, 10, 12, 13, 26, 22, 3, 7, 33, 9, 32, 20, 34, 16, 6, 18, 28, 25, 27, 5, 31, 11, 4, 17, 29, 30, 23, 24, 2, 15, 1,2.46261
1, 8, 21, 14, 19, 10, 12, 13, 26, 22, 3, 7, 33, 9, 32, 20, 34, 16, 6, 18, 28, 25, 27, 5, 31, 11, 4, 17, 29, 30, 23, 24, 2, 15, 1,2.46261
1, 15, 2, 24, 23, 30, 29, 17, 4, 11, 31, 5, 27, 25, 28, 18, 6, 16, 34, 20, 32, 9, 33, 7, 3, 22, 26, 13, 12, 10, 19, 14, 21, 8, 1,2.46261
1, 15, 2, 24, 23, 30, 29, 17, 4, 11, 31, 5, 27, 25, 28, 18, 6, 16, 34, 20, 32, 9, 33, 7, 3, 22, 26, 13, 12, 10, 19, 14, 21, 8, 1,2.46261
1, 15, 2, 24, 23, 30, 29, 17, 4, 11, 31, 5, 27, 25, 28, 18, 6, 16, 34, 20, 32, 9, 33, 7, 3, 22, 26, 13, 12, 10, 19, 14, 21, 8, 1,2.46261
1, 15, 2, 24, 23, 30, 29, 17, 4, 11, 31, 5, 27, 25, 28, 18, 6, 16, 34, 20, 32, 9, 33, 7, 3, 22, 26, 13, 12, 10, 19, 14, 21, 8, 1,2.46261
1, 15, 2, 24, 23, 30, 29, 17, 4, 11, 31, 5, 27, 25, 28, 18, 6, 16, 34, 20, 32, 9, 33, 7, 3, 22, 26, 13, 12, 10, 19, 14, 21, 8, 1,2.46261
1, 8, 21, 14, 19, 10, 12, 13, 26, 22, 3, 7, 33, 9, 32, 20, 34, 16, 6, 18, 28, 25, 27, 5, 31, 11, 4, 17, 29, 30, 23, 24, 2, 15, 1,2.46261
1, 15, 2, 24, 23, 30, 29, 17, 4, 11, 31, 5, 27, 25, 28, 18, 6, 16, 34, 33, 20, 32, 9, 7, 3, 22, 26, 13, 12, 10, 19, 14, 21, 8, 1,2.29295
1, 15, 2, 24, 23, 30, 29, 17, 4, 11, 31, 5, 27, 25, 28, 18, 6, 16, 34, 20, 32, 33, 9, 7, 3, 22, 26, 13, 12, 10, 19, 14, 21, 8, 1,2.10096
1, 15, 2, 24, 23, 30, 29, 17, 4, 11, 31, 5, 27, 25, 28, 18, 6, 16, 34, 20, 32, 33, 9, 7, 3, 22, 26, 13, 12, 10, 19, 14, 21, 8, 1,2.10096
1, 15, 2, 24, 23, 30, 29, 17, 4, 11, 31, 5, 27, 25, 28, 18, 6, 16, 34, 20, 32, 33, 9, 7, 3, 22, 26, 13, 12, 10, 19, 14, 21, 8, 1,2.10096
1, 15, 2, 24, 23, 30, 29, 17, 4, 11, 31, 5, 27, 25, 28, 18, 6, 16, 34, 20, 32, 33, 9, 7, 3, 22, 26, 13, 12, 10, 19, 14, 21, 8, 1,2.10096
1, 15, 2, 24, 23, 30, 29, 17, 4, 11, 31, 5, 27, 25, 28, 18, 6, 16, 34, 20, 32, 33, 9, 7, 3, 22, 26, 13, 12, 10, 19, 14, 21, 8, 1,2.10096
1, 15, 2, 24, 23, 30, 29, 17, 4, 11, 31, 5, 27, 25, 28, 18, 6, 16, 34, 20, 32, 33, 9, 7, 3, 22, 26, 13, 12, 10, 19, 14, 21, 8, 1,2.10096
1, 15, 2, 24, 23, 30, 29, 17, 4, 11, 31, 5, 27, 25, 28, 18, 6, 16, 34, 20, 32, 33, 9, 7, 3, 22, 26, 13, 12, 10, 19, 14, 21, 8, 1,2.10096
1, 15, 2, 24, 23, 30, 29, 17, 4, 11, 31, 5, 27, 25, 28, 18, 6, 16, 34, 20, 32, 33, 9, 7, 3, 22, 26, 13, 12, 10, 19, 14, 21, 8, 1,2.10096
1, 15, 2, 24, 23, 30, 29, 17, 4, 11, 31, 5, 27, 25, 28, 18, 6, 16, 34, 20, 32, 33, 9, 7, 3, 22, 26, 13, 12, 10, 19, 14, 21, 8, 1,2.10096
1, 15, 2, 24, 23, 30, 29, 17, 4, 11, 31, 5, 27, 25, 28, 18, 6, 16, 34, 20, 32, 33, 9, 7, 3, 22, 26, 13, 12, 10, 19, 14, 21, 8, 1,2.10096
1, 15, 2, 24, 23, 30, 29, 17, 4, 11, 31, 5, 27, 25, 28, 18, 6, 16, 34, 20, 32, 33, 9, 7, 3, 22, 26, 13, 12, 10, 19, 14, 21, 8, 1,2.10096
1, 15, 2, 24, 23, 30, 29, 17, 4, 11, 31, 5, 27, 25, 28, 18, 6, 16, 34, 20, 32, 33, 9, 7, 3, 22, 26, 13, 12, 10, 19, 14, 21, 8, 1,2.10096
1, 15, 2, 24, 23, 30, 29, 17, 4, 11, 31, 5, 27, 25, 28, 18, 6, 16, 34, 20, 32, 33, 9, 7, 3, 22, 26, 13, 12, 10, 19, 14, 21, 8, 1,2.10096
1, 8, 21, 14, 19, 10, 12, 13, 26, 22, 3, 7, 9, 33, 32, 20, 34, 16, 6, 18, 28, 25, 27, 5, 31, 11, 4, 17, 29, 30, 23, 24, 2, 15, 1,2.10096
1, 8, 21, 14, 19, 10, 12, 13, 26, 22, 3, 7, 9, 33, 32, 20, 34, 16, 6, 18, 28, 25, 27, 5, 31, 11, 4, 17, 29, 30, 23, 24, 2, 15, 1,2.10096
1, 8, 21, 14, 19, 10, 12, 13, 26, 22, 3, 7, 9, 33, 32, 20, 34, 16, 6, 18, 28, 25, 27, 5, 31, 11, 4, 17, 29, 30, 23, 24, 2, 15, 1,2.10096
1, 8, 21, 14, 19, 10, 12, 13, 26, 22, 3, 7, 9, 33, 32, 20, 34, 16, 6, 18, 28, 25, 27, 5, 31, 11, 4, 17, 29, 30, 23, 24, 2, 15, 1,2.10096
1, 8, 21, 14, 19, 10, 12, 13, 26, 22, 3, 7, 9, 33, 32, 20, 34, 16, 6, 18, 28, 25, 27, 5, 31, 11, 4, 17, 29, 30, 23, 24, 2, 15, 1,2.10096
1, 8, 21, 14, 19, 10, 12, 13, 26, 22, 3, 7, 9, 33, 32, 20, 34, 16, 6, 18, 28, 25, 27, 5, 31, 11, 4, 17, 29, 30, 23, 24, 2, 15, 1,2.10096
1, 8, 21, 14, 19, 10, 12, 13, 26, 22, 3, 7, 9, 33, 32, 20, 34, 16, 6, 18, 28, 25, 27, 5, 31, 11, 4, 17, 29, 30, 23, 24, 2, 15, 1,2.10096
1, 15, 2, 24, 23, 30, 29, 17, 4, 11, 31, 5, 27, 25, 28, 18, 6, 16, 34, 20, 32, 33, 9, 7, 3, 22, 26, 13, 12, 10, 19, 14, 21, 8, 1,2.10096
1, 15, 2, 24, 23, 30, 29, 17, 4, 11, 31, 5, 27, 25, 28, 18, 6, 16, 34, 20, 32, 33, 9, 7, 3, 22, 26, 13, 12, 10, 19, 14, 21, 8, 1,2.10096
1, 15, 2, 24, 23, 30, 29, 17, 4, 11, 31, 5, 27, 25, 28, 18, 6, 16, 34, 20, 32, 33, 9, 7, 3, 22, 26, 13, 12, 10, 19, 14, 21, 8, 1,2.10096
1, 15, 2, 24, 23, 30, 29, 17, 4, 11, 31, 5, 27, 25, 28, 18, 6, 16, 34, 20, 32, 33, 9, 7, 3, 22, 26, 13, 12, 10, 19, 14, 21, 8, 1,2.10096
1, 8, 21, 14, 19, 10, 12, 13, 26, 22, 3, 7, 9, 33, 32, 20, 34, 16, 6, 18, 28, 25, 27, 5, 31, 11, 4, 17, 29, 30, 23, 24, 2, 15, 1,2.10096
1, 8, 21, 14, 19, 10, 12, 13, 26, 22, 3, 7, 9, 33, 32, 20, 34, 16, 6, 18, 28, 25, 27, 5, 31, 11, 4, 17, 29, 30, 23, 24, 2, 15, 1,2.10096
1, 8, 21, 14, 19, 10, 12, 13, 26, 22, 3, 7, 9, 33, 32, 20, 34, 16, 6, 18, 28, 25, 27, 5, 31, 11, 4, 17, 29, 30, 23, 24, 2, 15, 1,2.10096
1, 15, 2, 24, 23, 30, 29, 17, 4, 11, 31, 5, 27, 25, 28, 18, 6, 16, 34, 20, 32, 33, 9, 7, 3, 22, 26, 13, 12, 10, 19, 14, 21, 8, 1,2.10096
1, 15, 2, 24, 23, 30, 29, 17, 4, 11, 31, 5, 27, 25, 28, 18, 6, 16, 34, 20, 32, 33, 9, 7, 3, 22, 26, 13, 12, 10, 19, 14, 21, 8, 1,2.10096
1, 15, 2, 24, 23, 30, 29, 17, 4, 11, 31, 5, 27, 25, 28, 18, 6, 16, 34, 20, 32, 33, 9, 7, 3, 22, 26, 13, 12, 10, 19, 14, 21, 8, 1,2.10096
1, 15, 2, 24, 23, 30, 29, 17, 4, 11, 31, 5, 27, 25, 28, 18, 6, 16, 34, 20, 32, 33, 9, 7, 3, 22, 26, 13, 12, 10, 19, 14, 21, 8, 1,2.10096
1, 8, 21, 14, 19, 10, 12, 13, 26, 22, 3, 7, 9, 33, 32, 20, 34, 16, 6, 18, 28, 25, 27, 5, 31, 11, 4, 17, 29, 30, 23, 24, 2, 15, 1,2.10096
1, 15, 2, 24, 23, 30, 29, 17, 4, 11, 31, 5, 27, 25, 28, 18, 6, 16, 34, 20, 32, 33, 9, 7, 3, 22, 26, 13, 12, 10, 19, 14, 21, 8, 1,2.10096
1, 15, 2, 24, 23, 30, 29, 17, 4, 11, 31, 5, 27, 25, 28, 18, 6, 16, 34, 20, 32, 33, 9, 7, 3, 22, 26, 13, 12, 10, 19, 14, 21, 8, 1,2.10096
1, 15, 2, 24, 23, 30, 29, 17, 4, 11, 31, 5, 27, 25, 28, 18, 6, 16, 34, 20, 32, 33, 9, 7, 3, 22, 26, 13, 12, 10, 19, 14, 21, 8, 1,2.10096
1, 15, 2, 24, 23, 30, 29, 17, 4, 11, 31, 5, 27, 25, 28, 18, 6, 16, 34, 20, 32, 33, 9, 7, 3, 22, 26, 13, 12, 10, 19, 14, 21, 8, 1,2.10096
1, 15, 2, 24, 23, 30, 29, 17, 4, 11, 31, 5, 27, 25, 28, 18, 6, 16, 34, 20, 32, 33, 9, 7, 3, 22, 26, 13, 12, 10, 19, 14, 21, 8, 1,2.10096
1, 15, 2, 24, 23, 30, 29, 17, 4, 11, 31, 5, 27, 25, 28, 18, 6, 16, 34, 20, 32, 33, 9, 7, 3, 22, 26, 13, 12, 10, 19, 14, 21, 8, 1,2.10096
1, 15, 2, 24, 23, 30, 29, 17, 4, 11, 31, 5, 27, 25, 28, 18, 6, 16, 34, 20, 32, 33, 9, 7, 3, 22, 26, 13, 12, 10, 19, 14, 21, 8, 1,2.10096
1, 15, 2, 24, 23, 30, 29, 17, 4, 11, 31, 5, 27, 25, 28, 18, 6, 16, 34, 20, 32, 33, 9, 7, 3, 22, 26, 13, 12, 10, 19, 14, 21, 8, 1,2.10096
1, 8, 21, 14, 19, 10, 12, 13, 26, 22, 3, 7, 9, 33, 32, 20, 34, 16, 6, 18, 28, 25, 27, 5, 31, 11, 4, 17, 29, 30, 23, 24, 2, 15, 1,2.10096
1, 8, 21, 14, 19, 10, 12, 13, 26, 22, 3, 7, 9, 33, 32, 20, 34, 16, 6, 18, 28, 25, 27, 5, 31, 11, 4, 17, 29, 30, 23, 24, 2, 15, 1,2.10096
1, 8, 21, 14, 19, 10, 12, 13, 26, 22, 3, 7, 9, 33, 32, 20, 34, 16, 6, 18, 28, 25, 27, 5, 31, 11, 4, 17, 29, 30, 23, 24, 2, 15, 1,2.10096
1, 8, 21, 14, 19, 10, 12, 13, 26, 22, 3, 7, 9, 33, 32, 20, 34, 16, 6, 18, 28, 25, 27, 5, 31, 11, 4, 17, 29, 30, 23, 24, 2, 15, 1,2.10096
1, 8, 21, 14, 19, 10, 12, 13, 26, 22, 3, 7, 9, 33, 32, 20, 34, 16, 6, 18, 28, 25, 27, 5, 31, 11, 4, 17, 29, 30, 23, 24, 2, 15, 1,2.10096
1, 8, 21, 14, 19, 10, 12, 13, 26, 22, 3, 7, 9, 33, 32, 20, 34, 16, 6, 18, 28, 25, 27, 5, 31, 11, 4, 17, 29, 30, 23, 24, 2, 15, 1,2.10096
1, 15, 2, 24, 23, 30, 29, 17, 4, 11, 31, 5, 27, 25, 28, 18, 6, 16, 34, 20, 32, 33, 9, 7, 3, 22, 26, 13, 12, 10, 19, 14, 21, 8, 1,2.10096
1, 15, 2, 24, 23, 30, 29, 17, 4, 11, 31, 5, 27, 25, 28, 18, 6, 16, 34, 20, 32, 33, 9, 7, 3, 22, 26, 13, 12, 10, 19, 14, 21, 8, 1,2.10096
1, 8, 21, 14, 19, 10, 12, 13, 26, 22, 3, 7, 9, 33, 32, 20, 34, 16, 6, 18, 28, 25, 27, 5, 31, 11, 4, 17, 29, 30, 23, 24, 2, 15, 1,2.10096
1, 8, 21, 14, 19, 10, 12, 13, 26, 22, 3, 7, 9, 33, 32, 20, 34, 16, 6, 18, 28, 25, 27, 5, 31, 11, 4, 17, 29, 30, 23, 24, 2, 15, 1,2.10096
1, 8, 21, 14, 19, 10, 12, 13, 26, 22, 3, 7, 9, 33, 32, 20, 34, 16, 6, 18, 28, 25, 27, 5, 31, 11, 4, 17, 29, 30, 23, 24, 2, 15, 1,2.10096
1, 15, 2, 24, 23, 30, 29, 17, 4, 11, 31, 5, 27, 25, 28, 18, 6, 16, 34, 20, 32, 33, 9, 7, 3, 22, 26, 13, 12, 10, 19, 14, 21, 8, 1,2.10096
1, 15, 2, 24, 23, 30, 29, 17, 4, 11, 31, 5, 27, 25, 28, 18, 6, 16, 34, 20, 32, 33, 9, 7, 3, 22, 26, 13, 12, 10, 19, 14, 21, 8, 1,2.10096
1, 15, 2, 24, 23, 30, 29, 17, 4, 11, 31, 5, 27, 25, 28, 18, 6, 16, 34, 20, 32, 33, 9, 7, 3, 22, 26, 13, 12, 10, 19, 14, 21, 8, 1,2.10096
1, 8, 21, 14, 19, 10, 12, 13, 26, 22, 3, 7, 9, 33, 32, 20, 34, 16, 6, 18, 28, 25, 27, 5, 31, 11, 4, 17, 29, 30, 23, 24, 2, 15, 1,2.10096
1, 15, 2, 24, 23, 30, 29, 17, 4, 11, 31, 5, 27, 25, 28, 18, 6, 16, 34, 20, 32, 33, 9, 7, 3, 22, 26, 13, 12, 10, 19, 14, 21, 8, 1,2.10096
1, 8, 21, 14, 19, 10, 12, 13, 26, 22, 3, 7, 9, 33, 32, 20, 34, 16, 6, 18, 28, 25, 27, 5, 31, 11, 4, 17, 29, 30, 23, 24, 2, 15, 1,2.10096
1, 15, 2, 24, 23, 30, 29, 17, 4, 11, 31, 5, 27, 25, 28, 18, 6, 16, 34, 20, 32, 33, 9, 7, 3, 22, 26, 13, 12, 10, 19, 14, 21, 8, 1,2.10096
1, 15, 2, 24, 23, 30, 29, 17, 4, 11, 31, 5, 27, 25, 28, 18, 6, 16, 34, 20, 32, 33, 9, 7, 3, 22, 26, 13, 12, 10, 19, 14, 21, 8, 1,2.10096
1, 15, 2, 24, 23, 30, 29, 17, 4, 11, 31, 5, 27, 25, 28, 18, 6, 16, 34, 20, 32, 33, 9, 7, 3, 22, 26, 13, 12, 10, 19, 14, 21, 8, 1,2.10096
1, 15, 2, 24, 23, 30, 29, 17, 4, 11, 31, 5, 27, 25, 28, 18, 6, 16, 34, 20, 32, 33, 9, 7, 3, 22, 26, 13, 12, 10, 19, 14, 21, 8, 1,2.10096
1, 15, 2, 24, 23, 30, 29, 17, 4, 11, 31, 5, 27, 25, 28, 18, 6, 16, 34, 20, 32, 33, 9, 7, 3, 22, 26, 13, 12, 10, 19, 14, 21, 8, 1,2.10096
1, 15, 2, 24, 23, 30, 29, 17, 4, 11, 31, 5, 27, 25, 28, 18, 6, 16, 34, 20, 32, 33, 9, 7, 3, 22, 26, 13, 12, 10, 19, 14, 21, 8, 1,2.10096
1, 15, 2, 24, 23, 30, 29, 17, 4, 11, 31, 5, 27, 25, 28, 18, 6, 16, 34, 20, 32, 33, 9, 7, 3, 22, 26, 13, 12, 10, 19, 14, 21, 8, 1,2.10096
1, 15, 2, 24, 23, 30, 29, 17, 4, 11, 31, 5, 27, 25, 28, 18, 6, 16, 34, 20, 32, 33, 9, 7, 3, 22, 26, 13, 12, 10, 19, 14, 21, 8, 1,2.10096
1, 8, 21, 14, 19, 10, 12, 13, 26, 22, 3, 7, 9, 33, 32, 20, 34, 16, 6, 18, 28, 25, 27, 5, 31, 11, 4, 17, 29, 30, 23, 24, 2, 15, 1,2.10096
1, 8, 21, 14, 19, 10, 12, 13, 26, 22, 3, 7, 9, 33, 32, 20, 34, 16, 6, 18, 28, 25, 27, 5, 31, 11, 4, 17, 29, 30, 23, 24, 2, 15, 1,2.10096
1, 15, 2, 24, 23, 30, 29, 17, 4, 11, 31, 5, 27, 25, 28, 18, 6, 16, 34, 20, 32, 33, 9, 7, 3, 22, 26, 13, 12, 10, 19, 14, 21, 8, 1,2.10096
1, 8, 21, 14, 19, 10, 12, 13, 26, 22, 3, 7, 9, 33, 32, 20, 34, 16, 6, 18, 28, 25, 27, 5, 31, 11, 4, 17, 29, 30, 23, 24, 2, 15, 1,2.10096
1, 15, 2, 24, 23, 30, 29, 17, 4, 11, 31, 5, 27, 25, 28, 18, 6, 16, 34, 20, 32, 33, 9, 7, 3, 22, 26, 13, 12, 10, 19, 14, 21, 8, 1,2.10096
1, 15, 2, 24, 23, 30, 29, 17, 4, 11, 31, 5, 27, 25, 28, 18, 6, 16, 34, 20, 32, 33, 9, 7, 3, 22, 26, 13, 12, 10, 19, 14, 21, 8, 1,2.10096
1, 15, 2, 24, 23, 30, 29, 17, 4, 11, 31, 5, 27, 25, 28, 18, 6, 16, 34, 20, 32, 33, 9, 7, 3, 22, 26, 13, 12, 10, 19, 14, 21, 8, 1,2.10096
1, 8, 21, 14, 19, 10, 12, 13, 26, 22, 3, 7, 9, 33, 32, 20, 34, 16, 6, 18, 28, 25, 27, 5, 31, 11, 4, 17, 29, 30, 23, 24, 2, 15, 1,2.10096
1, 15, 2, 24, 23, 30, 29, 17, 4, 11, 31, 5, 27, 25, 28, 18, 6, 16, 34, 20, 32, 33, 9, 7, 3, 22, 26, 13, 12, 10, 19, 14, 21, 8, 1,2.10096
1, 15, 2, 24, 23, 30, 29, 17, 4, 11, 31, 5, 27, 25, 28, 18, 6, 16, 34, 20, 32, 33, 9, 7, 3, 22, 26, 13, 12, 10, 19, 14, 21, 8, 1,2.10096
1, 15, 2, 24, 23, 30, 29, 17, 4, 11, 31, 5, 27, 25, 28, 18, 6, 16, 34, 20, 32, 33, 9, 7, 3, 22, 26, 13, 12, 10, 19, 14, 21, 8, 1,2.10096
1, 15, 2, 24, 23, 30, 29, 17, 4, 11, 31, 5, 27, 25, 28, 18, 6, 16, 34, 20, 32, 33, 9, 7, 3, 22, 26, 13, 12, 10, 19, 14, 21, 8, 1,2.10096
1, 15, 2, 24, 23, 30, 29, 17, 4, 11, 31, 5, 27, 25, 28, 18, 6, 16, 34, 20, 32, 33, 9, 7, 3, 22, 26, 13, 12, 10, 19, 14, 21, 8, 1,2.10096
1, 8, 21, 14, 19, 10, 12, 13, 26, 22, 3, 7, 9, 33, 32, 20, 34, 16, 6, 18, 28, 25, 27, 5, 31, 11, 4, 17, 29, 30, 23, 24, 2, 15, 1,2.10096
1, 15, 2, 24, 23, 30, 29, 17, 4, 11, 31, 5, 27, 25, 28, 18, 6, 16, 34, 20, 32, 33, 9, 7, 3, 22, 26, 13, 12, 10, 19, 14, 21, 8, 1,2.10096
1, 15, 2, 24, 23, 30, 29, 17, 4, 11, 31, 5, 27, 25, 28, 18, 6, 16, 34, 20, 32, 33, 9, 7, 3, 22, 26, 13, 12, 10, 19, 14, 21, 8, 1,2.10096
1, 15, 2, 24, 23, 30, 29, 17, 4, 11, 31, 5, 27, 25, 28, 18, 6, 16, 34, 20, 32, 33, 9, 7, 3, 22, 26, 13, 12, 10, 19, 14, 21, 8, 1,2.10096
1, 8, 21, 14, 19, 10, 12, 13, 26, 22, 3, 7, 9, 33, 32, 20, 34, 16, 6, 18, 28, 25, 27, 5, 31, 11, 4, 17, 29, 30, 23, 24, 2, 15, 1,2.10096
1, 15, 2, 24, 23, 30, 29, 17, 4, 11, 31, 5, 27, 25, 28, 18, 6, 16, 34, 20, 32, 33, 9, 7, 3, 22, 26, 13, 12, 10, 19, 14, 21, 8, 1,2.10096
1, 15, 2, 24, 23, 30, 29, 17, 4, 11, 31, 5, 27, 25, 28, 18, 6, 16, 34, 20, 32, 33, 9, 7, 3, 22, 26, 13, 12, 10, 19, 14, 21, 8, 1,2.10096
1, 15, 2, 24, 23, 30, 29, 17, 4, 11, 31, 5, 27, 25, 28, 18, 6, 16, 34, 20, 32, 33, 9, 7, 3, 22, 26, 13, 12, 10, 19, 14, 21, 8, 1,2.10096
1, 8, 21, 14, 19, 10, 12, 13, 26, 22, 3, 7, 9, 33, 32, 20, 34, 16, 6, 18, 28, 25, 27, 5, 31, 11, 4, 17, 29, 30, 23, 24, 2, 15, 1,2.10096
1, 8, 21, 14, 19, 10, 12, 13, 26, 22, 3, 7, 9, 33, 32, 20, 34, 16, 6, 18, 28, 25, 27, 5, 31, 11, 4, 17, 29, 30, 23, 24, 2, 15, 1,2.10096
1, 15, 2, 24, 23, 30, 29, 17, 4, 11, 31, 5, 27, 25, 28, 18, 6, 16, 34, 20, 32, 33, 9, 7, 3, 22, 26, 13, 12, 10, 19, 14, 21, 8, 1,2.10096
1, 15, 2, 24, 23, 30, 29, 17, 4, 11, 31, 5, 27, 25, 28, 18, 6, 16, 34, 20, 32, 33, 9, 7, 3, 22, 26, 13, 12, 10, 19, 14, 21, 8, 1,2.10096
1, 8, 21, 14, 19, 10, 12, 13, 26, 22, 3, 7, 9, 33, 32, 20, 34, 16, 6, 18, 28, 25, 27, 5, 31, 11, 4, 17, 29, 30, 23, 24, 2, 15, 1,2.10096
1, 8, 21, 14, 19, 10, 12, 13, 26, 22, 3, 7, 9, 33, 32, 20, 34, 16, 6, 18, 28, 25, 27, 5, 31, 11, 4, 17, 29, 30, 23, 24, 2, 15, 1,2.10096
1, 8, 21, 14, 19, 10, 12, 13, 26, 22, 3, 7, 9, 33, 32, 20, 34, 16, 6, 18, 28, 25, 27, 5, 31, 11, 4, 17, 29, 30, 23, 24, 2, 15, 1,2.10096
1, 8, 21, 14, 19, 10, 12, 13, 26, 22, 3, 7, 9, 33, 32, 20, 34, 16, 6, 18, 28, 25, 27, 5, 31, 11, 4, 17, 29, 30, 23, 24, 2, 15, 1,2.10096
1, 8, 21, 14, 19, 10, 12, 13, 26, 22, 3, 7, 9, 33, 32, 20, 34, 16, 6, 18, 28, 25, 27, 5, 31, 11, 4, 17, 29, 30, 23, 24, 2, 15, 1,2.10096
1, 8, 21, 14, 19, 10, 12, 13, 26, 22, 3, 7, 9, 33, 32, 20, 34, 16, 6, 18, 28, 25, 27, 5, 31, 11, 4, 17, 29, 30, 23, 24, 2, 15, 1,2.10096
1, 8, 21, 14, 19, 10, 12, 13, 26, 22, 3, 7, 9, 33, 32, 20, 34, 16, 6, 18, 28, 25, 27, 5, 31, 11, 4, 17, 29, 30, 23, 24, 2, 15, 1,2.10096
1, 8, 21, 14, 19, 10, 12, 13, 26, 22, 3, 7, 9, 33, 32, 20, 34, 16, 6, 18, 28, 25, 27, 5, 31, 11, 4, 17, 29, 30, 23, 24, 2, 15, 1,2.10096
1, 15, 2, 24, 23, 30, 29, 17, 4, 11, 31, 5, 27, 25, 28, 18, 6, 16, 34, 20, 32, 33, 9, 7, 3, 22, 26, 13, 12, 10, 19, 14, 21, 8, 1,2.10096
1, 15, 2, 24, 23, 30, 29, 17, 4, 11, 31, 5, 27, 25, 28, 18, 6, 16, 34, 20, 32, 33, 9, 7, 3, 22, 26, 13, 12, 10, 19, 14, 21, 8, 1,2.10096
1, 15, 2, 24, 23, 30, 29, 17, 4, 11, 31, 5, 27, 25, 28, 18, 6, 16, 34, 20, 32, 33, 9, 7, 3, 22, 26, 13, 12, 10, 19, 14, 21, 8, 1,2.10096
1, 8, 21, 14, 19, 10, 12, 13, 26, 22, 3, 7, 9, 33, 32, 20, 34, 16, 6, 18, 28, 25, 27, 5, 31, 11, 4, 17, 29, 30, 23, 24, 2, 15, 1,2.10096
1, 8, 21, 14, 19, 10, 12, 13, 26, 22, 3, 7, 9, 33, 32, 20, 34, 16, 6, 18, 28, 25, 27, 5, 31, 11, 4, 17, 29, 30, 23, 24, 2, 15, 1,2.10096
1, 15, 2, 24, 23, 30, 29, 17, 4, 11, 31, 5, 27, 25, 28, 18, 6, 16, 34, 20, 32, 33, 9, 7, 3, 22, 26, 13, 12, 10, 19, 14, 21, 8, 1,2.10096
1, 15, 2, 24, 23, 30, 29, 17, 4, 11, 31, 5, 27, 25, 28, 18, 6, 16, 34, 20, 32, 33, 9, 7, 3, 22, 26, 13, 12, 10, 19, 14, 21, 8, 1,2.10096
1, 8, 21, 14, 19, 10, 12, 13, 26, 22, 3, 7, 9, 33, 32, 20, 34, 16, 6, 18, 28, 25, 27, 5, 31, 11, 4, 17, 29, 30, 23, 24, 2, 15, 1,2.10096
1, 8, 21, 14, 19, 10, 12, 13, 26, 22, 3, 7, 9, 33, 32, 20, 34, 16, 6, 18, 28, 25, 27, 5, 31, 11, 4, 17, 29, 30, 23, 24, 2, 15, 1,2.10096
1, 8, 21, 14, 19, 10, 12, 13, 26, 22, 3, 7, 9, 33, 32, 20, 34, 16, 6, 18, 28, 25, 27, 5, 31, 11, 4, 17, 29, 30, 23, 24, 2, 15, 1,2.10096
1, 15, 2, 24, 23, 30, 29, 17, 4, 11, 31, 5, 27, 25, 28, 18, 6, 16, 34, 20, 32, 33, 9, 7, 3, 22, 26, 13, 12, 10, 19, 14, 21, 8, 1,2.10096
1, 15, 2, 24, 23, 30, 29, 17, 4, 11, 31, 5, 27, 25, 28, 18, 6, 16, 34, 20, 32, 33, 9, 7, 3, 22, 26, 13, 12, 10, 19, 14, 21, 8, 1,2.10096
1, 15, 2, 24, 23, 30, 29, 17, 4, 11, 31, 5, 27, 25, 28, 18, 6, 16, 34, 20, 32, 33, 9, 7, 3, 22, 26, 13, 12, 10, 19, 14, 21, 8, 1,2.10096
1, 15, 2, 24, 23, 30, 29, 17, 4, 11, 31, 5, 27, 25, 28, 18, 6, 16, 34, 20, 32, 33, 9, 7, 3, 22, 26, 13, 12, 10, 19, 14, 21, 8, 1,2.10096
1, 8, 21, 14, 19, 10, 12, 13, 26, 22, 3, 7, 9, 33, 32, 20, 34, 16, 6, 18, 28, 25, 27, 5, 31, 11, 4, 17, 29, 30, 23, 24, 2, 15, 1,2.10096
1, 15, 2, 24, 23, 30, 29, 17, 4, 11, 31, 5, 27, 25, 28, 18, 6, 16, 34, 20, 32, 33, 9, 7, 3, 22, 26, 13, 12, 10, 19, 14, 21, 8, 1,2.10096
1, 15, 2, 24, 23, 30, 29, 17, 4, 11, 31, 5, 27, 25, 28, 18, 6, 16, 34, 20, 32, 33, 9, 7, 3, 22, 26, 13, 12, 10, 19, 14, 21, 8, 1,2.10096
1, 15, 2, 24, 23, 30, 29, 17, 4, 11, 31, 5, 27, 25, 28, 18, 6, 16, 34, 20, 32, 33, 9, 7, 3, 22, 26, 13, 12, 10, 19, 14, 21, 8, 1,2.10096
1, 15, 2, 24, 23, 30, 29, 17, 4, 11, 31, 5, 27, 25, 28, 18, 6, 16, 34, 20, 32, 33, 9, 7, 3, 22, 26, 13, 12, 10, 19, 14, 21, 8, 1,2.10096
1, 15, 2, 24, 23, 30, 29, 17, 4, 11, 31, 5, 27, 25, 28, 18, 6, 16, 34, 20, 32, 33, 9, 7, 3, 22, 26, 13, 12, 10, 19, 14, 21, 8, 1,2.10096
1, 15, 2, 24, 23, 30, 29, 17, 4, 11, 31, 5, 27, 25, 28, 18, 6, 16, 34, 20, 32, 33, 9, 7, 3, 22, 26, 13, 12, 10, 19, 14, 21, 8, 1,2.10096
1, 15, 2, 24, 23, 30, 29, 17, 4, 11, 31, 5, 27, 25, 28, 18, 6, 16, 34, 20, 32, 33, 9, 7, 3, 22, 26, 13, 12, 10, 19, 14, 21, 8, 1,2.10096
1, 15, 2, 24, 23, 30, 29, 17, 4, 11, 31, 5, 27, 25, 28, 18, 6, 16, 34, 20, 32, 33, 9, 7, 3, 22, 26, 13, 12, 10, 19, 14, 21, 8, 1,2.10096
1, 15, 2, 24, 23, 30, 29, 17, 4, 11, 31, 5, 27, 25, 28, 18, 6, 16, 34, 20, 32, 33, 9, 7, 3, 22, 26, 13, 12, 10, 19, 14, 21, 8, 1,2.10096
1, 15, 2, 24, 23, 30, 29, 17, 4, 11, 31, 5, 27, 25, 28, 18, 6, 16, 34, 20, 32, 33, 9, 7, 3, 22, 26, 13, 12, 10, 19, 14, 21, 8, 1,2.10096
1, 15, 2, 24, 23, 30, 29, 17, 4, 11, 31, 5, 27, 25, 28, 18, 6, 16, 34, 20, 32, 33, 9, 7, 3, 22, 26, 13, 12, 10, 19, 14, 21, 8, 1,2.10096
1, 15, 2, 24, 23, 30, 29, 17, 4, 11, 31, 5, 27, 25, 28, 18, 6, 16, 34, 20, 32, 33, 9, 7, 3, 22, 26, 13, 12, 10, 19, 14, 21, 8, 1,2.10096
1, 15, 2, 24, 23, 30, 29, 17, 4, 11, 31, 5, 27, 25, 28, 18, 6, 16, 34, 20, 32, 33, 9, 7, 3, 22, 26, 13, 12, 10, 19, 14, 21, 8, 1,2.10096
1, 15, 2, 24, 23, 30, 29, 17, 4, 11, 31, 5, 27, 25, 28, 18, 6, 16, 34, 20, 32, 33, 9, 7, 3, 22, 26, 13, 12, 10, 19, 14, 21, 8, 1,2.10096
1, 15, 2, 24, 23, 30, 29, 17, 4, 11, 31, 5, 27, 25, 28, 18, 6, 16, 34, 20, 32, 33, 9, 7, 3, 22, 26, 13, 12, 10, 19, 14, 21, 8, 1,2.10096
1, 15, 2, 24, 23, 30, 29, 17, 4, 11, 31, 5, 27, 25, 28, 18, 6, 16, 34, 20, 32, 33, 9, 7, 3, 22, 26, 13, 12, 10, 19, 14, 21, 8, 1,2.10096
1, 15, 2, 24, 23, 30, 29, 17, 4, 11, 31, 5, 27, 25, 28, 18, 6, 16, 34, 20, 32, 33, 9, 7, 3, 22, 26, 13, 12, 10, 19, 14, 21, 8, 1,2.10096
1, 15, 2, 24, 23, 30, 29, 17, 4, 11, 31, 5, 27, 25, 28, 18, 6, 16, 34, 20, 32, 33, 9, 7, 3, 22, 26, 13, 12, 10, 19, 14, 21, 8, 1,2.10096
1, 15, 2, 24, 23, 30, 29, 17, 4, 11, 31, 5, 27, 25, 28, 18, 6, 16, 34, 20, 32, 33, 9, 7, 3, 22, 26, 13, 12, 10, 19, 14, 21, 8, 1,2.10096
1, 15, 2, 24, 23, 30, 29, 17, 4, 11, 31, 5, 27, 25, 28, 18, 6, 16, 34, 20, 32, 33, 9, 7, 3, 22, 26, 13, 12, 10, 19, 14, 21, 8, 1,2.10096
1, 15, 2, 24, 23, 30, 29, 17, 4, 11, 31, 5, 27, 25, 28, 18, 6, 16, 34, 20, 32, 33, 9, 7, 3, 22, 26, 13, 12, 10, 19, 14, 21, 8, 1,2.10096
1, 8, 21, 14, 19, 10, 12, 13, 26, 22, 3, 7, 9, 33, 32, 20, 34, 16, 6, 18, 28, 25, 27, 5, 31, 11, 4, 17, 29, 30, 23, 24, 2, 15, 1,2.10096
1, 15, 2, 24, 23, 30, 29, 17, 4, 11, 31, 5, 27, 25, 28, 18, 6, 16, 34, 20, 32, 33, 9, 7, 3, 22, 26, 13, 12, 10, 19, 14, 21, 8, 1,2.10096
1, 15, 2, 24, 23, 30, 29, 17, 4, 11, 31, 5, 27, 25, 28, 18, 6, 16, 34, 20, 32, 33, 9, 7, 3, 22, 26, 13, 12, 10, 19, 14, 21, 8, 1,2.10096
1, 15, 2, 24, 23, 30, 29, 17, 4, 11, 31, 5, 27, 25, 28, 18, 6, 16, 34, 20, 32, 33, 9, 7, 3, 22, 26, 13, 12, 10, 19, 14, 21, 8, 1,2.10096
1, 15, 2, 24, 23, 30, 29, 17, 4, 11, 31, 5, 27, 25, 28, 18, 6, 16, 34, 20, 32, 33, 9, 7, 3, 22, 26, 13, 12, 10, 19, 14, 21, 8, 1,2.10096
1, 8, 21, 14, 19, 10, 12, 13, 26, 22, 3, 7, 9, 33, 32, 20, 34, 16, 6, 18, 28, 25, 27, 5, 31, 11, 4, 17, 29, 30, 23, 24, 2, 15, 1,2.10096
1, 8, 21, 14, 19, 10, 12, 13, 26, 22, 3, 7, 9, 33, 32, 20, 34, 16, 6, 18, 28, 25, 27, 5, 31, 11, 4, 17, 29, 30, 23, 24, 2, 15, 1,2.10096
1, 8, 21, 14, 19, 10, 12, 13, 26, 22, 3, 7, 9, 33, 32, 20, 34, 16, 6, 18, 28, 25, 27, 5, 31, 11, 4, 17, 29, 30, 23, 24, 2, 15, 1,2.10096
1, 15, 2, 24, 23, 30, 29, 17, 4, 11, 31, 5, 27, 25, 28, 18, 6, 16, 34, 20, 32, 33, 9, 7, 3, 22, 26, 13, 12, 10, 19, 14, 21, 8, 1,2.10096
1, 15, 2, 24, 23, 30, 29, 17, 4, 11, 31, 5, 27, 25, 28, 18, 6, 16, 34, 20, 32, 33, 9, 7, 3, 22, 26, 13, 12, 10, 19, 14, 21, 8, 1,2.10096
1, 15, 2, 24, 23, 30, 29, 17, 4, 11, 31, 5, 27, 25, 28, 18, 6, 16, 34, 20, 32, 33, 9, 7, 3, 22, 26, 13, 12, 10, 19, 14, 21, 8, 1,2.10096
1, 15, 2, 24, 23, 30, 29, 17, 4, 11, 31, 5, 27, 25, 28, 18, 6, 16, 34, 20, 32, 33, 9, 7, 3, 22, 26, 13, 12, 10, 19, 14, 21, 8, 1,2.10096
1, 15, 2, 24, 23, 30, 29, 17, 4, 11, 31, 5, 27, 25, 28, 18, 6, 16, 34, 20, 32, 33, 9, 7, 3, 22, 26, 13, 12, 10, 19, 14, 21, 8, 1,2.10096
1, 8, 21, 14, 19, 10, 12, 13, 26, 22, 3, 7, 9, 33, 32, 20, 34, 16, 6, 18, 28, 25, 27, 5, 31, 11, 4, 17, 29, 30, 23, 24, 2, 15, 1,2.10096
1, 8, 21, 14, 19, 10, 12, 13, 26, 22, 3, 7, 9, 33, 32, 20, 34, 16, 6, 18, 28, 25, 27, 5, 31, 11, 4, 17, 29, 30, 23, 24, 2, 15, 1,2.10096
1, 8, 21, 14, 19, 10, 12, 13, 26, 22, 3, 7, 9, 33, 32, 20, 34, 16, 6, 18, 28, 25, 27, 5, 31, 11, 4, 17, 29, 30, 23, 24, 2, 15, 1,2.10096
1, 8, 21, 14, 19, 10, 12, 13, 26, 22, 3, 7, 9, 33, 32, 20, 34, 16, 6, 18, 28, 25, 27, 5, 31, 11, 4, 17, 29, 30, 23, 24, 2, 15, 1,2.10096
1, 15, 2, 24, 23, 30, 29, 17, 4, 11, 31, 5, 27, 25, 28, 18, 6, 16, 34, 20, 32, 33, 9, 7, 3, 22, 26, 13, 12, 10, 19, 14, 21, 8, 1,2.10096
1, 15, 2, 24, 23, 30, 29, 17, 4, 11, 31, 5, 27, 25, 28, 18, 6, 16, 34, 20, 32, 33, 9, 7, 3, 22, 26, 13, 12, 10, 19, 14, 21, 8, 1,2.10096
1, 15, 2, 24, 23, 30, 29, 17, 4, 11, 31, 5, 27, 25, 28, 18, 6, 16, 34, 20, 32, 33, 9, 7, 3, 22, 26, 13, 12, 10, 19, 14, 21, 8, 1,2.10096
1, 15, 2, 24, 23, 30, 29, 17, 4, 11, 31, 5, 27, 25, 28, 18, 6, 16, 34, 20, 32, 33, 9, 7, 3, 22, 26, 13, 12, 10, 19, 14, 21, 8, 1,2.10096
1, 15, 2, 24, 23, 30, 29, 17, 4, 11, 31, 5, 27, 25, 28, 18, 6, 16, 34, 20, 32, 33, 9, 7, 3, 22, 26, 13, 12, 10, 19, 14, 21, 8, 1,2.10096
1, 8, 21, 14, 19, 10, 12, 13, 26, 22, 3, 7, 9, 33, 32, 20, 34, 16, 6, 18, 28, 25, 27, 5, 31, 11, 4, 17, 29, 30, 23, 24, 2, 15, 1,2.10096
1, 15, 2, 24, 23, 30, 29, 17, 4, 11, 31, 5, 27, 25, 28, 18, 6, 16, 34, 20, 32, 33, 9, 7, 3, 22, 26, 13, 12, 10, 19, 14, 21, 8, 1,2.10096
1, 8, 21, 14, 19, 10, 12, 13, 26, 22, 3, 7, 9, 33, 32, 20, 34, 16, 6, 18, 28, 25, 27, 5, 31, 11, 4, 17, 29, 30, 23, 24, 2, 15, 1,2.10096
1, 15, 2, 24, 23, 30, 29, 17, 4, 11, 31, 5, 27, 25, 28, 18, 6, 16, 34, 20, 32, 33, 9, 7, 3, 22, 26, 13, 12, 10, 19, 14, 21, 8, 1,2.10096
1, 15, 2, 24, 23, 30, 29, 17, 4, 11, 31, 5, 27, 25, 28, 18, 6, 16, 34, 20, 32, 33, 9, 7, 3, 22, 26, 13, 12, 10, 19, 14, 21, 8, 1,2.10096
1, 8, 21, 14, 19, 10, 12, 13, 26, 22, 3, 7, 9, 33, 32, 20, 34, 16, 6, 18, 28, 25, 27, 5, 31, 11, 4, 17, 29, 30, 23, 24, 2, 15, 1,2.10096
1, 8, 21, 14, 19, 10, 12, 13, 26, 22, 3, 7, 9, 33, 32, 20, 34, 16, 6, 18, 28, 25, 27, 5, 31, 11, 4, 17, 29, 30, 23, 24, 2, 15, 1,2.10096
1, 8, 21, 14, 19, 10, 12, 13, 26, 22, 3, 7, 9, 33, 32, 20, 34, 16, 6, 18, 28, 25, 27, 5, 31, 11, 4, 17, 29, 30, 23, 24, 2, 15, 1,2.10096
1, 8, 21, 14, 19, 10, 12, 13, 26, 22, 3, 7, 9, 33, 32, 20, 34, 16, 6, 18, 28, 25, 27, 5, 31, 11, 4, 17, 29, 30, 23, 24, 2, 15, 1,2.10096
1, 8, 21, 14, 19, 10, 12, 13, 26, 22, 3, 7, 9, 33, 32, 20, 34, 16, 6, 18, 28, 25, 27, 5, 31, 11, 4, 17, 29, 30, 23, 24, 2, 15, 1,2.10096
1, 8, 21, 14, 19, 10, 12, 13, 26, 22, 3, 7, 9, 33, 32, 20, 34, 16, 6, 18, 28, 25, 27, 5, 31, 11, 4, 17, 29, 30, 23, 24, 2, 15, 1,2.10096
1, 8, 21, 14, 19, 10, 12, 13, 26, 22, 3, 7, 9, 33, 32, 20, 34, 16, 6, 18, 28, 25, 27, 5, 31, 11, 4, 17, 29, 30, 23, 24, 2, 15, 1,2.10096
1, 8, 21, 14, 19, 10, 12, 13, 26, 22, 3, 7, 9, 33, 32, 20, 34, 16, 6, 18, 28, 25, 27, 5, 31, 11, 4, 17, 29, 30, 23, 24, 2, 15, 1,2.10096
1, 8, 21, 14, 19, 10, 12, 13, 26, 22, 3, 7, 9, 33, 32, 20, 34, 16, 6, 18, 28, 25, 27, 5, 31, 11, 4, 17, 29, 30, 23, 24, 2, 15, 1,2.10096
1, 8, 21, 14, 19, 10, 12, 13, 26, 22, 3, 7, 9, 33, 32, 20, 34, 16, 6, 18, 28, 25, 27, 5, 31, 11, 4, 17, 29, 30, 23, 24, 2, 15, 1,2.10096
1, 8, 21, 14, 19, 10, 12, 13, 26, 22, 3, 7, 9, 33, 32, 20, 34, 16, 6, 18, 28, 25, 27, 5, 31, 11, 4, 17, 29, 30, 23, 24, 2, 15, 1,2.10096
1, 15, 2, 24, 23, 30, 29, 17, 4, 11, 31, 5, 27, 25, 28, 18, 6, 16, 34, 20, 32, 33, 9, 7, 3, 22, 26, 13, 12, 10, 19, 14, 21, 8, 1,2.10096
1, 15, 2, 24, 23, 30, 29, 17, 4, 11, 31, 5, 27, 25, 28, 18, 6, 16, 34, 20, 32, 33, 9, 7, 3, 22, 26, 13, 12, 10, 19, 14, 21, 8, 1,2.10096
1, 15, 2, 24, 23, 30, 29, 17, 4, 11, 31, 5, 27, 25, 28, 18, 6, 16, 34, 20, 32, 33, 9, 7, 3, 22, 26, 13, 12, 10, 19, 14, 21, 8, 1,2.10096
1, 8, 21, 14, 19, 10, 12, 13, 26, 22, 3, 7, 9, 33, 32, 20, 34, 16, 6, 18, 28, 25, 27, 5, 31, 11, 4, 17, 29, 30, 23, 24, 2, 15, 1,2.10096
1, 15, 2, 24, 23, 30, 29, 17, 4, 11, 31, 5, 27, 25, 28, 18, 6, 16, 34, 20, 32, 33, 9, 7, 3, 22, 26, 13, 12, 10, 19, 14, 21, 8, 1,2.10096
1, 15, 2, 24, 23, 30, 29, 17, 4, 11, 31, 5, 27, 25, 28, 18, 6, 16, 34, 20, 32, 33, 9, 7, 3, 22, 26, 13, 12, 10, 19, 14, 21, 8, 1,2.10096
1, 8, 21, 14, 19, 10, 12, 13, 26, 22, 3, 7, 9, 33, 32, 20, 34, 16, 6, 18, 28, 25, 27, 5, 31, 11, 4, 17, 29, 30, 23, 24, 2, 15, 1,2.10096
1, 8, 21, 14, 19, 10, 12, 13, 26, 22, 3, 7, 9, 33, 32, 20, 34, 16, 6, 18, 28, 25, 27, 5, 31, 11, 4, 17, 29, 30, 23, 24, 2, 15, 1,2.10096
1, 15, 2, 24, 23, 30, 29, 17, 4, 11, 31, 5, 27, 25, 28, 18, 6, 16, 34, 20, 32, 33, 9, 7, 3, 22, 26, 13, 12, 10, 19, 14, 21, 8, 1,2.10096
1, 15, 2, 24, 23, 30, 29, 17, 4, 11, 31, 5, 27, 25, 28, 18, 6, 16, 34, 20, 32, 33, 9, 7, 3, 22, 26, 13, 12, 10, 19, 14, 21, 8, 1,2.10096
1, 15, 2, 24, 23, 30, 29, 17, 4, 11, 31, 5, 27, 25, 28, 18, 6, 16, 34, 20, 32, 33, 9, 7, 3, 22, 26, 13, 12, 10, 19, 14, 21, 8, 1,2.10096
1, 15, 2, 24, 23, 30, 29, 17, 4, 11, 31, 5, 27, 25, 28, 18, 6, 16, 34, 20, 32, 33, 9, 7, 3, 22, 26, 13, 12, 10, 19, 14, 21, 8, 1,2.10096
1, 15, 2, 24, 23, 30, 29, 17, 4, 11, 31, 5, 27, 25, 28, 18, 6, 16, 34, 20, 32, 33, 9, 7, 3, 22, 26, 13, 12, 10, 19, 14, 21, 8, 1,2.10096
1, 15, 2, 24, 23, 30, 29, 17, 4, 11, 31, 5, 27, 25, 28, 18, 6, 16, 34, 20, 32, 33, 9, 7, 3, 22, 26, 13, 12, 10, 19, 14, 21, 8, 1,2.10096
1, 15, 2, 24, 23, 30, 29, 17, 4, 11, 31, 5, 27, 25, 28, 18, 6, 16, 34, 20, 32, 33, 9, 7, 3, 22, 26, 13, 12, 10, 19, 14, 21, 8, 1,2.10096
1, 15, 2, 24, 23, 30, 29, 17, 4, 11, 31, 5, 27, 25, 28, 18, 6, 16, 34, 20, 32, 33, 9, 7, 3, 22, 26, 13, 12, 10, 19, 14, 21, 8, 1,2.10096
1, 15, 2, 24, 23, 30, 29, 17, 4, 11, 31, 5, 27, 25, 28, 18, 6, 16, 34, 20, 32, 33, 9, 7, 3, 22, 26, 13, 12, 10, 19, 14, 21, 8, 1,2.10096
1, 15, 2, 24, 23, 30, 29, 17, 4, 11, 31, 5, 27, 25, 28, 18, 6, 16, 34, 20, 32, 33, 9, 7, 3, 22, 26, 13, 12, 10, 19, 14, 21, 8, 1,2.10096
1, 15, 2, 24, 23, 30, 29, 17, 4, 11, 31, 5, 27, 25, 28, 18, 6, 16, 34, 20, 32, 33, 9, 7, 3, 22, 26, 13, 12, 10, 19, 14, 21, 8, 1,2.10096
1, 15, 2, 24, 23, 30, 29, 17, 4, 11, 31, 5, 27, 25, 28, 18, 6, 16, 34, 20, 32, 33, 9, 7, 3, 22, 26, 13, 12, 10, 19, 14, 21, 8, 1,2.10096
1, 15, 2, 24, 23, 30, 29, 17, 4, 11, 31, 5, 27, 25, 28, 18, 6, 16, 34, 20, 32, 33, 9, 7, 3, 22, 26, 13, 12, 10, 19, 14, 21, 8, 1,2.10096
1, 15, 2, 24, 23, 30, 29, 17, 4, 11, 31, 5, 27, 25, 28, 18, 6, 16, 34, 20, 32, 33, 9, 7, 3, 22, 26, 13, 12, 10, 19, 14, 21, 8, 1,2.10096
1, 8, 21, 14, 19, 10, 12, 13, 26, 22, 3, 7, 9, 33, 32, 20, 34, 16, 6, 18, 28, 25, 27, 5, 31, 11, 4, 17, 29, 30, 23, 24, 2, 15, 1,2.10096
1, 8, 21, 14, 19, 10, 12, 13, 26, 22, 3, 7, 9, 33, 32, 20, 34, 16, 6, 18, 28, 25, 27, 5, 31, 11, 4, 17, 29, 30, 23, 24, 2, 15, 1,2.10096
1, 15, 2, 24, 23, 30, 29, 17, 4, 11, 31, 5, 27, 25, 28, 18, 6, 16, 34, 20, 32, 33, 9, 7, 3, 22, 26, 13, 12, 10, 19, 14, 21, 8, 1,2.10096
1, 15, 2, 24, 23, 30, 29, 17, 4, 11, 31, 5, 27, 25, 28, 18, 6, 16, 34, 20, 32, 33, 9, 7, 3, 22, 26, 13, 12, 10, 19, 14, 21, 8, 1,2.10096
1, 8, 21, 14, 19, 10, 12, 13, 26, 22, 3, 7, 9, 33, 32, 20, 34, 16, 6, 18, 28, 25, 27, 5, 31, 11, 4, 17, 29, 30, 23, 24, 2, 15, 1,2.10096
1, 8, 21, 14, 19, 10, 12, 13, 26, 22, 3, 7, 9, 33, 32, 20, 34, 16, 6, 18, 28, 25, 27, 5, 31, 11, 4, 17, 29, 30, 23, 24, 2, 15, 1,2.10096
1, 8, 21, 14, 19, 10, 12, 13, 26, 22, 3, 7, 9, 33, 32, 20, 34, 16, 6, 18, 28, 25, 27, 5, 31, 11, 4, 17, 29, 30, 23, 24, 2, 15, 1,2.10096
1, 8, 21, 14, 19, 10, 12, 13, 26, 22, 3, 7, 9, 33, 32, 20, 34, 16, 6, 18, 28, 25, 27, 5, 31, 11, 4, 17, 29, 30, 23, 24, 2, 15, 1,2.10096
1, 8, 21, 14, 19, 10, 12, 13, 26, 22, 3, 7, 9, 33, 32, 20, 34, 16, 6, 18, 28, 25, 27, 5, 31, 11, 4, 17, 29, 30, 23, 24, 2, 15, 1,2.10096
1, 15, 2, 24, 23, 30, 29, 17, 4, 11, 31, 5, 27, 25, 28, 18, 6, 16, 34, 20, 32, 33, 9, 7, 3, 22, 26, 13, 12, 10, 19, 14, 21, 8, 1,2.10096
1, 15, 2, 24, 23, 30, 29, 17, 4, 11, 31, 5, 27, 25, 28, 18, 6, 16, 34, 20, 32, 33, 9, 7, 3, 22, 26, 13, 12, 10, 19, 14, 21, 8, 1,2.10096
1, 15, 2, 24, 23, 30, 29, 17, 4, 11, 31, 5, 27, 25, 28, 18, 6, 16, 34, 20, 32, 33, 9, 7, 3, 22, 26, 13, 12, 10, 19, 14, 21, 8, 1,2.10096
1, 15, 2, 24, 23, 30, 29, 17, 4, 11, 31, 5, 27, 25, 28, 18, 6, 16, 34, 20, 32, 33, 9, 7, 3, 22, 26, 13, 12, 10, 19, 14, 21, 8, 1,2.10096
1, 15, 2, 24, 23, 30, 29, 17, 4, 11, 31, 5, 27, 25, 28, 18, 6, 16, 34, 20, 32, 33, 9, 7, 3, 22, 26, 13, 12, 10, 19, 14, 21, 8, 1,2.10096
1, 15, 2, 24, 23, 30, 29, 17, 4, 11, 31, 5, 27, 25, 28, 18, 6, 16, 34, 20, 32, 33, 9, 7, 3, 22, 26, 13, 12, 10, 19, 14, 21, 8, 1,2.10096
1, 15, 2, 24, 23, 30, 29, 17, 4, 11, 31, 5, 27, 25, 28, 18, 6, 16, 34, 20, 32, 33, 9, 7, 3, 22, 26, 13, 12, 10, 19, 14, 21, 8, 1,2.10096
1, 8, 21, 14, 19, 10, 12, 13, 26, 22, 3, 7, 9, 33, 32, 20, 34, 16, 6, 18, 28, 25, 27, 5, 31, 11, 4, 17, 29, 30, 23, 24, 2, 15, 1,2.10096
1, 15, 2, 24, 23, 30, 29, 17, 4, 11, 31, 5, 27, 25, 28, 18, 6, 16, 34, 20, 32, 33, 9, 7, 3, 22, 26, 13, 12, 10, 19, 14, 21, 8, 1,2.10096
1, 15, 2, 24, 23, 30, 29, 17, 4, 11, 31, 5, 27, 25, 28, 18, 6, 16, 34, 20, 32, 33, 9, 7, 3, 22, 26, 13, 12, 10, 19, 14, 21, 8, 1,2.10096
1, 8, 21, 14, 19, 10, 12, 13, 26, 22, 3, 7, 9, 33, 32, 20, 34, 16, 6, 18, 28, 25, 27, 5, 31, 11, 4, 17, 29, 30, 23, 24, 2, 15, 1,2.10096
1, 15, 2, 24, 23, 30, 29, 17, 4, 11, 31, 5, 27, 25, 28, 18, 6, 16, 34, 20, 32, 33, 9, 7, 3, 22, 26, 13, 12, 10, 19, 14, 21, 8, 1,2.10096
1, 15, 2, 24, 23, 30, 29, 17, 4, 11, 31, 5, 27, 25, 28, 18, 6, 16, 34, 20, 32, 33, 9, 7, 3, 22, 26, 13, 12, 10, 19, 14, 21, 8, 1,2.10096
1, 15, 2, 24, 23, 30, 29, 17, 4, 11, 31, 5, 27, 25, 28, 18, 6, 16, 34, 20, 32, 33, 9, 7, 3, 22, 26, 13, 12, 10, 19, 14, 21, 8, 1,2.10096
1, 15, 2, 24, 23, 30, 29, 17, 4, 11, 31, 5, 27, 25, 28, 18, 6, 16, 34, 20, 32, 33, 9, 7, 3, 22, 26, 13, 12, 10, 19, 14, 21, 8, 1,2.10096
1, 15, 2, 24, 23, 30, 29, 17, 4, 11, 31, 5, 27, 25, 28, 18, 6, 16, 34, 20, 32, 33, 9, 7, 3, 22, 26, 13, 12, 10, 19, 14, 21, 8, 1,2.10096
1, 15, 2, 24, 23, 30, 29, 17, 4, 11, 31, 5, 27, 25, 28, 18, 6, 16, 34, 20, 32, 33, 9, 7, 3, 22, 26, 13, 12, 10, 19, 14, 21, 8, 1,2.10096
1, 8, 21, 14, 19, 10, 12, 13, 26, 22, 3, 7, 9, 33, 32, 20, 34, 16, 6, 18, 28, 25, 27, 5, 31, 11, 4, 17, 29, 30, 23, 24, 2, 15, 1,2.10096
1, 8, 21, 14, 19, 10, 12, 13, 26, 22, 3, 7, 9, 33, 32, 20, 34, 16, 6, 18, 28, 25, 27, 5, 31, 11, 4, 17, 29, 30, 23, 24, 2, 15, 1,2.10096
1, 15, 2, 24, 23, 30, 29, 17, 4, 11, 31, 5, 27, 25, 28, 18, 6, 16, 34, 20, 32, 33, 9, 7, 3, 22, 26, 13, 12, 10, 19, 14, 21, 8, 1,2.10096
1, 15, 2, 24, 23, 30, 29, 17, 4, 11, 31, 5, 27, 25, 28, 18, 6, 16, 34, 20, 32, 33, 9, 7, 3, 22, 26, 13, 12, 10, 19, 14, 21, 8, 1,2.10096
1, 15, 2, 24, 23, 30, 29, 17, 4, 11, 31, 5, 27, 25, 28, 18, 6, 16, 34, 20, 32, 33, 9, 7, 3, 22, 26, 13, 12, 10, 19, 14, 21, 8, 1,2.10096
1, 15, 2, 24, 23, 30, 29, 17, 4, 11, 31, 5, 27, 25, 28, 18, 6, 16, 34, 20, 32, 33, 9, 7, 3, 22, 26, 13, 12, 10, 19, 14, 21, 8, 1,2.10096
1, 15, 2, 24, 23, 30, 29, 17, 4, 11, 31, 5, 27, 25, 28, 18, 6, 16, 34, 20, 32, 33, 9, 7, 3, 22, 26, 13, 12, 10, 19, 14, 21, 8, 1,2.10096
1, 8, 21, 14, 19, 10, 12, 13, 26, 22, 3, 7, 9, 33, 32, 20, 34, 16, 6, 18, 28, 25, 27, 5, 31, 11, 4, 17, 29, 30, 23, 24, 2, 15, 1,2.10096
1, 8, 21, 14, 19, 10, 12, 13, 26, 22, 3, 7, 9, 33, 32, 20, 34, 16, 6, 18, 28, 25, 27, 5, 31, 11, 4, 17, 29, 30, 23, 24, 2, 15, 1,2.10096
1, 8, 21, 14, 19, 10, 12, 13, 26, 22, 3, 7, 9, 33, 32, 20, 34, 16, 6, 18, 28, 25, 27, 5, 31, 11, 4, 17, 29, 30, 23, 24, 2, 15, 1,2.10096
1, 15, 2, 24, 23, 30, 29, 17, 4, 11, 31, 5, 27, 25, 28, 18, 6, 16, 34, 20, 32, 33, 9, 7, 3, 22, 26, 13, 12, 10, 19, 14, 21, 8, 1,2.10096
1, 15, 2, 24, 23, 30, 29, 17, 4, 11, 31, 5, 27, 25, 28, 18, 6, 16, 34, 20, 32, 33, 9, 7, 3, 22, 26, 13, 12, 10, 19, 14, 21, 8, 1,2.10096
1, 15, 2, 24, 23, 30, 29, 17, 4, 11, 31, 5, 27, 25, 28, 18, 6, 16, 34, 20, 32, 33, 9, 7, 3, 22, 26, 13, 12, 10, 19, 14, 21, 8, 1,2.10096
1, 15, 2, 24, 23, 30, 29, 17, 4, 11, 31, 5, 27, 25, 28, 18, 6, 16, 34, 20, 32, 33, 9, 7, 3, 22, 26, 13, 12, 10, 19, 14, 21, 8, 1,2.10096
1, 8, 21, 14, 19, 10, 12, 13, 26, 22, 3, 7, 9, 33, 32, 20, 34, 16, 6, 18, 28, 25, 27, 5, 31, 11, 4, 17, 29, 30, 23, 24, 2, 15, 1,2.10096
1, 8, 21, 14, 19, 10, 12, 13, 26, 22, 3, 7, 9, 33, 32, 20, 34, 16, 6, 18, 28, 25, 27, 5, 31, 11, 4, 17, 29, 30, 23, 24, 2, 15, 1,2.10096
1, 8, 21, 14, 19, 10, 12, 13, 26, 22, 3, 7, 9, 33, 32, 20, 34, 16, 6, 18, 28, 25, 27, 5, 31, 11, 4, 17, 29, 30, 23, 24, 2, 15, 1,2.10096
1, 15, 2, 24, 23, 30, 29, 17, 4, 11, 31, 5, 27, 25, 28, 18, 6, 16, 34, 20, 32, 33, 9, 7, 3, 22, 26, 13, 12, 10, 19, 14, 21, 8, 1,2.10096
1, 15, 2, 24, 23, 30, 29, 17, 4, 11, 31, 5, 27, 25, 28, 18, 6, 16, 34, 20, 32, 33, 9, 7, 3, 22, 26, 13, 12, 10, 19, 14, 21, 8, 1,2.10096
1, 15, 2, 24, 23, 30, 29, 17, 4, 11, 31, 5, 27, 25, 28, 18, 6, 16, 34, 20, 32, 33, 9, 7, 3, 22, 26, 13, 12, 10, 19, 14, 21, 8, 1,2.10096
1, 8, 21, 14, 19, 10, 12, 13, 26, 22, 3, 7, 9, 33, 32, 20, 34, 16, 6, 18, 28, 25, 27, 5, 31, 11, 4, 17, 29, 30, 23, 24, 2, 15, 1,2.10096
1, 15, 2, 24, 23, 30, 29, 17, 4, 11, 31, 5, 27, 25, 28, 18, 6, 16, 34, 20, 32, 33, 9, 7, 3, 22, 26, 13, 12, 10, 19, 14, 21, 8, 1,2.10096
1, 15, 2, 24, 23, 30, 29, 17, 4, 11, 31, 5, 27, 25, 28, 18, 6, 16, 34, 20, 32, 33, 9, 7, 3, 22, 26, 13, 12, 10, 19, 14, 21, 8, 1,2.10096
1, 15, 2, 24, 23, 30, 29, 17, 4, 11, 31, 5, 27, 25, 28, 18, 6, 16, 34, 20, 32, 33, 9, 7, 3, 22, 26, 13, 12, 10, 19, 14, 21, 8, 1,2.10096
1, 15, 2, 24, 23, 30, 29, 17, 4, 11, 31, 5, 27, 25, 28, 18, 6, 16, 34, 20, 32, 33, 9, 7, 3, 22, 26, 13, 12, 10, 19, 14, 21, 8, 1,2.10096
1, 15, 2, 24, 23, 30, 29, 17, 4, 11, 31, 5, 27, 25, 28, 18, 6, 16, 34, 20, 32, 33, 9, 7, 3, 22, 26, 13, 12, 10, 19, 14, 21, 8, 1,2.10096
1, 8, 21, 14, 19, 10, 12, 13, 26, 22, 3, 7, 9, 33, 32, 20, 34, 16, 6, 18, 28, 25, 27, 5, 31, 11, 4, 17, 29, 30, 23, 24, 2, 15, 1,2.10096
1, 15, 2, 24, 23, 30, 29, 17, 4, 11, 31, 5, 27, 25, 28, 18, 6, 16, 34, 20, 32, 33, 9, 7, 3, 22, 26, 13, 12, 10, 19, 14, 21, 8, 1,2.10096
1, 15, 2, 24, 23, 30, 29, 17, 4, 11, 31, 5, 27, 25, 28, 18, 6, 16, 34, 20, 32, 33, 9, 7, 3, 22, 26, 13, 12, 10, 19, 14, 21, 8, 1,2.10096
1, 15, 2, 24, 23, 30, 29, 17, 4, 11, 31, 5, 27, 25, 28, 18, 6, 16, 34, 20, 32, 33, 9, 7, 3, 22, 26, 13, 12, 10, 19, 14, 21, 8, 1,2.10096
1, 15, 2, 24, 23, 30, 29, 17, 4, 11, 31, 5, 27, 25, 28, 18, 6, 16, 34, 20, 32, 33, 9, 7, 3, 22, 26, 13, 12, 10, 19, 14, 21, 8, 1,2.10096
1, 15, 2, 24, 23, 30, 29, 17, 4, 11, 31, 5, 27, 25, 28, 18, 6, 16, 34, 20, 32, 33, 9, 7, 3, 22, 26, 13, 12, 10, 19, 14, 21, 8, 1,2.10096
1, 8, 21, 14, 19, 10, 12, 13, 26, 22, 3, 7, 9, 33, 32, 20, 34, 16, 6, 18, 28, 25, 27, 5, 31, 11, 4, 17, 29, 30, 23, 24, 2, 15, 1,2.10096
1, 15, 2, 24, 23, 30, 29, 17, 4, 11, 31, 5, 27, 25, 28, 18, 6, 16, 34, 20, 32, 33, 9, 7, 3, 22, 26, 13, 12, 10, 19, 14, 21, 8, 1,2.10096
1, 15, 2, 24, 23, 30, 29, 17, 4, 11, 31, 5, 27, 25, 28, 18, 6, 16, 34, 20, 32, 33, 9, 7, 3, 22, 26, 13, 12, 10, 19, 14, 21, 8, 1,2.10096
1, 15, 2, 24, 23, 30, 29, 17, 4, 11, 31, 5, 27, 25, 28, 18, 6, 16, 34, 20, 32, 33, 9, 7, 3, 22, 26, 13, 12, 10, 19, 14, 21, 8, 1,2.10096
1, 15, 2, 24, 23, 30, 29, 17, 4, 11, 31, 5, 27, 25, 28, 18, 6, 16, 34, 20, 32, 33, 9, 7, 3, 22, 26, 13, 12, 10, 19, 14, 21, 8, 1,2.10096
1, 15, 2, 24, 23, 30, 29, 17, 4, 11, 31, 5, 27, 25, 28, 18, 6, 16, 34, 20, 32, 33, 9, 7, 3, 22, 26, 13, 12, 10, 19, 14, 21, 8, 1,2.10096
1, 15, 2, 24, 23, 30, 29, 17, 4, 11, 31, 5, 27, 25, 28, 18, 6, 16, 34, 20, 32, 33, 9, 7, 3, 22, 26, 13, 12, 10, 19, 14, 21, 8, 1,2.10096
1, 15, 2, 24, 23, 30, 29, 17, 4, 11, 31, 5, 27, 25, 28, 18, 6, 16, 34, 20, 32, 33, 9, 7, 3, 22, 26, 13, 12, 10, 19, 14, 21, 8, 1,2.10096
1, 15, 2, 24, 23, 30, 29, 17, 4, 11, 31, 5, 27, 25, 28, 18, 6, 16, 34, 20, 32, 33, 9, 7, 3, 22, 26, 13, 12, 10, 19, 14, 21, 8, 1,2.10096
1, 15, 2, 24, 23, 30, 29, 17, 4, 11, 31, 5, 27, 25, 28, 18, 6, 16, 34, 20, 32, 33, 9, 7, 3, 22, 26, 13, 12, 10, 19, 14, 21, 8, 1,2.10096
1, 8, 21, 14, 19, 10, 12, 13, 26, 22, 3, 7, 9, 33, 32, 20, 34, 16, 6, 18, 28, 25, 27, 5, 31, 11, 4, 17, 29, 30, 23, 24, 2, 15, 1,2.10096
1, 15, 2, 24, 23, 30, 29, 17, 4, 11, 31, 5, 27, 25, 28, 18, 6, 16, 34, 20, 32, 33, 9, 7, 3, 22, 26, 13, 12, 10, 19, 14, 21, 8, 1,2.10096
1, 15, 2, 24, 23, 30, 29, 17, 4, 11, 31, 5, 27, 25, 28, 18, 6, 16, 34, 20, 32, 33, 9, 7, 3, 22, 26, 13, 12, 10, 19, 14, 21, 8, 1,2.10096
1, 8, 21, 14, 19, 10, 12, 13, 26, 22, 3, 7, 9, 33, 32, 20, 34, 16, 6, 18, 28, 25, 27, 5, 31, 11, 4, 17, 29, 30, 23, 24, 2, 15, 1,2.10096
1, 15, 2, 24, 23, 30, 29, 17, 4, 11, 31, 5, 27, 25, 28, 18, 6, 16, 34, 20, 32, 33, 9, 7, 3, 22, 26, 13, 12, 10, 19, 14, 21, 8, 1,2.10096
1, 15, 2, 24, 23, 30, 29, 17, 4, 11, 31, 5, 27, 25, 28, 18, 6, 16, 34, 20, 32, 33, 9, 7, 3, 22, 26, 13, 12, 10, 19, 14, 21, 8, 1,2.10096
1, 15, 2, 24, 23, 30, 29, 17, 4, 11, 31, 5, 27, 25, 28, 18, 6, 16, 34, 20, 32, 33, 9, 7, 3, 22, 26, 13, 12, 10, 19, 14, 21, 8, 1,2.10096
1, 15, 2, 24, 23, 30, 29, 17, 4, 11, 31, 5, 27, 25, 28, 18, 6, 16, 34, 20, 32, 33, 9, 7, 3, 22, 26, 13, 12, 10, 19, 14, 21, 8, 1,2.10096
1, 8, 21, 14, 19, 10, 12, 13, 26, 22, 3, 7, 9, 33, 32, 20, 34, 16, 6, 18, 28, 25, 27, 5, 31, 11, 4, 17, 29, 30, 23, 24, 2, 15, 1,2.10096
1, 8, 21, 14, 19, 10, 12, 13, 26, 22, 3, 7, 9, 33, 32, 20, 34, 16, 6, 18, 28, 25, 27, 5, 31, 11, 4, 17, 29, 30, 23, 24, 2, 15, 1,2.10096
1, 8, 21, 14, 19, 10, 12, 13, 26, 22, 3, 7, 9, 33, 32, 20, 34, 16, 6, 18, 28, 25, 27, 5, 31, 11, 4, 17, 29, 30, 23, 24, 2, 15, 1,2.10096
1, 8, 21, 14, 19, 10, 12, 13, 26, 22, 3, 7, 9, 33, 32, 20, 34, 16, 6, 18, 28, 25, 27, 5, 31, 11, 4, 17, 29, 30, 23, 24, 2, 15, 1,2.10096
1, 8, 21, 14, 19, 10, 12, 13, 26, 22, 3, 7, 9, 33, 32, 20, 34, 16, 6, 18, 28, 25, 27, 5, 31, 11, 4, 17, 29, 30, 23, 24, 2, 15, 1,2.10096
1, 8, 21, 14, 19, 10, 12, 13, 26, 22, 3, 7, 9, 33, 32, 20, 34, 16, 6, 18, 28, 25, 27, 5, 31, 11, 4, 17, 29, 30, 23, 24, 2, 15, 1,2.10096
1, 8, 21, 14, 19, 10, 12, 13, 26, 22, 3, 7, 9, 33, 32, 20, 34, 16, 6, 18, 28, 25, 27, 5, 31, 11, 4, 17, 29, 30, 23, 24, 2, 15, 1,2.10096
1, 8, 21, 14, 19, 10, 12, 13, 26, 22, 3, 7, 9, 33, 32, 20, 34, 16, 6, 18, 28, 25, 27, 5, 31, 11, 4, 17, 29, 30, 23, 24, 2, 15, 1,2.10096
1, 8, 21, 14, 19, 10, 12, 13, 26, 22, 3, 7, 9, 33, 32, 20, 34, 16, 6, 18, 28, 25, 27, 5, 31, 11, 4, 17, 29, 30, 23, 24, 2, 15, 1,2.10096
1, 8, 21, 14, 19, 10, 12, 13, 26, 22, 3, 7, 9, 33, 32, 20, 34, 16, 6, 18, 28, 25, 27, 5, 31, 11, 4, 17, 29, 30, 23, 24, 2, 15, 1,2.10096
1, 8, 21, 14, 19, 10, 12, 13, 26, 22, 3, 7, 9, 33, 32, 20, 34, 16, 6, 18, 28, 25, 27, 5, 31, 11, 4, 17, 29, 30, 23, 24, 2, 15, 1,2.10096
1, 8, 21, 14, 19, 10, 12, 13, 26, 22, 3, 7, 9, 33, 32, 20, 34, 16, 6, 18, 28, 25, 27, 5, 31, 11, 4, 17, 29, 30, 23, 24, 2, 15, 1,2.10096
1, 8, 21, 14, 19, 10, 12, 13, 26, 22, 3, 7, 9, 33, 32, 20, 34, 16, 6, 18, 28, 25, 27, 5, 31, 11, 4, 17, 29, 30, 23, 24, 2, 15, 1,2.10096
1, 15, 2, 24, 23, 30, 29, 17, 4, 11, 31, 5, 27, 25, 28, 18, 6, 16, 34, 20, 32, 33, 9, 7, 3, 22, 26, 13, 12, 10, 19, 14, 21, 8, 1,2.10096
1, 15, 2, 24, 23, 30, 29, 17, 4, 11, 31, 5, 27, 25, 28, 18, 6, 16, 34, 20, 32, 33, 9, 7, 3, 22, 26, 13, 12, 10, 19, 14, 21, 8, 1,2.10096
1, 15, 2, 24, 23, 30, 29, 17, 4, 11, 31, 5, 27, 25, 28, 18, 6, 16, 34, 20, 32, 33, 9, 7, 3, 22, 26, 13, 12, 10, 19, 14, 21, 8, 1,2.10096
1, 15, 2, 24, 23, 30, 29, 17, 4, 11, 31, 5, 27, 25, 28, 18, 6, 16, 34, 20, 32, 33, 9, 7, 3, 22, 26, 13, 12, 10, 19, 14, 21, 8, 1,2.10096
1, 8, 21, 14, 19, 10, 12, 13, 26, 22, 3, 7, 9, 33, 32, 20, 34, 16, 6, 18, 28, 25, 27, 5, 31, 11, 4, 17, 29, 30, 23, 24, 2, 15, 1,2.10096
1, 15, 2, 24, 23, 30, 29, 17, 4, 11, 31, 5, 27, 25, 28, 18, 6, 16, 34, 20, 32, 33, 9, 7, 3, 22, 26, 13, 12, 10, 19, 14, 21, 8, 1,2.10096
1, 15, 2, 24, 23, 30, 29, 17, 4, 11, 31, 5, 27, 25, 28, 18, 6, 16, 34, 20, 32, 33, 9, 7, 3, 22, 26, 13, 12, 10, 19, 14, 21, 8, 1,2.10096
1, 15, 2, 24, 23, 30, 29, 17, 4, 11, 31, 5, 27, 25, 28, 18, 6, 16, 34, 20, 32, 33, 9, 7, 3, 22, 26, 13, 12, 10, 19, 14, 21, 8, 1,2.10096
1, 15, 2, 24, 23, 30, 29, 17, 4, 11, 31, 5, 27, 25, 28, 18, 6, 16, 34, 20, 32, 33, 9, 7, 3, 22, 26, 13, 12, 10, 19, 14, 21, 8, 1,2.10096
1, 8, 21, 14, 19, 10, 12, 13, 26, 22, 3, 7, 9, 33, 32, 20, 34, 16, 6, 18, 28, 25, 27, 5, 31, 11, 4, 17, 29, 30, 23, 24, 2, 15, 1,2.10096
1, 8, 21, 14, 19, 10, 12, 13, 26, 22, 3, 7, 9, 33, 32, 20, 34, 16, 6, 18, 28, 25, 27, 5, 31, 11, 4, 17, 29, 30, 23, 24, 2, 15, 1,2.10096
1, 15, 2, 24, 23, 30, 29, 17, 4, 11, 31, 5, 27, 25, 28, 18, 6, 16, 34, 20, 32, 33, 9, 7, 3, 22, 26, 13, 12, 10, 19, 14, 21, 8, 1,2.10096
1, 15, 2, 24, 23, 30, 29, 17, 4, 11, 31, 5, 27, 25, 28, 18, 6, 16, 34, 20, 32, 33, 9, 7, 3, 22, 26, 13, 12, 10, 19, 14, 21, 8, 1,2.10096
1, 15, 2, 24, 23, 30, 29, 17, 4, 11, 31, 5, 27, 25, 28, 18, 6, 16, 34, 20, 32, 33, 9, 7, 3, 22, 26, 13, 12, 10, 19, 14, 21, 8, 1,2.10096
1, 15, 2, 24, 23, 30, 29, 17, 4, 11, 31, 5, 27, 25, 28, 18, 6, 16, 34, 20, 32, 33, 9, 7, 3, 22, 26, 13, 12, 10, 19, 14, 21, 8, 1,2.10096
1, 15, 2, 24, 23, 30, 29, 17, 4, 11, 31, 5, 27, 25, 28, 18, 6, 16, 34, 20, 32, 33, 9, 7, 3, 22, 26, 13, 12, 10, 19, 14, 21, 8, 1,2.10096
1, 15, 2, 24, 23, 30, 29, 17, 4, 11, 31, 5, 27, 25, 28, 18, 6, 16, 34, 20, 32, 33, 9, 7, 3, 22, 26, 13, 12, 10, 19, 14, 21, 8, 1,2.10096
1, 15, 2, 24, 23, 30, 29, 17, 4, 11, 31, 5, 27, 25, 28, 18, 6, 16, 34, 20, 32, 33, 9, 7, 3, 22, 26, 13, 12, 10, 19, 14, 21, 8, 1,2.10096
1, 8, 21, 14, 19, 10, 12, 13, 26, 22, 3, 7, 9, 33, 32, 20, 34, 16, 6, 18, 28, 25, 27, 5, 31, 11, 4, 17, 29, 30, 23, 24, 2, 15, 1,2.10096
1, 8, 21, 14, 19, 10, 12, 13, 26, 22, 3, 7, 9, 33, 32, 20, 34, 16, 6, 18, 28, 25, 27, 5, 31, 11, 4, 17, 29, 30, 23, 24, 2, 15, 1,2.10096
1, 8, 21, 14, 19, 10, 12, 13, 26, 22, 3, 7, 9, 33, 32, 20, 34, 16, 6, 18, 28, 25, 27, 5, 31, 11, 4, 17, 29, 30, 23, 24, 2, 15, 1,2.10096
1, 8, 21, 14, 19, 10, 12, 13, 26, 22, 3, 7, 9, 33, 32, 20, 34, 16, 6, 18, 28, 25, 27, 5, 31, 11, 4, 17, 29, 30, 23, 24, 2, 15, 1,2.10096
1, 8, 21, 14, 19, 10, 12, 13, 26, 22, 3, 7, 9, 33, 32, 20, 34, 16, 6, 18, 28, 25, 27, 5, 31, 11, 4, 17, 29, 30, 23, 24, 2, 15, 1,2.10096
1, 8, 21, 14, 19, 10, 12, 13, 26, 22, 3, 7, 9, 33, 32, 20, 34, 16, 6, 18, 28, 25, 27, 5, 31, 11, 4, 17, 29, 30, 23, 24, 2, 15, 1,2.10096
1, 8, 21, 14, 19, 10, 12, 13, 26, 22, 3, 7, 9, 33, 32, 20, 34, 16, 6, 18, 28, 25, 27, 5, 31, 11, 4, 17, 29, 30, 23, 24, 2, 15, 1,2.10096
1, 8, 21, 14, 19, 10, 12, 13, 26, 22, 3, 7, 9, 33, 32, 20, 34, 16, 6, 18, 28, 25, 27, 5, 31, 11, 4, 17, 29, 30, 23, 24, 2, 15, 1,2.10096
1, 8, 21, 14, 19, 10, 12, 13, 26, 22, 3, 7, 9, 33, 32, 20, 34, 16, 6, 18, 28, 25, 27, 5, 31, 11, 4, 17, 29, 30, 23, 24, 2, 15, 1,2.10096
1, 8, 21, 14, 19, 10, 12, 13, 26, 22, 3, 7, 9, 33, 32, 20, 34, 16, 6, 18, 28, 25, 27, 5, 31, 11, 4, 17, 29, 30, 23, 24, 2, 15, 1,2.10096
1, 8, 21, 14, 19, 10, 12, 13, 26, 22, 3, 7, 9, 33, 32, 20, 34, 16, 6, 18, 28, 25, 27, 5, 31, 11, 4, 17, 29, 30, 23, 24, 2, 15, 1,2.10096
1, 15, 2, 24, 23, 30, 29, 17, 4, 11, 31, 5, 27, 25, 28, 18, 6, 16, 34, 20, 32, 33, 9, 7, 3, 22, 26, 13, 12, 10, 19, 14, 21, 8, 1,2.10096
1, 15, 2, 24, 23, 30, 29, 17, 4, 11, 31, 5, 27, 25, 28, 18, 6, 16, 34, 20, 32, 33, 9, 7, 3, 22, 26, 13, 12, 10, 19, 14, 21, 8, 1,2.10096
1, 15, 2, 24, 23, 30, 29, 17, 4, 11, 31, 5, 27, 25, 28, 18, 6, 16, 34, 20, 32, 33, 9, 7, 3, 22, 26, 13, 12, 10, 19, 14, 21, 8, 1,2.10096
1, 15, 2, 24, 23, 30, 29, 17, 4, 11, 31, 5, 27, 25, 28, 18, 6, 16, 34, 20, 32, 33, 9, 7, 3, 22, 26, 13, 12, 10, 19, 14, 21, 8, 1,2.10096
1, 15, 2, 24, 23, 30, 29, 17, 4, 11, 31, 5, 27, 25, 28, 18, 6, 16, 34, 20, 32, 33, 9, 7, 3, 22, 26, 13, 12, 10, 19, 14, 21, 8, 1,2.10096
1, 8, 21, 14, 19, 10, 12, 13, 26, 22, 3, 7, 9, 33, 32, 20, 34, 16, 6, 18, 28, 25, 27, 5, 31, 11, 4, 17, 29, 30, 23, 24, 2, 15, 1,2.10096
1, 15, 2, 24, 23, 30, 29, 17, 4, 11, 31, 5, 27, 25, 28, 18, 6, 16, 34, 20, 32, 33, 9, 7, 3, 22, 26, 13, 12, 10, 19, 14, 21, 8, 1,2.10096
1, 15, 2, 24, 23, 30, 29, 17, 4, 11, 31, 5, 27, 25, 28, 18, 6, 16, 34, 20, 32, 33, 9, 7, 3, 22, 26, 13, 12, 10, 19, 14, 21, 8, 1,2.10096
1, 15, 2, 24, 23, 30, 29, 17, 4, 11, 31, 5, 27, 25, 28, 18, 6, 16, 34, 20, 32, 33, 9, 7, 3, 22, 26, 13, 12, 10, 19, 14, 21, 8, 1,2.10096
1, 15, 2, 24, 23, 30, 29, 17, 4, 11, 31, 5, 27, 25, 28, 18, 6, 16, 34, 20, 32, 33, 9, 7, 3, 22, 26, 13, 12, 10, 19, 14, 21, 8, 1,2.10096
1, 15, 2, 24, 23, 30, 29, 17, 4, 11, 31, 5, 27, 25, 28, 18, 6, 16, 34, 20, 32, 33, 9, 7, 3, 22, 26, 13, 12, 10, 19, 14, 21, 8, 1,2.10096
1, 15, 2, 24, 23, 30, 29, 17, 4, 11, 31, 5, 27, 25, 28, 18, 6, 16, 34, 20, 32, 33, 9, 7, 3, 22, 26, 13, 12, 10, 19, 14, 21, 8, 1,2.10096
1, 15, 2, 24, 23, 30, 29, 17, 4, 11, 31, 5, 27, 25, 28, 18, 6, 16, 34, 20, 32, 33, 9, 7, 3, 22, 26, 13, 12, 10, 19, 14, 21, 8, 1,2.10096
1, 15, 2, 24, 23, 30, 29, 17, 4, 11, 31, 5, 27, 25, 28, 18, 6, 16, 34, 20, 32, 33, 9, 7, 3, 22, 26, 13, 12, 10, 19, 14, 21, 8, 1,2.10096
1, 15, 2, 24, 23, 30, 29, 17, 4, 11, 31, 5, 27, 25, 28, 18, 6, 16, 34, 20, 32, 33, 9, 7, 3, 22, 26, 13, 12, 10, 19, 14, 21, 8, 1,2.10096
1, 15, 2, 24, 23, 30, 29, 17, 4, 11, 31, 5, 27, 25, 28, 18, 6, 16, 34, 20, 32, 33, 9, 7, 3, 22, 26, 13, 12, 10, 19, 14, 21, 8, 1,2.10096
1, 8, 21, 14, 19, 10, 12, 13, 26, 22, 3, 7, 9, 33, 32, 20, 34, 16, 6, 18, 28, 25, 27, 5, 31, 11, 4, 17, 29, 30, 23, 24, 2, 15, 1,2.10096
1, 8, 21, 14, 19, 10, 12, 13, 26, 22, 3, 7, 9, 33, 32, 20, 34, 16, 6, 18, 28, 25, 27, 5, 31, 11, 4, 17, 29, 30, 23, 24, 2, 15, 1,2.10096
1, 8, 21, 14, 19, 10, 12, 13, 26, 22, 3, 7, 9, 33, 32, 20, 34, 16, 6, 18, 28, 25, 27, 5, 31, 11, 4, 17, 29, 30, 23, 24, 2, 15, 1,2.10096
1, 8, 21, 14, 19, 10, 12, 13, 26, 22, 3, 7, 9, 33, 32, 20, 34, 16, 6, 18, 28, 25, 27, 5, 31, 11, 4, 17, 29, 30, 23, 24, 2, 15, 1,2.10096
1, 15, 2, 24, 23, 30, 29, 17, 4, 11, 31, 5, 27, 25, 28, 18, 6, 16, 34, 20, 32, 33, 9, 7, 3, 22, 26, 13, 12, 10, 19, 14, 21, 8, 1,2.10096
1, 15, 2, 24, 23, 30, 29, 17, 4, 11, 31, 5, 27, 25, 28, 18, 6, 16, 34, 20, 32, 33, 9, 7, 3, 22, 26, 13, 12, 10, 19, 14, 21, 8, 1,2.10096
1, 15, 2, 24, 23, 30, 29, 17, 4, 11, 31, 5, 27, 25, 28, 18, 6, 16, 34, 20, 32, 33, 9, 7, 3, 22, 26, 13, 12, 10, 19, 14, 21, 8, 1,2.10096
1, 15, 2, 24, 23, 30, 29, 17, 4, 11, 31, 5, 27, 25, 28, 18, 6, 16, 34, 20, 32, 33, 9, 7, 3, 22, 26, 13, 12, 10, 19, 14, 21, 8, 1,2.10096
1, 15, 2, 24, 23, 30, 29, 17, 4, 11, 31, 5, 27, 25, 28, 18, 6, 16, 34, 20, 32, 33, 9, 7, 3, 22, 26, 13, 12, 10, 19, 14, 21, 8, 1,2.10096
1, 15, 2, 24, 23, 30, 29, 17, 4, 11, 31, 5, 27, 25, 28, 18, 6, 16, 34, 20, 32, 33, 9, 7, 3, 22, 26, 13, 12, 10, 19, 14, 21, 8, 1,2.10096
1, 8, 21, 14, 19, 10, 12, 13, 26, 22, 3, 7, 9, 33, 32, 20, 34, 16, 6, 18, 28, 25, 27, 5, 31, 11, 4, 17, 29, 30, 23, 24, 2, 15, 1,2.10096
1, 8, 21, 14, 19, 10, 12, 13, 26, 22, 3, 7, 9, 33, 32, 20, 34, 16, 6, 18, 28, 25, 27, 5, 31, 11, 4, 17, 29, 30, 23, 24, 2, 15, 1,2.10096
1, 8, 21, 14, 19, 10, 12, 13, 26, 22, 3, 7, 9, 33, 32, 20, 34, 16, 6, 18, 28, 25, 27, 5, 31, 11, 4, 17, 29, 30, 23, 24, 2, 15, 1,2.10096
1, 8, 21, 14, 19, 10, 12, 13, 26, 22, 3, 7, 9, 33, 32, 20, 34, 16, 6, 18, 28, 25, 27, 5, 31, 11, 4, 17, 29, 30, 23, 24, 2, 15, 1,2.10096
1, 8, 21, 14, 19, 10, 12, 13, 26, 22, 3, 7, 9, 33, 32, 20, 34, 16, 6, 18, 28, 25, 27, 5, 31, 11, 4, 17, 29, 30, 23, 24, 2, 15, 1,2.10096
1, 15, 2, 24, 23, 30, 29, 17, 4, 11, 31, 5, 27, 25, 28, 18, 6, 16, 34, 20, 32, 33, 9, 7, 3, 22, 26, 13, 12, 10, 19, 14, 21, 8, 1,2.10096
1, 15, 2, 24, 23, 30, 29, 17, 4, 11, 31, 5, 27, 25, 28, 18, 6, 16, 34, 20, 32, 33, 9, 7, 3, 22, 26, 13, 12, 10, 19, 14, 21, 8, 1,2.10096
1, 15, 2, 24, 23, 30, 29, 17, 4, 11, 31, 5, 27, 25, 28, 18, 6, 16, 34, 20, 32, 33, 9, 7, 3, 22, 26, 13, 12, 10, 19, 14, 21, 8, 1,2.10096
1, 15, 2, 24, 23, 30, 29, 17, 4, 11, 31, 5, 27, 25, 28, 18, 6, 16, 34, 20, 32, 33, 9, 7, 3, 22, 26, 13, 12, 10, 19, 14, 21, 8, 1,2.10096
1, 15, 2, 24, 23, 30, 29, 17, 4, 11, 31, 5, 27, 25, 28, 18, 6, 16, 34, 20, 32, 33, 9, 7, 3, 22, 26, 13, 12, 10, 19, 14, 21, 8, 1,2.10096
1, 15, 2, 24, 23, 30, 29, 17, 4, 11, 31, 5, 27, 25, 28, 18, 6, 16, 34, 20, 32, 33, 9, 7, 3, 22, 26, 13, 12, 10, 19, 14, 21, 8, 1,2.10096
1, 15, 2, 24, 23, 30, 29, 17, 4, 11, 31, 5, 27, 25, 28, 18, 6, 16, 34, 20, 32, 33, 9, 7, 3, 22, 26, 13, 12, 10, 19, 14, 21, 8, 1,2.10096
1, 15, 2, 24, 23, 30, 29, 17, 4, 11, 31, 5, 27, 25, 28, 18, 6, 16, 34, 20, 32, 33, 9, 7, 3, 22, 26, 13, 12, 10, 19, 14, 21, 8, 1,2.10096
1, 8, 21, 14, 19, 10, 12, 13, 26, 22, 3, 7, 9, 33, 32, 20, 34, 16, 6, 18, 28, 25, 27, 5, 31, 11, 4, 17, 29, 30, 23, 24, 2, 15, 1,2.10096
1, 15, 2, 24, 23, 30, 29, 17, 4, 11, 31, 5, 27, 25, 28, 18, 6, 16, 34, 20, 32, 33, 9, 7, 3, 22, 26, 13, 12, 10, 19, 14, 21, 8, 1,2.10096
1, 15, 2, 24, 23, 30, 29, 17, 4, 11, 31, 5, 27, 25, 28, 18, 6, 16, 34, 20, 32, 33, 9, 7, 3, 22, 26, 13, 12, 10, 19, 14, 21, 8, 1,2.10096
1, 15, 2, 24, 23, 30, 29, 17, 4, 11, 31, 5, 27, 25, 28, 18, 6, 16, 34, 20, 32, 33, 9, 7, 3, 22, 26, 13, 12, 10, 19, 14, 21, 8, 1,2.10096
1, 15, 2, 24, 23, 30, 29, 17, 4, 11, 31, 5, 27, 25, 28, 18, 6, 16, 34, 20, 32, 33, 9, 7, 3, 22, 26, 13, 12, 10, 19, 14, 21, 8, 1,2.10096
1, 15, 2, 24, 23, 30, 29, 17, 4, 11, 31, 5, 27, 25, 28, 18, 6, 16, 34, 20, 32, 33, 9, 7, 3, 22, 26, 13, 12, 10, 19, 14, 21, 8, 1,2.10096
1, 15, 2, 24, 23, 30, 29, 17, 4, 11, 31, 5, 27, 25, 28, 18, 6, 16, 34, 20, 32, 33, 9, 7, 3, 22, 26, 13, 12, 10, 19, 14, 21, 8, 1,2.10096
1, 15, 2, 24, 23, 30, 29, 17, 4, 11, 31, 5, 27, 25, 28, 18, 6, 16, 34, 20, 32, 33, 9, 7, 3, 22, 26, 13, 12, 10, 19, 14, 21, 8, 1,2.10096
1, 15, 2, 24, 23, 30, 29, 17, 4, 11, 31, 5, 27, 25, 28, 18, 6, 16, 34, 20, 32, 33, 9, 7, 3, 22, 26, 13, 12, 10, 19, 14, 21, 8, 1,2.10096
1, 15, 2, 24, 23, 30, 29, 17, 4, 11, 31, 5, 27, 25, 28, 18, 6, 16, 34, 20, 32, 33, 9, 7, 3, 22, 26, 13, 12, 10, 19, 14, 21, 8, 1,2.10096
1, 8, 21, 14, 19, 10, 12, 13, 26, 22, 3, 7, 9, 33, 32, 20, 34, 16, 6, 18, 28, 25, 27, 5, 31, 11, 4, 17, 29, 30, 23, 24, 2, 15, 1,2.10096
1, 8, 21, 14, 19, 10, 12, 13, 26, 22, 3, 7, 9, 33, 32, 20, 34, 16, 6, 18, 28, 25, 27, 5, 31, 11, 4, 17, 29, 30, 23, 24, 2, 15, 1,2.10096
1, 8, 21, 14, 19, 10, 12, 13, 26, 22, 3, 7, 9, 33, 32, 20, 34, 16, 6, 18, 28, 25, 27, 5, 31, 11, 4, 17, 29, 30, 23, 24, 2, 15, 1,2.10096
1, 8, 21, 14, 19, 10, 12, 13, 26, 22, 3, 7, 9, 33, 32, 20, 34, 16, 6, 18, 28, 25, 27, 5, 31, 11, 4, 17, 29, 30, 23, 24, 2, 15, 1,2.10096
1, 8, 21, 14, 19, 10, 12, 13, 26, 22, 3, 7, 9, 33, 32, 20, 34, 16, 6, 18, 28, 25, 27, 5, 31, 11, 4, 17, 29, 30, 23, 24, 2, 15, 1,2.10096
1, 15, 2, 24, 23, 30, 29, 17, 4, 11, 31, 5, 27, 25, 28, 18, 6, 16, 34, 20, 32, 33, 9, 7, 3, 22, 26, 13, 12, 10, 19, 14, 21, 8, 1,2.10096
1, 15, 2, 24, 23, 30, 29, 17, 4, 11, 31, 5, 27, 25, 28, 18, 6, 16, 34, 20, 32, 33, 9, 7, 3, 22, 26, 13, 12, 10, 19, 14, 21, 8, 1,2.10096
1, 15, 2, 24, 23, 30, 29, 17, 4, 11, 31, 5, 27, 25, 28, 18, 6, 16, 34, 20, 32, 33, 9, 7, 3, 22, 26, 13, 12, 10, 19, 14, 21, 8, 1,2.10096
1, 15, 2, 24, 23, 30, 29, 17, 4, 11, 31, 5, 27, 25, 28, 18, 6, 16, 34, 20, 32, 33, 9, 7, 3, 22, 26, 13, 12, 10, 19, 14, 21, 8, 1,2.10096
1, 15, 2, 24, 23, 30, 29, 17, 4, 11, 31, 5, 27, 25, 28, 18, 6, 16, 34, 20, 32, 33, 9, 7, 3, 22, 26, 13, 12, 10, 19, 14, 21, 8, 1,2.10096
1, 15, 2, 24, 23, 30, 29, 17, 4, 11, 31, 5, 27, 25, 28, 18, 6, 16, 34, 20, 32, 33, 9, 7, 3, 22, 26, 13, 12, 10, 19, 14, 21, 8, 1,2.10096
1, 8, 21, 14, 19, 10, 12, 13, 26, 22, 3, 7, 9, 33, 32, 20, 34, 16, 6, 18, 28, 25, 27, 5, 31, 11, 4, 17, 29, 30, 23, 24, 2, 15, 1,2.10096
1, 15, 2, 24, 23, 30, 29, 17, 4, 11, 31, 5, 27, 25, 28, 18, 6, 16, 34, 20, 32, 33, 9, 7, 3, 22, 26, 13, 12, 10, 19, 14, 21, 8, 1,2.10096
1, 15, 2, 24, 23, 30, 29, 17, 4, 11, 31, 5, 27, 25, 28, 18, 6, 16, 34, 20, 32, 33, 9, 7, 3, 22, 26, 13, 12, 10, 19, 14, 21, 8, 1,2.10096
1, 15, 2, 24, 23, 30, 29, 17, 4, 11, 31, 5, 27, 25, 28, 18, 6, 16, 34, 20, 32, 33, 9, 7, 3, 22, 26, 13, 12, 10, 19, 14, 21, 8, 1,2.10096
1, 8, 21, 14, 19, 10, 12, 13, 26, 22, 3, 7, 9, 33, 32, 20, 34, 16, 6, 18, 28, 25, 27, 5, 31, 11, 4, 17, 29, 30, 23, 24, 2, 15, 1,2.10096
1, 15, 2, 24, 23, 30, 29, 17, 4, 11, 31, 5, 27, 25, 28, 18, 6, 16, 34, 20, 32, 33, 9, 7, 3, 22, 26, 13, 12, 10, 19, 14, 21, 8, 1,2.10096
1, 15, 2, 24, 23, 30, 29, 17, 4, 11, 31, 5, 27, 25, 28, 18, 6, 16, 34, 20, 32, 33, 9, 7, 3, 22, 26, 13, 12, 10, 19, 14, 21, 8, 1,2.10096
1, 15, 2, 24, 23, 30, 29, 17, 4, 11, 31, 5, 27, 25, 28, 18, 6, 16, 34, 20, 32, 33, 9, 7, 3, 22, 26, 13, 12, 10, 19, 14, 21, 8, 1,2.10096
1, 15, 2, 24, 23, 30, 29, 17, 4, 11, 31, 5, 27, 25, 28, 18, 6, 16, 34, 20, 32, 33, 9, 7, 3, 22, 26, 13, 12, 10, 19, 14, 21, 8, 1,2.10096
1, 15, 2, 24, 23, 30, 29, 17, 4, 11, 31, 5, 27, 25, 28, 18, 6, 16, 34, 20, 32, 33, 9, 7, 3, 22, 26, 13, 12, 10, 19, 14, 21, 8, 1,2.10096
1, 15, 2, 24, 23, 30, 29, 17, 4, 11, 31, 5, 27, 25, 28, 18, 6, 16, 34, 20, 32, 33, 9, 7, 3, 22, 26, 13, 12, 10, 19, 14, 21, 8, 1,2.10096
1, 15, 2, 24, 23, 30, 29, 17, 4, 11, 31, 5, 27, 25, 28, 18, 6, 16, 34, 20, 32, 33, 9, 7, 3, 22, 26, 13, 12, 10, 19, 14, 21, 8, 1,2.10096
1, 15, 2, 24, 23, 30, 29, 17, 4, 11, 31, 5, 27, 25, 28, 18, 6, 16, 34, 20, 32, 33, 9, 7, 3, 22, 26, 13, 12, 10, 19, 14, 21, 8, 1,2.10096
1, 15, 2, 24, 23, 30, 29, 17, 4, 11, 31, 5, 27, 25, 28, 18, 6, 16, 34, 20, 32, 33, 9, 7, 3, 22, 26, 13, 12, 10, 19, 14, 21, 8, 1,2.10096
1, 15, 2, 24, 23, 30, 29, 17, 4, 11, 31, 5, 27, 25, 28, 18, 6, 16, 34, 20, 32, 33, 9, 7, 3, 22, 26, 13, 12, 10, 19, 14, 21, 8, 1,2.10096
1, 15, 2, 24, 23, 30, 29, 17, 4, 11, 31, 5, 27, 25, 28, 18, 6, 16, 34, 20, 32, 33, 9, 7, 3, 22, 26, 13, 12, 10, 19, 14, 21, 8, 1,2.10096
1, 15, 2, 24, 23, 30, 29, 17, 4, 11, 31, 5, 27, 25, 28, 18, 6, 16, 34, 20, 32, 33, 9, 7, 3, 22, 26, 13, 12, 10, 19, 14, 21, 8, 1,2.10096
1, 8, 21, 14, 19, 10, 12, 13, 26, 22, 3, 7, 9, 33, 32, 20, 34, 16, 6, 18, 28, 25, 27, 5, 31, 11, 4, 17, 29, 30, 23, 24, 2, 15, 1,2.10096
1, 15, 2, 24, 23, 30, 29, 17, 4, 11, 31, 5, 27, 25, 28, 18, 6, 16, 34, 20, 32, 33, 9, 7, 3, 22, 26, 13, 12, 10, 19, 14, 21, 8, 1,2.10096
1, 8, 21, 14, 19, 10, 12, 13, 26, 22, 3, 7, 9, 33, 32, 20, 34, 16, 6, 18, 28, 25, 27, 5, 31, 11, 4, 17, 29, 30, 23, 24, 2, 15, 1,2.10096
1, 8, 21, 14, 19, 10, 12, 13, 26, 22, 3, 7, 9, 33, 32, 20, 34, 16, 6, 18, 28, 25, 27, 5, 31, 11, 4, 17, 29, 30, 23, 24, 2, 15, 1,2.10096
1, 15, 2, 24, 23, 30, 29, 17, 4, 11, 31, 5, 27, 25, 28, 18, 6, 16, 34, 20, 32, 33, 9, 7, 3, 22, 26, 13, 12, 10, 19, 14, 21, 8, 1,2.10096
1, 15, 2, 24, 23, 30, 29, 17, 4, 11, 31, 5, 27, 25, 28, 18, 6, 16, 34, 20, 32, 33, 9, 7, 3, 22, 26, 13, 12, 10, 19, 14, 21, 8, 1,2.10096
1, 8, 21, 14, 19, 10, 12, 13, 26, 22, 3, 7, 9, 33, 32, 20, 34, 16, 6, 18, 28, 25, 27, 5, 31, 11, 4, 17, 29, 30, 23, 24, 2, 15, 1,2.10096
1, 15, 2, 24, 23, 30, 29, 17, 4, 11, 31, 5, 27, 25, 28, 18, 6, 16, 34, 20, 32, 33, 9, 7, 3, 22, 26, 13, 12, 10, 19, 14, 21, 8, 1,2.10096
1, 15, 2, 24, 23, 30, 29, 17, 4, 11, 31, 5, 27, 25, 28, 18, 6, 16, 34, 20, 32, 33, 9, 7, 3, 22, 26, 13, 12, 10, 19, 14, 21, 8, 1,2.10096
1, 15, 2, 24, 23, 30, 29, 17, 4, 11, 31, 5, 27, 25, 28, 18, 6, 16, 34, 20, 32, 33, 9, 7, 3, 22, 26, 13, 12, 10, 19, 14, 21, 8, 1,2.10096
1, 15, 2, 24, 23, 30, 29, 17, 4, 11, 31, 5, 27, 25, 28, 18, 6, 16, 34, 20, 32, 33, 9, 7, 3, 22, 26, 13, 12, 10, 19, 14, 21, 8, 1,2.10096
1, 15, 2, 24, 23, 30, 29, 17, 4, 11, 31, 5, 27, 25, 28, 18, 6, 16, 34, 20, 32, 33, 9, 7, 3, 22, 26, 13, 12, 10, 19, 14, 21, 8, 1,2.10096
1, 15, 2, 24, 23, 30, 29, 17, 4, 11, 31, 5, 27, 25, 28, 18, 6, 16, 34, 20, 32, 33, 9, 7, 3, 22, 26, 13, 12, 10, 19, 14, 21, 8, 1,2.10096
1, 15, 2, 24, 23, 30, 29, 17, 4, 11, 31, 5, 27, 25, 28, 18, 6, 16, 34, 20, 32, 33, 9, 7, 3, 22, 26, 13, 12, 10, 19, 14, 21, 8, 1,2.10096
1, 15, 2, 24, 23, 30, 29, 17, 4, 11, 31, 5, 27, 25, 28, 18, 6, 16, 34, 20, 32, 33, 9, 7, 3, 22, 26, 13, 12, 10, 19, 14, 21, 8, 1,2.10096
1, 15, 2, 24, 23, 30, 29, 17, 4, 11, 31, 5, 27, 25, 28, 18, 6, 16, 34, 20, 32, 33, 9, 7, 3, 22, 26, 13, 12, 10, 19, 14, 21, 8, 1,2.10096
1, 15, 2, 24, 23, 30, 29, 17, 4, 11, 31, 5, 27, 25, 28, 18, 6, 16, 34, 20, 32, 33, 9, 7, 3, 22, 26, 13, 12, 10, 19, 14, 21, 8, 1,2.10096
1, 15, 2, 24, 23, 30, 29, 17, 4, 11, 31, 5, 27, 25, 28, 18, 6, 16, 34, 20, 32, 33, 9, 7, 3, 22, 26, 13, 12, 10, 19, 14, 21, 8, 1,2.10096
1, 15, 2, 24, 23, 30, 29, 17, 4, 11, 31, 5, 27, 25, 28, 18, 6, 16, 34, 20, 32, 33, 9, 7, 3, 22, 26, 13, 12, 10, 19, 14, 21, 8, 1,2.10096
1, 15, 2, 24, 23, 30, 29, 17, 4, 11, 31, 5, 27, 25, 28, 18, 6, 16, 34, 20, 32, 33, 9, 7, 3, 22, 26, 13, 12, 10, 19, 14, 21, 8, 1,2.10096
1, 15, 2, 24, 23, 30, 29, 17, 4, 11, 31, 5, 27, 25, 28, 18, 6, 16, 34, 20, 32, 33, 9, 7, 3, 22, 26, 13, 12, 10, 19, 14, 21, 8, 1,2.10096
1, 15, 2, 24, 23, 30, 29, 17, 4, 11, 31, 5, 27, 25, 28, 18, 6, 16, 34, 20, 32, 33, 9, 7, 3, 22, 26, 13, 12, 10, 19, 14, 21, 8, 1,2.10096
1, 15, 2, 24, 23, 30, 29, 17, 4, 11, 31, 5, 27, 25, 28, 18, 6, 16, 34, 20, 32, 33, 9, 7, 3, 22, 26, 13, 12, 10, 19, 14, 21, 8, 1,2.10096
1, 15, 2, 24, 23, 30, 29, 17, 4, 11, 31, 5, 27, 25, 28, 18, 6, 16, 34, 20, 32, 33, 9, 7, 3, 22, 26, 13, 12, 10, 19, 14, 21, 8, 1,2.10096
1, 15, 2, 24, 23, 30, 29, 17, 4, 11, 31, 5, 27, 25, 28, 18, 6, 16, 34, 20, 32, 33, 9, 7, 3, 22, 26, 13, 12, 10, 19, 14, 21, 8, 1,2.10096
1, 15, 2, 24, 23, 30, 29, 17, 4, 11, 31, 5, 27, 25, 28, 18, 6, 16, 34, 20, 32, 33, 9, 7, 3, 22, 26, 13, 12, 10, 19, 14, 21, 8, 1,2.10096
1, 15, 2, 24, 23, 30, 29, 17, 4, 11, 31, 5, 27, 25, 28, 18, 6, 16, 34, 20, 32, 33, 9, 7, 3, 22, 26, 13, 12, 10, 19, 14, 21, 8, 1,2.10096
1, 15, 2, 24, 23, 30, 29, 17, 4, 11, 31, 5, 27, 25, 28, 18, 6, 16, 34, 20, 32, 33, 9, 7, 3, 22, 26, 13, 12, 10, 19, 14, 21, 8, 1,2.10096
1, 15, 2, 24, 23, 30, 29, 17, 4, 11, 31, 5, 27, 25, 28, 18, 6, 16, 34, 20, 32, 33, 9, 7, 3, 22, 26, 13, 12, 10, 19, 14, 21, 8, 1,2.10096
1, 15, 2, 24, 23, 30, 29, 17, 4, 11, 31, 5, 27, 25, 28, 18, 6, 16, 34, 20, 32, 33, 9, 7, 3, 22, 26, 13, 12, 10, 19, 14, 21, 8, 1,2.10096
1, 15, 2, 24, 23, 30, 29, 17, 4, 11, 31, 5, 27, 25, 28, 18, 6, 16, 34, 20, 32, 33, 9, 7, 3, 22, 26, 13, 12, 10, 19, 14, 21, 8, 1,2.10096
1, 15, 2, 24, 23, 30, 29, 17, 4, 11, 31, 5, 27, 25, 28, 18, 6, 16, 34, 20, 32, 33, 9, 7, 3, 22, 26, 13, 12, 10, 19, 14, 21, 8, 1,2.10096
1, 15, 2, 24, 23, 30, 29, 17, 4, 11, 31, 5, 27, 25, 28, 18, 6, 16, 34, 20, 32, 33, 9, 7, 3, 22, 26, 13, 12, 10, 19, 14, 21, 8, 1,2.10096
1, 8, 21, 14, 19, 10, 12, 13, 26, 22, 3, 7, 9, 33, 32, 20, 34, 16, 6, 18, 28, 25, 27, 5, 31, 11, 4, 17, 29, 30, 23, 24, 2, 15, 1,2.10096
1, 8, 21, 14, 19, 10, 12, 13, 26, 22, 3, 7, 9, 33, 32, 20, 34, 16, 6, 18, 28, 25, 27, 5, 31, 11, 4, 17, 29, 30, 23, 24, 2, 15, 1,2.10096
1, 15, 2, 24, 23, 30, 29, 17, 4, 11, 31, 5, 27, 25, 28, 18, 6, 16, 34, 20, 32, 33, 9, 7, 3, 22, 26, 13, 12, 10, 19, 14, 21, 8, 1,2.10096
1, 8, 21, 14, 19, 10, 12, 13, 26, 22, 3, 7, 9, 33, 32, 20, 34, 16, 6, 18, 28, 25, 27, 5, 31, 11, 4, 17, 29, 30, 23, 24, 2, 15, 1,2.10096
1, 8, 21, 14, 19, 10, 12, 13, 26, 22, 3, 7, 9, 33, 32, 20, 34, 16, 6, 18, 28, 25, 27, 5, 31, 11, 4, 17, 29, 30, 23, 24, 2, 15, 1,2.10096
1, 15, 2, 24, 23, 30, 29, 17, 4, 11, 31, 5, 27, 25, 28, 18, 6, 16, 34, 20, 32, 33, 9, 7, 3, 22, 26, 13, 12, 10, 19, 14, 21, 8, 1,2.10096
1, 15, 2, 24, 23, 30, 29, 17, 4, 11, 31, 5, 27, 25, 28, 18, 6, 16, 34, 20, 32, 33, 9, 7, 3, 22, 26, 13, 12, 10, 19, 14, 21, 8, 1,2.10096
1, 15, 2, 24, 23, 30, 29, 17, 4, 11, 31, 5, 27, 25, 28, 18, 6, 16, 34, 20, 32, 33, 9, 7, 3, 22, 26, 13, 12, 10, 19, 14, 21, 8, 1,2.10096
1, 15, 2, 24, 23, 30, 29, 17, 4, 11, 31, 5, 27, 25, 28, 18, 6, 16, 34, 20, 32, 33, 9, 7, 3, 22, 26, 13, 12, 10, 19, 14, 21, 8, 1,2.10096
1, 15, 2, 24, 23, 30, 29, 17, 4, 11, 31, 5, 27, 25, 28, 18, 6, 16, 34, 20, 32, 33, 9, 7, 3, 22, 26, 13, 12, 10, 19, 14, 21, 8, 1,2.10096
1, 8, 21, 14, 19, 10, 12, 13, 26, 22, 3, 7, 9, 33, 32, 20, 34, 16, 6, 18, 28, 25, 27, 5, 31, 11, 4, 17, 29, 30, 23, 24, 2, 15, 1,2.10096
1, 8, 21, 14, 19, 10, 12, 13, 26, 22, 3, 7, 9, 33, 32, 20, 34, 16, 6, 18, 28, 25, 27, 5, 31, 11, 4, 17, 29, 30, 23, 24, 2, 15, 1,2.10096
1, 8, 21, 14, 19, 10, 12, 13, 26, 22, 3, 7, 9, 33, 32, 20, 34, 16, 6, 18, 28, 25, 27, 5, 31, 11, 4, 17, 29, 30, 23, 24, 2, 15, 1,2.10096
1, 15, 2, 24, 23, 30, 29, 17, 4, 11, 31, 5, 27, 25, 28, 18, 6, 16, 34, 20, 32, 33, 9, 7, 3, 22, 26, 13, 12, 10, 19, 14, 21, 8, 1,2.10096
1, 8, 21, 14, 19, 10, 12, 13, 26, 22, 3, 7, 9, 33, 32, 20, 34, 16, 6, 18, 28, 25, 27, 5, 31, 11, 4, 17, 29, 30, 23, 24, 2, 15, 1,2.10096
1, 8, 21, 14, 19, 10, 12, 13, 26, 22, 3, 7, 9, 33, 32, 20, 34, 16, 6, 18, 28, 25, 27, 5, 31, 11, 4, 17, 29, 30, 23, 24, 2, 15, 1,2.10096
1, 15, 2, 24, 23, 30, 29, 17, 4, 11, 31, 5, 27, 25, 28, 18, 6, 16, 34, 20, 32, 33, 9, 7, 3, 22, 26, 13, 12, 10, 19, 14, 21, 8, 1,2.10096
1, 15, 2, 24, 23, 30, 29, 17, 4, 11, 31, 5, 27, 25, 28, 18, 6, 16, 34, 20, 32, 33, 9, 7, 3, 22, 26, 13, 12, 10, 19, 14, 21, 8, 1,2.10096
1, 15, 2, 24, 23, 30, 29, 17, 4, 11, 31, 5, 27, 25, 28, 18, 6, 16, 34, 20, 32, 33, 9, 7, 3, 22, 26, 13, 12, 10, 19, 14, 21, 8, 1,2.10096
1, 15, 2, 24, 23, 30, 29, 17, 4, 11, 31, 5, 27, 25, 28, 18, 6, 16, 34, 20, 32, 33, 9, 7, 3, 22, 26, 13, 12, 10, 19, 14, 21, 8, 1,2.10096
1, 15, 2, 24, 23, 30, 29, 17, 4, 11, 31, 5, 27, 25, 28, 18, 6, 16, 34, 20, 32, 33, 9, 7, 3, 22, 26, 13, 12, 10, 19, 14, 21, 8, 1,2.10096
1, 15, 2, 24, 23, 30, 29, 17, 4, 11, 31, 5, 27, 25, 28, 18, 6, 16, 34, 20, 32, 33, 9, 7, 3, 22, 26, 13, 12, 10, 19, 14, 21, 8, 1,2.10096
1, 15, 2, 24, 23, 30, 29, 17, 4, 11, 31, 5, 27, 25, 28, 18, 6, 16, 34, 20, 32, 33, 9, 7, 3, 22, 26, 13, 12, 10, 19, 14, 21, 8, 1,2.10096
1, 15, 2, 24, 23, 30, 29, 17, 4, 11, 31, 5, 27, 25, 28, 18, 6, 16, 34, 20, 32, 33, 9, 7, 3, 22, 26, 13, 12, 10, 19, 14, 21, 8, 1,2.10096
1, 8, 21, 14, 19, 10, 12, 13, 26, 22, 3, 7, 9, 33, 32, 20, 34, 16, 6, 18, 28, 25, 27, 5, 31, 11, 4, 17, 29, 30, 23, 24, 2, 15, 1,2.10096
1, 8, 21, 14, 19, 10, 12, 13, 26, 22, 3, 7, 9, 33, 32, 20, 34, 16, 6, 18, 28, 25, 27, 5, 31, 11, 4, 17, 29, 30, 23, 24, 2, 15, 1,2.10096
1, 8, 21, 14, 19, 10, 12, 13, 26, 22, 3, 7, 9, 33, 32, 20, 34, 16, 6, 18, 28, 25, 27, 5, 31, 11, 4, 17, 29, 30, 23, 24, 2, 15, 1,2.10096
1, 15, 2, 24, 23, 30, 29, 17, 4, 11, 31, 5, 27, 25, 28, 18, 6, 16, 34, 20, 32, 33, 9, 7, 3, 22, 26, 13, 12, 10, 19, 14, 21, 8, 1,2.10096
1, 15, 2, 24, 23, 30, 29, 17, 4, 11, 31, 5, 27, 25, 28, 18, 6, 16, 34, 20, 32, 33, 9, 7, 3, 22, 26, 13, 12, 10, 19, 14, 21, 8, 1,2.10096
1, 15, 2, 24, 23, 30, 29, 17, 4, 11, 31, 5, 27, 25, 28, 18, 6, 16, 34, 20, 32, 33, 9, 7, 3, 22, 26, 13, 12, 10, 19, 14, 21, 8, 1,2.10096
1, 15, 2, 24, 23, 30, 29, 17, 4, 11, 31, 5, 27, 25, 28, 18, 6, 16, 34, 20, 32, 33, 9, 7, 3, 22, 26, 13, 12, 10, 19, 14, 21, 8, 1,2.10096
1, 15, 2, 24, 23, 30, 29, 17, 4, 11, 31, 5, 27, 25, 28, 18, 6, 16, 34, 20, 32, 33, 9, 7, 3, 22, 26, 13, 12, 10, 19, 14, 21, 8, 1,2.10096
1, 15, 2, 24, 23, 30, 29, 17, 4, 11, 31, 5, 27, 25, 28, 18, 6, 16, 34, 20, 32, 33, 9, 7, 3, 22, 26, 13, 12, 10, 19, 14, 21, 8, 1,2.10096
1, 15, 2, 24, 23, 30, 29, 17, 4, 11, 31, 5, 27, 25, 28, 18, 6, 16, 34, 20, 32, 33, 9, 7, 3, 22, 26, 13, 12, 10, 19, 14, 21, 8, 1,2.10096
1, 15, 2, 24, 23, 30, 29, 17, 4, 11, 31, 5, 27, 25, 28, 18, 6, 16, 34, 20, 32, 33, 9, 7, 3, 22, 26, 13, 12, 10, 19, 14, 21, 8, 1,2.10096
1, 8, 21, 14, 19, 10, 12, 13, 26, 22, 3, 7, 9, 33, 32, 20, 34, 16, 6, 18, 28, 25, 27, 5, 31, 11, 4, 17, 29, 30, 23, 24, 2, 15, 1,2.10096
1, 8, 21, 14, 19, 10, 12, 13, 26, 22, 3, 7, 9, 33, 32, 20, 34, 16, 6, 18, 28, 25, 27, 5, 31, 11, 4, 17, 29, 30, 23, 24, 2, 15, 1,2.10096
1, 8, 21, 14, 19, 10, 12, 13, 26, 22, 3, 7, 9, 33, 32, 20, 34, 16, 6, 18, 28, 25, 27, 5, 31, 11, 4, 17, 29, 30, 23, 24, 2, 15, 1,2.10096
1, 8, 21, 14, 19, 10, 12, 13, 26, 22, 3, 7, 9, 33, 32, 20, 34, 16, 6, 18, 28, 25, 27, 5, 31, 11, 4, 17, 29, 30, 23, 24, 2, 15, 1,2.10096
1, 15, 2, 24, 23, 30, 29, 17, 4, 11, 31, 5, 27, 25, 28, 18, 6, 16, 34, 20, 32, 33, 9, 7, 3, 22, 26, 13, 12, 10, 19, 14, 21, 8, 1,2.10096
1, 15, 2, 24, 23, 30, 29, 17, 4, 11, 31, 5, 27, 25, 28, 18, 6, 16, 34, 20, 32, 33, 9, 7, 3, 22, 26, 13, 12, 10, 19, 14, 21, 8, 1,2.10096
1, 15, 2, 24, 23, 30, 29, 17, 4, 11, 31, 5, 27, 25, 28, 18, 6, 16, 34, 20, 32, 33, 9, 7, 3, 22, 26, 13, 12, 10, 19, 14, 21, 8, 1,2.10096
1, 8, 21, 14, 19, 10, 12, 13, 26, 22, 3, 7, 9, 33, 32, 20, 34, 16, 6, 18, 28, 25, 27, 5, 31, 11, 4, 17, 29, 30, 23, 24, 2, 15, 1,2.10096
1, 15, 2, 24, 23, 30, 29, 17, 4, 11, 31, 5, 27, 25, 28, 18, 6, 16, 34, 20, 32, 33, 9, 7, 3, 22, 26, 13, 12, 10, 19, 14, 21, 8, 1,2.10096
1, 8, 21, 14, 19, 10, 12, 13, 26, 22, 3, 7, 9, 33, 32, 20, 34, 16, 6, 18, 28, 25, 27, 5, 31, 11, 4, 17, 29, 30, 23, 24, 2, 15, 1,2.10096
1, 15, 2, 24, 23, 30, 29, 17, 4, 11, 31, 5, 27, 25, 28, 18, 6, 16, 34, 20, 32, 33, 9, 7, 3, 22, 26, 13, 12, 10, 19, 14, 21, 8, 1,2.10096
1, 15, 2, 24, 23, 30, 29, 17, 4, 11, 31, 5, 27, 25, 28, 18, 6, 16, 34, 20, 32, 33, 9, 7, 3, 22, 26, 13, 12, 10, 19, 14, 21, 8, 1,2.10096
1, 15, 2, 24, 23, 30, 29, 17, 4, 11, 31, 5, 27, 25, 28, 18, 6, 16, 34, 20, 32, 33, 9, 7, 3, 22, 26, 13, 12, 10, 19, 14, 21, 8, 1,2.10096
1, 15, 2, 24, 23, 30, 29, 17, 4, 11, 31, 5, 27, 25, 28, 18, 6, 16, 34, 20, 32, 33, 9, 7, 3, 22, 26, 13, 12, 10, 19, 14, 21, 8, 1,2.10096
1, 15, 2, 24, 23, 30, 29, 17, 4, 11, 31, 5, 27, 25, 28, 18, 6, 16, 34, 20, 32, 33, 9, 7, 3, 22, 26, 13, 12, 10, 19, 14, 21, 8, 1,2.10096
1, 8, 21, 14, 19, 10, 12, 13, 26, 22, 3, 7, 9, 33, 32, 20, 34, 16, 6, 18, 28, 25, 27, 5, 31, 11, 4, 17, 29, 30, 23, 24, 2, 15, 1,2.10096
1, 8, 21, 14, 19, 10, 12, 13, 26, 22, 3, 7, 9, 33, 32, 20, 34, 16, 6, 18, 28, 25, 27, 5, 31, 11, 4, 17, 29, 30, 23, 24, 2, 15, 1,2.10096
1, 15, 2, 24, 23, 30, 29, 17, 4, 11, 31, 5, 27, 25, 28, 18, 6, 16, 34, 20, 32, 33, 9, 7, 3, 22, 26, 13, 12, 10, 19, 14, 21, 8, 1,2.10096
1, 8, 21, 14, 19, 10, 12, 13, 26, 22, 3, 7, 9, 33, 32, 20, 34, 16, 6, 18, 28, 25, 27, 5, 31, 11, 4, 17, 29, 30, 23, 24, 2, 15, 1,2.10096
1, 15, 2, 24, 23, 30, 29, 17, 4, 11, 31, 5, 27, 25, 28, 18, 6, 16, 34, 20, 32, 33, 9, 7, 3, 22, 26, 13, 12, 10, 19, 14, 21, 8, 1,2.10096
1, 8, 21, 14, 19, 10, 12, 13, 26, 22, 3, 7, 9, 33, 32, 20, 34, 16, 6, 18, 28, 25, 27, 5, 31, 11, 4, 17, 29, 30, 23, 24, 2, 15, 1,2.10096
1, 8, 21, 14, 19, 10, 12, 13, 26, 22, 3, 7, 9, 33, 32, 20, 34, 16, 6, 18, 28, 25, 27, 5, 31, 11, 4, 17, 29, 30, 23, 24, 2, 15, 1,2.10096
1, 8, 21, 14, 19, 10, 12, 13, 26, 22, 3, 7, 9, 33, 32, 20, 34, 16, 6, 18, 28, 25, 27, 5, 31, 11, 4, 17, 29, 30, 23, 24, 2, 15, 1,2.10096
1, 8, 21, 14, 19, 10, 12, 13, 26, 22, 3, 7, 9, 33, 32, 20, 34, 16, 6, 18, 28, 25, 27, 5, 31, 11, 4, 17, 29, 30, 23, 24, 2, 15, 1,2.10096
1, 15, 2, 24, 23, 30, 29, 17, 4, 11, 31, 5, 27, 25, 28, 18, 6, 16, 34, 20, 32, 33, 9, 7, 3, 22, 26, 13, 12, 10, 19, 14, 21, 8, 1,2.10096
1, 15, 2, 24, 23, 30, 29, 17, 4, 11, 31, 5, 27, 25, 28, 18, 6, 16, 34, 20, 32, 33, 9, 7, 3, 22, 26, 13, 12, 10, 19, 14, 21, 8, 1,2.10096
1, 15, 2, 24, 23, 30, 29, 17, 4, 11, 31, 5, 27, 25, 28, 18, 6, 16, 34, 20, 32, 33, 9, 7, 3, 22, 26, 13, 12, 10, 19, 14, 21, 8, 1,2.10096
1, 15, 2, 24, 23, 30, 29, 17, 4, 11, 31, 5, 27, 25, 28, 18, 6, 16, 34, 20, 32, 33, 9, 7, 3, 22, 26, 13, 12, 10, 19, 14, 21, 8, 1,2.10096
1, 15, 2, 24, 23, 30, 29, 17, 4, 11, 31, 5, 27, 25, 28, 18, 6, 16, 34, 20, 32, 33, 9, 7, 3, 22, 26, 13, 12, 10, 19, 14, 21, 8, 1,2.10096
1, 15, 2, 24, 23, 30, 29, 17, 4, 11, 31, 5, 27, 25, 28, 18, 6, 16, 34, 20, 32, 33, 9, 7, 3, 22, 26, 13, 12, 10, 19, 14, 21, 8, 1,2.10096
1, 15, 2, 24, 23, 30, 29, 17, 4, 11, 31, 5, 27, 25, 28, 18, 6, 16, 34, 20, 32, 33, 9, 7, 3, 22, 26, 13, 12, 10, 19, 14, 21, 8, 1,2.10096
1, 8, 21, 14, 19, 10, 12, 13, 26, 22, 3, 7, 9, 33, 32, 20, 34, 16, 6, 18, 28, 25, 27, 5, 31, 11, 4, 17, 29, 30, 23, 24, 2, 15, 1,2.10096
1, 15, 2, 24, 23, 30, 29, 17, 4, 11, 31, 5, 27, 25, 28, 18, 6, 16, 34, 20, 32, 33, 9, 7, 3, 22, 26, 13, 12, 10, 19, 14, 21, 8, 1,2.10096
1, 8, 21, 14, 19, 10, 12, 13, 26, 22, 3, 7, 9, 33, 32, 20, 34, 16, 6, 18, 28, 25, 27, 5, 31, 11, 4, 17, 29, 30, 23, 24, 2, 15, 1,2.10096
1, 8, 21, 14, 19, 10, 12, 13, 26, 22, 3, 7, 9, 33, 32, 20, 34, 16, 6, 18, 28, 25, 27, 5, 31, 11, 4, 17, 29, 30, 23, 24, 2, 15, 1,2.10096
1, 15, 2, 24, 23, 30, 29, 17, 4, 11, 31, 5, 27, 25, 28, 18, 6, 16, 34, 20, 32, 33, 9, 7, 3, 22, 26, 13, 12, 10, 19, 14, 21, 8, 1,2.10096
1, 15, 2, 24, 23, 30, 29, 17, 4, 11, 31, 5, 27, 25, 28, 18, 6, 16, 34, 20, 32, 33, 9, 7, 3, 22, 26, 13, 12, 10, 19, 14, 21, 8, 1,2.10096
1, 15, 2, 24, 23, 30, 29, 17, 4, 11, 31, 5, 27, 25, 28, 18, 6, 16, 34, 20, 32, 33, 9, 7, 3, 22, 26, 13, 12, 10, 19, 14, 21, 8, 1,2.10096
1, 15, 2, 24, 23, 30, 29, 17, 4, 11, 31, 5, 27, 25, 28, 18, 6, 16, 34, 20, 32, 33, 9, 7, 3, 22, 26, 13, 12, 10, 19, 14, 21, 8, 1,2.10096
1, 8, 21, 14, 19, 10, 12, 13, 26, 22, 3, 7, 9, 33, 32, 20, 34, 16, 6, 18, 28, 25, 27, 5, 31, 11, 4, 17, 29, 30, 23, 24, 2, 15, 1,2.10096
1, 15, 2, 24, 23, 30, 29, 17, 4, 11, 31, 5, 27, 25, 28, 18, 6, 16, 34, 20, 32, 33, 9, 7, 3, 22, 26, 13, 12, 10, 19, 14, 21, 8, 1,2.10096
1, 15, 2, 24, 23, 30, 29, 17, 4, 11, 31, 5, 27, 25, 28, 18, 6, 16, 34, 20, 32, 33, 9, 7, 3, 22, 26, 13, 12, 10, 19, 14, 21, 8, 1,2.10096
1, 15, 2, 24, 23, 30, 29, 17, 4, 11, 31, 5, 27, 25, 28, 18, 6, 16, 34, 20, 32, 33, 9, 7, 3, 22, 26, 13, 12, 10, 19, 14, 21, 8, 1,2.10096
1, 15, 2, 24, 23, 30, 29, 17, 4, 11, 31, 5, 27, 25, 28, 18, 6, 16, 34, 20, 32, 33, 9, 7, 3, 22, 26, 13, 12, 10, 19, 14, 21, 8, 1,2.10096
1, 15, 2, 24, 23, 30, 29, 17, 4, 11, 31, 5, 27, 25, 28, 18, 6, 16, 34, 20, 32, 33, 9, 7, 3, 22, 26, 13, 12, 10, 19, 14, 21, 8, 1,2.10096
1, 15, 2, 24, 23, 30, 29, 17, 4, 11, 31, 5, 27, 25, 28, 18, 6, 16, 34, 20, 32, 33, 9, 7, 3, 22, 26, 13, 12, 10, 19, 14, 21, 8, 1,2.10096
1, 15, 2, 24, 23, 30, 29, 17, 4, 11, 31, 5, 27, 25, 28, 18, 6, 16, 34, 20, 32, 33, 9, 7, 3, 22, 26, 13, 12, 10, 19, 14, 21, 8, 1,2.10096
1, 15, 2, 24, 23, 30, 29, 17, 4, 11, 31, 5, 27, 25, 28, 18, 6, 16, 34, 20, 32, 33, 9, 7, 3, 22, 26, 13, 12, 10, 19, 14, 21, 8, 1,2.10096
1, 15, 2, 24, 23, 30, 29, 17, 4, 11, 31, 5, 27, 25, 28, 18, 6, 16, 34, 20, 32, 33, 9, 7, 3, 22, 26, 13, 12, 10, 19, 14, 21, 8, 1,2.10096
1, 15, 2, 24, 23, 30, 29, 17, 4, 11, 31, 5, 27, 25, 28, 18, 6, 16, 34, 20, 32, 33, 9, 7, 3, 22, 26, 13, 12, 10, 19, 14, 21, 8, 1,2.10096
1, 15, 2, 24, 23, 30, 29, 17, 4, 11, 31, 5, 27, 25, 28, 18, 6, 16, 34, 20, 32, 33, 9, 7, 3, 22, 26, 13, 12, 10, 19, 14, 21, 8, 1,2.10096
1, 15, 2, 24, 23, 30, 29, 17, 4, 11, 31, 5, 27, 25, 28, 18, 6, 16, 34, 20, 32, 33, 9, 7, 3, 22, 26, 13, 12, 10, 19, 14, 21, 8, 1,2.10096
1, 15, 2, 24, 23, 30, 29, 17, 4, 11, 31, 5, 27, 25, 28, 18, 6, 16, 34, 20, 32, 33, 9, 7, 3, 22, 26, 13, 12, 10, 19, 14, 21, 8, 1,2.10096
1, 8, 21, 14, 19, 10, 12, 13, 26, 22, 3, 7, 9, 33, 32, 20, 34, 16, 6, 18, 28, 25, 27, 5, 31, 11, 4, 17, 29, 30, 23, 24, 2, 15, 1,2.10096
1, 8, 21, 14, 19, 10, 12, 13, 26, 22, 3, 7, 9, 33, 32, 20, 34, 16, 6, 18, 28, 25, 27, 5, 31, 11, 4, 17, 29, 30, 23, 24, 2, 15, 1,2.10096
1, 8, 21, 14, 19, 10, 12, 13, 26, 22, 3, 7, 9, 33, 32, 20, 34, 16, 6, 18, 28, 25, 27, 5, 31, 11, 4, 17, 29, 30, 23, 24, 2, 15, 1,2.10096
1, 8, 21, 14, 19, 10, 12, 13, 26, 22, 3, 7, 9, 33, 32, 20, 34, 16, 6, 18, 28, 25, 27, 5, 31, 11, 4, 17, 29, 30, 23, 24, 2, 15, 1,2.10096
1, 8, 21, 14, 19, 10, 12, 13, 26, 22, 3, 7, 9, 33, 32, 20, 34, 16, 6, 18, 28, 25, 27, 5, 31, 11, 4, 17, 29, 30, 23, 24, 2, 15, 1,2.10096
1, 8, 21, 14, 19, 10, 12, 13, 26, 22, 3, 7, 9, 33, 32, 20, 34, 16, 6, 18, 28, 25, 27, 5, 31, 11, 4, 17, 29, 30, 23, 24, 2, 15, 1,2.10096
1, 8, 21, 14, 19, 10, 12, 13, 26, 22, 3, 7, 9, 33, 32, 20, 34, 16, 6, 18, 28, 25, 27, 5, 31, 11, 4, 17, 29, 30, 23, 24, 2, 15, 1,2.10096
1, 8, 21, 14, 19, 10, 12, 13, 26, 22, 3, 7, 9, 33, 32, 20, 34, 16, 6, 18, 28, 25, 27, 5, 31, 11, 4, 17, 29, 30, 23, 24, 2, 15, 1,2.10096
1, 15, 2, 24, 23, 30, 29, 17, 4, 11, 31, 5, 27, 25, 28, 18, 6, 16, 34, 20, 32, 33, 9, 7, 3, 22, 26, 13, 12, 10, 19, 14, 21, 8, 1,2.10096
1, 15, 2, 24, 23, 30, 29, 17, 4, 11, 31, 5, 27, 25, 28, 18, 6, 16, 34, 20, 32, 33, 9, 7, 3, 22, 26, 13, 12, 10, 19, 14, 21, 8, 1,2.10096
1, 8, 21, 14, 19, 10, 12, 13, 26, 22, 3, 7, 9, 33, 32, 20, 34, 16, 6, 18, 28, 25, 27, 5, 31, 11, 4, 17, 29, 30, 23, 24, 2, 15, 1,2.10096
1, 8, 21, 14, 19, 10, 12, 13, 26, 22, 3, 7, 9, 33, 32, 20, 34, 16, 6, 18, 28, 25, 27, 5, 31, 11, 4, 17, 29, 30, 23, 24, 2, 15, 1,2.10096
1, 15, 2, 24, 23, 30, 29, 17, 4, 11, 31, 5, 27, 25, 28, 18, 6, 16, 34, 20, 32, 33, 9, 7, 3, 22, 26, 13, 12, 10, 19, 14, 21, 8, 1,2.10096
1, 8, 21, 14, 19, 10, 12, 13, 26, 22, 3, 7, 9, 33, 32, 20, 34, 16, 6, 18, 28, 25, 27, 5, 31, 11, 4, 17, 29, 30, 23, 24, 2, 15, 1,2.10096
1, 15, 2, 24, 23, 30, 29, 17, 4, 11, 31, 5, 27, 25, 28, 18, 6, 16, 34, 20, 32, 33, 9, 7, 3, 22, 26, 13, 12, 10, 19, 14, 21, 8, 1,2.10096
1, 15, 2, 24, 23, 30, 29, 17, 4, 11, 31, 5, 27, 25, 28, 18, 6, 16, 34, 20, 32, 33, 9, 7, 3, 22, 26, 13, 12, 10, 19, 14, 21, 8, 1,2.10096
1, 15, 2, 24, 23, 30, 29, 17, 4, 11, 31, 5, 27, 25, 28, 18, 6, 16, 34, 20, 32, 33, 9, 7, 3, 22, 26, 13, 12, 10, 19, 14, 21, 8, 1,2.10096
1, 8, 21, 14, 19, 10, 12, 13, 26, 22, 3, 7, 9, 33, 32, 20, 34, 16, 6, 18, 28, 25, 27, 5, 31, 11, 4, 17, 29, 30, 23, 24, 2, 15, 1,2.10096
1, 8, 21, 14, 19, 10, 12, 13, 26, 22, 3, 7, 9, 33, 32, 20, 34, 16, 6, 18, 28, 25, 27, 5, 31, 11, 4, 17, 29, 30, 23, 24, 2, 15, 1,2.10096
