N,block,rN,err
0,0,1,0
0,1,1,0
0,2,1,0
0,3,1,0
0,4,1,0
0,5,1,0
0,6,1,0
0,7,1,0
0,8,1,0
0,9,1,0
0,10,1,0
0,11,1,0
0,12,1,0
0,13,1,0
0,14,1,0
0,15,1,0
0,16,1,0
0,17,1,0
0,18,1,0
0,19,1,0
0,20,1,0
0,21,1,0
0,22,1,0
0,23,1,0
0,24,1,0
0,25,1,0
0,26,1,0
0,27,1,0
0,28,1,0
0,29,1,0
0,30,1,0
0,31,1,0
0,32,1,0
0,33,1,0
0,34,1,0
0,35,1,0
0,36,1,0
0,37,1,0
0,38,1,0
0,39,1,0
0,40,1,0
0,41,1,0
0,42,1,0
0,43,1,0
0,44,1,0
0,45,1,0
0,46,1,0
0,47,1,0
0,48,1,0
0,49,1,0
0,50,1,0
0,51,1,0
0,52,1,0
0,53,1,0
0,54,1,0
0,55,1,0
0,56,1,0
0,57,1,0
0,58,1,0
0,59,1,0
0,60,1,0
0,61,1,0
0,62,1,0
0,63,1,0
0,64,1,0
0,65,1,0
0,66,1,0
0,67,1,0
0,68,1,0
0,69,1,0
0,70,1,0
0,71,1,0
0,72,1,0
0,73,1,0
0,74,1,0
0,75,1,0
0,76,1,0
0,77,1,0
0,78,1,0
0,79,1,0
0,80,1,0
0,81,1,0
0,82,1,0
0,83,1,0
0,84,1,0
0,85,1,0
0,86,1,0
0,87,1,0
0,88,1,0
0,89,1,0
0,90,1,0
0,91,1,0
0,92,1,0
0,93,1,0
0,94,1,0
0,95,1,0
0,96,1,0
0,97,1,0
0,98,1,0
0,99,1,0
1,0,1.42575,0
1,1,1.33098,0.0947739
1,2,1.35312,0.0590272
1,3,1.31155,0.0589068
1,4,1.31549,0.0457988
1,5,1.28791,0.0464663
1,6,1.28158,0.0397771
1,7,1.28292,0.0344739
1,8,1.28142,0.03044
1,9,1.27931,0.0273083
1,10,1.2804,0.0247254
1,11,1.28425,0.022897
1,12,1.28506,0.0210778
1,13,1.28231,0.0197068
1,14,1.28004,0.0184858
1,15,1.27736,0.0174995
1,16,1.27491,0.016619
1,17,1.27361,0.0157219
1,18,1.27118,0.0150688
1,19,1.27188,0.0143123
1,20,1.27037,0.0136968
1,21,1.27356,0.0134433
1,22,1.2718,0.0129659
1,23,1.27488,0.0127899
1,24,1.27596,0.0123153
1,25,1.27473,0.011896
1,26,1.27771,0.0118294
1,27,1.27733,0.0114057
1,28,1.27696,0.0110114
1,29,1.27575,0.0107069
1,30,1.27792,0.0105819
1,31,1.27753,0.0102533
1,32,1.27782,0.00994185
1,33,1.27711,0.00967145
1,34,1.27481,0.0096673
1,35,1.27786,0.00987738
1,36,1.27837,0.00962017
1,37,1.27791,0.00937476
1,38,1.27904,0.00920075
1,39,1.28059,0.00910068
1,40,1.27987,0.00890518
1,41,1.27839,0.00881542
1,42,1.27951,0.00868027
1,43,1.28216,0.00888486
1,44,1.2805,0.00884262
1,45,1.28239,0.00885411
1,46,1.28386,0.00878666
1,47,1.28386,0.00860166
1,48,1.28335,0.00843962
1,49,1.28222,0.00834538
1,50,1.28221,0.00818012
1,51,1.28092,0.00812368
1,52,1.28185,0.00802216
1,53,1.27977,0.00814155
1,54,1.28032,0.00801129
1,55,1.28044,0.00786781
1,56,1.28083,0.00773837
1,57,1.27844,0.0079702
1,58,1.27732,0.00791403
1,59,1.2777,0.00779043
1,60,1.27737,0.00766882
1,61,1.27778,0.00755508
1,62,1.27783,0.00743436
1,63,1.27871,0.00737028
1,64,1.27811,0.00728054
1,65,1.27615,0.00743224
1,66,1.27635,0.00732305
1,67,1.27782,0.00736387
1,68,1.2777,0.00725736
1,69,1.27702,0.00718568
1,70,1.27828,0.00719515
1,71,1.2779,0.00710481
1,72,1.27865,0.00704684
1,73,1.27946,0.00699796
1,74,1.28039,0.00696744
1,75,1.28034,0.0068754
1,76,1.27913,0.00689263
1,77,1.27865,0.00682032
1,78,1.28012,0.00689122
1,79,1.27912,0.00687733
1,80,1.27804,0.00687729
1,81,1.27739,0.00682329
1,82,1.27654,0.00679471
1,83,1.27549,0.00679533
1,84,1.27535,0.0067163
1,85,1.27661,0.00675693
1,86,1.27732,0.00671614
1,87,1.27701,0.0066464
1,88,1.27594,0.00665879
1,89,1.2759,0.00658448
1,90,1.27567,0.00651592
1,91,1.27613,0.00646122
1,92,1.27709,0.00646306
1,93,1.27804,0.00646459
1,94,1.27757,0.00641399
1,95,1.27719,0.0063578
1,96,1.27686,0.00630045
1,97,1.27853,0.00645389
1,98,1.27935,0.00644154
1,99,1.2781,0.00649997
2,0,1.66476,0
2,1,1.60521,0.0595516
2,2,1.63282,0.0440956
2,3,1.60856,0.0395038
2,4,1.61267,0.0308736
2,5,1.58099,0.0404823
2,6,1.57426,0.0348691
2,7,1.56465,0.0316915
2,8,1.5562,0.0291994
2,9,1.55905,0.0262723
2,10,1.56266,0.0240372
2,11,1.55886,0.0222698
2,12,1.55731,0.0205437
2,13,1.54822,0.0210818
2,14,1.54712,0.0196568
2,15,1.54988,0.0185928
2,16,1.55142,0.0175325
2,17,1.55326,0.0166325
2,18,1.55926,0.0168375
2,19,1.55544,0.0164231
2,20,1.55786,0.0158078
2,21,1.5678,0.0180526
2,22,1.57038,0.017441
2,23,1.57619,0.0176803
2,24,1.58156,0.0177909
2,25,1.58025,0.0171436
2,26,1.57899,0.0165441
2,27,1.57919,0.0159435
2,28,1.57541,0.0158408
2,29,1.57525,0.0153045
2,30,1.57428,0.0148339
2,31,1.57384,0.0143698
2,32,1.57393,0.0139279
2,33,1.57094,0.0138406
2,34,1.57279,0.013566
2,35,1.57557,0.0134753
2,36,1.57371,0.0132376
2,37,1.57224,0.0129687
2,38,1.57308,0.0126597
2,39,1.57319,0.0123397
2,40,1.57323,0.012035
2,41,1.57464,0.0118293
2,42,1.57475,0.0115514
2,43,1.5777,0.0116666
2,44,1.5799,0.0116145
2,45,1.58327,0.0118483
2,46,1.58292,0.0115988
2,47,1.58197,0.0113941
2,48,1.58189,0.0111594
2,49,1.58167,0.010936
2,50,1.58312,0.0108162
2,51,1.58433,0.0106757
2,52,1.58335,0.0105185
2,53,1.58458,0.0103947
2,54,1.58443,0.0102049
2,55,1.58166,0.0103978
2,56,1.58238,0.0102391
2,57,1.58121,0.0101287
2,58,1.57997,0.0100335
2,59,1.58089,0.00990807
2,60,1.57873,0.00998172
2,61,1.57952,0.00985183
2,62,1.58032,0.00972656
2,63,1.58231,0.00977867
2,64,1.58318,0.00966596
2,65,1.58223,0.00956557
2,66,1.58301,0.0094545
2,67,1.58382,0.00934919
2,68,1.58383,0.0092127
2,69,1.58417,0.00908652
2,70,1.5856,0.00907143
2,71,1.58588,0.0089489
2,72,1.58695,0.00889036
2,73,1.58868,0.00893832
2,74,1.58782,0.00886047
2,75,1.58799,0.00874478
2,76,1.58683,0.00870841
2,77,1.58788,0.00866031
2,78,1.58806,0.00855192
2,79,1.58666,0.008561
2,80,1.58612,0.00847168
2,81,1.58553,0.00838832
2,82,1.58444,0.00835855
2,83,1.58283,0.00841277
2,84,1.58347,0.00833724
2,85,1.58491,0.00836505
2,86,1.5857,0.00830595
2,87,1.58574,0.00821115
2,88,1.58485,0.00816712
2,89,1.5845,0.00808346
2,90,1.58394,0.00801412
2,91,1.58555,0.00808852
2,92,1.58566,0.0080019
2,93,1.58566,0.00791632
2,94,1.58524,0.00784369
2,95,1.58524,0.00776155
2,96,1.58443,0.00772406
2,97,1.58551,0.00772071
2,98,1.58606,0.00766209
2,99,1.58582,0.00758895
3,0,1.96688,0
3,1,1.89764,0.069237
3,2,1.89775,0.0399741
3,3,1.85602,0.0503964
3,4,1.86651,0.0404204
3,5,1.84083,0.0418155
3,6,1.8305,0.0368183
3,7,1.82036,0.0334587
3,8,1.8113,0.0308681
3,9,1.80786,0.0278231
3,10,1.81658,0.0266351
3,11,1.80952,0.0253192
3,12,1.80955,0.0232903
3,13,1.79907,0.0239709
3,14,1.80057,0.0223656
3,15,1.80104,0.0209265
3,16,1.80086,0.0196579
3,17,1.79159,0.0207213
3,18,1.80151,0.021967
3,19,1.7983,0.0210852
3,20,1.79772,0.0200647
3,21,1.80542,0.020625
3,22,1.80855,0.0199544
3,23,1.81144,0.0193225
3,24,1.81654,0.0192211
3,25,1.81376,0.0186752
3,26,1.81114,0.018159
3,27,1.8122,0.0175301
3,28,1.80507,0.0183566
3,29,1.80543,0.0177379
3,30,1.80473,0.0171702
3,31,1.80142,0.0169513
3,32,1.80177,0.0164334
3,33,1.7981,0.0163602
3,34,1.79751,0.015897
3,35,1.79635,0.0154925
3,36,1.79798,0.0151553
3,37,1.79924,0.0148055
3,38,1.80188,0.0146602
3,39,1.80293,0.0143273
3,40,1.80285,0.0139737
3,41,1.8024,0.0136444
3,42,1.80376,0.0133926
3,43,1.805,0.0131432
3,44,1.80703,0.0130072
3,45,1.80995,0.0130526
3,46,1.80889,0.0128158
3,47,1.80437,0.0133347
3,48,1.80224,0.0132324
3,49,1.80163,0.0129795
3,50,1.80284,0.0127802
3,51,1.80434,0.0126218
3,52,1.80363,0.012402
3,53,1.80598,0.0123954
3,54,1.8052,0.0121927
3,55,1.80033,0.0129271
3,56,1.80167,0.0127692
3,57,1.79919,0.0127902
3,58,1.79885,0.0125763
3,59,1.80017,0.012436
3,60,1.79714,0.0126019
3,61,1.79911,0.0125525
3,62,1.79953,0.012359
3,63,1.80272,0.0125757
3,64,1.80234,0.0123865
3,65,1.80303,0.0122166
3,66,1.80321,0.0120342
3,67,1.80401,0.0118833
3,68,1.80517,0.0117668
3,69,1.80505,0.0115981
3,70,1.80556,0.0114451
3,71,1.80585,0.0112889
3,72,1.80721,0.0112153
3,73,1.80894,0.0111979
3,74,1.80782,0.011105
3,75,1.80788,0.0109581
3,76,1.80794,0.010815
3,77,1.80834,0.0106829
3,78,1.80858,0.0105497
3,79,1.80691,0.0105512
3,80,1.80782,0.0104601
3,81,1.80743,0.010339
3,82,1.80602,0.0103113
3,83,1.80417,0.0103533
3,84,1.80493,0.0102586
3,85,1.80536,0.0101477
3,86,1.80661,0.010108
3,87,1.80733,0.0100183
3,88,1.80633,0.0099555
3,89,1.80653,0.00984628
3,90,1.80606,0.00974845
3,91,1.80734,0.00972645
3,92,1.80736,0.00962131
3,93,1.80801,0.00954027
3,94,1.80702,0.00949064
3,95,1.80731,0.00939559
3,96,1.807,0.00930321
3,97,1.80688,0.00920857
3,98,1.80705,0.00911664
3,99,1.80721,0.00902636
4,0,2.2677,0
4,1,2.16362,0.104073
4,2,2.12843,0.0696346
4,3,2.07188,0.0749828
4,4,2.08523,0.0595957
4,5,2.06286,0.0535555
4,6,2.04453,0.0488314
4,7,2.03619,0.0431041
4,8,2.04053,0.0382608
4,9,2.03956,0.0342351
4,10,2.04273,0.0311284
4,11,2.03756,0.0288827
4,12,2.03395,0.0268124
4,13,2.02504,0.0263755
4,14,2.02363,0.0245945
4,15,2.01397,0.0249532
4,16,2.01486,0.0234566
4,17,2.00949,0.0227592
4,18,2.01152,0.021624
4,19,2.0089,0.0206818
4,20,2.0116,0.0198577
4,21,2.02318,0.0221947
4,22,2.02234,0.0212248
4,23,2.02298,0.0203314
4,24,2.02938,0.0205252
4,25,2.02869,0.0197322
4,26,2.03103,0.0191306
4,27,2.03219,0.018471
4,28,2.02361,0.0197804
4,29,2.02504,0.0191635
4,30,2.02248,0.0187113
4,31,2.01603,0.0192302
4,32,2.01321,0.0188505
4,33,2.01246,0.0183032
4,34,2.01005,0.0179354
4,35,2.0125,0.0176024
4,36,2.01495,0.0172938
4,37,2.01577,0.0168526
4,38,2.01462,0.016455
4,39,2.0162,0.0161158
4,40,2.01764,0.0157835
4,41,2.02065,0.0156944
4,42,2.02115,0.0153332
4,43,2.02082,0.0149844
4,44,2.02039,0.0146537
4,45,2.02449,0.014905
4,46,2.02453,0.0145845
4,47,2.01996,0.0149905
4,48,2.01979,0.0146823
4,49,2.01939,0.0143912
4,50,2.01967,0.0141088
4,51,2.02098,0.0138967
4,52,2.02213,0.0136809
4,53,2.02275,0.0134391
4,54,2.02182,0.0132253
4,55,2.01913,0.0132619
4,56,2.02088,0.0131439
4,57,2.01874,0.0130909
4,58,2.01662,0.0130408
4,59,2.01818,0.0129166
4,60,2.01718,0.0127428
4,61,2.0189,0.0126539
4,62,2.01796,0.0124871
4,63,2.02164,0.0128289
4,64,2.02231,0.0126476
4,65,2.0216,0.0124744
4,66,2.02246,0.0123167
4,67,2.02334,0.0121663
4,68,2.02544,0.0121711
4,69,2.02716,0.0121183
4,70,2.02579,0.0120243
4,71,2.0253,0.0118666
4,72,2.0249,0.0117094
4,73,2.02588,0.0115911
4,74,2.02588,0.0114355
4,75,2.02508,0.0113123
4,76,2.02396,0.0112205
4,77,2.0236,0.0110817
4,78,2.0239,0.0109446
4,79,2.02434,0.0108161
4,80,2.02557,0.0107517
4,81,2.02437,0.0106867
4,82,2.02163,0.0109078
4,83,2.02077,0.0108116
4,84,2.02162,0.0107175
4,85,2.02224,0.0106106
4,86,2.02343,0.0105545
4,87,2.02376,0.0104392
4,88,2.02179,0.0105084
4,89,2.02275,0.0104356
4,90,2.02249,0.0103237
4,91,2.02307,0.0102274
4,92,2.02358,0.0101299
4,93,2.02528,0.010164
4,94,2.02404,0.0101328
4,95,2.02412,0.0100271
4,96,2.0249,0.00995386
4,97,2.02448,0.00986063
4,98,2.02373,0.00978957
4,99,2.02426,0.00970582
5,0,2.37592,0
5,1,2.317,0.0589229
5,2,2.3145,0.0341107
5,3,2.26405,0.0559192
5,4,2.25453,0.0443484
5,5,2.23277,0.0422452
5,6,2.21874,0.0383605
5,7,2.20653,0.0353946
5,8,2.20984,0.0313905
5,9,2.20929,0.0280819
5,10,2.21632,0.0263553
5,11,2.21305,0.0242805
5,12,2.20572,0.0235077
5,13,2.19709,0.0234098
5,14,2.19256,0.0222606
5,15,2.1883,0.0212529
5,16,2.18582,0.0201169
5,17,2.17807,0.0204888
5,18,2.18226,0.0198283
5,19,2.18055,0.0188884
5,20,2.18467,0.0184318
5,21,2.19404,0.0199172
5,22,2.19388,0.0190322
5,23,2.19276,0.0182562
5,24,2.19881,0.0185243
5,25,2.20082,0.0179105
5,26,2.20614,0.0180376
5,27,2.21014,0.0178361
5,28,2.19959,0.0201866
5,29,2.199,0.0195111
5,30,2.19769,0.0189163
5,31,2.19071,0.0196026
5,32,2.18801,0.0191892
5,33,2.18872,0.0186295
5,34,2.18687,0.0181835
5,35,2.1904,0.0180215
5,36,2.1926,0.0176647
5,37,2.19246,0.0171942
5,38,2.19342,0.0167753
5,39,2.19622,0.0165886
5,40,2.19818,0.016297
5,41,2.20082,0.0161228
5,42,2.20247,0.0158289
5,43,2.19827,0.0160234
5,44,2.20006,0.0157654
5,45,2.20371,0.0158428
5,46,2.20174,0.015626
5,47,2.19796,0.015757
5,48,2.19921,0.0154823
5,49,2.19716,0.0153071
5,50,2.1989,0.0151048
5,51,2.20302,0.0153724
5,52,2.20166,0.0151407
5,53,2.20162,0.0148578
5,54,2.19915,0.0147935
5,55,2.19823,0.0145558
5,56,2.1993,0.0143382
5,57,2.19597,0.0144762
5,58,2.19522,0.0142484
5,59,2.19753,0.0141968
5,60,2.1947,0.014246
5,61,2.19626,0.0141013
5,62,2.19516,0.0139194
5,63,2.19862,0.0141303
5,64,2.19894,0.0139149
5,65,2.19863,0.013706
5,66,2.19952,0.0135293
5,67,2.20079,0.0133888
5,68,2.20153,0.0132145
5,69,2.20199,0.0130324
5,70,2.20238,0.0128535
5,71,2.20166,0.0126941
5,72,2.20063,0.0125613
5,73,2.20205,0.0124715
5,74,2.20195,0.0123045
5,75,2.20054,0.0122228
5,76,2.19749,0.0124432
5,77,2.19639,0.0123313
5,78,2.19512,0.01224
5,79,2.19561,0.0120957
5,80,2.19529,0.0119497
5,81,2.19433,0.0118422
5,82,2.19131,0.0120825
5,83,2.19014,0.0119947
5,84,2.19093,0.0118791
5,85,2.19297,0.0119161
5,86,2.19391,0.0118152
5,87,2.19374,0.0116813
5,88,2.19244,0.0116226
5,89,2.19296,0.0115045
5,90,2.19252,0.0113859
5,91,2.19317,0.0112802
5,92,2.19411,0.0111978
5,93,2.1955,0.0111647
5,94,2.19365,0.0112
5,95,2.19341,0.0110854
5,96,2.1954,0.01115
5,97,2.19589,0.0110466
5,98,2.19563,0.0109377
5,99,2.19483,0.0108567
6,0,2.57385,0
6,1,2.49248,0.0813653
6,2,2.47845,0.0490281
6,3,2.42886,0.0605025
6,4,2.41629,0.0485215
6,5,2.4011,0.0424293
6,6,2.38799,0.0381803
6,7,2.37468,0.0356463
6,8,2.36964,0.0318379
6,9,2.36668,0.0286301
6,10,2.37151,0.0263433
6,11,2.37352,0.0241322
6,12,2.37099,0.0223422
6,13,2.35971,0.0235608
6,14,2.34982,0.0240633
6,15,2.34754,0.0226236
6,16,2.34662,0.0212714
6,17,2.34159,0.020674
6,18,2.34734,0.020382
6,19,2.34344,0.0197247
6,20,2.34472,0.0188054
6,21,2.35553,0.0209377
6,22,2.35908,0.0203192
6,23,2.36117,0.0195657
6,24,2.36917,0.0204018
6,25,2.36858,0.0196104
6,26,2.37688,0.0206138
6,27,2.38165,0.0204286
6,28,2.3704,0.0226943
6,29,2.37053,0.0219252
6,30,2.37057,0.0212061
6,31,2.36765,0.02074
6,32,2.36741,0.0201031
6,33,2.36903,0.0195704
6,34,2.36747,0.0190674
6,35,2.37307,0.0193569
6,36,2.37355,0.0188328
6,37,2.37453,0.0183567
6,38,2.37394,0.0178897
6,39,2.37584,0.0175398
6,40,2.37838,0.0172949
6,41,2.38041,0.0169995
6,42,2.37998,0.0166051
6,43,2.37686,0.0165201
6,44,2.37746,0.0161598
6,45,2.38059,0.0161125
6,46,2.37984,0.0157841
6,47,2.37771,0.0155973
6,48,2.37793,0.0152773
6,49,2.37679,0.0150124
6,50,2.37843,0.0148068
6,51,2.38197,0.0149452
6,52,2.38002,0.01479
6,53,2.38053,0.0145224
6,54,2.38042,0.0142564
6,55,2.38062,0.0140009
6,56,2.38112,0.0137622
6,57,2.37947,0.0136226
6,58,2.37945,0.0133898
6,59,2.38243,0.0134979
6,60,2.38069,0.0133882
6,61,2.37883,0.0133009
6,62,2.3782,0.0131035
6,63,2.38177,0.0133841
6,64,2.38245,0.0131937
6,65,2.38213,0.0129962
6,66,2.38173,0.0128071
6,67,2.38331,0.0127159
6,68,2.38443,0.0125808
6,69,2.38495,0.0124106
6,70,2.38369,0.012299
6,71,2.38284,0.0121567
6,72,2.38196,0.0120212
6,73,2.38444,0.0121137
6,74,2.38432,0.0119517
6,75,2.38218,0.0119859
6,76,2.37885,0.0122898
6,77,2.37773,0.0121825
6,78,2.37755,0.0120287
6,79,2.37729,0.0118801
6,80,2.3776,0.0117365
6,81,2.37649,0.0116452
6,82,2.37396,0.0117783
6,83,2.37328,0.0116575
6,84,2.37527,0.0116908
6,85,2.37672,0.0116443
6,86,2.3771,0.0115161
6,87,2.37681,0.0113881
6,88,2.37524,0.0113694
6,89,2.37686,0.0113594
6,90,2.37754,0.0112545
6,91,2.37798,0.0111399
6,92,2.37743,0.011033
6,93,2.37867,0.0109847
6,94,2.37767,0.0109141
6,95,2.37775,0.0108001
6,96,2.37894,0.0107549
6,97,2.37878,0.0106459
6,98,2.37842,0.0105437
6,99,2.37757,0.0104727
7,0,2.6766,0
7,1,2.57666,0.0999378
7,2,2.62542,0.0755437
7,3,2.57161,0.0758235
7,4,2.56928,0.0587787
7,5,2.57817,0.0488095
7,6,2.57116,0.0418437
7,7,2.55267,0.0406813
7,8,2.54898,0.0360667
7,9,2.54687,0.032328
7,10,2.55175,0.0296462
7,11,2.5436,0.0282623
7,12,2.55029,0.0268444
7,13,2.54579,0.0252584
7,14,2.53984,0.0242553
7,15,2.53345,0.0235721
7,16,2.53126,0.0222494
7,17,2.53167,0.020981
7,18,2.53428,0.0200169
7,19,2.52966,0.0195445
7,20,2.52911,0.0185988
7,21,2.53932,0.0204631
7,22,2.54564,0.0205504
7,23,2.54493,0.0196885
7,24,2.5474,0.0190454
7,25,2.54323,0.018767
7,26,2.54976,0.0192044
7,27,2.55508,0.0192552
7,28,2.54705,0.0202426
7,29,2.54603,0.0195828
7,30,2.54569,0.0189436
7,31,2.54096,0.0189417
7,32,2.54388,0.0185892
7,33,2.54561,0.0181177
7,34,2.54573,0.0175928
7,35,2.55096,0.0178783
7,36,2.54898,0.0175012
7,37,2.54829,0.017048
7,38,2.549,0.0166199
7,39,2.55548,0.0174483
7,40,2.56003,0.0176167
7,41,2.56283,0.0174181
7,42,2.56046,0.017173
7,43,2.5582,0.0169294
7,44,2.55621,0.0166686
7,45,2.55995,0.0167269
7,46,2.55925,0.0163822
7,47,2.55741,0.016142
7,48,2.55684,0.0158193
7,49,2.55426,0.0157139
7,50,2.55521,0.0154318
7,51,2.55958,0.0157523
7,52,2.55787,0.0155464
7,53,2.55583,0.0153916
7,54,2.557,0.0151539
7,55,2.55775,0.0149
7,56,2.55797,0.0146379
7,57,2.55874,0.0144037
7,58,2.55965,0.0141871
7,59,2.55964,0.0139487
7,60,2.55614,0.0141576
7,61,2.55416,0.0140672
7,62,2.55424,0.0138423
7,63,2.55741,0.0139878
7,64,2.55755,0.0137716
7,65,2.55683,0.0135804
7,66,2.55689,0.0133763
7,67,2.55838,0.0132628
7,68,2.55925,0.0130981
7,69,2.56082,0.0130041
7,70,2.55897,0.0129527
7,71,2.55854,0.0127787
7,72,2.55664,0.0127447
7,73,2.56019,0.0130635
7,74,2.56079,0.012902
7,75,2.55696,0.0132942
7,76,2.55414,0.0134196
7,77,2.55351,0.0132616
7,78,2.55338,0.0130933
7,79,2.5535,0.0129291
7,80,2.55348,0.0127685
7,81,2.55231,0.0126659
7,82,2.54926,0.0128797
7,83,2.54724,0.0128838
7,84,2.54756,0.0127353
7,85,2.54936,0.0127142
7,86,2.54942,0.0125674
7,87,2.5502,0.0124481
7,88,2.54845,0.0124312
7,89,2.54911,0.0123102
7,90,2.54978,0.0121925
7,91,2.5499,0.0120598
7,92,2.54908,0.0119577
7,93,2.54921,0.0118305
7,94,2.54826,0.0117437
7,95,2.54884,0.0116351
7,96,2.55036,0.011614
7,97,2.54997,0.0115016
7,98,2.55027,0.0113889
7,99,2.54817,0.0114679
8,0,2.88819,0
8,1,2.73124,0.156945
8,2,2.74882,0.0923017
8,3,2.72284,0.0702497
8,4,2.71376,0.0551666
8,5,2.71614,0.045106
8,6,2.71024,0.0385761
8,7,2.70612,0.0336607
8,8,2.70036,0.0302402
8,9,2.70029,0.0270477
8,10,2.6989,0.0245055
8,11,2.68314,0.0273607
8,12,2.68196,0.0251957
8,13,2.67893,0.0235231
8,14,2.67367,0.0225213
8,15,2.67326,0.0210708
8,16,2.67564,0.0199357
8,17,2.68082,0.0194959
8,18,2.68861,0.0200169
8,19,2.67984,0.0209172
8,20,2.68749,0.0213191
8,21,2.69858,0.023155
8,22,2.70693,0.0236483
8,23,2.70825,0.02268
8,24,2.71466,0.022677
8,25,2.70713,0.0230517
8,26,2.71038,0.0224189
8,27,2.71644,0.0224369
8,28,2.70969,0.0226785
8,29,2.70866,0.0219334
8,30,2.70419,0.0216795
8,31,2.6996,0.0214883
8,32,2.69969,0.0208271
8,33,2.70199,0.0203357
8,34,2.69889,0.0199873
8,35,2.70527,0.0204437
8,36,2.70473,0.0198908
8,37,2.70321,0.0194197
8,38,2.70311,0.0189155
8,39,2.70861,0.0192407
8,40,2.71281,0.0192284
8,41,2.7131,0.0187673
8,42,2.70927,0.0187222
8,43,2.70831,0.0183171
8,44,2.70808,0.0179068
8,45,2.71248,0.0180572
8,46,2.71207,0.0176736
8,47,2.71039,0.017383
8,48,2.71215,0.0171154
8,49,2.70817,0.0172355
8,50,2.70861,0.0168998
8,51,2.71127,0.016785
8,52,2.70838,0.0167181
8,53,2.70778,0.0164163
8,54,2.71019,0.0162935
8,55,2.70941,0.0160187
8,56,2.71056,0.0157768
8,57,2.71297,0.01569
8,58,2.71379,0.0154432
8,59,2.71388,0.0151839
8,60,2.71062,0.0152843
8,61,2.70872,0.0151555
8,62,2.71073,0.0150478
8,63,2.71591,0.0156908
8,64,2.71556,0.0154513
8,65,2.71437,0.0152624
8,66,2.71422,0.0150337
8,67,2.71634,0.014962
8,68,2.71711,0.0147639
8,69,2.71836,0.0146045
8,70,2.71443,0.0149226
8,71,2.71423,0.0147153
8,72,2.71211,0.0146659
8,73,2.71698,0.0152632
8,74,2.71866,0.0151519
8,75,2.71472,0.0154618
8,76,2.71304,0.0153519
8,77,2.71217,0.0151787
8,78,2.71377,0.0150705
8,79,2.71305,0.0148984
8,80,2.71442,0.0147775
8,81,2.71302,0.0146634
8,82,2.71036,0.0147282
8,83,2.70848,0.0146721
8,84,2.70811,0.0145031
8,85,2.70931,0.014383
8,86,2.71142,0.0143728
8,87,2.71346,0.0143542
8,88,2.71181,0.0142872
8,89,2.71308,0.0141846
8,90,2.71354,0.0140351
8,91,2.71391,0.0138868
8,92,2.7127,0.0137897
8,93,2.71236,0.0136464
8,94,2.71023,0.0136685
8,95,2.71026,0.0135254
8,96,2.71287,0.0136373
8,97,2.7125,0.0135025
8,98,2.71228,0.0133673
8,99,2.7111,0.0132849
9,0,2.98354,0
9,1,2.81938,0.164162
9,2,2.85328,0.100661
9,3,2.82411,0.076925
9,4,2.81407,0.060425
9,5,2.83514,0.0536469
9,6,2.83134,0.0454993
9,7,2.83786,0.0399402
9,8,2.84639,0.0362408
9,9,2.85501,0.033542
9,10,2.85507,0.0303399
9,11,2.83893,0.0320523
9,12,2.84421,0.0299518
9,13,2.83178,0.0303865
9,14,2.82405,0.0293255
9,15,2.82021,0.0277
9,16,2.81877,0.0260589
9,17,2.81592,0.0247342
9,18,2.82009,0.0237647
9,19,2.81444,0.0232413
9,20,2.82356,0.023915
9,21,2.8322,0.0243833
9,22,2.83494,0.0234593
9,23,2.83694,0.02255
9,24,2.84535,0.0232056
9,25,2.8421,0.0225307
9,26,2.84551,0.0219461
9,27,2.85257,0.0222945
9,28,2.8433,0.0234217
9,29,2.84342,0.0226278
9,30,2.84089,0.0220313
9,31,2.83812,0.021511
9,32,2.83783,0.020851
9,33,2.83988,0.0203324
9,34,2.83465,0.020425
9,35,2.84223,0.0212472
9,36,2.84081,0.0207133
9,37,2.84136,0.0201684
9,38,2.84325,0.0197346
9,39,2.84594,0.0194226
9,40,2.84996,0.0193653
9,41,2.84892,0.0189273
9,42,2.84658,0.0186295
9,43,2.84324,0.0185043
9,44,2.84145,0.018177
9,45,2.84525,0.0181791
9,46,2.84526,0.0177881
9,47,2.84538,0.017414
9,48,2.84673,0.017108
9,49,2.84321,0.0171286
9,50,2.84526,0.0169143
9,51,2.84701,0.0166775
9,52,2.84659,0.0163651
9,53,2.84728,0.016074
9,54,2.84831,0.0158131
9,55,2.84606,0.0156903
9,56,2.84615,0.0154129
9,57,2.84661,0.0151517
9,58,2.84827,0.0149847
9,59,2.84847,0.0147342
9,60,2.84555,0.0147821
9,61,2.84356,0.0146774
9,62,2.845,0.0145146
9,63,2.84987,0.0150922
9,64,2.84977,0.0148585
9,65,2.84852,0.014685
9,66,2.8492,0.0144804
9,67,2.85106,0.0143869
9,68,2.85174,0.0141932
9,69,2.85225,0.0139983
9,70,2.84855,0.0142875
9,71,2.84863,0.0140878
9,72,2.84598,0.0141449
9,73,2.84917,0.0143122
9,74,2.84953,0.0141248
9,75,2.84643,0.0142787
9,76,2.84499,0.0141656
9,77,2.84278,0.0141569
9,78,2.84481,0.0141228
9,79,2.84443,0.0139503
9,80,2.8461,0.0138785
9,81,2.84452,0.0137996
9,82,2.84203,0.0138564
9,83,2.84047,0.0137794
9,84,2.83951,0.0136501
9,85,2.84088,0.0135601
9,86,2.84256,0.0135083
9,87,2.84537,0.0136452
9,88,2.84488,0.0134999
9,89,2.84657,0.0134561
9,90,2.84726,0.013325
9,91,2.84753,0.0131822
9,92,2.84512,0.0132607
9,93,2.84538,0.0131216
9,94,2.84433,0.0130249
9,95,2.84574,0.0129651
9,96,2.84813,0.0130517
9,97,2.84793,0.0129195
9,98,2.84822,0.0127916
9,99,2.84841,0.0126645
10,0,3.23366,0
10,1,2.95794,0.275714
10,2,2.98309,0.161157
10,3,2.94736,0.119425
10,4,2.9331,0.0935994
10,5,2.95058,0.0783968
10,6,2.94628,0.0663968
10,7,2.94761,0.0575167
10,8,2.9683,0.0547813
10,9,2.97937,0.050234
10,10,2.98706,0.0460843
10,11,2.97363,0.0441606
10,12,2.98214,0.0415041
10,13,2.97076,0.0400771
10,14,2.96377,0.0379586
10,15,2.96162,0.0355721
10,16,2.9586,0.0335501
10,17,2.9561,0.0317296
10,18,2.95287,0.0301867
10,19,2.94529,0.0296245
10,20,2.95582,0.0300822
10,21,2.96442,0.0299425
10,22,2.96868,0.0289269
10,23,2.96838,0.027697
10,24,2.97904,0.0286217
10,25,2.97328,0.0280942
10,26,2.97765,0.0273833
10,27,2.98768,0.0282297
10,28,2.9811,0.0280212
10,29,2.98663,0.0276292
10,30,2.98263,0.0270202
10,31,2.98194,0.0261712
10,32,2.97961,0.0254727
10,33,2.97951,0.0247123
10,34,2.9706,0.0255997
10,35,2.97909,0.026288
10,36,2.97596,0.0257586
10,37,2.97761,0.0251256
10,38,2.9804,0.0246319
10,39,2.98196,0.0240589
10,40,2.9859,0.0237938
10,41,2.98436,0.0232718
10,42,2.98137,0.0229191
10,43,2.97891,0.0225271
10,44,2.97715,0.0220915
10,45,2.97878,0.0216677
10,46,2.98198,0.0214415
10,47,2.9825,0.0209965
10,48,2.98358,0.0205922
10,49,2.98015,0.0204659
10,50,2.98227,0.0201719
10,51,2.98427,0.0198815
10,52,2.98465,0.0195063
10,53,2.98432,0.0191445
10,54,2.98756,0.0190706
10,55,2.98184,0.0195791
10,56,2.98397,0.0193493
10,57,2.98424,0.0190148
10,58,2.98632,0.0188048
10,59,2.98624,0.0184889
10,60,2.98203,0.0186658
10,61,2.98164,0.0183663
10,62,2.98227,0.0180833
10,63,2.98807,0.0187222
10,64,2.98844,0.0184355
10,65,2.98846,0.0181541
10,66,2.99018,0.0179641
10,67,2.99133,0.0177351
10,68,2.99332,0.017589
10,69,2.99251,0.0173549
10,70,2.98821,0.0176395
10,71,2.9881,0.0173931
10,72,2.98551,0.0173483
10,73,2.98774,0.0172569
10,74,2.98873,0.0170541
10,75,2.98605,0.0170399
10,76,2.9846,0.0168801
10,77,2.98155,0.0169382
10,78,2.98301,0.0167856
10,79,2.98467,0.0166581
10,80,2.98706,0.0166228
10,81,2.98592,0.0164577
10,82,2.98315,0.0164933
10,83,2.98023,0.0165556
10,84,2.97989,0.0163631
10,85,2.98062,0.0161881
10,86,2.98283,0.0161529
10,87,2.98546,0.0161832
10,88,2.98442,0.0160341
10,89,2.98576,0.0159111
10,90,2.98524,0.0157436
10,91,2.98448,0.0155904
10,92,2.9818,0.0156524
10,93,2.98146,0.0154887
10,94,2.98012,0.015383
10,95,2.98193,0.0153288
10,96,2.98363,0.0152653
10,97,2.98278,0.0151332
10,98,2.98268,0.0149798
10,99,2.9824,0.0148319
11,0,3.27176,0
11,1,2.98965,0.282107
11,2,3.05307,0.174783
11,3,3.04615,0.123784
11,4,3.03555,0.0964664
11,5,3.04771,0.0796969
11,6,3.05646,0.0679222
11,7,3.06784,0.0599133
11,8,3.08099,0.0544502
11,9,3.08913,0.0493767
11,10,3.10388,0.0470375
11,11,3.08615,0.0464568
11,12,3.09254,0.0432095
11,13,3.08177,0.0414296
11,14,3.07239,0.0396934
11,15,3.07649,0.0373556
11,16,3.07047,0.0356026
11,17,3.0749,0.0338574
11,18,3.07837,0.0322139
11,19,3.07163,0.0312951
11,20,3.07676,0.0302059
11,21,3.08583,0.0301952
11,22,3.08913,0.0290404
11,23,3.0881,0.027823
11,24,3.09781,0.028396
11,25,3.08902,0.0286618
11,26,3.09272,0.0278273
11,27,3.10491,0.0294529
11,28,3.09774,0.0293078
11,29,3.10179,0.0286021
11,30,3.09905,0.0277998
11,31,3.09695,0.0269988
11,32,3.09725,0.0261696
11,33,3.09681,0.025392
11,34,3.08653,0.0267126
11,35,3.09707,0.028018
11,36,3.09517,0.0273165
11,37,3.09899,0.0268604
11,38,3.10251,0.0263993
11,39,3.10305,0.0257365
11,40,3.10885,0.0257619
11,41,3.10838,0.0251455
11,42,3.10731,0.024577
11,43,3.10573,0.0240639
11,44,3.10165,0.0238733
11,45,3.10417,0.0234836
11,46,3.10691,0.0231412
11,47,3.1069,0.022654
11,48,3.10811,0.0222201
11,49,3.10332,0.0222916
11,50,3.10511,0.0219227
11,51,3.10783,0.0216691
11,52,3.10671,0.0212861
11,53,3.10544,0.0209265
11,54,3.10805,0.0207078
11,55,3.10208,0.0211928
11,56,3.10513,0.0210402
11,57,3.10662,0.0207273
11,58,3.10707,0.020378
11,59,3.10511,0.0201315
11,60,3.10129,0.0201627
11,61,3.10096,0.0198376
11,62,3.10213,0.0195553
11,63,3.10659,0.0197567
11,64,3.10606,0.0194577
11,65,3.1046,0.0192158
11,66,3.1063,0.0190026
11,67,3.11074,0.0192415
11,68,3.11328,0.0191303
11,69,3.11349,0.0188562
11,70,3.10865,0.0192072
11,71,3.10874,0.0189387
11,72,3.10717,0.0187433
11,73,3.1094,0.0186219
11,74,3.11174,0.0185202
11,75,3.10986,0.0183708
11,76,3.10871,0.0181672
11,77,3.10597,0.0181399
11,78,3.10664,0.0179213
11,79,3.10818,0.0177628
11,80,3.11119,0.0177982
11,81,3.10953,0.0176585
11,82,3.10666,0.0176783
11,83,3.10362,0.0177293
11,84,3.10467,0.0175508
11,85,3.10565,0.0173731
11,86,3.10895,0.0174866
11,87,3.11044,0.0173513
11,88,3.11046,0.0171553
11,89,3.11103,0.0169734
11,90,3.11095,0.0167861
11,91,3.10959,0.0166587
11,92,3.10719,0.0166528
11,93,3.10687,0.0164776
11,94,3.10511,0.0163981
11,95,3.10613,0.0162584
11,96,3.10805,0.016204
11,97,3.10826,0.0160392
11,98,3.10669,0.0159534
11,99,3.1062,0.0158006
12,0,3.38848,0
12,1,3.1535,0.234981
12,2,3.16986,0.13665
12,3,3.14532,0.0996937
12,4,3.13523,0.0778785
12,5,3.14177,0.0639226
12,6,3.15714,0.0561701
12,7,3.17554,0.052008
12,8,3.18595,0.0470317
12,9,3.19332,0.0427084
12,10,3.20919,0.0417649
12,11,3.1909,0.042286
12,12,3.19287,0.0389468
12,13,3.18822,0.0363564
12,14,3.18023,0.0347744
12,15,3.19311,0.034984
12,16,3.18734,0.0333647
12,17,3.19646,0.0327517
12,18,3.20482,0.0320879
12,19,3.19895,0.0310007
12,20,3.20318,0.0297895
12,21,3.21364,0.0302683
12,22,3.21777,0.0292157
12,23,3.21932,0.0280146
12,24,3.22643,0.0277961
12,25,3.21584,0.0287315
12,26,3.21821,0.027749
12,27,3.23036,0.0293686
12,28,3.22835,0.0284089
12,29,3.2303,0.027515
12,30,3.22601,0.0269571
12,31,3.22093,0.0265903
12,32,3.22126,0.025774
12,33,3.22066,0.0250117
12,34,3.20938,0.0267747
12,35,3.22349,0.0295972
12,36,3.22333,0.0287866
12,37,3.22622,0.0281675
12,38,3.22667,0.0274395
12,39,3.22772,0.0267651
12,40,3.23492,0.0270804
12,41,3.23441,0.0264326
12,42,3.23441,0.0258106
12,43,3.23257,0.0252838
12,44,3.22793,0.0251475
12,45,3.23019,0.0246984
12,46,3.23373,0.0244243
12,47,3.23132,0.0240308
12,48,3.2325,0.023565
12,49,3.22881,0.0233818
12,50,3.23084,0.0230078
12,51,3.23273,0.0226402
12,52,3.23263,0.0222091
12,53,3.23152,0.0218222
12,54,3.23351,0.0215139
12,55,3.22981,0.021448
12,56,3.23162,0.0211458
12,57,3.23452,0.0209791
12,58,3.23751,0.0208362
12,59,3.23604,0.0205388
12,60,3.23126,0.0207572
12,61,3.23282,0.0204794
12,62,3.23322,0.0201557
12,63,3.23878,0.0206031
12,64,3.23916,0.0202872
12,65,3.23851,0.0199882
12,66,3.24096,0.0198403
12,67,3.24428,0.0198261
12,68,3.24592,0.0196049
12,69,3.24586,0.0193228
12,70,3.24189,0.0194581
12,71,3.24204,0.0191865
12,72,3.24053,0.0189819
12,73,3.24235,0.0188118
12,74,3.24414,0.0186456
12,75,3.24216,0.0185048
12,76,3.2409,0.0183065
12,77,3.2387,0.0182031
12,78,3.24,0.0180179
12,79,3.24187,0.0178892
12,80,3.24524,0.0179856
12,81,3.24376,0.0178268
12,82,3.24153,0.0177508
12,83,3.23839,0.0178177
12,84,3.23949,0.0176417
12,85,3.24021,0.0174499
12,86,3.24288,0.0174545
12,87,3.24477,0.0173579
12,88,3.2458,0.0171926
12,89,3.24559,0.0170017
12,90,3.24486,0.0168297
12,91,3.24416,0.0166607
12,92,3.24056,0.0168688
12,93,3.2402,0.0166923
12,94,3.23933,0.0165382
12,95,3.24056,0.0164109
12,96,3.24265,0.0163754
12,97,3.24262,0.0162075
12,98,3.24159,0.0160763
12,99,3.24176,0.0159157
13,0,3.44103,0
13,1,3.1869,0.254133
13,2,3.25667,0.162467
13,3,3.23597,0.116731
13,4,3.24754,0.0911564
13,5,3.27314,0.0787073
13,6,3.28099,0.0669817
13,7,3.29204,0.0590509
13,8,3.29745,0.0523579
13,9,3.30971,0.0484092
13,10,3.32264,0.0456588
13,11,3.30032,0.0472812
13,12,3.30168,0.0435136
13,13,3.29704,0.0405525
13,14,3.29012,0.0383806
13,15,3.3075,0.0398879
13,16,3.29635,0.0390941
13,17,3.31132,0.0397851
13,18,3.31461,0.0377758
13,19,3.31496,0.035839
13,20,3.31865,0.0342888
13,21,3.33152,0.0351348
13,22,3.3369,0.0340008
13,23,3.33969,0.0326728
13,24,3.34984,0.032941
13,25,3.34079,0.0329173
13,26,3.34674,0.0322298
13,27,3.35746,0.0328563
13,28,3.35485,0.0318102
13,29,3.3545,0.0307336
13,30,3.35133,0.0298944
13,31,3.34772,0.0291703
13,32,3.34752,0.0282732
13,33,3.3443,0.0276169
13,34,3.33436,0.0286022
13,35,3.3491,0.031463
13,36,3.34952,0.0306038
13,37,3.34968,0.029788
13,38,3.34974,0.0290142
13,39,3.35174,0.0283502
13,40,3.3558,0.0279467
13,41,3.35449,0.0273045
13,42,3.35531,0.0266747
13,43,3.35228,0.0262378
13,44,3.35096,0.0256819
13,45,3.35566,0.0255536
13,46,3.36027,0.0254245
13,47,3.35712,0.0250875
13,48,3.35789,0.0245822
13,49,3.35308,0.0245614
13,50,3.35578,0.0242256
13,51,3.35737,0.0238086
13,52,3.35737,0.023355
13,53,3.35729,0.0229186
13,54,3.35897,0.0225602
13,55,3.35513,0.0224845
13,56,3.35829,0.0223114
13,57,3.35877,0.0219286
13,58,3.36104,0.0216736
13,59,3.36029,0.0213225
13,60,3.35552,0.021507
13,61,3.35411,0.0212038
13,62,3.35581,0.0209332
13,63,3.36102,0.0212526
13,64,3.36082,0.0209241
13,65,3.36023,0.020613
13,66,3.36208,0.0203869
13,67,3.36519,0.0203236
13,68,3.36581,0.0200367
13,69,3.36622,0.0197525
13,70,3.36276,0.0197763
13,71,3.36419,0.0195522
13,72,3.36276,0.019336
13,73,3.36479,0.0191806
13,74,3.36653,0.0190033
13,75,3.36295,0.0190898
13,76,3.36152,0.0188943
13,77,3.35832,0.0189239
13,78,3.35909,0.018699
13,79,3.35888,0.0184649
13,80,3.36325,0.0187505
13,81,3.36095,0.0186625
13,82,3.35857,0.0185891
13,83,3.35562,0.0186025
13,84,3.35678,0.0184192
13,85,3.35702,0.0182053
13,86,3.3588,0.0180831
13,87,3.36126,0.0180443
13,88,3.36336,0.0179634
13,89,3.36331,0.0177628
13,90,3.36179,0.017632
13,91,3.36125,0.0174475
13,92,3.35842,0.0174901
13,93,3.35777,0.0173151
13,94,3.35617,0.0172063
13,95,3.35692,0.0170423
13,96,3.35864,0.0169536
13,97,3.3585,0.0167803
13,98,3.35688,0.0166884
13,99,3.35904,0.0166611
14,0,3.57525,0
14,1,3.3098,0.265455
14,2,3.38299,0.169842
14,3,3.36025,0.122231
14,4,3.38669,0.098301
14,5,3.41741,0.0859415
14,6,3.41631,0.0726422
14,7,3.41725,0.0629171
14,8,3.42708,0.0563503
14,9,3.44145,0.0524122
14,10,3.45637,0.0497004
14,11,3.44071,0.0479971
14,12,3.44216,0.0441747
14,13,3.43463,0.0415857
14,14,3.42635,0.0395893
14,15,3.4345,0.0379178
14,16,3.42506,0.0368462
14,17,3.43846,0.037232
14,18,3.43826,0.0352185
14,19,3.43917,0.0334236
14,20,3.44308,0.0320312
14,21,3.45404,0.0324501
14,22,3.46299,0.0322709
14,23,3.46089,0.0309678
14,24,3.46733,0.0303921
14,25,3.45678,0.0310479
14,26,3.46231,0.030384
14,27,3.47097,0.0305336
14,28,3.46927,0.0295111
14,29,3.46981,0.0285155
14,30,3.46373,0.0282411
14,31,3.46052,0.0275328
14,32,3.46214,0.0267344
14,33,3.46251,0.0259389
14,34,3.4555,0.0261424
14,35,3.46981,0.0291555
14,36,3.47062,0.0283682
14,37,3.47078,0.027612
14,38,3.46831,0.0270084
14,39,3.47252,0.0266597
14,40,3.47808,0.0265885
14,41,3.47708,0.0259669
14,42,3.47903,0.0254309
14,43,3.47541,0.0251081
14,44,3.47278,0.0246844
14,45,3.47891,0.0249071
14,46,3.48333,0.0247702
14,47,3.48071,0.0243904
14,48,3.4787,0.0239715
14,49,3.47453,0.0238558
14,50,3.47756,0.0235796
14,51,3.47822,0.0231311
14,52,3.47861,0.0226939
14,53,3.47919,0.0222772
14,54,3.48034,0.0218987
14,55,3.47562,0.0220163
14,56,3.47769,0.0217258
14,57,3.47912,0.0213954
14,58,3.48225,0.0212613
14,59,3.48242,0.0209046
14,60,3.47515,0.0218055
14,61,3.47307,0.0215512
14,62,3.47444,0.0212507
14,63,3.48022,0.0216983
14,64,3.47882,0.0214075
14,65,3.47785,0.0211031
14,66,3.48056,0.0209624
14,67,3.48346,0.0208538
14,68,3.48423,0.0205639
14,69,3.48369,0.0202751
14,70,3.47922,0.0204814
14,71,3.48053,0.0202371
14,72,3.47948,0.0199858
14,73,3.47951,0.0197138
14,74,3.4812,0.0195228
14,75,3.47828,0.0194836
14,76,3.47618,0.0193441
14,77,3.47479,0.0191444
14,78,3.47667,0.0189936
14,79,3.47779,0.0187877
14,80,3.48163,0.0189476
14,81,3.47992,0.0187925
14,82,3.47706,0.0187833
14,83,3.47554,0.0186211
14,84,3.47658,0.0184304
14,85,3.47719,0.018225
14,86,3.47924,0.01813
14,87,3.48112,0.0180217
14,88,3.48351,0.0179776
14,89,3.48366,0.0177773
14,90,3.48133,0.0177345
14,91,3.48048,0.0175612
14,92,3.47836,0.0174999
14,93,3.47687,0.0173772
14,94,3.4762,0.0172062
14,95,3.47644,0.0170277
14,96,3.47831,0.016955
14,97,3.4776,0.0167962
14,98,3.47625,0.0166807
14,99,3.4783,0.0166399
15,0,3.71012,0
15,1,3.41944,0.29069
15,2,3.44411,0.169634
15,3,3.43368,0.120401
15,4,3.46579,0.0986333
15,5,3.52277,0.0986543
15,6,3.51988,0.0834282
15,7,3.5137,0.0725151
15,8,3.52474,0.0648994
15,9,3.53882,0.059731
15,10,3.56302,0.0591981
15,11,3.54137,0.0582129
15,12,3.55836,0.0561773
15,13,3.54917,0.052815
15,14,3.54648,0.0492417
15,15,3.54716,0.0460664
15,16,3.54089,0.0437229
15,17,3.55147,0.0425569
15,18,3.55434,0.0403576
15,19,3.5541,0.0382873
15,20,3.55709,0.0365409
15,21,3.56959,0.0370149
15,22,3.57706,0.0361488
15,23,3.57595,0.0346278
15,24,3.57617,0.0332145
15,25,3.56587,0.0335332
15,26,3.56801,0.0323386
15,27,3.57556,0.0320625
15,28,3.57635,0.0309474
15,29,3.57458,0.0299504
15,30,3.56889,0.0295234
15,31,3.56503,0.0288445
15,32,3.56681,0.028013
15,33,3.5678,0.0271948
15,34,3.56168,0.0271068
15,35,3.5755,0.0297477
15,36,3.57732,0.0289901
15,37,3.57985,0.0283299
15,38,3.57907,0.0276051
15,39,3.58149,0.0270149
15,40,3.58605,0.0267401
15,41,3.5846,0.0261363
15,42,3.58649,0.0255914
15,43,3.58357,0.0251737
15,44,3.57918,0.0249954
15,45,3.58513,0.0251604
15,46,3.58716,0.0247028
15,47,3.58382,0.0244133
15,48,3.58267,0.0239372
15,49,3.5785,0.0238214
15,50,3.58342,0.0238622
15,51,3.58559,0.0234987
15,52,3.58536,0.0230522
15,53,3.58433,0.0226445
15,54,3.58406,0.0222307
15,55,3.57957,0.0222857
15,56,3.58181,0.022005
15,57,3.58365,0.0217009
15,58,3.58815,0.021798
15,59,3.58776,0.0214351
15,60,3.58065,0.0222489
15,61,3.57847,0.0219948
15,62,3.57965,0.0216747
15,63,3.5845,0.021879
15,64,3.58226,0.0216559
15,65,3.58189,0.0213286
15,66,3.58323,0.0210506
15,67,3.5864,0.0209796
15,68,3.58661,0.0206743
15,69,3.58493,0.0204456
15,70,3.58197,0.0203721
15,71,3.58207,0.0200874
15,72,3.5814,0.0198214
15,73,3.58228,0.0195714
15,74,3.58524,0.0195342
15,75,3.58374,0.019334
15,76,3.58022,0.0194031
15,77,3.57928,0.0191756
15,78,3.58074,0.0189871
15,79,3.58019,0.0187563
15,80,3.58446,0.0190109
15,81,3.5846,0.0187781
15,82,3.58336,0.0185922
15,83,3.58295,0.0183742
15,84,3.5841,0.0181933
15,85,3.58479,0.0179939
15,86,3.58673,0.0178909
15,87,3.58879,0.0178062
15,88,3.59199,0.0178939
15,89,3.59266,0.0177066
15,90,3.59128,0.0175652
15,91,3.59156,0.0173756
15,92,3.59048,0.0172216
15,93,3.58723,0.0173458
15,94,3.58645,0.01718
15,95,3.58688,0.0170056
15,96,3.58951,0.0170345
15,97,3.58891,0.0168706
15,98,3.5884,0.0167071
15,99,3.59013,0.0166299
16,0,3.89525,0
16,1,3.59709,0.298163
16,2,3.59225,0.172212
16,3,3.59296,0.121775
16,4,3.62201,0.0986981
16,5,3.66097,0.0895097
16,6,3.65087,0.0763199
16,7,3.63835,0.0672703
16,8,3.64299,0.0595078
16,9,3.66207,0.0565409
16,10,3.68193,0.0548655
16,11,3.65874,0.0551919
16,12,3.67637,0.0537427
16,13,3.66072,0.0521615
16,14,3.65551,0.0488377
16,15,3.65686,0.0457034
16,16,3.65077,0.0433617
16,17,3.66314,0.0427135
16,18,3.66729,0.0406154
16,19,3.65392,0.040783
16,20,3.65786,0.0389917
16,21,3.67559,0.0411873
16,22,3.68432,0.0403119
16,23,3.68188,0.0386722
16,24,3.68235,0.037096
16,25,3.67545,0.0363039
16,26,3.67794,0.0350222
16,27,3.68124,0.0339099
16,28,3.68174,0.0327234
16,29,3.68048,0.0316388
16,30,3.67337,0.0314152
16,31,3.66914,0.0307111
16,32,3.66768,0.0298016
16,33,3.66945,0.0289657
16,34,3.66466,0.0285302
16,35,3.67812,0.0308178
16,36,3.68169,0.0301861
16,37,3.68284,0.0294034
16,38,3.68281,0.0286396
16,39,3.6848,0.0279851
16,40,3.69342,0.0286238
16,41,3.68794,0.028468
16,42,3.68775,0.0277988
16,43,3.68469,0.0273314
16,44,3.67974,0.0271716
16,45,3.68306,0.0267815
16,46,3.68462,0.0262517
16,47,3.68202,0.0258298
16,48,3.68198,0.0252972
16,49,3.68005,0.0248607
16,50,3.68287,0.0245306
16,51,3.68644,0.0243173
16,52,3.68511,0.0238906
16,53,3.68523,0.0234443
16,54,3.68803,0.0231832
16,55,3.68417,0.0230908
16,56,3.68553,0.0227233
16,57,3.68604,0.0223338
16,58,3.68876,0.0221201
16,59,3.6884,0.0217514
16,60,3.6832,0.022014
16,61,3.68371,0.021662
16,62,3.68479,0.0213429
16,63,3.68731,0.021157
16,64,3.68341,0.0211911
16,65,3.68272,0.0208791
16,66,3.68424,0.0206212
16,67,3.68866,0.0207918
16,68,3.68983,0.0205218
16,69,3.68883,0.0202514
16,70,3.68703,0.0200446
16,71,3.68751,0.0197701
16,72,3.68743,0.0194976
16,73,3.68871,0.0192752
16,74,3.6926,0.0194096
16,75,3.69064,0.0192526
16,76,3.68627,0.0194961
16,77,3.68425,0.0193509
16,78,3.68721,0.0193322
16,79,3.68598,0.0191283
16,80,3.68973,0.0192587
16,81,3.68951,0.0190236
16,82,3.68828,0.0188333
16,83,3.6878,0.0186139
16,84,3.68798,0.0183945
16,85,3.68859,0.0181898
16,86,3.69094,0.0181316
16,87,3.69342,0.0180953
16,88,3.69582,0.0180518
16,89,3.69679,0.0178761
16,90,3.69542,0.0177318
16,91,3.69497,0.0175438
16,92,3.69413,0.0173744
16,93,3.69098,0.0174742
16,94,3.6895,0.0173529
16,95,3.68928,0.0171726
16,96,3.69107,0.0170892
16,97,3.69082,0.0169157
16,98,3.69027,0.0167533
16,99,3.69118,0.0166103
17,0,3.9612,0
17,1,3.6782,0.283003
17,2,3.63746,0.168393
17,3,3.64985,0.119714
17,4,3.659,0.0931811
17,5,3.70689,0.0898974
17,6,3.70901,0.0760068
17,7,3.70265,0.06613
17,8,3.71254,0.0591542
17,9,3.73506,0.0575002
17,10,3.74918,0.0538933
17,11,3.72379,0.0553619
17,12,3.7466,0.0558016
17,13,3.73025,0.0541889
17,14,3.7315,0.0504627
17,15,3.73295,0.0472257
17,16,3.72553,0.0449774
17,17,3.73862,0.0443818
17,18,3.73967,0.041994
17,19,3.72656,0.0419407
17,20,3.73417,0.0406129
17,21,3.7496,0.0416858
17,22,3.755,0.0401962
17,23,3.75466,0.0384865
17,24,3.75553,0.0369251
17,25,3.7506,0.0358162
17,26,3.75451,0.0346844
17,27,3.75794,0.0335985
17,28,3.7627,0.0327667
17,29,3.7603,0.0317466
17,30,3.75437,0.0312719
17,31,3.75099,0.0304672
17,32,3.74903,0.0295943
17,33,3.75098,0.0287766
17,34,3.74565,0.0284448
17,35,3.76313,0.0327058
17,36,3.76282,0.0318112
17,37,3.76496,0.0310372
17,38,3.7652,0.0302318
17,39,3.76863,0.0296643
17,40,3.77816,0.030462
17,41,3.77257,0.0302477
17,42,3.77198,0.0295418
17,43,3.76694,0.0292997
17,44,3.76187,0.0290869
17,45,3.76575,0.0287114
17,46,3.76582,0.0280939
17,47,3.76469,0.0275254
17,48,3.76502,0.0269598
17,49,3.76392,0.026438
17,50,3.76699,0.026095
17,51,3.76983,0.0257463
17,52,3.76839,0.0252972
17,53,3.76816,0.0248253
17,54,3.77159,0.0246092
17,55,3.76927,0.0242765
17,56,3.77014,0.0238626
17,57,3.77075,0.0234553
17,58,3.77348,0.0232161
17,59,3.77449,0.0228481
17,60,3.76855,0.0232414
17,61,3.77141,0.0230413
17,62,3.77167,0.0226741
17,63,3.77492,0.0225524
17,64,3.77143,0.0224753
17,65,3.77066,0.0221455
17,66,3.77189,0.0218468
17,67,3.77653,0.0220185
17,68,3.77851,0.0217872
17,69,3.77644,0.0215734
17,70,3.77463,0.021344
17,71,3.77676,0.021153
17,72,3.77652,0.0208626
17,73,3.77722,0.0205907
17,74,3.78096,0.0206547
17,75,3.77863,0.0205135
17,76,3.7751,0.0205504
17,77,3.77302,0.020392
17,78,3.77579,0.0203221
17,79,3.77558,0.0200676
17,80,3.77884,0.0200857
17,81,3.77947,0.0198491
17,82,3.77837,0.0196394
17,83,3.77855,0.019405
17,84,3.7785,0.0191755
17,85,3.78028,0.019035
17,86,3.78382,0.0191439
17,87,3.78624,0.0190795
17,88,3.78906,0.0190736
17,89,3.79068,0.0189302
17,90,3.78896,0.0188001
17,91,3.78877,0.0185955
17,92,3.78809,0.0184072
17,93,3.78491,0.0184858
17,94,3.7837,0.0183303
17,95,3.78325,0.0181438
17,96,3.78492,0.0180334
17,97,3.78359,0.0178984
17,98,3.78187,0.0178
17,99,3.78218,0.0176238
18,0,4.06652,0
18,1,3.74291,0.323607
18,2,3.71556,0.188826
18,3,3.73788,0.135373
18,4,3.74817,0.105364
18,5,3.79448,0.0976995
18,6,3.79409,0.082572
18,7,3.79602,0.0715355
18,8,3.8011,0.0632921
18,9,3.831,0.064022
18,10,3.85234,0.0617188
18,11,3.82947,0.0608068
18,12,3.8501,0.0596173
18,13,3.83376,0.0575635
18,14,3.83921,0.0538655
18,15,3.84396,0.0506096
18,16,3.84125,0.0476167
18,17,3.85261,0.0463089
18,18,3.85128,0.043824
18,19,3.84413,0.0421852
18,20,3.854,0.0413219
18,21,3.86689,0.0414549
18,22,3.87306,0.0400894
18,23,3.87588,0.0384858
18,24,3.87522,0.0369201
18,25,3.86974,0.0358927
18,26,3.87197,0.0346096
18,27,3.87405,0.0334154
18,28,3.87337,0.0322499
18,29,3.86826,0.031572
18,30,3.86108,0.0313688
18,31,3.85835,0.0304956
18,32,3.8541,0.0298605
18,33,3.85869,0.0293308
18,34,3.85308,0.0290291
18,35,3.87051,0.0331606
18,36,3.87125,0.0322606
18,37,3.87428,0.0315453
18,38,3.87486,0.0307313
18,39,3.87787,0.0301047
18,40,3.88675,0.0306727
18,41,3.8844,0.0300253
18,42,3.88053,0.0295728
18,43,3.87446,0.0295234
18,44,3.86857,0.0294561
18,45,3.87237,0.0290581
18,46,3.87119,0.0284576
18,47,3.86857,0.0279811
18,48,3.86881,0.0274052
18,49,3.86715,0.026903
18,50,3.87077,0.0266175
18,51,3.8735,0.0262433
18,52,3.87385,0.0257457
18,53,3.87214,0.0253221
18,54,3.87537,0.0250662
18,55,3.8734,0.0246936
18,56,3.87249,0.0242735
18,57,3.87171,0.0238642
18,58,3.87275,0.0234793
18,59,3.87367,0.023103
18,60,3.86796,0.0234282
18,61,3.86926,0.023084
18,62,3.8694,0.022715
18,63,3.87394,0.0228151
18,64,3.87131,0.0226149
18,65,3.86965,0.0223318
18,66,3.87223,0.0221465
18,67,3.87667,0.0222653
18,68,3.8783,0.0220013
18,69,3.87719,0.0217131
18,70,3.87531,0.0214876
18,71,3.87675,0.0212355
18,72,3.8763,0.0209473
18,73,3.87588,0.0206666
18,74,3.87922,0.0206611
18,75,3.87681,0.0205295
18,76,3.87383,0.0204792
18,77,3.871,0.0204113
18,78,3.8729,0.0202405
18,79,3.87306,0.0199865
18,80,3.87673,0.0200765
18,81,3.87887,0.0199453
18,82,3.87819,0.0197154
18,83,3.87801,0.0194802
18,84,3.87816,0.0192502
18,85,3.87986,0.0191011
18,86,3.88332,0.0191949
18,87,3.8852,0.019068
18,88,3.88886,0.0192051
18,89,3.88937,0.0189974
18,90,3.88839,0.0188131
18,91,3.88721,0.0186451
18,92,3.88626,0.0184675
18,93,3.88247,0.0186594
18,94,3.88217,0.0184645
18,95,3.88028,0.0183679
18,96,3.88113,0.0181973
18,97,3.88016,0.018037
18,98,3.87849,0.0179314
18,99,3.87938,0.0177733
19,0,4.12995,0
19,1,3.83737,0.292578
19,2,3.79634,0.173833
19,3,3.7955,0.122921
19,4,3.81755,0.0977338
19,5,3.86211,0.091399
19,6,3.878,0.0788628
19,7,3.87377,0.0684279
19,8,3.88585,0.0615454
19,9,3.92789,0.0692636
19,10,3.95933,0.0700974
19,11,3.93713,0.067731
19,12,3.95388,0.0645151
19,13,3.93297,0.063282
19,14,3.94398,0.0599316
19,15,3.95095,0.0564919
19,16,3.95059,0.0530661
19,17,3.95736,0.0504859
19,18,3.9548,0.0478231
19,19,3.95082,0.0455439
19,20,3.96459,0.0454591
19,21,3.98025,0.0460846
19,22,3.98668,0.044503
19,23,3.99043,0.0427729
19,24,3.98311,0.0416748
19,25,3.97416,0.0410277
19,26,3.97415,0.0394789
19,27,3.97581,0.0380789
19,28,3.97303,0.0368478
19,29,3.96781,0.035979
19,30,3.96225,0.0352396
19,31,3.95674,0.0345626
19,32,3.94936,0.0343025
19,33,3.95442,0.0336605
19,34,3.94836,0.0332423
19,35,3.96262,0.0353138
19,36,3.96223,0.0343484
19,37,3.96418,0.0334895
19,38,3.96539,0.0326417
19,39,3.96929,0.0320537
19,40,3.97834,0.0325449
19,41,3.977,0.0317887
19,42,3.97126,0.0315676
19,43,3.966,0.0312861
19,44,3.95862,0.0314606
19,45,3.95985,0.0307935
19,46,3.95839,0.0301664
19,47,3.95509,0.0297161
19,48,3.9554,0.029105
19,49,3.95449,0.0285315
19,50,3.95662,0.0280472
19,51,3.95956,0.0276598
19,52,3.95945,0.0271332
19,53,3.95716,0.026724
19,54,3.96104,0.0265188
19,55,3.95898,0.0261222
19,56,3.95788,0.0256837
19,57,3.95706,0.0252502
19,58,3.95676,0.0248203
19,59,3.95864,0.0244755
19,60,3.95494,0.0243544
19,61,3.95516,0.0239594
19,62,3.95605,0.0235925
19,63,3.96123,0.0237921
19,64,3.95822,0.0236154
19,65,3.95831,0.023255
19,66,3.96168,0.0231522
19,67,3.96626,0.0232645
19,68,3.9678,0.0229765
19,69,3.96722,0.0226534
19,70,3.96579,0.0223774
19,71,3.96784,0.0221589
19,72,3.96778,0.0218534
19,73,3.9679,0.0215564
19,74,3.97276,0.0218158
19,75,3.96942,0.0217855
19,76,3.96682,0.0216572
19,77,3.96617,0.0213876
19,78,3.96758,0.0211622
19,79,3.96775,0.0208967
19,80,3.97079,0.0208594
19,81,3.97335,0.0207623
19,82,3.97267,0.0205218
19,83,3.97241,0.0202778
19,84,3.97198,0.0200424
19,85,3.97295,0.0198316
19,86,3.97665,0.0199487
19,87,3.97892,0.0198511
19,88,3.98215,0.0198903
19,89,3.98265,0.0196746
19,90,3.9819,0.0194718
19,91,3.98032,0.0193237
19,92,3.97991,0.0191191
19,93,3.97637,0.0192439
19,94,3.97606,0.0190428
19,95,3.97314,0.0190676
19,96,3.97418,0.0188984
19,97,3.97347,0.0187181
19,98,3.97208,0.0185799
19,99,3.9743,0.0185269
20,0,4.23044,0
20,1,4.00034,0.230094
20,2,3.9459,0.143567
20,3,3.908,0.108362
20,4,3.92478,0.085598
20,5,3.95541,0.0763092
20,6,3.98052,0.0692057
20,7,3.97823,0.0599774
20,8,3.98912,0.0540053
20,9,4.02423,0.0597152
20,10,4.06079,0.0652208
20,11,4.03589,0.0645339
20,12,4.05149,0.0613778
20,13,4.03321,0.0596914
20,14,4.04455,0.0567142
20,15,4.05388,0.0538649
20,16,4.05468,0.0506037
20,17,4.05762,0.0478002
20,18,4.05247,0.0455068
20,19,4.05307,0.0431757
20,20,4.07005,0.0444378
20,21,4.08566,0.0451568
20,22,4.09318,0.0437991
20,23,4.09621,0.0420435
20,24,4.08345,0.0422967
20,25,4.07357,0.0418212
20,26,4.07244,0.0402583
20,27,4.07398,0.0388243
20,28,4.07161,0.0375365
20,29,4.06756,0.036489
20,30,4.06634,0.0353133
20,31,4.0579,0.0352194
20,32,4.04538,0.0363585
20,33,4.05184,0.0358589
20,34,4.04493,0.035498
20,35,4.05844,0.0370482
20,36,4.05584,0.0361265
20,37,4.05888,0.0352939
20,38,4.05976,0.0343884
20,39,4.06545,0.0339964
20,40,4.07442,0.0343501
20,41,4.07086,0.0337106
20,42,4.06426,0.0335729
20,43,4.05937,0.0331645
20,44,4.05076,0.0335412
20,45,4.05323,0.0328967
20,46,4.04948,0.0324064
20,47,4.04455,0.032105
20,48,4.04635,0.0314942
20,49,4.04357,0.0309826
20,50,4.04435,0.030379
20,51,4.05043,0.0304032
20,52,4.05195,0.0298628
20,53,4.04619,0.0298662
20,54,4.04892,0.0294454
20,55,4.04731,0.0289596
20,56,4.04526,0.0285213
20,57,4.04578,0.02803
20,58,4.04583,0.0275509
20,59,4.04605,0.0270887
20,60,4.0437,0.0267445
20,61,4.04509,0.0263459
20,62,4.0477,0.0260562
20,63,4.05339,0.0262682
20,64,4.05242,0.0258791
20,65,4.0519,0.0254893
20,66,4.05477,0.0252694
20,67,4.05918,0.0252839
20,68,4.059,0.0249154
20,69,4.05882,0.0245576
20,70,4.05818,0.0242178
20,71,4.06095,0.0240394
20,72,4.06154,0.0237151
20,73,4.06177,0.0233936
20,74,4.06758,0.0237987
20,75,4.0627,0.0239846
20,76,4.06071,0.0237548
20,77,4.06025,0.0234527
20,78,4.06269,0.0232822
20,79,4.06208,0.0229974
20,80,4.06597,0.0230428
20,81,4.06822,0.022871
20,82,4.06686,0.0226347
20,83,4.06649,0.0223668
20,84,4.06664,0.0221026
20,85,4.06964,0.0220496
20,86,4.07305,0.0220596
20,87,4.07481,0.0218785
20,88,4.07805,0.0218723
20,89,4.07819,0.0216284
20,90,4.07655,0.0214522
20,91,4.0754,0.0212488
20,92,4.07524,0.0210196
20,93,4.07192,0.0210589
20,94,4.07162,0.0208381
20,95,4.0697,0.020709
20,96,4.07167,0.0205888
20,97,4.07106,0.0203867
20,98,4.06941,0.0202467
20,99,4.07141,0.0201421
21,0,4.29138,0
21,1,4.1165,0.174875
21,2,4.04679,0.122693
21,3,4.00482,0.0963743
21,4,4.01826,0.0758503
21,5,4.04798,0.0686948
21,6,4.08471,0.0687023
21,7,4.0907,0.0597983
21,8,4.10544,0.0547595
21,9,4.13891,0.0593223
21,10,4.17095,0.062494
21,11,4.13784,0.0659606
21,12,4.14991,0.0618646
21,13,4.12965,0.0607545
21,14,4.1447,0.0585274
21,15,4.15796,0.0563312
21,16,4.16263,0.053119
21,17,4.16156,0.0500924
21,18,4.15879,0.0474637
21,19,4.16245,0.0451766
21,20,4.17517,0.0448141
21,21,4.19182,0.0458583
21,22,4.19914,0.0444262
21,23,4.20147,0.0425984
21,24,4.18719,0.0432807
21,25,4.17653,0.0429274
21,26,4.17407,0.0413803
21,27,4.17186,0.0399361
21,28,4.17445,0.0386211
21,29,4.16897,0.037711
21,30,4.16872,0.0364751
21,31,4.16134,0.0360804
21,32,4.14712,0.0377491
21,33,4.15427,0.0373131
21,34,4.14744,0.0368686
21,35,4.16305,0.0390821
21,36,4.16498,0.0380598
21,37,4.16672,0.0370856
21,38,4.16728,0.0361265
21,39,4.17371,0.0357946
21,40,4.18198,0.0358756
21,41,4.17924,0.0351178
21,42,4.17065,0.0353494
21,43,4.16584,0.0348702
21,44,4.1585,0.0348686
21,45,4.15886,0.034104
21,46,4.15463,0.0336366
21,47,4.14774,0.0336417
21,48,4.14872,0.0329624
21,49,4.14526,0.0324808
21,50,4.14783,0.0319406
21,51,4.15348,0.0318264
21,52,4.15639,0.0313556
21,53,4.15076,0.031281
21,54,4.15536,0.0310502
21,55,4.15243,0.0306314
21,56,4.14983,0.0302012
21,57,4.15012,0.0296774
21,58,4.14947,0.0291772
21,59,4.15054,0.0287066
21,60,4.14917,0.0282654
21,61,4.15153,0.0279058
21,62,4.15505,0.0276844
21,63,4.15721,0.0273342
21,64,4.15672,0.026915
21,65,4.1534,0.0267109
21,66,4.15566,0.0264059
21,67,4.16227,0.0268432
21,68,4.16231,0.0264513
21,69,4.15991,0.026181
21,70,4.15974,0.0258102
21,71,4.16286,0.0256397
21,72,4.1621,0.0252977
21,73,4.16273,0.0249616
21,74,4.16833,0.0252537
21,75,4.16381,0.025326
21,76,4.16231,0.0250393
21,77,4.16215,0.0247168
21,78,4.16393,0.0244668
21,79,4.1641,0.0241596
21,80,4.16786,0.0241542
21,81,4.16996,0.0239498
21,82,4.16876,0.0236898
21,83,4.16894,0.0234067
21,84,4.16749,0.023175
21,85,4.16954,0.0229962
21,86,4.17229,0.0228956
21,87,4.17241,0.0226343
21,88,4.17486,0.0225127
21,89,4.17524,0.0222644
21,90,4.17181,0.0222852
21,91,4.17055,0.0220774
21,92,4.17019,0.0218417
21,93,4.16671,0.0218867
21,94,4.16591,0.02167
21,95,4.16449,0.0214899
21,96,4.16686,0.0213985
21,97,4.16469,0.02129
21,98,4.16293,0.0211472
21,99,4.16543,0.0210835
22,0,4.41625,0
22,1,4.27901,0.137238
22,2,4.2055,0.108083
22,3,4.13576,0.10346
22,4,4.13983,0.0802431
22,5,4.1802,0.0769579
22,6,4.21496,0.0737452
22,7,4.21142,0.0639633
22,8,4.21799,0.0567916
22,9,4.26164,0.0669795
22,10,4.28854,0.0662875
22,11,4.27057,0.0631251
22,12,4.27331,0.0581313
22,13,4.24976,0.0587459
22,14,4.26355,0.0564019
22,15,4.27043,0.053206
22,16,4.2755,0.0502347
22,17,4.27307,0.047424
22,18,4.26773,0.0451756
22,19,4.26996,0.0429151
22,20,4.2829,0.0428246
22,21,4.29788,0.0434934
22,22,4.30249,0.0418135
22,23,4.30055,0.0400804
22,24,4.28766,0.0405464
22,25,4.2766,0.0404943
22,26,4.27398,0.0390536
22,27,4.2749,0.0376442
22,28,4.28052,0.0367548
22,29,4.27644,0.0357422
22,30,4.27934,0.0346918
22,31,4.27054,0.034726
22,32,4.25508,0.0370368
22,33,4.26139,0.0364811
22,34,4.2522,0.0365961
22,35,4.26928,0.0394521
22,36,4.26916,0.0383712
22,37,4.27204,0.0374582
22,38,4.27105,0.0364986
22,39,4.27651,0.0359919
22,40,4.28399,0.0358905
22,41,4.28124,0.0351333
22,42,4.27394,0.0350746
22,43,4.2674,0.0348867
22,44,4.25801,0.0353712
22,45,4.25856,0.034598
22,46,4.2543,0.0341212
22,47,4.24565,0.0345038
22,48,4.24756,0.0338465
22,49,4.24399,0.0333541
22,50,4.24664,0.0328005
22,51,4.2528,0.0327483
22,52,4.25435,0.0321619
22,53,4.24976,0.0318939
22,54,4.25384,0.0315744
22,55,4.25108,0.0311287
22,56,4.24991,0.0305997
22,57,4.25015,0.0300685
22,58,4.24966,0.0295586
22,59,4.25114,0.0290996
22,60,4.25046,0.0286265
22,61,4.25285,0.0282618
22,62,4.25615,0.028005
22,63,4.25591,0.0275651
22,64,4.25554,0.0271401
22,65,4.25245,0.0269044
22,66,4.25333,0.0265146
22,67,4.25799,0.0265327
22,68,4.25695,0.0261658
22,69,4.25525,0.0258454
22,70,4.25544,0.0254796
22,71,4.25848,0.0253063
22,72,4.25673,0.0250184
22,73,4.2548,0.0247539
22,74,4.26041,0.0250586
22,75,4.25571,0.0251692
22,76,4.25457,0.0248665
22,77,4.25537,0.0245587
22,78,4.25728,0.024321
22,79,4.25857,0.0240498
22,80,4.26263,0.0240958
22,81,4.26462,0.0238833
22,82,4.26419,0.0235977
22,83,4.26602,0.0233867
22,84,4.26447,0.0231617
22,85,4.26667,0.0229962
22,86,4.27073,0.0230904
22,87,4.27154,0.0228407
22,88,4.27318,0.0226422
22,89,4.27342,0.0223905
22,90,4.27063,0.0223179
22,91,4.26951,0.0221027
22,92,4.26986,0.0218666
22,93,4.26587,0.0219979
22,94,4.26544,0.0217693
22,95,4.26454,0.0215604
22,96,4.26661,0.0214371
22,97,4.26509,0.0212717
22,98,4.26278,0.0211815
22,99,4.26484,0.02107
23,0,4.54576,0
23,1,4.41805,0.127718
23,2,4.34541,0.103506
23,3,4.28337,0.0959489
23,4,4.27785,0.0745259
23,5,4.30801,0.0679119
23,6,4.32397,0.0595742
23,7,4.32188,0.0516351
23,8,4.31216,0.0465638
23,9,4.36695,0.0688278
23,10,4.39927,0.0701468
23,11,4.37042,0.0702375
23,12,4.37382,0.0646987
23,13,4.35205,0.0637343
23,14,4.36019,0.0598901
23,15,4.36788,0.0565471
23,16,4.37212,0.0532855
23,17,4.37155,0.0502413
23,18,4.36343,0.0482116
23,19,4.36466,0.0457539
23,20,4.38045,0.0462987
23,21,4.39259,0.0457813
23,22,4.40171,0.0446864
23,23,4.40107,0.0427887
23,24,4.38432,0.0443295
23,25,4.37732,0.043161
23,26,4.37153,0.0419334
23,27,4.3735,0.0404559
23,28,4.37796,0.0392896
23,29,4.37359,0.0382076
23,30,4.37665,0.0370806
23,31,4.36945,0.0366163
23,32,4.35552,0.0381264
23,33,4.36292,0.0377199
23,34,4.35329,0.03787
23,35,4.36971,0.0402989
23,36,4.36961,0.0391947
23,37,4.36769,0.0381977
23,38,4.37056,0.037316
23,39,4.37748,0.0370244
23,40,4.38578,0.0370512
23,41,4.381,0.0364732
23,42,4.37282,0.036543
23,43,4.36648,0.0362608
23,44,4.35819,0.0364014
23,45,4.35549,0.035704
23,46,4.35293,0.0350297
23,47,4.3449,0.0352189
23,48,4.34595,0.0345086
23,49,4.34276,0.0339621
23,50,4.34406,0.0333151
23,51,4.35016,0.0332319
23,52,4.35091,0.0326074
23,53,4.34743,0.0321858
23,54,4.35272,0.0320344
23,55,4.34968,0.031604
23,56,4.34793,0.0310936
23,57,4.34741,0.0305573
23,58,4.34626,0.0300571
23,59,4.34604,0.0295527
23,60,4.34632,0.0290656
23,61,4.34856,0.0286799
23,62,4.35199,0.0284288
23,63,4.35224,0.0279823
23,64,4.35137,0.0275622
23,65,4.34814,0.0273331
23,66,4.35036,0.0270138
23,67,4.35535,0.0270756
23,68,4.35315,0.0267708
23,69,4.35042,0.0265263
23,70,4.3512,0.0261616
23,71,4.35485,0.0260527
23,72,4.35371,0.0257186
23,73,4.35119,0.0254935
23,74,4.35772,0.0259858
23,75,4.35296,0.0260801
23,76,4.35246,0.025744
23,77,4.35325,0.025424
23,78,4.35637,0.0252942
23,79,4.35795,0.0250255
23,80,4.36212,0.0250641
23,81,4.36477,0.0248986
23,82,4.36539,0.0246043
23,83,4.36735,0.0243887
23,84,4.36599,0.0241381
23,85,4.3672,0.0238861
23,86,4.36992,0.0237669
23,87,4.3699,0.0234953
23,88,4.37131,0.0232725
23,89,4.37249,0.0230428
23,90,4.36894,0.0230637
23,91,4.36802,0.0228303
23,92,4.36868,0.0225933
23,93,4.36471,0.0227013
23,94,4.36423,0.0224663
23,95,4.36398,0.0222324
23,96,4.36598,0.022093
23,97,4.36506,0.0218859
23,98,4.36235,0.0218323
23,99,4.36475,0.0217455
24,0,4.72287,0
24,1,4.58755,0.135326
24,2,4.48659,0.127658
24,3,4.42469,0.109453
24,4,4.43508,0.085416
24,5,4.43568,0.0697444
24,6,4.44674,0.0599732
24,7,4.42684,0.05562
24,8,4.40273,0.0546574
24,9,4.4554,0.0718644
24,10,4.4907,0.0739664
24,11,4.4684,0.0711066
24,12,4.46414,0.0655472
24,13,4.44397,0.0639512
24,14,4.45485,0.0605225
24,15,4.46609,0.0577184
24,16,4.46985,0.0543475
24,17,4.46792,0.0512758
24,18,4.46429,0.0486376
24,19,4.46279,0.0461662
24,20,4.47659,0.0460298
24,21,4.49404,0.0472301
24,22,4.50148,0.04574
24,23,4.50043,0.0438055
24,24,4.48666,0.0442163
24,25,4.47449,0.0441906
24,26,4.47046,0.0427127
24,27,4.47256,0.0412128
24,28,4.47838,0.04019
24,29,4.47631,0.0388826
24,30,4.47789,0.0376406
24,31,4.46847,0.0376429
24,32,4.45456,0.0390469
24,33,4.46375,0.038981
24,34,4.45275,0.0394194
24,35,4.46965,0.0418714
24,36,4.47079,0.0407401
24,37,4.46847,0.0397215
24,38,4.47047,0.0387416
24,39,4.4752,0.038055
24,40,4.48239,0.0378063
24,41,4.47599,0.0374461
24,42,4.46634,0.0378188
24,43,4.46119,0.0373065
24,44,4.45399,0.0371705
24,45,4.45022,0.0365492
24,46,4.44782,0.0358434
24,47,4.43943,0.0360783
24,48,4.4379,0.0353674
24,49,4.43488,0.0347842
24,50,4.43641,0.0341297
24,51,4.44239,0.0339983
24,52,4.44314,0.033359
24,53,4.43939,0.0329486
24,54,4.44413,0.032689
24,55,4.44265,0.032134
24,56,4.44309,0.0315682
24,57,4.44229,0.0310296
24,58,4.44064,0.0305437
24,59,4.43946,0.0300538
24,60,4.44157,0.0296328
24,61,4.44286,0.0291795
24,62,4.44596,0.0288791
24,63,4.44527,0.0284327
24,64,4.44361,0.0280407
24,65,4.44125,0.0277139
24,66,4.44291,0.0273478
24,67,4.44763,0.027352
24,68,4.44604,0.0269992
24,69,4.44306,0.0267767
24,70,4.44336,0.0263986
24,71,4.44605,0.0261671
24,72,4.44399,0.0258879
24,73,4.44119,0.0256882
24,74,4.44626,0.0258451
24,75,4.44166,0.0259154
24,76,4.44249,0.0255903
24,77,4.44497,0.0253809
24,78,4.44892,0.0253681
24,79,4.45023,0.0250831
24,80,4.45287,0.0249121
24,81,4.45667,0.0248973
24,82,4.45715,0.0246002
24,83,4.45931,0.0244019
24,84,4.45888,0.0241171
24,85,4.45933,0.0238392
24,86,4.46264,0.0237951
24,87,4.46187,0.0235356
24,88,4.46374,0.0233442
24,89,4.46446,0.0230946
24,90,4.4609,0.0231142
24,91,4.46079,0.0228619
24,92,4.46103,0.0226159
24,93,4.45635,0.0228584
24,94,4.45559,0.0226291
24,95,4.45414,0.0224389
24,96,4.45599,0.0222831
24,97,4.45538,0.022063
24,98,4.45269,0.0220039
24,99,4.45596,0.0220262
25,0,4.82499,0
25,1,4.71902,0.105973
25,2,4.6218,0.11487
25,3,4.54201,0.113862
25,4,4.55351,0.0889436
25,5,4.5364,0.0746101
25,6,4.5432,0.0634231
25,7,4.53851,0.0551262
25,8,4.51896,0.0523981
25,9,4.56998,0.0692788
25,10,4.61002,0.0743613
25,11,4.58289,0.0731011
25,12,4.57978,0.0673153
25,13,4.55795,0.0660334
25,14,4.56707,0.0621468
25,15,4.57592,0.0588029
25,16,4.58377,0.0557903
25,17,4.58228,0.0526207
25,18,4.57614,0.0501516
25,19,4.56562,0.0487271
25,20,4.57754,0.0478578
25,21,4.59191,0.0478392
25,22,4.59892,0.0462466
25,23,4.59736,0.0443055
25,24,4.58589,0.0440172
25,25,4.57743,0.0431281
25,26,4.5756,0.0415401
25,27,4.57822,0.0401149
25,28,4.58247,0.0389393
25,29,4.57813,0.0378689
25,30,4.57698,0.036645
25,31,4.56905,0.0363553
25,32,4.55956,0.0364941
25,33,4.56655,0.036089
25,34,4.55561,0.0367106
25,35,4.56918,0.0381684
25,36,4.567,0.0371866
25,37,4.56271,0.0364481
25,38,4.56494,0.0355716
25,39,4.5682,0.0348234
25,40,4.57611,0.0348733
25,41,4.56845,0.0348846
25,42,4.55536,0.0364931
25,43,4.5497,0.0361007
25,44,4.54377,0.035783
25,45,4.53838,0.03541
25,46,4.53616,0.0347195
25,47,4.52681,0.0352501
25,48,4.52683,0.0345232
25,49,4.52276,0.0340699
25,50,4.5241,0.0334222
25,51,4.5291,0.0331513
25,52,4.52899,0.03252
25,53,4.52424,0.0322633
25,54,4.52955,0.0321132
25,55,4.52896,0.0315401
25,56,4.53017,0.0310056
25,57,4.53237,0.0305456
25,58,4.53099,0.030055
25,59,4.53114,0.0295502
25,60,4.53135,0.0290625
25,61,4.53254,0.0286147
25,62,4.53499,0.0282632
25,63,4.53395,0.0278375
25,64,4.53273,0.0274328
25,65,4.52886,0.0272894
25,66,4.52897,0.0268792
25,67,4.53359,0.0268809
25,68,4.53259,0.0265075
25,69,4.53051,0.0262088
25,70,4.53033,0.0258376
25,71,4.53347,0.0256683
25,72,4.52988,0.0255673
25,73,4.52768,0.025315
25,74,4.53334,0.0256091
25,75,4.52913,0.0256193
25,76,4.53072,0.0253345
25,77,4.53421,0.0252501
25,78,4.53771,0.0251732
25,79,4.53954,0.0249234
25,80,4.54236,0.0247754
25,81,4.54634,0.0247928
25,82,4.54704,0.0245022
25,83,4.54859,0.0242583
25,84,4.54813,0.0239757
25,85,4.54897,0.0237103
25,86,4.55338,0.0238462
25,87,4.55214,0.0236061
25,88,4.55317,0.023362
25,89,4.55372,0.0231076
25,90,4.54969,0.0232046
25,91,4.54941,0.0229528
25,92,4.55005,0.0227139
25,93,4.54579,0.0228718
25,94,4.54572,0.0226299
25,95,4.54435,0.0224347
25,96,4.5471,0.0223719
25,97,4.54718,0.0221426
25,98,4.54345,0.0222334
25,99,4.54612,0.0221713
26,0,4.86272,0
26,1,4.7611,0.101621
26,2,4.64194,0.132817
26,3,4.59231,0.106226
26,4,4.59493,0.082324
26,5,4.5885,0.0675232
26,6,4.59923,0.0580677
26,7,4.59135,0.0509032
26,8,4.58451,0.0454105
26,9,4.64867,0.0759386
26,10,4.69537,0.0830627
26,11,4.67354,0.0789059
26,12,4.671,0.0726273
26,13,4.645,0.0720923
26,14,4.64657,0.0671327
26,15,4.65136,0.0629794
26,16,4.66009,0.0597989
26,17,4.66424,0.0565319
26,18,4.66152,0.053543
26,19,4.65163,0.0517483
26,20,4.66516,0.0510478
26,21,4.68194,0.0514835
26,22,4.6952,0.050949
26,23,4.69905,0.0489314
26,24,4.68778,0.0482672
26,25,4.67549,0.0479749
26,26,4.67033,0.046451
26,27,4.67255,0.0448161
26,28,4.67486,0.0433051
26,29,4.66946,0.042184
26,30,4.667,0.0408745
26,31,4.65666,0.0409062
26,32,4.6453,0.0412428
26,33,4.65378,0.0408998
26,34,4.64366,0.0409831
26,35,4.65503,0.0414191
26,36,4.64716,0.0410446
26,37,4.64491,0.0400134
26,38,4.64781,0.0390817
26,39,4.65099,0.0382249
26,40,4.6582,0.0379712
26,41,4.65142,0.0376705
26,42,4.63767,0.0392705
26,43,4.63348,0.0385956
26,44,4.62903,0.0379902
26,45,4.62423,0.037464
26,46,4.62177,0.0367408
26,47,4.61258,0.0371215
26,48,4.61344,0.0363662
26,49,4.60785,0.0360683
26,50,4.6079,0.035354
26,51,4.61297,0.0350364
26,52,4.61415,0.0343894
26,53,4.60973,0.0340353
26,54,4.61557,0.0339174
26,55,4.61639,0.0333164
26,56,4.61739,0.0327421
26,57,4.61881,0.0322036
26,58,4.61669,0.031724
26,59,4.61614,0.0311956
26,60,4.61522,0.0306937
26,61,4.61739,0.0302724
26,62,4.61878,0.0298206
26,63,4.6183,0.0293549
26,64,4.61695,0.0289316
26,65,4.61391,0.028651
26,66,4.61406,0.0282205
26,67,4.61935,0.0283015
26,68,4.61761,0.0279422
26,69,4.61417,0.027755
26,70,4.61423,0.0273613
26,71,4.61742,0.0271671
26,72,4.61364,0.0270584
26,73,4.61204,0.0267381
26,74,4.61613,0.026695
26,75,4.61233,0.0266137
26,76,4.61185,0.0262703
26,77,4.61468,0.0260858
26,78,4.61767,0.0259258
26,79,4.61925,0.0256489
26,80,4.62336,0.0256606
26,81,4.62636,0.025523
26,82,4.62751,0.0252397
26,83,4.62977,0.0250398
26,84,4.62944,0.0247457
26,85,4.63003,0.0244635
26,86,4.63437,0.0245658
26,87,4.63347,0.0243015
26,88,4.63469,0.0240578
26,89,4.63527,0.0237961
26,90,4.63303,0.0236395
26,91,4.63383,0.0233949
26,92,4.63497,0.02317
26,93,4.63137,0.0232028
26,94,4.63249,0.0229844
26,95,4.63097,0.0227941
26,96,4.63444,0.0228235
26,97,4.63429,0.0225899
26,98,4.63109,0.022589
26,99,4.63402,0.0225535
27,0,4.91056,0
27,1,4.82426,0.0863007
27,2,4.7282,0.10821
27,3,4.66356,0.100164
27,4,4.68759,0.081222
27,5,4.65973,0.0719311
27,6,4.68026,0.0641647
27,7,4.65168,0.0624857
27,8,4.63305,0.0581728
27,9,4.69984,0.0846669
27,10,4.74297,0.0878958
27,11,4.71704,0.0843254
27,12,4.71405,0.0776256
27,13,4.69335,0.0747876
27,14,4.6963,0.0696858
27,15,4.70725,0.0660985
27,16,4.7145,0.0625104
27,17,4.72288,0.0595277
27,18,4.72106,0.0563368
27,19,4.70966,0.0546483
27,20,4.72157,0.0533285
27,21,4.74254,0.0549998
27,22,4.75298,0.0535805
27,23,4.75426,0.0513155
27,24,4.74845,0.0495626
27,25,4.73608,0.0491986
27,26,4.7317,0.0475436
27,27,4.73287,0.0458292
27,28,4.73693,0.0444063
27,29,4.7337,0.0430215
27,30,4.73222,0.041637
27,31,4.72199,0.0415927
27,32,4.71134,0.0416941
27,33,4.71796,0.0409863
27,34,4.71131,0.0403499
27,35,4.7277,0.0425014
27,36,4.72014,0.0420214
27,37,4.71907,0.0409148
27,38,4.72189,0.0399514
27,39,4.7255,0.0391069
27,40,4.73379,0.0390315
27,41,4.72648,0.0387858
27,42,4.71267,0.0403126
27,43,4.70758,0.0397134
27,44,4.70259,0.0391397
27,45,4.69824,0.0385253
27,46,4.69538,0.0378052
27,47,4.68607,0.0381622
27,48,4.68718,0.0373918
27,49,4.68115,0.0371306
27,50,4.68178,0.0364009
27,51,4.68738,0.0361298
27,52,4.68861,0.035463
27,53,4.68496,0.0349906
27,54,4.69054,0.0347986
27,55,4.69247,0.0342256
27,56,4.69373,0.0336436
27,57,4.69572,0.033118
27,58,4.69483,0.032564
27,59,4.69287,0.0320764
27,60,4.69269,0.0315467
27,61,4.69512,0.0311285
27,62,4.69644,0.030659
27,63,4.6967,0.0301772
27,64,4.6947,0.0297761
27,65,4.69352,0.0293451
27,66,4.69406,0.0289088
27,67,4.69973,0.0290383
27,68,4.69766,0.0286892
27,69,4.69302,0.0286548
27,70,4.69356,0.0282535
27,71,4.69645,0.0280083
27,72,4.69227,0.0279364
27,73,4.69233,0.0275564
27,74,4.69642,0.0274926
27,75,4.69347,0.0272882
27,76,4.69384,0.026934
27,77,4.69774,0.0268709
27,78,4.70133,0.0267706
27,79,4.70307,0.0264913
27,80,4.70692,0.0264444
27,81,4.71074,0.0263976
27,82,4.71123,0.0260823
27,83,4.71236,0.0257945
27,84,4.71186,0.025494
27,85,4.7128,0.0252132
27,86,4.71677,0.0252352
27,87,4.71674,0.0249469
27,88,4.7176,0.02468
27,89,4.71764,0.0244042
27,90,4.71593,0.0241951
27,91,4.71527,0.0239399
27,92,4.71697,0.0237422
27,93,4.71438,0.0236309
27,94,4.71567,0.0234167
27,95,4.71428,0.023213
27,96,4.71753,0.0232005
27,97,4.71713,0.022966
27,98,4.71467,0.0228655
27,99,4.71694,0.0227494
28,0,4.90758,0
28,1,4.82909,0.0784917
28,2,4.76518,0.0783486
28,3,4.71106,0.0774498
28,4,4.74712,0.0699975
28,5,4.72671,0.0606875
28,6,4.73868,0.052668
28,7,4.7302,0.0463938
28,8,4.72071,0.0420016
28,9,4.79279,0.0812889
28,10,4.839,0.0868444
28,11,4.81392,0.0831515
28,12,4.81445,0.0764901
28,13,4.79884,0.0725165
28,14,4.80633,0.0679232
28,15,4.81804,0.0646072
28,16,4.81895,0.0606947
28,17,4.83024,0.0583264
28,18,4.82697,0.055268
28,19,4.81681,0.0534067
28,20,4.8264,0.0516959
28,21,4.84157,0.0515731
28,22,4.85026,0.0500389
28,23,4.8511,0.047916
28,24,4.84965,0.0459821
28,25,4.83455,0.0466879
28,26,4.82904,0.045262
28,27,4.8283,0.0436218
28,28,4.83235,0.0422852
28,29,4.8288,0.0410053
28,30,4.82518,0.0398254
28,31,4.81573,0.0397024
28,32,4.80277,0.0406061
28,33,4.80975,0.0400072
28,34,4.80032,0.0399747
28,35,4.81884,0.0430361
28,36,4.80818,0.0431929
28,37,4.80916,0.0420524
28,38,4.81246,0.0410927
28,39,4.81251,0.0400523
28,40,4.82011,0.0397957
28,41,4.81426,0.0392747
28,42,4.80265,0.0400692
28,43,4.79851,0.0393657
28,44,4.79448,0.038692
28,45,4.78758,0.038465
28,46,4.78414,0.037795
28,47,4.77493,0.0381267
28,48,4.77699,0.037397
28,49,4.7719,0.0369931
28,50,4.77183,0.0362606
28,51,4.77804,0.0360942
28,52,4.78096,0.0355269
28,53,4.77896,0.03492
28,54,4.78562,0.0349196
28,55,4.78839,0.0344026
28,56,4.78975,0.0338208
28,57,4.78978,0.0332326
28,58,4.7886,0.0326859
28,59,4.78644,0.0322086
28,60,4.78525,0.0316986
28,61,4.78735,0.0312537
28,62,4.78778,0.0307566
28,63,4.78994,0.0303493
28,64,4.7868,0.0300437
28,65,4.78641,0.0295875
28,66,4.7881,0.0291918
28,67,4.79436,0.0294319
28,68,4.7933,0.0290215
28,69,4.78845,0.0290123
28,70,4.78933,0.0286143
28,71,4.79253,0.0283946
28,72,4.78815,0.0283428
28,73,4.78838,0.0279581
28,74,4.79305,0.0279746
28,75,4.79122,0.0276647
28,76,4.78938,0.0273646
28,77,4.79259,0.0272011
28,78,4.79728,0.0272611
28,79,4.79877,0.0269592
28,80,4.80162,0.0267769
28,81,4.80498,0.026661
28,82,4.80306,0.0264078
28,83,4.80441,0.0261265
28,84,4.80233,0.0259015
28,85,4.80331,0.0256173
28,86,4.80696,0.025583
28,87,4.80654,0.025294
28,88,4.80647,0.0250083
28,89,4.80606,0.0247323
28,90,4.80453,0.0245069
28,91,4.80432,0.0242399
28,92,4.8048,0.0239825
28,93,4.8015,0.023954
28,94,4.80347,0.0237824
28,95,4.80201,0.0235785
28,96,4.80529,0.0235625
28,97,4.80473,0.0233276
28,98,4.80265,0.0231845
28,99,4.80535,0.0231099
29,0,4.92654,0
29,1,4.87547,0.0510691
29,2,4.8396,0.0464337
29,3,4.77851,0.0693537
29,4,4.82046,0.0681594
29,5,4.80733,0.0571804
29,6,4.82613,0.0518534
29,7,4.8255,0.0449106
29,8,4.81136,0.0420584
29,9,4.86994,0.0696189
29,10,4.92074,0.0809093
29,11,4.89884,0.077037
29,12,4.89839,0.0708652
29,13,4.88094,0.0678891
29,14,4.89394,0.0645237
29,15,4.90004,0.0606645
29,16,4.90047,0.056986
29,17,4.91189,0.0549286
29,18,4.90405,0.0525463
29,19,4.89699,0.0503464
29,20,4.90756,0.04904
29,21,4.92033,0.0484722
29,22,4.93176,0.0477048
29,23,4.93024,0.0456993
29,24,4.92461,0.0441922
29,25,4.91064,0.0447006
29,26,4.90444,0.0434569
29,27,4.90644,0.0419236
29,28,4.91359,0.0410794
29,29,4.91266,0.0396972
29,30,4.90773,0.038711
29,31,4.89637,0.0391664
29,32,4.88482,0.0396767
29,33,4.89432,0.0396451
29,34,4.883,0.0401238
29,35,4.90365,0.0441214
29,36,4.89541,0.043696
29,37,4.89721,0.0425688
29,38,4.90157,0.0416914
29,39,4.90029,0.0406561
29,40,4.90721,0.0402514
29,41,4.90162,0.0396771
29,42,4.89065,0.0402644
29,43,4.88759,0.0394578
29,44,4.8845,0.0386949
29,45,4.87875,0.0382789
29,46,4.87426,0.0377235
29,47,4.86266,0.0387079
29,48,4.86489,0.0379756
29,49,4.8601,0.0375156
29,50,4.86218,0.0368311
29,51,4.86915,0.0367831
29,52,4.87197,0.0361925
29,53,4.86831,0.0357041
29,54,4.87438,0.0355699
29,55,4.87782,0.0350985
29,56,4.87936,0.0345114
29,57,4.87921,0.0339115
29,58,4.87873,0.0333352
29,59,4.87785,0.0327867
29,60,4.87944,0.0322842
29,61,4.88379,0.032055
29,62,4.88222,0.031581
29,63,4.88416,0.0311438
29,64,4.8809,0.0308328
29,65,4.88252,0.0304049
29,66,4.88331,0.029958
29,67,4.88849,0.0299668
29,68,4.8868,0.0295782
29,69,4.88068,0.0297865
29,70,4.8809,0.0293647
29,71,4.88355,0.0290757
29,72,4.87817,0.0291759
29,73,4.87774,0.0287823
29,74,4.88195,0.0287069
29,75,4.8793,0.0284504
29,76,4.87847,0.0280907
29,77,4.88121,0.027863
29,78,4.88574,0.0278788
29,79,4.88586,0.0275283
29,80,4.88831,0.0272968
29,81,4.89197,0.0272084
29,82,4.89027,0.0269323
29,83,4.89058,0.0266115
29,84,4.88808,0.0264143
29,85,4.8891,0.0261251
29,86,4.89212,0.0259991
29,87,4.89073,0.0257393
29,88,4.89159,0.0254628
29,89,4.89184,0.0251796
29,90,4.89015,0.0249588
29,91,4.89049,0.0246883
29,92,4.89189,0.0244615
29,93,4.88807,0.0244993
29,94,4.89057,0.0243691
29,95,4.88787,0.0242646
29,96,4.89182,0.0243356
29,97,4.89111,0.0240963
29,98,4.88887,0.0239574
29,99,4.89168,0.023883
30,0,5.10263,0
30,1,4.94816,0.154466
30,2,4.90872,0.0975139
30,3,4.86102,0.0838442
30,4,4.90335,0.0775201
30,5,4.89167,0.0643622
30,6,4.89698,0.0546546
30,7,4.91043,0.0492061
30,8,4.88334,0.051158
30,9,4.94364,0.0756961
30,10,5.0049,0.0918732
30,11,4.98681,0.0857978
30,12,4.99003,0.0789883
30,13,4.98006,0.0738056
30,14,4.99018,0.0694511
30,15,4.99612,0.0652361
30,16,5.00186,0.0615474
30,17,5.01086,0.0587211
30,18,4.99734,0.0571672
30,19,4.99301,0.0544063
30,20,4.99953,0.0521599
30,21,5.01064,0.0509583
30,22,5.01861,0.049341
30,23,5.01438,0.0474295
30,24,5.00578,0.0462996
30,25,4.99579,0.0455893
30,26,4.99173,0.0440565
30,27,4.99347,0.0424898
30,28,4.9936,0.0409987
30,29,4.98921,0.0398505
30,30,4.9883,0.0385542
30,31,4.97533,0.0395197
30,32,4.96305,0.040224
30,33,4.96733,0.0392565
30,34,4.95827,0.0391793
30,35,4.97965,0.0436671
30,36,4.9718,0.0431904
30,37,4.97467,0.0421361
30,38,4.97557,0.0410514
30,39,4.97613,0.0400159
30,40,4.98079,0.039305
30,41,4.97324,0.0390924
30,42,4.96165,0.0398945
30,43,4.95535,0.0394823
30,44,4.95262,0.0386914
30,45,4.94738,0.0382031
30,46,4.94357,0.0375749
30,47,4.93189,0.0385941
30,48,4.93329,0.0378244
30,49,4.93148,0.0371043
30,50,4.9313,0.0363699
30,51,4.9393,0.0365506
30,52,4.94232,0.0359815
30,53,4.93994,0.0353894
30,54,4.944,0.0349767
30,55,4.94977,0.0348275
30,56,4.95258,0.0343268
30,57,4.95236,0.0337305
30,58,4.9521,0.0331549
30,59,4.95122,0.0326097
30,60,4.95285,0.0321123
30,61,4.9591,0.0322024
30,62,4.95707,0.0317525
30,63,4.96064,0.0314557
30,64,4.95799,0.0310811
30,65,4.95933,0.0306359
30,66,4.95987,0.0301801
30,67,4.96318,0.0299172
30,68,4.96154,0.029526
30,69,4.95422,0.0300081
30,70,4.95394,0.0295838
30,71,4.95711,0.0293413
30,72,4.95099,0.029577
30,73,4.94972,0.029202
30,74,4.95436,0.0291816
30,75,4.95246,0.0288577
30,76,4.95162,0.0284929
30,77,4.95517,0.0283487
30,78,4.96171,0.0287419
30,79,4.96348,0.0284351
30,80,4.96464,0.028106
30,81,4.96823,0.0279917
30,82,4.96517,0.0278206
30,83,4.96564,0.0274915
30,84,4.9634,0.0272581
30,85,4.96445,0.0269594
30,86,4.96622,0.0267067
30,87,4.96344,0.0265474
30,88,4.96455,0.026271
30,89,4.96332,0.0260068
30,90,4.96193,0.0257567
30,91,4.96226,0.0254773
30,92,4.9648,0.0253297
30,93,4.96031,0.025458
30,94,4.96303,0.0253357
30,95,4.96191,0.0250956
30,96,4.96539,0.025078
30,97,4.96377,0.0248737
30,98,4.96178,0.0247013
30,99,4.96513,0.0246808
31,0,5.3035,0
31,1,5.11911,0.184382
31,2,5.06636,0.118806
31,3,4.95172,0.142127
31,4,4.9801,0.11369
31,5,4.97478,0.0929802
31,6,4.98156,0.078874
31,7,5.00136,0.0711191
31,8,4.98838,0.0640495
31,9,5.03073,0.0712419
31,10,5.09396,0.0902795
31,11,5.07542,0.0844718
31,12,5.08038,0.0778609
31,13,5.07505,0.0722822
31,14,5.09014,0.0689627
31,15,5.09455,0.0646592
31,16,5.1022,0.0612168
31,17,5.10462,0.057766
31,18,5.09094,0.0563272
31,19,5.08627,0.0536403
31,20,5.09525,0.0518075
31,21,5.10977,0.0514845
31,22,5.11583,0.0495668
31,23,5.11296,0.0475431
31,24,5.10255,0.0467745
31,25,5.09263,0.0460212
31,26,5.0902,0.0443507
31,27,5.08827,0.0427808
31,28,5.08855,0.0412801
31,29,5.08445,0.0400901
31,30,5.08326,0.0387936
31,31,5.06748,0.0407401
31,32,5.0584,0.0405171
31,33,5.06206,0.039477
31,34,5.05198,0.0396353
31,35,5.071,0.0429587
31,36,5.06419,0.0423331
31,37,5.06777,0.0413589
31,38,5.06715,0.0402891
31,39,5.069,0.0393125
31,40,5.07197,0.0384562
31,41,5.06415,0.0383344
31,42,5.05157,0.0394912
31,43,5.04534,0.0390828
31,44,5.04324,0.0382622
31,45,5.04017,0.0375463
31,46,5.03666,0.0369063
31,47,5.02584,0.0377148
31,48,5.02531,0.036941
31,49,5.02371,0.0362296
31,50,5.02438,0.0355183
31,51,5.03136,0.0355209
31,52,5.03404,0.034947
31,53,5.03261,0.0343235
31,54,5.03628,0.0338932
31,55,5.04124,0.0336498
31,56,5.04386,0.0331577
31,57,5.04279,0.0325984
31,58,5.0427,0.0320413
31,59,5.04361,0.0315158
31,60,5.04413,0.0309993
31,61,5.0499,0.0310356
31,62,5.04786,0.0306071
31,63,5.05128,0.0303184
31,64,5.0478,0.0300502
31,65,5.0505,0.0297141
31,66,5.04893,0.0293093
31,67,5.05383,0.0292885
31,68,5.05163,0.0289449
31,69,5.04434,0.0294457
31,70,5.04377,0.0290335
31,71,5.04816,0.0289618
31,72,5.04285,0.029052
31,73,5.0416,0.0286839
31,74,5.04765,0.0289376
31,75,5.04535,0.0286462
31,76,5.04422,0.0282946
31,77,5.04489,0.0279378
31,78,5.05148,0.0283561
31,79,5.05308,0.0280454
31,80,5.05531,0.0277867
31,81,5.05868,0.0276515
31,82,5.05543,0.0275088
31,83,5.05674,0.0272108
31,84,5.05278,0.0271788
31,85,5.05428,0.0269027
31,86,5.05485,0.0265977
31,87,5.05294,0.0263624
31,88,5.05506,0.0261504
31,89,5.05442,0.0258661
31,90,5.0536,0.0255934
31,91,5.05329,0.0253156
31,92,5.05455,0.0250736
31,93,5.05078,0.0250899
31,94,5.05327,0.0249482
31,95,5.05324,0.024687
31,96,5.05628,0.0246195
31,97,5.05408,0.0244664
31,98,5.05134,0.0243723
31,99,5.05541,0.0244689
32,0,5.40223,0
32,1,5.22821,0.174024
32,2,5.18267,0.11031
32,3,5.05358,0.150831
32,4,5.08769,0.121711
32,5,5.09814,0.0999244
32,6,5.09153,0.08471
32,7,5.10765,0.0751128
32,8,5.08101,0.0714023
32,9,5.12427,0.0771371
32,10,5.18543,0.0927866
32,11,5.16411,0.0873454
32,12,5.16393,0.0803463
32,13,5.16354,0.0743872
32,14,5.18496,0.0724866
32,15,5.18452,0.0678064
32,16,5.19438,0.0644528
32,17,5.19143,0.0608383
32,18,5.17358,0.0602524
32,19,5.16792,0.0574398
32,20,5.18105,0.0561921
32,21,5.19672,0.0558205
32,22,5.19827,0.0533609
32,23,5.18977,0.051792
32,24,5.1823,0.0502359
32,25,5.17528,0.0487724
32,26,5.17184,0.0470568
32,27,5.168,0.0455076
32,28,5.16865,0.0439151
32,29,5.16674,0.0424692
32,30,5.16593,0.0410843
32,31,5.14813,0.0435831
32,32,5.13935,0.0431438
32,33,5.13904,0.0418568
32,34,5.12902,0.0418615
32,35,5.14817,0.0449672
32,36,5.13866,0.0447586
32,37,5.14358,0.0438422
32,38,5.14163,0.0427476
32,39,5.14683,0.0419875
32,40,5.14966,0.0410486
32,41,5.13929,0.0413791
32,42,5.1313,0.0411887
32,43,5.12413,0.0408756
32,44,5.12245,0.039992
32,45,5.11936,0.0392353
32,46,5.11824,0.0384078
32,47,5.10918,0.0386748
32,48,5.10809,0.0378929
32,49,5.10572,0.0372027
32,50,5.10544,0.036467
32,51,5.11121,0.0362218
32,52,5.11107,0.0355321
32,53,5.10837,0.0349726
32,54,5.11202,0.0345244
32,55,5.11492,0.034026
32,56,5.12094,0.0339618
32,57,5.11709,0.0335929
32,58,5.11689,0.0330192
32,59,5.11753,0.0324703
32,60,5.11988,0.0320203
32,61,5.12634,0.0321559
32,62,5.1256,0.03165
32,63,5.12763,0.0312176
32,64,5.12534,0.0308191
32,65,5.12854,0.0305164
32,66,5.12685,0.0301047
32,67,5.12992,0.0298167
32,68,5.12732,0.0294961
32,69,5.12008,0.0299585
32,70,5.11947,0.0295399
32,71,5.12285,0.0293217
32,72,5.1176,0.0293896
32,73,5.11722,0.0289922
32,74,5.12304,0.029188
32,75,5.12163,0.0288356
32,76,5.11965,0.0285274
32,77,5.12142,0.0282148
32,78,5.12779,0.0285735
32,79,5.12834,0.0282194
32,80,5.1305,0.0279526
32,81,5.13406,0.0278384
32,82,5.13052,0.0277287
32,83,5.13136,0.0274097
32,84,5.12734,0.0273831
32,85,5.12882,0.0271036
32,86,5.13149,0.0269224
32,87,5.12916,0.0267164
32,88,5.13159,0.0265258
32,89,5.13106,0.0262346
32,90,5.13119,0.025945
32,91,5.13031,0.0256767
32,92,5.13216,0.0254669
32,93,5.12757,0.0256095
32,94,5.13104,0.0255741
32,95,5.13085,0.025307
32,96,5.13401,0.0252423
32,97,5.13455,0.0249894
32,98,5.13256,0.0248158
32,99,5.13586,0.0247877
33,0,5.46067,0
33,1,5.24554,0.215139
33,2,5.21446,0.128039
33,3,5.09023,0.153723
33,4,5.1496,0.133057
33,5,5.19076,0.116175
33,6,5.16808,0.10077
33,7,5.18066,0.0881711
33,8,5.15008,0.0835564
33,9,5.18434,0.0822143
33,10,5.25317,0.101326
33,11,5.22661,0.0962344
33,12,5.21914,0.0888374
33,13,5.22312,0.0823433
33,14,5.24035,0.078571
33,15,5.24003,0.0734971
33,16,5.24725,0.0694145
33,17,5.24029,0.0658135
33,18,5.22512,0.0640762
33,19,5.22361,0.0608066
33,20,5.23981,0.0600647
33,21,5.25428,0.0590674
33,22,5.25882,0.0566235
33,23,5.24904,0.0550875
33,24,5.24686,0.052883
33,25,5.23669,0.0518169
33,26,5.23236,0.0500482
33,27,5.22807,0.0484187
33,28,5.22906,0.0467298
33,29,5.22753,0.0451713
33,30,5.22645,0.0437031
33,31,5.20989,0.04544
33,32,5.20273,0.0446198
33,33,5.20138,0.0433088
33,34,5.19177,0.0431357
33,35,5.21295,0.0469663
33,36,5.20219,0.0469292
33,37,5.20653,0.045883
33,38,5.20522,0.0447103
33,39,5.21011,0.0438517
33,40,5.21273,0.0428488
33,41,5.20376,0.0427666
33,42,5.19942,0.0419854
33,43,5.19149,0.0417787
33,44,5.19218,0.0408456
33,45,5.19098,0.0399659
33,46,5.1907,0.0391073
33,47,5.1817,0.0393275
33,48,5.18106,0.0385219
33,49,5.17951,0.0377752
33,50,5.17978,0.037028
33,51,5.18617,0.036868
33,52,5.18546,0.0361727
33,53,5.18225,0.0356415
33,54,5.18727,0.0353465
33,55,5.1915,0.0349652
33,56,5.19887,0.0351295
33,57,5.19775,0.0345368
33,58,5.19754,0.0339471
33,59,5.19802,0.0333799
33,60,5.20016,0.0328983
33,61,5.20719,0.0331162
33,62,5.20638,0.0325963
33,63,5.21072,0.0323748
33,64,5.20848,0.0319512
33,65,5.21113,0.0315749
33,66,5.20909,0.0311673
33,67,5.21219,0.0308621
33,68,5.20998,0.0304918
33,69,5.20295,0.0308642
33,70,5.20075,0.0305057
33,71,5.20486,0.0303588
33,72,5.19992,0.0303458
33,73,5.19911,0.0299439
33,74,5.20483,0.0300917
33,75,5.20301,0.029749
33,76,5.20187,0.0293823
33,77,5.20462,0.029133
33,78,5.20943,0.0291616
33,79,5.20946,0.0287948
33,80,5.21202,0.0285522
33,81,5.21546,0.0284114
33,82,5.21181,0.0283031
33,83,5.21214,0.0279661
33,84,5.20885,0.0278309
33,85,5.21076,0.0275714
33,86,5.21259,0.0273141
33,87,5.21011,0.0271149
33,88,5.21255,0.0269194
33,89,5.21378,0.0266467
33,90,5.21339,0.0263551
33,91,5.21101,0.0261753
33,92,5.21361,0.0260224
33,93,5.20941,0.0260852
33,94,5.21263,0.0260093
33,95,5.21257,0.025737
33,96,5.21503,0.0255885
33,97,5.21516,0.0253263
33,98,5.21293,0.0251678
33,99,5.21563,0.0250603
34,0,5.50281,0
34,1,5.31465,0.188159
34,2,5.31528,0.108635
34,3,5.18082,0.154858
34,4,5.23759,0.13271
34,5,5.26594,0.112005
34,6,5.23054,0.101064
34,7,5.25716,0.0914841
34,8,5.23747,0.0830496
34,9,5.27069,0.08137
34,10,5.3399,0.101033
34,11,5.31501,0.0955313
34,12,5.30787,0.0881653
34,13,5.30931,0.0816379
34,14,5.32433,0.077472
34,15,5.32194,0.072508
34,16,5.32654,0.068265
34,17,5.32027,0.0646663
34,18,5.30804,0.0623786
34,19,5.3088,0.0591825
34,20,5.32187,0.0577895
34,21,5.34116,0.058381
34,22,5.34025,0.0557924
34,23,5.32689,0.0550618
34,24,5.32962,0.0528836
34,25,5.31827,0.0520619
34,26,5.31073,0.0506602
34,27,5.30483,0.0491728
34,28,5.30647,0.0474755
34,29,5.30518,0.045884
34,30,5.30184,0.0445046
34,31,5.2858,0.0459792
34,32,5.27914,0.0450589
34,33,5.27692,0.0437699
34,34,5.26686,0.0436745
34,35,5.2845,0.045961
34,36,5.27417,0.0458791
34,37,5.28108,0.0451864
34,38,5.27914,0.0440551
34,39,5.28087,0.0429742
34,40,5.28293,0.0419635
34,41,5.27407,0.0418977
34,42,5.27197,0.0409657
34,43,5.2647,0.0406787
34,44,5.26354,0.0397815
34,45,5.26188,0.0389427
34,46,5.2614,0.038108
34,47,5.25431,0.0379745
34,48,5.25183,0.0372736
34,49,5.24853,0.0366698
34,50,5.24918,0.0359496
34,51,5.25724,0.0361607
34,52,5.25623,0.0354863
34,53,5.25229,0.0350455
34,54,5.25414,0.0344522
34,55,5.26007,0.0343478
34,56,5.2691,0.034927
34,57,5.27008,0.0343335
34,58,5.26967,0.0337492
34,59,5.26849,0.0332027
34,60,5.27233,0.0328786
34,61,5.27861,0.0329486
34,62,5.27631,0.0325033
34,63,5.27961,0.0321619
34,64,5.2782,0.0316947
34,65,5.2809,0.0313269
34,66,5.2775,0.0310424
34,67,5.28221,0.0309432
34,68,5.27974,0.0305912
34,69,5.27398,0.0306953
34,70,5.27153,0.0303595
34,71,5.27574,0.0302297
34,72,5.27207,0.0300371
34,73,5.27203,0.0296284
34,74,5.2774,0.0297193
34,75,5.27464,0.0294548
34,76,5.27246,0.0291513
34,77,5.27573,0.0289598
34,78,5.27956,0.0288464
34,79,5.28071,0.0285066
34,80,5.2838,0.0283216
34,81,5.287,0.0281566
34,82,5.28379,0.0279999
34,83,5.28279,0.0276824
34,84,5.27953,0.0275486
34,85,5.28251,0.0273889
34,86,5.28385,0.0271054
34,87,5.27974,0.0271084
34,88,5.28214,0.0269092
34,89,5.28304,0.0266238
34,90,5.28355,0.0263345
34,91,5.28072,0.0261999
34,92,5.28269,0.0259916
34,93,5.2792,0.0259496
34,94,5.28298,0.0259517
34,95,5.28323,0.0256812
34,96,5.28538,0.0255054
34,97,5.28707,0.0253003
34,98,5.28438,0.0251876
34,99,5.28775,0.0251618
35,0,5.60218,0
35,1,5.4298,0.172379
35,2,5.41057,0.101364
35,3,5.30296,0.1293
35,4,5.36075,0.115632
35,5,5.38135,0.0966359
35,6,5.31932,0.102558
35,7,5.34092,0.0914062
35,8,5.32331,0.0825129
35,9,5.35054,0.0786651
35,10,5.40928,0.0922673
35,11,5.39074,0.0862451
35,12,5.38209,0.0798036
35,13,5.37541,0.0741858
35,14,5.39459,0.0716778
35,15,5.38737,0.0674364
35,16,5.3898,0.063392
35,17,5.38314,0.0601357
35,18,5.36757,0.0589775
35,19,5.36807,0.0559532
35,20,5.3822,0.0550665
35,21,5.40391,0.0568169
35,22,5.40414,0.0542909
35,23,5.38507,0.055367
35,24,5.38523,0.0531064
35,25,5.37198,0.0527155
35,26,5.3606,0.0519863
35,27,5.35747,0.0501928
35,28,5.36106,0.0485642
35,29,5.35938,0.0469478
35,30,5.35654,0.0454967
35,31,5.34429,0.045724
35,32,5.3401,0.0445142
35,33,5.34084,0.0431915
35,34,5.33041,0.0432163
35,35,5.34704,0.0451717
35,36,5.33548,0.0454309
35,37,5.34019,0.0444695
35,38,5.33879,0.043337
35,39,5.3371,0.0422735
35,40,5.33973,0.0413138
35,41,5.33415,0.0407025
35,42,5.33068,0.0398964
35,43,5.32559,0.0393094
35,44,5.32423,0.0384501
35,45,5.32324,0.037618
35,46,5.32205,0.036828
35,47,5.31553,0.036637
35,48,5.31534,0.035882
35,49,5.31195,0.0353198
35,50,5.31373,0.034666
35,51,5.32382,0.0354596
35,52,5.32188,0.0348385
35,53,5.3168,0.0345625
35,54,5.32031,0.0341102
35,55,5.32687,0.03413
35,56,5.33705,0.0350396
35,57,5.3388,0.0344745
35,58,5.33901,0.0338859
35,59,5.33928,0.0333173
35,60,5.34473,0.0332176
35,61,5.35204,0.0334856
35,62,5.35117,0.0329613
35,63,5.35099,0.0324427
35,64,5.34898,0.0320028
35,65,5.35059,0.0315552
35,66,5.34768,0.0312164
35,67,5.35183,0.0310325
35,68,5.3502,0.030623
35,69,5.34198,0.0312803
35,70,5.34017,0.03089
35,71,5.34314,0.0306028
35,72,5.33905,0.0304565
35,73,5.33952,0.0300457
35,74,5.34547,0.030234
35,75,5.34306,0.0299306
35,76,5.34148,0.0295815
35,77,5.34567,0.0294992
35,78,5.3498,0.029415
35,79,5.34984,0.029045
35,80,5.35361,0.028931
35,81,5.35741,0.0288278
35,82,5.35322,0.0287852
35,83,5.35124,0.0285088
35,84,5.34824,0.0283306
35,85,5.35074,0.0281106
35,86,5.35184,0.0278071
35,87,5.34632,0.0280371
35,88,5.34958,0.0279114
35,89,5.34904,0.0276048
35,90,5.34998,0.0273158
35,91,5.34742,0.0271385
35,92,5.3493,0.0269107
35,93,5.34492,0.0269798
35,94,5.34907,0.0270142
35,95,5.34914,0.0267314
35,96,5.35157,0.0265658
35,97,5.35325,0.0263467
35,98,5.35005,0.0262749
35,99,5.3533,0.0262136
36,0,5.73012,0
36,1,5.54713,0.182993
36,2,5.4685,0.131698
36,3,5.38185,0.127202
36,4,5.42072,0.10592
36,5,5.44496,0.0898147
36,6,5.38473,0.0968985
36,7,5.41351,0.0887144
36,8,5.39385,0.0806695
36,9,5.42039,0.0768772
36,10,5.47806,0.090342
36,11,5.45758,0.0849751
36,12,5.44585,0.0790415
36,13,5.43955,0.0734487
36,14,5.47065,0.0751166
36,15,5.45919,0.0711943
36,16,5.4612,0.0669057
36,17,5.45813,0.063154
36,18,5.44195,0.0618908
36,19,5.44316,0.0587272
36,20,5.4525,0.0566361
36,21,5.47726,0.059408
36,22,5.47985,0.0568254
36,23,5.45934,0.0581421
36,24,5.45348,0.0560755
36,25,5.43877,0.0558489
36,26,5.42587,0.0552664
36,27,5.42081,0.0534959
36,28,5.42467,0.0517625
36,29,5.42195,0.0500811
36,30,5.41615,0.0487847
36,31,5.40371,0.0488471
36,32,5.4006,0.0474456
36,33,5.40727,0.046509
36,34,5.39688,0.046339
36,35,5.41328,0.0479268
36,36,5.40406,0.0475175
36,37,5.41187,0.0469051
36,38,5.4085,0.0458107
36,39,5.40874,0.0446513
36,40,5.41348,0.0438066
36,41,5.40528,0.0435306
36,42,5.40332,0.0425513
36,43,5.3995,0.0417479
36,44,5.39578,0.0409787
36,45,5.39509,0.040084
36,46,5.3933,0.0392626
36,47,5.38551,0.0392174
36,48,5.386,0.0384117
36,49,5.38127,0.0379311
36,50,5.38364,0.0372553
36,51,5.39539,0.038375
36,52,5.39418,0.0376634
36,53,5.38918,0.0372957
36,54,5.39018,0.0366249
36,55,5.39662,0.0365365
36,56,5.40667,0.0372711
36,57,5.40834,0.0366607
36,58,5.41019,0.0360819
36,59,5.41043,0.0354762
36,60,5.41655,0.0354213
36,61,5.42331,0.0354956
36,62,5.42443,0.0349456
36,63,5.42404,0.0343974
36,64,5.42361,0.0338669
36,65,5.42354,0.0333498
36,66,5.41992,0.0330474
36,67,5.42458,0.0328892
36,68,5.42275,0.0324607
36,69,5.41456,0.0330254
36,70,5.41181,0.0326724
36,71,5.41628,0.0325238
36,72,5.41216,0.0323386
36,73,5.4135,0.0319266
36,74,5.41831,0.0318638
36,75,5.41597,0.0315286
36,76,5.41372,0.0311977
36,77,5.41624,0.0308983
36,78,5.4212,0.0309038
36,79,5.42043,0.0305246
36,80,5.42368,0.0303202
36,81,5.42704,0.030136
36,82,5.42241,0.0301291
36,83,5.42019,0.0298513
36,84,5.41587,0.0298117
36,85,5.417,0.0294848
36,86,5.41848,0.0291811
36,87,5.41205,0.029555
36,88,5.41484,0.0293535
36,89,5.41354,0.0290545
36,90,5.41439,0.0287461
36,91,5.41169,0.0285602
36,92,5.41322,0.028293
36,93,5.40857,0.0283744
36,94,5.41392,0.0285786
36,95,5.41338,0.0282844
36,96,5.41419,0.028003
36,97,5.41535,0.0277402
36,98,5.41115,0.0277775
36,99,5.4145,0.0277007
37,0,5.74295,0
37,1,5.58556,0.157388
37,2,5.494,0.128995
37,3,5.43393,0.109218
37,4,5.47821,0.0954903
37,5,5.50712,0.0831551
37,6,5.45668,0.0865066
37,7,5.4727,0.0766098
37,8,5.45219,0.0706072
37,9,5.48502,0.0711736
37,10,5.53562,0.0818851
37,11,5.5165,0.0771573
37,12,5.51401,0.0710181
37,13,5.51084,0.0658261
37,14,5.53615,0.0662994
37,15,5.52165,0.0636894
37,16,5.52976,0.0603732
37,17,5.5305,0.0569252
37,18,5.5101,0.0575821
37,19,5.50812,0.054663
37,20,5.51031,0.0520412
37,21,5.53295,0.0545378
37,22,5.53947,0.0525193
37,23,5.51708,0.0550415
37,24,5.51335,0.052926
37,25,5.49583,0.0537825
37,26,5.48358,0.0531833
37,27,5.47752,0.0516055
37,28,5.48243,0.0500364
37,29,5.47856,0.0484948
37,30,5.47533,0.0470151
37,31,5.46341,0.0470577
37,32,5.45926,0.0457981
37,33,5.46739,0.0451689
37,34,5.45543,0.0454615
37,35,5.4709,0.0468114
37,36,5.46284,0.0462364
37,37,5.47112,0.045759
37,38,5.46843,0.0446514
37,39,5.46801,0.0435229
37,40,5.46943,0.0424719
37,41,5.45887,0.0427736
37,42,5.45696,0.0418105
37,43,5.45267,0.041074
37,44,5.44854,0.0403623
37,45,5.44479,0.0396535
37,46,5.44324,0.0388316
37,47,5.43762,0.0384271
37,48,5.43733,0.0376358
37,49,5.43393,0.037032
37,50,5.43687,0.036418
37,51,5.4497,0.0379454
37,52,5.4509,0.0372419
37,53,5.44505,0.0370104
37,54,5.44719,0.0363941
37,55,5.45366,0.0363185
37,56,5.46185,0.0366043
37,57,5.46397,0.0360299
37,58,5.46691,0.0355356
37,59,5.46826,0.0349646
37,60,5.47237,0.0346308
37,61,5.47795,0.0345229
37,62,5.47798,0.0339705
37,63,5.4771,0.0334471
37,64,5.47682,0.0329297
37,65,5.47749,0.0324337
37,66,5.47398,0.0321379
37,67,5.47908,0.0320695
37,68,5.47576,0.0317747
37,69,5.46834,0.0321839
37,70,5.46529,0.031874
37,71,5.46995,0.0317713
37,72,5.46545,0.0316536
37,73,5.46697,0.0312599
37,74,5.47171,0.0312012
37,75,5.46887,0.0309184
37,76,5.46634,0.0306186
37,77,5.46975,0.0304154
37,78,5.4732,0.0302255
37,79,5.47291,0.0298468
37,80,5.47681,0.0297332
37,81,5.48072,0.0296282
37,82,5.4766,0.0295586
37,83,5.47358,0.0293598
37,84,5.47104,0.0291234
37,85,5.47268,0.0288293
37,86,5.47499,0.0285897
37,87,5.46897,0.0288969
37,88,5.47071,0.0286234
37,89,5.46881,0.0283672
37,90,5.47005,0.0280808
37,91,5.46709,0.0279305
37,92,5.46911,0.027702
37,93,5.46429,0.0278264
37,94,5.46999,0.0281155
37,95,5.46852,0.0278596
37,96,5.47008,0.0276145
37,97,5.47079,0.0273406
37,98,5.46683,0.027352
37,99,5.46972,0.0272312
38,0,5.82186,0
38,1,5.63435,0.187502
38,2,5.539,0.144259
38,3,5.47925,0.118221
38,4,5.52474,0.102253
38,5,5.54007,0.084884
38,6,5.48779,0.0887691
38,7,5.49817,0.0775748
38,8,5.48608,0.0694755
38,9,5.51398,0.0681192
38,10,5.56643,0.0809122
38,11,5.54675,0.076438
38,12,5.55748,0.0711271
38,13,5.55646,0.0658588
38,14,5.58213,0.0664682
38,15,5.57632,0.0624466
38,16,5.58274,0.0590092
38,17,5.58252,0.0556348
38,18,5.56597,0.0551678
38,19,5.56063,0.0526079
38,20,5.56214,0.0500628
38,21,5.5897,0.0551179
38,22,5.59987,0.0536407
38,23,5.5781,0.0557815
38,24,5.57293,0.0537534
38,25,5.55943,0.0533801
38,26,5.54465,0.0534476
38,27,5.53929,0.0517822
38,28,5.54808,0.0507334
38,29,5.54346,0.0492303
38,30,5.53766,0.0479681
38,31,5.52369,0.0484996
38,32,5.51636,0.0475753
38,33,5.52442,0.0468531
38,34,5.51113,0.0473967
38,35,5.52755,0.0489006
38,36,5.51946,0.0482436
38,37,5.53059,0.0482592
38,38,5.52676,0.0471614
38,39,5.52778,0.0459786
38,40,5.5293,0.0448687
38,41,5.51932,0.0449105
38,42,5.51767,0.0438845
38,43,5.51382,0.0430485
38,44,5.50805,0.0424737
38,45,5.50753,0.0415434
38,46,5.50609,0.0406755
38,47,5.49904,0.0404384
38,48,5.50087,0.0396471
38,49,5.49886,0.0388983
38,50,5.50239,0.0382914
38,51,5.5144,0.0394215
38,52,5.5154,0.0386835
38,53,5.50847,0.0385884
38,54,5.51078,0.0379506
38,55,5.51756,0.0378777
38,56,5.52539,0.0380235
38,57,5.52577,0.0373641
38,58,5.52854,0.0368296
38,59,5.53125,0.0363122
38,60,5.53655,0.0361018
38,61,5.54294,0.0360853
38,62,5.54144,0.0355394
38,63,5.53955,0.0350306
38,64,5.53926,0.0344886
38,65,5.54081,0.0339972
38,66,5.53806,0.0335985
38,67,5.5429,0.0334533
38,68,5.54064,0.0330425
38,69,5.53302,0.0334474
38,70,5.52943,0.033167
38,71,5.53265,0.032861
38,72,5.52708,0.0328826
38,73,5.52882,0.0324816
38,74,5.53224,0.0322278
38,75,5.52879,0.0319881
38,76,5.52694,0.0316236
38,77,5.53148,0.031543
38,78,5.5347,0.0313074
38,79,5.53577,0.030932
38,80,5.53985,0.0308186
38,81,5.5428,0.0305836
38,82,5.53834,0.0305408
38,83,5.53682,0.0302129
38,84,5.53534,0.0298922
38,85,5.53744,0.0296171
38,86,5.53979,0.0293687
38,87,5.53469,0.0294775
38,88,5.53523,0.0291494
38,89,5.53281,0.0289254
38,90,5.53454,0.0286579
38,91,5.53154,0.0285031
38,92,5.53381,0.0282863
38,93,5.52914,0.0283711
38,94,5.53446,0.0285708
38,95,5.53295,0.0283115
38,96,5.53386,0.0280326
38,97,5.53447,0.0277519
38,98,5.53086,0.0277069
38,99,5.53324,0.0275314
39,0,5.83789,0
39,1,5.629,0.208883
39,2,5.52309,0.160506
39,3,5.48608,0.119376
39,4,5.54708,0.110778
39,5,5.57073,0.0934882
39,6,5.5229,0.0923575
39,7,5.53069,0.0803623
39,8,5.53045,0.0708733
39,9,5.55525,0.0680696
39,10,5.61112,0.0831427
39,11,5.59281,0.0780768
39,12,5.60376,0.0726507
39,13,5.60669,0.067325
39,14,5.62957,0.0667227
39,15,5.62694,0.062469
39,16,5.63284,0.0589754
39,17,5.63418,0.0556186
39,18,5.61155,0.0572681
39,19,5.60306,0.0549888
39,20,5.60644,0.0524139
39,21,5.63418,0.0571542
39,22,5.64542,0.0557584
39,23,5.62249,0.0580998
39,24,5.61974,0.0557952
39,25,5.60818,0.0548385
39,26,5.5956,0.0542468
39,27,5.58917,0.0526685
39,28,5.59638,0.0513295
39,29,5.59208,0.0497751
39,30,5.58904,0.0482386
39,31,5.57438,0.0489543
39,32,5.56744,0.047952
39,33,5.57519,0.047161
39,34,5.56282,0.0474337
39,35,5.58069,0.049439
39,36,5.57174,0.0489113
39,37,5.58278,0.048871
39,38,5.57861,0.0477834
39,39,5.57945,0.046581
39,40,5.58052,0.0454434
39,41,5.56913,0.045788
39,42,5.5667,0.0447767
39,43,5.56464,0.0437957
39,44,5.55773,0.0433644
39,45,5.5579,0.0424116
39,46,5.55741,0.0415023
39,47,5.55062,0.0411919
39,48,5.55349,0.0404448
39,49,5.55311,0.0396295
39,50,5.55696,0.0390345
39,51,5.56827,0.0399116
39,52,5.57011,0.0391948
39,53,5.56646,0.0386345
39,54,5.56748,0.0379391
39,55,5.57654,0.0383422
39,56,5.58471,0.0385384
39,57,5.58394,0.0378759
39,58,5.58779,0.0374269
39,59,5.59025,0.0368798
39,60,5.59537,0.0366295
39,61,5.60062,0.0364153
39,62,5.59938,0.0358543
39,63,5.59881,0.0352942
39,64,5.59749,0.0347722
39,65,5.6,0.0343335
39,66,5.59862,0.0338452
39,67,5.60268,0.0335894
39,68,5.59977,0.0332264
39,69,5.59368,0.0333092
39,70,5.59099,0.0329467
39,71,5.5957,0.0328256
39,72,5.59127,0.0326745
39,73,5.59358,0.0323125
39,74,5.59592,0.0319642
39,75,5.59225,0.0317534
39,76,5.59083,0.0313704
39,77,5.5961,0.0314116
39,78,5.59905,0.0311506
39,79,5.60052,0.0307939
39,80,5.60495,0.0307327
39,81,5.60768,0.0304781
39,82,5.6048,0.0302459
39,83,5.60162,0.0300521
39,84,5.59956,0.029768
39,85,5.6026,0.0295769
39,86,5.605,0.0293329
39,87,5.60015,0.0294002
39,88,5.60107,0.0290825
39,89,5.59806,0.0289147
39,90,5.59991,0.028655
39,91,5.59774,0.0284242
39,92,5.5998,0.0281921
39,93,5.59409,0.0284696
39,94,5.5994,0.0286653
39,95,5.59884,0.0283707
39,96,5.60058,0.0281307
39,97,5.60093,0.0278443
39,98,5.59762,0.0277589
39,99,5.60016,0.0275969
40,0,5.76574,0
40,1,5.63526,0.130476
40,2,5.55164,0.112553
40,3,5.53965,0.0804842
40,4,5.59284,0.08195
40,5,5.62707,0.075158
40,6,5.59052,0.0732854
40,7,5.5976,0.0638613
40,8,5.60292,0.056571
40,9,5.6415,0.0636268
40,10,5.69647,0.0795878
40,11,5.68509,0.0735392
40,12,5.68581,0.0676501
40,13,5.69529,0.0633451
40,14,5.71522,0.0622485
40,15,5.70477,0.0591591
40,16,5.71057,0.0558727
40,17,5.70901,0.0527005
40,18,5.68676,0.0545905
40,19,5.68052,0.0521637
40,20,5.68461,0.0497859
40,21,5.71561,0.0566949
40,22,5.72716,0.0553908
40,23,5.70313,0.0582192
40,24,5.69929,0.0559743
40,25,5.68222,0.0564209
40,26,5.67229,0.0551921
40,27,5.66367,0.0538778
40,28,5.66975,0.052341
40,29,5.66549,0.0507454
40,30,5.66141,0.0492504
40,31,5.64736,0.0497129
40,32,5.63971,0.0487869
40,33,5.6487,0.048177
40,34,5.63968,0.0476428
40,35,5.65718,0.049498
40,36,5.65233,0.0483859
40,37,5.66348,0.048399
40,38,5.65781,0.0474818
40,39,5.65742,0.0462811
40,40,5.65892,0.0451631
40,41,5.64823,0.0453514
40,42,5.64535,0.0443781
40,43,5.64397,0.0433798
40,44,5.63628,0.0430959
40,45,5.63625,0.0421487
40,46,5.6387,0.0413151
40,47,5.63198,0.0410006
40,48,5.63409,0.0402106
40,49,5.63385,0.0393989
40,50,5.63524,0.0386438
40,51,5.64586,0.0393527
40,52,5.64852,0.0386947
40,53,5.64585,0.0380648
40,54,5.64705,0.0373853
40,55,5.65648,0.0379056
40,56,5.66427,0.0380402
40,57,5.6628,0.0374076
40,58,5.66525,0.03685
40,59,5.66744,0.0362964
40,60,5.67183,0.0359655
40,61,5.67667,0.03571
40,62,5.67534,0.0351637
40,63,5.67663,0.0346339
40,64,5.67529,0.0341233
40,65,5.67665,0.0336297
40,66,5.67489,0.0331706
40,67,5.67973,0.0330354
40,68,5.67752,0.0326279
40,69,5.67014,0.0329935
40,70,5.66835,0.032575
40,71,5.67423,0.0326528
40,72,5.66956,0.0325387
40,73,5.67292,0.0322711
40,74,5.67522,0.0319207
40,75,5.67013,0.0319061
40,76,5.6681,0.0315543
40,77,5.67447,0.0317924
40,78,5.67823,0.0316114
40,79,5.67964,0.0312458
40,80,5.68362,0.0311133
40,81,5.68561,0.0307955
40,82,5.68292,0.0305403
40,83,5.67907,0.0304196
40,84,5.67584,0.0302326
40,85,5.67886,0.0300314
40,86,5.68151,0.029802
40,87,5.67542,0.0300839
40,88,5.67639,0.0297595
40,89,5.67417,0.0295101
40,90,5.67593,0.0292371
40,91,5.67362,0.02901
40,92,5.6757,0.0287719
40,93,5.67084,0.0288764
40,94,5.67685,0.029195
40,95,5.67635,0.0288936
40,96,5.67872,0.0286925
40,97,5.67901,0.0283996
40,98,5.67538,0.0283438
40,99,5.6774,0.0281313
41,0,5.93691,0
41,1,5.75055,0.186352
41,2,5.66711,0.136156
41,3,5.64934,0.0979036
41,4,5.68791,0.0850839
41,5,5.73945,0.0865014
41,6,5.70211,0.0820905
41,7,5.70515,0.0711571
41,8,5.70121,0.0628782
41,9,5.74339,0.0702987
41,10,5.7929,0.0805889
41,11,5.78366,0.0741451
41,12,5.78704,0.0682872
41,13,5.78668,0.0632227
41,14,5.80325,0.0611445
41,15,5.79158,0.058375
41,16,5.79176,0.0548341
41,17,5.78679,0.0519366
41,18,5.76606,0.0533208
41,19,5.761,0.0508369
41,20,5.76507,0.048527
41,21,5.79556,0.0554089
41,22,5.80653,0.0540704
41,23,5.78149,0.0575085
41,24,5.77396,0.0556722
41,25,5.75395,0.057107
41,26,5.74227,0.0561789
41,27,5.73501,0.0546193
41,28,5.73821,0.0527991
41,29,5.73427,0.0511606
41,30,5.732,0.0495347
41,31,5.71268,0.0517097
41,32,5.70475,0.0507418
41,33,5.71237,0.0498139
41,34,5.7027,0.0493278
41,35,5.71721,0.0500884
41,36,5.71208,0.0489852
41,37,5.72252,0.0488076
41,38,5.72021,0.0475958
41,39,5.71925,0.0464004
41,40,5.72083,0.0452821
41,41,5.71221,0.045025
41,42,5.70983,0.0440292
41,43,5.71002,0.0430173
41,44,5.70438,0.0424278
41,45,5.70108,0.0416256
41,46,5.70272,0.0407631
41,47,5.69842,0.0401356
41,48,5.70089,0.0393856
41,49,5.70225,0.0386138
41,50,5.70291,0.0378548
41,51,5.71278,0.0384095
41,52,5.7156,0.0377834
41,53,5.71193,0.0372579
41,54,5.71355,0.0366101
41,55,5.72493,0.0377077
41,56,5.73106,0.0375431
41,57,5.72999,0.0369056
41,58,5.73243,0.0363572
41,59,5.73461,0.0358123
41,60,5.73798,0.0353811
41,61,5.74257,0.035107
41,62,5.74313,0.0345498
41,63,5.74392,0.0340149
41,64,5.74418,0.0334885
41,65,5.74704,0.0331011
41,66,5.74549,0.0326399
41,67,5.75046,0.0325379
41,68,5.7481,0.0321496
41,69,5.74012,0.0326756
41,70,5.73928,0.0322232
41,71,5.74518,0.0323159
41,72,5.74076,0.0321747
41,73,5.74449,0.0319554
41,74,5.74898,0.0318446
41,75,5.74542,0.0316236
41,76,5.7427,0.0313287
41,77,5.74785,0.0313496
41,78,5.75038,0.0310532
41,79,5.75378,0.0308512
41,80,5.7565,0.0305887
41,81,5.75848,0.0302783
41,82,5.75543,0.0300666
41,83,5.75081,0.0300632
41,84,5.74641,0.0300309
41,85,5.74938,0.0298277
41,86,5.75175,0.0295778
41,87,5.74525,0.0299524
41,88,5.74716,0.0296754
41,89,5.74495,0.0294269
41,90,5.74759,0.0292207
41,91,5.74468,0.0290468
41,92,5.74644,0.0287865
41,93,5.74078,0.0290354
41,94,5.74666,0.0293239
41,95,5.74735,0.0290249
41,96,5.75046,0.0288918
41,97,5.75098,0.0286001
41,98,5.74784,0.0284826
41,99,5.74971,0.028258
42,0,6.0442,0
42,1,5.86042,0.183773
42,2,5.76706,0.141333
42,3,5.75093,0.101231
42,4,5.80978,0.0980413
42,5,5.86872,0.0994088
42,6,5.81939,0.097428
42,7,5.82118,0.0843941
42,8,5.80235,0.0767746
42,9,5.84821,0.0825762
42,10,5.8965,0.0889463
42,11,5.88985,0.0814687
42,12,5.8883,0.0749562
42,13,5.88533,0.0694595
42,14,5.90472,0.0675064
42,15,5.89041,0.0647461
42,16,5.89121,0.0608235
42,17,5.89073,0.057347
42,18,5.86813,0.0587633
42,19,5.86368,0.0559253
42,20,5.86354,0.0531958
42,21,5.89656,0.0605216
42,22,5.90345,0.0582393
42,23,5.87688,0.061765
42,24,5.86669,0.0601141
42,25,5.84411,0.0620124
42,26,5.8306,0.0611806
42,27,5.82413,0.0593094
42,28,5.82532,0.05724
42,29,5.82137,0.0554395
42,30,5.8181,0.0537213
42,31,5.79963,0.0551965
42,32,5.79316,0.053888
42,33,5.79909,0.052615
42,34,5.79136,0.051672
42,35,5.80318,0.0515896
42,36,5.79796,0.0504466
42,37,5.80767,0.0500515
42,38,5.80254,0.04902
42,39,5.80046,0.0478245
42,40,5.80136,0.0466521
42,41,5.78893,0.0471926
42,42,5.78526,0.0462279
42,43,5.78638,0.045179
42,44,5.7805,0.0445537
42,45,5.77633,0.0437738
42,46,5.7789,0.0429095
42,47,5.7753,0.0421599
42,48,5.77735,0.0413415
42,49,5.77524,0.0405615
42,50,5.77563,0.0397601
42,51,5.78549,0.0402148
42,52,5.78873,0.0395817
42,53,5.78565,0.0389636
42,54,5.78993,0.0384869
42,55,5.79964,0.0390216
42,56,5.80672,0.0389792
42,57,5.80552,0.0383201
42,58,5.80631,0.0376731
42,59,5.8063,0.0370399
42,60,5.80931,0.0365523
42,61,5.81406,0.0362697
42,62,5.8151,0.0357044
42,63,5.81617,0.0351585
42,64,5.81733,0.0346328
42,65,5.8203,0.034233
42,66,5.81976,0.0337225
42,67,5.82422,0.0335211
42,68,5.82262,0.0330705
42,69,5.81561,0.0333403
42,70,5.81378,0.0329182
42,71,5.82025,0.0330974
42,72,5.81576,0.0329487
42,73,5.82001,0.0327771
42,74,5.82344,0.032519
42,75,5.82043,0.0322294
42,76,5.81617,0.0320916
42,77,5.82258,0.0323198
42,78,5.8245,0.0319654
42,79,5.8261,0.031604
42,80,5.82775,0.0312551
42,81,5.82982,0.0309409
42,82,5.82665,0.0307303
42,83,5.82164,0.0307725
42,84,5.81671,0.0308051
42,85,5.81966,0.0305874
42,86,5.82169,0.0303015
42,87,5.81473,0.0307534
42,88,5.81562,0.0304191
42,89,5.81321,0.0301759
42,90,5.81581,0.029956
42,91,5.81198,0.0298761
42,92,5.81279,0.0295643
42,93,5.80738,0.0297437
42,94,5.8131,0.0299794
42,95,5.81458,0.0297022
42,96,5.81785,0.0295763
42,97,5.81891,0.0292921
42,98,5.81603,0.029138
42,99,5.81753,0.0288841
43,0,6.1102,0
43,1,5.94806,0.162148
43,2,5.82955,0.151025
43,3,5.83434,0.106898
43,4,5.88984,0.0996836
43,5,5.96051,0.107789
43,6,5.90815,0.105072
43,7,5.90329,0.0911247
43,8,5.89434,0.0808612
43,9,5.93512,0.0830319
43,10,5.99219,0.0943246
43,11,5.98406,0.0864883
43,12,5.99008,0.079785
43,13,5.98529,0.0740222
43,14,6.00715,0.0722976
43,15,5.98678,0.0706305
43,16,5.98037,0.0666548
43,17,5.97321,0.0632497
43,18,5.9492,0.0644654
43,19,5.94354,0.0614186
43,20,5.94735,0.058545
43,21,5.97579,0.0626471
43,22,5.97997,0.0600073
43,23,5.95424,0.0629516
43,24,5.94127,0.0617591
43,25,5.91239,0.0659873
43,26,5.89895,0.0649046
43,27,5.89592,0.0626171
43,28,5.89789,0.0604515
43,29,5.89486,0.0584801
43,30,5.88761,0.0570255
43,31,5.87222,0.0573194
43,32,5.86435,0.0561095
43,33,5.86965,0.0546918
43,34,5.86278,0.0535485
43,35,5.8743,0.0532989
43,36,5.8728,0.0518602
43,37,5.88342,0.0515813
43,38,5.87667,0.0506918
43,39,5.87622,0.0494103
43,40,5.8758,0.048192
43,41,5.86149,0.0491596
43,42,5.85734,0.0481821
43,43,5.86042,0.0471753
43,44,5.8563,0.0462988
43,45,5.8518,0.0455047
43,46,5.85303,0.0445432
43,47,5.84868,0.0438218
43,48,5.85005,0.0429399
43,49,5.84893,0.0420872
43,50,5.84729,0.0412862
43,51,5.85649,0.0415167
43,52,5.86143,0.0410239
43,53,5.85805,0.0403987
43,54,5.86225,0.0398796
43,55,5.86988,0.0398962
43,56,5.87788,0.0399999
43,57,5.87797,0.0393043
43,58,5.87925,0.0386536
43,59,5.87886,0.0380059
43,60,5.88043,0.0374107
43,61,5.88649,0.0372976
43,62,5.88536,0.0367182
43,63,5.88638,0.0361542
43,64,5.88692,0.0355978
43,65,5.89041,0.0352272
43,66,5.88838,0.0347564
43,67,5.89184,0.0344153
43,68,5.89113,0.0339201
43,69,5.8857,0.0338701
43,70,5.883,0.0334988
43,71,5.89096,0.0339747
43,72,5.88618,0.0338446
43,73,5.88943,0.033542
43,74,5.8919,0.0331836
43,75,5.88848,0.032922
43,76,5.88445,0.0327407
43,77,5.89082,0.0329404
43,78,5.89201,0.0325427
43,79,5.89338,0.0321623
43,80,5.89508,0.0318082
43,81,5.89644,0.0314475
43,82,5.89406,0.0311579
43,83,5.8893,0.0311494
43,84,5.88469,0.031125
43,85,5.88836,0.0309794
43,86,5.89131,0.0307629
43,87,5.88411,0.0312522
43,88,5.88441,0.0309006
43,89,5.88256,0.0306113
43,90,5.88419,0.0303166
43,91,5.88127,0.0301268
43,92,5.88149,0.0298019
43,93,5.87564,0.030058
43,94,5.88122,0.0302589
43,95,5.88282,0.0299847
43,96,5.88612,0.0298576
43,97,5.88676,0.0295581
43,98,5.88325,0.0294675
43,99,5.88495,0.0292206
44,0,6.12007,0
44,1,5.97357,0.146496
44,2,5.89094,0.118245
44,3,5.86196,0.0884896
44,4,5.92757,0.0948851
44,5,6.02324,0.123099
44,6,5.95528,0.124266
44,7,5.95081,0.10771
44,8,5.93612,0.0961207
44,9,5.96984,0.0923487
44,10,6.03392,0.105278
44,11,6.02967,0.0961993
44,12,6.0302,0.0884921
44,13,6.02969,0.0819294
44,14,6.05326,0.0798305
44,15,6.03348,0.0772505
44,16,6.03485,0.0725772
44,17,6.0238,0.0693142
44,18,6.00432,0.0683971
44,19,6.00035,0.0650081
44,20,6.00556,0.0620536
44,21,6.03166,0.0646704
44,22,6.0389,0.0622165
44,23,6.00983,0.0662801
44,24,5.9911,0.0662755
44,25,5.96878,0.0674738
44,26,5.95616,0.066142
44,27,5.95494,0.0637477
44,28,5.95752,0.0615644
44,29,5.95327,0.0596288
44,30,5.9441,0.0583982
44,31,5.92678,0.0591374
44,32,5.92064,0.0576449
44,33,5.92942,0.0566084
44,34,5.92328,0.0553085
44,35,5.93379,0.0547679
44,36,5.93059,0.0533632
44,37,5.94266,0.0533226
44,38,5.93623,0.0523338
44,39,5.93709,0.051016
44,40,5.93506,0.0497974
44,41,5.92182,0.0503701
44,42,5.91425,0.0497636
44,43,5.91923,0.0488739
44,44,5.917,0.0478277
44,45,5.91025,0.0472605
44,46,5.91082,0.0462475
44,47,5.90971,0.0452873
44,48,5.90935,0.0443549
44,49,5.908,0.0434796
44,50,5.90365,0.04284
44,51,5.91144,0.0427238
44,52,5.91783,0.0423942
44,53,5.91605,0.0416394
44,54,5.91957,0.041026
44,55,5.9267,0.0409133
44,56,5.93569,0.041182
44,57,5.93623,0.0404694
44,58,5.9386,0.0398477
44,59,5.93933,0.0391849
44,60,5.93968,0.0385387
44,61,5.94564,0.0383782
44,62,5.94353,0.0378231
44,63,5.94589,0.0373018
44,64,5.94551,0.0367254
44,65,5.94993,0.0364339
44,66,5.94836,0.0359203
44,67,5.95143,0.0355215
44,68,5.95273,0.0350271
44,69,5.9481,0.034832
44,70,5.94778,0.0343394
44,71,5.95553,0.0347345
44,72,5.95006,0.0346901
44,73,5.95226,0.034289
44,74,5.95354,0.0338529
44,75,5.95038,0.0335534
44,76,5.94677,0.0333119
44,77,5.95155,0.0332283
44,78,5.95298,0.0328363
44,79,5.95489,0.032479
44,80,5.95641,0.0321116
44,81,5.95753,0.0317374
44,82,5.9548,0.0314713
44,83,5.95025,0.0314253
44,84,5.94546,0.0314213
44,85,5.95016,0.0314079
44,86,5.95288,0.031164
44,87,5.94622,0.0315195
44,88,5.94683,0.0311692
44,89,5.94515,0.0308666
44,90,5.94748,0.0306141
44,91,5.94523,0.0303629
44,92,5.94438,0.0300467
44,93,5.9389,0.0302264
44,94,5.94508,0.0305387
44,95,5.94576,0.0302267
44,96,5.94914,0.0301032
44,97,5.9493,0.0297949
44,98,5.9465,0.0296253
44,99,5.94667,0.0293281
45,0,6.21668,0
45,1,6.03964,0.177037
45,2,5.95981,0.129695
45,3,5.92236,0.0990587
45,4,5.9809,0.0965104
45,5,6.07465,0.122471
45,6,6.01512,0.119409
45,7,6.01017,0.10353
45,8,6.00014,0.0918533
45,9,6.0303,0.0875163
45,10,6.08791,0.0979057
45,11,6.08283,0.0895196
45,12,6.09039,0.0826923
45,13,6.09518,0.0767081
45,14,6.1246,0.0772356
45,15,6.11117,0.0734857
45,16,6.1111,0.0690278
45,17,6.09453,0.0671574
45,18,6.07596,0.0661825
45,19,6.06848,0.0632301
45,20,6.07333,0.0603392
45,21,6.09787,0.0625443
45,22,6.10329,0.0600088
45,23,6.07485,0.0641107
45,24,6.05473,0.0646998
45,25,6.03119,0.06647
45,26,6.01642,0.0656441
45,27,6.01339,0.0633287
45,28,6.01396,0.0611087
45,29,6.0084,0.059298
45,30,5.9994,0.058055
45,31,5.9805,0.0593033
45,32,5.97385,0.057862
45,33,5.98295,0.0568679
45,34,5.97623,0.0556269
45,35,5.98404,0.0546215
45,36,5.98142,0.0531896
45,37,5.99403,0.0532839
45,38,5.98799,0.0522496
45,39,5.98834,0.0509278
45,40,5.9857,0.0497404
45,41,5.97435,0.0498504
45,42,5.96693,0.0492402
45,43,5.9704,0.0482337
45,44,5.96903,0.0471696
45,45,5.96422,0.0463826
45,46,5.9633,0.0453945
45,47,5.96299,0.0444398
45,48,5.96166,0.0435439
45,49,5.96181,0.0426644
45,50,5.95733,0.0420594
45,51,5.96598,0.042141
45,52,5.97055,0.04159
45,53,5.97096,0.0408146
45,54,5.9735,0.0401465
45,55,5.98067,0.0400692
45,56,5.98882,0.040194
45,57,5.99035,0.0395248
45,58,5.99092,0.0388532
45,59,5.99269,0.0382415
45,60,5.99268,0.0376093
45,61,5.99957,0.0376337
45,62,5.99734,0.0370986
45,63,6.00059,0.0366585
45,64,5.99943,0.0361085
45,65,6.00347,0.0357858
45,66,6.00279,0.0352543
45,67,6.00587,0.034869
45,68,6.00755,0.0344006
45,69,6.00354,0.0341412
45,70,6.00523,0.0336991
45,71,6.01292,0.0341052
45,72,6.00798,0.033995
45,73,6.00949,0.0335663
45,74,6.011,0.0331504
45,75,6.00823,0.0328288
45,76,6.00449,0.0326142
45,77,6.00992,0.032648
45,78,6.01262,0.032345
45,79,6.01624,0.0321426
45,80,6.01909,0.0318702
45,81,6.02067,0.031519
45,82,6.01792,0.0312586
45,83,6.01361,0.0311824
45,84,6.00864,0.0312121
45,85,6.0131,0.0311677
45,86,6.01543,0.0308952
45,87,6.00948,0.0311157
45,88,6.00959,0.0307644
45,89,6.00813,0.0304558
45,90,6.01003,0.0301793
45,91,6.00864,0.0298817
45,92,6.0076,0.0295772
45,93,6.00293,0.02963
45,94,6.00897,0.0299304
45,95,6.01049,0.029656
45,96,6.01464,0.0296416
45,97,6.01451,0.0293379
45,98,6.01153,0.0291917
45,99,6.01253,0.0289153
46,0,6.34544,0
46,1,6.14548,0.199956
46,2,6.07775,0.133848
46,3,6.03732,0.102917
46,4,6.09182,0.0965687
46,5,6.18976,0.125732
46,6,6.12511,0.124385
46,7,6.11885,0.107902
46,8,6.11323,0.0953268
46,9,6.13733,0.0886037
46,10,6.18547,0.09349
46,11,6.16829,0.0870552
46,12,6.17226,0.0801772
46,13,6.17833,0.0744778
46,14,6.21331,0.0776591
46,15,6.19693,0.0744684
46,16,6.19581,0.0699597
46,17,6.17585,0.0689148
46,18,6.15473,0.0685226
46,19,6.146,0.0655892
46,20,6.14551,0.0623897
46,21,6.17211,0.065161
46,22,6.17638,0.0624097
46,23,6.14847,0.0659498
46,24,6.1251,0.0674357
46,25,6.1003,0.0693727
46,26,6.08868,0.0677578
46,27,6.08373,0.0654806
46,28,6.08371,0.0631823
46,29,6.08207,0.0610618
46,30,6.06993,0.0602943
46,31,6.05022,0.0616175
46,32,6.04392,0.0600525
46,33,6.05471,0.0592505
46,34,6.04552,0.0582619
46,35,6.0536,0.0571941
46,36,6.05092,0.0556916
46,37,6.06182,0.0552916
46,38,6.05749,0.054029
46,39,6.05596,0.0526831
46,40,6.05075,0.0516457
46,41,6.0406,0.0514116
46,42,6.03456,0.0505645
46,43,6.0357,0.049415
46,44,6.03536,0.0483055
46,45,6.03191,0.0473696
46,46,6.02647,0.0466695
46,47,6.02683,0.0456884
46,48,6.02445,0.0448098
46,49,6.0269,0.0439729
46,50,6.02278,0.0432989
46,51,6.03091,0.0432291
46,52,6.03431,0.0425419
46,53,6.03566,0.0417683
46,54,6.03744,0.0410406
46,55,6.0468,0.0413739
46,56,6.05481,0.0414227
46,57,6.05462,0.0407027
46,58,6.05611,0.0400345
46,59,6.05728,0.0393793
46,60,6.05854,0.0387487
46,61,6.06568,0.0387807
46,62,6.06529,0.038162
46,63,6.06848,0.0376961
46,64,6.06667,0.0371559
46,65,6.06866,0.0366431
46,66,6.06836,0.0360933
46,67,6.07041,0.0356179
46,68,6.07042,0.0350979
46,69,6.0663,0.0348383
46,70,6.06755,0.034367
46,71,6.07408,0.0345098
46,72,6.06975,0.0343084
46,73,6.0716,0.0338921
46,74,6.07162,0.0334372
46,75,6.06875,0.0331189
46,76,6.06487,0.0329145
46,77,6.06947,0.0328133
46,78,6.07366,0.0326654
46,79,6.07749,0.0324807
46,80,6.07932,0.0321292
46,81,6.07947,0.0317354
46,82,6.0764,0.0315006
46,83,6.07213,0.0314155
46,84,6.06734,0.0314102
46,85,6.07282,0.0315224
46,86,6.07563,0.0312844
46,87,6.06886,0.0316584
46,88,6.06861,0.0313017
46,89,6.06676,0.0310071
46,90,6.06996,0.0308315
46,91,6.06918,0.0305046
46,92,6.06714,0.0302438
46,93,6.06205,0.0303503
46,94,6.06747,0.0305153
46,95,6.06811,0.0302026
46,96,6.07179,0.0301151
46,97,6.07068,0.0298268
46,98,6.0673,0.0297176
46,99,6.0689,0.0294626
47,0,6.36763,0
47,1,6.22951,0.138128
47,2,6.17467,0.0967794
47,3,6.1106,0.093746
47,4,6.16315,0.0896343
47,5,6.24451,0.109434
47,6,6.18014,0.112681
47,7,6.17592,0.0976762
47,8,6.17285,0.0861971
47,9,6.20229,0.0825271
47,10,6.25009,0.0886423
47,11,6.24742,0.0809629
47,12,6.25467,0.0748267
47,13,6.25514,0.0692777
47,14,6.29045,0.0735284
47,15,6.27078,0.0715356
47,16,6.27009,0.0671996
47,17,6.25263,0.065718
47,18,6.23221,0.0654319
47,19,6.22449,0.0625521
47,20,6.22305,0.0595162
47,21,6.25272,0.0640334
47,22,6.2541,0.0612015
47,23,6.22332,0.0661854
47,24,6.20154,0.0671153
47,25,6.17899,0.0683123
47,26,6.16679,0.0668566
47,27,6.16191,0.0646092
47,28,6.16433,0.0623886
47,29,6.16452,0.0602734
47,30,6.15279,0.059464
47,31,6.13469,0.0603532
47,32,6.12919,0.0587537
47,33,6.13974,0.0579664
47,34,6.12908,0.0572857
47,35,6.13681,0.0562057
47,36,6.13232,0.0548499
47,37,6.13914,0.0538213
47,38,6.13137,0.0529957
47,39,6.13167,0.0516546
47,40,6.12856,0.0504746
47,41,6.11784,0.050412
47,42,6.11112,0.0496812
47,43,6.11263,0.0485624
47,44,6.10988,0.0475511
47,45,6.10604,0.0466635
47,46,6.10028,0.0460224
47,47,6.10086,0.0450572
47,48,6.09972,0.0441429
47,49,6.10041,0.0432566
47,50,6.09736,0.0425098
47,51,6.10482,0.0423471
47,52,6.11023,0.0418912
47,53,6.11297,0.0411991
47,54,6.11387,0.0404531
47,55,6.12202,0.0405525
47,56,6.12785,0.0402578
47,57,6.12772,0.0395578
47,58,6.12913,0.0389072
47,59,6.12983,0.0382596
47,60,6.13261,0.0377296
47,61,6.13978,0.0378029
47,62,6.13847,0.037221
47,63,6.14219,0.0368227
47,64,6.14009,0.0363123
47,65,6.1403,0.0357585
47,66,6.13924,0.0352367
47,67,6.14159,0.0347944
47,68,6.14122,0.0342885
47,69,6.13842,0.0339106
47,70,6.13929,0.0334407
47,71,6.14608,0.0336662
47,72,6.14213,0.0334363
47,73,6.14419,0.0330456
47,74,6.14364,0.0326065
47,75,6.13941,0.0324525
47,76,6.13673,0.0321403
47,77,6.14186,0.0321385
47,78,6.14644,0.0320578
47,79,6.15003,0.0318579
47,80,6.15177,0.0315099
47,81,6.15278,0.0311398
47,82,6.15008,0.030881
47,83,6.14499,0.0309321
47,84,6.14052,0.0308917
47,85,6.14654,0.0311186
47,86,6.14953,0.0309042
47,87,6.14171,0.0315381
47,88,6.14033,0.0312123
47,89,6.13798,0.0309524
47,90,6.14095,0.0307545
47,91,6.14018,0.0304283
47,92,6.13842,0.0301507
47,93,6.13441,0.0300955
47,94,6.1405,0.0303931
47,95,6.14098,0.0300786
47,96,6.14382,0.0299029
47,97,6.14318,0.0296031
47,98,6.13961,0.0295199
47,99,6.14091,0.0292524
48,0,6.46333,0
48,1,6.2765,0.186835
48,2,6.25146,0.110737
48,3,6.16868,0.113943
48,4,6.22635,0.105431
48,5,6.30998,0.120017
48,6,6.23676,0.125102
48,7,6.22472,0.109008
48,8,6.22141,0.0961933
48,9,6.25274,0.0915671
48,10,6.30655,0.0987681
48,11,6.29755,0.0906106
48,12,6.30657,0.0838367
48,13,6.30837,0.0776386
48,14,6.35073,0.0837737
48,15,6.33006,0.0810437
48,16,6.33072,0.0761302
48,17,6.30901,0.0749893
48,18,6.28615,0.0745246
48,19,6.27778,0.0711938
48,20,6.27354,0.0678511
48,21,6.30318,0.071158
48,22,6.30643,0.0680717
48,23,6.27123,0.0740723
48,24,6.24956,0.074281
48,25,6.23008,0.073978
48,26,6.22071,0.0717988
48,27,6.2161,0.0693401
48,28,6.21876,0.066959
48,29,6.21965,0.0646947
48,30,6.2079,0.0636664
48,31,6.19141,0.0638129
48,32,6.18545,0.0621352
48,33,6.19572,0.0611483
48,34,6.18249,0.060832
48,35,6.19069,0.059684
48,36,6.18478,0.0583485
48,37,6.18987,0.0570195
48,38,6.18404,0.0558432
48,39,6.18562,0.0544521
48,40,6.18427,0.0531244
48,41,6.17187,0.0533081
48,42,6.16435,0.0525942
48,43,6.16578,0.0514049
48,44,6.16189,0.0503998
48,45,6.15486,0.0497912
48,46,6.14736,0.0492944
48,47,6.14755,0.0482569
48,48,6.14646,0.0472743
48,49,6.14574,0.0463248
48,50,6.14205,0.0455567
48,51,6.14746,0.044998
48,52,6.15286,0.0444699
48,53,6.15757,0.0438923
48,54,6.15791,0.0430881
48,55,6.16587,0.0430546
48,56,6.17306,0.042899
48,57,6.17144,0.0421837
48,58,6.17259,0.0414785
48,59,6.17344,0.0407901
48,60,6.17719,0.0402914
48,61,6.18353,0.0401387
48,62,6.18167,0.03954
48,63,6.18684,0.0392588
48,64,6.18462,0.0387139
48,65,6.18534,0.0381296
48,66,6.18578,0.0375588
48,67,6.18876,0.0371221
48,68,6.18758,0.0365989
48,69,6.18517,0.0361532
48,70,6.18841,0.0357874
48,71,6.19503,0.0359028
48,72,6.19279,0.0354781
48,73,6.19505,0.0350683
48,74,6.19198,0.034734
48,75,6.1886,0.0344405
48,76,6.18575,0.0341091
48,77,6.19234,0.0343076
48,78,6.19679,0.0341614
48,79,6.2018,0.0341024
48,80,6.20324,0.0337094
48,81,6.20421,0.03331
48,82,6.20164,0.0330067
48,83,6.19694,0.0329491
48,84,6.1939,0.0327001
48,85,6.20046,0.032977
48,86,6.20119,0.0326038
48,87,6.19307,0.0332385
48,88,6.19309,0.0328629
48,89,6.19149,0.032535
48,90,6.1949,0.0323555
48,91,6.19508,0.0320024
48,92,6.19269,0.0317463
48,93,6.18909,0.031612
48,94,6.19566,0.0319601
48,95,6.19589,0.0316262
48,96,6.19913,0.0314663
48,97,6.19823,0.0311567
48,98,6.19486,0.0310232
48,99,6.19682,0.0307735
49,0,6.56028,0
49,1,6.38342,0.176862
49,2,6.36018,0.104722
49,3,6.26857,0.117797
49,4,6.30838,0.0995531
49,5,6.40614,0.127138
49,6,6.33412,0.129351
49,7,6.31875,0.113071
49,8,6.31673,0.0997401
49,9,6.3541,0.0967237
49,10,6.40913,0.103356
49,11,6.39074,0.0961257
49,12,6.40106,0.0890227
49,13,6.41138,0.0830625
49,14,6.44798,0.085554
49,15,6.42677,0.0827936
49,16,6.42595,0.0777753
49,17,6.40429,0.0764574
49,18,6.38577,0.0746549
49,19,6.37448,0.0717193
49,20,6.37061,0.0683279
49,21,6.39646,0.0700872
49,22,6.39562,0.0669759
49,23,6.35774,0.074476
49,24,6.33776,0.0741761
49,25,6.32206,0.0729766
49,26,6.31093,0.0710983
49,27,6.30481,0.0687849
49,28,6.30654,0.0663934
49,29,6.31098,0.0642957
49,30,6.29985,0.0631758
49,31,6.28021,0.0642446
49,32,6.27681,0.0623603
49,33,6.28469,0.0610098
49,34,6.27165,0.0606594
49,35,6.28005,0.0595449
49,36,6.27526,0.0581104
49,37,6.27669,0.0565785
49,38,6.26785,0.0558141
49,39,6.26754,0.0544017
49,40,6.26541,0.053101
49,41,6.25128,0.0537134
49,42,6.241,0.0534482
49,43,6.24188,0.0522268
49,44,6.23685,0.0512999
49,45,6.23146,0.0504612
49,46,6.2205,0.0505781
49,47,6.22015,0.0495144
49,48,6.21651,0.0486298
49,49,6.2157,0.0476542
49,50,6.2116,0.04689
49,51,6.21587,0.0461775
49,52,6.21987,0.045474
49,53,6.22658,0.0451257
49,54,6.22765,0.0443105
49,55,6.23406,0.0439813
49,56,6.23963,0.0435604
49,57,6.23957,0.0428028
49,58,6.24037,0.0420788
49,59,6.24046,0.0413716
49,60,6.24385,0.0408285
49,61,6.24941,0.040547
49,62,6.2482,0.0399165
49,63,6.25242,0.0395141
49,64,6.25202,0.0389035
49,65,6.25409,0.0383654
49,66,6.25525,0.0378061
49,67,6.25746,0.0373119
49,68,6.25641,0.0367824
49,69,6.25455,0.0363009
49,70,6.25715,0.0358802
49,71,6.26425,0.0360855
49,72,6.26162,0.035685
49,73,6.26424,0.0352968
49,74,6.2614,0.0349388
49,75,6.25869,0.0345824
49,76,6.25763,0.0341469
49,77,6.26363,0.0342365
49,78,6.26853,0.0341545
49,79,6.27232,0.0339373
49,80,6.27242,0.0335158
49,81,6.27384,0.033135
49,82,6.2722,0.032774
49,83,6.26833,0.032612
49,84,6.26569,0.0323341
49,85,6.2719,0.0325527
49,86,6.27241,0.0321805
49,87,6.26352,0.0330322
49,88,6.26318,0.0326607
49,89,6.26122,0.0323552
49,90,6.26398,0.0321168
49,91,6.26328,0.0317737
49,92,6.26083,0.0315252
49,93,6.25668,0.0314624
49,94,6.26286,0.0317364
49,95,6.2634,0.0314087
49,96,6.2657,0.0311682
49,97,6.26583,0.0308488
49,98,6.2617,0.0308139
49,99,6.26358,0.0305623
50,0,6.75148,0
50,1,6.49077,0.260709
50,2,6.44627,0.156961
50,3,6.33541,0.15687
50,4,6.3803,0.129538
50,5,6.4787,0.144462
50,6,6.41228,0.138991
50,7,6.40803,0.120445
50,8,6.40382,0.106306
50,9,6.43812,0.10108
50,10,6.49601,0.108215
50,11,6.47458,0.101085
50,12,6.47937,0.093108
50,13,6.48919,0.086759
50,14,6.52905,0.0900671
50,15,6.50787,0.0868722
50,16,6.50911,0.0816118
50,17,6.48504,0.0806225
50,18,6.46803,0.0781353
50,19,6.45353,0.0755307
50,20,6.44904,0.0719843
50,21,6.46757,0.0710919
50,22,6.45889,0.0684824
50,23,6.41963,0.0764228
50,24,6.39855,0.0762739
50,25,6.37995,0.0756042
50,26,6.36891,0.0735828
50,27,6.35756,0.07181
50,28,6.35911,0.069307
50,29,6.36273,0.0670543
50,30,6.34706,0.0667207
50,31,6.32548,0.0681099
50,32,6.32543,0.0660137
50,33,6.33339,0.0645351
50,34,6.3207,0.063936
50,35,6.33054,0.0629101
50,36,6.32743,0.0612652
50,37,6.32583,0.0596527
50,38,6.31773,0.0586657
50,39,6.31766,0.0571802
50,40,6.31734,0.0557691
50,41,6.3037,0.0561089
50,42,6.29272,0.0558779
50,43,6.29348,0.0545985
50,44,6.28946,0.0535227
50,45,6.28087,0.0530466
50,46,6.26875,0.0533019
50,47,6.26994,0.0521933
50,48,6.26561,0.0513001
50,49,6.2643,0.0502808
50,50,6.26089,0.0494026
50,51,6.26423,0.0485578
50,52,6.27002,0.0479837
50,53,6.27704,0.0476082
50,54,6.27872,0.0467647
50,55,6.28525,0.0463835
50,56,6.29013,0.0458229
50,57,6.2873,0.0451146
50,58,6.28861,0.0443627
50,59,6.28749,0.0436315
50,60,6.29178,0.0431246
50,61,6.29652,0.042687
50,62,6.29446,0.0420543
50,63,6.3,0.0417604
50,64,6.30069,0.0411187
50,65,6.30299,0.0405561
50,66,6.30419,0.0399644
50,67,6.308,0.039556
50,68,6.30569,0.0390468
50,69,6.30439,0.038507
50,70,6.30666,0.0380288
50,71,6.31342,0.0381002
50,72,6.31045,0.0376913
50,73,6.31259,0.0372398
50,74,6.30693,0.0371735
50,75,6.30399,0.036799
50,76,6.30377,0.0363186
50,77,6.30933,0.0362794
50,78,6.31374,0.0360878
50,79,6.3183,0.0359244
50,80,6.31846,0.0354784
50,81,6.32134,0.0351616
50,82,6.32046,0.0347466
50,83,6.31733,0.0344726
50,84,6.31483,0.0341561
50,85,6.32042,0.0342156
50,86,6.32167,0.033843
50,87,6.31322,0.0345069
50,88,6.31311,0.0341172
50,89,6.31063,0.0338269
50,90,6.3129,0.0335296
50,91,6.31244,0.0331663
50,92,6.31089,0.0328444
50,93,6.3071,0.0327133
50,94,6.31154,0.0326708
50,95,6.31206,0.0323329
50,96,6.31417,0.0320675
50,97,6.31581,0.0317809
50,98,6.31221,0.0316639
50,99,6.31407,0.0314006
51,0,6.75242,0
51,1,6.51182,0.240598
51,2,6.45594,0.149731
51,3,6.34321,0.154647
51,4,6.42421,0.144602
51,5,6.51481,0.148825
51,6,6.4403,0.146192
51,7,6.44344,0.126645
51,8,6.44285,0.111692
51,9,6.47422,0.10471
51,10,6.53079,0.110323
51,11,6.51146,0.102549
51,12,6.52721,0.0956366
51,13,6.53868,0.0892825
51,14,6.57676,0.0914249
51,15,6.5559,0.0880272
51,16,6.55858,0.0827303
51,17,6.53184,0.0824556
51,18,6.52155,0.0786705
51,19,6.50693,0.0760525
51,20,6.50667,0.0723408
51,21,6.52712,0.0719413
51,22,6.51567,0.0696887
51,23,6.47488,0.0782038
51,24,6.45485,0.0776382
51,25,6.43837,0.0763903
51,26,6.42793,0.0742454
51,27,6.41833,0.0721858
51,28,6.42164,0.069731
51,29,6.42825,0.0676902
51,30,6.41139,0.0676067
51,31,6.38851,0.0693457
51,32,6.38886,0.0672124
51,33,6.3977,0.0658018
51,34,6.3866,0.0648517
51,35,6.3962,0.0637516
51,36,6.39195,0.0621498
51,37,6.39205,0.0604922
51,38,6.38242,0.0597017
51,39,6.38115,0.0582039
51,40,6.38285,0.0567922
51,41,6.36897,0.0571359
51,42,6.35616,0.0572428
51,43,6.3575,0.0559427
51,44,6.35216,0.0549454
51,45,6.34473,0.0542491
51,46,6.33609,0.0537811
51,47,6.33738,0.0526646
51,48,6.33146,0.0519175
51,49,6.33073,0.0508738
51,50,6.32603,0.0500875
51,51,6.33118,0.0493846
51,52,6.33943,0.0491409
51,53,6.34586,0.0486486
51,54,6.34598,0.0477561
51,55,6.35148,0.047217
51,56,6.35589,0.0465899
51,57,6.35343,0.0458458
51,58,6.35636,0.0451576
51,59,6.35782,0.0444225
51,60,6.36236,0.0439239
51,61,6.36634,0.0433921
51,62,6.36535,0.0427093
51,63,6.37229,0.0426061
51,64,6.37242,0.0419457
51,65,6.37501,0.0413858
51,66,6.37554,0.040767
51,67,6.37953,0.0403604
51,68,6.37773,0.0398116
51,69,6.37584,0.0392846
51,70,6.37764,0.0387694
51,71,6.38386,0.0387293
51,72,6.37941,0.0384531
51,73,6.38082,0.037956
51,74,6.37539,0.0378373
51,75,6.37241,0.0374555
51,76,6.37331,0.0369769
51,77,6.37947,0.0370166
51,78,6.38345,0.0367614
51,79,6.39003,0.0368893
51,80,6.39054,0.0364346
51,81,6.39288,0.0360636
51,82,6.39125,0.0356635
51,83,6.38794,0.0353919
51,84,6.38591,0.035032
51,85,6.39045,0.0349193
51,86,6.39166,0.0345366
51,87,6.38223,0.0354183
51,88,6.38263,0.0350203
51,89,6.38023,0.0347117
51,90,6.38259,0.0344087
51,91,6.38181,0.0340416
51,92,6.38012,0.0337156
51,93,6.37676,0.033524
51,94,6.38081,0.0334152
51,95,6.38157,0.0330742
51,96,6.38392,0.0328153
51,97,6.38514,0.0325019
51,98,6.38206,0.0323195
51,99,6.38415,0.032063
52,0,6.75854,0
52,1,6.53129,0.227258
52,2,6.53459,0.131249
52,3,6.42123,0.146502
52,4,6.48106,0.128288
52,5,6.58716,0.14909
52,6,6.49642,0.155276
52,7,6.50168,0.134576
52,8,6.5042,0.118712
52,9,6.54109,0.112403
52,10,6.59742,0.116234
52,11,6.57166,0.109187
52,12,6.59822,0.103889
52,13,6.60957,0.0968499
52,14,6.64147,0.0956419
52,15,6.62229,0.0914977
52,16,6.62725,0.0860898
52,17,6.59928,0.0858488
52,18,6.5897,0.081769
52,19,6.57744,0.0785355
52,20,6.5791,0.0747208
52,21,6.5968,0.073409
52,22,6.58215,0.0716591
52,23,6.54026,0.0803832
52,24,6.52508,0.0785811
52,25,6.5087,0.0772545
52,26,6.49643,0.0753453
52,27,6.4871,0.0732008
52,28,6.49027,0.0707025
52,29,6.49884,0.0688406
52,30,6.48168,0.0687573
52,31,6.4586,0.0704613
52,32,6.45934,0.0682966
52,33,6.46754,0.0667635
52,34,6.45275,0.0664943
52,35,6.46501,0.0657744
52,36,6.45977,0.0641862
52,37,6.46026,0.0624762
52,38,6.45003,0.061708
52,39,6.44813,0.0601755
52,40,6.44942,0.0587037
52,41,6.43793,0.0584301
52,42,6.42262,0.0590734
52,43,6.42288,0.0577158
52,44,6.41609,0.0568263
52,45,6.40885,0.056047
52,46,6.40088,0.0554165
52,47,6.40061,0.0542504
52,48,6.39603,0.0533289
52,49,6.39565,0.0522528
52,50,6.39073,0.0514543
52,51,6.39602,0.0507321
52,52,6.4031,0.0502666
52,53,6.40831,0.0496013
52,54,6.40792,0.0486927
52,55,6.41465,0.0482879
52,56,6.41865,0.0476013
52,57,6.41608,0.046844
52,58,6.41863,0.0461135
52,59,6.42212,0.0454725
52,60,6.42616,0.0449032
52,61,6.43048,0.0443842
52,62,6.43101,0.0436771
52,63,6.43802,0.0435586
52,64,6.43833,0.0428842
52,65,6.43905,0.0422357
52,66,6.43862,0.0416028
52,67,6.44481,0.041451
52,68,6.44405,0.0408528
52,69,6.44118,0.040367
52,70,6.44156,0.0397962
52,71,6.44895,0.0399298
52,72,6.44336,0.0397738
52,73,6.44485,0.0392609
52,74,6.4391,0.0391582
52,75,6.43692,0.0387007
52,76,6.4361,0.0382036
52,77,6.44157,0.0381054
52,78,6.44594,0.0378725
52,79,6.45242,0.0379535
52,80,6.45336,0.0374937
52,81,6.45548,0.0370946
52,82,6.45498,0.0366485
52,83,6.45114,0.0364126
52,84,6.44975,0.0360085
52,85,6.45274,0.0357128
52,86,6.45418,0.0353293
52,87,6.44316,0.0366219
52,88,6.44397,0.0362171
52,89,6.442,0.0358668
52,90,6.44313,0.0354887
52,91,6.44207,0.0351171
52,92,6.44081,0.0347603
52,93,6.43715,0.034582
52,94,6.4411,0.0344429
52,95,6.44207,0.0340959
52,96,6.44386,0.0337899
52,97,6.44474,0.0334552
52,98,6.44181,0.0332451
52,99,6.44557,0.0331255
53,0,6.79029,0
53,1,6.51572,0.27457
53,2,6.53439,0.159619
53,3,6.43777,0.148575
53,4,6.49757,0.129693
53,5,6.60353,0.149804
53,6,6.52686,0.148013
53,7,6.53421,0.128394
53,8,6.53458,0.113233
53,9,6.57604,0.109438
53,10,6.63733,0.11643
53,11,6.61343,0.10894
53,12,6.64275,0.104412
53,13,6.65631,0.0976139
53,14,6.6951,0.0988043
53,15,6.67618,0.0943395
53,16,6.68019,0.088707
53,17,6.65329,0.087851
53,18,6.64307,0.0837253
53,19,6.63732,0.0796362
53,20,6.63375,0.0758333
53,21,6.65224,0.0746299
53,22,6.64091,0.072206
53,23,6.59946,0.0806051
53,24,6.58206,0.0792468
53,25,6.56557,0.0779047
53,26,6.55522,0.075674
53,27,6.54286,0.0739618
53,28,6.54802,0.0715523
53,29,6.55777,0.0698105
53,30,6.54148,0.0694604
53,31,6.52007,0.0705783
53,32,6.51968,0.0684073
53,33,6.52562,0.0666304
53,34,6.51249,0.0660167
53,35,6.52392,0.0651671
53,36,6.51973,0.0635202
53,37,6.51917,0.0618286
53,38,6.50785,0.0612768
53,39,6.50537,0.0597765
53,40,6.50578,0.0583018
53,41,6.49789,0.0574408
53,42,6.48376,0.0578429
53,43,6.4847,0.0565208
53,44,6.47802,0.0556523
53,45,6.47213,0.0547469
53,46,6.46488,0.0540573
53,47,6.46556,0.0529235
53,48,6.46185,0.0519643
53,49,6.4611,0.05092
53,50,6.45744,0.0500456
53,51,6.46299,0.0493869
53,52,6.47052,0.049027
53,53,6.47544,0.0483615
53,54,6.4752,0.0474747
53,55,6.48185,0.0470905
53,56,6.48626,0.0464662
53,57,6.48374,0.045727
53,58,6.48795,0.0451415
53,59,6.4914,0.0445165
53,60,6.4961,0.0440329
53,61,6.49919,0.0434265
53,62,6.49914,0.0427316
53,63,6.50584,0.0425877
53,64,6.50661,0.0419346
53,65,6.50655,0.0412944
53,66,6.50587,0.040679
53,67,6.51239,0.0406025
53,68,6.50954,0.0401112
53,69,6.50684,0.0396261
53,70,6.50664,0.0390645
53,71,6.51257,0.0389728
53,72,6.50598,0.0389957
53,73,6.50634,0.0384668
53,74,6.49993,0.0384879
53,75,6.4977,0.0380438
53,76,6.49751,0.037547
53,77,6.50273,0.0374288
53,78,6.50657,0.0371501
53,79,6.51446,0.0375232
53,80,6.51434,0.0370573
53,81,6.51838,0.0368254
53,82,6.5187,0.0363804
53,83,6.51458,0.0361798
53,84,6.51352,0.0357673
53,85,6.518,0.0356316
53,86,6.51974,0.0352628
53,87,6.50767,0.0368916
53,88,6.50755,0.0364749
53,89,6.50551,0.036125
53,90,6.5062,0.0357325
53,91,6.50578,0.0353445
53,92,6.50494,0.0349725
53,93,6.50144,0.0347747
53,94,6.5056,0.0346566
53,95,6.50575,0.034294
53,96,6.50762,0.0339898
53,97,6.50844,0.0336512
53,98,6.50475,0.0335133
53,99,6.50815,0.0333506
54,0,6.80034,0
54,1,6.59204,0.208309
54,2,6.60278,0.120746
54,3,6.54168,0.104989
54,4,6.59102,0.0951189
54,5,6.69449,0.129378
54,6,6.59939,0.144911
54,7,6.59434,0.125599
54,8,6.59277,0.110779
54,9,6.627,0.104828
54,10,6.68457,0.110934
54,11,6.66498,0.103146
54,12,6.69964,0.101014
54,13,6.7109,0.0941958
54,14,6.74751,0.0950271
54,15,6.72566,0.0915366
54,16,6.72445,0.0859921
54,17,6.69803,0.0852714
54,18,6.68619,0.0815227
54,19,6.68555,0.0773419
54,20,6.68622,0.0735699
54,21,6.70649,0.0730172
54,22,6.6944,0.0708101
54,23,6.6558,0.0780156
54,24,6.63973,0.0765357
54,25,6.62405,0.0751867
54,26,6.61941,0.0724968
54,27,6.60616,0.0711059
54,28,6.61115,0.0687915
54,29,6.6177,0.0667812
54,30,6.60141,0.0666133
54,31,6.58266,0.0671685
54,32,6.58224,0.0651026
54,33,6.58756,0.0633826
54,34,6.57242,0.0633788
54,35,6.5816,0.0622734
54,36,6.57526,0.0608986
54,37,6.57425,0.0592828
54,38,6.56037,0.0593885
54,39,6.55704,0.0579804
54,40,6.55977,0.0566142
54,41,6.55227,0.055756
54,42,6.53808,0.0562629
54,43,6.53872,0.054973
54,44,6.53197,0.0541588
54,45,6.52532,0.0533849
54,46,6.51759,0.0528052
54,47,6.51943,0.0517261
54,48,6.51566,0.050799
54,49,6.51602,0.0497739
54,50,6.51398,0.0488306
54,51,6.51655,0.0479508
54,52,6.52308,0.0474888
54,53,6.52906,0.0469837
54,54,6.53243,0.0462443
54,55,6.5398,0.0460052
54,56,6.54206,0.0452476
54,57,6.54005,0.044506
54,58,6.5432,0.0438577
54,59,6.5469,0.0432798
54,60,6.54944,0.0426401
54,61,6.55294,0.042092
54,62,6.55213,0.0414265
54,63,6.55956,0.0414472
54,64,6.56022,0.0408099
54,65,6.56179,0.0402172
54,66,6.56284,0.0396265
54,67,6.56664,0.0392237
54,68,6.56225,0.0388994
54,69,6.5603,0.0383895
54,70,6.5609,0.0378498
54,71,6.56717,0.0378434
54,72,6.55878,0.0382524
54,73,6.55881,0.0377319
54,74,6.55292,0.0376889
54,75,6.55085,0.0372475
54,76,6.55111,0.0367615
54,77,6.55584,0.0365936
54,78,6.55918,0.0362816
54,79,6.56602,0.0364729
54,80,6.56594,0.0360199
54,81,6.56937,0.0357423
54,82,6.57108,0.0353503
54,83,6.56831,0.0350359
54,84,6.56787,0.0346242
54,85,6.57299,0.0346003
54,86,6.57428,0.0342245
54,87,6.56237,0.0358694
54,88,6.56304,0.0354704
54,89,6.56083,0.0351433
54,90,6.56242,0.0347913
54,91,6.56296,0.0344152
54,92,6.56159,0.0340704
54,93,6.55752,0.0339508
54,94,6.56193,0.0338785
54,95,6.56296,0.0335398
54,96,6.56424,0.0332167
54,97,6.56526,0.0328918
54,98,6.5619,0.0327307
54,99,6.56493,0.0325431
55,0,6.78427,0
55,1,6.57926,0.205004
55,2,6.62764,0.127863
55,3,6.59009,0.097902
55,4,6.61979,0.0814453
55,5,6.73811,0.13573
55,6,6.64343,0.148742
55,7,6.63878,0.128898
55,8,6.63843,0.113678
55,9,6.67749,0.108921
55,10,6.74167,0.117585
55,11,6.72394,0.108795
55,12,6.76209,0.107103
55,13,6.77861,0.100524
55,14,6.80985,0.0986619
55,15,6.7863,0.0952472
55,16,6.7832,0.0895228
55,17,6.76063,0.0873694
55,18,6.75223,0.0830695
55,19,6.74909,0.078869
55,20,6.74798,0.0750276
55,21,6.7645,0.0734179
55,22,6.75775,0.0704767
55,23,6.71873,0.0779484
55,24,6.7015,0.0767249
55,25,6.68783,0.0749719
55,26,6.68155,0.0724146
55,27,6.67097,0.0705782
55,28,6.67637,0.0683149
55,29,6.68162,0.0662069
55,30,6.66373,0.0664865
55,31,6.64389,0.0673633
55,32,6.6447,0.0652952
55,33,6.64715,0.0633928
55,34,6.62851,0.0643133
55,35,6.6413,0.0637958
55,36,6.6369,0.0622036
55,37,6.63817,0.0605578
55,38,6.62385,0.0606967
55,39,6.61707,0.0595477
55,40,6.62088,0.058202
55,41,6.6134,0.0572895
55,42,6.60063,0.0573804
55,43,6.60065,0.0560611
55,44,6.59149,0.0555613
55,45,6.5841,0.0548402
55,46,6.57693,0.0541385
55,47,6.57768,0.0530039
55,48,6.57323,0.0521012
55,49,6.57477,0.0510718
55,50,6.57128,0.0501818
55,51,6.57163,0.0492086
55,52,6.57944,0.0488989
55,53,6.58696,0.0485701
55,54,6.58966,0.0477552
55,55,6.59879,0.0477755
55,56,6.60133,0.0469984
55,57,6.6,0.0462001
55,58,6.60348,0.0455439
55,59,6.60848,0.0450564
55,60,6.61244,0.0444877
55,61,6.61586,0.0438977
55,62,6.61588,0.0431953
55,63,6.62283,0.0430796
55,64,6.62263,0.0424121
55,65,6.62366,0.0417771
55,66,6.62404,0.0411506
55,67,6.62766,0.040702
55,68,6.62269,0.0404146
55,69,6.6219,0.0398409
55,70,6.62149,0.0392779
55,71,6.62782,0.0392426
55,72,6.61911,0.0396689
55,73,6.62078,0.0391649
55,74,6.61452,0.0391437
55,75,6.61145,0.0387472
55,76,6.61296,0.0382706
55,77,6.61753,0.0380521
55,78,6.61972,0.0376308
55,79,6.62572,0.0376401
55,80,6.62727,0.0372046
55,81,6.62977,0.0368333
55,82,6.63227,0.0364724
55,83,6.62898,0.0361858
55,84,6.62848,0.0357611
55,85,6.63383,0.0357452
55,86,6.63683,0.0354591
55,87,6.62624,0.0366184
55,88,6.62524,0.0362184
55,89,6.62279,0.0358971
55,90,6.62445,0.035539
55,91,6.62468,0.0351514
55,92,6.62348,0.0347921
55,93,6.6186,0.0347642
55,94,6.62335,0.0347228
55,95,6.62417,0.0343688
55,96,6.62536,0.0340337
55,97,6.62676,0.0337135
55,98,6.62482,0.0334271
55,99,6.62787,0.0332311
56,0,6.86778,0
56,1,6.64551,0.22227
56,2,6.65508,0.128684
56,3,6.64769,0.0912926
56,4,6.67155,0.0746318
56,5,6.80342,0.145262
56,6,6.71338,0.152244
56,7,6.70035,0.132489
56,8,6.68612,0.117709
56,9,6.72541,0.112375
56,10,6.78685,0.118774
56,11,6.76799,0.110054
56,12,6.81784,0.112843
56,13,6.83415,0.105737
56,14,6.85699,0.101052
56,15,6.83022,0.0982438
56,16,6.82445,0.0924645
56,17,6.80329,0.0897064
56,18,6.79348,0.0854195
56,19,6.78624,0.0813584
56,20,6.79069,0.077515
56,21,6.81013,0.0764218
56,22,6.80779,0.0730612
56,23,6.76509,0.0819531
56,24,6.74816,0.0804094
56,25,6.73479,0.0784019
56,26,6.72458,0.0761299
56,27,6.71366,0.0741693
56,28,6.72148,0.0719922
56,29,6.72694,0.0697646
56,30,6.71286,0.0689289
56,31,6.69849,0.0682693
56,32,6.70049,0.0661983
56,33,6.70312,0.0642756
56,34,6.68734,0.0643753
56,35,6.70332,0.064569
56,36,6.69904,0.0629451
56,37,6.69861,0.0612678
56,38,6.68458,0.0613014
56,39,6.67807,0.0601036
56,40,6.68123,0.0587048
56,41,6.67485,0.0576441
56,42,6.66075,0.0580279
56,43,6.65656,0.056848
56,44,6.64606,0.0565538
56,45,6.63788,0.0559133
56,46,6.62941,0.0553617
56,47,6.62935,0.0541961
56,48,6.62387,0.0533613
56,49,6.62373,0.0522834
56,50,6.61897,0.0514688
56,51,6.62067,0.050498
56,52,6.62836,0.0501299
56,53,6.63432,0.0495518
56,54,6.63732,0.0487352
56,55,6.64859,0.0491667
56,56,6.65111,0.0483621
56,57,6.65201,0.0475295
56,58,6.65793,0.0470901
56,59,6.66442,0.0467507
56,60,6.67038,0.0463631
56,61,6.67161,0.0456256
56,62,6.67133,0.0448964
56,63,6.67772,0.044649
56,64,6.67696,0.0439633
56,65,6.677,0.0432921
56,66,6.67698,0.042641
56,67,6.6795,0.0420847
56,68,6.67512,0.041701
56,69,6.67474,0.0411027
56,70,6.67465,0.0405197
56,71,6.67917,0.0402077
56,72,6.67171,0.0403488
56,73,6.67481,0.0399202
56,74,6.66956,0.0397327
56,75,6.66592,0.0393752
56,76,6.66746,0.0388911
56,77,6.67197,0.0386533
56,78,6.67481,0.0382662
56,79,6.68129,0.0383367
56,80,6.68213,0.0378697
56,81,6.68427,0.0374663
56,82,6.68641,0.0370743
56,83,6.68214,0.0368793
56,84,6.68218,0.0364429
56,85,6.68782,0.0364542
56,86,6.69034,0.036121
56,87,6.68109,0.0368862
56,88,6.67998,0.0364864
56,89,6.67776,0.0361467
56,90,6.67991,0.0358119
56,91,6.67929,0.0354259
56,92,6.67769,0.0350795
56,93,6.67171,0.035216
56,94,6.67639,0.0351567
56,95,6.67743,0.0348041
56,96,6.67741,0.0344434
56,97,6.6787,0.0341144
56,98,6.67739,0.0337933
56,99,6.68011,0.0335638
57,0,6.91912,0
57,1,6.69999,0.219134
57,2,6.75306,0.1372
57,3,6.73104,0.0994826
57,4,6.75787,0.0815965
57,5,6.87253,0.132603
57,6,6.77356,0.149511
57,7,6.76475,0.12978
57,8,6.76517,0.114456
57,9,6.78902,0.105115
57,10,6.85283,0.114505
57,11,6.8273,0.107599
57,12,6.87109,0.108229
57,13,6.89209,0.102379
57,14,6.91321,0.0976214
57,15,6.89287,0.0935555
57,16,6.89111,0.0878978
57,17,6.87243,0.0849482
57,18,6.864,0.080794
57,19,6.85254,0.0775
57,20,6.85984,0.0740779
57,21,6.88056,0.0736057
57,22,6.87637,0.0704576
57,23,6.83199,0.0807486
57,24,6.81522,0.0792464
57,25,6.80105,0.077444
57,26,6.79083,0.0752183
57,27,6.78071,0.0731844
57,28,6.78776,0.0709665
57,29,6.78986,0.0685923
57,30,6.77657,0.0676612
57,31,6.7588,0.067878
57,32,6.76111,0.0658293
57,33,6.76285,0.0638874
57,34,6.74701,0.0640254
57,35,6.7616,0.0639094
57,36,6.75441,0.0625718
57,37,6.7522,0.0609432
57,38,6.73958,0.0606851
57,39,6.73234,0.0595909
57,40,6.7376,0.0583567
57,41,6.73017,0.057432
57,42,6.71506,0.0580801
57,43,6.71347,0.0567671
57,44,6.70365,0.0563527
57,45,6.69398,0.0559569
57,46,6.68439,0.0555861
57,47,6.6831,0.054431
57,48,6.6788,0.0534821
57,49,6.68003,0.0524162
57,50,6.67663,0.0514909
57,51,6.67957,0.0505766
57,52,6.68568,0.0499873
57,53,6.69165,0.0494153
57,54,6.69566,0.0486744
57,55,6.70611,0.048926
57,56,6.70794,0.0480946
57,57,6.70848,0.0472612
57,58,6.71556,0.0469902
57,59,6.72157,0.0465898
57,60,6.72905,0.0464252
57,61,6.73016,0.0456837
57,62,6.7305,0.044954
57,63,6.73782,0.0448474
57,64,6.73911,0.0441708
57,65,6.74035,0.0435141
57,66,6.73826,0.0429106
57,67,6.74339,0.0425843
57,68,6.73909,0.0421825
57,69,6.73914,0.0415755
57,70,6.74073,0.0410168
57,71,6.7462,0.0408106
57,72,6.73736,0.0412062
57,73,6.74043,0.0407611
57,74,6.73193,0.0411019
57,75,6.72733,0.0408182
57,76,6.72882,0.0403123
57,77,6.73212,0.0399288
57,78,6.73361,0.0394484
57,79,6.74087,0.0396213
57,80,6.74098,0.0391293
57,81,6.74273,0.0386888
57,82,6.74527,0.0383039
57,83,6.74156,0.038026
57,84,6.74054,0.0375898
57,85,6.74651,0.0376263
57,86,6.74873,0.0372574
57,87,6.74048,0.0377424
57,88,6.73918,0.0373388
57,89,6.73682,0.036997
57,90,6.73956,0.0366912
57,91,6.73913,0.0362927
57,92,6.73844,0.0359069
57,93,6.7332,0.0359072
57,94,6.73815,0.0358698
57,95,6.73912,0.0355073
57,96,6.74019,0.0351559
57,97,6.7426,0.0348782
57,98,6.74052,0.0345867
57,99,6.74247,0.0342946
58,0,7.01881,0
58,1,6.81291,0.205907
58,2,6.81558,0.11891
58,3,6.78313,0.0901273
58,4,6.8206,0.0792286
58,5,6.91853,0.117375
58,6,6.83729,0.128222
58,7,6.83985,0.111073
58,8,6.84422,0.0980543
58,9,6.858,0.0887778
58,10,6.92703,0.105894
58,11,6.89226,0.102731
58,12,6.93084,0.102072
58,13,6.95397,0.0972892
58,14,6.97566,0.0931325
58,15,6.95453,0.0896439
58,16,6.9527,0.0842256
58,17,6.93212,0.0820317
58,18,6.92636,0.077808
58,19,6.92075,0.0740281
58,20,6.92889,0.0708838
58,21,6.94921,0.0705745
58,22,6.94056,0.0679889
58,23,6.89633,0.0787009
58,24,6.87765,0.0777633
58,25,6.86389,0.0759687
58,26,6.85332,0.0738619
58,27,6.84121,0.072198
58,28,6.84481,0.069757
58,29,6.84875,0.067507
58,30,6.83456,0.0668183
58,31,6.81583,0.0673526
58,32,6.82035,0.0654359
58,33,6.82181,0.063499
58,34,6.80537,0.0638121
58,35,6.82088,0.063925
58,36,6.81411,0.0625417
58,37,6.81215,0.060905
58,38,6.80089,0.0603827
58,39,6.79175,0.0595586
58,40,6.79864,0.0584947
58,41,6.78781,0.0581024
58,42,6.77405,0.0583799
58,43,6.77353,0.05704
58,44,6.76125,0.0570954
58,45,6.75046,0.0568737
58,46,6.74305,0.0561417
58,47,6.74256,0.0549618
58,48,6.73789,0.0540308
58,49,6.73858,0.0529436
58,50,6.73335,0.0521575
58,51,6.7366,0.0512475
58,52,6.74311,0.0506914
58,53,6.74898,0.0500895
58,54,6.75281,0.0493191
58,55,6.76119,0.0491501
58,56,6.76292,0.0483111
58,57,6.76385,0.0474799
58,58,6.77144,0.0472817
58,59,6.77825,0.0469823
58,60,6.78543,0.0467613
58,61,6.78747,0.0460458
58,62,6.7887,0.0453259
58,63,6.79556,0.0451361
58,64,6.79671,0.0444513
58,65,6.79833,0.0438027
58,66,6.79637,0.0431888
58,67,6.80295,0.0430558
58,68,6.79661,0.0428982
58,69,6.79558,0.0422935
58,70,6.79628,0.0416993
58,71,6.8031,0.0416779
58,72,6.79473,0.0419454
58,73,6.79726,0.0414519
58,74,6.78824,0.0418784
58,75,6.78346,0.0415991
58,76,6.78307,0.0410572
58,77,6.78604,0.0406366
58,78,6.78794,0.0401638
58,79,6.79532,0.0403394
58,80,6.79591,0.0398427
58,81,6.79754,0.0393874
58,82,6.79916,0.0389439
58,83,6.79587,0.0386182
58,84,6.79433,0.0381924
58,85,6.80033,0.0382209
58,86,6.80189,0.0378111
58,87,6.79379,0.0382458
58,88,6.79293,0.0378235
58,89,6.79083,0.0374599
58,90,6.79232,0.0370761
58,91,6.79401,0.0367098
58,92,6.79381,0.0363135
58,93,6.78841,0.0363286
58,94,6.79357,0.0363128
58,95,6.79369,0.0359327
58,96,6.7947,0.0355748
58,97,6.79764,0.0353323
58,98,6.79502,0.0350712
58,99,6.79637,0.0347448
59,0,7.01964,0
59,1,6.85476,0.164875
59,2,6.87877,0.0981719
59,3,6.84903,0.075521
59,4,6.87175,0.0627548
59,5,6.97891,0.118775
59,6,6.88852,0.135078
59,7,6.90189,0.117743
59,8,6.90589,0.103916
59,9,6.92265,0.0944453
59,10,7.00292,0.117222
59,11,6.96518,0.113471
59,12,6.99532,0.108643
59,13,7.01192,0.101945
59,14,7.03177,0.0969579
59,15,7.01124,0.0929885
59,16,7.01091,0.0873481
59,17,6.9933,0.0842151
59,18,6.9873,0.0798851
59,19,6.98342,0.0758851
59,20,6.99155,0.0726374
59,21,7.00846,0.0712924
59,22,6.99426,0.0695856
59,23,6.95085,0.0795172
59,24,6.93151,0.0786857
59,25,6.91941,0.0765601
59,26,6.91402,0.0738668
59,27,6.90164,0.0722488
59,28,6.9068,0.0699036
59,29,6.9122,0.067749
59,30,6.89653,0.0673752
59,31,6.87892,0.0675708
59,32,6.88581,0.0658523
59,33,6.88443,0.063901
59,34,6.86629,0.0646468
59,35,6.88126,0.0645844
59,36,6.87238,0.0634385
59,37,6.86809,0.0618953
59,38,6.85426,0.0618547
59,39,6.84629,0.0608124
59,40,6.8531,0.0596997
59,41,6.84458,0.0588797
59,42,6.83142,0.0589808
59,43,6.82987,0.0576457
59,44,6.81662,0.0578882
59,45,6.80504,0.0577873
59,46,6.7973,0.0570717
59,47,6.79691,0.0558714
59,48,6.79076,0.0550634
59,49,6.78918,0.0539741
59,50,6.78506,0.053066
59,51,6.79086,0.0523582
59,52,6.79737,0.051772
59,53,6.80275,0.0510883
59,54,6.80679,0.0503127
59,55,6.81555,0.0501769
59,56,6.81826,0.0493632
59,57,6.81892,0.0485092
59,58,6.82406,0.0479559
59,59,6.82995,0.0475158
59,60,6.83873,0.0475482
59,61,6.84095,0.046828
59,62,6.8416,0.0460832
59,63,6.85077,0.0462769
59,64,6.85404,0.0456761
59,65,6.85584,0.0450148
59,66,6.85386,0.0443822
59,67,6.86022,0.0441858
59,68,6.85418,0.0439584
59,69,6.85344,0.0433321
59,70,6.85304,0.0427194
59,71,6.85922,0.0425734
59,72,6.85121,0.0427441
59,73,6.85478,0.0423136
59,74,6.846,0.0426591
59,75,6.84098,0.0423928
59,76,6.84023,0.0418452
59,77,6.84252,0.0413686
59,78,6.84536,0.0409403
59,79,6.85167,0.0409147
59,80,6.85165,0.0404064
59,81,6.85417,0.0399899
59,82,6.85489,0.0395116
59,83,6.85076,0.0392557
59,84,6.84927,0.0388197
59,85,6.85613,0.0389746
59,86,6.85723,0.0385396
59,87,6.84845,0.0390971
59,88,6.84738,0.0386702
59,89,6.84547,0.0382856
59,90,6.84761,0.037923
59,91,6.8489,0.0375307
59,92,6.84908,0.0371253
59,93,6.84469,0.0369893
59,94,6.84978,0.0369502
59,95,6.85041,0.0365686
59,96,6.85106,0.0361956
59,97,6.85373,0.0359235
59,98,6.85035,0.0357185
59,99,6.85213,0.035404
60,0,7.12529,0
60,1,6.9409,0.184386
60,2,6.93361,0.106705
60,3,6.90063,0.0823464
60,4,6.94011,0.0750187
60,5,7.04904,0.124972
60,6,6.95849,0.139127
60,7,6.97348,0.121417
60,8,6.97216,0.107088
60,9,6.98807,0.0970959
60,10,7.06588,0.117332
60,11,7.03219,0.112283
60,12,7.0627,0.107697
60,13,7.07189,0.100131
60,14,7.08928,0.0948252
60,15,7.07458,0.0899105
60,16,7.0789,0.0845667
60,17,7.06264,0.0813726
60,18,7.06169,0.0769766
60,19,7.0586,0.0730918
60,20,7.06485,0.0698045
60,21,7.0844,0.0693671
60,22,7.07697,0.0666978
60,23,7.03234,0.0779038
60,24,7.01403,0.0769341
60,25,7.00126,0.0750119
60,26,6.99741,0.0722829
60,27,6.98296,0.0711364
60,28,6.98428,0.0686524
60,29,6.98981,0.0665549
60,30,6.97778,0.0654873
60,31,6.95502,0.0673669
60,32,6.95746,0.0653391
60,33,6.95579,0.0634105
60,34,6.93776,0.0641556
60,35,6.95478,0.0646279
60,36,6.94357,0.0638475
60,37,6.94076,0.0622084
60,38,6.92568,0.0624397
60,39,6.91609,0.0616102
60,40,6.92315,0.0605022
60,41,6.91476,0.0596366
60,42,6.90156,0.0597115
60,43,6.89882,0.0584029
60,44,6.88649,0.0584064
60,45,6.87521,0.058227
60,46,6.86673,0.0576013
60,47,6.86535,0.0564055
60,48,6.85889,0.0556179
60,49,6.8561,0.0545659
60,50,6.8536,0.0535436
60,51,6.85693,0.0526094
60,52,6.86308,0.0519723
60,53,6.86841,0.0512783
60,54,6.87292,0.0505392
60,55,6.88249,0.0505425
60,56,6.88346,0.0496573
60,57,6.88291,0.0487967
60,58,6.88602,0.0480629
60,59,6.89051,0.0474676
60,60,6.8993,0.0475039
60,61,6.90212,0.0468162
60,62,6.90232,0.0460676
60,63,6.91263,0.0464991
60,64,6.91574,0.0458834
60,65,6.91806,0.0452426
60,66,6.91538,0.0446429
60,67,6.92165,0.0444269
60,68,6.91554,0.0442037
60,69,6.91489,0.0435724
60,70,6.91621,0.0429748
60,71,6.92179,0.0427394
60,72,6.91486,0.0427154
60,73,6.91775,0.0422328
60,74,6.90932,0.0425092
60,75,6.90494,0.0421748
60,76,6.90338,0.0416526
60,77,6.90473,0.0411371
60,78,6.90723,0.0406902
60,79,6.91471,0.040868
60,80,6.91489,0.0403607
60,81,6.91775,0.039968
60,82,6.91811,0.0394852
60,83,6.91387,0.0392422
60,84,6.91285,0.0387913
60,85,6.9186,0.0387658
60,86,6.9211,0.0383997
60,87,6.91157,0.0391388
60,88,6.90956,0.0387489
60,89,6.90756,0.0383681
60,90,6.90922,0.0379804
60,91,6.91094,0.0376044
60,92,6.90996,0.0372105
60,93,6.90606,0.037019
60,94,6.91147,0.0370246
60,95,6.91227,0.0366456
60,96,6.9131,0.0362754
60,97,6.91516,0.0359626
60,98,6.91198,0.0357401
60,99,6.91286,0.035392
61,0,7.13725,0
61,1,6.98456,0.152688
61,2,6.98503,0.0881556
61,3,6.93903,0.0774727
61,4,6.98004,0.0726857
61,5,7.0937,0.128222
61,6,7.00438,0.140431
61,7,7.02726,0.123749
61,8,7.03697,0.109568
61,9,7.05296,0.0992953
61,10,7.13372,0.120791
61,11,7.10553,0.113814
61,12,7.13086,0.107714
61,13,7.14236,0.100384
61,14,7.16134,0.0953604
61,15,7.14953,0.0899791
61,16,7.15796,0.0849395
61,17,7.13344,0.0837499
61,18,7.13507,0.0792361
61,19,7.13353,0.0751858
61,20,7.13667,0.0715851
61,21,7.15375,0.0703578
61,22,7.14229,0.068198
61,23,7.09507,0.0805833
61,24,7.07506,0.07984
61,25,7.06201,0.0778104
61,26,7.06142,0.0748754
61,27,7.04952,0.0731265
61,28,7.05104,0.0705762
61,29,7.05346,0.0682261
61,30,7.04461,0.0665802
61,31,7.024,0.0676785
61,32,7.02524,0.0656073
61,33,7.02532,0.0636484
61,34,7.00546,0.0649162
61,35,7.01974,0.0646835
61,36,7.00872,0.0638686
61,37,7.00473,0.0622932
61,38,6.98913,0.0626481
61,39,6.98025,0.0617039
61,40,6.98411,0.0603033
61,41,6.97581,0.0594325
61,42,6.96126,0.0598292
61,43,6.95769,0.0585623
61,44,6.9461,0.0584088
61,45,6.93439,0.0583132
61,46,6.92327,0.0581324
61,47,6.92118,0.0569465
61,48,6.91543,0.0560684
61,49,6.91353,0.0549683
61,50,6.91137,0.0539229
61,51,6.9144,0.052962
61,52,6.92194,0.0524979
61,53,6.92658,0.0517255
61,54,6.93019,0.050904
61,55,6.93909,0.0507742
61,56,6.94016,0.0498869
61,57,6.93977,0.0490208
61,58,6.94379,0.0483506
61,59,6.94844,0.0477644
61,60,6.95659,0.0476777
61,61,6.95732,0.0469079
61,62,6.95763,0.0461585
61,63,6.96804,0.0466084
61,64,6.97131,0.0460023
61,65,6.97366,0.0453608
61,66,6.97162,0.0447253
61,67,6.97809,0.0445351
61,68,6.97331,0.0441452
61,69,6.97283,0.0435125
61,70,6.9739,0.0429084
61,71,6.97829,0.0425363
61,72,6.97108,0.0425661
61,73,6.97447,0.0421236
61,74,6.96585,0.0424413
61,75,6.9612,0.0421369
61,76,6.9584,0.04168
61,77,6.95909,0.0411479
61,78,6.96103,0.0406699
61,79,6.96717,0.0406256
61,80,6.96726,0.0401211
61,81,6.96917,0.0396749
61,82,6.96951,0.0391954
61,83,6.96545,0.0389375
61,84,6.9633,0.0385369
61,85,6.96847,0.0384353
61,86,6.97051,0.0380456
61,87,6.96067,0.0388768
61,88,6.95959,0.0384526
61,89,6.95748,0.0380813
61,90,6.96042,0.0377748
61,91,6.9624,0.0374145
61,92,6.96358,0.0370289
61,93,6.95957,0.036852
61,94,6.96416,0.0367502
61,95,6.96551,0.0363903
61,96,6.96594,0.0360158
61,97,6.96785,0.0356977
61,98,6.96513,0.0354405
61,99,6.96776,0.0351831
62,0,7.21537,0
62,1,7.06289,0.15248
62,2,7.05854,0.0881419
62,3,6.99615,0.0881824
62,4,7.02382,0.0736967
62,5,7.15098,0.140681
62,6,7.05845,0.150661
62,7,7.08381,0.132919
62,8,7.09078,0.117431
62,9,7.11346,0.107453
62,10,7.19962,0.129885
62,11,7.16305,0.124079
62,12,7.17819,0.115136
62,13,7.19132,0.1074
62,14,7.2074,0.101269
62,15,7.18547,0.0972315
62,16,7.19095,0.0914972
62,17,7.16811,0.0892366
62,18,7.17141,0.0844737
62,19,7.1723,0.0801437
62,20,7.17781,0.0764304
62,21,7.19613,0.0751414
62,22,7.18971,0.0720868
62,23,7.14555,0.0819327
62,24,7.12262,0.0818643
62,25,7.10794,0.080011
62,26,7.11127,0.0770625
62,27,7.10415,0.0745996
62,28,7.10942,0.0721739
62,29,7.10805,0.0697402
62,30,7.09872,0.0680947
62,31,7.07632,0.0696346
62,32,7.07564,0.0674949
62,33,7.07604,0.0654809
62,34,7.05763,0.0661944
62,35,7.07456,0.0665203
62,36,7.06081,0.0661433
62,37,7.05944,0.0643938
62,38,7.04554,0.0642413
62,39,7.03748,0.0631314
62,40,7.04173,0.0617186
62,41,7.03225,0.0609713
62,42,7.02038,0.0607089
62,43,7.01567,0.0594998
62,44,7.00331,0.0594614
62,45,6.99103,0.059438
62,46,6.98051,0.0591025
62,47,6.97766,0.0579283
62,48,6.97381,0.056864
62,49,6.97303,0.0557206
62,50,6.96999,0.0547015
62,51,6.97437,0.0538175
62,52,6.98085,0.053189
62,53,6.98405,0.0522926
62,54,6.98589,0.0513659
62,55,6.99488,0.0512359
62,56,6.99587,0.0503387
62,57,6.99359,0.0495157
62,58,6.99775,0.048847
62,59,7.00214,0.0482261
62,60,7.00923,0.0479562
62,61,7.01157,0.047234
62,62,7.01226,0.0464834
62,63,7.02342,0.0470932
62,64,7.02639,0.0464576
62,65,7.02861,0.0458024
62,66,7.02662,0.0451575
62,67,7.03328,0.0449836
62,68,7.02793,0.0446484
62,69,7.02745,0.0440086
62,70,7.02962,0.0434383
62,71,7.03293,0.0429585
62,72,7.02597,0.0429338
62,73,7.0305,0.0425916
62,74,7.02135,0.0430058
62,75,7.01764,0.0425979
62,76,7.01379,0.0422167
62,77,7.01413,0.0416734
62,78,7.01645,0.0412077
62,79,7.02356,0.0413067
62,80,7.02416,0.0407978
62,81,7.02679,0.0403835
62,82,7.02572,0.0399084
62,83,7.02207,0.0395991
62,84,7.021,0.0391452
62,85,7.02491,0.0388845
62,86,7.02654,0.0384694
62,87,7.01591,0.0394864
62,88,7.01505,0.0390496
62,89,7.01198,0.0387355
62,90,7.01502,0.0384281
62,91,7.01714,0.0380672
62,92,7.01829,0.0376731
62,93,7.01574,0.0373572
62,94,7.0197,0.0371734
62,95,7.02041,0.036791
62,96,7.02072,0.036411
62,97,7.02203,0.0360616
62,98,7.01861,0.0358591
62,99,7.02238,0.0356989
63,0,7.27058,0
63,1,7.10501,0.165575
63,2,7.12072,0.0968773
63,3,7.07074,0.0847931
63,4,7.08605,0.0674397
63,5,7.20809,0.133886
63,6,7.11911,0.143943
63,7,7.1396,0.12633
63,8,7.14691,0.111652
63,9,7.15532,0.100218
63,10,7.24617,0.128342
63,11,7.20612,0.123818
63,12,7.22037,0.114785
63,13,7.24212,0.108472
63,14,7.25677,0.10204
63,15,7.23386,0.0981618
63,16,7.23727,0.0922702
63,17,7.21372,0.0901265
63,18,7.21614,0.0852856
63,19,7.22048,0.0810256
63,20,7.22698,0.0773437
63,21,7.24283,0.0754293
63,22,7.23694,0.0723153
63,23,7.19371,0.0816276
63,24,7.17212,0.0812169
63,25,7.15741,0.0794049
63,26,7.16001,0.0764515
63,27,7.15375,0.0739353
63,28,7.16024,0.0716346
63,29,7.15843,0.0692294
63,30,7.14632,0.0680454
63,31,7.12521,0.0691824
63,32,7.12589,0.0670566
63,33,7.12574,0.0650546
63,34,7.10573,0.066261
63,35,7.1229,0.0666449
63,36,7.11307,0.065561
63,37,7.10989,0.0638916
63,38,7.09398,0.0642323
63,39,7.08473,0.0632852
63,40,7.08802,0.0618098
63,41,7.07618,0.0614718
63,42,7.06505,0.061048
63,43,7.06009,0.0598505
63,44,7.05021,0.0593334
63,45,7.03929,0.0590477
63,46,7.03015,0.0584955
63,47,7.02768,0.0573174
63,48,7.02283,0.0563448
63,49,7.02382,0.0552153
63,50,7.02257,0.0541363
63,51,7.02581,0.0531836
63,52,7.0322,0.0525603
63,53,7.03398,0.0516086
63,54,7.03648,0.0507234
63,55,7.04511,0.0505516
63,56,7.04745,0.0497119
63,57,7.04616,0.0488643
63,58,7.0495,0.0481446
63,59,7.05392,0.0475413
63,60,7.05996,0.0471443
63,61,7.06189,0.0464176
63,62,7.06292,0.0456867
63,63,7.07532,0.0466441
63,64,7.07755,0.0459751
63,65,7.08034,0.0453592
63,66,7.07842,0.0447185
63,67,7.08593,0.044692
63,68,7.08036,0.0443906
63,69,7.08019,0.0437522
63,70,7.08193,0.0431668
63,71,7.08596,0.0427528
63,72,7.0788,0.0427661
63,73,7.08307,0.0423997
63,74,7.07518,0.042568
63,75,7.07084,0.0422274
63,76,7.06738,0.0418193
63,77,7.0681,0.041286
63,78,7.06826,0.0407604
63,79,7.07497,0.0408027
63,80,7.07629,0.0403174
63,81,7.07997,0.0399922
63,82,7.0785,0.0395347
63,83,7.07406,0.0393129
63,84,7.07352,0.0388514
63,85,7.0762,0.0384908
63,86,7.07796,0.0380861
63,87,7.06889,0.038726
63,88,7.06863,0.0382893
63,89,7.06653,0.0379195
63,90,7.07065,0.0377256
63,91,7.07136,0.03732
63,92,7.07217,0.0369255
63,93,7.06972,0.0366125
63,94,7.0733,0.0364009
63,95,7.07449,0.0360394
63,96,7.07403,0.0356689
63,97,7.07455,0.0353069
63,98,7.07082,0.0351468
63,99,7.07358,0.0349029
64,0,7.26332,0
64,1,7.21845,0.0448669
64,2,7.22693,0.0272572
64,3,7.16473,0.0651189
64,4,7.15547,0.0512845
64,5,7.30591,0.156157
64,6,7.20633,0.165329
64,7,7.23671,0.146366
64,8,7.24528,0.129367
64,9,7.24101,0.115789
64,10,7.3354,0.140995
64,11,7.28583,0.137928
64,12,7.30298,0.12803
64,13,7.31644,0.119294
64,14,7.32499,0.111385
64,15,7.30408,0.10627
64,16,7.29231,0.100514
64,17,7.27175,0.0969704
64,18,7.27243,0.0917273
64,19,7.27608,0.0870967
64,20,7.28185,0.0830462
64,21,7.30328,0.0820325
64,22,7.29762,0.0785893
64,23,7.25397,0.0869888
64,24,7.23381,0.0858368
64,25,7.22029,0.0835711
64,26,7.22333,0.0804738
64,27,7.21667,0.0778313
64,28,7.22083,0.0752145
64,29,7.21855,0.0726998
64,30,7.20282,0.0720549
64,31,7.18407,0.0722415
64,32,7.18559,0.0700346
64,33,7.18623,0.0679466
64,34,7.16839,0.0683456
64,35,7.18652,0.0688496
64,36,7.17963,0.0673165
64,37,7.17554,0.0656484
64,38,7.16035,0.0657214
64,39,7.15111,0.0647215
64,40,7.15219,0.0631325
64,41,7.1415,0.0625311
64,42,7.13087,0.061978
64,43,7.1274,0.0606523
64,44,7.11691,0.0602109
64,45,7.10585,0.0599164
64,46,7.09548,0.0595376
64,47,7.09104,0.0584532
64,48,7.08583,0.0574844
64,49,7.08843,0.0563831
64,50,7.0882,0.055267
64,51,7.09174,0.0543092
64,52,7.10043,0.0539794
64,53,7.10158,0.0529828
64,54,7.10549,0.0521572
64,55,7.11574,0.0522337
64,56,7.11719,0.0513297
64,57,7.11567,0.0504601
64,58,7.12038,0.0498208
64,59,7.12463,0.0491673
64,60,7.13076,0.048742
64,61,7.13125,0.047952
64,62,7.13368,0.047247
64,63,7.14485,0.0478255
64,64,7.14603,0.0470989
64,65,7.14958,0.0465153
64,66,7.14957,0.0458158
64,67,7.15695,0.0457357
64,68,7.15205,0.0453334
64,69,7.15173,0.0446822
64,70,7.1508,0.0440583
64,71,7.15472,0.043619
64,72,7.14643,0.0438094
64,73,7.14955,0.0433256
64,74,7.14007,0.0437825
64,75,7.13653,0.0433474
64,76,7.13188,0.0430321
64,77,7.1326,0.0424829
64,78,7.13234,0.0419425
64,79,7.13821,0.0418279
64,80,7.13876,0.0413121
64,81,7.1417,0.040911
64,82,7.14015,0.0404451
64,83,7.1364,0.0401357
64,84,7.13544,0.0396723
64,85,7.13734,0.0392545
64,86,7.13866,0.0388231
64,87,7.12943,0.0394746
64,88,7.13006,0.0390337
64,89,7.12766,0.0386724
64,90,7.1313,0.0384179
64,91,7.13129,0.037998
64,92,7.13142,0.0375875
64,93,7.12931,0.0372451
64,94,7.1328,0.0370159
64,95,7.13391,0.036645
64,96,7.13298,0.0362773
64,97,7.13289,0.0359053
64,98,7.12953,0.0356994
64,99,7.13211,0.0354344
65,0,7.27127,0
65,1,7.29075,0.0194818
65,2,7.28095,0.014917
65,3,7.24344,0.0389647
65,4,7.22351,0.0361669
65,5,7.38365,0.162834
65,6,7.28265,0.170703
65,7,7.31022,0.150381
65,8,7.32059,0.133029
65,9,7.3129,0.119233
65,10,7.40653,0.142825
65,11,7.36009,0.138405
65,12,7.384,0.129538
65,13,7.39392,0.120339
65,14,7.39741,0.112084
65,15,7.37135,0.108034
65,16,7.35609,0.102622
65,17,7.34007,0.0980706
65,18,7.3442,0.0928573
65,19,7.34518,0.0880976
65,20,7.34739,0.0838268
65,21,7.36958,0.0829498
65,22,7.3607,0.0797575
65,23,7.3141,0.0894582
65,24,7.29445,0.0880274
65,25,7.28024,0.0857592
65,26,7.28352,0.0825873
65,27,7.27659,0.0798846
65,28,7.2807,0.0771903
65,29,7.27966,0.0745802
65,30,7.26415,0.0737826
65,31,7.24653,0.0735823
65,32,7.24767,0.0713268
65,33,7.24767,0.0691972
65,34,7.23038,0.0693807
65,35,7.24985,0.0701811
65,36,7.23856,0.0691849
65,37,7.23704,0.0673568
65,38,7.21976,0.0678451
65,39,7.20933,0.0669448
65,40,7.21022,0.0652976
65,41,7.19864,0.0647668
65,42,7.18746,0.0642233
65,43,7.18346,0.062874
65,44,7.17011,0.0628942
65,45,7.15835,0.0626262
65,46,7.14877,0.0620237
65,47,7.14577,0.0607919
65,48,7.14021,0.0597973
65,49,7.14362,0.0586883
65,50,7.14347,0.0575262
65,51,7.14861,0.0566433
65,52,7.15759,0.0562843
65,53,7.15767,0.0552322
65,54,7.16213,0.0544017
65,55,7.17176,0.0542821
65,56,7.1754,0.0534459
65,57,7.17305,0.052569
65,58,7.17761,0.0518712
65,59,7.18241,0.0512244
65,60,7.18736,0.0506202
65,61,7.18882,0.0498186
65,62,7.19138,0.049088
65,63,7.20121,0.049306
65,64,7.20161,0.0485431
65,65,7.20509,0.0479289
65,66,7.20339,0.0472391
65,67,7.20963,0.046956
65,68,7.20262,0.046798
65,69,7.20247,0.0461249
65,70,7.20263,0.0454709
65,71,7.20586,0.0449515
65,72,7.1975,0.0451137
65,73,7.20015,0.0445791
65,74,7.1892,0.0453254
65,75,7.18606,0.0448349
65,76,7.1822,0.0444171
65,77,7.18296,0.0438506
65,78,7.18273,0.0432925
65,79,7.1874,0.0430028
65,80,7.18765,0.0424693
65,81,7.19117,0.0420955
65,82,7.18972,0.0416106
65,83,7.18668,0.0412243
65,84,7.18523,0.0407624
65,85,7.18719,0.0403332
65,86,7.18945,0.0399311
65,87,7.17953,0.0407015
65,88,7.1803,0.0402489
65,89,7.17679,0.0399532
65,90,7.18113,0.0397486
65,91,7.17959,0.0393443
65,92,7.17819,0.0389439
65,93,7.17527,0.0386382
65,94,7.17882,0.038394
65,95,7.18043,0.0380259
65,96,7.17981,0.0376369
65,97,7.18088,0.0372663
65,98,7.17664,0.0371302
65,99,7.17976,0.0368886
66,0,7.25578,0
66,1,7.28607,0.0302859
66,2,7.31057,0.030102
66,3,7.27458,0.0418188
66,4,7.25015,0.0405699
66,5,7.4273,0.180218
66,6,7.32579,0.183035
66,7,7.36174,0.162538
66,8,7.36995,0.14358
66,9,7.3738,0.12848
66,10,7.46779,0.149462
66,11,7.42437,0.143181
66,12,7.44659,0.133567
66,13,7.45692,0.12409
66,14,7.46445,0.115767
66,15,7.43406,0.112472
66,16,7.41726,0.106978
66,17,7.40084,0.102187
66,18,7.4087,0.0969784
66,19,7.40748,0.0920099
66,20,7.40731,0.087519
66,21,7.42575,0.0854585
66,22,7.41283,0.0826748
66,23,7.36829,0.0908251
66,24,7.34696,0.0896893
66,25,7.32733,0.0883784
66,26,7.32969,0.0850748
66,27,7.3229,0.0822606
66,28,7.32682,0.0794702
66,29,7.32551,0.0767868
66,30,7.31062,0.0757451
66,31,7.29265,0.0755105
66,32,7.28905,0.0732749
66,33,7.28778,0.0710984
66,34,7.27058,0.0711493
66,35,7.29159,0.0722687
66,36,7.28292,0.070822
66,37,7.28094,0.0689614
66,38,7.26364,0.0693614
66,39,7.25338,0.06838
66,40,7.256,0.0667429
66,41,7.24455,0.0661338
66,42,7.23327,0.0655545
66,43,7.23183,0.0640635
66,44,7.21788,0.0641591
66,45,7.20784,0.0635478
66,46,7.19864,0.0628579
66,47,7.19513,0.0616341
66,48,7.19294,0.0604031
66,49,7.19761,0.0593668
66,50,7.1972,0.0581925
66,51,7.20264,0.0573215
66,52,7.21092,0.0568358
66,53,7.21458,0.055893
66,54,7.21873,0.0550241
66,55,7.22919,0.0550352
66,56,7.23178,0.0541232
66,57,7.22795,0.0533195
66,58,7.23256,0.05261
66,59,7.23649,0.051875
66,60,7.24173,0.0512856
66,61,7.24197,0.0504522
66,62,7.24494,0.0497335
66,63,7.25375,0.0497374
66,64,7.25352,0.0489668
66,65,7.25746,0.0483794
66,66,7.25529,0.0477013
66,67,7.26013,0.0472435
66,68,7.25112,0.047417
66,69,7.25219,0.0467469
66,70,7.25016,0.0461286
66,71,7.25468,0.0457077
66,72,7.24599,0.0459075
66,73,7.24828,0.0453406
66,74,7.23857,0.0457742
66,75,7.23474,0.0453296
66,76,7.2316,0.0448471
66,77,7.23299,0.0442902
66,78,7.2313,0.0437588
66,79,7.23682,0.0435592
66,80,7.23631,0.043021
66,81,7.23898,0.0425771
66,82,7.2379,0.0420749
66,83,7.23317,0.0418383
66,84,7.23161,0.0413727
66,85,7.23359,0.0409367
66,86,7.23581,0.0405243
66,87,7.22636,0.0411607
66,88,7.22738,0.0407083
66,89,7.22509,0.0403187
66,90,7.22922,0.040086
66,91,7.22803,0.0396656
66,92,7.22695,0.0392516
66,93,7.22525,0.0388691
66,94,7.2284,0.0385869
66,95,7.2306,0.0382463
66,96,7.22996,0.0378554
66,97,7.2308,0.0374764
66,98,7.22657,0.0373359
66,99,7.22935,0.0370648
67,0,7.31745,0
67,1,7.39959,0.0821456
67,2,7.40221,0.047499
67,3,7.3665,0.0490192
67,4,7.33078,0.0521344
67,5,7.50456,0.178918
67,6,7.39923,0.184281
67,7,7.45011,0.167505
67,8,7.45196,0.147737
67,9,7.45418,0.132159
67,10,7.5453,0.150314
67,11,7.48365,0.150433
67,12,7.48992,0.138521
67,13,7.49503,0.128347
67,14,7.49937,0.119563
67,15,7.47196,0.115151
67,16,7.45564,0.109389
67,17,7.44252,0.103965
67,18,7.44849,0.0985222
67,19,7.45175,0.0935232
67,20,7.44628,0.0891263
67,21,7.4653,0.0870819
67,22,7.44981,0.0846391
67,23,7.40694,0.091678
67,24,7.38114,0.0916404
67,25,7.36162,0.0901835
67,26,7.36309,0.0867915
67,27,7.35725,0.0838379
67,28,7.36387,0.0811654
67,29,7.36455,0.0784162
67,30,7.35128,0.0769961
67,31,7.33495,0.0763187
67,32,7.33301,0.0739952
67,33,7.33097,0.0718151
67,34,7.31533,0.0714637
67,35,7.33869,0.0732713
67,36,7.33253,0.0715292
67,37,7.33054,0.0696497
67,38,7.31318,0.0700256
67,39,7.30397,0.0688712
67,40,7.30502,0.0671786
67,41,7.2924,0.0667635
67,42,7.27903,0.0665484
67,43,7.27584,0.0650967
67,44,7.26032,0.0654994
67,45,7.24958,0.0649534
67,46,7.24236,0.0639647
67,47,7.24009,0.062659
67,48,7.23496,0.0615816
67,49,7.23978,0.0605296
67,50,7.23842,0.0593465
67,51,7.24639,0.0587381
67,52,7.25692,0.0585738
67,53,7.2633,0.057831
67,54,7.26608,0.0568382
67,55,7.27643,0.0567652
67,56,7.27832,0.0557924
67,57,7.27302,0.0550782
67,58,7.27674,0.0542643
67,59,7.28037,0.0534758
67,60,7.28582,0.0528736
67,61,7.28816,0.0520665
67,62,7.29246,0.051413
67,63,7.30096,0.0513132
67,64,7.30117,0.050518
67,65,7.30394,0.0498234
67,66,7.30289,0.0490853
67,67,7.30637,0.0484829
67,68,7.29792,0.0485152
67,69,7.29963,0.0478474
67,70,7.29845,0.0471834
67,71,7.30392,0.0468437
67,72,7.29653,0.0467842
67,73,7.2973,0.0461541
67,74,7.28698,0.0466891
67,75,7.28273,0.0462666
67,76,7.27992,0.0457481
67,77,7.28147,0.0451842
67,78,7.27962,0.0446469
67,79,7.28528,0.0444477
67,80,7.28464,0.0439002
67,81,7.28662,0.0434065
67,82,7.28464,0.0429261
67,83,7.28056,0.0426071
67,84,7.27879,0.0421401
67,85,7.28028,0.0416737
67,86,7.28251,0.0412524
67,87,7.27358,0.0417465
67,88,7.27362,0.0412748
67,89,7.27202,0.0408453
67,90,7.27597,0.0405874
67,91,7.27584,0.040144
67,92,7.27612,0.039711
67,93,7.27446,0.0393213
67,94,7.2779,0.0390574
67,95,7.27944,0.0386789
67,96,7.27824,0.0382968
67,97,7.27914,0.0379149
67,98,7.27572,0.037686
67,99,7.27778,0.037364
68,0,7.46466,0
68,1,7.53395,0.0692926
68,2,7.50495,0.0494113
68,3,7.47988,0.0430045
68,4,7.43384,0.0568256
68,5,7.58708,0.160109
68,6,7.48482,0.169609
68,7,7.52887,0.153348
68,8,7.53364,0.135324
68,9,7.52418,0.121407
68,10,7.61595,0.143115
68,11,7.54899,0.146806
68,12,7.5503,0.135048
68,13,7.54633,0.125094
68,14,7.55476,0.116761
68,15,7.52761,0.112543
68,16,7.50957,0.107244
68,17,7.49641,0.101964
68,18,7.50309,0.0966795
68,19,7.50727,0.0918136
68,20,7.50036,0.0876054
68,21,7.51727,0.0852243
68,22,7.49844,0.0835853
68,23,7.4554,0.0908637
68,24,7.42755,0.0914949
68,25,7.41027,0.0895879
68,26,7.41229,0.0862296
68,27,7.40516,0.0833987
68,28,7.41147,0.0807191
68,29,7.41375,0.0780154
68,30,7.39725,0.0772403
68,31,7.37855,0.0770913
68,32,7.37677,0.0747399
68,33,7.37706,0.0725089
68,34,7.36088,0.0722409
68,35,7.38215,0.073354
68,36,7.37833,0.0714459
68,37,7.37462,0.0696393
68,38,7.3587,0.0696727
68,39,7.35275,0.0681687
68,40,7.35342,0.0664886
68,41,7.34287,0.0657398
68,42,7.33012,0.0654453
68,43,7.3258,0.0640867
68,44,7.30916,0.0648169
68,45,7.29929,0.0641565
68,46,7.2906,0.0633752
68,47,7.28579,0.0622269
68,48,7.27883,0.0613406
68,49,7.28426,0.0603466
68,50,7.28227,0.0591852
68,51,7.29199,0.0588439
68,52,7.30418,0.0589969
68,53,7.30919,0.0581101
68,54,7.31386,0.0572353
68,55,7.32417,0.0571403
68,56,7.32499,0.056135
68,57,7.31932,0.0554495
68,58,7.32465,0.0547611
68,59,7.32693,0.0538893
68,60,7.33078,0.0531376
68,61,7.33602,0.052536
68,62,7.34102,0.051937
68,63,7.3475,0.0515275
68,64,7.34635,0.0507417
68,65,7.34804,0.0499958
68,66,7.34692,0.0492567
68,67,7.35058,0.0486644
68,68,7.34241,0.0486446
68,69,7.34442,0.0479866
68,70,7.3438,0.0473099
68,71,7.34882,0.0469177
68,72,7.34223,0.0467373
68,73,7.34307,0.0461091
68,74,7.33193,0.0468364
68,75,7.3269,0.0464879
68,76,7.32365,0.0459958
68,77,7.32441,0.0454087
68,78,7.32265,0.0448646
68,79,7.32889,0.0447371
68,80,7.32949,0.0441854
68,81,7.33136,0.0436834
68,82,7.33092,0.0431562
68,83,7.32728,0.0427941
68,84,7.32474,0.0423642
68,85,7.32638,0.0419009
68,86,7.32958,0.0415404
68,87,7.32164,0.0418268
68,88,7.32187,0.0413548
68,89,7.32129,0.0408968
68,90,7.32557,0.040671
68,91,7.32435,0.0402452
68,92,7.32449,0.0398103
68,93,7.32248,0.039436
68,94,7.32577,0.0391567
68,95,7.32764,0.0387919
68,96,7.32663,0.0384032
68,97,7.327,0.0380112
68,98,7.323,0.0378373
68,99,7.32538,0.037533
69,0,7.64761,0
69,1,7.70245,0.0548327
69,2,7.64539,0.0652496
69,3,7.62473,0.0505518
69,4,7.57474,0.0635059
69,5,7.68567,0.122454
69,6,7.57196,0.153756
69,7,7.60675,0.137626
69,8,7.60635,0.121375
69,9,7.6011,0.108688
69,10,7.68791,0.131159
69,11,7.6124,0.141554
69,12,7.6092,0.13025
69,13,7.60423,0.12069
69,14,7.61081,0.112549
69,15,7.5774,0.110454
69,16,7.5621,0.104875
69,17,7.55503,0.0991295
69,18,7.56186,0.0940152
69,19,7.5687,0.0894522
69,20,7.56285,0.0852865
69,21,7.58115,0.0833519
69,22,7.56526,0.0812167
69,23,7.52598,0.0871138
69,24,7.49897,0.0878155
69,25,7.48116,0.0862292
69,26,7.48528,0.0830763
69,27,7.47725,0.0804562
69,28,7.48792,0.0783622
69,29,7.49201,0.0758154
69,30,7.47687,0.0748755
69,31,7.45531,0.0756349
69,32,7.45132,0.0734159
69,33,7.45509,0.071324
69,34,7.4387,0.0711708
69,35,7.45558,0.0711958
69,36,7.45178,0.0693489
69,37,7.44999,0.0675229
69,38,7.4349,0.0674778
69,39,7.42973,0.0659724
69,40,7.42723,0.0643919
69,41,7.41677,0.0637044
69,42,7.40267,0.0637834
69,43,7.39591,0.0626825
69,44,7.38186,0.0628639
69,45,7.37447,0.0619237
69,46,7.36471,0.0613729
69,47,7.35932,0.0603221
69,48,7.35055,0.0597258
69,49,7.35478,0.0586719
69,50,7.35262,0.0575508
69,51,7.36167,0.0571544
69,52,7.37204,0.0570169
69,53,7.37771,0.0562381
69,54,7.38245,0.0554091
69,55,7.39164,0.0551816
69,56,7.39183,0.0542052
69,57,7.38537,0.0536521
69,58,7.39027,0.0529617
69,59,7.39321,0.0521546
69,60,7.39512,0.0513281
69,61,7.40066,0.0507958
69,62,7.40544,0.0502114
69,63,7.41016,0.0496449
69,64,7.40968,0.0488775
69,65,7.41098,0.0481488
69,66,7.40936,0.0474522
69,67,7.41331,0.0469157
69,68,7.40568,0.0468565
69,69,7.40868,0.0462794
69,70,7.40748,0.0456387
69,71,7.41248,0.0452776
69,72,7.40578,0.0451521
69,73,7.40568,0.0445379
69,74,7.39387,0.0454992
69,75,7.38957,0.0451016
69,76,7.3869,0.0445923
69,77,7.38783,0.0440269
69,78,7.38656,0.0434846
69,79,7.39164,0.043237
69,80,7.39301,0.042722
69,81,7.39451,0.0422242
69,82,7.39395,0.0417161
69,83,7.39051,0.0413598
69,84,7.38786,0.0409559
69,85,7.38874,0.0404864
69,86,7.39172,0.0401295
69,87,7.38344,0.040526
69,88,7.38262,0.0400765
69,89,7.38272,0.0396288
69,90,7.38786,0.039527
69,91,7.38635,0.039124
69,92,7.38588,0.0387039
69,93,7.38328,0.0383777
69,94,7.38598,0.0380676
69,95,7.38728,0.0376911
69,96,7.38535,0.0373503
69,97,7.38511,0.036968
69,98,7.38032,0.0369043
69,99,7.38295,0.0366275
70,0,7.7777,0
70,1,7.76604,0.0116634
70,2,7.70786,0.0585605
70,3,7.66316,0.0609336
70,4,7.61558,0.0670194
70,5,7.73193,0.128577
70,6,7.6294,0.149404
70,7,7.66416,0.133976
70,8,7.65866,0.118284
70,9,7.65968,0.105801
70,10,7.74725,0.129717
70,11,7.67878,0.136785
70,12,7.67084,0.126074
70,13,7.65961,0.117261
70,14,7.66719,0.109427
70,15,7.62974,0.108996
70,16,7.61273,0.103787
70,17,7.61037,0.0978801
70,18,7.616,0.0927566
70,19,7.61973,0.0880754
70,20,7.6138,0.0839862
70,21,7.63456,0.0827264
70,22,7.6194,0.0804885
70,23,7.57476,0.0890615
70,24,7.54885,0.0892659
70,25,7.53012,0.0877853
70,26,7.53553,0.0846446
70,27,7.52563,0.0821649
70,28,7.53734,0.0801409
70,29,7.54066,0.0774949
70,30,7.52617,0.0763419
70,31,7.50595,0.0766341
70,32,7.50282,0.0743412
70,33,7.50208,0.0721254
70,34,7.48583,0.0718936
70,35,7.50224,0.0717675
70,36,7.4986,0.0698956
70,37,7.49532,0.0681105
70,38,7.48088,0.0678943
70,39,7.47755,0.0662588
70,40,7.475,0.0646729
70,41,7.46827,0.0634722
70,42,7.4522,0.0640274
70,43,7.44419,0.0630665
70,44,7.42895,0.0635042
70,45,7.41887,0.0629206
70,46,7.409,0.0623533
70,47,7.40513,0.0611633
70,48,7.39738,0.0604009
70,49,7.40129,0.0593098
70,50,7.39883,0.0581875
70,51,7.40846,0.0578643
70,52,7.41955,0.0578359
70,53,7.42248,0.0568302
70,54,7.42633,0.0559204
70,55,7.43499,0.0555913
70,56,7.43556,0.0546102
70,57,7.42867,0.0541001
70,58,7.43409,0.0534504
70,59,7.43736,0.0526539
70,60,7.44049,0.0518778
70,61,7.4458,0.05131
70,62,7.45043,0.0507009
70,63,7.45472,0.0500866
70,64,7.45391,0.0493169
70,65,7.45522,0.0485816
70,66,7.45331,0.047889
70,67,7.4582,0.0474321
70,68,7.45163,0.0471989
70,69,7.45457,0.0466127
70,70,7.45171,0.0460408
70,71,7.45822,0.0458619
70,72,7.45101,0.0457998
70,73,7.44883,0.0452295
70,74,7.43712,0.0461336
70,75,7.43282,0.0457248
70,76,7.42824,0.0453593
70,77,7.42911,0.0447824
70,78,7.42763,0.0442368
70,79,7.43336,0.0440545
70,80,7.43554,0.0435622
70,81,7.43767,0.04308
70,82,7.43717,0.0425607
70,83,7.43476,0.04212
70,84,7.43292,0.0416622
70,85,7.43225,0.0411804
70,86,7.43557,0.0408395
70,87,7.42746,0.0411789
70,88,7.42667,0.0407214
70,89,7.42737,0.0402724
70,90,7.43379,0.0403423
70,91,7.43167,0.0399577
70,92,7.43228,0.0395303
70,93,7.42935,0.0392168
70,94,7.43147,0.0388593
70,95,7.43201,0.0384563
70,96,7.42983,0.0381203
70,97,7.42859,0.0377495
70,98,7.42369,0.0376872
70,99,7.42579,0.0373678
71,0,7.92089,0
71,1,7.87489,0.0459917
71,2,7.77409,0.10424
71,3,7.73251,0.0846291
71,4,7.67081,0.0900209
71,5,7.78577,0.136447
71,6,7.66439,0.167429
71,7,7.68728,0.146794
71,8,7.67359,0.130182
71,9,7.67033,0.116484
71,10,7.76746,0.1433
71,11,7.70277,0.145934
71,12,7.69712,0.134359
71,13,7.69504,0.12441
71,14,7.70259,0.116065
71,15,7.66734,0.114147
71,16,7.65207,0.108305
71,17,7.65452,0.10214
71,18,7.66294,0.0969815
71,19,7.66849,0.0921717
71,20,7.66453,0.0877623
71,21,7.68124,0.0853315
71,22,7.66441,0.0832565
71,23,7.62254,0.0900394
71,24,7.59567,0.0904462
71,25,7.57848,0.0885811
71,26,7.58524,0.0855044
71,27,7.57482,0.0830505
71,28,7.58604,0.080918
71,29,7.58597,0.0781742
71,30,7.56966,0.077349
71,31,7.55341,0.0766369
71,32,7.54806,0.0744708
71,33,7.5407,0.0726205
71,34,7.52341,0.0726056
71,35,7.54078,0.0726663
71,36,7.5377,0.0707418
71,37,7.5378,0.0688551
71,38,7.52099,0.06914
71,39,7.5174,0.067485
71,40,7.51373,0.0659207
71,41,7.50398,0.0650672
71,42,7.48721,0.065711
71,43,7.47754,0.0649253
71,44,7.46586,0.0645318
71,45,7.45576,0.0639164
71,46,7.44699,0.0631534
71,47,7.44245,0.0619897
71,48,7.43867,0.0608295
71,49,7.44226,0.0597091
71,50,7.44113,0.0585376
71,51,7.44937,0.0579896
71,52,7.46027,0.0579189
71,53,7.46499,0.0570319
71,54,7.46891,0.0561227
71,55,7.47761,0.0557939
71,56,7.47771,0.0548064
71,57,7.47226,0.0541278
71,58,7.4784,0.0535556
71,59,7.48254,0.052818
71,60,7.48776,0.0522067
71,61,7.49437,0.0517808
71,62,7.49787,0.0510721
71,63,7.50177,0.050419
71,64,7.50091,0.0496446
71,65,7.50347,0.0489534
71,66,7.50182,0.0482456
71,67,7.50726,0.0478413
71,68,7.5024,0.0473923
71,69,7.506,0.046849
71,70,7.5032,0.0462691
71,71,7.51119,0.0463162
71,72,7.50471,0.0461353
71,73,7.50126,0.045638
71,74,7.48923,0.0466063
71,75,7.48546,0.0461433
71,76,7.48055,0.0458038
71,77,7.48134,0.0452198
71,78,7.47926,0.0446924
71,79,7.48571,0.0446004
71,80,7.48875,0.0441507
71,81,7.49149,0.0436947
71,82,7.49051,0.043176
71,83,7.48901,0.0426852
71,84,7.48775,0.0421989
71,85,7.48749,0.0417062
71,86,7.49065,0.0413449
71,87,7.4824,0.041696
71,88,7.48217,0.0412254
71,89,7.48242,0.0407656
71,90,7.48859,0.0407844
71,91,7.48692,0.0403732
71,92,7.48744,0.0399402
71,93,7.48509,0.039583
71,94,7.48732,0.0392276
71,95,7.48725,0.0388169
71,96,7.48527,0.0384656
71,97,7.48346,0.0381143
71,98,7.47764,0.0381725
71,99,7.47915,0.0378189
72,0,7.94743,0
72,1,7.89607,0.0513684
72,2,7.81127,0.0898338
72,3,7.74983,0.0883726
72,4,7.70662,0.080952
72,5,7.80951,0.122297
72,6,7.70334,0.148177
72,7,7.73441,0.132034
72,8,7.72085,0.11723
72,9,7.7197,0.10486
72,10,7.8162,0.135315
72,11,7.75506,0.137828
72,12,7.75211,0.126818
72,13,7.75314,0.117415
72,14,7.75276,0.109308
72,15,7.72195,0.106789
72,16,7.70778,0.101306
72,17,7.71092,0.0955639
72,18,7.71924,0.0907767
72,19,7.72383,0.0862406
72,20,7.72141,0.0820669
72,21,7.73495,0.0794102
72,22,7.72063,0.0772184
72,23,7.67865,0.0850147
72,24,7.65264,0.0855937
72,25,7.63154,0.0848978
72,26,7.64127,0.0822706
72,27,7.63277,0.0797332
72,28,7.64034,0.0773061
72,29,7.64013,0.0746851
72,30,7.62721,0.073382
72,31,7.61196,0.0726707
72,32,7.60848,0.0705198
72,33,7.59942,0.0690119
72,34,7.58049,0.0696339
72,35,7.59786,0.0698645
72,36,7.59343,0.068094
72,37,7.59109,0.066319
72,38,7.57252,0.0672142
72,39,7.56791,0.0656743
72,40,7.56741,0.0640544
72,41,7.56025,0.0629194
72,42,7.5427,0.063897
72,43,7.53357,0.0630919
72,44,7.51856,0.0634734
72,45,7.509,0.0628102
72,46,7.50104,0.0619725
72,47,7.49595,0.0608812
72,48,7.49092,0.0598375
72,49,7.49477,0.058755
72,50,7.49123,0.0577002
72,51,7.49799,0.0569813
72,52,7.51037,0.0572512
72,53,7.51543,0.0564089
72,54,7.51909,0.0554942
72,55,7.52864,0.0553248
72,56,7.52897,0.0543465
72,57,7.52328,0.0537037
72,58,7.52696,0.0529138
72,59,7.52941,0.0520821
72,60,7.53341,0.0513771
72,61,7.5398,0.0509438
72,62,7.54188,0.0501718
72,63,7.54408,0.0494307
72,64,7.54572,0.0486917
72,65,7.54685,0.0479618
72,66,7.54557,0.0472579
72,67,7.55159,0.046946
72,68,7.54571,0.0466328
72,69,7.54921,0.0460942
72,70,7.54739,0.0454768
72,71,7.55551,0.0455709
72,72,7.5495,0.0453427
72,73,7.54674,0.0448105
72,74,7.53569,0.0455708
72,75,7.53246,0.0450827
72,76,7.52763,0.0447544
72,77,7.52615,0.0442018
72,78,7.52342,0.0437244
72,79,7.52979,0.0436425
72,80,7.53392,0.0432981
72,81,7.53665,0.0428536
72,82,7.53518,0.0423596
72,83,7.53296,0.0419113
72,84,7.53182,0.041431
72,85,7.53078,0.0409596
72,86,7.53438,0.0406456
72,87,7.52616,0.0410131
72,88,7.52614,0.0405497
72,89,7.527,0.0401058
72,90,7.53389,0.0402563
72,91,7.53201,0.0398604
72,92,7.53291,0.0394398
72,93,7.53136,0.0390489
72,94,7.53284,0.0386639
72,95,7.5319,0.0382706
72,96,7.52982,0.0379308
72,97,7.52811,0.0375806
72,98,7.52177,0.0377363
72,99,7.52409,0.037429
73,0,8.07667,0
73,1,7.98835,0.0883168
73,2,7.90524,0.0975065
73,3,7.83711,0.0969292
73,4,7.80489,0.081704
73,5,7.88955,0.107789
73,6,7.79557,0.13089
73,7,7.8147,0.114957
73,8,7.79997,0.102447
73,9,7.80856,0.0920326
73,10,7.89643,0.121047
73,11,7.83918,0.124453
73,12,7.8274,0.115084
73,13,7.82756,0.106547
73,14,7.83309,0.0993439
73,15,7.80793,0.0962727
73,16,7.78914,0.092365
73,17,7.79152,0.0871152
73,18,7.79321,0.0824201
73,19,7.80342,0.0788543
73,20,7.80241,0.0750122
73,21,7.81182,0.0721381
73,22,7.80058,0.069841
73,23,7.75922,0.0786282
73,24,7.72831,0.0815049
73,25,7.70572,0.0815012
73,26,7.7127,0.0787349
73,27,7.70442,0.0763213
73,28,7.70776,0.0737185
73,29,7.70686,0.0712245
73,30,7.6949,0.0699185
73,31,7.68172,0.0689695
73,32,7.67965,0.0668789
73,33,7.66915,0.0657259
73,34,7.64975,0.0667037
73,35,7.66863,0.0675163
73,36,7.66541,0.0657449
73,37,7.66358,0.0640178
73,38,7.64473,0.0651398
73,39,7.63931,0.0637219
73,40,7.63395,0.0623789
73,41,7.6268,0.0612938
73,42,7.60942,0.062324
73,43,7.60053,0.0615357
73,44,7.58571,0.0619527
73,45,7.57814,0.0610617
73,46,7.5699,0.0603147
73,47,7.56444,0.0592959
73,48,7.5591,0.0583184
73,49,7.56378,0.0573309
73,50,7.56066,0.0562817
73,51,7.56937,0.0558715
73,52,7.58177,0.0561929
73,53,7.58775,0.0554656
73,54,7.59024,0.0545045
73,55,7.60152,0.0546991
73,56,7.60133,0.0537312
73,57,7.59581,0.0530845
73,58,7.59816,0.0522296
73,59,7.60024,0.051394
73,60,7.60427,0.0507047
73,61,7.60921,0.0501241
73,62,7.60987,0.0493265
73,63,7.61025,0.0485511
73,64,7.61005,0.0477988
73,65,7.61075,0.0470743
73,66,7.60972,0.0463777
73,67,7.61434,0.0459237
73,68,7.60835,0.0456486
73,69,7.61246,0.0451794
73,70,7.61103,0.0445614
73,71,7.61903,0.044659
73,72,7.61164,0.0446584
73,73,7.60772,0.0442243
73,74,7.59661,0.0450234
73,75,7.59464,0.0444708
73,76,7.59046,0.044088
73,77,7.58872,0.0435539
73,78,7.58747,0.0430172
73,79,7.5935,0.0429026
73,80,7.59688,0.0425035
73,81,7.59951,0.0420643
73,82,7.59834,0.0415708
73,83,7.59475,0.0412293
73,84,7.59404,0.0407476
73,85,7.59322,0.0402793
73,86,7.59692,0.0399852
73,87,7.58857,0.0403997
73,88,7.59024,0.0399778
73,89,7.59084,0.0395357
73,90,7.59705,0.0395884
73,91,7.59574,0.0391776
73,92,7.59591,0.0387544
73,93,7.59439,0.0383699
73,94,7.59645,0.0380197
73,95,7.59507,0.0376469
73,96,7.59209,0.0373756
73,97,7.58878,0.0371406
73,98,7.58211,0.0373625
73,99,7.58343,0.0370105
74,0,8.146,0
74,1,8.05308,0.0929296
74,2,7.96094,0.106622
74,3,7.88146,0.109547
74,4,7.84308,0.093131
74,5,7.94414,0.126471
74,6,7.84773,0.14394
74,7,7.85495,0.124864
74,8,7.84412,0.110651
74,9,7.85233,0.0993089
74,10,7.94813,0.131327
74,11,7.8921,0.132329
74,12,7.88449,0.121963
74,13,7.88879,0.112998
74,14,7.8967,0.105492
74,15,7.87309,0.101465
74,16,7.85251,0.0975068
74,17,7.85029,0.091957
74,18,7.85078,0.086984
74,19,7.85897,0.0829257
74,20,7.85816,0.0788822
74,21,7.87087,0.0762765
74,22,7.86588,0.0730549
74,23,7.82361,0.0817246
74,24,7.79032,0.085164
74,25,7.76319,0.0862044
74,26,7.77053,0.0832742
74,27,7.76527,0.0804168
74,28,7.76951,0.0777098
74,29,7.7681,0.0750879
74,30,7.75757,0.0733855
74,31,7.74522,0.0721203
74,32,7.73938,0.0701441
74,33,7.72515,0.0695207
74,34,7.70809,0.0696291
74,35,7.72807,0.0705553
74,36,7.72586,0.0686574
74,37,7.7217,0.0669559
74,38,7.70235,0.0680253
74,39,7.69238,0.0670491
74,40,7.68735,0.0655858
74,41,7.67972,0.0644586
74,42,7.66303,0.0651184
74,43,7.65521,0.0640991
74,44,7.63975,0.0645382
74,45,7.63155,0.0636506
74,46,7.62461,0.0626671
74,47,7.61931,0.0615758
74,48,7.61609,0.0603919
74,49,7.62084,0.0593623
74,50,7.61839,0.0582385
74,51,7.6274,0.0578136
74,52,7.63947,0.0579833
74,53,7.64407,0.0570847
74,54,7.64725,0.0561275
74,55,7.65688,0.0559507
74,56,7.65867,0.0549894
74,57,7.65244,0.0543903
74,58,7.65411,0.0534866
74,59,7.65502,0.0525954
74,60,7.65887,0.0518686
74,61,7.66593,0.0515113
74,62,7.66507,0.0506943
74,63,7.66619,0.0499084
74,64,7.66643,0.0491352
74,65,7.66474,0.0484146
74,66,7.66251,0.0477387
74,67,7.66561,0.0471338
74,68,7.65967,0.0468249
74,69,7.66426,0.046379
74,70,7.66234,0.0457613
74,71,7.67106,0.045956
74,72,7.66352,0.0459443
74,73,7.65904,0.0455401
74,74,7.64866,0.0461135
74,75,7.64831,0.045504
74,76,7.64407,0.0451093
74,77,7.64195,0.0445776
74,78,7.64043,0.0440359
74,79,7.64671,0.0439331
74,80,7.64951,0.0434775
74,81,7.65237,0.0430389
74,82,7.65016,0.0425745
74,83,7.64667,0.0422091
74,84,7.64579,0.0417188
74,85,7.64339,0.0413005
74,86,7.64758,0.0410374
74,87,7.63829,0.0416184
74,88,7.6397,0.041172
74,89,7.64068,0.040724
74,90,7.64615,0.0406438
74,91,7.64497,0.0402171
74,92,7.64551,0.039786
74,93,7.64345,0.0394146
74,94,7.64578,0.0390672
74,95,7.6439,0.0387041
74,96,7.64021,0.0384803
74,97,7.63614,0.0383024
74,98,7.63013,0.0383857
74,99,7.63012,0.0379999
75,0,8.1792,0
75,1,8.13983,0.0393707
75,2,8.0379,0.104434
75,3,7.99074,0.0876204
75,4,7.93281,0.0892293
75,5,8.05006,0.138039
75,6,7.96218,0.146058
75,7,7.97767,0.127435
75,8,7.95877,0.113965
75,9,7.9562,0.101966
75,10,8.04292,0.126598
75,11,7.98431,0.129582
75,12,7.96861,0.120227
75,13,7.96866,0.111309
75,14,7.97868,0.104107
75,15,7.95505,0.100209
75,16,7.93057,0.097262
75,17,7.93237,0.0917172
75,18,7.92738,0.0868991
75,19,7.9403,0.0834457
75,20,7.9362,0.0794782
75,21,7.94833,0.0767432
75,22,7.93858,0.0739758
75,23,7.89652,0.0823748
75,24,7.86092,0.0866573
75,25,7.82985,0.0888677
75,26,7.83975,0.0860846
75,27,7.83905,0.0829562
75,28,7.84445,0.0802261
75,29,7.8426,0.0775278
75,30,7.83733,0.0751705
75,31,7.82037,0.0747324
75,32,7.81597,0.0725662
75,33,7.79982,0.0722271
75,34,7.78065,0.0727069
75,35,7.79821,0.0728077
75,36,7.79471,0.0708988
75,37,7.7895,0.0692046
75,38,7.76722,0.0709917
75,39,7.75639,0.0700372
75,40,7.75188,0.0684558
75,41,7.74337,0.067347
75,42,7.72625,0.0679532
75,43,7.71813,0.0668849
75,44,7.70451,0.0667853
75,45,7.69568,0.0659118
75,46,7.68829,0.0649164
75,47,7.68341,0.0637367
75,48,7.68072,0.0624801
75,49,7.68751,0.061593
75,50,7.68587,0.0603957
75,51,7.69379,0.0597513
75,52,7.70664,0.0600032
75,53,7.71066,0.059019
75,54,7.71213,0.0579546
75,55,7.71935,0.0573661
75,56,7.71904,0.0563515
75,57,7.71246,0.0557611
75,58,7.71266,0.0548082
75,59,7.71262,0.053887
75,60,7.71601,0.0531042
75,61,7.72328,0.0527443
75,62,7.72227,0.0519102
75,63,7.72426,0.0511316
75,64,7.72576,0.050361
75,65,7.72361,0.0496385
75,66,7.72123,0.0489498
75,67,7.72545,0.0484081
75,68,7.72034,0.0479735
75,69,7.7265,0.0476827
75,70,7.72428,0.0470587
75,71,7.73106,0.0468927
75,72,7.72298,0.0469467
75,73,7.71968,0.0464249
75,74,7.7097,0.0468781
75,75,7.70967,0.0462572
75,76,7.70504,0.0458863
75,77,7.70289,0.045345
75,78,7.70167,0.0447842
75,79,7.7078,0.0446443
75,80,7.71083,0.0441937
75,81,7.71352,0.0437344
75,82,7.7123,0.0432216
75,83,7.70852,0.0428707
75,84,7.70788,0.0423682
75,85,7.70485,0.0419822
75,86,7.7083,0.0416399
75,87,7.69976,0.0420411
75,88,7.70178,0.0416152
75,89,7.70365,0.0411927
75,90,7.70877,0.0410587
75,91,7.7067,0.0406629
75,92,7.70612,0.0402275
75,93,7.70467,0.0398236
75,94,7.70749,0.0395025
75,95,7.70575,0.0391274
75,96,7.70117,0.038992
75,97,7.69633,0.0388937
75,98,7.69035,0.0389616
75,99,7.69064,0.0385711
76,0,8.26255,0
76,1,8.21903,0.0435174
76,2,8.10192,0.119776
76,3,8.02918,0.111642
76,4,7.96158,0.109767
76,5,8.07935,0.147993
76,6,7.98761,0.155111
76,7,8.02264,0.138822
76,8,7.9882,0.127182
76,9,7.98129,0.113965
76,10,8.07278,0.137826
76,11,8.01305,0.139273
76,12,7.99644,0.129185
76,13,8.00186,0.119725
76,14,8.01115,0.111844
76,15,7.97945,0.109317
76,16,7.95479,0.105605
76,17,7.95604,0.0995733
76,18,7.9463,0.0946887
76,19,7.9603,0.090913
76,20,7.9566,0.0865544
76,21,7.97152,0.0838642
76,22,7.96502,0.0803984
76,23,7.92018,0.0890838
76,24,7.88756,0.0914618
76,25,7.85866,0.0925029
76,26,7.86821,0.0895218
76,27,7.86522,0.0863172
76,28,7.87437,0.0837881
76,29,7.87336,0.0809533
76,30,7.86795,0.0784847
76,31,7.84993,0.0781009
76,32,7.84348,0.0759714
76,33,7.82836,0.0752386
76,34,7.81217,0.0748286
76,35,7.82912,0.0746692
76,36,7.82293,0.0728862
76,37,7.81938,0.0710314
76,38,7.79556,0.07317
76,39,7.78561,0.0720087
76,40,7.78209,0.0703186
76,41,7.77281,0.0692484
76,42,7.75597,0.0696847
76,43,7.75002,0.0683419
76,44,7.73526,0.0684173
76,45,7.72496,0.067701
76,46,7.71847,0.0665619
76,47,7.7143,0.0652935
76,48,7.71237,0.0639765
76,49,7.72298,0.063577
76,50,7.72304,0.0623179
76,51,7.73127,0.0616593
76,52,7.74496,0.0620146
76,53,7.74846,0.0609563
76,54,7.75111,0.0598963
76,55,7.75862,0.0592948
76,56,7.75974,0.0582559
76,57,7.75385,0.0575449
76,58,7.75544,0.0565836
76,59,7.75469,0.0556376
76,60,7.75863,0.0548598
76,61,7.76619,0.054494
76,62,7.76391,0.0536703
76,63,7.76558,0.0528516
76,64,7.7667,0.0520441
76,65,7.76452,0.0512958
76,66,7.76206,0.0505845
76,67,7.76427,0.0498841
76,68,7.76001,0.0493396
76,69,7.76658,0.0490714
76,70,7.7636,0.048467
76,71,7.77094,0.0483489
76,72,7.76393,0.0481949
76,73,7.76068,0.0476496
76,74,7.75111,0.0479754
76,75,7.74959,0.0473642
76,76,7.74422,0.0470528
76,77,7.74152,0.0465239
76,78,7.73957,0.0459728
76,79,7.74543,0.0457723
76,80,7.748,0.0452764
76,81,7.7514,0.0448496
76,82,7.75122,0.0443063
76,83,7.74773,0.0439143
76,84,7.74733,0.0433964
76,85,7.74447,0.0429843
76,86,7.74809,0.042641
76,87,7.73924,0.0430712
76,88,7.74178,0.04266
76,89,7.74484,0.0422941
76,90,7.75008,0.0421533
76,91,7.74775,0.0417572
76,92,7.74652,0.0413241
76,93,7.74597,0.0408859
76,94,7.74858,0.0405378
76,95,7.74737,0.0401316
76,96,7.7425,0.0400132
76,97,7.73866,0.0397888
76,98,7.73336,0.0397396
76,99,7.73394,0.0393444
77,0,8.33955,0
77,1,8.28088,0.0586743
77,2,8.17508,0.111096
77,3,8.10846,0.103
77,4,8.04485,0.102034
77,5,8.16445,0.145754
77,6,8.06226,0.160054
77,7,8.1004,0.143764
77,8,8.06416,0.131867
77,9,8.05597,0.118229
77,10,8.1508,0.142933
77,11,8.08705,0.145221
77,12,8.07438,0.134184
77,13,8.0771,0.12426
77,14,8.08218,0.115791
77,15,8.05224,0.112374
77,16,8.02362,0.109368
77,17,8.02942,0.103276
77,18,8.01777,0.0983812
77,19,8.03095,0.094259
77,20,8.02683,0.0897527
77,21,8.04343,0.0871705
77,22,8.03234,0.0840291
77,23,7.98678,0.0924591
77,24,7.95381,0.0946124
77,25,7.91777,0.0977863
77,26,7.93336,0.0953776
77,27,7.93049,0.091953
77,28,7.93812,0.089053
77,29,7.9345,0.0861093
77,30,7.93185,0.0833274
77,31,7.91332,0.0827833
77,32,7.90272,0.0809326
77,33,7.88518,0.0804501
77,34,7.86882,0.0798138
77,35,7.88759,0.0798053
77,36,7.88092,0.0779045
77,37,7.87647,0.0759575
77,38,7.85217,0.0778723
77,39,7.8426,0.0765007
77,40,7.83721,0.0748064
77,41,7.82773,0.0736161
77,42,7.80987,0.0740693
77,43,7.80255,0.0727357
77,44,7.78832,0.0725099
77,45,7.77821,0.0716344
77,46,7.77294,0.0702916
77,47,7.76795,0.068992
77,48,7.76674,0.0675801
77,49,7.77711,0.0670221
77,50,7.77913,0.0657257
77,51,7.78727,0.0649621
77,52,7.80178,0.0653555
77,53,7.80216,0.064135
77,54,7.80771,0.0632018
77,55,7.81473,0.0624587
77,56,7.81537,0.0613564
77,57,7.80748,0.0608036
77,58,7.8087,0.0597767
77,59,7.80805,0.0587755
77,60,7.81239,0.0579667
77,61,7.81883,0.0573863
77,62,7.81699,0.0564981
77,63,7.81884,0.0556391
77,64,7.82074,0.0548094
77,65,7.81988,0.0539794
77,66,7.81975,0.0531677
77,67,7.82175,0.0524181
77,68,7.81588,0.0519846
77,69,7.8245,0.0519567
77,70,7.82252,0.0512583
77,71,7.82895,0.0509488
77,72,7.82111,0.0508536
77,73,7.81724,0.0503103
77,74,7.80695,0.0506916
77,75,7.80464,0.0500733
77,76,7.79985,0.0496502
77,77,7.79799,0.0490447
77,78,7.79503,0.0485106
77,79,7.80202,0.0484083
77,80,7.80341,0.0478269
77,81,7.80633,0.0473304
77,82,7.80501,0.0467753
77,83,7.80087,0.0464004
77,84,7.79956,0.0458699
77,85,7.7971,0.0454001
77,86,7.8026,0.0452117
77,87,7.79425,0.0454683
77,88,7.79577,0.0449802
77,89,7.7981,0.0445383
77,90,7.80323,0.044344
77,91,7.80087,0.043923
77,92,7.79889,0.0434931
77,93,7.79943,0.0430313
77,94,7.8012,0.0426125
77,95,7.7995,0.0422006
77,96,7.79532,0.0419715
77,97,7.79109,0.0417559
77,98,7.78618,0.0416234
77,99,7.78703,0.0412139
78,0,8.38028,0
78,1,8.30893,0.0713559
78,2,8.18459,0.130987
78,3,8.15231,0.0980837
78,4,8.08609,0.100784
78,5,8.20035,0.140807
78,6,8.11716,0.145199
78,7,8.14195,0.128166
78,8,8.10342,0.119417
78,9,8.09982,0.10687
78,10,8.1927,0.134051
78,11,8.13113,0.136984
78,12,8.11588,0.126927
78,13,8.12078,0.117614
78,14,8.12754,0.1097
78,15,8.09769,0.106866
78,16,8.0692,0.10435
78,17,8.07725,0.0987118
78,18,8.06377,0.0943407
78,19,8.07433,0.0901214
78,20,8.07163,0.0857653
78,21,8.09077,0.0839857
78,22,8.07656,0.0814997
78,23,8.03407,0.0888488
78,24,8.00478,0.0901142
78,25,7.96831,0.0939476
78,26,7.98149,0.0913573
78,27,7.97717,0.08814
78,28,7.98622,0.0855259
78,29,7.98256,0.0827068
78,30,7.98058,0.080019
78,31,7.96254,0.0795491
78,32,7.95184,0.0778404
78,33,7.93384,0.0776322
78,34,7.91657,0.0773333
78,35,7.93758,0.0780347
78,36,7.93543,0.0759267
78,37,7.93178,0.0739916
78,38,7.90987,0.075327
78,39,7.90234,0.0738051
78,40,7.89625,0.0722393
78,41,7.88728,0.0710665
78,42,7.87016,0.0714745
78,43,7.86366,0.0701331
78,44,7.8531,0.0693652
78,45,7.84274,0.0686271
78,46,7.83669,0.0674234
78,47,7.83173,0.0661895
78,48,7.82967,0.0648576
78,49,7.8375,0.0640277
78,50,7.83784,0.0627606
78,51,7.84477,0.061931
78,52,7.85594,0.0617697
78,53,7.85797,0.0606489
78,54,7.86305,0.0597525
78,55,7.87141,0.0592681
78,56,7.87086,0.0582216
78,57,7.86199,0.0578931
78,58,7.86455,0.0569612
78,59,7.86333,0.0560171
78,60,7.86864,0.0553471
78,61,7.87576,0.0549103
78,62,7.87475,0.0540412
78,63,7.8758,0.0532006
78,64,7.8759,0.0523759
78,65,7.87438,0.0515987
78,66,7.87492,0.0508257
78,67,7.876,0.0500841
78,68,7.8708,0.0496252
78,69,7.88036,0.0498353
78,70,7.87742,0.0492159
78,71,7.88297,0.0488433
78,72,7.87488,0.0488441
78,73,7.8717,0.0482841
78,74,7.86188,0.0486375
78,75,7.86005,0.0480284
78,76,7.85705,0.0474949
78,77,7.85483,0.0469348
78,78,7.85084,0.0465087
78,79,7.85783,0.0464537
78,80,7.85787,0.0458766
78,81,7.86154,0.0454618
78,82,7.86032,0.0449271
78,83,7.85639,0.0445632
78,84,7.85506,0.0440559
78,85,7.85284,0.043597
78,86,7.85787,0.0433854
78,87,7.84933,0.0437311
78,88,7.85033,0.0432485
78,89,7.85213,0.042803
78,90,7.85742,0.0426601
78,91,7.85432,0.0423082
78,92,7.8525,0.0418903
78,93,7.85301,0.0414454
78,94,7.85536,0.0410743
78,95,7.85351,0.0406862
78,96,7.84891,0.0405264
78,97,7.84506,0.0402956
78,98,7.84078,0.0401157
78,99,7.84247,0.0397486
79,0,8.43636,0
79,1,8.38197,0.0543954
79,2,8.27066,0.115658
79,3,8.24449,0.0858656
79,4,8.16879,0.100767
79,5,8.28399,0.14156
79,6,8.19631,0.148328
79,7,8.20944,0.129126
79,8,8.16518,0.122177
79,9,8.1666,0.109288
79,10,8.25814,0.134734
79,11,8.19241,0.139458
79,12,8.17777,0.129115
79,13,8.18559,0.119793
79,14,8.19251,0.111735
79,15,8.16386,0.108373
79,16,8.1345,0.105947
79,17,8.1384,0.0999639
79,18,8.12627,0.0953321
79,19,8.13174,0.0906054
79,20,8.12767,0.0862787
79,21,8.14692,0.0844851
79,22,8.13071,0.0823392
79,23,8.08992,0.0887622
79,24,8.05791,0.0909556
79,25,8.01904,0.0956425
79,26,8.03211,0.0929553
79,27,8.028,0.0896682
79,28,8.03465,0.086776
79,29,8.03467,0.0838335
79,30,8.03289,0.0811037
79,31,8.0121,0.0812325
79,32,8.00094,0.0795195
79,33,7.98431,0.0789187
79,34,7.96703,0.078553
79,35,7.98871,0.0793582
79,36,7.98482,0.0772816
79,37,7.98242,0.0752588
79,38,7.9598,0.0767134
79,39,7.95135,0.0752474
79,40,7.94682,0.0735286
79,41,7.93232,0.0732067
79,42,7.91477,0.0736075
79,43,7.91068,0.0720313
79,44,7.90062,0.0711268
79,45,7.88843,0.0706239
79,46,7.88379,0.0692606
79,47,7.87917,0.0679596
79,48,7.87822,0.0665651
79,49,7.88611,0.0656961
79,50,7.88628,0.0643953
79,51,7.89145,0.0633554
79,52,7.90356,0.0633178
79,53,7.90479,0.0621465
79,54,7.90836,0.0611101
79,55,7.91689,0.060612
79,56,7.91711,0.0595395
79,57,7.90934,0.0590173
79,58,7.91229,0.0580832
79,59,7.91203,0.0571075
79,60,7.91691,0.0563749
79,61,7.92432,0.0559502
79,62,7.92428,0.055055
79,63,7.924,0.0541887
79,64,7.92459,0.0533518
79,65,7.92337,0.0525514
79,66,7.92343,0.0517611
79,67,7.92327,0.0509945
79,68,7.91878,0.0504509
79,69,7.92847,0.0506611
79,70,7.92597,0.0500051
79,71,7.93232,0.0497129
79,72,7.92252,0.0499973
79,73,7.91898,0.0494436
79,74,7.90847,0.0498989
79,75,7.90735,0.0492507
79,76,7.90429,0.0487031
79,77,7.90235,0.0481137
79,78,7.89809,0.0476914
79,79,7.90495,0.0475882
79,80,7.90434,0.047001
79,81,7.90675,0.0464867
79,82,7.90609,0.0459279
79,83,7.90308,0.0454776
79,84,7.90046,0.0450156
79,85,7.89868,0.0445246
79,86,7.9027,0.0441929
79,87,7.89649,0.0441268
79,88,7.89756,0.0436412
79,89,7.89992,0.0432179
79,90,7.90635,0.0432221
79,91,7.90401,0.042814
79,92,7.90252,0.0423774
79,93,7.90284,0.0419254
79,94,7.90541,0.0415607
79,95,7.9032,0.0411848
79,96,7.89935,0.0409393
79,97,7.89501,0.0407508
79,98,7.88994,0.0406542
79,99,7.89141,0.0402724
80,0,8.46205,0
80,1,8.44008,0.0219672
80,2,8.3378,0.103066
80,3,8.28863,0.0879136
80,4,8.22259,0.0948591
80,5,8.35296,0.151638
80,6,8.26808,0.153718
80,7,8.27838,0.133522
80,8,8.2294,0.127536
80,9,8.23335,0.114141
80,10,8.32183,0.135974
80,11,8.26178,0.137891
80,12,8.2455,0.127882
80,13,8.25416,0.118712
80,14,8.24796,0.110689
80,15,8.22074,0.107058
80,16,8.18412,0.107023
80,17,8.18752,0.100959
80,18,8.17479,0.096342
80,19,8.18449,0.091911
80,20,8.17702,0.0877433
80,21,8.20052,0.0868996
80,22,8.18454,0.0845608
80,23,8.14477,0.0902014
80,24,8.11382,0.091886
80,25,8.07762,0.0954155
80,26,8.09182,0.0929051
80,27,8.0898,0.0895485
80,28,8.09386,0.086501
80,29,8.09405,0.0835681
80,30,8.09067,0.0808982
80,31,8.07792,0.0793614
80,32,8.06832,0.0775147
80,33,8.05282,0.0767815
80,34,8.03681,0.0762556
80,35,8.05527,0.0763713
80,36,8.04939,0.0745105
80,37,8.04348,0.0727639
80,38,8.02204,0.0740462
80,39,8.01258,0.0727885
80,40,8.00823,0.0711239
80,41,7.99192,0.0713015
80,42,7.97315,0.0721083
80,43,7.96921,0.0705607
80,44,7.95842,0.0698136
80,45,7.94865,0.0689737
80,46,7.94163,0.0678547
80,47,7.93595,0.0666682
80,48,7.93184,0.0654229
80,49,7.9391,0.0645113
80,50,7.93939,0.0632343
80,51,7.94534,0.0622915
80,52,7.95682,0.0621734
80,53,7.9583,0.0610291
80,54,7.96286,0.0600827
80,55,7.97361,0.059971
80,56,7.97435,0.0589142
80,57,7.9654,0.0585771
80,58,7.96987,0.0577487
80,59,7.9691,0.0567834
80,60,7.97289,0.0559734
80,61,7.98057,0.0555968
80,62,7.9804,0.0547075
80,63,7.98048,0.0538459
80,64,7.98183,0.0530283
80,65,7.98243,0.052222
80,66,7.9801,0.0514892
80,67,7.98012,0.0507263
80,68,7.97757,0.0500507
80,69,7.98743,0.0503057
80,70,7.98459,0.0496734
80,71,7.99094,0.0493892
80,72,7.98095,0.0497225
80,73,7.97711,0.0491959
80,74,7.96737,0.0495027
80,75,7.9667,0.0488516
80,76,7.96371,0.048306
80,77,7.96156,0.0477309
80,78,7.95614,0.0474332
80,79,7.96248,0.047263
80,80,7.96192,0.0466792
80,81,7.96445,0.0461756
80,82,7.96278,0.0456462
80,83,7.95981,0.0451971
80,84,7.95609,0.0448173
80,85,7.95353,0.0443668
80,86,7.95842,0.0441255
80,87,7.95179,0.044122
80,88,7.95263,0.0436316
80,89,7.95475,0.0431959
80,90,7.96155,0.0432564
80,91,7.95878,0.0428731
80,92,7.95766,0.0424243
80,93,7.95854,0.0419797
80,94,7.96077,0.0415955
80,95,7.95835,0.0412308
80,96,7.95378,0.0410592
80,97,7.94964,0.0408482
80,98,7.94484,0.0407177
80,99,7.94589,0.0403221
81,0,8.58889,0
81,1,8.50967,0.0792225
81,2,8.41353,0.10647
81,3,8.36437,0.0899117
81,4,8.27762,0.111252
81,5,8.40922,0.159912
81,6,8.32356,0.160009
81,7,8.32037,0.138609
81,8,8.26564,0.133932
81,9,8.27114,0.119918
81,10,8.35796,0.138936
81,11,8.2996,0.139614
81,12,8.2905,0.128748
81,13,8.29118,0.1192
81,14,8.29003,0.110975
81,15,8.26479,0.106833
81,16,8.2291,0.106509
81,17,8.23534,0.100611
81,18,8.22493,0.0957365
81,19,8.23782,0.0917341
81,20,8.2265,0.0879881
81,21,8.24887,0.0868252
81,22,8.2336,0.0843584
81,23,8.19804,0.0882511
81,24,8.16531,0.090753
81,25,8.13691,0.0917017
81,26,8.14938,0.0891174
81,27,8.15217,0.0859208
81,28,8.15291,0.0829084
81,29,8.153,0.0800972
81,30,8.14865,0.0775924
81,31,8.13412,0.076521
81,32,8.12642,0.0745648
81,33,8.11611,0.073069
81,34,8.09926,0.0729238
81,35,8.11323,0.0722325
81,36,8.10459,0.0707823
81,37,8.09773,0.0692358
81,38,8.07542,0.0710302
81,39,8.07004,0.0694401
81,40,8.06547,0.0678798
81,41,8.05002,0.068021
81,42,8.03495,0.0681087
81,43,8.03085,0.066669
81,44,8.0213,0.0658666
81,45,8.01247,0.0650214
81,46,8.00248,0.0644013
81,47,7.99833,0.0631819
81,48,7.99341,0.0620747
81,49,8.00129,0.0613292
81,50,7.99967,0.0601365
81,51,8.0041,0.0591349
81,52,8.01712,0.0594506
81,53,8.01803,0.0583463
81,54,8.02248,0.0574487
81,55,8.03316,0.0574149
81,56,8.0334,0.0563992
81,57,8.02365,0.0562692
81,58,8.02781,0.0554629
81,59,8.02734,0.0545327
81,60,8.02991,0.0536925
81,61,8.03617,0.0531895
81,62,8.03766,0.0523594
81,63,8.0368,0.0515419
81,64,8.0386,0.0507748
81,65,8.03886,0.0500003
81,66,8.03659,0.0493008
81,67,8.03566,0.0485792
81,68,8.03274,0.0479589
81,69,8.04361,0.0485023
81,70,8.04119,0.0478757
81,71,8.04652,0.0475062
81,72,8.03631,0.0479498
81,73,8.03195,0.047498
81,74,8.02261,0.0477828
81,75,8.02292,0.0471509
81,76,8.01934,0.0466715
81,77,8.01725,0.0461169
81,78,8.01115,0.0459358
81,79,8.01625,0.0456445
81,80,8.01491,0.0450976
81,81,8.01644,0.0445708
81,82,8.0135,0.0441291
81,83,8.01084,0.0436812
81,84,8.00715,0.0433217
81,85,8.00422,0.0429156
81,86,8.01147,0.0430343
81,87,8.00478,0.0430642
81,88,8.0052,0.0425796
81,89,8.00688,0.0421375
81,90,8.01417,0.0423052
81,91,8.01179,0.0419109
81,92,8.0103,0.0414845
81,93,8.01008,0.0410413
81,94,8.01236,0.0406705
81,95,8.00947,0.0403477
81,96,8.004,0.0403031
81,97,7.9998,0.0401103
81,98,7.99391,0.040137
81,99,7.99425,0.039735
82,0,8.691,0
82,1,8.57229,0.11871
82,2,8.45539,0.135513
82,3,8.42163,0.101594
82,4,8.33562,0.116579
82,5,8.48801,0.179671
82,6,8.40253,0.174253
82,7,8.39125,0.151329
82,8,8.32635,0.148402
82,9,8.33249,0.132877
82,10,8.41026,0.143156
82,11,8.35261,0.142833
82,12,8.34271,0.13176
82,13,8.34616,0.122034
82,14,8.33992,0.113779
82,15,8.3138,0.109588
82,16,8.28081,0.1081
82,17,8.29254,0.10259
82,18,8.28589,0.097268
82,19,8.30161,0.0936051
82,20,8.29415,0.0893482
82,21,8.3176,0.0883598
82,22,8.30472,0.0854075
82,23,8.26908,0.0891997
82,24,8.23638,0.0915925
82,25,8.20758,0.092593
82,26,8.21652,0.0895451
82,27,8.21694,0.0862888
82,28,8.21578,0.0832682
82,29,8.21428,0.0804588
82,30,8.20585,0.0782751
82,31,8.18856,0.0777373
82,32,8.17963,0.0758723
82,33,8.16677,0.0747206
82,34,8.15036,0.0743877
82,35,8.16279,0.0733533
82,36,8.1522,0.0721251
82,37,8.14737,0.0703678
82,38,8.12502,0.0720893
82,39,8.1191,0.070513
82,40,8.11404,0.0689576
82,41,8.09852,0.0690616
82,42,8.08342,0.0691074
82,43,8.0809,0.0675655
82,44,8.07307,0.0665093
82,45,8.06185,0.0660085
82,46,8.05185,0.0653585
82,47,8.04834,0.0640784
82,48,8.04356,0.0629386
82,49,8.05252,0.0623141
82,50,8.05158,0.0610873
82,51,8.05666,0.0601158
82,52,8.06972,0.0603999
82,53,8.07102,0.0592851
82,54,8.07505,0.0583367
82,55,8.08525,0.0581862
82,56,8.08648,0.0571696
82,57,8.07693,0.0569823
82,58,8.08026,0.0561071
82,59,8.08066,0.0551655
82,60,8.08264,0.0542897
82,61,8.08835,0.0537122
82,62,8.08982,0.0528731
82,63,8.09119,0.0520583
82,64,8.09224,0.051262
82,65,8.09272,0.0504816
82,66,8.09047,0.0497733
82,67,8.08925,0.0490512
82,68,8.08729,0.0483745
82,69,8.09856,0.0489918
82,70,8.09485,0.0484389
82,71,8.09866,0.0479134
82,72,8.08872,0.0482885
82,73,8.08385,0.0478791
82,74,8.07522,0.048019
82,75,8.0777,0.0474478
82,76,8.07464,0.0469272
82,77,8.07275,0.0463601
82,78,8.06533,0.0463676
82,79,8.07088,0.0461197
82,80,8.07025,0.0455512
82,81,8.07235,0.0450414
82,82,8.06734,0.0447767
82,83,8.06515,0.0442945
82,84,8.06216,0.0438726
82,85,8.05981,0.0434229
82,86,8.06663,0.0434596
82,87,8.0612,0.0433042
82,88,8.06133,0.042815
82,89,8.06465,0.0424665
82,90,8.07168,0.0425819
82,91,8.06904,0.0421993
82,92,8.06834,0.0417489
82,93,8.06813,0.0413029
82,94,8.06999,0.0409083
82,95,8.06815,0.040522
82,96,8.06254,0.0404914
82,97,8.05705,0.0404508
82,98,8.05175,0.0403897
82,99,8.05264,0.0399936
83,0,8.74528,0
83,1,8.60884,0.136438
83,2,8.52557,0.114621
83,3,8.49361,0.0871231
83,4,8.39573,0.118891
83,5,8.54653,0.179338
83,6,8.45707,0.175999
83,7,8.43379,0.154188
83,8,8.37694,0.147386
83,9,8.38702,0.132212
83,10,8.466,0.143317
83,11,8.40046,0.146329
83,12,8.38986,0.13502
83,13,8.39861,0.12531
83,14,8.39232,0.116826
83,15,8.36476,0.112704
83,16,8.33902,0.10895
83,17,8.35527,0.103996
83,18,8.35284,0.0984003
83,19,8.36575,0.09424
83,20,8.36323,0.0896756
83,21,8.3817,0.087475
83,22,8.36793,0.0847128
83,23,8.33409,0.0878806
83,24,8.29806,0.0916702
83,25,8.26852,0.0928944
83,26,8.27634,0.0897283
83,27,8.27353,0.08651
83,28,8.27266,0.0834781
83,29,8.27169,0.0806533
83,30,8.26337,0.0784508
83,31,8.24361,0.0784872
83,32,8.23314,0.0767898
83,33,8.22026,0.0756009
83,34,8.20354,0.07529
83,35,8.21416,0.0739357
83,36,8.2081,0.0721647
83,37,8.2044,0.0703371
83,38,8.18223,0.0720104
83,39,8.17439,0.0706228
83,40,8.16618,0.0693667
83,41,8.15082,0.0694156
83,42,8.13871,0.068855
83,43,8.13741,0.0672845
83,44,8.13016,0.0661711
83,45,8.12046,0.0654388
83,46,8.11052,0.0647986
83,47,8.10583,0.0636072
83,48,8.09951,0.0626154
83,49,8.11023,0.0622794
83,50,8.11006,0.0610463
83,51,8.11473,0.0600431
83,52,8.12823,0.0604257
83,53,8.12953,0.0593104
83,54,8.13273,0.0583102
83,55,8.14526,0.0586135
83,56,8.143,0.0576202
83,57,8.13546,0.0571176
83,58,8.13867,0.0562325
83,59,8.14073,0.0553258
83,60,8.14226,0.0544327
83,61,8.14966,0.0540576
83,62,8.15202,0.0532448
83,63,8.15298,0.052415
83,64,8.15451,0.051625
83,65,8.15582,0.0508536
83,66,8.15285,0.0501766
83,67,8.15073,0.0494786
83,68,8.14811,0.0488271
83,69,8.15746,0.0490244
83,70,8.15279,0.0485539
83,71,8.15701,0.0480601
83,72,8.14515,0.0488561
83,73,8.13951,0.0485211
83,74,8.13114,0.0485961
83,75,8.13315,0.0479946
83,76,8.12953,0.0475054
83,77,8.12806,0.0469155
83,78,8.1199,0.0470303
83,79,8.12547,0.046771
83,80,8.12556,0.0461901
83,81,8.12978,0.0458178
83,82,8.12413,0.0456141
83,83,8.12101,0.0451757
83,84,8.11746,0.0447821
83,85,8.11347,0.0444372
83,86,8.11984,0.0443827
83,87,8.11451,0.0441979
83,88,8.11459,0.0436986
83,89,8.11731,0.043296
83,90,8.12337,0.0432436
83,91,8.12128,0.0428218
83,92,8.12072,0.0423626
83,93,8.12004,0.041915
83,94,8.12247,0.0415425
83,95,8.12123,0.0411264
83,96,8.11529,0.0411306
83,97,8.1099,0.0410639
83,98,8.10478,0.0409692
83,99,8.10654,0.0405957
84,0,8.79648,0
84,1,8.61035,0.186132
84,2,8.58336,0.110801
84,3,8.5413,0.0889231
84,4,8.44797,0.115995
84,5,8.59935,0.178565
84,6,8.50644,0.177224
84,7,8.4773,0.156222
84,8,8.42366,0.147849
84,9,8.43814,0.133031
84,10,8.51473,0.142636
84,11,8.45548,0.143055
84,12,8.44777,0.131817
84,13,8.44873,0.122042
84,14,8.45334,0.113709
84,15,8.4272,0.109532
84,16,8.39864,0.106775
84,17,8.41747,0.102414
84,18,8.41588,0.0968872
84,19,8.4243,0.0922998
84,20,8.41975,0.0879127
84,21,8.43987,0.0862035
84,22,8.42575,0.0835711
84,23,8.39251,0.0866466
84,24,8.35503,0.0911672
84,25,8.32161,0.0937488
84,26,8.3283,0.0904578
84,27,8.32157,0.087427
84,28,8.3246,0.0844126
84,29,8.32229,0.0815831
84,30,8.31411,0.0793302
84,31,8.29598,0.0789211
84,32,8.28694,0.0770246
84,33,8.27393,0.0758485
84,34,8.25683,0.0756098
84,35,8.26917,0.0745093
84,36,8.26306,0.0727248
84,37,8.26135,0.0708057
84,38,8.24066,0.0720047
84,39,8.23185,0.0707319
84,40,8.2269,0.0691621
84,41,8.21217,0.069085
84,42,8.20032,0.0684929
84,43,8.19551,0.0670903
84,44,8.19074,0.0657559
84,45,8.18434,0.064628
84,46,8.17499,0.0639263
84,47,8.16768,0.0630056
84,48,8.16315,0.0618725
84,49,8.1723,0.0613094
84,50,8.17198,0.0600961
84,51,8.1737,0.0589542
84,52,8.18735,0.05942
84,53,8.18771,0.0583104
84,54,8.1903,0.0572989
84,55,8.2018,0.0574293
84,56,8.20006,0.0564397
84,57,8.19109,0.0561786
84,58,8.19412,0.0553015
84,59,8.19687,0.0544414
84,60,8.19875,0.0535745
84,61,8.2066,0.0532847
84,62,8.20805,0.0524522
84,63,8.20825,0.0516265
84,64,8.20889,0.05083
84,65,8.21001,0.0500666
84,66,8.20726,0.0493901
84,67,8.20623,0.0486692
84,68,8.20354,0.0480344
84,69,8.21101,0.0479295
84,70,8.20679,0.0474384
84,71,8.21166,0.0470286
84,72,8.20117,0.0475515
84,73,8.1953,0.0472712
84,74,8.18708,0.0473543
84,75,8.18787,0.0467336
84,76,8.18444,0.0462496
84,77,8.18194,0.0457211
84,78,8.17267,0.0460824
84,79,8.17803,0.0458181
84,80,8.17716,0.0452573
84,81,8.18129,0.0448923
84,82,8.17377,0.044982
84,83,8.17089,0.0445364
84,84,8.16819,0.0440919
84,85,8.1629,0.0438958
84,86,8.16906,0.0438238
84,87,8.16375,0.0436472
84,88,8.16283,0.0431639
84,89,8.16722,0.0429068
84,90,8.17144,0.0426419
84,91,8.16929,0.0422306
84,92,8.17003,0.0417805
84,93,8.16915,0.0413431
84,94,8.17178,0.0409902
84,95,8.1692,0.0406431
84,96,8.16373,0.0405912
84,97,8.15798,0.0405852
84,98,8.15237,0.0405625
84,99,8.15382,0.0401809
85,0,8.77137,0
85,1,8.60968,0.161687
85,2,8.60098,0.0937542
85,3,8.58547,0.0680855
85,4,8.50429,0.0968088
85,5,8.66153,0.175993
85,6,8.56186,0.179048
85,7,8.53541,0.157301
85,8,8.46966,0.153516
85,9,8.48198,0.13786
85,10,8.56388,0.149189
85,11,8.4989,0.150898
85,12,8.48649,0.139359
85,13,8.49048,0.129083
85,14,8.49388,0.120218
85,15,8.46307,0.116598
85,16,8.43395,0.113329
85,17,8.45727,0.109362
85,18,8.45978,0.103477
85,19,8.47306,0.0990612
85,20,8.46367,0.0946926
85,21,8.48331,0.0923961
85,22,8.47301,0.0888864
85,23,8.43936,0.0915123
85,24,8.39979,0.0962813
85,25,8.36711,0.0981085
85,26,8.37641,0.0948616
85,27,8.36962,0.0916622
85,28,8.37181,0.088472
85,29,8.36669,0.0856255
85,30,8.35492,0.0836485
85,31,8.33595,0.0831838
85,32,8.33021,0.0808282
85,33,8.31586,0.0797168
85,34,8.30198,0.0786399
85,35,8.3133,0.0772569
85,36,8.30713,0.0753921
85,37,8.30431,0.0734355
85,38,8.28344,0.0745103
85,39,8.27419,0.0732109
85,40,8.27177,0.071444
85,41,8.25631,0.0714149
85,42,8.24485,0.07067
85,43,8.24233,0.0690912
85,44,8.24068,0.0675586
85,45,8.23826,0.0661177
85,46,8.22701,0.0656665
85,47,8.22043,0.0646205
85,48,8.21684,0.0633896
85,49,8.22499,0.0626411
85,50,8.22468,0.0614013
85,51,8.22741,0.0602709
85,52,8.23831,0.0601186
85,53,8.23807,0.0589953
85,54,8.24249,0.0580811
85,55,8.25495,0.0583814
85,56,8.25194,0.057427
85,57,8.2434,0.0570716
85,58,8.24624,0.056168
85,59,8.25032,0.0553743
85,60,8.25176,0.054478
85,61,8.2587,0.0540393
85,62,8.26161,0.0532541
85,63,8.26271,0.0524269
85,64,8.26297,0.0516147
85,65,8.26519,0.0508752
85,66,8.26067,0.0503134
85,67,8.25974,0.0495768
85,68,8.25674,0.0489452
85,69,8.26356,0.0487208
85,70,8.25944,0.0482062
85,71,8.26579,0.0479542
85,72,8.2565,0.0481966
85,73,8.25078,0.0478835
85,74,8.24271,0.047925
85,75,8.24378,0.0473023
85,76,8.23851,0.0469798
85,77,8.23522,0.0464903
85,78,8.22496,0.0470297
85,79,8.2307,0.046791
85,80,8.22967,0.0462212
85,81,8.23453,0.0459123
85,82,8.22802,0.0458214
85,83,8.22445,0.0454132
85,84,8.22141,0.0449787
85,85,8.2173,0.0446415
85,86,8.22346,0.0445534
85,87,8.21896,0.0442737
85,88,8.21769,0.0437918
85,89,8.22181,0.0434977
85,90,8.2261,0.0432304
85,91,8.22345,0.0428401
85,92,8.22427,0.0423848
85,93,8.22426,0.0419315
85,94,8.22795,0.0416511
85,95,8.22526,0.0413024
85,96,8.21947,0.0412827
85,97,8.21346,0.0412989
85,98,8.20894,0.0411291
85,99,8.2102,0.0407353
86,0,8.71529,0
86,1,8.60319,0.112094
86,2,8.61484,0.0657577
86,3,8.61847,0.0466392
86,4,8.57248,0.0584891
86,5,8.72548,0.160283
86,6,8.63235,0.164385
86,7,8.60447,0.145066
86,8,8.52999,0.148038
86,9,8.55214,0.134248
86,10,8.62768,0.143015
86,11,8.56381,0.145341
86,12,8.54759,0.134675
86,13,8.55379,0.124839
86,14,8.55286,0.116223
86,15,8.52109,0.113263
86,16,8.49391,0.109808
86,17,8.51616,0.105892
86,18,8.51865,0.100195
86,19,8.52219,0.0951192
86,20,8.51203,0.0910457
86,21,8.52898,0.0884473
86,22,8.51996,0.0849942
86,23,8.48693,0.0878231
86,24,8.44807,0.0927661
86,25,8.41636,0.0945999
86,26,8.42455,0.0913962
86,27,8.42131,0.088131
86,28,8.42379,0.0850738
86,29,8.41843,0.0823639
86,30,8.40686,0.080498
86,31,8.38788,0.0802214
86,32,8.38257,0.0779335
86,33,8.36897,0.0768196
86,34,8.35441,0.0759999
86,35,8.36622,0.0747964
86,36,8.35849,0.0731559
86,37,8.35606,0.0712463
86,38,8.33389,0.0728503
86,39,8.32616,0.0714252
86,40,8.32248,0.0697583
86,41,8.3055,0.0701641
86,42,8.29547,0.0692424
86,43,8.29318,0.0676892
86,44,8.29046,0.0662239
86,45,8.28762,0.0648304
86,46,8.27602,0.0644887
86,47,8.2672,0.0637432
86,48,8.26552,0.0624515
86,49,8.27583,0.0620518
86,50,8.2776,0.0608488
86,51,8.2805,0.0597376
86,52,8.2909,0.0595148
86,53,8.29075,0.0584025
86,54,8.29493,0.0574832
86,55,8.30592,0.0575061
86,56,8.30246,0.056594
86,57,8.29253,0.0564891
86,58,8.29466,0.0555644
86,59,8.29752,0.0547048
86,60,8.30114,0.0539227
86,61,8.30771,0.0534508
86,62,8.30915,0.0526153
86,63,8.31044,0.0518028
86,64,8.312,0.0510232
86,65,8.31357,0.0502689
86,66,8.30765,0.0498661
86,67,8.30647,0.0491415
86,68,8.3036,0.0485087
86,69,8.31078,0.0483472
86,70,8.30708,0.0478047
86,71,8.31429,0.0476833
86,72,8.30384,0.0481717
86,73,8.29793,0.0478822
86,74,8.29041,0.0478354
86,75,8.29243,0.0472453
86,76,8.29038,0.046673
86,77,8.28783,0.0461412
86,78,8.2761,0.0470399
86,79,8.28211,0.0468362
86,80,8.28146,0.0462591
86,81,8.28641,0.0459594
86,82,8.28017,0.0458302
86,83,8.27557,0.0455138
86,84,8.27316,0.0450399
86,85,8.2685,0.0447562
86,86,8.27445,0.0446372
86,87,8.26916,0.0444427
86,88,8.26839,0.0439473
86,89,8.27232,0.0436338
86,90,8.27684,0.0433875
86,91,8.27415,0.0429977
86,92,8.27648,0.0425968
86,93,8.27635,0.0421414
86,94,8.27912,0.0417872
86,95,8.27567,0.0414929
86,96,8.27003,0.0414491
86,97,8.26392,0.0414761
86,98,8.25935,0.0413082
86,99,8.26134,0.0409415
87,0,8.77154,0
87,1,8.61961,0.151926
87,2,8.64978,0.0927571
87,3,8.65053,0.0655935
87,4,8.61784,0.0604156
87,5,8.78052,0.169988
87,6,8.71205,0.159146
87,7,8.67629,0.142388
87,8,8.59664,0.148706
87,9,8.62662,0.136343
87,10,8.69896,0.142979
87,11,8.63672,0.144604
87,12,8.61659,0.13453
87,13,8.61983,0.124593
87,14,8.61787,0.116006
87,15,8.58718,0.112771
87,16,8.55734,0.110051
87,17,8.58043,0.106294
87,18,8.58285,0.100573
87,19,8.58641,0.0954783
87,20,8.57467,0.0915733
87,21,8.5907,0.0887713
87,22,8.58461,0.0850423
87,23,8.55299,0.0873453
87,24,8.51833,0.0906648
87,25,8.48648,0.0927512
87,26,8.49642,0.0898025
87,27,8.49298,0.0866043
87,28,8.4995,0.0838189
87,29,8.49631,0.0810397
87,30,8.48132,0.079803
87,31,8.46269,0.0794828
87,32,8.45814,0.0771704
87,33,8.4433,0.0763236
87,34,8.42768,0.0757386
87,35,8.43626,0.0741033
87,36,8.42692,0.0726762
87,37,8.42294,0.0708497
87,38,8.40181,0.0721703
87,39,8.39317,0.0708721
87,40,8.39257,0.0691245
87,41,8.37491,0.0697303
87,42,8.36278,0.069162
87,43,8.35923,0.0676651
87,44,8.35472,0.0662978
87,45,8.35077,0.0649611
87,46,8.34215,0.0641453
87,47,8.33218,0.0635816
87,48,8.32953,0.0623268
87,49,8.3393,0.0618436
87,50,8.34243,0.0606998
87,51,8.34354,0.0595314
87,52,8.35368,0.0592714
87,53,8.35492,0.0581767
87,54,8.35858,0.0572263
87,55,8.37111,0.0575752
87,56,8.36821,0.0566303
87,57,8.35573,0.0570277
87,58,8.35707,0.0560688
87,59,8.35903,0.0551613
87,60,8.3634,0.0544251
87,61,8.37035,0.0539898
87,62,8.37211,0.053155
87,63,8.37358,0.0523386
87,64,8.37576,0.0515729
87,65,8.3766,0.0507925
87,66,8.37142,0.0502958
87,67,8.36977,0.0495783
87,68,8.36637,0.0489728
87,69,8.3728,0.0486945
87,70,8.37085,0.0480433
87,71,8.37698,0.0477665
87,72,8.36597,0.0483779
87,73,8.35789,0.048399
87,74,8.34939,0.0484986
87,75,8.35135,0.0478961
87,76,8.34753,0.0474239
87,77,8.34574,0.0468461
87,78,8.33332,0.047888
87,79,8.33935,0.0476687
87,80,8.33724,0.0471241
87,81,8.34304,0.0469064
87,82,8.33564,0.0469251
87,83,8.33057,0.0466397
87,84,8.32729,0.046204
87,85,8.32246,0.0459185
87,86,8.32736,0.0456518
87,87,8.32145,0.0455158
87,88,8.32046,0.0450123
87,89,8.32447,0.04469
87,90,8.32873,0.0444008
87,91,8.32625,0.0439857
87,92,8.32877,0.0435827
87,93,8.32854,0.0431172
87,94,8.33218,0.0428157
87,95,8.32799,0.042574
87,96,8.32198,0.0425596
87,97,8.31529,0.0426507
87,98,8.31109,0.0424265
87,99,8.3128,0.0420352
88,0,8.81604,0
88,1,8.65739,0.158654
88,2,8.6596,0.0916256
88,3,8.66699,0.0652093
88,4,8.62842,0.0635536
88,5,8.80999,0.188844
88,6,8.75551,0.168646
88,7,8.72379,0.149456
88,8,8.63983,0.156274
88,9,8.67504,0.144141
88,10,8.74762,0.149224
88,11,8.67951,0.152302
88,12,8.65847,0.141669
88,13,8.66191,0.131205
88,14,8.6616,0.122145
88,15,8.63234,0.117944
88,16,8.60283,0.114651
88,17,8.62607,0.110563
88,18,8.6271,0.104587
88,19,8.62871,0.0992333
88,20,8.61991,0.0947992
88,21,8.63635,0.0918702
88,22,8.6305,0.0879798
88,23,8.59813,0.0902376
88,24,8.56382,0.0931056
88,25,8.53359,0.0944244
88,26,8.54532,0.0916145
88,27,8.54209,0.0883409
88,28,8.55116,0.0857212
88,29,8.54865,0.0828525
88,30,8.53263,0.0817204
88,31,8.51279,0.0815766
88,32,8.5082,0.0791987
88,33,8.49355,0.0782188
88,34,8.47897,0.0773377
88,35,8.48829,0.0757338
88,36,8.47811,0.0743581
88,37,8.47081,0.0727422
88,38,8.45117,0.073525
88,39,8.44338,0.072085
88,40,8.44446,0.0703132
88,41,8.42767,0.0706424
88,42,8.41459,0.0702108
88,43,8.41116,0.068682
88,44,8.40684,0.0672773
88,45,8.40426,0.065849
88,46,8.39673,0.0648709
88,47,8.38674,0.0642867
88,48,8.38179,0.0631556
88,49,8.39235,0.0627748
88,50,8.39654,0.0616743
88,51,8.39773,0.0604883
88,52,8.40825,0.0602609
88,53,8.4102,0.0591666
88,54,8.41326,0.0581615
88,55,8.42471,0.0582506
88,56,8.42316,0.0572405
88,57,8.41016,0.0577277
88,58,8.41151,0.0567567
88,59,8.41208,0.0558057
88,60,8.41656,0.0550656
88,61,8.42341,0.0546019
88,62,8.42391,0.0537305
88,63,8.42641,0.0529433
88,64,8.42759,0.0521359
88,65,8.42732,0.0513406
88,66,8.4209,0.0509746
88,67,8.42049,0.0502211
88,68,8.41634,0.0496613
88,69,8.42276,0.0493657
88,70,8.41821,0.0488776
88,71,8.42387,0.0485254
88,72,8.41253,0.0491814
88,73,8.40443,0.0491845
88,74,8.39565,0.0493112
88,75,8.39835,0.0487325
88,76,8.39368,0.0483219
88,77,8.39098,0.0477742
88,78,8.37823,0.04886
88,79,8.38359,0.0485422
88,80,8.38121,0.0479981
88,81,8.38789,0.0478778
88,82,8.38094,0.0478056
88,83,8.37575,0.0475171
88,84,8.37303,0.0470336
88,85,8.36879,0.0466769
88,86,8.37364,0.0463922
88,87,8.36736,0.0462909
88,88,8.36521,0.0458181
88,89,8.36962,0.0455196
88,90,8.3733,0.0451674
88,91,8.37125,0.0447209
88,92,8.37546,0.0444375
88,93,8.37696,0.0439878
88,94,8.38124,0.043732
88,95,8.37634,0.0435512
88,96,8.37086,0.0434459
88,97,8.36482,0.0434222
88,98,8.36102,0.0431497
88,99,8.36298,0.042761
89,0,8.79205,0
89,1,8.63349,0.158561
89,2,8.65366,0.0937408
89,3,8.67493,0.0696123
89,4,8.66851,0.0543018
89,5,8.8574,0.194021
89,6,8.80329,0.172674
89,7,8.77675,0.151877
89,8,8.69734,0.155715
89,9,8.72959,0.142961
89,10,8.80775,0.151099
89,11,8.73775,0.15468
89,12,8.70721,0.145525
89,13,8.71727,0.135105
89,14,8.7203,0.125812
89,15,8.6932,0.120767
89,16,8.66051,0.118058
89,17,8.68659,0.11432
89,18,8.68558,0.108141
89,19,8.68552,0.102591
89,20,8.67173,0.0985528
89,21,8.68439,0.0948148
89,22,8.67567,0.0910177
89,23,8.64258,0.0932139
89,24,8.60549,0.0967954
89,25,8.57747,0.097127
89,26,8.58622,0.0938692
89,27,8.58348,0.0904959
89,28,8.59331,0.0878707
89,29,8.59394,0.0848935
89,30,8.58034,0.0832278
89,31,8.56149,0.0827595
89,32,8.55575,0.0804178
89,33,8.53909,0.0797756
89,34,8.52571,0.0786095
89,35,8.53448,0.0768959
89,36,8.52522,0.0753596
89,37,8.51531,0.0740158
89,38,8.4971,0.0743567
89,39,8.48772,0.0730788
89,40,8.49193,0.0713985
89,41,8.47497,0.0717127
89,42,8.46199,0.0712179
89,43,8.45691,0.0697657
89,44,8.45313,0.0683025
89,45,8.45267,0.0668028
89,46,8.44505,0.0658085
89,47,8.43511,0.0651854
89,48,8.42949,0.0640882
89,49,8.44078,0.0638003
89,50,8.44496,0.0626764
89,51,8.44759,0.0615157
89,52,8.45647,0.0609931
89,53,8.45986,0.0599487
89,54,8.46133,0.0588671
89,55,8.47441,0.0592674
89,56,8.47044,0.0583532
89,57,8.4575,0.05878
89,58,8.45788,0.0577763
89,59,8.45783,0.0568052
89,60,8.46273,0.0560808
89,61,8.46845,0.0554646
89,62,8.46954,0.0545881
89,63,8.47019,0.0537322
89,64,8.47184,0.052925
89,65,8.47235,0.0521194
89,66,8.46642,0.0516775
89,67,8.46663,0.0509123
89,68,8.46325,0.0502829
89,69,8.46871,0.0498587
89,70,8.46372,0.0494037
89,71,8.47018,0.0491399
89,72,8.45812,0.0499403
89,73,8.45104,0.0497672
89,74,8.44012,0.0503003
89,75,8.44198,0.0496689
89,76,8.43673,0.0493002
89,77,8.43395,0.0487433
89,78,8.42243,0.0494801
89,79,8.42905,0.049304
89,80,8.42726,0.0487243
89,81,8.43322,0.048493
89,82,8.4264,0.048388
89,83,8.42155,0.0480533
89,84,8.41769,0.0476417
89,85,8.41381,0.047244
89,86,8.41938,0.0470291
89,87,8.4148,0.0467163
89,88,8.41092,0.0463515
89,89,8.41566,0.0460778
89,90,8.41847,0.0456556
89,91,8.41764,0.0451644
89,92,8.42017,0.0447475
89,93,8.42207,0.0443097
89,94,8.42636,0.0440506
89,95,8.42211,0.0437963
89,96,8.41747,0.04359
89,97,8.41145,0.0435613
89,98,8.40775,0.0432776
89,99,8.41061,0.042938
90,0,8.82932,0
90,1,8.67806,0.151266
90,2,8.66266,0.0886792
90,3,8.71293,0.0803678
90,4,8.67815,0.0713092
90,5,8.89759,0.227026
90,6,8.84154,0.199892
90,7,8.81025,0.175917
90,8,8.73607,0.171964
90,9,8.76758,0.157005
90,10,8.85403,0.16626
90,11,8.78237,0.167842
90,12,8.75027,0.157695
90,13,8.75937,0.146281
90,14,8.76722,0.136406
90,15,8.74569,0.129399
90,16,8.71707,0.124872
90,17,8.74146,0.120229
90,18,8.74339,0.113742
90,19,8.74882,0.108041
90,20,8.74068,0.103089
90,21,8.75747,0.0997142
90,22,8.75111,0.0954922
90,23,8.71558,0.0980864
90,24,8.67634,0.101938
90,25,8.65065,0.101252
90,26,8.66057,0.0979327
90,27,8.65889,0.0943852
90,28,8.66714,0.0914455
90,29,8.6665,0.0883471
90,30,8.65035,0.0869613
90,31,8.63234,0.0861058
90,32,8.62467,0.0838075
90,33,8.60644,0.0833228
90,34,8.59253,0.0820947
90,35,8.6065,0.0809951
90,36,8.59964,0.0790738
90,37,8.58849,0.0777682
90,38,8.56892,0.0782335
90,39,8.561,0.0766632
90,40,8.56266,0.0747884
90,41,8.54394,0.0753476
90,42,8.52803,0.0752757
90,43,8.52398,0.0736562
90,44,8.51861,0.0722008
90,45,8.51837,0.0706142
90,46,8.51141,0.0694449
90,47,8.50231,0.0685891
90,48,8.49674,0.0674049
90,49,8.50784,0.0669691
90,50,8.51235,0.0657972
90,51,8.51265,0.0645202
90,52,8.52276,0.0640934
90,53,8.52778,0.0630952
90,54,8.52694,0.0619431
90,55,8.54069,0.0623611
90,56,8.5363,0.0614144
90,57,8.52311,0.0617696
90,58,8.52435,0.0607262
90,59,8.5225,0.0597339
90,60,8.52683,0.058906
90,61,8.53185,0.0581651
90,62,8.53329,0.0572523
90,63,8.5325,0.0563562
90,64,8.53346,0.0554906
90,65,8.53364,0.0546437
90,66,8.52771,0.0541474
90,67,8.52654,0.053358
90,68,8.52374,0.0526538
90,69,8.5292,0.0521825
90,70,8.52391,0.0517136
90,71,8.52954,0.0513007
90,72,8.51868,0.0517465
90,73,8.51076,0.0516522
90,74,8.49913,0.0522704
90,75,8.50041,0.051594
90,76,8.49595,0.0511139
90,77,8.4936,0.050509
90,78,8.4819,0.0512212
90,79,8.48746,0.0508817
90,80,8.48598,0.0502715
90,81,8.48997,0.049815
90,82,8.48321,0.049674
90,83,8.4799,0.0491899
90,84,8.47577,0.0487835
90,85,8.47177,0.0483783
90,86,8.47683,0.0480856
90,87,8.47345,0.0476561
90,88,8.46802,0.0474293
90,89,8.47132,0.0470153
90,90,8.47286,0.0465213
90,91,8.47173,0.0460266
90,92,8.47308,0.045549
90,93,8.47414,0.0450742
90,94,8.47791,0.0447567
90,95,8.47303,0.0445561
90,96,8.46706,0.0444977
90,97,8.46101,0.0444541
90,98,8.45669,0.0442141
90,99,8.45978,0.0438785
91,0,8.88739,0
91,1,8.76658,0.120806
91,2,8.72613,0.0806258
91,3,8.77003,0.0719524
91,4,8.72362,0.072525
91,5,8.92872,0.213473
91,6,8.87339,0.18871
91,7,8.8417,0.166472
91,8,8.77944,0.159469
91,9,8.81418,0.146803
91,10,8.90398,0.160299
91,11,8.82789,0.164932
91,12,8.80109,0.154064
91,13,8.81576,0.143388
91,14,8.82779,0.134028
91,15,8.80178,0.128043
91,16,8.77363,0.123524
91,17,8.78728,0.117257
91,18,8.79188,0.111009
91,19,8.80078,0.105687
91,20,8.7901,0.101094
91,21,8.79954,0.0968507
91,22,8.79366,0.0927305
91,23,8.75859,0.0954594
91,24,8.71018,0.103571
91,25,8.68529,0.102574
91,26,8.69489,0.0991684
91,27,8.69442,0.0955622
91,28,8.70261,0.0925711
91,29,8.70167,0.0894372
91,30,8.68417,0.0882574
91,31,8.66523,0.0875267
91,32,8.65419,0.0855489
91,33,8.63711,0.0847338
91,34,8.62404,0.0833095
91,35,8.64018,0.0825564
91,36,8.63513,0.080453
91,37,8.62543,0.078906
91,38,8.60291,0.080086
91,39,8.5968,0.0782971
91,40,8.59799,0.0763729
91,41,8.57931,0.0768366
91,42,8.56245,0.0768996
91,43,8.55784,0.0752733
91,44,8.55446,0.0736591
91,45,8.55345,0.0720471
91,46,8.5467,0.0708199
91,47,8.53674,0.0700405
91,48,8.52954,0.0689724
91,49,8.54004,0.0683888
91,50,8.54579,0.0672811
91,51,8.54428,0.065992
91,52,8.55565,0.065725
91,53,8.56084,0.0647053
91,54,8.56014,0.0635219
91,55,8.57199,0.0634925
91,56,8.56881,0.0624498
91,57,8.55353,0.0632358
91,58,8.55453,0.0621627
91,59,8.55291,0.0611393
91,60,8.5589,0.060426
91,61,8.56294,0.0595805
91,62,8.56457,0.0586499
91,63,8.56342,0.0577376
91,64,8.56495,0.0568631
91,65,8.56639,0.0560133
91,66,8.56194,0.0553501
91,67,8.55888,0.0546159
91,68,8.55566,0.0539144
91,69,8.56095,0.0534008
91,70,8.55621,0.0528564
91,71,8.56187,0.0524236
91,72,8.55295,0.0524633
91,73,8.54525,0.0523193
91,74,8.5336,0.0529152
91,75,8.53476,0.0522272
91,76,8.53028,0.0517387
91,77,8.52791,0.0511261
91,78,8.51723,0.0515926
91,79,8.52221,0.0511863
91,80,8.52165,0.0505535
91,81,8.52529,0.0500657
91,82,8.51857,0.0499131
91,83,8.51444,0.0494878
91,84,8.51086,0.0490327
91,85,8.50765,0.0485656
91,86,8.51341,0.0483482
91,87,8.50963,0.0479446
91,88,8.50468,0.047661
91,89,8.50673,0.0471733
91,90,8.50815,0.0466735
91,91,8.50751,0.0461678
91,92,8.50907,0.0456951
91,93,8.50912,0.0452064
91,94,8.51219,0.0448336
91,95,8.50829,0.0445352
91,96,8.5026,0.0444391
91,97,8.49724,0.0443087
91,98,8.4919,0.0441832
91,99,8.49641,0.0439705
92,0,8.82576,0
92,1,8.73509,0.0906662
92,2,8.73407,0.0523561
92,3,8.77072,0.0520886
92,4,8.73504,0.0538584
92,5,8.92875,0.198636
92,6,8.88149,0.174402
92,7,8.8612,0.152393
92,8,8.79574,0.149492
92,9,8.84084,0.141109
92,10,8.94234,0.16308
92,11,8.86769,0.166541
92,12,8.83879,0.155897
92,13,8.84559,0.144493
92,14,8.85406,0.134782
92,15,8.82863,0.128616
92,16,8.79872,0.12446
92,17,8.80664,0.117609
92,18,8.8154,0.111591
92,19,8.81873,0.105917
92,20,8.80743,0.101379
92,21,8.82136,0.0976597
92,22,8.81229,0.0937567
92,23,8.77588,0.0968663
92,24,8.72811,0.104476
92,25,8.70439,0.103142
92,26,8.71332,0.0996491
92,27,8.71565,0.0960526
92,28,8.72532,0.093185
92,29,8.72408,0.0900337
92,30,8.7067,0.0887992
92,31,8.687,0.0882077
92,32,8.6803,0.0857554
92,33,8.66079,0.0854512
92,34,8.64804,0.0839472
92,35,8.66337,0.0830096
92,36,8.6553,0.0811369
92,37,8.64693,0.0794156
92,38,8.6254,0.0802924
92,39,8.61802,0.0786069
92,40,8.61959,0.0766817
92,41,8.6001,0.0773298
92,42,8.58303,0.0774162
92,43,8.58141,0.0756536
92,44,8.57733,0.0740654
92,45,8.57627,0.0724452
92,46,8.57357,0.0709387
92,47,8.56356,0.0701632
92,48,8.55887,0.0688758
92,49,8.56948,0.0683136
92,50,8.57607,0.0672837
92,51,8.57467,0.0659919
92,52,8.58718,0.0659334
92,53,8.59179,0.0648646
92,54,8.59177,0.0636744
92,55,8.6058,0.0640826
92,56,8.60199,0.0630636
92,57,8.58767,0.0636004
92,58,8.58746,0.0625135
92,59,8.58576,0.0614862
92,60,8.59135,0.0607272
92,61,8.59595,0.059917
92,62,8.59977,0.0590818
92,63,8.59782,0.058184
92,64,8.60003,0.0573243
92,65,8.60047,0.0564508
92,66,8.59649,0.0557439
92,67,8.59338,0.0550059
92,68,8.59028,0.0542915
92,69,8.59484,0.053704
92,70,8.59067,0.0531057
92,71,8.59605,0.0526377
92,72,8.58591,0.0528926
92,73,8.57841,0.0527091
92,74,8.56697,0.0532449
92,75,8.56854,0.0525631
92,76,8.56476,0.0520137
92,77,8.5626,0.0513877
92,78,8.55237,0.0517539
92,79,8.55736,0.051346
92,80,8.55692,0.0507101
92,81,8.56088,0.0502438
92,82,8.55497,0.0499848
92,83,8.55087,0.0495563
92,84,8.54684,0.0491349
92,85,8.54349,0.0486759
92,86,8.54902,0.0484299
92,87,8.54497,0.0480476
92,88,8.53995,0.047769
92,89,8.54315,0.0473438
92,90,8.54515,0.0468633
92,91,8.54544,0.046352
92,92,8.54709,0.0458805
92,93,8.54729,0.0453902
92,94,8.55036,0.0450153
92,95,8.54751,0.0446353
92,96,8.54232,0.044477
92,97,8.53599,0.0444733
92,98,8.53095,0.044309
92,99,8.53562,0.044111
93,0,8.81257,0
93,1,8.76391,0.0486543
93,2,8.75077,0.031013
93,3,8.77988,0.0364456
93,4,8.75522,0.0374837
93,5,8.94773,0.194928
93,6,8.9123,0.168512
93,7,8.90814,0.145995
93,8,8.84675,0.142639
93,9,8.89,0.134711
93,10,8.98954,0.157339
93,11,8.91964,0.159736
93,12,8.88418,0.151154
93,13,8.89085,0.1401
93,14,8.8991,0.130687
93,15,8.86635,0.126559
93,16,8.83459,0.12305
93,17,8.84804,0.11679
93,18,8.86168,0.111312
93,19,8.85799,0.105664
93,20,8.85398,0.100587
93,21,8.86499,0.0965361
93,22,8.85532,0.0927485
93,23,8.81617,0.0970499
93,24,8.76734,0.105116
93,25,8.74631,0.103159
93,26,8.75432,0.0995883
93,27,8.75608,0.0959818
93,28,8.76908,0.0935211
93,29,8.76895,0.09035
93,30,8.7516,0.0890922
93,31,8.73217,0.0884247
93,32,8.72533,0.0859755
93,33,8.7043,0.0860189
93,34,8.69087,0.0845986
93,35,8.70486,0.0833984
93,36,8.69221,0.0820938
93,37,8.68727,0.0800569
93,38,8.66144,0.0821454
93,39,8.65493,0.0803298
93,40,8.65365,0.0783564
93,41,8.63461,0.0788031
93,42,8.6196,0.0783987
93,43,8.61773,0.0766192
93,44,8.61338,0.0750231
93,45,8.61274,0.0733769
93,46,8.61148,0.0718098
93,47,8.60114,0.0710538
93,48,8.59933,0.0696121
93,49,8.609,0.0688869
93,50,8.61786,0.0681015
93,51,8.61745,0.0667803
93,52,8.63107,0.0669101
93,53,8.63601,0.0658447
93,54,8.63792,0.0646647
93,55,8.65179,0.0649955
93,56,8.64824,0.0639434
93,57,8.63385,0.0644596
93,58,8.63494,0.063367
93,59,8.63428,0.0623054
93,60,8.63862,0.061429
93,61,8.6441,0.0606774
93,62,8.64876,0.0598885
93,63,8.64664,0.0589833
93,64,8.64846,0.0580973
93,65,8.64881,0.0572113
93,66,8.64384,0.0565698
93,67,8.64124,0.0557923
93,68,8.63941,0.055008
93,69,8.6443,0.0544364
93,70,8.63992,0.0538424
93,71,8.64736,0.0536075
93,72,8.63701,0.0538719
93,73,8.6284,0.0538313
93,74,8.61752,0.0542113
93,75,8.61881,0.0535088
93,76,8.61465,0.0529734
93,77,8.61347,0.0523031
93,78,8.60238,0.0528139
93,79,8.60638,0.0523027
93,80,8.60468,0.0516808
93,81,8.60893,0.0512229
93,82,8.60372,0.0508691
93,83,8.59932,0.0504518
93,84,8.5951,0.0500332
93,85,8.59194,0.049549
93,86,8.59598,0.0491422
93,87,8.59298,0.0486727
93,88,8.58853,0.0483286
93,89,8.59131,0.0478695
93,90,8.59393,0.047413
93,91,8.59383,0.0468949
93,92,8.59534,0.0464126
93,93,8.59553,0.0459165
93,94,8.59976,0.0456267
93,95,8.5965,0.0452663
93,96,8.59194,0.0450282
93,97,8.58478,0.0451393
93,98,8.57986,0.0449509
93,99,8.58438,0.0447284
94,0,8.88807,0
94,1,8.75736,0.130704
94,2,8.74046,0.0773313
94,3,8.77258,0.0634165
94,4,8.75002,0.0540543
94,5,8.96506,0.219522
94,6,8.93163,0.188517
94,7,8.92581,0.163364
94,8,8.85733,0.15952
94,9,8.91683,0.154586
94,10,9.01562,0.171206
94,11,8.94601,0.171087
94,12,8.91404,0.160594
94,13,8.92074,0.148832
94,14,8.93301,0.139098
94,15,8.89837,0.134648
94,16,8.86422,0.131008
94,17,8.87799,0.124281
94,18,8.89282,0.118489
94,19,8.88962,0.112454
94,20,8.88446,0.10709
94,21,8.90036,0.103337
94,22,8.89517,0.0988789
94,23,8.85973,0.101085
94,24,8.80913,0.109363
94,25,8.78503,0.107803
94,26,8.79311,0.104048
94,27,8.7964,0.100317
94,28,8.80916,0.0976337
94,29,8.81065,0.0943349
94,30,8.79432,0.0926909
94,31,8.77513,0.0917768
94,32,8.77094,0.0890508
94,33,8.74999,0.0888952
94,34,8.73793,0.0871571
94,35,8.74946,0.085483
94,36,8.73462,0.084455
94,37,8.72914,0.0823848
94,38,8.70222,0.084641
94,39,8.6965,0.0826953
94,40,8.69061,0.0808683
94,41,8.67351,0.0807508
94,42,8.65769,0.0804208
94,43,8.65551,0.0786022
94,44,8.65061,0.0769913
94,45,8.64973,0.0753042
94,46,8.64643,0.0737586
94,47,8.63694,0.0728257
94,48,8.63536,0.0713417
94,49,8.64547,0.0706282
94,50,8.65421,0.0697788
94,51,8.65606,0.0684487
94,52,8.66984,0.0685445
94,53,8.67788,0.0677421
94,54,8.67989,0.0665294
94,55,8.6958,0.0672391
94,56,8.69129,0.0662022
94,57,8.67682,0.0666422
94,58,8.67804,0.0655143
94,59,8.67687,0.0644237
94,60,8.68068,0.0634733
94,61,8.68631,0.0626946
94,62,8.69006,0.0618053
94,63,8.68651,0.0609356
94,64,8.68765,0.0600017
94,65,8.68582,0.059114
94,66,8.68231,0.0583307
94,67,8.68048,0.0574955
94,68,8.67928,0.0566688
94,69,8.68338,0.0560036
94,70,8.67852,0.0554232
94,71,8.68632,0.0552024
94,72,8.6756,0.0554864
94,73,8.66656,0.0554731
94,74,8.65554,0.0558268
94,75,8.65624,0.0550918
94,76,8.65394,0.0544205
94,77,8.65301,0.0537262
94,78,8.64161,0.0542546
94,79,8.64517,0.0536905
94,80,8.64447,0.0530282
94,81,8.64821,0.0525109
94,82,8.64387,0.0520556
94,83,8.63851,0.0517111
94,84,8.63442,0.0512619
94,85,8.63034,0.0508265
94,86,8.63486,0.0504416
94,87,8.63165,0.0499679
94,88,8.62723,0.0496012
94,89,8.62993,0.0491215
94,90,8.63233,0.048638
94,91,8.63224,0.0481065
94,92,8.63384,0.0476132
94,93,8.63397,0.0471041
94,94,8.63808,0.0467858
94,95,8.63436,0.0464448
94,96,8.62984,0.0461847
94,97,8.62271,0.0462641
94,98,8.61838,0.0459988
94,99,8.6227,0.0457411
95,0,8.87067,0
95,1,8.79676,0.0739099
95,2,8.77808,0.046583
95,3,8.79567,0.0373419
95,4,8.78494,0.0308522
95,5,8.96802,0.184805
95,6,8.95466,0.156759
95,7,8.93592,0.137044
95,8,8.86279,0.141266
95,9,8.93184,0.143988
95,10,9.02335,0.159175
95,11,8.96154,0.157903
95,12,8.93903,0.146984
95,13,8.94009,0.136085
95,14,8.95062,0.127125
95,15,8.92433,0.121786
95,16,8.89114,0.119115
95,17,8.90487,0.113139
95,18,8.92037,0.108135
95,19,8.91885,0.102597
95,20,8.91347,0.0977372
95,21,8.92877,0.0944366
95,22,8.92531,0.0903035
95,23,8.89033,0.0932684
95,24,8.8412,0.102062
95,25,8.81801,0.100764
95,26,8.82563,0.0972594
95,27,8.82795,0.0937501
95,28,8.84173,0.0915028
95,29,8.85085,0.0888693
95,30,8.83602,0.0872233
95,31,8.81799,0.086358
95,32,8.8094,0.0841395
95,33,8.78841,0.084284
95,34,8.77483,0.0829583
95,35,8.78536,0.0813058
95,36,8.76947,0.0806586
95,37,8.76589,0.078589
95,38,8.74094,0.0805124
95,39,8.7386,0.0785087
95,40,8.73241,0.0768198
95,41,8.71385,0.07723
95,42,8.69864,0.0769322
95,43,8.6947,0.0752667
95,44,8.68846,0.0738388
95,45,8.68519,0.0722897
95,46,8.68064,0.070881
95,47,8.67215,0.0699069
95,48,8.67325,0.0684742
95,49,8.68351,0.0678711
95,50,8.69293,0.0671901
95,51,8.69603,0.0659584
95,52,8.70803,0.0658046
95,53,8.71921,0.0655363
95,54,8.72092,0.0643564
95,55,8.7361,0.0649931
95,56,8.73129,0.0640234
95,57,8.71742,0.0644213
95,58,8.72023,0.0633825
95,59,8.72068,0.0623188
95,60,8.72392,0.0613743
95,61,8.72878,0.0605714
95,62,8.73202,0.0596899
95,63,8.72924,0.0588155
95,64,8.73154,0.0579491
95,65,8.73106,0.0570664
95,66,8.73021,0.0562146
95,67,8.72794,0.0554283
95,68,8.72531,0.0546821
95,69,8.72944,0.0540528
95,70,8.72495,0.0534748
95,71,8.73258,0.0532756
95,72,8.72149,0.0536975
95,73,8.71143,0.0539135
95,74,8.69888,0.0546521
95,75,8.69999,0.0539397
95,76,8.69828,0.053262
95,77,8.69846,0.0525751
95,78,8.68709,0.0531374
95,79,8.69071,0.052594
95,80,8.68989,0.0519472
95,81,8.69399,0.0514735
95,82,8.68922,0.051073
95,83,8.68439,0.0506917
95,84,8.68133,0.0501854
95,85,8.67694,0.049792
95,86,8.68132,0.0494114
95,87,8.67855,0.0489257
95,88,8.67561,0.0484619
95,89,8.67793,0.0479767
95,90,8.67869,0.0474526
95,91,8.67857,0.0469342
95,92,8.68029,0.0464589
95,93,8.68035,0.045962
95,94,8.68439,0.0456547
95,95,8.67965,0.0454238
95,96,8.67571,0.0451256
95,97,8.66804,0.0453164
95,98,8.66385,0.0450521
95,99,8.66915,0.0449128
96,0,9.00814,0
96,1,8.89596,0.112177
96,2,8.83852,0.0865675
96,3,8.85335,0.0629829
96,4,8.84436,0.049609
96,5,9.03,0.19001
96,6,9.0202,0.160886
96,7,8.99191,0.142174
96,8,8.92176,0.143673
96,9,8.98685,0.144048
96,10,9.07261,0.155988
96,11,9.01048,0.155362
96,12,8.98808,0.144658
96,13,8.99211,0.133987
96,14,9.0012,0.125067
96,15,8.97697,0.119473
96,16,8.94258,0.117376
96,17,8.95549,0.111414
96,18,8.96809,0.106136
96,19,8.96656,0.100702
96,20,8.95957,0.0960409
96,21,8.97908,0.093627
96,22,8.98165,0.0895006
96,23,8.94355,0.0937788
96,24,8.89417,0.102611
96,25,8.87549,0.100341
96,26,8.8886,0.097439
96,27,8.88963,0.0939003
96,28,8.90488,0.0918778
96,29,8.91095,0.08897
96,30,8.89567,0.0873983
96,31,8.87714,0.0866288
96,32,8.86984,0.0842791
96,33,8.84753,0.084752
96,34,8.83449,0.0833216
96,35,8.84608,0.0818001
96,36,8.82975,0.081218
96,37,8.82696,0.0791011
96,38,8.80185,0.0810337
96,39,8.79817,0.0790674
96,40,8.79471,0.0771927
96,41,8.77506,0.0778514
96,42,8.76061,0.0773816
96,43,8.75739,0.075671
96,44,8.75055,0.0742856
96,45,8.74469,0.0728888
96,46,8.74069,0.0714332
96,47,8.7337,0.0702775
96,48,8.73354,0.0688285
96,49,8.74191,0.0679553
96,50,8.75044,0.067153
96,51,8.75309,0.0659026
96,52,8.76654,0.0660312
96,53,8.77527,0.0653818
96,54,8.77684,0.0642013
96,55,8.79133,0.0646867
96,56,8.78518,0.0638384
96,57,8.77045,0.064434
96,58,8.77309,0.0633873
96,59,8.77384,0.0623265
96,60,8.77792,0.0614318
96,61,8.78276,0.0606264
96,62,8.78666,0.0597835
96,63,8.7822,0.0590112
96,64,8.78555,0.0581928
96,65,8.78489,0.0573081
96,66,8.78289,0.0564816
96,67,8.77941,0.0557535
96,68,8.77638,0.0550231
96,69,8.77905,0.054297
96,70,8.77442,0.0537266
96,71,8.78088,0.0533677
96,72,8.77142,0.053476
96,73,8.76052,0.0538619
96,74,8.74854,0.0544733
96,75,8.75073,0.0537965
96,76,8.74949,0.0531077
96,77,8.749,0.0524247
96,78,8.73726,0.0530724
96,79,8.73988,0.0524706
96,80,8.73829,0.0518431
96,81,8.74231,0.0513645
96,82,8.73766,0.0509544
96,83,8.73325,0.0505373
96,84,8.73026,0.0500284
96,85,8.72518,0.0497038
96,86,8.72852,0.0492425
96,87,8.72695,0.0487051
96,88,8.7232,0.0483006
96,89,8.72454,0.0477798
96,90,8.7241,0.0472539
96,91,8.72292,0.0467525
96,92,8.72455,0.0462757
96,93,8.72484,0.0457817
96,94,8.72893,0.0454814
96,95,8.72469,0.0452044
96,96,8.72049,0.0449327
96,97,8.71405,0.0449364
96,98,8.71101,0.044584
96,99,8.7154,0.044354
97,0,9.03176,0
97,1,8.93918,0.0925776
97,2,8.87797,0.0812574
97,3,8.88362,0.0577339
97,4,8.87242,0.0460999
97,5,9.05768,0.189038
97,6,9.04608,0.160187
97,7,9.02188,0.140821
97,8,8.94768,0.144669
97,9,9.00428,0.141232
97,10,9.0873,0.152356
97,11,9.02643,0.151819
97,12,9.00983,0.140636
97,13,9.02046,0.130637
97,14,9.02572,0.12173
97,15,9.01142,0.114763
97,16,8.98361,0.111331
97,17,8.99242,0.105332
97,18,9.00451,0.100365
97,19,8.99891,0.0953786
97,20,8.99268,0.0909371
97,21,9.00885,0.0881994
97,22,9.01457,0.0844716
97,23,8.97674,0.0892873
97,24,8.92939,0.0978575
97,25,8.91451,0.0951882
97,26,8.93133,0.093126
97,27,8.92978,0.0897519
97,28,8.948,0.0884979
97,29,8.95395,0.0857043
97,30,8.93995,0.0840682
97,31,8.92183,0.0833915
97,32,8.91205,0.0814148
97,33,8.89066,0.081827
97,34,8.87746,0.0805445
97,35,8.8878,0.0789559
97,36,8.86962,0.0789171
97,37,8.86311,0.0770876
97,38,8.83848,0.0790206
97,39,8.83741,0.0770272
97,40,8.8336,0.0752214
97,41,8.81395,0.0759924
97,42,8.80067,0.0753839
97,43,8.79845,0.0736841
97,44,8.79023,0.0724956
97,45,8.78596,0.0710305
97,46,8.78289,0.0695706
97,47,8.7752,0.0685379
97,48,8.77191,0.0672052
97,49,8.78316,0.0668012
97,50,8.79147,0.0660034
97,51,8.79702,0.0649588
97,52,8.81006,0.0650435
97,53,8.8173,0.064237
97,54,8.82049,0.0631386
97,55,8.83451,0.0635664
97,56,8.82848,0.0627317
97,57,8.81534,0.0630257
97,58,8.81721,0.0619766
97,59,8.81897,0.0609601
97,60,8.8216,0.0600102
97,61,8.82531,0.0591509
97,62,8.83089,0.0584712
97,63,8.82647,0.0577198
97,64,8.82831,0.0568546
97,65,8.828,0.0559873
97,66,8.82598,0.0551823
97,67,8.82182,0.0545233
97,68,8.81695,0.0539476
97,69,8.81977,0.053246
97,70,8.8162,0.0526124
97,71,8.82153,0.0521501
97,72,8.81238,0.0522387
97,73,8.80179,0.0526052
97,74,8.79125,0.0529581
97,75,8.79378,0.052318
97,76,8.79323,0.0516371
97,77,8.79254,0.0509754
97,78,8.78119,0.0515902
97,79,8.78491,0.0510768
97,80,8.78424,0.0504466
97,81,8.78865,0.0500224
97,82,8.78335,0.0496994
97,83,8.77898,0.0492986
97,84,8.77553,0.0488372
97,85,8.77058,0.0485193
97,86,8.77506,0.0481673
97,87,8.77335,0.0476475
97,88,8.77069,0.0471842
97,89,8.77208,0.0466777
97,90,8.77139,0.046167
97,91,8.76924,0.0457131
97,92,8.77132,0.0452666
97,93,8.77123,0.0447826
97,94,8.77426,0.0444126
97,95,8.77053,0.0441058
97,96,8.76531,0.0439595
97,97,8.75875,0.0440013
97,98,8.75665,0.0436052
97,99,8.76054,0.0433419
98,0,8.95184,0
98,1,8.91905,0.0327885
98,2,8.84279,0.0785709
98,3,8.86108,0.0584916
98,4,8.87028,0.0462314
98,5,9.06059,0.194017
98,6,9.05501,0.164069
98,7,9.0389,0.142998
98,8,8.96632,0.145509
98,9,9.01808,0.140065
98,10,9.1056,0.153983
98,11,9.05109,0.150767
98,12,9.038,0.139302
98,13,9.04817,0.129369
98,14,9.05983,0.120999
98,15,9.04244,0.114512
98,16,9.01788,0.110335
98,17,9.02613,0.104351
98,18,9.03601,0.0992002
98,19,9.03075,0.0942568
98,20,9.02747,0.089716
98,21,9.04328,0.0869901
98,22,9.05224,0.0836029
98,23,9.01499,0.0882858
98,24,8.97212,0.0949138
98,25,8.95632,0.0925489
98,26,8.97013,0.0901197
98,27,8.96755,0.0868798
98,28,8.98605,0.0858477
98,29,8.99322,0.0832465
98,30,8.98139,0.0813817
98,31,8.96475,0.0805341
98,32,8.95519,0.0786393
98,33,8.93235,0.0796361
98,34,8.91606,0.0790256
98,35,8.92675,0.0775401
98,36,8.90982,0.077292
98,37,8.90201,0.0756349
98,38,8.88012,0.0768545
98,39,8.88369,0.0749934
98,40,8.88014,0.0732275
98,41,8.85986,0.0742842
98,42,8.84549,0.0739445
98,43,8.8411,0.072378
98,44,8.83298,0.0712158
98,45,8.82889,0.0697701
98,46,8.82492,0.0683851
98,47,8.81579,0.0675651
98,48,8.81315,0.0662244
98,49,8.82539,0.0660311
98,50,8.83151,0.0650114
98,51,8.83777,0.0640557
98,52,8.84969,0.0639575
98,53,8.85869,0.0634041
98,54,8.86015,0.0622577
98,55,8.87469,0.0628397
98,56,8.867,0.0622045
98,57,8.85488,0.0623128
98,58,8.85746,0.0613019
98,59,8.85866,0.0602836
98,60,8.86088,0.0593284
98,61,8.86521,0.0585242
98,62,8.87055,0.0578345
98,63,8.8657,0.0571293
98,64,8.86757,0.0562743
98,65,8.86761,0.0554152
98,66,8.86644,0.0545943
98,67,8.86257,0.053924
98,68,8.85642,0.0534918
98,69,8.86108,0.0529272
98,70,8.85849,0.0522406
98,71,8.86326,0.05173
98,72,8.85388,0.0518706
98,73,8.84463,0.0519944
98,74,8.83342,0.0525072
98,75,8.83592,0.0518723
98,76,8.83486,0.0512052
98,77,8.83289,0.0505827
98,78,8.82216,0.0510782
98,79,8.82645,0.0506177
98,80,8.82534,0.0500013
98,81,8.83097,0.049708
98,82,8.82617,0.0493401
98,83,8.82272,0.0488709
98,84,8.81866,0.0484626
98,85,8.81407,0.048116
98,86,8.8176,0.0476907
98,87,8.8172,0.0471473
98,88,8.81563,0.0466413
98,89,8.81767,0.0461653
98,90,8.81743,0.0456558
98,91,8.81469,0.0452397
98,92,8.81739,0.0448321
98,93,8.81731,0.0443527
98,94,8.82035,0.0439883
98,95,8.81654,0.0436938
98,96,8.81161,0.0435218
98,97,8.80553,0.0435022
98,98,8.80403,0.0430864
98,99,8.80696,0.0427538
99,0,8.90212,0
99,1,8.92716,0.0250419
99,2,8.85331,0.0752511
99,3,8.86671,0.0548721
99,4,8.88655,0.0469046
99,5,9.08711,0.204185
99,6,9.07313,0.173133
99,7,9.05868,0.150632
99,8,8.9973,0.146341
99,9,9.05159,0.141706
99,10,9.14048,0.155983
99,11,9.08407,0.153161
99,12,9.06697,0.141921
99,13,9.07959,0.131998
99,14,9.09776,0.124219
99,15,9.08377,0.117035
99,16,9.05592,0.113407
99,17,9.06181,0.107083
99,18,9.07435,0.102064
99,19,9.07284,0.0968379
99,20,9.07041,0.0921433
99,21,9.08862,0.0897222
99,22,9.09794,0.0862373
99,23,9.06004,0.0908497
99,24,9.01587,0.0976956
99,25,8.9996,0.0952621
99,26,9.01734,0.0933666
99,27,9.01506,0.089999
99,28,9.03633,0.0894056
99,29,9.04329,0.0866542
99,30,9.0311,0.0846936
99,31,9.01491,0.0835872
99,32,9.00324,0.0818511
99,33,8.98132,0.0823759
99,34,8.96481,0.0816747
99,35,8.97751,0.0803827
99,36,8.95909,0.0803196
99,37,8.9472,0.079077
99,38,8.92455,0.0802829
99,39,8.92403,0.0782518
99,40,8.92243,0.0763361
99,41,8.90786,0.0759085
99,42,8.894,0.0754058
99,43,8.88985,0.073789
99,44,8.88108,0.072662
99,45,8.87724,0.0711686
99,46,8.87612,0.0696469
99,47,8.86711,0.0687733
99,48,8.86602,0.067364
99,49,8.87788,0.0670598
99,50,8.88322,0.0659482
99,51,8.88718,0.0647891
99,52,8.89777,0.0644308
99,53,8.90655,0.0638324
99,54,8.907,0.0626627
99,55,8.92048,0.0629915
99,56,8.91321,0.0623018
99,57,8.89995,0.0626383
99,58,8.90444,0.061731
99,59,8.90637,0.0607242
99,60,8.9083,0.0597516
99,61,8.91167,0.0588762
99,62,8.91701,0.0581802
99,63,8.91234,0.0574542
99,64,8.91343,0.0565738
99,65,8.91279,0.0557136
99,66,8.91097,0.0549062
99,67,8.90866,0.0541418
99,68,8.90346,0.0536044
99,69,8.90772,0.0530048
99,70,8.90436,0.0523606
99,71,8.90857,0.0517995
99,72,8.89993,0.0518107
99,73,8.8906,0.051951
99,74,8.87915,0.0525169
99,75,8.88124,0.0518634
99,76,8.88021,0.0511959
99,77,8.87776,0.0505942
99,78,8.867,0.0510973
99,79,8.87129,0.0506369
99,80,8.86915,0.0500534
99,81,8.87527,0.0498163
99,82,8.87073,0.0494213
99,83,8.86588,0.04907
99,84,8.86125,0.0487102
99,85,8.85574,0.0484542
99,86,8.8593,0.048026
99,87,8.85857,0.0474827
99,88,8.8566,0.0469876
99,89,8.85868,0.0465093
99,90,8.85769,0.0460062
99,91,8.85463,0.0456063
99,92,8.85713,0.0451828
99,93,8.85644,0.0447049
99,94,8.85979,0.044359
99,95,8.85688,0.0439912
99,96,8.85241,0.043764
99,97,8.84639,0.0437312
99,98,8.84645,0.0432872
99,99,8.85076,0.0430682
