N,block,rN,err
0,0,1,0
0,1,1,0
0,2,1,0
0,3,1,0
0,4,1,0
0,5,1,0
0,6,1,0
0,7,1,0
0,8,1,0
0,9,1,0
0,10,1,0
0,11,1,0
0,12,1,0
0,13,1,0
0,14,1,0
0,15,1,0
0,16,1,0
0,17,1,0
0,18,1,0
0,19,1,0
0,20,1,0
0,21,1,0
0,22,1,0
0,23,1,0
0,24,1,0
0,25,1,0
0,26,1,0
0,27,1,0
0,28,1,0
0,29,1,0
0,30,1,0
0,31,1,0
0,32,1,0
0,33,1,0
0,34,1,0
0,35,1,0
0,36,1,0
0,37,1,0
0,38,1,0
0,39,1,0
0,40,1,0
0,41,1,0
0,42,1,0
0,43,1,0
0,44,1,0
0,45,1,0
0,46,1,0
0,47,1,0
0,48,1,0
0,49,1,0
0,50,1,0
0,51,1,0
0,52,1,0
0,53,1,0
0,54,1,0
0,55,1,0
0,56,1,0
0,57,1,0
0,58,1,0
0,59,1,0
0,60,1,0
0,61,1,0
0,62,1,0
0,63,1,0
0,64,1,0
0,65,1,0
0,66,1,0
0,67,1,0
0,68,1,0
0,69,1,0
0,70,1,0
0,71,1,0
0,72,1,0
0,73,1,0
0,74,1,0
0,75,1,0
0,76,1,0
0,77,1,0
0,78,1,0
0,79,1,0
0,80,1,0
0,81,1,0
0,82,1,0
0,83,1,0
0,84,1,0
0,85,1,0
0,86,1,0
0,87,1,0
0,88,1,0
0,89,1,0
0,90,1,0
0,91,1,0
0,92,1,0
0,93,1,0
0,94,1,0
0,95,1,0
0,96,1,0
0,97,1,0
0,98,1,0
0,99,1,0
1,0,1.28167,0
1,1,1.2851,0.00343146
1,2,1.30429,0.0192932
1,3,1.30267,0.0137379
1,4,1.30433,0.0107696
1,5,1.28819,0.0183747
1,6,1.28155,0.0168921
1,7,1.28997,0.0168815
1,8,1.29783,0.0168329
1,9,1.31221,0.0208225
1,10,1.31263,0.0188393
1,11,1.32005,0.0187302
1,12,1.31574,0.0177588
1,13,1.31077,0.0171775
1,14,1.31071,0.0159914
1,15,1.30433,0.016265
1,16,1.30245,0.0153935
1,17,1.30167,0.0145337
1,18,1.29598,0.0148822
1,19,1.29709,0.0141623
1,20,1.29596,0.0135182
1,21,1.29708,0.0129379
1,22,1.29739,0.0123664
1,23,1.29604,0.0119161
1,24,1.29566,0.0114359
1,25,1.29381,0.0111421
1,26,1.29685,0.0111434
1,27,1.29336,0.0112897
1,28,1.29474,0.0109805
1,29,1.29567,0.0106489
1,30,1.29632,0.0103202
1,31,1.2962,0.00999321
1,32,1.29697,0.00971635
1,33,1.2952,0.00959086
1,34,1.29555,0.00931945
1,35,1.29788,0.00935046
1,36,1.2962,0.00924766
1,37,1.29476,0.0091147
1,38,1.29253,0.00915539
1,39,1.29388,0.00902508
1,40,1.29381,0.00880249
1,41,1.29377,0.00859042
1,42,1.29409,0.00839436
1,43,1.29392,0.00820316
1,44,1.29472,0.00805867
1,45,1.29436,0.00788968
1,46,1.29299,0.00784069
1,47,1.29199,0.00774019
1,48,1.29365,0.00776042
1,49,1.29233,0.0077178
1,50,1.29155,0.00760542
1,51,1.29125,0.00746386
1,52,1.28959,0.0075058
1,53,1.2884,0.0074617
1,54,1.28755,0.0073739
1,55,1.28673,0.00728723
1,56,1.28757,0.00720691
1,57,1.28884,0.00719588
1,58,1.2893,0.00708761
1,59,1.28908,0.00697211
1,60,1.28857,0.00687548
1,61,1.28773,0.006815
1,62,1.28822,0.0067234
1,63,1.28767,0.00663987
1,64,1.28856,0.00659634
1,65,1.28712,0.00665378
1,66,1.28754,0.00656769
1,67,1.28685,0.00650702
1,68,1.28678,0.00641246
1,69,1.28652,0.00632532
1,70,1.28558,0.0063072
1,71,1.28573,0.00622094
1,72,1.28661,0.00619788
1,73,1.28759,0.00619182
1,74,1.28672,0.00617163
1,75,1.28703,0.00609823
1,76,1.28623,0.00607203
1,77,1.28552,0.00603542
1,78,1.28532,0.0059618
1,79,1.28663,0.00603032
1,80,1.28761,0.00603569
1,81,1.28655,0.00605609
1,82,1.28557,0.00606263
1,83,1.28562,0.00599025
1,84,1.28471,0.00598843
1,85,1.28395,0.00596715
1,86,1.28289,0.00599219
1,87,1.28216,0.0059691
1,88,1.28235,0.00590477
1,89,1.2826,0.00584426
1,90,1.2825,0.00578057
1,91,1.28362,0.00582514
1,92,1.28289,0.00580811
1,93,1.28266,0.00575042
1,94,1.28336,0.00573219
1,95,1.2824,0.00575325
1,96,1.28216,0.00569864
1,97,1.28108,0.00574171
1,98,1.28042,0.00572154
1,99,1.27994,0.00568438
2,0,1.65076,0
2,1,1.6262,0.024562
2,2,1.65184,0.029301
2,3,1.65055,0.0207591
2,4,1.65764,0.0175769
2,5,1.64834,0.0171058
2,6,1.63994,0.0167162
2,7,1.63942,0.0144859
2,8,1.64097,0.0128688
2,9,1.65117,0.0153785
2,10,1.65483,0.0143829
2,11,1.6641,0.0160709
2,12,1.65703,0.0163865
2,13,1.66006,0.0154715
2,14,1.65851,0.0144868
2,15,1.65359,0.0144157
2,16,1.64877,0.0143722
2,17,1.65462,0.0147575
2,18,1.65012,0.0146667
2,19,1.65326,0.0142652
2,20,1.65236,0.0135989
2,21,1.65319,0.0129925
2,22,1.65127,0.0125619
2,23,1.64984,0.0121128
2,24,1.65004,0.01162
2,25,1.64705,0.0115571
2,26,1.64684,0.011123
2,27,1.64413,0.0110546
2,28,1.64309,0.0107171
2,29,1.64743,0.0112253
2,30,1.64501,0.011124
2,31,1.6421,0.0111558
2,32,1.64424,0.0110222
2,33,1.64314,0.0107491
2,34,1.64214,0.0104856
2,35,1.64406,0.0103702
2,36,1.64632,0.0103342
2,37,1.64564,0.0100815
2,38,1.6456,0.00981966
2,39,1.6474,0.00973956
2,40,1.64714,0.0095027
2,41,1.64569,0.00938534
2,42,1.64423,0.00928124
2,43,1.64263,0.0092079
2,44,1.64346,0.00903927
2,45,1.64205,0.00895137
2,46,1.64155,0.00877349
2,47,1.64299,0.00870896
2,48,1.64391,0.00857904
2,49,1.64301,0.00845349
2,50,1.64224,0.00832234
2,51,1.64183,0.00817109
2,52,1.64164,0.00801757
2,53,1.64096,0.00789736
2,54,1.64007,0.00780298
2,55,1.63907,0.00772735
2,56,1.63908,0.00759058
2,57,1.64007,0.00752456
2,58,1.64135,0.00750508
2,59,1.6423,0.0074396
2,60,1.6421,0.00731921
2,61,1.64245,0.00720878
2,62,1.64273,0.00709882
2,63,1.64201,0.00702385
2,64,1.64132,0.00694992
2,65,1.64087,0.00685817
2,66,1.64101,0.00675654
2,67,1.64122,0.00665976
2,68,1.64065,0.00658777
2,69,1.64122,0.00651772
2,70,1.64077,0.00644068
2,71,1.64061,0.00635266
2,72,1.64181,0.00637879
2,73,1.64236,0.00631615
2,74,1.64277,0.00624477
2,75,1.6428,0.00616214
2,76,1.6417,0.00618117
2,77,1.64136,0.00611093
2,78,1.64061,0.00607926
2,79,1.64138,0.0060524
2,80,1.64217,0.00602898
2,81,1.64144,0.00599964
2,82,1.64036,0.00602435
2,83,1.6406,0.00595711
2,84,1.64129,0.00592662
2,85,1.64073,0.00588376
2,86,1.64012,0.00584787
2,87,1.63981,0.00578922
2,88,1.63979,0.00572384
2,89,1.63901,0.00571362
2,90,1.63856,0.00566854
2,91,1.63951,0.00568607
2,92,1.63878,0.00567164
2,93,1.63851,0.00561709
2,94,1.63938,0.00562403
2,95,1.63992,0.00559194
2,96,1.63932,0.00556652
2,97,1.6399,0.00554016
2,98,1.63891,0.00557332
2,99,1.63823,0.00555885
3,0,1.89813,0
3,1,1.94279,0.044655
3,2,1.94277,0.0257816
3,3,1.92323,0.0267203
3,4,1.91168,0.0237036
3,5,1.903,0.0212113
3,6,1.88475,0.0255789
3,7,1.89179,0.023243
3,8,1.87802,0.0246934
3,9,1.88303,0.0226474
3,10,1.88795,0.0210683
3,11,1.89921,0.0222831
3,12,1.88658,0.0240778
3,13,1.88445,0.0223924
3,14,1.88073,0.0211758
3,15,1.87269,0.0213799
3,16,1.86902,0.0204146
3,17,1.87002,0.0192731
3,18,1.86299,0.0195389
3,19,1.86687,0.0189367
3,20,1.86492,0.0181174
3,21,1.86464,0.0172765
3,22,1.86512,0.0165151
3,23,1.86673,0.0158936
3,24,1.86644,0.0152474
3,25,1.86566,0.0146701
3,26,1.86352,0.0142773
3,27,1.85829,0.0147164
3,28,1.85499,0.0145797
3,29,1.86051,0.0151272
3,30,1.86069,0.0146323
3,31,1.85948,0.0142196
3,32,1.86261,0.0141349
3,33,1.86241,0.0137144
3,34,1.8609,0.0134016
3,35,1.86284,0.0131683
3,36,1.86265,0.0128089
3,37,1.86101,0.0125743
3,38,1.85973,0.0123151
3,39,1.86065,0.0120386
3,40,1.85908,0.0118464
3,41,1.85677,0.0117875
3,42,1.85872,0.011673
3,43,1.85919,0.0114143
3,44,1.86177,0.0114535
3,45,1.86152,0.0112046
3,46,1.86036,0.0110247
3,47,1.86224,0.0109552
3,48,1.86326,0.0107775
3,49,1.86195,0.0106406
3,50,1.86015,0.0105838
3,51,1.85872,0.0104766
3,52,1.85895,0.0102796
3,53,1.8581,0.0101227
3,54,1.85721,0.00997699
3,55,1.85599,0.00987324
3,56,1.8546,0.00979697
3,57,1.856,0.00972796
3,58,1.85599,0.00956166
3,59,1.85663,0.0094225
3,60,1.85623,0.00927547
3,61,1.85671,0.0091372
3,62,1.85751,0.00902658
3,63,1.85693,0.00890312
3,64,1.85759,0.00878961
3,65,1.85607,0.00878708
3,66,1.85647,0.00866404
3,67,1.85743,0.00858915
3,68,1.85529,0.00873006
3,69,1.85563,0.00861126
3,70,1.85422,0.00860605
3,71,1.85453,0.00849133
3,72,1.85582,0.00847407
3,73,1.85612,0.0083642
3,74,1.85657,0.00826405
3,75,1.85692,0.00816211
3,76,1.85537,0.00820413
3,77,1.85482,0.00811688
3,78,1.85454,0.00801817
3,79,1.85569,0.00799945
3,80,1.85643,0.00793526
3,81,1.85531,0.00791729
3,82,1.85461,0.00785328
3,83,1.85527,0.00778739
3,84,1.85698,0.0078842
3,85,1.85599,0.00785526
3,86,1.85601,0.00776447
3,87,1.85508,0.00773126
3,88,1.85392,0.0077316
3,89,1.85392,0.00764521
3,90,1.85321,0.00759369
3,91,1.85336,0.00751215
3,92,1.85269,0.0074609
3,93,1.8524,0.00738695
3,94,1.85331,0.0073656
3,95,1.85264,0.0073197
3,96,1.8526,0.00724396
3,97,1.85415,0.00733642
3,98,1.85301,0.00735153
3,99,1.85282,0.00728001
4,0,2.06531,0
4,1,2.12694,0.0616357
4,2,2.13934,0.0376848
4,3,2.12985,0.028289
4,4,2.13532,0.0225858
4,5,2.11944,0.0243387
4,6,2.10704,0.024016
4,7,2.11322,0.0216976
4,8,2.10432,0.0211059
4,9,2.10096,0.0191736
4,10,2.10797,0.0187056
4,11,2.1172,0.019409
4,12,2.10731,0.0204089
4,13,2.1096,0.0190331
4,14,2.10974,0.0177194
4,15,2.10885,0.0165985
4,16,2.1045,0.0161889
4,17,2.10785,0.0156274
4,18,2.10139,0.016133
4,19,2.10524,0.0157831
4,20,2.10305,0.0151728
4,21,2.1006,0.0146726
4,22,2.10202,0.0140927
4,23,2.10225,0.0134946
4,24,2.10182,0.0129508
4,25,2.09768,0.0131144
4,26,2.09867,0.0126583
4,27,2.0971,0.0122981
4,28,2.09345,0.0124145
4,29,2.10148,0.0144334
4,30,2.10502,0.0144003
4,31,2.10214,0.014236
4,32,2.10696,0.0146138
4,33,2.10726,0.0141806
4,34,2.10538,0.013897
4,35,2.10554,0.0135065
4,36,2.10546,0.0131366
4,37,2.10452,0.0128211
4,38,2.10091,0.0129974
4,39,2.10158,0.0126858
4,40,2.09997,0.0124763
4,41,2.09937,0.0121905
4,42,2.10178,0.0121457
4,43,2.10282,0.0119116
4,44,2.10498,0.0118431
4,45,2.10318,0.0117232
4,46,2.10348,0.0114752
4,47,2.10399,0.0112449
4,48,2.10295,0.0110621
4,49,2.10202,0.0108784
4,50,2.09941,0.0109759
4,51,2.09766,0.0109041
4,52,2.09884,0.0107611
4,53,2.09927,0.0105684
4,54,2.09873,0.0103884
4,55,2.09914,0.0102096
4,56,2.0987,0.0100389
4,57,2.09807,0.00988402
4,58,2.09824,0.00971648
4,59,2.09826,0.00955319
4,60,2.09747,0.00942844
4,61,2.09772,0.0092785
4,62,2.09936,0.00927667
4,63,2.0987,0.00915396
4,64,2.09828,0.00902222
4,65,2.09758,0.00891172
4,66,2.0989,0.0088762
4,67,2.09942,0.00876036
4,68,2.09829,0.00870601
4,69,2.09888,0.00860064
4,70,2.09767,0.00856393
4,71,2.09855,0.00848981
4,72,2.10072,0.00864893
4,73,2.10036,0.00853865
4,74,2.10099,0.008447
4,75,2.10097,0.00833513
4,76,2.09914,0.00842667
4,77,2.09846,0.00834616
4,78,2.09841,0.00823998
4,79,2.09863,0.00813925
4,80,2.09986,0.00813268
4,81,2.09997,0.00803366
4,82,2.09977,0.00793899
4,83,2.10026,0.00785909
4,84,2.10127,0.00783148
4,85,2.10125,0.0077399
4,86,2.10079,0.00766405
4,87,2.10009,0.00760887
4,88,2.09799,0.00780974
4,89,2.09878,0.00776273
4,90,2.09891,0.00767803
4,91,2.09877,0.00759545
4,92,2.09909,0.00752008
4,93,2.09918,0.00744021
4,94,2.10019,0.00743046
4,95,2.09985,0.00736043
4,96,2.09992,0.00728451
4,97,2.10192,0.00748054
4,98,2.101,0.00746097
4,99,2.1008,0.00738883
5,0,2.28823,0
5,1,2.30228,0.0140466
5,2,2.30404,0.00829878
5,3,2.2582,0.0462123
5,4,2.28682,0.0458312
5,5,2.26316,0.0442742
5,6,2.2695,0.0379519
5,7,2.27823,0.0340062
5,8,2.2766,0.0300349
5,9,2.28368,0.0277804
5,10,2.27715,0.0259621
5,11,2.29549,0.0299675
5,12,2.28976,0.0281553
5,13,2.29115,0.0261039
5,14,2.2865,0.0247428
5,15,2.29148,0.0236745
5,16,2.28921,0.0223545
5,17,2.28883,0.0210793
5,18,2.28087,0.0214717
5,19,2.28253,0.0204375
5,20,2.27901,0.019756
5,21,2.28169,0.0190271
5,22,2.28103,0.018193
5,23,2.28185,0.0174377
5,24,2.28303,0.0167672
5,25,2.27763,0.0169899
5,26,2.27437,0.0166712
5,27,2.27561,0.0161129
5,28,2.2717,0.0160335
5,29,2.27997,0.0175611
5,30,2.28218,0.0171281
5,31,2.27907,0.0168721
5,32,2.28348,0.0169366
5,33,2.28204,0.016494
5,34,2.27963,0.0161963
5,35,2.28021,0.0157507
5,36,2.27962,0.0153306
5,37,2.2781,0.014998
5,38,2.27515,0.0149047
5,39,2.27585,0.0145445
5,40,2.27348,0.0143822
5,41,2.27525,0.0141469
5,42,2.27761,0.0140145
5,43,2.27844,0.0137173
5,44,2.27988,0.0134857
5,45,2.27744,0.0134128
5,46,2.27972,0.0133201
5,47,2.28075,0.0130807
5,48,2.28057,0.0128123
5,49,2.27985,0.012574
5,50,2.27958,0.012328
5,51,2.27694,0.0123721
5,52,2.27839,0.012222
5,53,2.2798,0.0120765
5,54,2.27874,0.0119024
5,55,2.27886,0.0116885
5,56,2.27765,0.0115457
5,57,2.27513,0.0116202
5,58,2.27404,0.0114732
5,59,2.27236,0.0114048
5,60,2.27138,0.0112593
5,61,2.27116,0.0110784
5,62,2.27302,0.0110587
5,63,2.27376,0.0109092
5,64,2.27426,0.0107518
5,65,2.2735,0.0106148
5,66,2.27326,0.0104579
5,67,2.27317,0.0103033
5,68,2.27198,0.0102228
5,69,2.27188,0.0100762
5,70,2.27165,0.0099359
5,71,2.2722,0.00981233
5,72,2.27363,0.0097821
5,73,2.27284,0.00968165
5,74,2.27342,0.00956948
5,75,2.27295,0.00945439
5,76,2.27039,0.00967698
5,77,2.26936,0.00960654
5,78,2.26916,0.0094864
5,79,2.26921,0.00936724
5,80,2.26997,0.00928169
5,81,2.26999,0.00916782
5,82,2.26992,0.0090569
5,83,2.26917,0.00898016
5,84,2.27236,0.00942941
5,85,2.27244,0.00931948
5,86,2.27116,0.00930067
5,87,2.27058,0.00921257
5,88,2.26944,0.00917893
5,89,2.27009,0.00909953
5,90,2.27,0.0089995
5,91,2.26983,0.00890272
5,92,2.26993,0.00880707
5,93,2.27125,0.00881297
5,94,2.27271,0.00884093
5,95,2.27269,0.00874839
5,96,2.27287,0.00865967
5,97,2.27519,0.00887901
5,98,2.27519,0.00878887
5,99,2.27517,0.00870056
6,0,2.45687,0
6,1,2.45998,0.00310475
6,2,2.47759,0.0177036
6,3,2.43006,0.0491525
6,4,2.46847,0.0540845
6,5,2.4431,0.0509258
6,6,2.45798,0.0455386
6,7,2.45312,0.0397365
6,8,2.45082,0.0351195
6,9,2.45977,0.0326618
6,10,2.45136,0.0307166
6,11,2.46457,0.0309949
6,12,2.46014,0.0288524
6,13,2.46074,0.0267189
6,14,2.458,0.025025
6,15,2.46209,0.0237643
6,16,2.46448,0.0224502
6,17,2.46385,0.0211755
6,18,2.46356,0.0200322
6,19,2.46813,0.0195459
6,20,2.46183,0.019629
6,21,2.46419,0.0188628
6,22,2.46054,0.0183887
6,23,2.45949,0.0176371
6,24,2.46219,0.0171314
6,25,2.45714,0.0172163
6,26,2.45273,0.0171442
6,27,2.45649,0.0169429
6,28,2.45254,0.0168185
6,29,2.46072,0.0181899
6,30,2.45912,0.0176659
6,31,2.45748,0.0171831
6,32,2.46168,0.0171758
6,33,2.4605,0.0167051
6,34,2.45666,0.0166693
6,35,2.4586,0.0163162
6,36,2.45998,0.0159289
6,37,2.45946,0.0155129
6,38,2.45653,0.0153914
6,39,2.45565,0.0150277
6,40,2.4548,0.0146813
6,41,2.45762,0.0146037
6,42,2.45891,0.0143179
6,43,2.45976,0.0140146
6,44,2.4609,0.0137466
6,45,2.45932,0.0135366
6,46,2.46052,0.0132997
6,47,2.46188,0.0130903
6,48,2.46055,0.012889
6,49,2.4588,0.0127491
6,50,2.45859,0.0124983
6,51,2.45687,0.0123761
6,52,2.45804,0.0121969
6,53,2.45833,0.0119725
6,54,2.45688,0.0118419
6,55,2.45828,0.0117119
6,56,2.45811,0.0115058
6,57,2.45684,0.0113773
6,58,2.45636,0.0111929
6,59,2.4544,0.011178
6,60,2.45405,0.0109989
6,61,2.45375,0.0108241
6,62,2.45695,0.0111202
6,63,2.45625,0.0109672
6,64,2.45863,0.0110569
6,65,2.4568,0.0110411
6,66,2.45778,0.0109191
6,67,2.45781,0.0107573
6,68,2.45699,0.0106319
6,69,2.45884,0.0106409
6,70,2.45855,0.0104938
6,71,2.45824,0.0103517
6,72,2.45954,0.0102911
6,73,2.46038,0.010186
6,74,2.46105,0.0100714
6,75,2.46039,0.00995964
6,76,2.45933,0.00988696
6,77,2.45866,0.00978221
6,78,2.4584,0.00966123
6,79,2.45819,0.00954188
6,80,2.45843,0.0094264
6,81,2.45895,0.00932496
6,82,2.45934,0.00922029
6,83,2.4595,0.00911133
6,84,2.46228,0.00942199
6,85,2.46159,0.00933766
6,86,2.45981,0.00939872
6,87,2.45922,0.00931023
6,88,2.45798,0.00928786
6,89,2.45863,0.00920725
6,90,2.45748,0.00917805
6,91,2.45648,0.0091326
6,92,2.45675,0.00903791
6,93,2.45766,0.00898693
6,94,2.45872,0.00895486
6,95,2.4592,0.00887398
6,96,2.45897,0.00878484
6,97,2.46093,0.00891131
6,98,2.46072,0.00882332
6,99,2.46011,0.00875538
7,0,2.62712,0
7,1,2.61895,0.0081682
7,2,2.64854,0.0299608
7,3,2.62852,0.0291457
7,4,2.64494,0.0279145
7,5,2.61916,0.0344123
7,6,2.6282,0.030458
7,7,2.63077,0.0265023
7,8,2.63059,0.0233735
7,9,2.63643,0.0217064
7,10,2.62611,0.0221839
7,11,2.64049,0.0248387
7,12,2.63658,0.0231814
7,13,2.63658,0.0214618
7,14,2.63147,0.0206243
7,15,2.63835,0.0204841
7,16,2.62854,0.0215986
7,17,2.62395,0.0208731
7,18,2.62535,0.0197931
7,19,2.6338,0.0205906
7,20,2.62632,0.0209642
7,21,2.62734,0.0200146
7,22,2.62571,0.019194
7,23,2.62557,0.0183774
7,24,2.627,0.017685
7,25,2.6209,0.0180554
7,26,2.61504,0.0183343
7,27,2.61547,0.0176726
7,28,2.61091,0.0176512
7,29,2.62019,0.0194146
7,30,2.62014,0.0187779
7,31,2.61799,0.0183076
7,32,2.62261,0.0183352
7,33,2.62041,0.0179231
7,34,2.61797,0.0175734
7,35,2.62052,0.0172665
7,36,2.6205,0.0167934
7,37,2.61965,0.0163673
7,38,2.61608,0.0163373
7,39,2.61802,0.0160414
7,40,2.61888,0.0156688
7,41,2.62157,0.0155257
7,42,2.62327,0.015256
7,43,2.62235,0.0149341
7,44,2.62249,0.0145991
7,45,2.62154,0.0143097
7,46,2.6229,0.0140681
7,47,2.62357,0.0137881
7,48,2.62144,0.0136705
7,49,2.61852,0.0137083
7,50,2.61774,0.0134596
7,51,2.61685,0.0132285
7,52,2.61614,0.0129959
7,53,2.61794,0.0128804
7,54,2.61653,0.0127228
7,55,2.61696,0.0125007
7,56,2.61726,0.0122832
7,57,2.61714,0.0120702
7,58,2.61668,0.0118729
7,59,2.61563,0.0117202
7,60,2.61467,0.0115663
7,61,2.61528,0.0113944
7,62,2.61626,0.0112548
7,63,2.61469,0.0111875
7,64,2.61748,0.0113609
7,65,2.61585,0.0113058
7,66,2.6169,0.0111858
7,67,2.61649,0.0110278
7,68,2.61541,0.010921
7,69,2.6168,0.0108541
7,70,2.61565,0.0107617
7,71,2.61437,0.0106886
7,72,2.61488,0.0105537
7,73,2.61554,0.0104307
7,74,2.61587,0.010296
7,75,2.61668,0.010192
7,76,2.61427,0.0103433
7,77,2.61584,0.0103295
7,78,2.61496,0.0102355
7,79,2.61449,0.0101176
7,80,2.615,0.0100047
7,81,2.61525,0.00988508
7,82,2.61376,0.00987839
7,83,2.61353,0.00976276
7,84,2.61623,0.0100174
7,85,2.61556,0.00992304
7,86,2.61488,0.00983134
7,87,2.61465,0.00972188
7,88,2.61381,0.00964842
7,89,2.6149,0.00960253
7,90,2.61356,0.0095894
7,91,2.61268,0.00952546
7,92,2.6127,0.00942249
7,93,2.61349,0.00935557
7,94,2.61416,0.00928045
7,95,2.61534,0.00925828
7,96,2.61454,0.00919704
7,97,2.61652,0.00931644
7,98,2.61697,0.0092329
7,99,2.61742,0.0091511
8,0,2.65015,0
8,1,2.70554,0.0553878
8,2,2.72335,0.0366016
8,3,2.73377,0.0279004
8,4,2.78169,0.0525701
8,5,2.76351,0.0466159
8,6,2.7896,0.0472518
8,7,2.78883,0.0409285
8,8,2.79035,0.0361279
8,9,2.79771,0.0331395
8,10,2.78979,0.0310043
8,11,2.80805,0.0336863
8,12,2.81179,0.0312119
8,13,2.80885,0.0290462
8,14,2.80209,0.027873
8,15,2.80845,0.0268382
8,16,2.79708,0.0276571
8,17,2.79501,0.026157
8,18,2.79772,0.0248896
8,19,2.80624,0.0251007
8,20,2.7986,0.0250655
8,21,2.79826,0.0239014
8,22,2.79829,0.0228386
8,23,2.79836,0.0218664
8,24,2.79973,0.0210184
8,25,2.79121,0.0219203
8,26,2.7879,0.0213508
8,27,2.78756,0.0205769
8,28,2.78606,0.0199111
8,29,2.79645,0.0218607
8,30,2.79689,0.0211482
8,31,2.79302,0.0208391
8,32,2.79568,0.0203723
8,33,2.7942,0.0198191
8,34,2.79224,0.0193439
8,35,2.79596,0.0191626
8,36,2.79738,0.0186918
8,37,2.79558,0.0182823
8,38,2.79458,0.0178352
8,39,2.79306,0.0174501
8,40,2.79299,0.0170193
8,41,2.79521,0.016756
8,42,2.79844,0.0166779
8,43,2.79698,0.0163597
8,44,2.79582,0.0160343
8,45,2.79429,0.0157563
8,46,2.79457,0.01542
8,47,2.79589,0.0151531
8,48,2.79315,0.0150916
8,49,2.79182,0.0148464
8,50,2.79047,0.0146151
8,51,2.78892,0.0144149
8,52,2.78948,0.0141516
8,53,2.79131,0.014007
8,54,2.7884,0.0140557
8,55,2.7876,0.0138256
8,56,2.78831,0.0135996
8,57,2.78942,0.0134089
8,58,2.78828,0.0132289
8,59,2.78708,0.0130619
8,60,2.78602,0.0128895
8,61,2.78561,0.0126864
8,62,2.78608,0.0124924
8,63,2.78526,0.0123232
8,64,2.78803,0.0124432
8,65,2.78739,0.0122699
8,66,2.78831,0.0121204
8,67,2.78803,0.0119441
8,68,2.78637,0.011886
8,69,2.78819,0.0118556
8,70,2.78676,0.0117746
8,71,2.78587,0.0116439
8,72,2.78685,0.0115249
8,73,2.78741,0.011382
8,74,2.78642,0.0112729
8,75,2.7847,0.0112569
8,76,2.78296,0.0112447
8,77,2.78412,0.0111598
8,78,2.78282,0.0110936
8,79,2.78248,0.0109593
8,80,2.78301,0.0108358
8,81,2.7827,0.0107074
8,82,2.78209,0.0105948
8,83,2.78251,0.0104761
8,84,2.786,0.0109245
8,85,2.78451,0.0108977
8,86,2.78393,0.0107876
8,87,2.78357,0.0106705
8,88,2.78356,0.0105499
8,89,2.78394,0.010439
8,90,2.78234,0.0104467
8,91,2.78098,0.0104217
8,92,2.78022,0.0103367
8,93,2.78113,0.0102661
8,94,2.78165,0.0101708
8,95,2.7824,0.0100927
8,96,2.78113,0.0100684
8,97,2.78391,0.0103444
8,98,2.7847,0.0102698
8,99,2.78458,0.0101673
9,0,2.89306,0
9,1,2.89726,0.00419994
9,2,2.88941,0.00821667
9,3,2.89464,0.00782283
9,4,2.94095,0.0467011
9,5,2.92019,0.0434152
9,6,2.94753,0.0457558
9,7,2.94946,0.0396728
9,8,2.9443,0.0353676
9,9,2.95529,0.0334911
9,10,2.94417,0.0322707
9,11,2.95786,0.0324852
9,12,2.95676,0.0299024
9,13,2.95522,0.0277274
9,14,2.95262,0.0259429
9,15,2.96295,0.0263726
9,16,2.95126,0.0273905
9,17,2.94568,0.0264208
9,18,2.94161,0.025321
9,19,2.94905,0.0251494
9,20,2.94521,0.0242281
9,21,2.94947,0.0234897
9,22,2.95019,0.0224566
9,23,2.9512,0.0215247
9,24,2.95117,0.0206457
9,25,2.94372,0.0211894
9,26,2.9395,0.0208222
9,27,2.94029,0.0200805
9,28,2.93931,0.0194008
9,29,2.94822,0.0207555
9,30,2.94598,0.0202002
9,31,2.94266,0.0198373
9,32,2.94594,0.0195044
9,33,2.9415,0.0194365
9,34,2.94143,0.0188732
9,35,2.94235,0.0183646
9,36,2.94226,0.0178615
9,37,2.94002,0.0175296
9,38,2.94075,0.0170899
9,39,2.93767,0.0169403
9,40,2.93593,0.0166132
9,41,2.93959,0.0166217
9,42,2.94277,0.0165394
9,43,2.94149,0.0162099
9,44,2.94106,0.0158513
9,45,2.9405,0.015513
9,46,2.93989,0.0151916
9,47,2.94194,0.0150115
9,48,2.94057,0.0147659
9,49,2.94092,0.0144719
9,50,2.93886,0.0143338
9,51,2.9389,0.0140555
9,52,2.93687,0.0139362
9,53,2.93905,0.0138495
9,54,2.93679,0.0137834
9,55,2.93658,0.0135366
9,56,2.9371,0.013307
9,57,2.93857,0.013158
9,58,2.93613,0.0131616
9,59,2.93312,0.0132848
9,60,2.93178,0.0131334
9,61,2.93108,0.0129389
9,62,2.93103,0.012732
9,63,2.92902,0.0126919
9,64,2.93198,0.0128414
9,65,2.93196,0.0126454
9,66,2.93436,0.0126849
9,67,2.93546,0.0125456
9,68,2.93367,0.0124924
9,69,2.93527,0.0124173
9,70,2.93552,0.0122436
9,71,2.93588,0.0120778
9,72,2.93784,0.0120709
9,73,2.93706,0.0119321
9,74,2.93582,0.0118373
9,75,2.93339,0.0119295
9,76,2.93063,0.0120941
9,77,2.93214,0.0120336
9,78,2.92989,0.0120919
9,79,2.9298,0.0119401
9,80,2.92966,0.0117926
9,81,2.92875,0.0116836
9,82,2.92935,0.0115579
9,83,2.92948,0.0114202
9,84,2.93184,0.0115309
9,85,2.92986,0.011568
9,86,2.92989,0.0114343
9,87,2.93098,0.0113563
9,88,2.93094,0.011228
9,89,2.93106,0.0111033
9,90,2.92949,0.011092
9,91,2.92846,0.0110193
9,92,2.92757,0.0109365
9,93,2.9268,0.0108471
9,94,2.92723,0.010741
9,95,2.92822,0.0106744
9,96,2.9276,0.0105816
9,97,2.93001,0.0107458
9,98,2.93066,0.0106563
9,99,2.93089,0.0105518
10,0,2.98942,0
10,1,3.04287,0.0534515
10,2,3.03949,0.0310445
10,3,3.06613,0.0345144
10,4,3.10247,0.0451165
10,5,3.09116,0.0385352
10,6,3.12373,0.0460585
10,7,3.13448,0.0413121
10,8,3.12131,0.038741
10,9,3.13087,0.0359463
10,10,3.11065,0.0382918
10,11,3.12889,0.0394279
10,12,3.13168,0.0363755
10,13,3.12739,0.033949
10,14,3.12301,0.0319067
10,15,3.1349,0.0321266
10,16,3.12067,0.033366
10,17,3.10961,0.033343
10,18,3.10241,0.0323522
10,19,3.1148,0.033099
10,20,3.10809,0.0321896
10,21,3.1087,0.0306975
10,22,3.11196,0.0295134
10,23,3.11213,0.0282574
10,24,3.11128,0.027117
10,25,3.10339,0.0272219
10,26,3.09644,0.0270994
10,27,3.09432,0.0262001
10,28,3.09244,0.0253499
10,29,3.10245,0.0264569
10,30,3.09645,0.026283
10,31,3.08938,0.0264134
10,32,3.09402,0.0260177
10,33,3.0876,0.026043
10,34,3.08785,0.0252892
10,35,3.08982,0.0246558
10,36,3.08973,0.0239803
10,37,3.08609,0.0236242
10,38,3.0884,0.0231268
10,39,3.08603,0.0226661
10,40,3.08471,0.0221456
10,41,3.08898,0.0220304
10,42,3.09346,0.0219731
10,43,3.09296,0.0214736
10,44,3.09326,0.020993
10,45,3.09085,0.0206727
10,46,3.09242,0.0202895
10,47,3.09509,0.0200403
10,48,3.09364,0.0196803
10,49,3.09436,0.019296
10,50,3.09216,0.0190407
10,51,3.09056,0.0187396
10,52,3.08837,0.0185131
10,53,3.08931,0.0181915
10,54,3.08619,0.0181276
10,55,3.08713,0.0178258
10,56,3.08801,0.0175322
10,57,3.088,0.0172272
10,58,3.08458,0.0172736
10,59,3.08073,0.0174139
10,60,3.07994,0.0171443
10,61,3.08054,0.0168761
10,62,3.08001,0.0166146
10,63,3.07974,0.0163551
10,64,3.08161,0.0162092
10,65,3.08216,0.0159711
10,66,3.08441,0.0158921
10,67,3.08421,0.015658
10,68,3.08295,0.0154808
10,69,3.08568,0.0155002
10,70,3.0859,0.015282
10,71,3.08695,0.015105
10,72,3.08828,0.0149557
10,73,3.08615,0.014905
10,74,3.08486,0.0147613
10,75,3.08307,0.014676
10,76,3.07992,0.0148224
10,77,3.081,0.0146713
10,78,3.07749,0.0149036
10,79,3.07763,0.0147168
10,80,3.07655,0.0145743
10,81,3.07493,0.0144865
10,82,3.07575,0.0143346
10,83,3.07593,0.014164
10,84,3.07766,0.0141032
10,85,3.07546,0.0141113
10,86,3.07614,0.0139649
10,87,3.07752,0.0138737
10,88,3.07671,0.0137407
10,89,3.07631,0.0135929
10,90,3.07477,0.0135309
10,91,3.07474,0.0133831
10,92,3.07388,0.0132664
10,93,3.07318,0.0131431
10,94,3.07392,0.0130253
10,95,3.07572,0.0130136
10,96,3.07478,0.0129129
10,97,3.07847,0.013303
10,98,3.07988,0.013243
10,99,3.08046,0.0131225
11,0,3.1281,0
11,1,3.14266,0.0145546
11,2,3.18683,0.0449604
11,3,3.21072,0.0397669
11,4,3.25194,0.0514586
11,5,3.22531,0.0497422
11,6,3.25425,0.0510358
11,7,3.26117,0.0447375
11,8,3.24735,0.0418071
11,9,3.24927,0.0374427
11,10,3.23015,0.0388886
11,11,3.24997,0.0406572
11,12,3.25446,0.0376671
11,13,3.24877,0.0353334
11,14,3.2441,0.0332235
11,15,3.25618,0.0333436
11,16,3.2382,0.0361149
11,17,3.22661,0.0359669
11,18,3.22107,0.0344709
11,19,3.23202,0.0344873
11,20,3.22497,0.0335527
11,21,3.23109,0.0325722
11,22,3.23438,0.0312971
11,23,3.23324,0.0299865
11,24,3.23618,0.0289125
11,25,3.23079,0.0282967
11,26,3.22275,0.0283908
11,27,3.22109,0.0274084
11,28,3.21742,0.0267007
11,29,3.22878,0.0281876
11,30,3.22371,0.0277304
11,31,3.21871,0.0273116
11,32,3.22275,0.0267781
11,33,3.21642,0.0267394
11,34,3.21662,0.0259649
11,35,3.22025,0.0254934
11,36,3.21834,0.0248683
11,37,3.21294,0.0247987
11,38,3.21531,0.02427
11,39,3.21456,0.0236675
11,40,3.21341,0.0231114
11,41,3.21713,0.0228589
11,42,3.22286,0.023045
11,43,3.22327,0.0225189
11,44,3.22147,0.0220867
11,45,3.21743,0.021975
11,46,3.22065,0.0217413
11,47,3.22065,0.0212835
11,48,3.21903,0.0209078
11,49,3.21913,0.0204856
11,50,3.21759,0.0201389
11,51,3.21533,0.0198762
11,52,3.21115,0.0199419
11,53,3.21242,0.0196103
11,54,3.20942,0.0194823
11,55,3.21234,0.0193524
11,56,3.21223,0.0190101
11,57,3.212,0.0186809
11,58,3.20731,0.0189499
11,59,3.20364,0.0189892
11,60,3.20301,0.018686
11,61,3.20379,0.0183988
11,62,3.20424,0.0181099
11,63,3.20601,0.0179126
11,64,3.21012,0.018106
11,65,3.21162,0.0178932
11,66,3.21338,0.0177113
11,67,3.2133,0.017449
11,68,3.21315,0.0171949
11,69,3.21669,0.017313
11,70,3.21652,0.0170682
11,71,3.21835,0.0169287
11,72,3.22031,0.0168089
11,73,3.21745,0.0168238
11,74,3.21648,0.0166265
11,75,3.21418,0.0165667
11,76,3.21124,0.0166122
11,77,3.21233,0.0164337
11,78,3.20908,0.016545
11,79,3.20965,0.0163467
11,80,3.20769,0.0162622
11,81,3.20588,0.0161646
11,82,3.20594,0.0159688
11,83,3.20699,0.0158125
11,84,3.20927,0.0157896
11,85,3.20606,0.0159308
11,86,3.2063,0.0157484
11,87,3.2091,0.0158187
11,88,3.20863,0.0156471
11,89,3.20883,0.0154735
11,90,3.20758,0.0153535
11,91,3.20757,0.0151857
11,92,3.20516,0.0152137
11,93,3.20511,0.0150511
11,94,3.20637,0.0149451
11,95,3.20868,0.0149686
11,96,3.20801,0.0148288
11,97,3.21198,0.0152061
11,98,3.21409,0.0151979
11,99,3.21518,0.015085
12,0,3.30839,0
12,1,3.29173,0.0166557
12,2,3.28349,0.0126677
12,3,3.32442,0.0419016
12,4,3.34109,0.0364887
12,5,3.3286,0.0323061
12,6,3.35655,0.0390714
12,7,3.3667,0.0353273
12,8,3.357,0.032632
12,9,3.3623,0.0296649
12,10,3.34238,0.0334174
12,11,3.36229,0.0364272
12,12,3.37288,0.0351418
12,13,3.36705,0.0330535
12,14,3.36293,0.0310461
12,15,3.37122,0.0302024
12,16,3.35606,0.0321676
12,17,3.34356,0.0328024
12,18,3.33656,0.0318086
12,19,3.35173,0.0337774
12,20,3.34117,0.0338193
12,21,3.34713,0.0327908
12,22,3.35211,0.0317259
12,23,3.35454,0.0304721
12,24,3.3546,0.0292279
12,25,3.3485,0.0287374
12,26,3.34332,0.0281323
12,27,3.34079,0.0272265
12,28,3.33706,0.0265356
12,29,3.34635,0.0272698
12,30,3.34722,0.0263896
12,31,3.34318,0.0258681
12,32,3.34694,0.0253519
12,33,3.3401,0.025529
12,34,3.33883,0.0248215
12,35,3.34169,0.0242919
12,36,3.34074,0.0236454
12,37,3.33511,0.0236926
12,38,3.3366,0.0231251
12,39,3.33909,0.0226768
12,40,3.33779,0.0221553
12,41,3.34494,0.0227741
12,42,3.35162,0.0232181
12,43,3.35374,0.0227832
12,44,3.35199,0.0223399
12,45,3.35226,0.0218506
12,46,3.35373,0.0214311
12,47,3.35418,0.0209847
12,48,3.35301,0.0205853
12,49,3.3534,0.0201732
12,50,3.35083,0.0199395
12,51,3.35066,0.019553
12,52,3.34772,0.0194043
12,53,3.34586,0.0191324
12,54,3.34205,0.0191646
12,55,3.34512,0.0190678
12,56,3.34472,0.0187345
12,57,3.34421,0.0184157
12,58,3.34008,0.0185653
12,59,3.3353,0.0188697
12,60,3.33426,0.018587
12,61,3.33635,0.0184038
12,62,3.3375,0.0181457
12,63,3.34023,0.0180684
12,64,3.34422,0.0182305
12,65,3.34706,0.0181752
12,66,3.34859,0.0179669
12,67,3.34811,0.0177072
12,68,3.34788,0.0174502
12,69,3.35104,0.017487
12,70,3.35104,0.017239
12,71,3.3524,0.0170525
12,72,3.35505,0.0170243
12,73,3.35315,0.016899
12,74,3.35136,0.0167687
12,75,3.34968,0.0166314
12,76,3.34783,0.0165177
12,77,3.349,0.0163462
12,78,3.34402,0.0168873
12,79,3.34564,0.0167534
12,80,3.34406,0.0166206
12,81,3.34154,0.0166092
12,82,3.34012,0.0164696
12,83,3.34169,0.0163483
12,84,3.34468,0.0164297
12,85,3.34125,0.0165972
12,86,3.34216,0.0164308
12,87,3.34647,0.0168032
12,88,3.34467,0.0167104
12,89,3.34374,0.0165499
12,90,3.343,0.0163834
12,91,3.34198,0.0162364
12,92,3.34011,0.0161693
12,93,3.33992,0.0159975
12,94,3.34068,0.0158463
12,95,3.34275,0.0158158
12,96,3.34189,0.0156753
12,97,3.34613,0.0160846
12,98,3.34802,0.0160322
12,99,3.34849,0.0158781
13,0,3.50029,0
13,1,3.4539,0.0463938
13,2,3.46789,0.0302204
13,3,3.47115,0.0216153
13,4,3.48216,0.0200391
13,5,3.47384,0.018354
13,6,3.487,0.0203392
13,7,3.48292,0.0180798
13,8,3.47186,0.0194021
13,9,3.4806,0.0194277
13,10,3.4599,0.0271544
13,11,3.47498,0.0290188
13,12,3.48455,0.0283568
13,13,3.48416,0.0262562
13,14,3.47695,0.0254844
13,15,3.48605,0.0255156
13,16,3.46726,0.030455
13,17,3.45893,0.0298967
13,18,3.45251,0.0289991
13,19,3.46953,0.0323485
13,20,3.45993,0.0322321
13,21,3.46573,0.0312744
13,22,3.46452,0.029908
13,23,3.46741,0.0287798
13,24,3.46177,0.0281751
13,25,3.45507,0.0278861
13,26,3.45035,0.0272446
13,27,3.45172,0.0262889
13,28,3.44836,0.0255873
13,29,3.46022,0.0274191
13,30,3.46042,0.0265206
13,31,3.45627,0.0260107
13,32,3.46281,0.0260445
13,33,3.45553,0.0262943
13,34,3.4537,0.0255976
13,35,3.45612,0.0249939
13,36,3.45518,0.0243272
13,37,3.45012,0.0242145
13,38,3.45043,0.0235876
13,39,3.45165,0.0230224
13,40,3.44982,0.0225282
13,41,3.45879,0.0237471
13,42,3.46445,0.0238688
13,43,3.46607,0.0233759
13,44,3.46476,0.0228881
13,45,3.46615,0.0224279
13,46,3.46775,0.0220038
13,47,3.46821,0.0215455
13,48,3.46663,0.0211604
13,49,3.46908,0.0208769
13,50,3.4681,0.0204868
13,51,3.46533,0.0202786
13,52,3.46326,0.0199997
13,53,3.46066,0.0197974
13,54,3.45562,0.0200766
13,55,3.45886,0.0199787
13,56,3.46028,0.0196767
13,57,3.45968,0.0193439
13,58,3.45519,0.0195358
13,59,3.45074,0.0197177
13,60,3.44946,0.019434
13,61,3.45148,0.0192252
13,62,3.45263,0.0189524
13,63,3.45575,0.018912
13,64,3.4585,0.0188215
13,65,3.46174,0.0188144
13,66,3.4638,0.0186463
13,67,3.46252,0.0184151
13,68,3.46295,0.0181513
13,69,3.46685,0.0183108
13,70,3.46783,0.0180776
13,71,3.46848,0.0178368
13,72,3.47234,0.0180093
13,73,3.46993,0.0179275
13,74,3.46762,0.0178376
13,75,3.46641,0.0176424
13,76,3.46436,0.0175321
13,77,3.46472,0.0173096
13,78,3.45886,0.0180678
13,79,3.46061,0.0179264
13,80,3.45995,0.0177161
13,81,3.45849,0.0175592
13,82,3.45541,0.0176184
13,83,3.45783,0.0175747
13,84,3.45895,0.0174032
13,85,3.45629,0.0174051
13,86,3.45775,0.0172659
13,87,3.46296,0.0178457
13,88,3.46188,0.017677
13,89,3.46122,0.0174918
13,90,3.46055,0.0173118
13,91,3.45865,0.0172276
13,92,3.45664,0.0171593
13,93,3.4559,0.0169919
13,94,3.45659,0.0168264
13,95,3.45924,0.0168589
13,96,3.45861,0.0166958
13,97,3.46248,0.016971
13,98,3.46475,0.0169516
13,99,3.46551,0.0167982
14,0,3.64218,0
14,1,3.59149,0.0506951
14,2,3.57888,0.0318686
14,3,3.59875,0.0300441
14,4,3.60687,0.0246466
14,5,3.59308,0.024393
14,6,3.60508,0.0238518
14,7,3.59403,0.0234256
14,8,3.57843,0.0258882
14,9,3.59009,0.0259252
14,10,3.57474,0.0280282
14,11,3.59868,0.035043
14,12,3.60892,0.0338231
14,13,3.60738,0.0313522
14,14,3.60108,0.0298604
14,15,3.61059,0.0295073
14,16,3.59001,0.0345212
14,17,3.58148,0.033645
14,18,3.58214,0.0318316
14,19,3.59758,0.0339182
14,20,3.58551,0.0344466
14,21,3.59324,0.0337421
14,22,3.59516,0.0322985
14,23,3.59691,0.0309731
14,24,3.59335,0.0299212
14,25,3.58594,0.0296871
14,26,3.57888,0.0294261
14,27,3.58261,0.0286007
14,28,3.5784,0.0279162
14,29,3.59109,0.0298035
14,30,3.58987,0.0288516
14,31,3.58422,0.0285013
14,32,3.59084,0.0284063
14,33,3.58208,0.0289166
14,34,3.58105,0.0280972
14,35,3.58115,0.0273057
14,36,3.58062,0.0265628
14,37,3.57682,0.0261312
14,38,3.57487,0.025527
14,39,3.57608,0.0249098
14,40,3.57523,0.0243092
14,41,3.58381,0.025225
14,42,3.58884,0.0251408
14,43,3.58719,0.0246184
14,44,3.5855,0.0241242
14,45,3.58799,0.0237254
14,46,3.58808,0.0232153
14,47,3.58837,0.0227283
14,48,3.5874,0.0222808
14,49,3.59211,0.022334
14,50,3.5897,0.0220241
14,51,3.58941,0.0215983
14,52,3.58927,0.0211874
14,53,3.58623,0.0210117
14,54,3.5819,0.0210755
14,55,3.58558,0.0210199
14,56,3.58794,0.0207828
14,57,3.5884,0.0204264
14,58,3.58255,0.0209134
14,59,3.57641,0.0214592
14,60,3.57476,0.0211682
14,61,3.57583,0.0208514
14,62,3.57668,0.0205352
14,63,3.58012,0.0205021
14,64,3.5814,0.0202247
14,65,3.586,0.0204402
14,66,3.5877,0.0202047
14,67,3.5856,0.0200163
14,68,3.58605,0.0197294
14,69,3.58941,0.019733
14,70,3.58907,0.019456
14,71,3.58851,0.0191923
14,72,3.59286,0.019422
14,73,3.59124,0.0192259
14,74,3.58904,0.0190955
14,75,3.58815,0.0188634
14,76,3.58703,0.0186508
14,77,3.58731,0.0184124
14,78,3.58112,0.0192039
14,79,3.58415,0.0192032
14,80,3.58403,0.0189651
14,81,3.58255,0.0187906
14,82,3.57937,0.0188327
14,83,3.58294,0.0189465
14,84,3.5853,0.0188703
14,85,3.5825,0.0188582
14,86,3.58338,0.018661
14,87,3.58907,0.0193033
14,88,3.58761,0.019141
14,89,3.58721,0.0189312
14,90,3.58639,0.0187401
14,91,3.58434,0.0186487
14,92,3.58332,0.0184752
14,93,3.58214,0.0183157
14,94,3.58293,0.0181394
14,95,3.58513,0.0180834
14,96,3.58477,0.0178996
14,97,3.5882,0.0180442
14,98,3.59081,0.0180514
14,99,3.59195,0.0179065
15,0,3.78897,0
15,1,3.73367,0.0553005
15,2,3.73224,0.0319598
15,3,3.73712,0.0231217
15,4,3.72004,0.0247514
15,5,3.71431,0.0210065
15,6,3.72178,0.0192607
15,7,3.71911,0.016893
15,8,3.70722,0.0190559
15,9,3.72443,0.0242156
15,10,3.715,0.0238472
15,11,3.7299,0.0263827
15,12,3.73886,0.0258708
15,13,3.73964,0.0239645
15,14,3.73712,0.0224523
15,15,3.74547,0.0226034
15,16,3.72328,0.030717
15,17,3.71823,0.029397
15,18,3.72127,0.0279728
15,19,3.73113,0.0283108
15,20,3.71891,0.0295722
15,21,3.72577,0.029018
15,22,3.72784,0.0278046
15,23,3.72541,0.026731
15,24,3.71962,0.0262867
15,25,3.70842,0.027627
15,26,3.70203,0.027341
15,27,3.70248,0.0263503
15,28,3.70088,0.0254757
15,29,3.71198,0.0269986
15,30,3.71377,0.0261743
15,31,3.70894,0.0257996
15,32,3.71591,0.0259614
15,33,3.70853,0.0262463
15,34,3.70694,0.0255349
15,35,3.70583,0.0248405
15,36,3.70506,0.0241719
15,37,3.70045,0.0239742
15,38,3.69788,0.0234926
15,39,3.7007,0.0230711
15,40,3.69887,0.0225763
15,41,3.70649,0.0233146
15,42,3.71146,0.0233011
15,43,3.71114,0.0227676
15,44,3.70865,0.0223946
15,45,3.70974,0.0219293
15,46,3.7095,0.0214589
15,47,3.71048,0.0210298
15,48,3.71136,0.0206151
15,49,3.7174,0.0210802
15,50,3.71482,0.0208225
15,51,3.714,0.0204348
15,52,3.71368,0.020048
15,53,3.71181,0.0197626
15,54,3.70898,0.0196041
15,55,3.71176,0.0194502
15,56,3.71358,0.0191926
15,57,3.71415,0.0188672
15,58,3.70816,0.0194883
15,59,3.70177,0.0201982
15,60,3.70083,0.0198862
15,61,3.70135,0.0195696
15,62,3.70247,0.0192889
15,63,3.70652,0.0194123
15,64,3.70774,0.0191508
15,65,3.71147,0.0192235
15,66,3.71309,0.0190031
15,67,3.70998,0.0189786
15,68,3.711,0.0187295
15,69,3.7148,0.0188481
15,70,3.71576,0.0186051
15,71,3.71693,0.0183823
15,72,3.72136,0.0186616
15,73,3.71875,0.0185913
15,74,3.71633,0.0185006
15,75,3.71502,0.0183023
15,76,3.71409,0.0180869
15,77,3.71549,0.0179077
15,78,3.70935,0.0187145
15,79,3.71174,0.0186328
15,80,3.71145,0.0184035
15,81,3.70969,0.0182633
15,82,3.70516,0.0186025
15,83,3.70868,0.0187147
15,84,3.71063,0.0185951
15,85,3.70692,0.0187465
15,86,3.70696,0.0185298
15,87,3.71111,0.0187825
15,88,3.71016,0.0185949
15,89,3.70978,0.018391
15,90,3.70858,0.0182276
15,91,3.70537,0.0183103
15,92,3.70349,0.0182102
15,93,3.70198,0.0180786
15,94,3.70104,0.0179121
15,95,3.70291,0.0178233
15,96,3.70258,0.0176417
15,97,3.70598,0.0177892
15,98,3.70863,0.0178057
15,99,3.70962,0.0176547
16,0,3.87634,0
16,1,3.85134,0.0249994
16,2,3.86769,0.0218076
16,3,3.87242,0.0161292
16,4,3.85226,0.0237161
16,5,3.86061,0.0210884
16,6,3.88201,0.0278457
16,7,3.8797,0.024225
16,8,3.86191,0.0278048
16,9,3.86303,0.0248944
16,10,3.84974,0.0261452
16,11,3.86375,0.0276739
16,12,3.86788,0.0257897
16,13,3.86656,0.0239128
16,14,3.86753,0.0222824
16,15,3.86658,0.0208649
16,16,3.84575,0.0286023
16,17,3.8424,0.0271735
16,18,3.84461,0.0257987
16,19,3.85357,0.0260624
16,20,3.84284,0.0270132
16,21,3.84592,0.02594
16,22,3.8514,0.0253854
16,23,3.84774,0.0245792
16,24,3.84034,0.0247087
16,25,3.83136,0.0253816
16,26,3.82344,0.0256766
16,27,3.82749,0.0250717
16,28,3.82623,0.0242242
16,29,3.8341,0.0246892
16,30,3.83538,0.0239141
16,31,3.8321,0.0233859
16,32,3.84172,0.0246213
16,33,3.83819,0.0241455
16,34,3.8345,0.0237338
16,35,3.8346,0.0230653
16,36,3.83207,0.022575
16,37,3.82724,0.0224976
16,38,3.82568,0.0219687
16,39,3.82693,0.0214489
16,40,3.82708,0.0209197
16,41,3.83401,0.0215578
16,42,3.8393,0.0217053
16,43,3.84042,0.0212359
16,44,3.83667,0.0210941
16,45,3.83599,0.0206415
16,46,3.83621,0.0201988
16,47,3.83905,0.0199763
16,48,3.83875,0.0195667
16,49,3.84413,0.0199117
16,50,3.84249,0.0195858
16,51,3.84222,0.0192073
16,52,3.84103,0.0188794
16,53,3.84041,0.0185368
16,54,3.83724,0.0184706
16,55,3.8407,0.0184654
16,56,3.84294,0.0182763
16,57,3.84276,0.0179593
16,58,3.83598,0.0189106
16,59,3.82974,0.0196127
16,60,3.82801,0.0193656
16,61,3.82868,0.0190625
16,62,3.82997,0.018802
16,63,3.83282,0.0187238
16,64,3.83413,0.0184801
16,65,3.83644,0.018344
16,66,3.83758,0.0181038
16,67,3.83477,0.0180551
16,68,3.83464,0.017792
16,69,3.84006,0.018352
16,70,3.84061,0.0181001
16,71,3.84235,0.0179319
16,72,3.84584,0.0180263
16,73,3.84467,0.0178198
16,74,3.84047,0.0180749
16,75,3.84019,0.0178377
16,76,3.83991,0.0176067
16,77,3.84004,0.0173799
16,78,3.83418,0.0181303
16,79,3.83693,0.0181118
16,80,3.83549,0.0179449
16,81,3.83406,0.0177822
16,82,3.83052,0.017919
16,83,3.8353,0.0183376
16,84,3.83758,0.0182631
16,85,3.83302,0.018616
16,86,3.83274,0.0184029
16,87,3.83778,0.0188781
16,88,3.83693,0.0186843
16,89,3.83562,0.0185221
16,90,3.83502,0.0183271
16,91,3.83108,0.0185508
16,92,3.82912,0.0184538
16,93,3.82767,0.018314
16,94,3.82675,0.0181436
16,95,3.82758,0.0179729
16,96,3.82749,0.0177868
16,97,3.83148,0.0180502
16,98,3.83423,0.0180777
16,99,3.83631,0.0180156
17,0,4.0084,0
17,1,3.97243,0.0359688
17,2,3.98999,0.0271961
17,3,4.00187,0.0226026
17,4,3.97951,0.0284015
17,5,3.97197,0.0243853
17,6,3.98081,0.0224282
17,7,3.97302,0.0209272
17,8,3.95868,0.0233773
17,9,3.96455,0.0217188
17,10,3.94863,0.0252861
17,11,3.9671,0.0295611
17,12,3.97245,0.0277149
17,13,3.96771,0.0260942
17,14,3.97293,0.0248471
17,15,3.97648,0.0235121
17,16,3.95151,0.0333334
17,17,3.94682,0.0317755
17,18,3.94808,0.0300829
17,19,3.9547,0.0292976
17,20,3.95037,0.0282028
17,21,3.95509,0.0273025
17,22,3.95643,0.0261229
17,23,3.95104,0.0255855
17,24,3.9484,0.0246825
17,25,3.94277,0.0243732
17,26,3.93738,0.0240647
17,27,3.94354,0.0239935
17,28,3.9427,0.0231665
17,29,3.95093,0.0238454
17,30,3.95041,0.0230694
17,31,3.94615,0.0227381
17,32,3.95468,0.0236321
17,33,3.95018,0.023364
17,34,3.94473,0.0233324
17,35,3.94498,0.0226763
17,36,3.94286,0.0221567
17,37,3.9374,0.0222447
17,38,3.93517,0.0217818
17,39,3.937,0.021309
17,40,3.93649,0.0207889
17,41,3.94247,0.0211508
17,42,3.94766,0.0212965
17,43,3.94837,0.0208188
17,44,3.94524,0.0205891
17,45,3.94473,0.020143
17,46,3.94403,0.0197223
17,47,3.94709,0.0195487
17,48,3.94654,0.0191535
17,49,3.95058,0.019195
17,50,3.94836,0.0189455
17,51,3.94787,0.0185839
17,52,3.94636,0.0182926
17,53,3.94762,0.0179948
17,54,3.94604,0.017735
17,55,3.94976,0.0178084
17,56,3.95262,0.0177262
17,57,3.95341,0.0174355
17,58,3.94657,0.0184522
17,59,3.94077,0.0190453
17,60,3.93816,0.018912
17,61,3.93988,0.0186842
17,62,3.94283,0.0186193
17,63,3.94647,0.0186845
17,64,3.94686,0.018399
17,65,3.95083,0.0185479
17,66,3.95205,0.0183098
17,67,3.94925,0.0182545
17,68,3.94771,0.0180541
17,69,3.95335,0.0186682
17,70,3.95296,0.0184076
17,71,3.95401,0.0181803
17,72,3.95637,0.0180839
17,73,3.95464,0.0179213
17,74,3.95042,0.0181782
17,75,3.95114,0.0179521
17,76,3.95081,0.0177205
17,77,3.95257,0.0175806
17,78,3.94685,0.0182755
17,79,3.94951,0.0182408
17,80,3.94724,0.0181568
17,81,3.94574,0.0179971
17,82,3.94179,0.0182107
17,83,3.94626,0.0185379
17,84,3.94823,0.0184242
17,85,3.94391,0.0187137
17,86,3.94251,0.0185505
17,87,3.94753,0.0190127
17,88,3.94542,0.0189157
17,89,3.94327,0.0188271
17,90,3.94314,0.0186195
17,91,3.94066,0.0185814
17,92,3.93881,0.0184732
17,93,3.93664,0.0184042
17,94,3.93664,0.0182094
17,95,3.93661,0.0180187
17,96,3.93667,0.0178321
17,97,3.9402,0.0179973
17,98,3.94279,0.0180027
17,99,3.9453,0.0179976
18,0,3.99499,0
18,1,3.962,0.0329892
18,2,3.99933,0.041914
18,3,4.05213,0.0605486
18,4,4.04284,0.0478125
18,5,4.06447,0.0446302
18,6,4.07732,0.0398494
18,7,4.07436,0.0346373
18,8,4.0723,0.0306166
18,9,4.07495,0.0275116
18,10,4.06212,0.0279979
18,11,4.07719,0.029674
18,12,4.08142,0.0276217
18,13,4.07187,0.0272978
18,14,4.08057,0.0268589
18,15,4.08226,0.0251811
18,16,4.05517,0.0359639
18,17,4.04635,0.0350344
18,18,4.04745,0.0331576
18,19,4.05459,0.0322556
18,20,4.05406,0.0306858
18,21,4.05957,0.0297721
18,22,4.06134,0.0285029
18,23,4.05601,0.0278054
18,24,4.05392,0.0267513
18,25,4.04649,0.0267549
18,26,4.04225,0.0260914
18,27,4.04496,0.025288
18,28,4.04311,0.0244704
18,29,4.04877,0.0243071
18,30,4.04684,0.0235885
18,31,4.04156,0.0234431
18,32,4.05364,0.025736
18,33,4.04711,0.0258093
18,34,4.04257,0.025469
18,35,4.04458,0.0248333
18,36,4.04469,0.024153
18,37,4.04003,0.0239664
18,38,4.03586,0.0237117
18,39,4.03752,0.0231703
18,40,4.03558,0.0226807
18,41,4.04261,0.0232242
18,42,4.04794,0.0232935
18,43,4.04896,0.022781
18,44,4.0474,0.0223238
18,45,4.04817,0.0218466
18,46,4.04715,0.0214009
18,47,4.05044,0.0212066
18,48,4.05151,0.020797
18,49,4.0552,0.0207085
18,50,4.05417,0.0203247
18,51,4.05142,0.0201176
18,52,4.05013,0.0197768
18,53,4.05116,0.0194345
18,54,4.05003,0.0191117
18,55,4.05485,0.0193784
18,56,4.05699,0.019155
18,57,4.05944,0.018981
18,58,4.0545,0.0193008
18,59,4.04727,0.0203067
18,60,4.04473,0.0201313
18,61,4.04628,0.0198643
18,62,4.05015,0.0199249
18,63,4.05429,0.0200436
18,64,4.05476,0.0197385
18,65,4.05841,0.0197775
18,66,4.05955,0.0195133
18,67,4.05593,0.0195623
18,68,4.05454,0.0193264
18,69,4.0605,0.0199593
18,70,4.05907,0.0197283
18,71,4.06082,0.0195307
18,72,4.06366,0.0194698
18,73,4.0624,0.0192464
18,74,4.05949,0.0192092
18,75,4.05995,0.0189603
18,76,4.06007,0.0187128
18,77,4.06243,0.0186212
18,78,4.05744,0.0190491
18,79,4.0591,0.0188823
18,80,4.05696,0.0187695
18,81,4.05614,0.0185576
18,82,4.05126,0.0189713
18,83,4.05599,0.019333
18,84,4.05869,0.0192936
18,85,4.05419,0.0195917
18,86,4.05154,0.0195459
18,87,4.0571,0.0201063
18,88,4.05549,0.0199435
18,89,4.05325,0.0198476
18,90,4.05258,0.0196399
18,91,4.0514,0.0194606
18,92,4.05014,0.0192917
18,93,4.04858,0.0191494
18,94,4.04909,0.0189538
18,95,4.04881,0.0187575
18,96,4.04824,0.0185717
18,97,4.05228,0.0188199
18,98,4.05513,0.0188444
18,99,4.05786,0.018855
19,0,4.00606,0
19,1,4.0128,0.00674074
19,2,4.07178,0.0591131
19,3,4.13175,0.0730931
19,4,4.14539,0.0582381
19,5,4.17256,0.0547653
19,6,4.18218,0.0472747
19,7,4.17176,0.0422446
19,8,4.16367,0.0381249
19,9,4.16681,0.0342439
19,10,4.15277,0.0340084
19,11,4.1594,0.0317454
19,12,4.16198,0.0293157
19,13,4.15591,0.0278121
19,14,4.16478,0.0273692
19,15,4.16369,0.0256248
19,16,4.14232,0.0321909
19,17,4.13544,0.0311195
19,18,4.13264,0.0295684
19,19,4.13933,0.0288372
19,20,4.1384,0.0274456
19,21,4.14922,0.0283199
19,22,4.15288,0.027306
19,23,4.14397,0.0276187
19,24,4.14358,0.0264937
19,25,4.13426,0.0271092
19,26,4.12867,0.0266776
19,27,4.13425,0.026305
19,28,4.13141,0.0255402
19,29,4.13666,0.0252269
19,30,4.13573,0.0244174
19,31,4.12841,0.0247494
19,32,4.14107,0.0271253
19,33,4.13431,0.0271702
19,34,4.13394,0.026385
19,35,4.13375,0.0256424
19,36,4.13468,0.024957
19,37,4.13229,0.0244087
19,38,4.12658,0.0244488
19,39,4.12673,0.0238302
19,40,4.12477,0.0233238
19,41,4.13454,0.0247698
19,42,4.13985,0.0247629
19,43,4.1425,0.0243378
19,44,4.13835,0.0241498
19,45,4.13966,0.0236556
19,46,4.14009,0.0231507
19,47,4.1449,0.0231677
19,48,4.14468,0.022691
19,49,4.14843,0.0225462
19,50,4.14656,0.022179
19,51,4.14729,0.0217606
19,52,4.14515,0.0214532
19,53,4.14549,0.0210549
19,54,4.14394,0.0207261
19,55,4.14858,0.0208731
19,56,4.15032,0.0205779
19,57,4.15375,0.0205081
19,58,4.14955,0.0205895
19,59,4.1421,0.0215723
19,60,4.13963,0.0213593
19,61,4.14167,0.021111
19,62,4.14439,0.0209509
19,63,4.14877,0.0210805
19,64,4.14741,0.020798
19,65,4.15138,0.0208614
19,66,4.15195,0.0205555
19,67,4.14914,0.0204454
19,68,4.14812,0.0201727
19,69,4.15452,0.0208863
19,70,4.15215,0.0207259
19,71,4.15427,0.0205463
19,72,4.15733,0.0204917
19,73,4.15495,0.0203519
19,74,4.15123,0.0204211
19,75,4.15303,0.0202313
19,76,4.15369,0.0199777
19,77,4.15648,0.0199152
19,78,4.15176,0.0202185
19,79,4.15349,0.0200386
19,80,4.15085,0.019964
19,81,4.14974,0.0197505
19,82,4.14477,0.0201344
19,83,4.14917,0.0203746
19,84,4.15124,0.0202394
19,85,4.14731,0.020384
19,86,4.14486,0.0202975
19,87,4.14903,0.0204954
19,88,4.14789,0.020296
19,89,4.14586,0.0201713
19,90,4.14505,0.0199652
19,91,4.1441,0.0197696
19,92,4.14238,0.0196314
19,93,4.14145,0.0194435
19,94,4.14249,0.0192657
19,95,4.1431,0.0190737
19,96,4.14341,0.0188786
19,97,4.1483,0.0193128
19,98,4.15139,0.0193655
19,99,4.15487,0.0194847
20,0,4.17033,0
20,1,4.20323,0.0328994
20,2,4.23083,0.0335039
20,3,4.291,0.0646652
20,4,4.29136,0.0500908
20,5,4.31019,0.0450223
20,6,4.31975,0.0392351
20,7,4.31721,0.0340736
20,8,4.30301,0.0332355
20,9,4.29092,0.0320906
20,10,4.27231,0.0344851
20,11,4.28565,0.0341917
20,12,4.28253,0.0316058
20,13,4.27754,0.0296849
20,14,4.27855,0.0276537
20,15,4.27457,0.0261729
20,16,4.24729,0.0367173
20,17,4.23689,0.0361461
20,18,4.23448,0.0342758
20,19,4.2371,0.032622
20,20,4.23648,0.0310358
20,21,4.25018,0.0326053
20,22,4.25724,0.0319459
20,23,4.24859,0.031786
20,24,4.24907,0.030492
20,25,4.23995,0.0306817
20,26,4.23152,0.0307047
20,27,4.2361,0.0299409
20,28,4.23616,0.02889
20,29,4.24057,0.0282576
20,30,4.23842,0.027416
20,31,4.22784,0.0285747
20,32,4.23982,0.0301774
20,33,4.23212,0.0302727
20,34,4.23125,0.0294079
20,35,4.23233,0.0285993
20,36,4.23537,0.0279822
20,37,4.23203,0.0274406
20,38,4.22804,0.0270237
20,39,4.22545,0.0264659
20,40,4.22299,0.0259299
20,41,4.23436,0.0277432
20,42,4.24248,0.0282798
20,43,4.24474,0.0277219
20,44,4.23847,0.0278134
20,45,4.23979,0.0272339
20,46,4.24192,0.026733
20,47,4.24582,0.026459
20,48,4.24457,0.0259436
20,49,4.2496,0.0259134
20,50,4.24604,0.0256491
20,51,4.24671,0.02516
20,52,4.24404,0.0248248
20,53,4.24509,0.0243834
20,54,4.24483,0.0239375
20,55,4.25008,0.0240854
20,56,4.25129,0.02369
20,57,4.25434,0.0234773
20,58,4.25053,0.0233886
20,59,4.24293,0.0242193
20,60,4.24045,0.0239471
20,61,4.24324,0.0237223
20,62,4.24571,0.0234724
20,63,4.25051,0.0235973
20,64,4.24826,0.0233402
20,65,4.25102,0.0231488
20,66,4.25136,0.0228031
20,67,4.24766,0.0227674
20,68,4.24771,0.022435
20,69,4.25479,0.0232207
20,70,4.25249,0.0230075
20,71,4.25507,0.0228325
20,72,4.25994,0.0230392
20,73,4.25716,0.0228952
20,74,4.25465,0.0227276
20,75,4.25658,0.0225096
20,76,4.25736,0.022229
20,77,4.26111,0.0222604
20,78,4.25719,0.022323
20,79,4.25788,0.022053
20,80,4.25538,0.0219225
20,81,4.25497,0.0216574
20,82,4.24988,0.0219919
20,83,4.25362,0.022048
20,84,4.25576,0.0218922
20,85,4.25177,0.0220018
20,86,4.24871,0.0219616
20,87,4.25209,0.0219726
20,88,4.25166,0.0217287
20,89,4.24904,0.0216444
20,90,4.24853,0.0214114
20,91,4.24834,0.0211782
20,92,4.24614,0.0210648
20,93,4.2453,0.0208564
20,94,4.24625,0.0206579
20,95,4.247,0.0204551
20,96,4.24752,0.02025
20,97,4.2522,0.0205815
20,98,4.25579,0.020685
20,99,4.25878,0.0206943
21,0,4.22182,0
21,1,4.267,0.0451796
21,2,4.33661,0.0743393
21,3,4.36683,0.0606311
21,4,4.35805,0.0477773
21,5,4.40097,0.0579965
21,6,4.39604,0.049263
21,7,4.39284,0.0427832
21,8,4.38392,0.0387708
21,9,4.37333,0.0362571
21,10,4.35577,0.0372049
21,11,4.36532,0.0352828
21,12,4.36299,0.0325394
21,13,4.36464,0.030171
21,14,4.36731,0.0282145
21,15,4.36198,0.0269251
21,16,4.334,0.0377186
21,17,4.32524,0.0366243
21,18,4.32791,0.0347455
21,19,4.32789,0.0329625
21,20,4.33007,0.0314292
21,21,4.34069,0.0317936
21,22,4.35011,0.0318063
21,23,4.34052,0.0319265
21,24,4.33829,0.030704
21,25,4.33107,0.0303698
21,26,4.32265,0.0304119
21,27,4.32771,0.0297391
21,28,4.32789,0.0286959
21,29,4.33227,0.0280665
21,30,4.33386,0.0271924
21,31,4.32122,0.0292031
21,32,4.33243,0.0304436
21,33,4.32404,0.0307045
21,34,4.32512,0.0298339
21,35,4.32761,0.0291
21,36,4.33089,0.0284925
21,37,4.32731,0.0279627
21,38,4.32553,0.0272943
21,39,4.32369,0.0266671
21,40,4.32097,0.0261496
21,41,4.33132,0.0275384
21,42,4.34057,0.028437
21,43,4.34282,0.0278735
21,44,4.33675,0.0279136
21,45,4.33606,0.0273087
21,46,4.33927,0.0269134
21,47,4.3412,0.0264171
21,48,4.34034,0.0258867
21,49,4.34363,0.0255755
21,50,4.33931,0.0254372
21,51,4.33991,0.0249502
21,52,4.33716,0.0246282
21,53,4.33772,0.0241742
21,54,4.33934,0.023786
21,55,4.34633,0.024381
21,56,4.3482,0.0240226
21,57,4.35263,0.0240174
21,58,4.34963,0.0237971
21,59,4.34249,0.0244619
21,60,4.33975,0.0242138
21,61,4.34366,0.0241394
21,62,4.34647,0.0239183
21,63,4.34927,0.0237076
21,64,4.34768,0.0233938
21,65,4.34932,0.0230948
21,66,4.34837,0.0227674
21,67,4.34523,0.022649
21,68,4.34502,0.0223193
21,69,4.35143,0.0229134
21,70,4.34924,0.0226944
21,71,4.35162,0.0225035
21,72,4.35574,0.0225725
21,73,4.35191,0.0225921
21,74,4.34983,0.022386
21,75,4.35149,0.0221515
21,76,4.35177,0.0218637
21,77,4.35389,0.0216855
21,78,4.35081,0.0216291
21,79,4.35082,0.021357
21,80,4.34864,0.0212043
21,81,4.34811,0.0209508
21,82,4.34405,0.0210913
21,83,4.34699,0.0210452
21,84,4.34878,0.0208732
21,85,4.34617,0.0207933
21,86,4.34327,0.0207573
21,87,4.34699,0.0208545
21,88,4.34716,0.0206196
21,89,4.34489,0.0205149
21,90,4.34401,0.0203071
21,91,4.34333,0.0200967
21,92,4.34135,0.019978
21,93,4.34062,0.0197777
21,94,4.34114,0.0195752
21,95,4.34213,0.0193954
21,96,4.34225,0.0191948
21,97,4.34621,0.0194056
21,98,4.34893,0.0194004
21,99,4.35192,0.0194365
22,0,4.40215,0
22,1,4.40341,0.00125274
22,2,4.4528,0.0494026
22,3,4.48723,0.0490427
22,4,4.47063,0.0414574
22,5,4.51399,0.055013
22,6,4.5109,0.046597
22,7,4.50598,0.0406529
22,8,4.48968,0.0393855
22,9,4.46953,0.0405819
22,10,4.45211,0.0406318
22,11,4.45716,0.0374332
22,12,4.45068,0.0350371
22,13,4.45033,0.0324399
22,14,4.44849,0.0302561
22,15,4.44783,0.0283096
22,16,4.42164,0.0373236
22,17,4.41671,0.0355334
22,18,4.42191,0.0340111
22,19,4.42309,0.0322875
22,20,4.42422,0.0307321
22,21,4.42957,0.0297864
22,22,4.43844,0.0298132
22,23,4.43288,0.0290805
22,24,4.4293,0.0281222
22,25,4.42367,0.0275986
22,26,4.41485,0.0279823
22,27,4.4176,0.0271038
22,28,4.41586,0.0262105
22,29,4.42201,0.0260591
22,30,4.4224,0.0252076
22,31,4.40961,0.0275555
22,32,4.41849,0.0281426
22,33,4.412,0.0280611
22,34,4.41028,0.0273024
22,35,4.41494,0.0269397
22,36,4.41726,0.0263041
22,37,4.41494,0.0257074
22,38,4.41442,0.0250451
22,39,4.41034,0.0247492
22,40,4.40655,0.0244337
22,41,4.41855,0.0266967
22,42,4.42534,0.0269374
22,43,4.42775,0.0264284
22,44,4.42015,0.02693
22,45,4.42028,0.0263384
22,46,4.42377,0.0260066
22,47,4.42819,0.0258408
22,48,4.42681,0.0253455
22,49,4.43246,0.0254669
22,50,4.4285,0.0252737
22,51,4.42838,0.0247832
22,52,4.42552,0.0244789
22,53,4.42608,0.0240278
22,54,4.42676,0.0235969
22,55,4.4322,0.023801
22,56,4.43369,0.023427
22,57,4.43797,0.0234134
22,58,4.43487,0.0232207
22,59,4.42831,0.0237526
22,60,4.42745,0.0233759
22,61,4.43102,0.0232708
22,62,4.43352,0.0230348
22,63,4.4369,0.0229222
22,64,4.43642,0.022572
22,65,4.4387,0.0223446
22,66,4.43784,0.0220252
22,67,4.43341,0.022147
22,68,4.43411,0.0218348
22,69,4.44009,0.0223371
22,70,4.43924,0.0220367
22,71,4.44297,0.0220453
22,72,4.4461,0.0219662
22,73,4.44162,0.0221266
22,74,4.4404,0.0218637
22,75,4.44156,0.0216053
22,76,4.44175,0.0213237
22,77,4.44376,0.0211437
22,78,4.44132,0.0210159
22,79,4.44135,0.0207515
22,80,4.43915,0.0206119
22,81,4.43742,0.0204321
22,82,4.43258,0.020756
22,83,4.4365,0.0208774
22,84,4.43781,0.0206723
22,85,4.43535,0.0205787
22,86,4.43253,0.0205353
22,87,4.43532,0.0204922
22,88,4.43609,0.0202753
22,89,4.43254,0.0203616
22,90,4.43206,0.0201423
22,91,4.43112,0.0199442
22,92,4.4291,0.0198324
22,93,4.42785,0.0196601
22,94,4.42741,0.019457
22,95,4.43003,0.0194306
22,96,4.42908,0.0192523
22,97,4.43322,0.019499
22,98,4.43518,0.0194002
22,99,4.43826,0.01945
23,0,4.53167,0
23,1,4.50751,0.0241634
23,2,4.557,0.051415
23,3,4.57532,0.0407145
23,4,4.5558,0.0370939
23,5,4.57628,0.0365639
23,6,4.58918,0.0334873
23,7,4.56509,0.0377001
23,8,4.55443,0.0349178
23,9,4.53032,0.0394553
23,10,4.51986,0.0371895
23,11,4.52624,0.0345438
23,12,4.52002,0.0323782
23,13,4.52225,0.0300594
23,14,4.52177,0.0279879
23,15,4.52556,0.0264529
23,16,4.50112,0.0348521
23,17,4.4942,0.0335797
23,18,4.50242,0.0328098
23,19,4.50356,0.0311468
23,20,4.50482,0.0296533
23,21,4.51105,0.028952
23,22,4.5198,0.0290156
23,23,4.51699,0.0279224
23,24,4.51355,0.0270022
23,25,4.51059,0.0261109
23,26,4.50182,0.0266121
23,27,4.50606,0.0259928
23,28,4.50267,0.0253094
23,29,4.50976,0.025458
23,30,4.50997,0.024624
23,31,4.4995,0.0260365
23,32,4.50986,0.0272758
23,33,4.50374,0.0271583
23,34,4.50306,0.0263797
23,35,4.50793,0.0260948
23,36,4.50976,0.0254457
23,37,4.50904,0.0247774
23,38,4.50932,0.0241354
23,39,4.50793,0.0235654
23,40,4.50639,0.0230351
23,41,4.52093,0.0267714
23,42,4.52841,0.0271913
23,43,4.53092,0.0266838
23,44,4.52176,0.0276458
23,45,4.5237,0.0271077
23,46,4.52724,0.0267595
23,47,4.53249,0.0267169
23,48,4.53374,0.0261959
23,49,4.53719,0.0258977
23,50,4.53283,0.0257556
23,51,4.53115,0.0253113
23,52,4.52673,0.0252196
23,53,4.5275,0.02476
23,54,4.5275,0.0243057
23,55,4.53289,0.0244698
23,56,4.53406,0.024065
23,57,4.53838,0.0240374
23,58,4.53535,0.0238194
23,59,4.52905,0.0242517
23,60,4.52769,0.0238898
23,61,4.53049,0.0236683
23,62,4.53312,0.0234373
23,63,4.53634,0.0232914
23,64,4.53646,0.0229306
23,65,4.53919,0.0227454
23,66,4.53806,0.022432
23,67,4.53434,0.0224096
23,68,4.53494,0.0220905
23,69,4.54232,0.0229895
23,70,4.54113,0.0226945
23,71,4.54373,0.0225277
23,72,4.54601,0.0223336
23,73,4.54253,0.0223017
23,74,4.54096,0.0220588
23,75,4.54226,0.0218056
23,76,4.54373,0.0215709
23,77,4.54551,0.0213664
23,78,4.54185,0.0214088
23,79,4.54144,0.0211434
23,80,4.53949,0.0209718
23,81,4.53769,0.020793
23,82,4.53293,0.0210848
23,83,4.53713,0.0212513
23,84,4.53827,0.0210309
23,85,4.53668,0.020846
23,86,4.53395,0.0207851
23,87,4.53705,0.0207812
23,88,4.53739,0.0205492
23,89,4.53423,0.0205636
23,90,4.53288,0.0203814
23,91,4.53226,0.0201681
23,92,4.52987,0.020093
23,93,4.52818,0.0199499
23,94,4.52885,0.0197504
23,95,4.53088,0.0196487
23,96,4.53024,0.0194557
23,97,4.53506,0.0198506
23,98,4.53656,0.0197061
23,99,4.53892,0.0196498
24,0,4.65659,0
24,1,4.65767,0.00107798
24,2,4.64238,0.0152956
24,3,4.65507,0.0166719
24,4,4.61602,0.0411278
24,5,4.64924,0.0472347
24,6,4.66663,0.0435415
24,7,4.64106,0.0455572
24,8,4.64564,0.040438
24,9,4.62055,0.0440244
24,10,4.60235,0.0437823
24,11,4.60566,0.0401043
24,12,4.60403,0.0369264
24,13,4.60589,0.0342378
24,14,4.59853,0.0327115
24,15,4.60412,0.0311043
24,16,4.58317,0.0359501
24,17,4.56694,0.0375811
24,18,4.57456,0.0363564
24,19,4.57739,0.0346063
24,20,4.58274,0.033349
24,21,4.58726,0.0321172
24,22,4.59887,0.0328112
24,23,4.5958,0.0315639
24,24,4.59398,0.03033
24,25,4.58965,0.0294594
24,26,4.58011,0.0299111
24,27,4.58322,0.028991
24,28,4.58109,0.0280542
24,29,4.58785,0.0279312
24,30,4.58981,0.0270864
24,31,4.57947,0.0281911
24,32,4.59115,0.0297155
24,33,4.58766,0.0290389
24,34,4.58665,0.0282148
24,35,4.59052,0.0276913
24,36,4.59095,0.0269358
24,37,4.591,0.0262174
24,38,4.58798,0.0257146
24,39,4.58725,0.0250741
24,40,4.58584,0.0244953
24,41,4.60147,0.0285611
24,42,4.6068,0.0283937
24,43,4.60862,0.0278002
24,44,4.60231,0.0278977
24,45,4.60302,0.0272937
24,46,4.60602,0.026875
24,47,4.60944,0.0265303
24,48,4.61334,0.0262745
24,49,4.61619,0.0259006
24,50,4.61299,0.0255885
24,51,4.61216,0.0251052
24,52,4.60743,0.0250766
24,53,4.60909,0.0246634
24,54,4.61144,0.024325
24,55,4.61803,0.0247791
24,56,4.6218,0.0246303
24,57,4.62649,0.0246525
24,58,4.62276,0.0245172
24,59,4.61607,0.0250156
24,60,4.61587,0.0246029
24,61,4.61967,0.0244999
24,62,4.62224,0.0242438
24,63,4.62537,0.0240665
24,64,4.62595,0.0237005
24,65,4.62935,0.0235862
24,66,4.62813,0.0232634
24,67,4.62283,0.023525
24,68,4.62457,0.0232466
24,69,4.63131,0.0238837
24,70,4.63109,0.0235459
24,71,4.63286,0.0232846
24,72,4.635,0.0230628
24,73,4.63209,0.022935
24,74,4.63159,0.0226326
24,75,4.63287,0.0223693
24,76,4.63472,0.0221543
24,77,4.63439,0.021871
24,78,4.63108,0.0218443
24,79,4.632,0.021589
24,80,4.63005,0.0214095
24,81,4.62858,0.0211982
24,82,4.62441,0.0213524
24,83,4.62768,0.021349
24,84,4.62863,0.0211179
24,85,4.62771,0.0208912
24,86,4.62493,0.0208363
24,87,4.62787,0.0208072
24,88,4.62674,0.0206032
24,89,4.62355,0.0206216
24,90,4.62153,0.020494
24,91,4.61997,0.0203294
24,92,4.61669,0.0203753
24,93,4.61552,0.0201917
24,94,4.61594,0.0199827
24,95,4.61749,0.0198334
24,96,4.61753,0.019628
24,97,4.62226,0.0199927
24,98,4.62446,0.0199118
24,99,4.62733,0.01992
25,0,4.75307,0
25,1,4.73543,0.0176355
25,2,4.72873,0.0121916
25,3,4.75248,0.025273
25,4,4.71195,0.0450119
25,5,4.74171,0.0472925
25,6,4.7522,0.0413217
25,7,4.73266,0.0407702
25,8,4.73852,0.0364288
25,9,4.71565,0.0398082
25,10,4.69343,0.0423097
25,11,4.69691,0.0387794
25,12,4.69259,0.0359319
25,13,4.68876,0.0334866
25,14,4.68607,0.0312901
25,15,4.69642,0.0310459
25,16,4.67845,0.0342534
25,17,4.65702,0.0387612
25,18,4.66527,0.0375825
25,19,4.6716,0.0362105
25,20,4.67729,0.0349108
25,21,4.6831,0.0337893
25,22,4.69126,0.0333012
25,23,4.69157,0.0318849
25,24,4.68846,0.03074
25,25,4.68479,0.0297622
25,26,4.67565,0.0300619
25,27,4.68046,0.0293651
25,28,4.67691,0.0285558
25,29,4.68294,0.0282396
25,30,4.68722,0.0276466
25,31,4.67824,0.0282349
25,32,4.68914,0.029457
25,33,4.68637,0.0287112
25,34,4.68408,0.0279732
25,35,4.68643,0.0272869
25,36,4.6876,0.0265651
25,37,4.68764,0.0258566
25,38,4.68592,0.0252432
25,39,4.6865,0.0246108
25,40,4.68563,0.0240187
25,41,4.69991,0.0274467
25,42,4.70536,0.0273504
25,43,4.70838,0.0268911
25,44,4.70278,0.0268754
25,45,4.70187,0.0263007
25,46,4.70303,0.0257614
25,47,4.70577,0.0253672
25,48,4.70975,0.0251612
25,49,4.7122,0.0247739
25,50,4.70775,0.0246881
25,51,4.7075,0.02421
25,52,4.70315,0.0241435
25,53,4.70507,0.0237696
25,54,4.70769,0.02348
25,55,4.71426,0.0239746
25,56,4.71866,0.0239578
25,57,4.7211,0.0236675
25,58,4.71732,0.0235684
25,59,4.71069,0.0240996
25,60,4.71046,0.0237024
25,61,4.71537,0.0238279
25,62,4.7177,0.0235623
25,63,4.72086,0.0234063
25,64,4.72147,0.0230513
25,65,4.7256,0.0230719
25,66,4.72375,0.0228
25,67,4.72061,0.02268
25,68,4.72274,0.0224504
25,69,4.72984,0.0232374
25,70,4.72905,0.0229215
25,71,4.73191,0.0227809
25,72,4.7339,0.0225547
25,73,4.73064,0.0224847
25,74,4.73131,0.0221929
25,75,4.73185,0.0219056
25,76,4.73303,0.0216512
25,77,4.73168,0.0214143
25,78,4.72878,0.0213396
25,79,4.72979,0.0210957
25,80,4.72857,0.0208691
25,81,4.72762,0.020635
25,82,4.72419,0.0206728
25,83,4.72751,0.0206934
25,84,4.728,0.0204544
25,85,4.72662,0.0202623
25,86,4.72421,0.0201718
25,87,4.72651,0.0200727
25,88,4.72483,0.0199171
25,89,4.72166,0.019947
25,90,4.71927,0.0198707
25,91,4.71838,0.0196739
25,92,4.71476,0.0197953
25,93,4.71367,0.0196136
25,94,4.71337,0.0194084
25,95,4.71391,0.0192129
25,96,4.71456,0.0190247
25,97,4.71808,0.0191568
25,98,4.71935,0.0190044
25,99,4.72258,0.0190886
26,0,4.81994,0
26,1,4.82046,0.000514628
26,2,4.83338,0.0129299
26,3,4.83455,0.00921724
26,4,4.77429,0.060685
26,5,4.79142,0.052427
26,6,4.80629,0.0467359
26,7,4.79124,0.0431814
26,8,4.79649,0.0384432
26,9,4.78377,0.0366627
26,10,4.75836,0.0417754
26,11,4.76471,0.0386602
26,12,4.75747,0.0362926
26,13,4.76025,0.0337151
26,14,4.75942,0.0313979
26,15,4.77198,0.0319422
26,16,4.7512,0.0364956
26,17,4.73502,0.0380218
26,18,4.74563,0.0374968
26,19,4.75191,0.036123
26,20,4.7583,0.0349491
26,21,4.76469,0.0339286
26,22,4.77575,0.0342565
26,23,4.77541,0.0327999
26,24,4.77187,0.0316585
26,25,4.77339,0.0304542
26,26,4.76477,0.0305469
26,27,4.76804,0.029617
26,28,4.76494,0.0287447
26,29,4.76913,0.0280837
26,30,4.77415,0.0276233
26,31,4.76539,0.0281456
26,32,4.77753,0.0298612
26,33,4.77444,0.0291344
26,34,4.77076,0.0285276
26,35,4.7727,0.0277919
26,36,4.77232,0.027033
26,37,4.77093,0.026349
26,38,4.76769,0.0258678
26,39,4.767,0.0252223
26,40,4.76729,0.0246012
26,41,4.78196,0.0281365
26,42,4.79103,0.028933
26,43,4.7939,0.0284126
26,44,4.78907,0.0281898
26,45,4.78802,0.0275902
26,46,4.78763,0.0269997
26,47,4.79025,0.026561
26,48,4.79367,0.026237
26,49,4.79595,0.0258081
26,50,4.79035,0.0259093
26,51,4.79047,0.0254064
26,52,4.78789,0.0250557
26,53,4.79051,0.0247272
26,54,4.79239,0.0243459
26,55,4.79895,0.0247916
26,56,4.80221,0.0245699
26,57,4.80417,0.0242219
26,58,4.80047,0.0240931
26,59,4.79498,0.0243174
26,60,4.79568,0.0239258
26,61,4.80037,0.0239987
26,62,4.80255,0.0237152
26,63,4.80498,0.0234677
26,64,4.80528,0.0231057
26,65,4.80596,0.0227632
26,66,4.80305,0.022609
26,67,4.80028,0.0224458
26,68,4.80208,0.022191
26,69,4.80925,0.0230175
26,70,4.8099,0.0227005
26,71,4.81351,0.022671
26,72,4.81493,0.0224034
26,73,4.81224,0.0222618
26,74,4.81249,0.0219644
26,75,4.81491,0.0218082
26,76,4.8162,0.0215621
26,77,4.81563,0.0212916
26,78,4.81324,0.021156
26,79,4.81367,0.0208943
26,80,4.81148,0.0207504
26,81,4.81019,0.0205359
26,82,4.80545,0.0208332
26,83,4.80869,0.0208369
26,84,4.80906,0.0205937
26,85,4.80834,0.0203657
26,86,4.80568,0.0203051
26,87,4.80758,0.0201631
26,88,4.80628,0.0199777
26,89,4.80287,0.0200476
26,90,4.79984,0.0200551
26,91,4.79908,0.0198508
26,92,4.79673,0.0197754
26,93,4.79561,0.0195963
26,94,4.79517,0.0193939
26,95,4.79623,0.01922
26,96,4.7973,0.0190512
26,97,4.80011,0.019064
26,98,4.80018,0.0188705
26,99,4.80282,0.0188673
27,0,4.99272,0
27,1,4.95901,0.0337052
27,2,4.94456,0.0242411
27,3,4.92436,0.0264873
27,4,4.86592,0.0619436
27,5,4.87965,0.0524077
27,6,4.8993,0.048454
27,7,4.89044,0.0428864
27,8,4.89592,0.0382176
27,9,4.89092,0.0345467
27,10,4.86085,0.0433707
27,11,4.86761,0.040165
27,12,4.85688,0.0384742
27,13,4.85741,0.0356242
27,14,4.86118,0.0333774
27,15,4.86613,0.0316124
27,16,4.84953,0.0340192
27,17,4.83302,0.0360751
27,18,4.84341,0.0356719
27,19,4.8469,0.03402
27,20,4.84777,0.0323714
27,21,4.85702,0.0322198
27,22,4.86714,0.032407
27,23,4.86641,0.0310358
27,24,4.86377,0.0298851
27,25,4.86716,0.0289114
27,26,4.86011,0.0286981
27,27,4.86362,0.0278752
27,28,4.85777,0.0275257
27,29,4.86128,0.0268235
27,30,4.86688,0.0265418
27,31,4.85825,0.0271111
27,32,4.86727,0.0277811
27,33,4.8658,0.0269917
27,34,4.86593,0.0262095
27,35,4.86779,0.0255389
27,36,4.86834,0.0248451
27,37,4.86759,0.0241939
27,38,4.86402,0.0238353
27,39,4.8644,0.0232349
27,40,4.86678,0.0227854
27,41,4.87852,0.0251486
27,42,4.88801,0.026325
27,43,4.88955,0.025766
27,44,4.8851,0.0255779
27,45,4.88489,0.0250165
27,46,4.88369,0.0245079
27,47,4.88613,0.024116
27,48,4.89079,0.0240739
27,49,4.89261,0.0236573
27,50,4.88868,0.0235192
27,51,4.88887,0.0230633
27,52,4.88497,0.022959
27,53,4.88708,0.0226285
27,54,4.88798,0.0222314
27,55,4.89515,0.0229799
27,56,4.89811,0.0227667
27,57,4.90103,0.0225602
27,58,4.89582,0.0227794
27,59,4.89127,0.0228537
27,60,4.89306,0.0225473
27,61,4.89811,0.0227487
27,62,4.90051,0.0225128
27,63,4.90154,0.0221821
27,64,4.90266,0.0218668
27,65,4.90267,0.0215329
27,66,4.89933,0.0214708
27,67,4.89675,0.0213094
27,68,4.89706,0.0210005
27,69,4.90455,0.022012
27,70,4.90504,0.0217053
27,71,4.90787,0.0215879
27,72,4.90812,0.0212916
27,73,4.90531,0.0211889
27,74,4.90568,0.0209076
27,75,4.90733,0.0206971
27,76,4.90749,0.0204271
27,77,4.90771,0.0201648
27,78,4.90657,0.0199407
27,79,4.90815,0.0197533
27,80,4.90697,0.019544
27,81,4.90496,0.019408
27,82,4.9014,0.0195002
27,83,4.90355,0.0193856
27,84,4.90353,0.0191562
27,85,4.90348,0.0189322
27,86,4.90041,0.018964
27,87,4.90216,0.0188293
27,88,4.89961,0.0187905
27,89,4.8965,0.0188388
27,90,4.89368,0.0188427
27,91,4.89196,0.0187162
27,92,4.88902,0.0187466
27,93,4.88832,0.0185592
27,94,4.88828,0.0183628
27,95,4.88923,0.0181949
27,96,4.89037,0.0180429
27,97,4.89334,0.0181027
27,98,4.89289,0.0179246
27,99,4.89537,0.0179172
28,0,5.1281,0
28,1,5.06414,0.0639587
28,2,5.07733,0.039211
28,3,5.03248,0.0527261
28,4,4.96472,0.0791131
28,5,4.96745,0.064653
28,6,4.98909,0.0587727
28,7,4.97934,0.0518257
28,8,4.98992,0.0469153
28,9,4.98677,0.0420802
28,10,4.95634,0.0487318
28,11,4.96288,0.0449643
28,12,4.95402,0.0423004
28,13,4.95285,0.0391802
28,14,4.95331,0.0364777
28,15,4.95722,0.0343449
28,16,4.94002,0.0365628
28,17,4.92441,0.0378377
28,18,4.93801,0.0382879
28,19,4.94312,0.0366804
28,20,4.94295,0.0348905
28,21,4.95322,0.0348167
28,22,4.96726,0.0361102
28,23,4.96471,0.0346666
28,24,4.96586,0.0332708
28,25,4.97475,0.0331781
28,26,4.96554,0.0332279
28,27,4.96389,0.0320615
28,28,4.95865,0.0313768
28,29,4.96075,0.0303853
28,30,4.96404,0.029573
28,31,4.95768,0.0293319
28,32,4.96478,0.0293011
28,33,4.9634,0.0284595
28,34,4.96184,0.0276786
28,35,4.9629,0.0269197
28,36,4.96522,0.0262841
28,37,4.96427,0.0256007
28,38,4.95989,0.0253175
28,39,4.95999,0.0246767
28,40,4.96555,0.0247016
28,41,4.97483,0.0258296
28,42,4.98225,0.0262891
28,43,4.98179,0.0256887
28,44,4.97661,0.02564
28,45,4.97682,0.0250773
28,46,4.97634,0.0245426
28,47,4.97875,0.0241465
28,48,4.98322,0.0240674
28,49,4.98477,0.0236319
28,50,4.98145,0.0234012
28,51,4.98177,0.022949
28,52,4.97918,0.0226613
28,53,4.98072,0.0222913
28,54,4.98012,0.0218905
28,55,4.98723,0.0226405
28,56,4.9896,0.0223659
28,57,4.99375,0.0223663
28,58,4.98718,0.022946
28,59,4.98136,0.0232995
28,60,4.98415,0.0230839
28,61,4.98887,0.0231947
28,62,4.99099,0.0229216
28,63,4.99286,0.0226375
28,64,4.99277,0.0222867
28,65,4.9937,0.0219657
28,66,4.99175,0.021723
28,67,4.98987,0.021483
28,68,4.99167,0.0212457
28,69,4.99846,0.0220128
28,70,4.99936,0.0217191
28,71,5.00189,0.0215647
28,72,5.00178,0.0212676
28,73,4.99792,0.0213297
28,74,4.99723,0.0210547
28,75,4.9977,0.0207811
28,76,4.99795,0.020511
28,77,4.99803,0.0202465
28,78,4.99741,0.0199982
28,79,4.99792,0.0197533
28,80,4.99616,0.0195868
28,81,4.99386,0.0194829
28,82,4.99271,0.019281
28,83,4.99401,0.019094
28,84,4.99388,0.0188685
28,85,4.99374,0.0186484
28,86,4.99174,0.0185413
28,87,4.99346,0.0184099
28,88,4.99056,0.0184308
28,89,4.98716,0.0185385
28,90,4.98356,0.0186837
28,91,4.98078,0.0186878
28,92,4.97758,0.0187613
28,93,4.97679,0.0185772
28,94,4.97615,0.0183919
28,95,4.97627,0.0181997
28,96,4.97681,0.0180193
28,97,4.97962,0.0180548
28,98,4.97874,0.0178933
28,99,4.97988,0.0177502
29,0,5.26489,0
29,1,5.23111,0.0337791
29,2,5.18637,0.0488023
29,3,5.13743,0.0598813
29,4,5.08148,0.0726792
29,5,5.07862,0.0594113
29,6,5.09284,0.0521884
29,7,5.07582,0.0482976
29,8,5.08415,0.043402
29,9,5.08833,0.0390445
29,10,5.05929,0.0457255
29,11,5.06092,0.0417735
29,12,5.06024,0.038432
29,13,5.06109,0.0355912
29,14,5.06849,0.0339509
29,15,5.06856,0.0317582
29,16,5.05686,0.0320445
29,17,5.03982,0.0346891
29,18,5.04649,0.0334848
29,19,5.04832,0.0318188
29,20,5.04335,0.0306697
29,21,5.05741,0.0324438
29,22,5.06577,0.0321081
29,23,5.05978,0.0313191
29,24,5.06336,0.0302537
29,25,5.07081,0.0300052
29,26,5.06369,0.0297386
29,27,5.06081,0.0288008
29,28,5.05415,0.0285763
29,29,5.05396,0.0276079
29,30,5.05497,0.0267214
29,31,5.04747,0.0269368
29,32,5.05167,0.0264429
29,33,5.05009,0.0257017
29,34,5.04805,0.0250398
29,35,5.04769,0.024337
29,36,5.05188,0.0240391
29,37,5.05335,0.023444
29,38,5.05185,0.0228843
29,39,5.05203,0.0223056
29,40,5.05481,0.0219318
29,41,5.06336,0.0230466
29,42,5.07185,0.024055
29,43,5.07208,0.0235031
29,44,5.06614,0.0237306
29,45,5.06557,0.023216
29,46,5.06635,0.0227301
29,47,5.06881,0.0223866
29,48,5.0722,0.0221865
29,49,5.07324,0.021763
29,50,5.07148,0.0214043
29,51,5.07257,0.0210169
29,52,5.07044,0.0207271
29,53,5.07022,0.0203408
29,54,5.07001,0.0199686
29,55,5.07526,0.0202991
29,56,5.07736,0.0200501
29,57,5.08088,0.0200137
29,58,5.07538,0.0204273
29,59,5.06965,0.0208853
29,60,5.07127,0.0206038
29,61,5.07624,0.0208699
29,62,5.07761,0.0205815
29,63,5.07929,0.0203271
29,64,5.08043,0.0200445
29,65,5.08126,0.0197557
29,66,5.07853,0.0196492
29,67,5.07652,0.0194624
29,68,5.07947,0.0194044
29,69,5.08643,0.0203527
29,70,5.08804,0.0201286
29,71,5.08912,0.0198764
29,72,5.08937,0.0196038
29,73,5.08574,0.0196744
29,74,5.08557,0.019411
29,75,5.08577,0.0191549
29,76,5.08631,0.0189121
29,77,5.08711,0.0186854
29,78,5.08623,0.0184684
29,79,5.08627,0.0182362
29,80,5.08522,0.0180404
29,81,5.08246,0.0180312
29,82,5.08136,0.0178466
29,83,5.083,0.0177091
29,84,5.08119,0.0175933
29,85,5.08122,0.0173875
29,86,5.07921,0.0173037
29,87,5.08215,0.0173569
29,88,5.07955,0.0173554
29,89,5.07607,0.0175115
29,90,5.07267,0.0176488
29,91,5.06966,0.0177139
29,92,5.06692,0.0177356
29,93,5.06614,0.0175632
29,94,5.06576,0.0173813
29,95,5.06603,0.0172014
29,96,5.06707,0.0170546
29,97,5.06948,0.017051
29,98,5.06892,0.016887
29,99,5.06992,0.0167468
30,0,5.33706,0
30,1,5.32288,0.0141811
30,2,5.26427,0.0591829
30,3,5.19805,0.0783369
30,4,5.12758,0.0929954
30,5,5.14134,0.0771682
30,6,5.15673,0.0670091
30,7,5.15298,0.0581523
30,8,5.16372,0.0523989
30,9,5.16241,0.0468855
30,10,5.14362,0.0463831
30,11,5.13971,0.0425221
30,12,5.13539,0.0393527
30,13,5.1398,0.0366992
30,14,5.14846,0.0352452
30,15,5.15232,0.0331948
30,16,5.14453,0.0321402
30,17,5.12706,0.0349785
30,18,5.13468,0.0339522
30,19,5.13716,0.032305
30,20,5.13034,0.0314752
30,21,5.14684,0.034247
30,22,5.15042,0.0329194
30,23,5.1399,0.0332276
30,24,5.14149,0.0319105
30,25,5.15073,0.03202
30,26,5.14177,0.0320871
30,27,5.13839,0.0311036
30,28,5.13268,0.0305509
30,29,5.13041,0.0296017
30,30,5.1272,0.028811
30,31,5.11932,0.028988
30,32,5.12639,0.0289734
30,33,5.1248,0.0281533
30,34,5.12044,0.0276831
30,35,5.12228,0.0269662
30,36,5.1264,0.026548
30,37,5.12968,0.0260481
30,38,5.1281,0.0254207
30,39,5.12873,0.0247849
30,40,5.13346,0.0246325
30,41,5.14096,0.02518
30,42,5.15031,0.0263076
30,43,5.14895,0.0257392
30,44,5.14335,0.0257747
30,45,5.14256,0.0252205
30,46,5.14335,0.0246907
30,47,5.14698,0.0244419
30,48,5.15113,0.0242944
30,49,5.15129,0.0238041
30,50,5.1504,0.0233497
30,51,5.15221,0.0229677
30,52,5.15077,0.0225762
30,53,5.14996,0.0221689
30,54,5.14851,0.0218107
30,55,5.15435,0.0222
30,56,5.15563,0.0218447
30,57,5.15941,0.0217944
30,58,5.15476,0.0219196
30,59,5.14863,0.0224055
30,60,5.14992,0.0220729
30,61,5.15579,0.0224933
30,62,5.15724,0.0221809
30,63,5.15852,0.0218687
30,64,5.15959,0.021556
30,65,5.16127,0.0212934
30,66,5.15839,0.0211693
30,67,5.1567,0.0209242
30,68,5.16038,0.0209442
30,69,5.16773,0.0219142
30,70,5.17003,0.0217256
30,71,5.1725,0.0215635
30,72,5.17221,0.0212682
30,73,5.16793,0.0214102
30,74,5.16858,0.0211329
30,75,5.16773,0.0208706
30,76,5.16831,0.020606
30,77,5.1695,0.0203751
30,78,5.16947,0.0201156
30,79,5.16943,0.0198626
30,80,5.16916,0.0196177
30,81,5.16607,0.019621
30,82,5.16584,0.0193845
30,83,5.16703,0.019189
30,84,5.16667,0.0189653
30,85,5.16692,0.0187452
30,86,5.16489,0.0186396
30,87,5.16732,0.0185863
30,88,5.16482,0.0185451
30,89,5.16149,0.0186379
30,90,5.15872,0.0186398
30,91,5.15499,0.0188083
30,92,5.15221,0.0188122
30,93,5.1511,0.0186442
30,94,5.15048,0.0184573
30,95,5.15111,0.0182749
30,96,5.15221,0.0181194
30,97,5.15494,0.0181396
30,98,5.15552,0.0179648
30,99,5.15567,0.0177849
31,0,5.36934,0
31,1,5.37155,0.00220939
31,2,5.32573,0.0458428
31,3,5.30097,0.0407911
31,4,5.21455,0.0920093
31,5,5.22987,0.0766703
31,6,5.24671,0.0669505
31,7,5.24532,0.0579974
31,8,5.2573,0.0525346
31,9,5.25998,0.0470644
31,10,5.24291,0.0458647
31,11,5.2393,0.0420238
31,12,5.22553,0.0410353
31,13,5.23224,0.0385797
31,14,5.24382,0.0377359
31,15,5.24578,0.0353529
31,16,5.23158,0.0361185
31,17,5.21561,0.0376107
31,18,5.21655,0.0355886
31,19,5.21934,0.0338775
31,20,5.21249,0.0329435
31,21,5.22809,0.0350689
31,22,5.23103,0.0336383
31,23,5.21576,0.0356406
31,24,5.21932,0.0343696
31,25,5.22806,0.0341585
31,26,5.22136,0.0335437
31,27,5.21599,0.0327672
31,28,5.20824,0.0325539
31,29,5.20636,0.031506
31,30,5.20495,0.0305054
31,31,5.19875,0.0301798
31,32,5.20747,0.0305219
31,33,5.20584,0.0296551
31,34,5.20492,0.0288101
31,35,5.20761,0.0281276
31,36,5.21307,0.0278953
31,37,5.21478,0.0272049
31,38,5.21306,0.0265537
31,39,5.21544,0.0259909
31,40,5.22069,0.0258858
31,41,5.22566,0.0257475
31,42,5.23467,0.0267079
31,43,5.23411,0.0261
31,44,5.22732,0.0264026
31,45,5.22591,0.0258608
31,46,5.22753,0.0253569
31,47,5.23061,0.0250128
31,48,5.23174,0.0245232
31,49,5.23305,0.0240635
31,50,5.2319,0.023615
31,51,5.23244,0.0231626
31,52,5.22859,0.0230448
31,53,5.22649,0.0227116
31,54,5.22456,0.0223787
31,55,5.2295,0.0225245
31,56,5.2315,0.0222163
31,57,5.23556,0.0222035
31,58,5.2304,0.0224248
31,59,5.2251,0.0226776
31,60,5.22582,0.0223147
31,61,5.23117,0.0225924
31,62,5.23251,0.0222714
31,63,5.23452,0.0220122
31,64,5.23643,0.0217551
31,65,5.23786,0.0214709
31,66,5.23454,0.0214076
31,67,5.23231,0.0212081
31,68,5.2367,0.0213546
31,69,5.24318,0.0220231
31,70,5.24535,0.0218187
31,71,5.24796,0.0216714
31,72,5.24718,0.0213865
31,73,5.24381,0.0213643
31,74,5.24479,0.0211003
31,75,5.24383,0.0208425
31,76,5.24507,0.0206071
31,77,5.246,0.0203625
31,78,5.24466,0.0201477
31,79,5.24399,0.0199056
31,80,5.24366,0.019661
31,81,5.23917,0.0199321
31,82,5.23946,0.0196926
31,83,5.24051,0.0194849
31,84,5.2396,0.0192756
31,85,5.2398,0.0190512
31,86,5.23843,0.0188807
31,87,5.24147,0.0189107
31,88,5.23957,0.0187927
31,89,5.23603,0.0189171
31,90,5.23277,0.0189898
31,91,5.22919,0.0191208
31,92,5.22629,0.0191357
31,93,5.22492,0.01898
31,94,5.2234,0.0188411
31,95,5.22378,0.0186478
31,96,5.22534,0.0185201
31,97,5.2279,0.0185073
31,98,5.22803,0.0183198
31,99,5.22818,0.0181364
32,0,5.38545,0
32,1,5.40715,0.0216995
32,2,5.40479,0.0127493
32,3,5.38457,0.0221346
32,4,5.30338,0.0829798
32,5,5.3189,0.0695062
32,6,5.33766,0.0616665
32,7,5.33392,0.0535356
32,8,5.34459,0.0484048
32,9,5.34834,0.0434568
32,10,5.33002,0.0433668
32,11,5.32583,0.0398095
32,12,5.31634,0.0378284
32,13,5.32539,0.036172
32,14,5.33692,0.0355932
32,15,5.3396,0.0334023
32,16,5.32813,0.0334082
32,17,5.31229,0.0352543
32,18,5.31,0.0334262
32,19,5.31689,0.0324521
32,20,5.30958,0.0317227
32,21,5.32366,0.0333627
32,22,5.3275,0.0321095
32,23,5.30853,0.0361259
32,24,5.31309,0.0349496
32,25,5.32229,0.0348169
32,26,5.31592,0.0341021
32,27,5.31217,0.0330755
32,28,5.30529,0.0326475
32,29,5.30631,0.0315568
32,30,5.30111,0.0309613
32,31,5.29606,0.0304004
32,32,5.30566,0.0309904
32,33,5.30361,0.0301351
32,34,5.30118,0.0293623
32,35,5.30303,0.028595
32,36,5.3085,0.0283446
32,37,5.31125,0.0277253
32,38,5.30781,0.0272232
32,39,5.3098,0.0266086
32,40,5.3164,0.0267761
32,41,5.32169,0.0266621
32,42,5.33023,0.0273991
32,43,5.32777,0.0268816
32,44,5.32127,0.0270713
32,45,5.32278,0.0265195
32,46,5.32406,0.0259808
32,47,5.32755,0.025671
32,48,5.32896,0.0251814
32,49,5.32981,0.0246874
32,50,5.32767,0.0242929
32,51,5.32828,0.023829
32,52,5.32433,0.0237067
32,53,5.32187,0.0233939
32,54,5.32073,0.0229925
32,55,5.32644,0.0232881
32,56,5.32794,0.0229247
32,57,5.33423,0.0233878
32,58,5.32817,0.0237728
32,59,5.3221,0.0241472
32,60,5.32024,0.0238211
32,61,5.32564,0.0240486
32,62,5.32745,0.0237326
32,63,5.32725,0.0233597
32,64,5.33095,0.0232939
32,65,5.33165,0.0229487
32,66,5.3281,0.0228804
32,67,5.32524,0.0227217
32,68,5.32876,0.0226647
32,69,5.33521,0.0232505
32,70,5.33649,0.0229564
32,71,5.33977,0.0228722
32,72,5.33754,0.0226665
32,73,5.33302,0.02281
32,74,5.33395,0.022523
32,75,5.3332,0.0222374
32,76,5.33433,0.0219753
32,77,5.3353,0.0217136
32,78,5.33409,0.0214715
32,79,5.33271,0.021246
32,80,5.33301,0.0209843
32,81,5.32921,0.0210727
32,82,5.32959,0.0208208
32,83,5.3303,0.0205837
32,84,5.32916,0.0203722
32,85,5.32893,0.0201352
32,86,5.32824,0.0199144
32,87,5.33132,0.0199261
32,88,5.32855,0.0198945
32,89,5.32454,0.0200767
32,90,5.32094,0.0201791
32,91,5.31639,0.0204694
32,92,5.31306,0.0205209
32,93,5.31023,0.0204974
32,94,5.30902,0.0203167
32,95,5.30981,0.0201194
32,96,5.31059,0.0199263
32,97,5.31332,0.0199109
32,98,5.3141,0.0197239
32,99,5.31378,0.0195283
33,0,5.40375,0
33,1,5.45426,0.0505145
33,2,5.44475,0.0306764
33,3,5.45128,0.0226514
33,4,5.3771,0.0762209
33,5,5.38185,0.062415
33,6,5.4134,0.061467
33,7,5.41323,0.0532322
33,8,5.41775,0.0471635
33,9,5.41554,0.0422421
33,10,5.40451,0.0397697
33,11,5.401,0.0364737
33,12,5.397,0.033789
33,13,5.4037,0.0319927
33,14,5.41941,0.0336738
33,15,5.42244,0.0316444
33,16,5.41486,0.0306765
33,17,5.39635,0.0343398
33,18,5.39876,0.0325713
33,19,5.40288,0.0311734
33,20,5.39553,0.0305486
33,21,5.40977,0.032422
33,22,5.41028,0.0309845
33,23,5.39521,0.0332737
33,24,5.39901,0.0321408
33,25,5.41265,0.0337555
33,26,5.40909,0.0326758
33,27,5.40272,0.0321231
33,28,5.39802,0.0313512
33,29,5.40199,0.0305483
33,30,5.39632,0.0300863
33,31,5.39211,0.0294343
33,32,5.40053,0.0297451
33,33,5.39747,0.0290179
33,34,5.39459,0.0283237
33,35,5.39416,0.0275291
33,36,5.39863,0.0271455
33,37,5.39943,0.0264334
33,38,5.39728,0.0258356
33,39,5.39805,0.025193
33,40,5.40414,0.0253135
33,41,5.41025,0.0254482
33,42,5.4208,0.0269976
33,43,5.41546,0.0269115
33,44,5.40878,0.0271413
33,45,5.40978,0.0265635
33,46,5.41013,0.0259944
33,47,5.41348,0.0256673
33,48,5.41216,0.0251725
33,49,5.4127,0.0246698
33,50,5.40966,0.0243714
33,51,5.41188,0.0240011
33,52,5.40742,0.0239636
33,53,5.40288,0.0239491
33,54,5.40204,0.0235245
33,55,5.40804,0.0238669
33,56,5.4097,0.0235031
33,57,5.4168,0.0241611
33,58,5.41005,0.0246898
33,59,5.4028,0.0253334
33,60,5.40173,0.0249375
33,61,5.40684,0.0250585
33,62,5.40801,0.0246852
33,63,5.40766,0.024299
33,64,5.4105,0.0240905
33,65,5.4112,0.0237331
33,66,5.40652,0.0238409
33,67,5.40305,0.0237419
33,68,5.40724,0.023766
33,69,5.41371,0.0243024
33,70,5.41558,0.0240304
33,71,5.42016,0.0241334
33,72,5.41722,0.023981
33,73,5.41182,0.0242632
33,74,5.41379,0.0240179
33,75,5.41253,0.0237331
33,76,5.41322,0.023433
33,77,5.41465,0.0231751
33,78,5.41349,0.0229094
33,79,5.41215,0.022661
33,80,5.41066,0.0224291
33,81,5.40774,0.0223444
33,82,5.40775,0.0220736
33,83,5.40826,0.0218152
33,84,5.40748,0.0215711
33,85,5.40796,0.0213241
33,86,5.40814,0.0210784
33,87,5.41201,0.0211932
33,88,5.40995,0.0210548
33,89,5.40525,0.0213443
33,90,5.40185,0.0213804
33,91,5.39689,0.0217192
33,92,5.39447,0.0216205
33,93,5.39168,0.0215704
33,94,5.39095,0.0213547
33,95,5.39214,0.0211645
33,96,5.393,0.0209628
33,97,5.39564,0.0209162
33,98,5.39491,0.0207167
33,99,5.3946,0.0205109
34,0,5.41362,0
34,1,5.47766,0.0640432
34,2,5.47532,0.0370495
34,3,5.46678,0.0275552
34,4,5.41071,0.0599883
34,5,5.41699,0.0493812
34,6,5.45293,0.0550736
34,7,5.45554,0.0477666
34,8,5.45718,0.0421579
34,9,5.46512,0.0385342
34,10,5.45176,0.0373264
34,11,5.4535,0.0341185
34,12,5.46114,0.0323012
34,13,5.47213,0.0318593
34,14,5.48753,0.0334205
34,15,5.49255,0.031662
34,16,5.48473,0.0307507
34,17,5.47465,0.0306957
34,18,5.47379,0.0290479
34,19,5.48072,0.0284156
34,20,5.47489,0.02765
34,21,5.49107,0.0309293
34,22,5.48864,0.0296538
34,23,5.4738,0.0320351
34,24,5.47908,0.0311779
34,25,5.494,0.0334623
34,26,5.49036,0.0324035
34,27,5.48501,0.03168
34,28,5.48149,0.0307697
34,29,5.48646,0.0301382
34,30,5.48096,0.0296634
34,31,5.47517,0.029301
34,32,5.48358,0.0296203
34,33,5.48039,0.0289131
34,34,5.47565,0.0284714
34,35,5.47516,0.0276736
34,36,5.47733,0.0270028
34,37,5.47814,0.0262952
34,38,5.47672,0.0256515
34,39,5.4762,0.0250073
34,40,5.48255,0.0252026
34,41,5.4876,0.0251085
34,42,5.49658,0.0261083
34,43,5.48988,0.0263737
34,44,5.48452,0.0263322
34,45,5.48536,0.0257671
34,46,5.48639,0.0252341
34,47,5.49068,0.0250723
34,48,5.49073,0.0245554
34,49,5.48848,0.0241641
34,50,5.48724,0.0237179
34,51,5.49011,0.0234335
34,52,5.48557,0.0234323
34,53,5.47974,0.0237211
34,54,5.47912,0.0232939
34,55,5.48353,0.0232949
34,56,5.48622,0.0230399
34,57,5.49266,0.023537
34,58,5.48553,0.0242074
34,59,5.47862,0.0247832
34,60,5.47709,0.0244215
34,61,5.48345,0.0248505
34,62,5.48385,0.0244562
34,63,5.48276,0.0240955
34,64,5.48598,0.023939
34,65,5.48556,0.0235771
34,66,5.48143,0.0235883
34,67,5.47921,0.0233446
34,68,5.48276,0.0232762
34,69,5.49,0.0240571
34,70,5.49325,0.0239377
34,71,5.49821,0.0241186
34,72,5.49528,0.0239661
34,73,5.48911,0.0244319
34,74,5.49045,0.0241413
34,75,5.48986,0.0238288
34,76,5.49135,0.0235641
34,77,5.49207,0.0232711
34,78,5.49178,0.0229765
34,79,5.49155,0.0226886
34,80,5.48957,0.0224937
34,81,5.48652,0.0224267
34,82,5.48661,0.0221551
34,83,5.48742,0.0219048
34,84,5.48573,0.0217116
34,85,5.48642,0.0214688
34,86,5.48681,0.0212242
34,87,5.49109,0.0214141
34,88,5.4884,0.0213423
34,89,5.48336,0.0216991
34,90,5.47882,0.0219332
34,91,5.47406,0.0222106
34,92,5.47164,0.0221035
34,93,5.46821,0.0221332
34,94,5.46842,0.0219
34,95,5.46903,0.0216791
34,96,5.47022,0.0214875
34,97,5.47293,0.0214387
34,98,5.4726,0.0212235
34,99,5.47277,0.0210109
35,0,5.42582,0
35,1,5.5173,0.0914766
35,2,5.52792,0.0538719
35,3,5.51718,0.0395778
35,4,5.48427,0.0449803
35,5,5.49309,0.0377716
35,6,5.53321,0.0512712
35,7,5.52997,0.0445206
35,8,5.5209,0.0402972
35,9,5.52293,0.0361001
35,10,5.51269,0.0342212
35,11,5.51421,0.0312765
35,12,5.52268,0.0299892
35,13,5.53284,0.029565
35,14,5.54986,0.0323628
35,15,5.5601,0.0319587
35,16,5.5553,0.0304021
35,17,5.54446,0.030645
35,18,5.54665,0.0290699
35,19,5.55762,0.0296804
35,20,5.54846,0.029681
35,21,5.56203,0.0313866
35,22,5.5615,0.0299957
35,23,5.54858,0.0314903
35,24,5.55102,0.030303
35,25,5.56363,0.0317273
35,26,5.56114,0.0306305
35,27,5.56013,0.0295336
35,28,5.56011,0.028497
35,29,5.56414,0.0278235
35,30,5.55871,0.0274526
35,31,5.5507,0.027762
35,32,5.55953,0.0283193
35,33,5.55736,0.0275594
35,34,5.55335,0.0270596
35,35,5.55367,0.0262993
35,36,5.55614,0.0256974
35,37,5.55789,0.0250733
35,38,5.55854,0.0244305
35,39,5.56067,0.0239072
35,40,5.56566,0.0238442
35,41,5.56868,0.0234647
35,42,5.57744,0.0245304
35,43,5.57293,0.0243862
35,44,5.5681,0.0243225
35,45,5.56811,0.0237879
35,46,5.56995,0.0233495
35,47,5.57446,0.0232981
35,48,5.57324,0.0228502
35,49,5.57404,0.0224028
35,50,5.5729,0.0219889
35,51,5.5762,0.0218134
35,52,5.57108,0.0220017
35,53,5.56501,0.022429
35,54,5.56415,0.022034
35,55,5.5685,0.0220683
35,56,5.57063,0.021783
35,57,5.5756,0.0219729
35,58,5.5686,0.0227034
35,59,5.56043,0.0237691
35,60,5.55806,0.023496
35,61,5.5644,0.0239673
35,62,5.56569,0.0236191
35,63,5.56523,0.0232518
35,64,5.56922,0.0232363
35,65,5.5702,0.0229025
35,66,5.56541,0.0230606
35,67,5.56276,0.0228728
35,68,5.56502,0.0226517
35,69,5.57042,0.0229695
35,70,5.57318,0.022811
35,71,5.5775,0.0229037
35,72,5.57427,0.0228176
35,73,5.56914,0.0230838
35,74,5.57006,0.0227924
35,75,5.56904,0.0225134
35,76,5.57036,0.0222579
35,77,5.57304,0.0221335
35,78,5.5718,0.0218863
35,79,5.57105,0.0216241
35,80,5.56826,0.0215367
35,81,5.56598,0.0213948
35,82,5.56598,0.0211354
35,83,5.56741,0.0209314
35,84,5.56506,0.0208169
35,85,5.56642,0.0206184
35,86,5.56721,0.0203952
35,87,5.57223,0.0207772
35,88,5.56914,0.0207726
35,89,5.56479,0.0209964
35,90,5.56004,0.0213017
35,91,5.55644,0.0213746
35,92,5.55523,0.0211781
35,93,5.55128,0.0213194
35,94,5.55064,0.0211037
35,95,5.55052,0.0208831
35,96,5.55091,0.0206702
35,97,5.5529,0.0205551
35,98,5.55241,0.0203522
35,99,5.55282,0.0201518
36,0,5.51373,0
36,1,5.56782,0.0540881
36,2,5.61033,0.0527432
36,3,5.59915,0.0389341
36,4,5.57418,0.0391555
36,5,5.57625,0.0320372
36,6,5.61484,0.0471457
36,7,5.59864,0.0439264
36,8,5.59333,0.0391016
36,9,5.60004,0.0356123
36,10,5.59031,0.0336524
36,11,5.5926,0.030806
36,12,5.60536,0.0310751
36,13,5.61554,0.0305208
36,14,5.63785,0.0361227
36,15,5.63911,0.0338133
36,16,5.63732,0.0318124
36,17,5.62276,0.0333422
36,18,5.62453,0.031588
36,19,5.63186,0.0308523
36,20,5.62185,0.0310085
36,21,5.63702,0.0332293
36,22,5.63434,0.0318646
36,23,5.62126,0.0331911
36,24,5.62434,0.031984
36,25,5.64031,0.0346338
36,26,5.63827,0.033389
36,27,5.63871,0.0321775
36,28,5.63696,0.0310974
36,29,5.63949,0.0301492
36,30,5.6363,0.0293342
36,31,5.62614,0.0301658
36,32,5.63707,0.0312153
36,33,5.63595,0.0303043
36,34,5.63147,0.0297634
36,35,5.62966,0.0289816
36,36,5.63208,0.0282914
36,37,5.63318,0.0275586
36,38,5.6335,0.0268446
36,39,5.63721,0.026426
36,40,5.63911,0.0258436
36,41,5.64228,0.025419
36,42,5.65128,0.0264015
36,43,5.64529,0.02648
36,44,5.63938,0.0265508
36,45,5.63923,0.0259677
36,46,5.64007,0.0254233
36,47,5.64472,0.0253187
36,48,5.64441,0.0247985
36,49,5.64453,0.0242978
36,50,5.64512,0.0238238
36,51,5.6472,0.0234531
36,52,5.64201,0.0235845
36,53,5.63736,0.0236053
36,54,5.63552,0.023245
36,55,5.63966,0.0231979
36,56,5.64108,0.0228318
36,57,5.64859,0.0236563
36,58,5.64146,0.0243196
36,59,5.6331,0.0253302
36,60,5.63114,0.0249881
36,61,5.63945,0.0259464
36,62,5.64185,0.0256442
36,63,5.64148,0.0252431
36,64,5.64603,0.0252651
36,65,5.64729,0.0249115
36,66,5.6418,0.0251436
36,67,5.64064,0.0247985
36,68,5.64291,0.0245419
36,69,5.64708,0.0245457
36,70,5.64956,0.0243245
36,71,5.65353,0.0243107
36,72,5.65028,0.0241952
36,73,5.64543,0.0243525
36,74,5.64581,0.0240286
36,75,5.64461,0.0237407
36,76,5.64559,0.0234511
36,77,5.6482,0.0232946
36,78,5.64615,0.0230887
36,79,5.64388,0.0229109
36,80,5.64053,0.0228738
36,81,5.63874,0.022664
36,82,5.63859,0.0223898
36,83,5.63987,0.0221589
36,84,5.63878,0.0219236
36,85,5.63963,0.0216837
36,86,5.64052,0.0214517
36,87,5.64546,0.021774
36,88,5.642,0.0218044
36,89,5.63793,0.0219418
36,90,5.63351,0.022144
36,91,5.62938,0.0222881
36,92,5.62858,0.0220617
36,93,5.62495,0.0221265
36,94,5.62461,0.0218949
36,95,5.62349,0.0216944
36,96,5.62393,0.021474
36,97,5.62551,0.0213123
36,98,5.62491,0.0211044
36,99,5.62572,0.020908
37,0,5.5345,0
37,1,5.60526,0.0707635
37,2,5.68273,0.0875764
37,3,5.65997,0.0659731
37,4,5.62552,0.0616327
37,5,5.62834,0.050402
37,6,5.66466,0.0559767
37,7,5.65716,0.0490543
37,8,5.643,0.0455206
37,9,5.65538,0.0425578
37,10,5.65257,0.0385976
37,11,5.65043,0.0352993
37,12,5.66163,0.0343475
37,13,5.67661,0.0351489
37,14,5.69861,0.0394302
37,15,5.70064,0.0369394
37,16,5.69891,0.0347417
37,17,5.68328,0.0362908
37,18,5.6835,0.0343284
37,19,5.69308,0.0339456
37,20,5.68658,0.0329361
37,21,5.70472,0.0362668
37,22,5.70763,0.0347756
37,23,5.69588,0.0353068
37,24,5.7,0.0341154
37,25,5.7143,0.0357593
37,26,5.71242,0.034461
37,27,5.71652,0.0334596
37,28,5.71463,0.0323407
37,29,5.71892,0.0315379
37,30,5.71639,0.0306083
37,31,5.70725,0.0310145
37,32,5.72013,0.0327036
37,33,5.71739,0.0318455
37,34,5.71239,0.0313228
37,35,5.70945,0.0305825
37,36,5.7125,0.0299009
37,37,5.71455,0.0291756
37,38,5.71563,0.0284382
37,39,5.71936,0.0279675
37,40,5.72016,0.0272887
37,41,5.724,0.0269054
37,42,5.73187,0.0274274
37,43,5.72476,0.0277261
37,44,5.71664,0.0282914
37,45,5.71667,0.0276695
37,46,5.71833,0.0271248
37,47,5.72225,0.0268426
37,48,5.72227,0.0262891
37,49,5.72421,0.025831
37,50,5.72433,0.0253197
37,51,5.7258,0.0248721
37,52,5.7232,0.0245371
37,53,5.7182,0.0245918
37,54,5.71378,0.0245424
37,55,5.71844,0.0245467
37,56,5.72055,0.0242048
37,57,5.72995,0.0255725
37,58,5.72222,0.0262956
37,59,5.71315,0.0274006
37,60,5.7118,0.0269813
37,61,5.71985,0.0277372
37,62,5.72294,0.0274679
37,63,5.72102,0.0271036
37,64,5.72643,0.0272265
37,65,5.72841,0.0268838
37,66,5.7219,0.0272679
37,67,5.72219,0.0268654
37,68,5.72416,0.0265467
37,69,5.7276,0.0263893
37,70,5.73016,0.0261409
37,71,5.73388,0.0260427
37,72,5.72976,0.0260114
37,73,5.72428,0.0262378
37,74,5.7266,0.0259902
37,75,5.72532,0.0256781
37,76,5.72584,0.0253478
37,77,5.72673,0.0250365
37,78,5.72444,0.0248238
37,79,5.72281,0.0245656
37,80,5.7207,0.0243521
37,81,5.71883,0.0241255
37,82,5.71751,0.0238697
37,83,5.71774,0.0235849
37,84,5.71597,0.0233726
37,85,5.71738,0.023142
37,86,5.71815,0.0228874
37,87,5.72287,0.023112
37,88,5.72015,0.0230121
37,89,5.71609,0.0231145
37,90,5.7126,0.0231231
37,91,5.70845,0.0232444
37,92,5.70737,0.0230186
37,93,5.70377,0.0230547
37,94,5.70361,0.0228113
37,95,5.70212,0.0226215
37,96,5.70189,0.0223883
37,97,5.70226,0.0221618
37,98,5.70247,0.0219378
37,99,5.70292,0.021722
38,0,5.62415,0
38,1,5.74196,0.117812
38,2,5.7875,0.0818511
38,3,5.74451,0.0720922
38,4,5.70492,0.0684528
38,5,5.7127,0.0564296
38,6,5.74149,0.0557095
38,7,5.73254,0.0490681
38,8,5.72379,0.0441516
38,9,5.7426,0.0437454
38,10,5.74112,0.039597
38,11,5.7268,0.0388804
38,12,5.73781,0.0374204
38,13,5.75628,0.039262
38,14,5.78061,0.0439072
38,15,5.77739,0.0411974
38,16,5.77411,0.0388368
38,17,5.76224,0.0384939
38,18,5.76469,0.0364942
38,19,5.76863,0.0348445
38,20,5.75918,0.0344648
38,21,5.77791,0.0378237
38,22,5.78135,0.0363057
38,23,5.77241,0.0358923
38,24,5.7785,0.0349611
38,25,5.79167,0.0360802
38,26,5.78923,0.0348041
38,27,5.79427,0.0339151
38,28,5.78915,0.0331229
38,29,5.79336,0.0322762
38,30,5.78913,0.031503
38,31,5.78055,0.0316867
38,32,5.79448,0.0337206
38,33,5.79087,0.0329119
38,34,5.7871,0.0321797
38,35,5.78518,0.0313318
38,36,5.78965,0.0307987
38,37,5.79141,0.0300293
38,38,5.79155,0.0292495
38,39,5.79607,0.0288649
38,40,5.79818,0.0282309
38,41,5.80154,0.0277552
38,42,5.80731,0.0277092
38,43,5.79983,0.0280862
38,44,5.79027,0.0290715
38,45,5.78917,0.0284539
38,46,5.79076,0.0278873
38,47,5.79532,0.0276792
38,48,5.79501,0.0271102
38,49,5.79621,0.0265894
38,50,5.79428,0.0261343
38,51,5.79543,0.0256526
38,52,5.79272,0.0253086
38,53,5.78699,0.0254897
38,54,5.78304,0.0253308
38,55,5.78815,0.0253936
38,56,5.79036,0.0250416
38,57,5.79874,0.0259955
38,58,5.79043,0.0268712
38,59,5.78049,0.0282271
38,60,5.77801,0.0278705
38,61,5.78621,0.028617
38,62,5.79053,0.0284884
38,63,5.78866,0.028102
38,64,5.79283,0.0279791
38,65,5.79511,0.0276454
38,66,5.78805,0.0281284
38,67,5.78849,0.0277151
38,68,5.79089,0.0274156
38,69,5.79441,0.0272495
38,70,5.79714,0.0270011
38,71,5.80163,0.026999
38,72,5.79821,0.0268445
38,73,5.79405,0.026804
38,74,5.79552,0.0264847
38,75,5.79365,0.0262003
38,76,5.7939,0.025859
38,77,5.79413,0.0255264
38,78,5.79195,0.0252959
38,79,5.7916,0.0249801
38,80,5.78998,0.024723
38,81,5.78822,0.0244827
38,82,5.78768,0.0241921
38,83,5.78759,0.0239025
38,84,5.78586,0.0236831
38,85,5.78726,0.0234478
38,86,5.7882,0.0231959
38,87,5.79257,0.0233429
38,88,5.7905,0.0231714
38,89,5.78653,0.0232551
38,90,5.78291,0.0232801
38,91,5.77944,0.0232863
38,92,5.77936,0.0230347
38,93,5.77775,0.0228452
38,94,5.77781,0.0226035
38,95,5.77483,0.0225648
38,96,5.77508,0.0223324
38,97,5.7755,0.0221072
38,98,5.77613,0.021892
38,99,5.77696,0.0216879
39,0,5.75546,0
39,1,5.88101,0.125555
39,2,5.89112,0.0731911
39,3,5.81227,0.0943199
39,4,5.7742,0.0823849
39,5,5.78399,0.0679758
39,6,5.82189,0.0688264
39,7,5.81583,0.0599129
39,8,5.80647,0.0536612
39,9,5.8222,0.0505082
39,10,5.81853,0.0458335
39,11,5.80492,0.0439968
39,12,5.81263,0.0411991
39,13,5.82714,0.0408073
39,14,5.84864,0.0436509
39,15,5.84238,0.0413081
39,16,5.83336,0.0398365
39,17,5.82163,0.0393483
39,18,5.83167,0.0385492
39,19,5.83362,0.0366232
39,20,5.82389,0.0361684
39,21,5.84275,0.0393053
39,22,5.84593,0.0376914
39,23,5.83405,0.0379909
39,24,5.83921,0.0368034
39,25,5.85533,0.0388595
39,26,5.85053,0.0376991
39,27,5.8543,0.0365225
39,28,5.85132,0.035366
39,29,5.85459,0.0343229
39,30,5.85399,0.0332027
39,31,5.84413,0.0336262
39,32,5.85888,0.0357728
39,33,5.85483,0.0349406
39,34,5.85445,0.0339298
39,35,5.85445,0.0329738
39,36,5.85858,0.0323355
39,37,5.85827,0.0314746
39,38,5.85795,0.0306587
39,39,5.86324,0.0303482
39,40,5.86526,0.0296673
39,41,5.86868,0.0291543
39,42,5.87182,0.0286406
39,43,5.86469,0.0288753
39,44,5.85574,0.0296136
39,45,5.85498,0.0289726
39,46,5.85613,0.028373
39,47,5.8614,0.0282701
39,48,5.86266,0.0277159
39,49,5.86453,0.02722
39,50,5.86213,0.0267885
39,51,5.8632,0.0262901
39,52,5.8594,0.0260678
39,53,5.85072,0.0270109
39,54,5.84785,0.0266704
39,55,5.85506,0.0271634
39,56,5.85739,0.0267848
39,57,5.86535,0.0274959
39,58,5.8573,0.0282001
39,59,5.84825,0.0291664
39,60,5.84596,0.0287754
39,61,5.85268,0.0290947
39,62,5.8586,0.0292347
39,63,5.8571,0.0288136
39,64,5.86051,0.0285707
39,65,5.86315,0.0282581
39,66,5.85616,0.0286959
39,67,5.8552,0.0282871
39,68,5.85916,0.0281543
39,69,5.86181,0.0278753
39,70,5.86611,0.0278142
39,71,5.87178,0.028005
39,72,5.86745,0.0279566
39,73,5.86379,0.0278169
39,74,5.86527,0.027483
39,75,5.86413,0.0271429
39,76,5.86359,0.0267934
39,77,5.86429,0.026457
39,78,5.86132,0.0262888
39,79,5.86062,0.0259674
39,80,5.8579,0.0257892
39,81,5.85659,0.0255066
39,82,5.85691,0.0251995
39,83,5.85671,0.0248984
39,84,5.85535,0.0246416
39,85,5.85716,0.0244208
39,86,5.85794,0.024151
39,87,5.86304,0.0244136
39,88,5.86181,0.024169
39,89,5.85784,0.024226
39,90,5.85499,0.0241276
39,91,5.85055,0.024274
39,92,5.85191,0.0240504
39,93,5.85119,0.0238043
39,94,5.85191,0.0235635
39,95,5.84815,0.0236179
39,96,5.84885,0.0233836
39,97,5.84948,0.0231524
39,98,5.85025,0.0229301
39,99,5.85148,0.0227331
40,0,5.80091,0
40,1,5.91682,0.115912
40,2,5.96481,0.0823464
40,3,5.8884,0.0960661
40,4,5.85053,0.0834929
40,5,5.84739,0.0682441
40,6,5.8822,0.0673689
40,7,5.89084,0.0589796
40,8,5.88138,0.0528697
40,9,5.8919,0.0484446
40,10,5.88958,0.0438809
40,11,5.87778,0.0417602
40,12,5.88909,0.0400447
40,13,5.90265,0.0394761
40,14,5.93019,0.0459232
40,15,5.92551,0.0432112
40,16,5.91095,0.0431236
40,17,5.8958,0.0433865
40,18,5.90654,0.0424208
40,19,5.9111,0.0405016
40,20,5.89868,0.0404794
40,21,5.91184,0.0407796
40,22,5.91998,0.0398072
40,23,5.90583,0.0406556
40,24,5.90973,0.0391907
40,25,5.92763,0.0416909
40,26,5.92105,0.0406537
40,27,5.92174,0.0391809
40,28,5.9164,0.0381802
40,29,5.9207,0.0371355
40,30,5.92178,0.0359337
40,31,5.91303,0.0358762
40,32,5.92728,0.03758
40,33,5.92603,0.0364795
40,34,5.92616,0.0354221
40,35,5.92782,0.0344641
40,36,5.93225,0.033812
40,37,5.93018,0.0329751
40,38,5.93005,0.0321188
40,39,5.93547,0.0317697
40,40,5.93852,0.0311358
40,41,5.94373,0.0308278
40,42,5.94511,0.0301339
40,43,5.93727,0.0304672
40,44,5.92737,0.031383
40,45,5.92927,0.0307516
40,46,5.92991,0.0300971
40,47,5.93591,0.0300678
40,48,5.93694,0.0294658
40,49,5.93817,0.0288966
40,50,5.93363,0.028686
40,51,5.93276,0.0281424
40,52,5.93003,0.0277408
40,53,5.9228,0.0281669
40,54,5.92012,0.0277797
40,55,5.92805,0.02841
40,56,5.93071,0.0280333
40,57,5.93594,0.0280384
40,58,5.92877,0.0284767
40,59,5.91976,0.0294127
40,60,5.91703,0.0290549
40,61,5.9218,0.0289769
40,62,5.92795,0.0291699
40,63,5.92718,0.0287209
40,64,5.92986,0.0284025
40,65,5.93251,0.0280943
40,66,5.92602,0.0284244
40,67,5.92513,0.0280172
40,68,5.9273,0.027693
40,69,5.93058,0.0274906
40,70,5.93549,0.0275429
40,71,5.94123,0.0277569
40,72,5.93823,0.0275376
40,73,5.93545,0.0273054
40,74,5.93638,0.0269551
40,75,5.93567,0.0266074
40,76,5.93559,0.0262598
40,77,5.93733,0.0259794
40,78,5.9357,0.0257
40,79,5.93578,0.0253769
40,80,5.93417,0.0251133
40,81,5.93369,0.0248098
40,82,5.93353,0.0245096
40,83,5.93412,0.0242233
40,84,5.93308,0.0239592
40,85,5.93507,0.0237624
40,86,5.93526,0.0234885
40,87,5.94034,0.0237696
40,88,5.93957,0.0235135
40,89,5.93619,0.0234945
40,90,5.93399,0.0233388
40,91,5.92959,0.0235002
40,92,5.9312,0.0233019
40,93,5.92909,0.0231487
40,94,5.93014,0.0229279
40,95,5.92744,0.022849
40,96,5.92742,0.0226122
40,97,5.92732,0.0223805
40,98,5.92732,0.0221533
40,99,5.92877,0.0219786
41,0,5.94334,0
41,1,6.06516,0.121821
41,2,6.08029,0.0719415
41,3,5.99911,0.0957983
41,4,5.95669,0.0854733
41,5,5.93812,0.072219
41,6,5.97117,0.0694109
41,7,5.98163,0.0610156
41,8,5.97105,0.0548417
41,9,5.97969,0.0498067
41,10,5.98228,0.0451262
41,11,5.96159,0.0460967
41,12,5.97148,0.04354
41,13,5.98386,0.0421701
41,14,6.00879,0.0465043
41,15,5.99841,0.0447228
41,16,5.98408,0.044385
41,17,5.9717,0.0436394
41,18,5.98074,0.042257
41,19,5.98638,0.040483
41,20,5.97325,0.0406849
41,21,5.98441,0.0403642
41,22,5.9889,0.0388306
41,23,5.98025,0.0381703
41,24,5.98585,0.0370364
41,25,6.00289,0.0394569
41,26,5.99756,0.0383401
41,27,5.99786,0.0369466
41,28,5.99457,0.0358012
41,29,5.99829,0.0347867
41,30,5.99552,0.0337595
41,31,5.98761,0.0336302
41,32,6.00389,0.0364346
41,33,6.00153,0.0354257
41,34,6.00387,0.034478
41,35,6.0042,0.0335082
41,36,6.01041,0.0331763
41,37,6.00627,0.0325564
41,38,6.00399,0.0317924
41,39,6.00794,0.0312386
41,40,6.01053,0.0305772
41,41,6.01677,0.0304851
41,42,6.01774,0.0297834
41,43,6.01059,0.0299642
41,44,6.00145,0.030682
41,45,6.00288,0.0300414
41,46,6.00229,0.0294012
41,47,6.00646,0.0290831
41,48,6.00916,0.0286104
41,49,6.01115,0.0281029
41,50,6.00436,0.0283703
41,51,6.00306,0.0278499
41,52,6.00114,0.0273863
41,53,5.99293,0.0281014
41,54,5.98926,0.0278291
41,55,5.99652,0.028278
41,56,6.00087,0.028116
41,57,6.00736,0.0283776
41,58,5.99904,0.0291057
41,59,5.99033,0.0299138
41,60,5.98819,0.0294971
41,61,5.99222,0.0292967
41,62,5.99741,0.029291
41,63,5.99618,0.0288562
41,64,5.99697,0.02842
41,65,6.00011,0.0281613
41,66,5.99406,0.0283893
41,67,5.99264,0.028005
41,68,5.99432,0.0276471
41,69,5.99701,0.0273817
41,70,6.00088,0.0272704
41,71,6.00523,0.0272374
41,72,6.00175,0.0270856
41,73,5.99968,0.0267972
41,74,6.00045,0.0264487
41,75,5.99965,0.0261105
41,76,6.00054,0.0257843
41,77,6.00206,0.0254971
41,78,6.00006,0.0252517
41,79,5.9988,0.0249661
41,80,5.99774,0.0246785
41,81,5.99592,0.0244433
41,82,5.99631,0.02415
41,83,5.99675,0.0238649
41,84,5.99676,0.0235825
41,85,5.99784,0.0233318
41,86,5.99885,0.0230841
41,87,6.00308,0.02321
41,88,6.00161,0.0229951
41,89,5.99846,0.0229556
41,90,5.99687,0.0227574
41,91,5.99305,0.0228303
41,92,5.99595,0.0227684
41,93,5.99334,0.0226757
41,94,5.99448,0.022465
41,95,5.99282,0.0222921
41,96,5.99312,0.0220632
41,97,5.9937,0.0218445
41,98,5.99415,0.0216275
41,99,5.9959,0.0214813
42,0,5.99977,0
42,1,6.11185,0.112077
42,2,6.12927,0.0670134
42,3,6.01797,0.12097
42,4,5.99198,0.0972418
42,5,5.98196,0.0800266
42,6,6.00783,0.0724126
42,7,6.02862,0.0660683
42,8,6.01607,0.0596024
42,9,6.0386,0.0578755
42,10,6.05189,0.0540106
42,11,6.03539,0.0519941
42,12,6.04576,0.0489391
42,13,6.05619,0.0464935
42,14,6.07975,0.0492807
42,15,6.07302,0.0465867
42,16,6.06397,0.0446858
42,17,6.05182,0.0438465
42,18,6.06227,0.0427711
42,19,6.07031,0.0413644
42,20,6.05719,0.0414744
42,21,6.0675,0.0408655
42,22,6.06963,0.0391063
42,23,6.0605,0.0385391
42,24,6.06677,0.037494
42,25,6.08258,0.0393391
42,26,6.07536,0.0385366
42,27,6.07614,0.0371429
42,28,6.07057,0.0362691
42,29,6.07344,0.0351565
42,30,6.073,0.0340064
42,31,6.06669,0.0335246
42,32,6.08266,0.0362043
42,33,6.0793,0.0352834
42,34,6.07905,0.0342614
42,35,6.07819,0.0333073
42,36,6.08156,0.0325692
42,37,6.07589,0.0322033
42,38,6.07097,0.03175
42,39,6.07459,0.0311573
42,40,6.07759,0.0305355
42,41,6.08496,0.0306968
42,42,6.08809,0.0301381
42,43,6.08254,0.0299645
42,44,6.07301,0.0308038
42,45,6.073,0.0301267
42,46,6.0716,0.0295116
42,47,6.0763,0.02927
42,48,6.07851,0.0287515
42,49,6.08145,0.0283234
42,50,6.07289,0.0290521
42,51,6.07231,0.0284939
42,52,6.06989,0.0280562
42,53,6.06118,0.0288744
42,54,6.05794,0.028529
42,55,6.06376,0.028613
42,56,6.06739,0.0283393
42,57,6.07522,0.0289283
42,58,6.06503,0.0302069
42,59,6.05735,0.0306758
42,60,6.05526,0.0302411
42,61,6.0593,0.0300227
42,62,6.06622,0.0303433
42,63,6.06554,0.0298731
42,64,6.06716,0.0294542
42,65,6.0688,0.029051
42,66,6.06256,0.0292859
42,67,6.06193,0.0288589
42,68,6.06317,0.0284646
42,69,6.06492,0.0281093
42,70,6.06939,0.0280688
42,71,6.07384,0.0280318
42,72,6.07182,0.0277185
42,73,6.07008,0.0273968
42,74,6.07088,0.0270406
42,75,6.07023,0.0266904
42,76,6.07126,0.0263616
42,77,6.07358,0.0261251
42,78,6.07135,0.0258885
42,79,6.07035,0.0255824
42,80,6.06857,0.0253272
42,81,6.06622,0.0251266
42,82,6.06597,0.0248233
42,83,6.06532,0.0245344
42,84,6.0662,0.0242599
42,85,6.06735,0.0240035
42,86,6.06864,0.0237614
42,87,6.07207,0.023738
42,88,6.07184,0.0234709
42,89,6.06856,0.0234392
42,90,6.06727,0.0232163
42,91,6.06314,0.0233303
42,92,6.06512,0.0231629
42,93,6.06246,0.0230693
42,94,6.06372,0.0228599
42,95,6.06243,0.0226568
42,96,6.06324,0.0224364
42,97,6.06344,0.0222071
42,98,6.0638,0.0219848
42,99,6.06582,0.0218567
43,0,6.02087,0
43,1,6.18948,0.168609
43,2,6.1925,0.0973932
43,3,6.08217,0.130058
43,4,6.05874,0.103431
43,5,6.04259,0.0859825
43,6,6.07049,0.0778415
43,7,6.09105,0.0704797
43,8,6.08334,0.0626348
43,9,6.10526,0.0601599
43,10,6.11647,0.0555587
43,11,6.09714,0.0542752
43,12,6.10984,0.051515
43,13,6.12133,0.0490589
43,14,6.1491,0.0534494
43,15,6.13635,0.0515978
43,16,6.13184,0.0486764
43,17,6.11995,0.0474088
43,18,6.12707,0.0454053
43,19,6.13788,0.0444129
43,20,6.12316,0.0447375
43,21,6.12747,0.0428724
43,22,6.12741,0.040966
43,23,6.12174,0.0396295
43,24,6.12745,0.0384377
43,25,6.14245,0.0398608
43,26,6.13448,0.0391763
43,27,6.13577,0.0377732
43,28,6.13067,0.0368023
43,29,6.13153,0.0355649
43,30,6.13052,0.0344135
43,31,6.12206,0.0343786
43,32,6.13679,0.0364336
43,33,6.13309,0.0355387
43,34,6.13502,0.0345622
43,35,6.13344,0.0336256
43,36,6.136,0.0328041
43,37,6.13099,0.0323206
43,38,6.12614,0.0318511
43,39,6.13078,0.0313892
43,40,6.13463,0.0308548
43,41,6.14237,0.0310891
43,42,6.14631,0.030613
43,43,6.14087,0.0303995
43,44,6.1344,0.030414
43,45,6.13643,0.0298151
43,46,6.13478,0.0292204
43,47,6.13993,0.0290647
43,48,6.14201,0.0285412
43,49,6.14755,0.0285083
43,50,6.13745,0.0297126
43,51,6.13679,0.0291431
43,52,6.13502,0.0286429
43,53,6.12643,0.0293905
43,54,6.12294,0.0290614
43,55,6.12931,0.02924
43,56,6.13316,0.0289786
43,57,6.14218,0.0298703
43,58,6.13326,0.0306859
43,59,6.125,0.03128
43,60,6.12374,0.0307888
43,61,6.12769,0.0305449
43,62,6.13601,0.0311875
43,63,6.13565,0.0306985
43,64,6.13734,0.0302699
43,65,6.1387,0.0298389
43,66,6.13395,0.0297718
43,67,6.13285,0.0293512
43,68,6.13308,0.0289236
43,69,6.1349,0.0285653
43,70,6.13778,0.0283079
43,71,6.14366,0.0285237
43,72,6.14261,0.02815
43,73,6.13888,0.0280159
43,74,6.1412,0.0277369
43,75,6.14147,0.0273709
43,76,6.14248,0.0270317
43,77,6.14465,0.0267713
43,78,6.14271,0.0265016
43,79,6.14234,0.0261708
43,80,6.14053,0.0259089
43,81,6.13715,0.0258136
43,82,6.13819,0.0255218
43,83,6.13737,0.0252295
43,84,6.13869,0.0249658
43,85,6.13917,0.0246785
43,86,6.14075,0.0244441
43,87,6.14465,0.024477
43,88,6.14374,0.0242175
43,89,6.14041,0.0241768
43,90,6.13975,0.0239186
43,91,6.13541,0.0240522
43,92,6.13714,0.0238548
43,93,6.13499,0.0236977
43,94,6.13584,0.0234626
43,95,6.13489,0.0232366
43,96,6.13545,0.0230026
43,97,6.13477,0.0227768
43,98,6.13575,0.022567
43,99,6.13773,0.0224283
44,0,6.08813,0
44,1,6.25811,0.169977
44,2,6.24293,0.099303
44,3,6.14037,0.124292
44,4,6.11514,0.0995268
44,5,6.09026,0.0849863
44,6,6.11993,0.0777128
44,7,6.15659,0.076639
44,8,6.16539,0.0681592
44,9,6.18896,0.0653634
44,10,6.19542,0.0594746
44,11,6.17294,0.0587606
44,12,6.17399,0.054062
44,13,6.1863,0.051545
44,14,6.20421,0.051219
44,15,6.18791,0.0506091
44,16,6.18345,0.0477475
44,17,6.17098,0.0467113
44,18,6.17935,0.0449705
44,19,6.18838,0.0436078
44,20,6.17678,0.0430733
44,21,6.17944,0.041155
44,22,6.17777,0.0393603
44,23,6.17597,0.0377276
44,24,6.18129,0.0365761
44,25,6.1993,0.0394891
44,26,6.19047,0.0390119
44,27,6.1919,0.0376201
44,28,6.18678,0.0366591
44,29,6.18927,0.0355033
44,30,6.19305,0.0345461
44,31,6.18568,0.0342497
44,32,6.20049,0.0363468
44,33,6.19638,0.0355
44,34,6.1979,0.0345041
44,35,6.19532,0.0336307
44,36,6.19623,0.0327217
44,37,6.19124,0.0322376
44,38,6.18479,0.0320564
44,39,6.18996,0.0316698
44,40,6.19388,0.0311353
44,41,6.20295,0.0317111
44,42,6.20759,0.0313112
44,43,6.20292,0.0309468
44,44,6.19647,0.0309306
44,45,6.19941,0.030393
44,46,6.19678,0.0298552
44,47,6.20405,0.0301177
44,48,6.20589,0.0295542
44,49,6.21187,0.029567
44,50,6.20353,0.0301569
44,51,6.20323,0.0295729
44,52,6.20162,0.0290539
44,53,6.19428,0.0294409
44,54,6.19264,0.0289471
44,55,6.19979,0.0293102
44,56,6.20442,0.029162
44,57,6.21392,0.0301871
44,58,6.20572,0.0307834
44,59,6.19741,0.0313854
44,60,6.19643,0.0308821
44,61,6.20025,0.0306197
44,62,6.20936,0.0314772
44,63,6.20943,0.0309815
44,64,6.21091,0.030537
44,65,6.21173,0.0300818
44,66,6.20694,0.030014
44,67,6.20506,0.0296287
44,68,6.20539,0.029198
44,69,6.20712,0.0288301
44,70,6.20937,0.0285097
44,71,6.21425,0.028531
44,72,6.21188,0.0282367
44,73,6.20766,0.0281713
44,74,6.21007,0.0278974
44,75,6.20992,0.0275283
44,76,6.21237,0.0272794
44,77,6.21521,0.0270759
44,78,6.21294,0.0268265
44,79,6.21218,0.0265
44,80,6.21013,0.0262512
44,81,6.20631,0.0262095
44,82,6.20651,0.0258926
44,83,6.20614,0.0255851
44,84,6.20769,0.0253302
44,85,6.20866,0.0250525
44,86,6.21034,0.0248195
44,87,6.21452,0.0248907
44,88,6.21498,0.0246138
44,89,6.21114,0.024641
44,90,6.21062,0.0243742
44,91,6.20695,0.0243858
44,92,6.20846,0.0241696
44,93,6.20682,0.0239672
44,94,6.20769,0.0237296
44,95,6.20669,0.0235025
44,96,6.20758,0.0232761
44,97,6.20615,0.0230818
44,98,6.20666,0.022853
44,99,6.20877,0.0227215
45,0,6.10781,0
45,1,6.30542,0.197612
45,2,6.27211,0.118854
45,3,6.18051,0.124316
45,4,6.17406,0.0965107
45,5,6.1584,0.0803412
45,6,6.20007,0.0796669
45,7,6.23476,0.0772221
45,8,6.24402,0.0687305
45,9,6.25605,0.0626401
45,10,6.26114,0.0568884
45,11,6.23873,0.0565601
45,12,6.24145,0.0520985
45,13,6.25058,0.0490916
45,14,6.26915,0.0493287
45,15,6.25507,0.048241
45,16,6.25026,0.0455701
45,17,6.23989,0.0441958
45,18,6.25156,0.043402
45,19,6.26041,0.0421162
45,20,6.25159,0.0410195
45,21,6.25431,0.0392046
45,22,6.2534,0.0374722
45,23,6.25397,0.0358814
45,24,6.25283,0.034435
45,25,6.2708,0.0376457
45,26,6.26134,0.0374387
45,27,6.26467,0.0362297
45,28,6.25919,0.0353845
45,29,6.26225,0.0343216
45,30,6.26611,0.0334193
45,31,6.25883,0.0331659
45,32,6.27338,0.0352827
45,33,6.27147,0.0342826
45,34,6.27286,0.033318
45,35,6.27129,0.0324175
45,36,6.27153,0.0315301
45,37,6.26793,0.0308994
45,38,6.2616,0.0307558
45,39,6.26819,0.030692
45,40,6.2716,0.0301283
45,41,6.27938,0.0304145
45,42,6.28465,0.0301618
45,43,6.27834,0.0301366
45,44,6.27319,0.0299051
45,45,6.27474,0.0292884
45,46,6.27266,0.0287335
45,47,6.28056,0.0292173
45,48,6.28191,0.0286466
45,49,6.28757,0.0286313
45,50,6.28113,0.0287933
45,51,6.28018,0.0282501
45,52,6.27856,0.0277593
45,53,6.27243,0.0279219
45,54,6.26954,0.0275607
45,55,6.27694,0.0280569
45,56,6.28016,0.027748
45,57,6.2903,0.0290903
45,58,6.28163,0.0298798
45,59,6.27283,0.0306682
45,60,6.27108,0.0302121
45,61,6.27372,0.0298377
45,62,6.28228,0.0305828
45,63,6.28277,0.0301053
45,64,6.28346,0.0296464
45,65,6.28423,0.0292041
45,66,6.28,0.0290751
45,67,6.27814,0.0287048
45,68,6.27664,0.0283251
45,69,6.27922,0.0280364
45,70,6.28179,0.027758
45,71,6.28653,0.0277771
45,72,6.28369,0.027541
45,73,6.27993,0.0274252
45,74,6.28265,0.0271937
45,75,6.28242,0.0268345
45,76,6.28417,0.0265412
45,77,6.28643,0.0262963
45,78,6.28545,0.0259796
45,79,6.2842,0.0256832
45,80,6.28322,0.0253833
45,81,6.27944,0.0253545
45,82,6.28078,0.0250827
45,83,6.28053,0.0247835
45,84,6.28222,0.0245481
45,85,6.28366,0.0243039
45,86,6.28483,0.0240513
45,87,6.28802,0.0239894
45,88,6.28766,0.0237209
45,89,6.28367,0.023794
45,90,6.2835,0.0235316
45,91,6.27971,0.0235812
45,92,6.28116,0.0233713
45,93,6.27902,0.0232203
45,94,6.27998,0.0229947
45,95,6.27899,0.0227757
45,96,6.27991,0.0225583
45,97,6.27932,0.0223345
45,98,6.27913,0.0221086
45,99,6.28073,0.0219453
46,0,6.14299,0
46,1,6.3725,0.229517
46,2,6.32901,0.139466
46,3,6.24798,0.127642
46,4,6.24841,0.0988719
46,5,6.22401,0.0843364
46,6,6.24708,0.0749187
46,7,6.27378,0.070162
46,8,6.28163,0.0623731
46,9,6.29299,0.0569318
46,10,6.30145,0.0521866
46,11,6.28173,0.0515581
46,12,6.28633,0.0476493
46,13,6.29432,0.0448325
46,14,6.31241,0.0454886
46,15,6.30026,0.0442511
46,16,6.29503,0.0418946
46,17,6.28729,0.0402503
46,18,6.29849,0.039685
46,19,6.30105,0.0377358
46,20,6.29274,0.0368432
46,21,6.2986,0.035614
46,22,6.30263,0.0342675
46,23,6.30557,0.0329407
46,24,6.30427,0.0316225
46,25,6.3177,0.0332188
46,26,6.31129,0.0326012
46,27,6.31429,0.0315578
46,28,6.30807,0.031079
46,29,6.31052,0.0301253
46,30,6.31541,0.0295444
46,31,6.30703,0.0298082
46,32,6.32408,0.0335467
46,33,6.32039,0.032753
46,34,6.32151,0.0318229
46,35,6.32107,0.0309294
46,36,6.32289,0.0301368
46,37,6.32109,0.0293884
46,38,6.31533,0.0291991
46,39,6.32054,0.0289336
46,40,6.32558,0.0286655
46,41,6.33446,0.0293481
46,42,6.33912,0.0290351
46,43,6.33257,0.0291156
46,44,6.32884,0.0287038
46,45,6.33148,0.0281965
46,46,6.33147,0.02759
46,47,6.33957,0.028195
46,48,6.34042,0.0276268
46,49,6.34632,0.0277037
46,50,6.34001,0.0278776
46,51,6.33881,0.0273626
46,52,6.33541,0.0270562
46,53,6.33088,0.0269334
46,54,6.32947,0.0264769
46,55,6.33796,0.0273505
46,56,6.34049,0.0269854
46,57,6.35158,0.0287402
46,58,6.34185,0.0298748
46,59,6.33267,0.0307752
46,60,6.33181,0.0302788
46,61,6.33548,0.0300121
46,62,6.34396,0.0307236
46,63,6.34271,0.0302655
46,64,6.34316,0.0297997
46,65,6.34441,0.0293715
46,66,6.3411,0.0291187
46,67,6.33975,0.0287191
46,68,6.33868,0.0283201
46,69,6.3415,0.0280552
46,70,6.34342,0.0277238
46,71,6.34691,0.0275575
46,72,6.34383,0.0273509
46,73,6.34083,0.027145
46,74,6.3425,0.0268322
46,75,6.34455,0.026556
46,76,6.345,0.0262127
46,77,6.34611,0.0258984
46,78,6.34591,0.0255693
46,79,6.34499,0.0252643
46,80,6.34474,0.0249517
46,81,6.34128,0.0248877
46,82,6.34295,0.0246425
46,83,6.34247,0.0243521
46,84,6.34433,0.0241353
46,85,6.34624,0.0239293
46,86,6.34728,0.0236755
46,87,6.35005,0.0235684
46,88,6.34921,0.0233169
46,89,6.34594,0.023287
46,90,6.34636,0.0230335
46,91,6.34177,0.0232389
46,92,6.34332,0.0230394
46,93,6.34144,0.02287
46,94,6.343,0.0226816
46,95,6.34275,0.0224456
46,96,6.34331,0.0222201
46,97,6.34294,0.0219954
46,98,6.3436,0.0217822
46,99,6.34621,0.0217203
47,0,6.18696,0
47,1,6.45449,0.267524
47,2,6.43473,0.155714
47,3,6.35838,0.133986
47,4,6.32757,0.108263
47,5,6.3086,0.0904084
47,6,6.32685,0.0785595
47,7,6.35764,0.0746773
47,8,6.36051,0.0659216
47,9,6.36777,0.0594069
47,10,6.37322,0.0540111
47,11,6.35075,0.054184
47,12,6.36051,0.0507901
47,13,6.37134,0.0482529
47,14,6.38786,0.047863
47,15,6.37395,0.0468831
47,16,6.37308,0.0440475
47,17,6.36571,0.0421773
47,18,6.37933,0.0421536
47,19,6.38675,0.0406732
47,20,6.3811,0.0390982
47,21,6.38605,0.0376056
47,22,6.39276,0.0365549
47,23,6.39808,0.0354007
47,24,6.39783,0.0339561
47,25,6.40753,0.0340349
47,26,6.39873,0.0339094
47,27,6.40188,0.0328266
47,28,6.39318,0.0328477
47,29,6.39553,0.031821
47,30,6.39831,0.030903
47,31,6.3905,0.0309252
47,32,6.40531,0.0334324
47,33,6.40092,0.0327295
47,34,6.40115,0.0317815
47,35,6.40245,0.0309132
47,36,6.40388,0.0300999
47,37,6.40254,0.0293277
47,38,6.39361,0.0299273
47,39,6.39948,0.0297544
47,40,6.40646,0.0298467
47,41,6.41692,0.0309489
47,42,6.42289,0.0308042
47,43,6.41653,0.0307603
47,44,6.41238,0.0303545
47,45,6.4148,0.0297856
47,46,6.416,0.0291697
47,47,6.42402,0.0296594
47,48,6.42502,0.0290651
47,49,6.43057,0.0290128
47,50,6.42296,0.0294369
47,51,6.42228,0.0288734
47,52,6.41891,0.0285223
47,53,6.41315,0.0285771
47,54,6.41176,0.0280867
47,55,6.41928,0.0285871
47,56,6.42216,0.028228
47,57,6.42928,0.028638
47,58,6.41822,0.0302435
47,59,6.40879,0.0311961
47,60,6.40845,0.0306823
47,61,6.41196,0.0303866
47,62,6.41961,0.030863
47,63,6.41684,0.0305027
47,64,6.41877,0.0300915
47,65,6.42087,0.0297064
47,66,6.41774,0.0294267
47,67,6.41582,0.0290538
47,68,6.41502,0.0286408
47,69,6.41769,0.0283546
47,70,6.42019,0.0280635
47,71,6.424,0.0279333
47,72,6.4211,0.0277011
47,73,6.41763,0.0275433
47,74,6.41958,0.0272437
47,75,6.42134,0.02694
47,76,6.42174,0.026591
47,77,6.4231,0.0262828
47,78,6.42166,0.0259877
47,79,6.4204,0.0256917
47,80,6.41912,0.0254049
47,81,6.41529,0.0253844
47,82,6.41654,0.025108
47,83,6.41553,0.0248279
47,84,6.41748,0.0246117
47,85,6.41879,0.0243589
47,86,6.42001,0.0241083
47,87,6.4229,0.0240068
47,88,6.42216,0.0237469
47,89,6.41854,0.0237598
47,90,6.41844,0.0234975
47,91,6.41268,0.0239421
47,92,6.41506,0.0238024
47,93,6.41364,0.0235908
47,94,6.41482,0.0233712
47,95,6.41467,0.0231269
47,96,6.41527,0.0228951
47,97,6.41438,0.0226777
47,98,6.41428,0.0224477
47,99,6.41665,0.0223478
48,0,6.2608,0
48,1,6.51018,0.249378
48,2,6.50841,0.143989
48,3,6.41354,0.139163
48,4,6.39158,0.110009
48,5,6.35563,0.0967496
48,6,6.37499,0.0840292
48,7,6.4146,0.0828536
48,8,6.41836,0.0731665
48,9,6.42615,0.0659052
48,10,6.43248,0.0599478
48,11,6.40273,0.0622873
48,12,6.41536,0.0586723
48,13,6.42321,0.0548837
48,14,6.43973,0.0536997
48,15,6.42567,0.0521628
48,16,6.42809,0.0490581
48,17,6.42492,0.046361
48,18,6.4344,0.0448665
48,19,6.44223,0.0432786
48,20,6.43476,0.0418396
48,21,6.44071,0.0403349
48,22,6.45106,0.0399046
48,23,6.45673,0.0386247
48,24,6.45787,0.0370651
48,25,6.46474,0.0362672
48,26,6.45622,0.0359235
48,27,6.4593,0.0347541
48,28,6.44873,0.0351607
48,29,6.4518,0.0341067
48,30,6.45509,0.0331517
48,31,6.44398,0.0339676
48,32,6.45966,0.0364666
48,33,6.45647,0.035521
48,34,6.45738,0.0345031
48,35,6.45826,0.0335426
48,36,6.46426,0.0331702
48,37,6.46298,0.0323107
48,38,6.45359,0.0328441
48,39,6.46036,0.0327212
48,40,6.46602,0.0324111
48,41,6.47375,0.0325599
48,42,6.48219,0.0328955
48,43,6.47585,0.0327585
48,44,6.47468,0.0320435
48,45,6.48033,0.0318433
48,46,6.4814,0.031177
48,47,6.49063,0.0318848
48,48,6.48953,0.0312466
48,49,6.49474,0.0310558
48,50,6.4864,0.0315626
48,51,6.48719,0.0309596
48,52,6.4831,0.030643
48,53,6.4763,0.0308292
48,54,6.47546,0.0302753
48,55,6.48368,0.0308449
48,56,6.48662,0.0304409
48,57,6.494,0.030809
48,58,6.48244,0.032414
48,59,6.47316,0.033193
48,60,6.47392,0.0326533
48,61,6.47784,0.0323605
48,62,6.4851,0.0326592
48,63,6.4828,0.0322271
48,64,6.48574,0.0318634
48,65,6.48739,0.0314204
48,66,6.48346,0.0311965
48,67,6.4817,0.0307844
48,68,6.48158,0.0303352
48,69,6.48368,0.0299723
48,70,6.48619,0.0296533
48,71,6.49058,0.0295663
48,72,6.48709,0.0293667
48,73,6.48319,0.0292287
48,74,6.48485,0.0288843
48,75,6.48663,0.0285571
48,76,6.48753,0.0281983
48,77,6.48925,0.0278874
48,78,6.48718,0.0276096
48,79,6.48549,0.0273148
48,80,6.48449,0.026994
48,81,6.48032,0.0269875
48,82,6.48324,0.0268203
48,83,6.48198,0.026529
48,84,6.48413,0.026303
48,85,6.48533,0.026023
48,86,6.48632,0.0257414
48,87,6.48823,0.0255184
48,88,6.48732,0.0252465
48,89,6.48421,0.0251567
48,90,6.48516,0.0248969
48,91,6.4804,0.0250816
48,92,6.48293,0.0249389
48,93,6.48089,0.0247563
48,94,6.48143,0.0245002
48,95,6.48139,0.0242437
48,96,6.48233,0.0240107
48,97,6.48126,0.0237882
48,98,6.48127,0.0235467
48,99,6.48244,0.0233394
49,0,6.2715,0
49,1,6.54925,0.277749
49,2,6.54638,0.160384
49,3,6.45147,0.147884
49,4,6.44706,0.114635
49,5,6.41139,0.100167
49,6,6.43691,0.0884194
49,7,6.47576,0.0858671
49,8,6.47458,0.0757369
49,9,6.47311,0.067757
49,10,6.48712,0.0628694
49,11,6.46168,0.0627791
49,12,6.47024,0.0583794
49,13,6.47817,0.0546276
49,14,6.49478,0.0534983
49,15,6.48163,0.05174
49,16,6.48891,0.049143
49,17,6.48465,0.0465277
49,18,6.48939,0.0442653
49,19,6.49089,0.0420204
49,20,6.48669,0.0401892
49,21,6.49354,0.0389258
49,22,6.49964,0.0376926
49,23,6.506,0.0366429
49,24,6.51012,0.0353879
49,25,6.5153,0.0343919
49,26,6.50777,0.0339389
49,27,6.51436,0.0333608
49,28,6.50309,0.0341059
49,29,6.50818,0.0333407
49,30,6.5107,0.0323457
49,31,6.50409,0.0320085
49,32,6.52071,0.0351916
49,33,6.51711,0.0343301
49,34,6.51662,0.0333383
49,35,6.51824,0.0324394
49,36,6.52461,0.0321885
49,37,6.52236,0.0314113
49,38,6.51387,0.0317491
49,39,6.51974,0.0314969
49,40,6.52487,0.0311447
49,41,6.53478,0.0319683
49,42,6.54318,0.0323256
49,43,6.53697,0.0321862
49,44,6.53498,0.031526
49,45,6.5411,0.0314345
49,46,6.5432,0.03083
49,47,6.54986,0.0309074
49,48,6.54961,0.0302711
49,49,6.55592,0.0303239
49,50,6.5477,0.0308394
49,51,6.54965,0.0303034
49,52,6.54538,0.0300315
49,53,6.5399,0.0299758
49,54,6.53945,0.0294291
49,55,6.54705,0.0298807
49,56,6.54884,0.0294064
49,57,6.55679,0.0299705
49,58,6.54564,0.0315009
49,59,6.53723,0.0320906
49,60,6.53713,0.0315603
49,61,6.54102,0.0312908
49,62,6.54693,0.0313509
49,63,6.54444,0.0309572
49,64,6.54749,0.0306297
49,65,6.5497,0.030243
49,66,6.54611,0.0300043
49,67,6.54383,0.0296477
49,68,6.54452,0.029223
49,69,6.54705,0.0289133
49,70,6.54899,0.0285693
49,71,6.55403,0.028617
49,72,6.55004,0.0285032
49,73,6.54698,0.0282816
49,74,6.54826,0.0279313
49,75,6.5507,0.0276696
49,76,6.55154,0.0273208
49,77,6.55357,0.0270445
49,78,6.55171,0.0267646
49,79,6.54893,0.0265744
49,80,6.54821,0.0262541
49,81,6.54472,0.0261658
49,82,6.54778,0.0260288
49,83,6.54544,0.0258233
49,84,6.54841,0.0256901
49,85,6.54937,0.0254078
49,86,6.55001,0.0251221
49,87,6.55224,0.0249352
49,88,6.5511,0.0246795
49,89,6.54862,0.0245296
49,90,6.55149,0.0244272
49,91,6.54688,0.0245949
49,92,6.54948,0.0244668
49,93,6.54733,0.0243004
49,94,6.54844,0.024069
49,95,6.54869,0.0238183
49,96,6.54904,0.023574
49,97,6.54824,0.0233458
49,98,6.54849,0.0231101
49,99,6.54889,0.0228815
50,0,6.31632,0
50,1,6.55047,0.234152
50,2,6.57791,0.137944
50,3,6.48993,0.131358
50,4,6.47822,0.102422
50,5,6.45167,0.0877395
50,6,6.48511,0.0813428
50,7,6.52732,0.0821229
50,8,6.52906,0.0724465
50,9,6.51691,0.0659261
50,10,6.53013,0.0610787
50,11,6.51105,0.0589289
50,12,6.51835,0.0546963
50,13,6.5255,0.0511411
50,14,6.54029,0.0498515
50,15,6.53328,0.0471554
50,16,6.53985,0.0447793
50,17,6.53221,0.0429044
50,18,6.53971,0.041272
50,19,6.54623,0.0396933
50,20,6.54416,0.0378127
50,21,6.55293,0.0371046
50,22,6.55692,0.0356787
50,23,6.56172,0.0344952
50,24,6.56607,0.0333711
50,25,6.56651,0.0320649
50,26,6.5592,0.0317086
50,27,6.56673,0.0314683
50,28,6.56096,0.0309059
50,29,6.56406,0.0300178
50,30,6.56706,0.029188
50,31,6.55671,0.0300951
50,32,6.56992,0.0320213
50,33,6.56614,0.0312944
50,34,6.56541,0.0303961
50,35,6.56519,0.0295404
50,36,6.57065,0.0292447
50,37,6.56982,0.0284767
50,38,6.55881,0.029844
50,39,6.56426,0.0295957
50,40,6.5697,0.0293727
50,41,6.58007,0.0304821
50,42,6.58664,0.030481
50,43,6.5803,0.0304469
50,44,6.57982,0.0297665
50,45,6.58661,0.0298934
50,46,6.58971,0.0294146
50,47,6.5961,0.0294955
50,48,6.59639,0.0288888
50,49,6.60306,0.0290783
50,50,6.59647,0.0292528
50,51,6.59849,0.0287559
50,52,6.59495,0.0284302
50,53,6.58996,0.0283414
50,54,6.59038,0.0278246
50,55,6.59858,0.0285273
50,56,6.6011,0.0281348
50,57,6.60819,0.0285398
50,58,6.59896,0.0295288
50,59,6.59104,0.0300934
50,60,6.5911,0.029596
50,61,6.59508,0.0293848
50,62,6.60024,0.0293721
50,63,6.5987,0.0289506
50,64,6.60324,0.0288609
50,65,6.60615,0.0285687
50,66,6.60394,0.028226
50,67,6.60156,0.0279089
50,68,6.60266,0.0275232
50,69,6.6036,0.0271435
50,70,6.60585,0.0268526
50,71,6.60958,0.0267393
50,72,6.60596,0.0266176
50,73,6.60341,0.0263798
50,74,6.60611,0.0261659
50,75,6.6076,0.025862
50,76,6.60918,0.0255729
50,77,6.6123,0.025435
50,78,6.6123,0.025111
50,79,6.60977,0.0249237
50,80,6.60903,0.0246252
50,81,6.60539,0.0245936
50,82,6.60765,0.0243998
50,83,6.60397,0.0243856
50,84,6.60679,0.024261
50,85,6.6069,0.0239774
50,86,6.60886,0.0237812
50,87,6.61081,0.0235907
50,88,6.60991,0.0233418
50,89,6.60759,0.0231966
50,90,6.60952,0.0230209
50,91,6.60606,0.0230301
50,92,6.60965,0.0230613
50,93,6.60776,0.0228923
50,94,6.60899,0.022683
50,95,6.60793,0.0224703
50,96,6.60926,0.0222771
50,97,6.60808,0.0220804
50,98,6.60868,0.0218644
50,99,6.61031,0.0217062
51,0,6.29586,0
51,1,6.54002,0.244164
51,2,6.60307,0.154425
51,3,6.55223,0.120452
51,4,6.53742,0.0944697
51,5,6.52873,0.0776215
51,6,6.57754,0.0817694
51,7,6.60669,0.0765774
51,8,6.60831,0.0675544
51,9,6.58946,0.0632949
51,10,6.6038,0.0590206
51,11,6.57685,0.0602401
51,12,6.58219,0.0556692
51,13,6.58838,0.0519094
51,14,6.60398,0.0507818
51,15,6.59787,0.0478934
51,16,6.5967,0.0450031
51,17,6.59101,0.0428098
51,18,6.59668,0.04089
51,19,6.59931,0.0388805
51,20,6.59539,0.0371895
51,21,6.60236,0.0361355
51,22,6.60576,0.0346962
51,23,6.60928,0.0334051
51,24,6.61527,0.0325964
51,25,6.61652,0.0313425
51,26,6.611,0.0306604
51,27,6.61844,0.030468
51,28,6.61355,0.0298032
51,29,6.61476,0.0288179
51,30,6.61719,0.027979
51,31,6.60792,0.0286342
51,32,6.6222,0.0312144
51,33,6.61748,0.0306482
51,34,6.62164,0.0300489
51,35,6.6226,0.029218
51,36,6.62841,0.0290058
51,37,6.62838,0.0282322
51,38,6.6168,0.0298369
51,39,6.62158,0.0294715
51,40,6.62433,0.0288751
51,41,6.63396,0.029779
51,42,6.64133,0.0299979
51,43,6.63493,0.0299986
51,44,6.63405,0.0293375
51,45,6.63997,0.0292971
51,46,6.64292,0.0288184
51,47,6.6501,0.0291097
51,48,6.64929,0.028521
51,49,6.6561,0.0287628
51,50,6.64982,0.0288835
51,51,6.65396,0.0286231
51,52,6.64987,0.0283741
51,53,6.64641,0.0280582
51,54,6.64759,0.0275687
51,55,6.6563,0.0284374
51,56,6.65931,0.0280964
51,57,6.66874,0.0291748
51,58,6.65797,0.0306352
51,59,6.64986,0.0311921
51,60,6.6485,0.0307065
51,61,6.65312,0.0305585
51,62,6.65908,0.0306544
51,63,6.6578,0.0301987
51,64,6.66246,0.0300923
51,65,6.66391,0.0296685
51,66,6.66155,0.029317
51,67,6.6601,0.0289194
51,68,6.66087,0.0285077
51,69,6.66134,0.0281014
51,70,6.6628,0.0277412
51,71,6.6665,0.0276027
51,72,6.66307,0.0274374
51,73,6.65927,0.0273292
51,74,6.66212,0.027113
51,75,6.66363,0.0267962
51,76,6.66555,0.0265155
51,77,6.66829,0.0263168
51,78,6.669,0.0259911
51,79,6.66749,0.0257085
51,80,6.66713,0.0253916
51,81,6.66457,0.0252107
51,82,6.66701,0.0250243
51,83,6.66409,0.0248968
51,84,6.66607,0.0246821
51,85,6.66641,0.0243957
51,86,6.66823,0.0241826
51,87,6.67034,0.0239992
51,88,6.66896,0.0237683
51,89,6.66664,0.0236166
51,90,6.66792,0.0233902
51,91,6.66506,0.0233104
51,92,6.66863,0.0233335
51,93,6.66828,0.0230866
51,94,6.66872,0.0228465
51,95,6.66769,0.0226307
51,96,6.66887,0.0224275
51,97,6.66811,0.0222105
51,98,6.66837,0.0219865
51,99,6.67016,0.0218387
52,0,6.29975,0
52,1,6.61436,0.314611
52,2,6.66844,0.189521
52,3,6.59389,0.153357
52,4,6.58285,0.119301
52,5,6.57373,0.0978352
52,6,6.63141,0.10082
52,7,6.6604,0.0919997
52,8,6.66689,0.0813951
52,9,6.65974,0.0731521
52,10,6.67803,0.068648
52,11,6.65412,0.0670721
52,12,6.6599,0.0619678
52,13,6.6658,0.0576734
52,14,6.67324,0.0542034
52,15,6.66617,0.0511929
52,16,6.65793,0.0487883
52,17,6.65459,0.0461187
52,18,6.66163,0.0441877
52,19,6.65932,0.0419836
52,20,6.65437,0.0402399
52,21,6.66422,0.0396105
52,22,6.66177,0.0379285
52,23,6.66371,0.0363656
52,24,6.67238,0.0359429
52,25,6.67781,0.0349565
52,26,6.66897,0.034779
52,27,6.67689,0.0344374
52,28,6.67301,0.0334542
52,29,6.67378,0.0323289
52,30,6.67327,0.0312728
52,31,6.66474,0.0314562
52,32,6.68028,0.0342175
52,33,6.67171,0.0342828
52,34,6.67693,0.0336947
52,35,6.67761,0.0327524
52,36,6.6821,0.03217
52,37,6.68268,0.0313174
52,38,6.66948,0.033237
52,39,6.67409,0.0327214
52,40,6.67804,0.0321577
52,41,6.68771,0.0328383
52,42,6.69476,0.0328316
52,43,6.69073,0.0323291
52,44,6.69136,0.0316087
52,45,6.69662,0.0313576
52,46,6.70015,0.030886
52,47,6.70493,0.0306107
52,48,6.70367,0.0300057
52,49,6.71325,0.0309189
52,50,6.7069,0.0309635
52,51,6.71066,0.0305933
52,52,6.70648,0.0302993
52,53,6.70445,0.029802
52,54,6.70785,0.0294513
52,55,6.71696,0.030323
52,56,6.72168,0.0301571
52,57,6.73189,0.0313447
52,58,6.72285,0.0321087
52,59,6.71557,0.0323972
52,60,6.71445,0.0318814
52,61,6.71986,0.0318255
52,62,6.7244,0.0316438
52,63,6.72446,0.0311455
52,64,6.72989,0.0311392
52,65,6.73116,0.0306901
52,66,6.72892,0.0303113
52,67,6.72711,0.029917
52,68,6.72763,0.0294849
52,69,6.72718,0.0290641
52,70,6.72694,0.0286529
52,71,6.73084,0.0285203
52,72,6.72808,0.028262
52,73,6.72468,0.0280839
52,74,6.72686,0.0277924
52,75,6.72937,0.0275389
52,76,6.73159,0.0272696
52,77,6.735,0.0271328
52,78,6.73578,0.0267984
52,79,6.73418,0.02651
52,80,6.7334,0.0261922
52,81,6.73119,0.0259653
52,82,6.73309,0.0257208
52,83,6.73003,0.0255961
52,84,6.73222,0.0253875
52,85,6.73187,0.025093
52,86,6.73383,0.0248801
52,87,6.73454,0.0246062
52,88,6.73422,0.0243303
52,89,6.73217,0.0241458
52,90,6.73304,0.023895
52,91,6.7295,0.0238976
52,92,6.73309,0.0239095
52,93,6.73257,0.0236595
52,94,6.73267,0.0234093
52,95,6.73129,0.0232049
52,96,6.73205,0.0229768
52,97,6.73112,0.0227603
52,98,6.73138,0.0225307
52,99,6.73271,0.0223442
53,0,6.43236,0
53,1,6.68168,0.249314
53,2,6.72966,0.151727
53,3,6.65263,0.132077
53,4,6.64798,0.102411
53,5,6.63406,0.0847701
53,6,6.69327,0.0929446
53,7,6.7166,0.0838056
53,8,6.72025,0.0739998
53,9,6.71477,0.0664142
53,10,6.73426,0.0631575
53,11,6.71153,0.0619733
53,12,6.71258,0.0570168
53,13,6.72141,0.0535208
53,14,6.73525,0.0517105
53,15,6.72783,0.0489368
53,16,6.71919,0.0467717
53,17,6.72074,0.044124
53,18,6.73042,0.0428436
53,19,6.72572,0.0409162
53,20,6.72288,0.0390225
53,21,6.731,0.0380832
53,22,6.72846,0.0364782
53,23,6.73403,0.0353659
53,24,6.74182,0.034805
53,25,6.74689,0.0338223
53,26,6.73872,0.0335574
53,27,6.7469,0.0333556
53,28,6.74332,0.0323824
53,29,6.74311,0.0312851
53,30,6.74302,0.0302592
53,31,6.73342,0.0308309
53,32,6.74844,0.0334433
53,33,6.74071,0.033354
53,34,6.74544,0.032731
53,35,6.74558,0.0318091
53,36,6.74917,0.0311453
53,37,6.74696,0.0303955
53,38,6.73622,0.0314909
53,39,6.74056,0.0309981
53,40,6.7427,0.0303083
53,41,6.75009,0.0304867
53,42,6.75697,0.0305536
53,43,6.75538,0.0298933
53,44,6.75585,0.0292253
53,45,6.76017,0.0289078
53,46,6.76413,0.028561
53,47,6.76914,0.0284056
53,48,6.76831,0.0278321
53,49,6.77808,0.0289662
53,50,6.77455,0.028611
53,51,6.7781,0.0282789
53,52,6.77396,0.0280473
53,53,6.77206,0.0275883
53,54,6.77585,0.0273453
53,55,6.78284,0.027749
53,56,6.78781,0.0277069
53,57,6.79769,0.0289617
53,58,6.78785,0.0301209
53,59,6.78239,0.0301125
53,60,6.78161,0.0296251
53,61,6.78758,0.0297482
53,62,6.79167,0.0295574
53,63,6.79161,0.0290919
53,64,6.79723,0.0291879
53,65,6.79865,0.0287769
53,66,6.79575,0.0284912
53,67,6.7946,0.0280927
53,68,6.79486,0.0276837
53,69,6.794,0.0272989
53,70,6.79309,0.026927
53,71,6.79701,0.0268379
53,72,6.79507,0.0265389
53,73,6.79227,0.0263267
53,74,6.79204,0.0259743
53,75,6.79462,0.0257602
53,76,6.79851,0.0257183
53,77,6.80107,0.0255152
53,78,6.80167,0.0251974
53,79,6.80027,0.02492
53,80,6.8006,0.0246127
53,81,6.79848,0.0244029
53,82,6.79976,0.024141
53,83,6.79576,0.0241857
53,84,6.79901,0.0241196
53,85,6.80041,0.0238788
53,86,6.80264,0.0237078
53,87,6.80319,0.0234433
53,88,6.80305,0.0231789
53,89,6.8016,0.0229658
53,90,6.80275,0.0227412
53,91,6.79926,0.0227627
53,92,6.8029,0.0228093
53,93,6.80193,0.0225863
53,94,6.80178,0.0223478
53,95,6.7996,0.0222207
53,96,6.79972,0.0219907
53,97,6.79775,0.0218547
53,98,6.79835,0.0216413
53,99,6.80027,0.0215099
54,0,6.62324,0
54,1,6.83626,0.213018
54,2,6.83169,0.123071
54,3,6.73149,0.132715
54,4,6.71819,0.103658
54,5,6.71485,0.084702
54,6,6.76901,0.0897674
54,7,6.78206,0.0788281
54,8,6.78757,0.069738
54,9,6.78288,0.0625519
54,10,6.79379,0.0576231
54,11,6.77907,0.0546246
54,12,6.78619,0.05075
54,13,6.79702,0.0482178
54,14,6.80156,0.0451172
54,15,6.79167,0.0433469
54,16,6.78097,0.0420992
54,17,6.77964,0.0397141
54,18,6.79364,0.0400924
54,19,6.78502,0.0390003
54,20,6.782,0.0372196
54,21,6.79094,0.0365973
54,22,6.79137,0.0349726
54,23,6.79639,0.0338569
54,24,6.80491,0.0335741
54,25,6.81011,0.0326732
54,26,6.80097,0.032742
54,27,6.80996,0.0328091
54,28,6.80656,0.03184
54,29,6.80426,0.0308462
54,30,6.80401,0.0298356
54,31,6.79427,0.030483
54,32,6.80755,0.0323906
54,33,6.79858,0.0326787
54,34,6.80426,0.0322362
54,35,6.80579,0.0313653
54,36,6.80854,0.030629
54,37,6.80724,0.0298405
54,38,6.79587,0.0312087
54,39,6.79947,0.0306313
54,40,6.80054,0.0298938
54,41,6.8106,0.0308599
54,42,6.81632,0.030672
54,43,6.81412,0.0300477
54,44,6.81348,0.0293794
54,45,6.81735,0.0289942
54,46,6.82057,0.0285519
54,47,6.82354,0.0281088
54,48,6.82431,0.0275398
54,49,6.83356,0.0285249
54,50,6.83125,0.0280548
54,51,6.8342,0.0276668
54,52,6.83103,0.0273233
54,53,6.82969,0.0268462
54,54,6.83303,0.0265647
54,55,6.84085,0.0272305
54,56,6.84639,0.0273173
54,57,6.85623,0.0285898
54,58,6.8469,0.0296091
54,59,6.84137,0.0296334
54,60,6.84092,0.029147
54,61,6.84651,0.0292123
54,62,6.84924,0.0288745
54,63,6.85009,0.0284323
54,64,6.85519,0.0284524
54,65,6.85687,0.0280684
54,66,6.8539,0.027805
54,67,6.85336,0.0273983
54,68,6.85269,0.0270066
54,69,6.85246,0.026619
54,70,6.85144,0.0262613
54,71,6.85618,0.0263234
54,72,6.85332,0.0261164
54,73,6.85069,0.0258957
54,74,6.84941,0.0255798
54,75,6.85091,0.025285
54,76,6.85402,0.0251473
54,77,6.85613,0.0249126
54,78,6.85722,0.0246195
54,79,6.8553,0.0243857
54,80,6.855,0.0240847
54,81,6.85425,0.0238008
54,82,6.8555,0.0235456
54,83,6.85125,0.0236495
54,84,6.85506,0.0236787
54,85,6.85715,0.023495
54,86,6.85939,0.0233306
54,87,6.85958,0.0230648
54,88,6.85962,0.0228042
54,89,6.85828,0.0225891
54,90,6.85878,0.0223452
54,91,6.85597,0.02228
54,92,6.85937,0.0223004
54,93,6.85878,0.0220697
54,94,6.85862,0.0218367
54,95,6.85665,0.0216974
54,96,6.85678,0.0214729
54,97,6.85473,0.0213512
54,98,6.85531,0.0211425
54,99,6.85633,0.0209547
55,0,6.81117,0
55,1,7.00086,0.189684
55,2,6.99769,0.10956
55,3,6.89309,0.130165
55,4,6.87125,0.103163
55,5,6.83951,0.0900165
55,6,6.9035,0.0994121
55,7,6.89278,0.086758
55,8,6.88813,0.0766547
55,9,6.87979,0.0690669
55,10,6.88694,0.0628808
55,11,6.86592,0.0611303
55,12,6.87062,0.0564277
55,13,6.88898,0.0553771
55,14,6.89513,0.0519183
55,15,6.88846,0.0490207
55,16,6.87495,0.0479898
55,17,6.87323,0.0452777
55,18,6.88532,0.0445025
55,19,6.8699,0.0449475
55,20,6.86083,0.0437061
55,21,6.86651,0.0420579
55,22,6.86302,0.0403391
55,23,6.86504,0.0386749
55,24,6.87587,0.038644
55,25,6.87967,0.0373217
55,26,6.8699,0.0372182
55,27,6.87679,0.0365203
55,28,6.8715,0.035633
55,29,6.86927,0.0344971
55,30,6.86894,0.0333674
55,31,6.8583,0.0340132
55,32,6.87564,0.0372471
55,33,6.86749,0.0370429
55,34,6.87213,0.0362669
55,35,6.87465,0.0353353
55,36,6.87735,0.0344731
55,37,6.8751,0.033629
55,38,6.86381,0.0346471
55,39,6.86645,0.0338726
55,40,6.86848,0.0330986
55,41,6.87963,0.0341724
55,42,6.88516,0.0338231
55,43,6.88261,0.0331438
55,44,6.88158,0.0324153
55,45,6.88739,0.0322316
55,46,6.88941,0.031603
55,47,6.89284,0.0311266
55,48,6.8931,0.0304859
55,49,6.90304,0.0314788
55,50,6.90052,0.0309582
55,51,6.90228,0.0304081
55,52,6.89864,0.0300496
55,53,6.8962,0.0295892
55,54,6.89947,0.0292302
55,55,6.90724,0.0297356
55,56,6.9145,0.0300972
55,57,6.92317,0.0308194
55,58,6.91401,0.0316464
55,59,6.90981,0.0313969
55,60,6.91016,0.03088
55,61,6.91628,0.0309874
55,62,6.92124,0.0308925
55,63,6.92102,0.0304068
55,64,6.92547,0.0302638
55,65,6.92522,0.0298027
55,66,6.92259,0.0294723
55,67,6.91999,0.0291524
55,68,6.91954,0.0287302
55,69,6.91952,0.0283168
55,70,6.91863,0.0279295
55,71,6.92457,0.028174
55,72,6.92128,0.0279799
55,73,6.91811,0.0277803
55,74,6.91567,0.0275163
55,75,6.91661,0.0271681
55,76,6.92008,0.0270367
55,77,6.92167,0.0267351
55,78,6.92228,0.0264016
55,79,6.92017,0.0261547
55,80,6.91928,0.0258452
55,81,6.91845,0.0255414
55,82,6.91954,0.0252552
55,83,6.91608,0.0251917
55,84,6.91991,0.025186
55,85,6.92036,0.0248955
55,86,6.92187,0.0246538
55,87,6.92201,0.0243725
55,88,6.92187,0.0240975
55,89,6.91982,0.0239162
55,90,6.91951,0.023654
55,91,6.91644,0.0235954
55,92,6.91951,0.0235408
55,93,6.919,0.0232946
55,94,6.91909,0.0230483
55,95,6.91706,0.0228967
55,96,6.91756,0.0226649
55,97,6.91563,0.0225148
55,98,6.91644,0.0223009
55,99,6.9174,0.0220974
56,0,6.95108,0
56,1,7.06582,0.114736
56,2,7.09491,0.0723519
56,3,6.95311,0.150753
56,4,6.9395,0.117563
56,5,6.91162,0.0999561
56,6,6.97412,0.105081
56,7,6.94427,0.0957735
56,8,6.94484,0.0844662
56,9,6.94257,0.075583
56,10,6.94342,0.0683727
56,11,6.92758,0.0643934
56,12,6.93009,0.0592862
56,13,6.9493,0.0581533
56,14,6.95558,0.0545008
56,15,6.956,0.0509826
56,16,6.93996,0.0505061
56,17,6.93941,0.0476207
56,18,6.9439,0.0452677
56,19,6.93344,0.044199
56,20,6.92024,0.0440663
56,21,6.92438,0.0422186
56,22,6.92095,0.0404864
56,23,6.92486,0.0389597
56,24,6.93818,0.0396709
56,25,6.94495,0.0387118
56,26,6.9365,0.0381982
56,27,6.94393,0.0375514
56,28,6.9395,0.036503
56,29,6.93762,0.0353154
56,30,6.935,0.0342574
56,31,6.92426,0.0348652
56,32,6.94088,0.0376582
56,33,6.93318,0.0373361
56,34,6.93563,0.0363359
56,35,6.93634,0.0353193
56,36,6.93686,0.0343554
56,37,6.9351,0.0334853
56,38,6.92586,0.0338978
56,39,6.92925,0.0332124
56,40,6.93085,0.0324319
56,41,6.94104,0.0332504
56,42,6.94548,0.0327698
56,43,6.9438,0.0320605
56,44,6.94276,0.0313573
56,45,6.94897,0.0312905
56,46,6.95185,0.0307526
56,47,6.95455,0.0302262
56,48,6.9558,0.0296292
56,49,6.96667,0.0309984
56,50,6.96492,0.0304349
56,51,6.96543,0.0298483
56,52,6.96015,0.0297517
56,53,6.95895,0.0292203
56,54,6.96188,0.0288333
56,55,6.97011,0.029484
56,56,6.97895,0.0302826
56,57,6.98917,0.0314631
56,58,6.97955,0.0323871
56,59,6.97502,0.0321645
56,60,6.97653,0.0316693
56,61,6.9824,0.0317026
56,62,6.98838,0.0317623
56,63,6.98714,0.0312866
56,64,6.99233,0.031235
56,65,6.99212,0.0307587
56,66,6.98907,0.0304499
56,67,6.98651,0.0301076
56,68,6.98552,0.0296846
56,69,6.98499,0.0292621
56,70,6.98526,0.0288483
56,71,6.99273,0.0294094
56,72,6.98868,0.0292847
56,73,6.9841,0.0292479
56,74,6.9829,0.0288802
56,75,6.98374,0.0285102
56,76,6.98733,0.0283653
56,77,6.98998,0.0281244
56,78,6.99084,0.0277795
56,79,6.98894,0.027496
56,80,6.98724,0.0272072
56,81,6.98613,0.0268964
56,82,6.98756,0.026609
56,83,6.9844,0.0264798
56,84,6.98791,0.0264001
56,85,6.98838,0.0260956
56,86,6.98909,0.0258037
56,87,6.9899,0.0255216
56,88,6.98987,0.0252332
56,89,6.98771,0.0250444
56,90,6.98714,0.0247741
56,91,6.98425,0.0246735
56,92,6.98697,0.0245574
56,93,6.98624,0.0243057
56,94,6.98655,0.0240506
56,95,6.98428,0.0239067
56,96,6.98596,0.023718
56,97,6.98313,0.0236438
56,98,6.9842,0.0234282
56,99,6.98496,0.0232052
57,0,6.99046,0
57,1,7.0651,0.0746357
57,2,7.15666,0.101201
57,3,7.00534,0.167387
57,4,6.99581,0.130007
57,5,6.97001,0.10924
57,6,7.02254,0.106221
57,7,6.99197,0.0969375
57,8,6.9892,0.0855357
57,9,6.98999,0.0765095
57,10,6.99424,0.069336
57,11,6.98089,0.0646882
57,12,6.98763,0.059885
57,13,7.0072,0.0587963
57,14,7.00923,0.0547742
57,15,7.01234,0.0513305
57,16,6.99438,0.0514521
57,17,6.99634,0.0485491
57,18,6.99967,0.0460434
57,19,6.99186,0.0443739
57,20,6.98069,0.0436593
57,21,6.98631,0.0420044
57,22,6.98289,0.040282
57,23,6.98773,0.0388694
57,24,6.99824,0.0387375
57,25,7.0062,0.0380588
57,26,6.99959,0.0372134
57,27,7.00602,0.0364305
57,28,7.00373,0.0352264
57,29,6.99958,0.0342838
57,30,6.99703,0.033257
57,31,6.98342,0.0349597
57,32,7.00171,0.0385031
57,33,6.9917,0.0386713
57,34,6.99652,0.0378592
57,35,6.99451,0.0368476
57,36,6.99406,0.0358407
57,37,6.99204,0.0349433
57,38,6.98262,0.035316
57,39,6.98703,0.0347036
57,40,6.98921,0.0339167
57,41,6.99951,0.0346667
57,42,7.00443,0.0342061
57,43,7.00035,0.0336679
57,44,7.00074,0.0329135
57,45,7.00646,0.0326947
57,46,7.00733,0.0320032
57,47,7.01259,0.0317685
57,48,7.01364,0.031131
57,49,7.0264,0.0330642
57,50,7.02279,0.0326096
57,51,7.02215,0.0319828
57,52,7.01694,0.0318029
57,53,7.01609,0.03122
57,54,7.02002,0.030898
57,55,7.0278,0.031322
57,56,7.03659,0.0319992
57,57,7.04469,0.0324687
57,58,7.03515,0.0333067
57,59,7.03003,0.0331462
57,60,7.03093,0.032611
57,61,7.03679,0.0326106
57,62,7.04199,0.0325081
57,63,7.03982,0.0320701
57,64,7.04487,0.0319744
57,65,7.04259,0.0315684
57,66,7.03987,0.031213
57,67,7.03774,0.0308242
57,68,7.03717,0.0303794
57,69,7.03728,0.0299425
57,70,7.03676,0.0295223
57,71,7.04436,0.0300838
57,72,7.03983,0.0300125
57,73,7.03667,0.0297718
57,74,7.03579,0.0293853
57,75,7.0349,0.0290097
57,76,7.03967,0.0290256
57,77,7.04278,0.0288184
57,78,7.04452,0.0285045
57,79,7.04433,0.0281466
57,80,7.04355,0.0278078
57,81,7.04347,0.0274667
57,82,7.04565,0.0272212
57,83,7.04282,0.027043
57,84,7.04628,0.0269453
57,85,7.04621,0.0266302
57,86,7.04641,0.0263231
57,87,7.0474,0.026041
57,88,7.04758,0.0257474
57,89,7.04601,0.0255083
57,90,7.04622,0.0252273
57,91,7.04396,0.0250534
57,92,7.04618,0.0248816
57,93,7.0455,0.0246248
57,94,7.04521,0.0243659
57,95,7.04305,0.0242076
57,96,7.04371,0.0239659
57,97,7.04085,0.0238913
57,98,7.04241,0.0236999
57,99,7.04325,0.0234768
58,0,7.05062,0
58,1,7.12421,0.0735886
58,2,7.20264,0.089199
58,3,7.0603,0.155694
58,4,7.05801,0.120622
58,5,7.04272,0.0996666
58,6,7.09096,0.0970648
58,7,7.06075,0.0893231
58,8,7.06176,0.078782
58,9,7.05359,0.070936
58,10,7.05487,0.0641768
58,11,7.03197,0.0629006
58,12,7.03417,0.0579017
58,13,7.05692,0.058237
58,14,7.06176,0.0544308
58,15,7.07717,0.0531983
58,16,7.05649,0.0540833
58,17,7.06396,0.0515348
58,18,7.0635,0.0487492
58,19,7.05883,0.0464827
58,20,7.05108,0.044888
58,21,7.05856,0.0434481
58,22,7.05278,0.0419171
58,23,7.06161,0.0410925
58,24,7.0689,0.0400836
58,25,7.07763,0.0394886
58,26,7.07065,0.0386346
58,27,7.07752,0.0378581
58,28,7.0743,0.0366708
58,29,7.06943,0.0357602
58,30,7.06843,0.0346021
58,31,7.05504,0.0360777
58,32,7.07073,0.0383256
58,33,7.06026,0.0386288
58,34,7.06363,0.0376603
58,35,7.06323,0.0366014
58,36,7.06121,0.0356558
58,37,7.05948,0.034748
58,38,7.05027,0.0350746
58,39,7.0519,0.0342252
58,40,7.05603,0.0336336
58,41,7.06652,0.0344611
58,42,7.07081,0.0339216
58,43,7.06866,0.033211
58,44,7.06921,0.0324692
58,45,7.0758,0.0324317
58,46,7.07627,0.0317376
58,47,7.08042,0.0313456
58,48,7.08088,0.0307027
58,49,7.09347,0.0326112
58,50,7.09185,0.0320066
58,51,7.09242,0.0313903
58,52,7.08624,0.0314075
58,53,7.08282,0.0310089
58,54,7.08726,0.0307619
58,55,7.09503,0.0311889
58,56,7.10192,0.0314021
58,57,7.11081,0.0321123
58,58,7.10006,0.0333451
58,59,7.09438,0.0332721
58,60,7.09618,0.0327715
58,61,7.10121,0.0326282
58,62,7.10654,0.0325467
58,63,7.10406,0.0321299
58,64,7.11009,0.0322005
58,65,7.10867,0.0317404
58,66,7.10561,0.0314131
58,67,7.10511,0.0309517
58,68,7.10379,0.0305282
58,69,7.10355,0.0300899
58,70,7.10428,0.0296721
58,71,7.11139,0.030108
58,72,7.10723,0.0299827
58,73,7.10382,0.0297708
58,74,7.10377,0.0293712
58,75,7.1019,0.0290425
58,76,7.1075,0.0292044
58,77,7.11096,0.029035
58,78,7.1135,0.0287768
58,79,7.11299,0.0284193
58,80,7.11215,0.0280788
58,81,7.11158,0.0277401
58,82,7.11368,0.0274843
58,83,7.11044,0.0273482
58,84,7.11386,0.0272404
58,85,7.11402,0.0269222
58,86,7.11358,0.0266146
58,87,7.11415,0.0263167
58,88,7.11439,0.0260204
58,89,7.11339,0.025749
58,90,7.11324,0.0254648
58,91,7.11062,0.0253231
58,92,7.11242,0.0251139
58,93,7.11186,0.0248515
58,94,7.11239,0.0245942
58,95,7.11075,0.0243923
58,96,7.11157,0.0241538
58,97,7.10884,0.024062
58,98,7.10952,0.0238275
58,99,7.11039,0.023604
59,0,7.01171,0
59,1,7.13135,0.119642
59,2,7.2231,0.114846
59,3,7.08459,0.160561
59,4,7.08623,0.124381
59,5,7.07828,0.101867
59,6,7.12146,0.0963183
59,7,7.09917,0.086343
59,8,7.09084,0.0766014
59,9,7.08269,0.0689975
59,10,7.08256,0.0624107
59,11,7.0624,0.0604346
59,12,7.07113,0.0562726
59,13,7.09386,0.0568404
59,14,7.09879,0.0531448
59,15,7.11651,0.052775
59,16,7.0939,0.0544843
59,17,7.1015,0.0519269
59,18,7.10652,0.0493737
59,19,7.10712,0.0468439
59,20,7.0988,0.0453267
59,21,7.10955,0.0445332
59,22,7.10301,0.043052
59,23,7.11361,0.0425593
59,24,7.12306,0.041902
59,25,7.13031,0.0409054
59,26,7.12273,0.040085
59,27,7.12838,0.0390387
59,28,7.1264,0.0377207
59,29,7.11907,0.037171
59,30,7.11866,0.0359543
59,31,7.10882,0.0361755
59,32,7.12245,0.0376172
59,33,7.11512,0.0372234
59,34,7.11642,0.0361677
59,35,7.11523,0.0351689
59,36,7.11496,0.0342062
59,37,7.11427,0.033301
59,38,7.10418,0.0339686
59,39,7.10672,0.0332055
59,40,7.11083,0.0326454
59,41,7.11979,0.0330965
59,42,7.12433,0.0326341
59,43,7.12232,0.031947
59,44,7.12389,0.0312686
59,45,7.12898,0.0310005
59,46,7.12868,0.0303352
59,47,7.13238,0.0299257
59,48,7.13338,0.0293258
59,49,7.14524,0.0310857
59,50,7.14487,0.0304725
59,51,7.14643,0.0299217
59,52,7.14238,0.0296302
59,53,7.13799,0.0294062
59,54,7.14012,0.0289454
59,55,7.1483,0.0295767
59,56,7.15377,0.0295638
59,57,7.16378,0.0307252
59,58,7.15188,0.0324593
59,59,7.1462,0.0324142
59,60,7.14821,0.0319413
59,61,7.15235,0.0316937
59,62,7.15732,0.0315801
59,63,7.15397,0.0312631
59,64,7.16161,0.0317122
59,65,7.16115,0.0312314
59,66,7.15727,0.0310053
59,67,7.15538,0.0306043
59,68,7.15398,0.03019
59,69,7.15336,0.0297621
59,70,7.15423,0.0293526
59,71,7.16155,0.0298541
59,72,7.15699,0.0297936
59,73,7.15307,0.0296482
59,74,7.15262,0.0292537
59,75,7.15147,0.028889
59,76,7.15696,0.0290342
59,77,7.16107,0.0289525
59,78,7.16406,0.0287405
59,79,7.16255,0.0284193
59,80,7.1604,0.0281485
59,81,7.15914,0.0278315
59,82,7.16181,0.0276231
59,83,7.15994,0.027356
59,84,7.16301,0.0272053
59,85,7.16356,0.0268928
59,86,7.16279,0.0265929
59,87,7.16351,0.0262988
59,88,7.16401,0.0260065
59,89,7.16329,0.0257262
59,90,7.16293,0.0254443
59,91,7.16136,0.0252153
59,92,7.16395,0.025077
59,93,7.16358,0.0248116
59,94,7.1647,0.0245742
59,95,7.16317,0.0243644
59,96,7.16395,0.0241244
59,97,7.16129,0.0240249
59,98,7.16151,0.023782
59,99,7.16201,0.0235484
60,0,7.14473,0
60,1,7.23496,0.0902334
60,2,7.3048,0.0871283
60,3,7.15031,0.16632
60,4,7.15431,0.128893
60,5,7.14562,0.105598
60,6,7.18856,0.0990373
60,7,7.16558,0.0887922
60,8,7.15406,0.0791503
60,9,7.14109,0.0719737
60,10,7.13852,0.0651532
60,11,7.11973,0.0623752
60,12,7.12544,0.0576607
60,13,7.14342,0.0563283
60,14,7.148,0.0526389
60,15,7.17149,0.0545531
60,16,7.15294,0.0544957
60,17,7.15291,0.0513791
60,18,7.15809,0.0488752
60,19,7.15692,0.0463819
60,20,7.14747,0.04512
60,21,7.16037,0.0449142
60,22,7.15738,0.0430212
60,23,7.17003,0.0430872
60,24,7.18064,0.0426693
60,25,7.18988,0.0420228
60,26,7.18123,0.0413508
60,27,7.18504,0.0400284
60,28,7.1818,0.0387588
60,29,7.17432,0.0381852
60,30,7.17622,0.0369816
60,31,7.16694,0.0369889
60,32,7.17933,0.0379309
60,33,7.17067,0.0378045
60,34,7.17337,0.0368083
60,35,7.17395,0.0357758
60,36,7.17442,0.0347986
60,37,7.1735,0.033883
60,38,7.16338,0.0345183
60,39,7.16674,0.0338116
60,40,7.17197,0.0333891
60,41,7.18178,0.0340294
60,42,7.18624,0.0335259
60,43,7.18328,0.0328889
60,44,7.18527,0.0322114
60,45,7.18981,0.0318292
60,46,7.1889,0.031158
60,47,7.19027,0.0305328
60,48,7.19097,0.0299114
60,49,7.20438,0.0322299
60,50,7.20528,0.0316044
60,51,7.20687,0.0310314
60,52,7.20287,0.0307014
60,53,7.19748,0.0306056
60,54,7.1987,0.0300687
60,55,7.20586,0.0303817
60,56,7.21128,0.0303332
60,57,7.22126,0.0314314
60,58,7.21071,0.0326453
60,59,7.20549,0.0325193
60,60,7.2077,0.0320587
60,61,7.21131,0.0317433
60,62,7.21759,0.0318597
60,63,7.21265,0.0317451
60,64,7.21861,0.0318163
60,65,7.21906,0.0313338
60,66,7.21505,0.0311224
60,67,7.21276,0.0307463
60,68,7.21142,0.030327
60,69,7.21123,0.0298913
60,70,7.21264,0.0295008
60,71,7.21919,0.0298177
60,72,7.21474,0.0297418
60,73,7.2124,0.0294297
60,74,7.21188,0.0290394
60,75,7.21274,0.0286677
60,76,7.21858,0.0288887
60,77,7.22269,0.0288103
60,78,7.22558,0.02859
60,79,7.22351,0.0283062
60,80,7.22047,0.0281189
60,81,7.2187,0.0278306
60,82,7.22221,0.0277162
60,83,7.2198,0.0274894
60,84,7.22304,0.0273565
60,85,7.22385,0.0270485
60,86,7.22264,0.0267628
60,87,7.22364,0.0264759
60,88,7.22374,0.0261769
60,89,7.22239,0.0259196
60,90,7.22302,0.025641
60,91,7.22164,0.0253986
60,92,7.22424,0.0252591
60,93,7.22392,0.0249911
60,94,7.225,0.0247503
60,95,7.22391,0.0245154
60,96,7.22457,0.0242702
60,97,7.22281,0.0240855
60,98,7.22326,0.0238452
60,99,7.22396,0.0236159
61,0,7.20643,0
61,1,7.30868,0.102246
61,2,7.36091,0.0788198
61,3,7.20586,0.164765
61,4,7.20382,0.127643
61,5,7.19065,0.105048
61,6,7.2384,0.100809
61,7,7.21112,0.0914661
61,8,7.20444,0.080942
61,9,7.18695,0.0744781
61,10,7.18892,0.0673967
61,11,7.16816,0.0649312
61,12,7.17502,0.0601206
61,13,7.19069,0.0578244
61,14,7.1931,0.0538854
61,15,7.21899,0.0566632
61,16,7.20416,0.0552521
61,17,7.20184,0.052144
61,18,7.20532,0.0494458
61,19,7.20557,0.0469091
61,20,7.19434,0.0460104
61,21,7.20875,0.0461734
61,22,7.20628,0.044189
61,23,7.21885,0.0441341
61,24,7.22982,0.0437307
61,25,7.24096,0.0434672
61,26,7.23274,0.0426266
61,27,7.23553,0.0411706
61,28,7.23252,0.0398393
61,29,7.2232,0.0395999
61,30,7.22348,0.0383022
61,31,7.21455,0.0381449
61,32,7.22805,0.0393571
61,33,7.22016,0.0389887
61,34,7.22295,0.0379616
61,35,7.22434,0.0369181
61,36,7.22359,0.0359144
61,37,7.22716,0.0351384
61,38,7.21449,0.0364933
61,39,7.21576,0.0355919
61,40,7.22018,0.0349927
61,41,7.23118,0.0358791
61,42,7.23497,0.0352389
61,43,7.2308,0.0346804
61,44,7.23297,0.0339705
61,45,7.24018,0.0339969
61,46,7.23949,0.033273
61,47,7.24081,0.0325994
61,48,7.24101,0.0319277
61,49,7.25472,0.0341554
61,50,7.25483,0.0334792
61,51,7.2575,0.0329374
61,52,7.25446,0.032453
61,53,7.24805,0.0324848
61,54,7.2484,0.0318907
61,55,7.25386,0.031789
61,56,7.25847,0.0315637
61,57,7.2695,0.0329184
61,58,7.25932,0.0339175
61,59,7.25545,0.033572
61,60,7.25789,0.0331074
61,61,7.26072,0.0326917
61,62,7.26675,0.0327294
61,63,7.26124,0.0326825
61,64,7.26612,0.032543
61,65,7.26634,0.0320469
61,66,7.26338,0.0317033
61,67,7.26199,0.0312646
61,68,7.26,0.0308725
61,69,7.25898,0.0304454
61,70,7.26063,0.0300589
61,71,7.26648,0.0302114
61,72,7.26089,0.0303145
61,73,7.26012,0.0299119
61,74,7.2598,0.0295122
61,75,7.26147,0.0291689
61,76,7.26791,0.0294992
61,77,7.27347,0.0296447
61,78,7.2759,0.0293682
61,79,7.2737,0.0290821
61,80,7.27155,0.0288015
61,81,7.26999,0.0284905
61,82,7.27381,0.0284031
61,83,7.27083,0.028221
61,84,7.27393,0.0280588
61,85,7.27332,0.0277373
61,86,7.27101,0.0275142
61,87,7.2737,0.0273328
61,88,7.27355,0.0270243
61,89,7.27195,0.0267703
61,90,7.2734,0.0265141
61,91,7.27126,0.0263117
61,92,7.27395,0.0261665
61,93,7.27405,0.0258868
61,94,7.27483,0.0256248
61,95,7.27428,0.0253626
61,96,7.2751,0.0251133
61,97,7.27307,0.0249389
61,98,7.27366,0.0246927
61,99,7.27402,0.0244472
62,0,7.3337,0
62,1,7.38723,0.0535276
62,2,7.45779,0.0770332
62,3,7.27719,0.188637
62,4,7.28512,0.146333
62,5,7.27983,0.119597
62,6,7.33022,0.112942
62,7,7.30741,0.100435
62,8,7.29551,0.0893714
62,9,7.26626,0.0851208
62,10,7.26117,0.0771623
62,11,7.2494,0.0714158
62,12,7.25416,0.0658648
62,13,7.27042,0.0631098
62,14,7.26911,0.0587665
62,15,7.29535,0.0609125
62,16,7.27806,0.0597718
62,17,7.28344,0.0566091
62,18,7.28544,0.0535842
62,19,7.28383,0.0508599
62,20,7.27163,0.0498917
62,21,7.28416,0.0491927
62,22,7.28361,0.0470085
62,23,7.29356,0.0460952
62,24,7.30156,0.0449312
62,25,7.30929,0.0438548
62,26,7.30188,0.0428463
62,27,7.30741,0.0416567
62,28,7.3059,0.0402229
62,29,7.29893,0.0394795
62,30,7.29732,0.0382185
62,31,7.28759,0.0382638
62,32,7.30341,0.0403204
62,33,7.29488,0.0400356
62,34,7.29802,0.0390015
62,35,7.29936,0.0379265
62,36,7.29493,0.0371529
62,37,7.29912,0.0364038
62,38,7.28629,0.0377057
62,39,7.28678,0.0367542
62,40,7.28856,0.0358908
62,41,7.29641,0.0358941
62,42,7.29895,0.0351417
62,43,7.29331,0.0347938
62,44,7.29575,0.0340992
62,45,7.30216,0.03396
62,46,7.30073,0.0332603
62,47,7.30051,0.0325608
62,48,7.3024,0.031945
62,49,7.31491,0.0337077
62,50,7.31518,0.0330413
62,51,7.31804,0.032525
62,52,7.31625,0.0319556
62,53,7.30895,0.0321949
62,54,7.30874,0.0316048
62,55,7.31277,0.0312952
62,56,7.31731,0.0310755
62,57,7.32841,0.0324888
62,58,7.31646,0.0340961
62,59,7.31338,0.033664
62,60,7.31613,0.0332212
62,61,7.31726,0.0327007
62,62,7.32108,0.0324024
62,63,7.31317,0.032858
62,64,7.31799,0.0327068
62,65,7.31785,0.0322077
62,66,7.3162,0.0317662
62,67,7.31506,0.0313167
62,68,7.31346,0.0309006
62,69,7.3126,0.030468
62,70,7.31425,0.0300808
62,71,7.32041,0.0302933
62,72,7.31478,0.0304017
62,73,7.31602,0.0300139
62,74,7.31638,0.0296132
62,75,7.31852,0.0292988
62,76,7.32498,0.0296289
62,77,7.33072,0.0298044
62,78,7.33212,0.0294582
62,79,7.32972,0.0291865
62,80,7.32819,0.0288645
62,81,7.32678,0.0285451
62,82,7.32915,0.0282981
62,83,7.32633,0.0281004
62,84,7.32967,0.0279671
62,85,7.32943,0.027641
62,86,7.32736,0.0274003
62,87,7.33076,0.0273002
62,88,7.33009,0.0270001
62,89,7.32816,0.0267678
62,90,7.32927,0.0264951
62,91,7.32693,0.0263098
62,92,7.32931,0.0261338
62,93,7.32859,0.0258643
62,94,7.33007,0.0256336
62,95,7.3299,0.0253658
62,96,7.3303,0.0251062
62,97,7.32845,0.0249178
62,98,7.32941,0.0246836
62,99,7.32982,0.024439
63,0,7.43901,0
63,1,7.44859,0.0095892
63,2,7.49058,0.042349
63,3,7.3164,0.176733
63,4,7.31309,0.136937
63,5,7.32093,0.112083
63,6,7.35457,0.100522
63,7,7.33597,0.0890198
63,8,7.32126,0.079875
63,9,7.29902,0.0748241
63,10,7.28982,0.0683026
63,11,7.28712,0.06241
63,12,7.29339,0.0577507
63,13,7.31291,0.0569184
63,14,7.31252,0.0529896
63,15,7.34227,0.0578111
63,16,7.32503,0.0569751
63,17,7.3317,0.0541286
63,18,7.32845,0.0513032
63,19,7.32652,0.048709
63,20,7.31559,0.0476026
63,21,7.32866,0.0472309
63,22,7.32242,0.0455597
63,23,7.33489,0.0453684
63,24,7.34498,0.0446694
63,25,7.35209,0.0435026
63,26,7.34353,0.0427267
63,27,7.3492,0.0415605
63,28,7.34777,0.0401272
63,29,7.34141,0.0392858
63,30,7.33866,0.0380964
63,31,7.32456,0.0394909
63,32,7.33818,0.0406278
63,33,7.33092,0.0400784
63,34,7.33622,0.0392762
63,35,7.3372,0.0381822
63,36,7.33434,0.0372464
63,37,7.33707,0.0363561
63,38,7.32419,0.0376809
63,39,7.32611,0.0367765
63,40,7.32941,0.0360202
63,41,7.33642,0.0358442
63,42,7.34066,0.0352571
63,43,7.33526,0.0348671
63,44,7.33778,0.0341765
63,45,7.34516,0.0342302
63,46,7.34152,0.0336912
63,47,7.3391,0.0330706
63,48,7.3426,0.0325773
63,49,7.35597,0.034605
63,50,7.35679,0.0339296
63,51,7.36009,0.0334335
63,52,7.35908,0.0328121
63,53,7.35077,0.0332527
63,54,7.35065,0.0326427
63,55,7.35564,0.0324407
63,56,7.35888,0.0320308
63,57,7.36994,0.0333604
63,58,7.35976,0.0343325
63,59,7.35662,0.0339013
63,60,7.36058,0.0335753
63,61,7.36021,0.0330314
63,62,7.36298,0.0326206
63,63,7.35419,0.0332899
63,64,7.36049,0.0333751
63,65,7.36047,0.0328656
63,66,7.35883,0.0324126
63,67,7.35934,0.0319365
63,68,7.35799,0.0314995
63,69,7.35679,0.0310691
63,70,7.35861,0.0306821
63,71,7.36625,0.0312021
63,72,7.36042,0.0313183
63,73,7.36193,0.030929
63,74,7.36085,0.0305329
63,75,7.36391,0.0302831
63,76,7.37016,0.0305343
63,77,7.37509,0.0305407
63,78,7.37734,0.0302357
63,79,7.37389,0.0300544
63,80,7.37329,0.0296871
63,81,7.3716,0.0293719
63,82,7.37453,0.0291641
63,83,7.37112,0.0290165
63,84,7.37442,0.0288632
63,85,7.37547,0.0285446
63,86,7.37472,0.0282245
63,87,7.37945,0.0283002
63,88,7.37839,0.0280006
63,89,7.37717,0.0277146
63,90,7.37848,0.0274398
63,91,7.3751,0.027349
63,92,7.37756,0.0271646
63,93,7.37684,0.0268837
63,94,7.37798,0.0266239
63,95,7.3781,0.0263454
63,96,7.37865,0.0260783
63,97,7.37662,0.025891
63,98,7.37692,0.02563
63,99,7.37757,0.0253806
64,0,7.56512,0
64,1,7.56492,0.000206254
64,2,7.59552,0.0306062
64,3,7.38628,0.210362
64,4,7.38286,0.162981
64,5,7.37768,0.133174
64,6,7.42096,0.120588
64,7,7.40636,0.105447
64,8,7.38972,0.0944738
64,9,7.35883,0.0899695
64,10,7.34706,0.0822271
64,11,7.33818,0.0755855
64,12,7.34602,0.0699686
64,13,7.36958,0.0689292
64,14,7.37439,0.06435
64,15,7.40058,0.0656416
64,16,7.38437,0.0637539
64,17,7.39001,0.0603721
64,18,7.38681,0.0571959
64,19,7.38936,0.0543205
64,20,7.37718,0.0530847
64,21,7.38832,0.0518254
64,22,7.38091,0.0500716
64,23,7.3911,0.0490101
64,24,7.40364,0.0486519
64,25,7.40803,0.0469493
64,26,7.40179,0.0456057
64,27,7.40884,0.0445092
64,28,7.40797,0.0429559
64,29,7.4002,0.0422197
64,30,7.40004,0.0408354
64,31,7.38412,0.042626
64,32,7.39881,0.0438499
64,33,7.39134,0.0431919
64,34,7.39642,0.0422461
64,35,7.39563,0.0410635
64,36,7.39065,0.040247
64,37,7.39355,0.039281
64,38,7.38211,0.0399356
64,39,7.38309,0.0389366
64,40,7.3842,0.0379914
64,41,7.38985,0.0375034
64,42,7.39376,0.036829
64,43,7.38744,0.0365324
64,44,7.39185,0.0359824
64,45,7.39915,0.0359407
64,46,7.39636,0.035278
64,47,7.39415,0.0346056
64,48,7.39768,0.0340749
64,49,7.41097,0.0359345
64,50,7.40934,0.0352604
64,51,7.4145,0.0349581
64,52,7.41329,0.0343133
64,53,7.40393,0.0349481
64,54,7.40399,0.0343069
64,55,7.40959,0.03415
64,56,7.41171,0.0336123
64,57,7.4234,0.0350378
64,58,7.41309,0.0359507
64,59,7.41109,0.0354028
64,60,7.41562,0.0351109
64,61,7.4156,0.0345399
64,62,7.41881,0.0341388
64,63,7.40931,0.0349188
64,64,7.4151,0.0348619
64,65,7.4145,0.034335
64,66,7.41344,0.0338352
64,67,7.41425,0.0333436
64,68,7.41165,0.0329594
64,69,7.41095,0.0324926
64,70,7.41288,0.0320899
64,71,7.42145,0.0327815
64,72,7.41567,0.0328422
64,73,7.41753,0.0324487
64,74,7.41664,0.0320254
64,75,7.41824,0.0316414
64,76,7.42442,0.0318347
64,77,7.42979,0.0318791
64,78,7.43242,0.0315822
64,79,7.43019,0.0312639
64,80,7.42988,0.0308772
64,81,7.42823,0.0305426
64,82,7.43091,0.0302906
64,83,7.42697,0.0301852
64,84,7.42973,0.0299554
64,85,7.4297,0.029605
64,86,7.42811,0.0293062
64,87,7.4338,0.0295251
64,88,7.43167,0.0292688
64,89,7.43068,0.0289586
64,90,7.43258,0.0287015
64,91,7.42875,0.0286455
64,92,7.43273,0.0286146
64,93,7.43198,0.0283184
64,94,7.43325,0.0280476
64,95,7.43373,0.027758
64,96,7.4344,0.0274785
64,97,7.43244,0.0272673
64,98,7.4334,0.0270077
64,99,7.43372,0.0267382
65,0,7.51274,0
65,1,7.52745,0.0147067
65,2,7.57918,0.052426
65,3,7.39335,0.189492
65,4,7.3996,0.146913
65,5,7.38841,0.120475
65,6,7.43582,0.112319
65,7,7.43287,0.0973158
65,8,7.43141,0.0858369
65,9,7.40172,0.0823146
65,10,7.38965,0.0754293
65,11,7.37246,0.070971
65,12,7.3862,0.0667157
65,13,7.41173,0.0668352
65,14,7.42328,0.0632828
65,15,7.44916,0.0646056
65,16,7.4334,0.0626998
65,17,7.43897,0.0593755
65,18,7.43538,0.056278
65,19,7.44457,0.0541744
65,20,7.42965,0.0536448
65,21,7.44196,0.0526072
65,22,7.4357,0.0506552
65,23,7.4425,0.0489725
65,24,7.45448,0.0484754
65,25,7.45872,0.0467669
65,26,7.45087,0.0456823
65,27,7.45916,0.0447949
65,28,7.46003,0.0432314
65,29,7.45426,0.0421615
65,30,7.45683,0.0408593
65,31,7.44193,0.0422721
65,32,7.45426,0.0427852
65,33,7.44486,0.0425592
65,34,7.44889,0.0415213
65,35,7.44894,0.0403514
65,36,7.44528,0.0394154
65,37,7.44554,0.038365
65,38,7.43629,0.0384965
65,39,7.43639,0.0375219
65,40,7.43962,0.0367378
65,41,7.44534,0.0363051
65,42,7.44747,0.0355152
65,43,7.44287,0.0350029
65,44,7.44713,0.0344802
65,45,7.45233,0.0341216
65,46,7.45003,0.0334668
65,47,7.44945,0.0327674
65,48,7.45528,0.0326175
65,49,7.46806,0.0344202
65,50,7.46632,0.0337837
65,51,7.47389,0.033981
65,52,7.4734,0.0333372
65,53,7.4651,0.0337508
65,54,7.46574,0.0331377
65,55,7.4695,0.0327566
65,56,7.47043,0.0321903
65,57,7.48192,0.0336521
65,58,7.47155,0.0346649
65,59,7.46992,0.0341212
65,60,7.47502,0.0339438
65,61,7.47283,0.033464
65,62,7.47722,0.0332205
65,63,7.46828,0.0338969
65,64,7.47449,0.0339432
65,65,7.47465,0.0334253
65,66,7.47459,0.0329227
65,67,7.47617,0.0324737
65,68,7.47335,0.0321242
65,69,7.47236,0.0316772
65,70,7.47448,0.0312997
65,71,7.4833,0.0320969
65,72,7.4778,0.0321289
65,73,7.4794,0.0317323
65,74,7.47947,0.0313064
65,75,7.48114,0.0309367
65,76,7.48883,0.0314863
65,77,7.49473,0.0316345
65,78,7.49796,0.0313985
65,79,7.49611,0.0310592
65,80,7.49579,0.030675
65,81,7.49474,0.0303167
65,82,7.49746,0.0300727
65,83,7.49292,0.0300576
65,84,7.49691,0.0299689
65,85,7.49647,0.0296216
65,86,7.49465,0.0293356
65,87,7.49998,0.0294853
65,88,7.49733,0.0292719
65,89,7.49669,0.028952
65,90,7.49887,0.0287155
65,91,7.49469,0.0287081
65,92,7.4987,0.0286794
65,93,7.4974,0.0284024
65,94,7.49827,0.0281154
65,95,7.49857,0.0278226
65,96,7.4982,0.0275367
65,97,7.49561,0.0273772
65,98,7.49623,0.0271064
65,99,7.49691,0.0268428
66,0,7.64546,0
66,1,7.59837,0.0470845
66,2,7.6383,0.0483067
66,3,7.46353,0.178077
66,4,7.44106,0.139757
66,5,7.42651,0.115035
66,6,7.45998,0.102821
66,7,7.45962,0.089046
66,8,7.46683,0.0788608
66,9,7.44189,0.0748137
66,10,7.42467,0.069829
66,11,7.40875,0.0657024
66,12,7.42313,0.0621261
66,13,7.44117,0.0602786
66,14,7.45386,0.0575342
66,15,7.48339,0.0613883
66,16,7.46703,0.0599414
66,17,7.47003,0.0565931
66,18,7.4707,0.0535359
66,19,7.48524,0.0528289
66,20,7.47144,0.0521111
66,21,7.48799,0.0523707
66,22,7.47987,0.0506979
66,23,7.48693,0.049051
66,24,7.49488,0.0477155
66,25,7.49769,0.0459292
66,26,7.48941,0.044963
66,27,7.50023,0.0446582
66,28,7.49871,0.0431177
66,29,7.49409,0.0419113
66,30,7.49884,0.0408138
66,31,7.48534,0.041757
66,32,7.50094,0.0433729
66,33,7.49409,0.0426318
66,34,7.49703,0.0415002
66,35,7.49975,0.0404222
66,36,7.49705,0.0394066
66,37,7.49729,0.0383563
66,38,7.48677,0.0388135
66,39,7.48666,0.0378309
66,40,7.4913,0.0371871
66,41,7.49576,0.0365633
66,42,7.49768,0.0357544
66,43,7.49277,0.0352749
66,44,7.49613,0.0346457
66,45,7.50278,0.0345293
66,46,7.50164,0.0338058
66,47,7.50176,0.0330943
66,48,7.51027,0.0335098
66,49,7.52324,0.0353043
66,50,7.52166,0.0346414
66,51,7.52807,0.0345689
66,52,7.52581,0.0339858
66,53,7.51847,0.0341475
66,54,7.51953,0.0335374
66,55,7.52381,0.0332103
66,56,7.5247,0.0326346
66,57,7.53635,0.0341176
66,58,7.52603,0.0350857
66,59,7.52581,0.0344967
66,60,7.53106,0.0343308
66,61,7.52939,0.033814
66,62,7.53376,0.0335591
66,63,7.52405,0.0344275
66,64,7.53079,0.0345563
66,65,7.53039,0.0340311
66,66,7.53189,0.0335532
66,67,7.53368,0.0331041
66,68,7.53121,0.0327142
66,69,7.53212,0.0322566
66,70,7.53405,0.0318575
66,71,7.54326,0.0327335
66,72,7.53771,0.0327552
66,73,7.53887,0.0323303
66,74,7.53896,0.0318964
66,75,7.542,0.0316204
66,76,7.54933,0.032056
66,77,7.55481,0.0321133
66,78,7.55793,0.0318579
66,79,7.55567,0.0315386
66,80,7.55568,0.0311468
66,81,7.55394,0.0308139
66,82,7.55693,0.0305868
66,83,7.55257,0.0305333
66,84,7.55558,0.0303221
66,85,7.55512,0.0299711
66,86,7.55271,0.0297221
66,87,7.55773,0.0298077
66,88,7.5551,0.0295882
66,89,7.55468,0.0292605
66,90,7.55665,0.0290037
66,91,7.55271,0.028956
66,92,7.557,0.028963
66,93,7.55475,0.0287413
66,94,7.55564,0.0284509
66,95,7.55606,0.0281562
66,96,7.55623,0.0278649
66,97,7.5541,0.0276611
66,98,7.55487,0.027391
66,99,7.55628,0.0271526
67,0,7.70804,0
67,1,7.69614,0.0118986
67,2,7.70547,0.0115865
67,3,7.52772,0.17794
67,4,7.50538,0.13963
67,5,7.48868,0.115224
67,6,7.50933,0.0995483
67,7,7.51112,0.0862298
67,8,7.52921,0.0781687
67,9,7.51304,0.0717607
67,10,7.49271,0.0680201
67,11,7.47698,0.0640545
67,12,7.49254,0.0609408
67,13,7.50903,0.0587809
67,14,7.51829,0.0554998
67,15,7.54773,0.0596815
67,16,7.52946,0.0589608
67,17,7.53915,0.0564267
67,18,7.53926,0.0533744
67,19,7.54695,0.0512158
67,20,7.53946,0.0492873
67,21,7.5559,0.0497863
67,22,7.54342,0.0491838
67,23,7.55085,0.0476726
67,24,7.55815,0.046306
67,25,7.5638,0.0448464
67,26,7.55434,0.0441776
67,27,7.56432,0.0437241
67,28,7.56384,0.0421923
67,29,7.55535,0.0416362
67,30,7.55804,0.0403607
67,31,7.54393,0.0415489
67,32,7.55874,0.0429072
67,33,7.54925,0.0426936
67,34,7.55317,0.0416403
67,35,7.55202,0.0404834
67,36,7.55118,0.0393829
67,37,7.55262,0.0383594
67,38,7.5428,0.0386316
67,39,7.54213,0.0376595
67,40,7.54785,0.0371726
67,41,7.55176,0.0364873
67,42,7.55454,0.0357368
67,43,7.55079,0.0351158
67,44,7.55475,0.0345538
67,45,7.56048,0.0342774
67,46,7.5612,0.0335478
67,47,7.56151,0.0328429
67,48,7.56986,0.0332314
67,49,7.58369,0.0353764
67,50,7.58383,0.034676
67,51,7.59,0.0345576
67,52,7.58723,0.0340119
67,53,7.58007,0.0341355
67,54,7.58119,0.0335278
67,55,7.58466,0.0331056
67,56,7.58469,0.0325196
67,57,7.59654,0.0340821
67,58,7.58564,0.0352298
67,59,7.58576,0.0346379
67,60,7.59034,0.0343713
67,61,7.58926,0.0338295
67,62,7.59293,0.0334895
67,63,7.58377,0.0342116
67,64,7.58868,0.0340374
67,65,7.58745,0.0335403
67,66,7.58805,0.0330413
67,67,7.59061,0.0326526
67,68,7.58704,0.0323731
67,69,7.58869,0.0319497
67,70,7.59052,0.0315499
67,71,7.6008,0.0327627
67,72,7.59636,0.0326144
67,73,7.59761,0.0321947
67,74,7.59641,0.0317849
67,75,7.60029,0.0316021
67,76,7.60799,0.0321272
67,77,7.61327,0.0321487
67,78,7.61675,0.0319289
67,79,7.61552,0.0315511
67,80,7.61641,0.0311719
67,81,7.61394,0.0308887
67,82,7.61744,0.0307147
67,83,7.61392,0.0305505
67,84,7.61695,0.0303405
67,85,7.61726,0.0299872
67,86,7.61526,0.0297079
67,87,7.6197,0.0297031
67,88,7.6165,0.0295418
67,89,7.61641,0.0292118
67,90,7.6179,0.0289274
67,91,7.61375,0.0289114
67,92,7.61811,0.0289302
67,93,7.61687,0.0286478
67,94,7.61874,0.0284061
67,95,7.61778,0.0281252
67,96,7.61697,0.0278455
67,97,7.61447,0.0276725
67,98,7.61559,0.0274145
67,99,7.61801,0.0272465
68,0,7.78779,0
68,1,7.74056,0.0472279
68,2,7.74908,0.028569
68,3,7.55129,0.198827
68,4,7.51922,0.157313
68,5,7.51629,0.128479
68,6,7.53953,0.111045
68,7,7.55432,0.0972974
68,8,7.58617,0.0915281
68,9,7.57249,0.0829997
68,10,7.55779,0.0765018
68,11,7.54119,0.071783
68,12,7.55301,0.0670805
68,13,7.56982,0.0643392
68,14,7.57569,0.0601832
68,15,7.60282,0.062493
68,16,7.57813,0.0636819
68,17,7.58378,0.0603048
68,18,7.58682,0.0571239
68,19,7.59386,0.054648
68,20,7.58774,0.0523403
68,21,7.60163,0.0518012
68,22,7.58986,0.0508786
68,23,7.59443,0.0489265
68,24,7.60386,0.0478665
68,25,7.61069,0.0464943
68,26,7.59841,0.0463946
68,27,7.60968,0.0461047
68,28,7.60865,0.0444984
68,29,7.60396,0.0432448
68,30,7.60854,0.0420774
68,31,7.59392,0.0432865
68,32,7.60925,0.0446674
68,33,7.5971,0.0450042
68,34,7.6011,0.0438814
68,35,7.60206,0.0426561
68,36,7.59915,0.0415897
68,37,7.6001,0.0404917
68,38,7.59081,0.0405195
68,39,7.59076,0.0394936
68,40,7.59626,0.0389101
68,41,7.59908,0.0380769
68,42,7.6035,0.0374423
68,43,7.59922,0.0368314
68,44,7.60268,0.0361695
68,45,7.60824,0.0358096
68,46,7.60964,0.0350672
68,47,7.61168,0.0343898
68,48,7.61919,0.0345073
68,49,7.63211,0.0361957
68,50,7.63381,0.0355195
68,51,7.63903,0.0352181
68,52,7.63584,0.0346942
68,53,7.62716,0.0351346
68,54,7.62734,0.0344904
68,55,7.63054,0.0340198
68,56,7.63196,0.0334477
68,57,7.64415,0.0350526
68,58,7.63362,0.0360275
68,59,7.63534,0.0354637
68,60,7.64139,0.0353992
68,61,7.63979,0.0348604
68,62,7.64393,0.0345513
68,63,7.63425,0.035359
68,64,7.63744,0.0349571
68,65,7.63679,0.0344294
68,66,7.63753,0.0339196
68,67,7.64163,0.0336679
68,68,7.63811,0.033362
68,69,7.63823,0.0328822
68,70,7.63985,0.0324562
68,71,7.65087,0.0338467
68,72,7.64646,0.0336692
68,73,7.64755,0.0332287
68,74,7.64666,0.0327948
68,75,7.65114,0.0326702
68,76,7.65787,0.0329369
68,77,7.6625,0.0328401
68,78,7.66631,0.0326444
68,79,7.66567,0.03224
68,80,7.66706,0.0318696
68,81,7.66406,0.0316215
68,82,7.66873,0.0315861
68,83,7.66596,0.0313305
68,84,7.66856,0.031069
68,85,7.66759,0.030721
68,86,7.66606,0.0304047
68,87,7.67082,0.0304326
68,88,7.66845,0.0301818
68,89,7.66842,0.0298446
68,90,7.66988,0.0295509
68,91,7.66641,0.0294335
68,92,7.6708,0.0294454
68,93,7.66963,0.0291541
68,94,7.67156,0.0289101
68,95,7.67182,0.0286085
68,96,7.67072,0.0283332
68,97,7.66768,0.0282074
68,98,7.66922,0.0279634
68,99,7.67316,0.0279612
69,0,7.8151,0
69,1,7.78373,0.0313677
69,2,7.77286,0.0211246
69,3,7.54837,0.224981
69,4,7.5417,0.174397
69,5,7.55963,0.143518
69,6,7.57596,0.122391
69,7,7.58909,0.106803
69,8,7.63613,0.105284
69,9,7.62092,0.0953885
69,10,7.61615,0.0864138
69,11,7.59394,0.081952
69,12,7.61033,0.0771457
69,13,7.62721,0.0733918
69,14,7.63631,0.0689276
69,15,7.66254,0.0696039
69,16,7.63823,0.0697552
69,17,7.64375,0.0659972
69,18,7.65191,0.0629585
69,19,7.65587,0.0598591
69,20,7.6474,0.0575639
69,21,7.66188,0.0567619
69,22,7.6499,0.0555454
69,23,7.65793,0.0537837
69,24,7.6691,0.0527822
69,25,7.67865,0.0516039
69,26,7.66796,0.0507947
69,27,7.67511,0.0494667
69,28,7.67279,0.0477866
69,29,7.6682,0.046394
69,30,7.67266,0.0450939
69,31,7.65577,0.0468174
69,32,7.67048,0.0477022
69,33,7.65793,0.0479485
69,34,7.66222,0.0467556
69,35,7.66478,0.0455104
69,36,7.66087,0.0444358
69,37,7.66037,0.0432535
69,38,7.64976,0.0434461
69,39,7.64549,0.0425604
69,40,7.65237,0.0420753
69,41,7.65519,0.0411581
69,42,7.65833,0.0403118
69,43,7.65548,0.0394881
69,44,7.65764,0.038661
69,45,7.66343,0.0382529
69,46,7.66478,0.0374544
69,47,7.66691,0.0367277
69,48,7.674,0.036662
69,49,7.68461,0.0374546
69,50,7.68757,0.0368318
69,51,7.69334,0.0365747
69,52,7.68925,0.0361099
69,53,7.68086,0.0364152
69,54,7.68048,0.035749
69,55,7.68148,0.0351191
69,56,7.68244,0.034511
69,57,7.69509,0.0361927
69,58,7.68378,0.0373304
69,59,7.68634,0.0367921
69,60,7.69318,0.0368263
69,61,7.69352,0.036229
69,62,7.69606,0.0357399
69,63,7.68501,0.0368724
69,64,7.68774,0.036403
69,65,7.68672,0.0358616
69,66,7.68706,0.0353239
69,67,7.69048,0.0349687
69,68,7.68656,0.0346814
69,69,7.68807,0.0342157
69,70,7.69005,0.0337887
69,71,7.70051,0.0349201
69,72,7.69535,0.0348237
69,73,7.697,0.0343895
69,74,7.69626,0.0339359
69,75,7.70205,0.0339836
69,76,7.70753,0.0339841
69,77,7.71193,0.0338322
69,78,7.71509,0.0335509
69,79,7.71467,0.0331315
69,80,7.71756,0.0328474
69,81,7.71631,0.0324685
69,82,7.72159,0.0325065
69,83,7.71918,0.0322075
69,84,7.72195,0.031947
69,85,7.72163,0.031575
69,86,7.72052,0.0312294
69,87,7.72507,0.0312059
69,88,7.72277,0.0309392
69,89,7.72286,0.0305936
69,90,7.72334,0.0302594
69,91,7.72039,0.0300742
69,92,7.72481,0.0300765
69,93,7.72334,0.0297912
69,94,7.7251,0.0295283
69,95,7.72525,0.0292195
69,96,7.72441,0.0289289
69,97,7.72191,0.0287414
69,98,7.72355,0.0284966
69,99,7.72724,0.0284515
70,0,7.83162,0
70,1,7.83174,0.000125097
70,2,7.81502,0.0167183
70,3,7.60813,0.207234
70,4,7.59645,0.160947
70,5,7.60907,0.132017
70,6,7.63207,0.113921
70,7,7.6469,0.0997664
70,8,7.68833,0.0972505
70,9,7.6811,0.087283
70,10,7.67242,0.0794261
70,11,7.65328,0.0749904
70,12,7.66964,0.0708945
70,13,7.68231,0.0668469
70,14,7.69464,0.0634416
70,15,7.72052,0.064742
70,16,7.69788,0.0648911
70,17,7.70265,0.0613654
70,18,7.7115,0.058716
70,19,7.71256,0.055713
70,20,7.70179,0.0540755
70,21,7.71935,0.0544667
70,22,7.7079,0.0532894
70,23,7.7187,0.0521512
70,24,7.72771,0.0508262
70,25,7.73724,0.0497536
70,26,7.72785,0.0487883
70,27,7.7303,0.0470773
70,28,7.72964,0.0454297
70,29,7.72566,0.0440688
70,30,7.72866,0.0427286
70,31,7.71124,0.0448885
70,32,7.72522,0.045699
70,33,7.71491,0.0455183
70,34,7.71911,0.0443981
70,35,7.72113,0.0431944
70,36,7.71955,0.0420405
70,37,7.72113,0.0409497
70,38,7.71023,0.0413498
70,39,7.70647,0.0404778
70,40,7.71171,0.0398248
70,41,7.71495,0.0390001
70,42,7.71771,0.0381823
70,43,7.71181,0.0377684
70,44,7.71444,0.0370131
70,45,7.71914,0.0365032
70,46,7.72016,0.0357326
70,47,7.72257,0.0350636
70,48,7.7291,0.0349558
70,49,7.74044,0.0360784
70,50,7.74399,0.035541
70,51,7.7487,0.0351681
70,52,7.7461,0.0345962
70,53,7.73782,0.0349448
70,54,7.73711,0.0343109
70,55,7.73866,0.0337283
70,56,7.74,0.0331585
70,57,7.75189,0.0346819
70,58,7.73941,0.0363
70,59,7.74301,0.0358711
70,60,7.74847,0.0356971
70,61,7.74909,0.0351221
70,62,7.75087,0.0346061
70,63,7.73999,0.0357557
70,64,7.74329,0.0353549
70,65,7.7416,0.0348558
70,66,7.74262,0.0343467
70,67,7.74636,0.0340448
70,68,7.74304,0.033712
70,69,7.74354,0.0332306
70,70,7.74593,0.0328464
70,71,7.75583,0.0338667
70,72,7.75129,0.0337067
70,73,7.75355,0.0333246
70,74,7.75247,0.032895
70,75,7.7582,0.032962
70,76,7.76399,0.0330423
70,77,7.76899,0.0329965
70,78,7.77191,0.0327064
70,79,7.77129,0.0323009
70,80,7.77296,0.0319435
70,81,7.7716,0.0315808
70,82,7.77642,0.031568
70,83,7.77457,0.031245
70,84,7.77689,0.0309624
70,85,7.77639,0.0306043
70,86,7.77507,0.0302791
70,87,7.77962,0.0302763
70,88,7.77649,0.0300973
70,89,7.77762,0.0297824
70,90,7.77825,0.02946
70,91,7.77693,0.0291678
70,92,7.78101,0.0291397
70,93,7.7794,0.0288732
70,94,7.78008,0.0285757
70,95,7.78064,0.0282821
70,96,7.78026,0.0279917
70,97,7.77791,0.0278039
70,98,7.77952,0.0275687
70,99,7.78379,0.0276232
71,0,7.92775,0
71,1,7.84961,0.0781448
71,2,7.82873,0.0497126
71,3,7.63527,0.196633
71,4,7.64772,0.152819
71,5,7.65962,0.125342
71,6,7.67779,0.107481
71,7,7.68601,0.0934437
71,8,7.73206,0.0944036
71,9,7.73202,0.0844371
71,10,7.72115,0.0771459
71,11,7.70021,0.0734695
71,12,7.7248,0.0719154
71,13,7.74026,0.0683516
71,14,7.75355,0.0650064
71,15,7.77797,0.065526
71,16,7.75923,0.0643401
71,17,7.7655,0.0609833
71,18,7.77965,0.0593963
71,19,7.78113,0.0563675
71,20,7.76935,0.0548944
71,21,7.78413,0.0543878
71,22,7.77596,0.0526083
71,23,7.78653,0.0514663
71,24,7.79508,0.0500991
71,25,7.80288,0.0487613
71,26,7.79573,0.0474621
71,27,7.79675,0.045747
71,28,7.7939,0.0442333
71,29,7.78446,0.0437634
71,30,7.78767,0.0424496
71,31,7.76808,0.04553
71,32,7.78425,0.046996
71,33,7.7731,0.0469362
71,34,7.77878,0.0459279
71,35,7.77919,0.0446358
71,36,7.77913,0.0434127
71,37,7.78138,0.0423149
71,38,7.77085,0.0425413
71,39,7.76602,0.0417443
71,40,7.772,0.0411512
71,41,7.77371,0.0401955
71,42,7.7772,0.0394047
71,43,7.76983,0.0391977
71,44,7.77317,0.0384616
71,45,7.7785,0.037992
71,46,7.7795,0.0371886
71,47,7.78148,0.0364592
71,48,7.78843,0.0363771
71,49,7.79982,0.0374181
71,50,7.80218,0.036753
71,51,7.80739,0.0364135
71,52,7.8029,0.0360002
71,53,7.79517,0.0361634
71,54,7.79469,0.035503
71,55,7.79635,0.0349026
71,56,7.79687,0.0342888
71,57,7.80643,0.0350212
71,58,7.7945,0.0364308
71,59,7.798,0.0359895
71,60,7.80432,0.035954
71,61,7.80551,0.0353893
71,62,7.80637,0.0348338
71,63,7.79576,0.035891
71,64,7.79892,0.0354754
71,65,7.79823,0.0349405
71,66,7.7978,0.0344178
71,67,7.80056,0.03402
71,68,7.79716,0.0336955
71,69,7.79624,0.0332233
71,70,7.79785,0.0327916
71,71,7.80875,0.0341196
71,72,7.80423,0.0339503
71,73,7.80801,0.0337003
71,74,7.80663,0.0332762
71,75,7.81129,0.0331635
71,76,7.81746,0.0333064
71,77,7.8228,0.0333089
71,78,7.82546,0.0329912
71,79,7.82457,0.0325883
71,80,7.8254,0.0321941
71,81,7.8244,0.0318148
71,82,7.82914,0.0317848
71,83,7.82691,0.0314832
71,84,7.82973,0.0312378
71,85,7.82881,0.030886
71,86,7.82742,0.0305606
71,87,7.83259,0.0306501
71,88,7.82937,0.030474
71,89,7.83019,0.0301445
71,90,7.8307,0.0298158
71,91,7.83002,0.0294977
71,92,7.83339,0.0293734
71,93,7.83176,0.029105
71,94,7.83269,0.0288121
71,95,7.83318,0.0285145
71,96,7.83207,0.0282409
71,97,7.82999,0.0280281
71,98,7.8309,0.0277583
71,99,7.83576,0.0279069
72,0,8.09106,0
72,1,7.92162,0.169447
72,2,7.89156,0.102344
72,3,7.6841,0.219721
72,4,7.69681,0.170669
72,5,7.71979,0.141234
72,6,7.72509,0.119482
72,7,7.73816,0.104296
72,8,7.78303,0.102341
72,9,7.785,0.0915577
72,10,7.7736,0.083599
72,11,7.74939,0.0800612
72,12,7.77435,0.0777584
72,13,7.78772,0.0732224
72,14,7.80124,0.069494
72,15,7.82861,0.070531
72,16,7.81288,0.0680926
72,17,7.82163,0.0647918
72,18,7.83476,0.0626761
72,19,7.83647,0.0594845
72,20,7.82085,0.0586982
72,21,7.83651,0.0581168
72,22,7.8307,0.0558356
72,23,7.8378,0.0539272
72,24,7.84827,0.0527758
72,25,7.85892,0.0518104
72,26,7.85333,0.0501663
72,27,7.85883,0.0486527
72,28,7.85779,0.0469566
72,29,7.8483,0.0463453
72,30,7.85117,0.0449168
72,31,7.83315,0.0470753
72,32,7.84916,0.0483541
72,33,7.84013,0.0477716
72,34,7.84817,0.047078
72,35,7.84868,0.0457544
72,36,7.84891,0.0445012
72,37,7.85117,0.0433735
72,38,7.84017,0.0436547
72,39,7.83337,0.043089
72,40,7.84172,0.0428458
72,41,7.84268,0.0418243
72,42,7.8435,0.0408482
72,43,7.83405,0.0410124
72,44,7.83749,0.0402385
72,45,7.84167,0.0395747
72,46,7.84249,0.0387321
72,47,7.8443,0.03796
72,48,7.85177,0.0379203
72,49,7.86433,0.0392188
72,50,7.86682,0.0385229
72,51,7.87229,0.0381688
72,52,7.86785,0.0377037
72,53,7.85927,0.0379827
72,54,7.85622,0.0374096
72,55,7.85637,0.0367358
72,56,7.85818,0.0361304
72,57,7.86939,0.0372316
72,58,7.85826,0.0382497
72,59,7.865,0.0382061
72,60,7.87159,0.0381482
72,61,7.87278,0.0375466
72,62,7.87245,0.0369473
72,63,7.86067,0.0382255
72,64,7.8619,0.0376526
72,65,7.86059,0.0371007
72,66,7.85895,0.0365794
72,67,7.86167,0.03614
72,68,7.85813,0.0357887
72,69,7.85805,0.0352738
72,70,7.85913,0.0347902
72,71,7.86905,0.0357083
72,72,7.86485,0.0354651
72,73,7.86885,0.0352108
72,74,7.86686,0.034795
72,75,7.87175,0.0346804
72,76,7.87769,0.0347378
72,77,7.88337,0.0347568
72,78,7.88465,0.034338
72,79,7.88242,0.0339796
72,80,7.88353,0.033576
72,81,7.88226,0.0331882
72,82,7.88636,0.0330411
72,83,7.88446,0.0327007
72,84,7.88707,0.0324184
72,85,7.88593,0.0320594
72,86,7.88584,0.0316888
72,87,7.89044,0.0316629
72,88,7.88722,0.031471
72,89,7.8877,0.0311231
72,90,7.88681,0.0307919
72,91,7.88624,0.0304607
72,92,7.88973,0.0303324
72,93,7.8884,0.0300374
72,94,7.88874,0.0297214
72,95,7.88839,0.0294123
72,96,7.88668,0.0291576
72,97,7.88418,0.0289668
72,98,7.88484,0.0286802
72,99,7.88909,0.0287087
73,0,8.18146,0
73,1,7.98818,0.193275
73,2,7.97387,0.112501
73,3,7.75634,0.231625
73,4,7.76981,0.179921
73,5,7.79278,0.14869
73,6,7.80162,0.125976
73,7,7.80546,0.109166
73,8,7.85647,0.108951
73,9,7.86182,0.0975959
73,10,7.82967,0.0939519
73,11,7.8047,0.0893261
73,12,7.82627,0.0849514
73,13,7.84531,0.0809224
73,14,7.85905,0.0765762
73,15,7.8876,0.0771124
73,16,7.8716,0.0741798
73,17,7.87679,0.0701291
73,18,7.88342,0.0666662
73,19,7.8844,0.0632527
73,20,7.86964,0.0619508
73,21,7.89039,0.0626092
73,22,7.88164,0.0604622
73,23,7.88935,0.0583988
73,24,7.90225,0.057482
73,25,7.91322,0.0563051
73,26,7.90631,0.0546183
73,27,7.91235,0.0529764
73,28,7.90975,0.0511829
73,29,7.90011,0.0503792
73,30,7.90434,0.0489102
73,31,7.88935,0.0496707
73,32,7.907,0.0512729
73,33,7.89792,0.050564
73,34,7.9053,0.0496497
73,35,7.90568,0.0482524
73,36,7.90551,0.0469305
73,37,7.90845,0.0457735
73,38,7.8985,0.0456822
73,39,7.89089,0.0451709
73,40,7.90277,0.0456291
73,41,7.90135,0.0445523
73,42,7.90222,0.0435126
73,43,7.89232,0.0436482
73,44,7.89539,0.042777
73,45,7.90091,0.0421994
73,46,7.90091,0.0412918
73,47,7.90239,0.0404492
73,48,7.91145,0.0406388
73,49,7.92409,0.041775
73,50,7.92792,0.0411266
73,51,7.93365,0.0407328
73,52,7.92775,0.0403899
73,53,7.92005,0.0403765
73,54,7.91588,0.0398542
73,55,7.91738,0.0391649
73,56,7.91942,0.0385258
73,57,7.93243,0.0400292
73,58,7.92106,0.0409549
73,59,7.92802,0.0408637
73,60,7.93575,0.0409238
73,61,7.93608,0.0402597
73,62,7.93455,0.039645
73,63,7.92153,0.0411353
73,64,7.92308,0.0405273
73,65,7.9229,0.0399089
73,66,7.92335,0.0393113
73,67,7.92622,0.0388356
73,68,7.92266,0.0384342
73,69,7.92161,0.0378957
73,70,7.92301,0.0373844
73,71,7.93317,0.0382355
73,72,7.92748,0.0381344
73,73,7.92994,0.0376956
73,74,7.92786,0.0372472
73,75,7.93228,0.0370185
73,76,7.93873,0.0370988
73,77,7.94431,0.0370434
73,78,7.94571,0.036598
73,79,7.94284,0.0362511
73,80,7.94512,0.0358731
73,81,7.9441,0.0354476
73,82,7.94829,0.0352684
73,83,7.94737,0.0348583
73,84,7.94936,0.0345031
73,85,7.94807,0.0341239
73,86,7.94818,0.0337296
73,87,7.95227,0.0335941
73,88,7.94973,0.0333116
73,89,7.95092,0.0329609
73,90,7.94931,0.0326364
73,91,7.94891,0.0322823
73,92,7.95276,0.032165
73,93,7.95221,0.0318258
73,94,7.9525,0.0314904
73,95,7.95295,0.031164
73,96,7.95183,0.0308614
73,97,7.94966,0.0306218
73,98,7.95031,0.0303178
73,99,7.95395,0.0302331
74,0,8.21822,0
74,1,7.99153,0.226692
74,2,7.98769,0.130937
74,3,7.79213,0.216371
74,4,7.79728,0.16768
74,5,7.82142,0.139021
74,6,7.84479,0.119796
74,7,7.84991,0.103873
74,8,7.88322,0.0974766
74,9,7.89518,0.0880012
74,10,7.86912,0.0837565
74,11,7.83643,0.0831521
74,12,7.8618,0.0805844
74,13,7.87936,0.076646
74,14,7.90089,0.07453
74,15,7.93231,0.0764713
74,16,7.91783,0.0732778
74,17,7.92217,0.069223
74,18,7.92816,0.0657519
74,19,7.9318,0.0624838
74,20,7.91509,0.0617379
74,21,7.93454,0.0619968
74,22,7.92671,0.059755
74,23,7.93541,0.0578682
74,24,7.95043,0.0575021
74,25,7.96397,0.0568804
74,26,7.95707,0.0551664
74,27,7.96555,0.0538326
74,28,7.965,0.0519461
74,29,7.95424,0.0513252
74,30,7.96127,0.0501367
74,31,7.94967,0.0499107
74,32,7.9704,0.0526304
74,33,7.96024,0.0520598
74,34,7.96593,0.0508695
74,35,7.96644,0.0494389
74,36,7.96599,0.0480864
74,37,7.96759,0.0468312
74,38,7.95627,0.0469992
74,39,7.94934,0.0463299
74,40,7.96083,0.0466235
74,41,7.96083,0.0454999
74,42,7.96097,0.0444294
74,43,7.95017,0.0447307
74,44,7.9533,0.0438374
74,45,7.9598,0.0433643
74,46,7.95905,0.0424383
74,47,7.95965,0.041549
74,48,7.96934,0.0418285
74,49,7.98129,0.0426923
74,50,7.98336,0.0418976
74,51,7.98906,0.0414784
74,52,7.98077,0.0415251
74,53,7.97184,0.0417159
74,54,7.96643,0.0413058
74,55,7.96939,0.040669
74,56,7.96889,0.0399522
74,57,7.98449,0.0422453
74,58,7.97283,0.0431296
74,59,7.97882,0.0428252
74,60,7.98715,0.0429338
74,61,7.98729,0.0422359
74,62,7.98656,0.0415666
74,63,7.97344,0.0429642
74,64,7.97436,0.042308
74,65,7.9751,0.0416687
74,66,7.97454,0.0410459
74,67,7.97789,0.0405766
74,68,7.9756,0.0400496
74,69,7.97509,0.0394767
74,70,7.97624,0.0389337
74,71,7.98649,0.0397341
74,72,7.98144,0.0395097
74,73,7.98291,0.039
74,74,7.98183,0.0384918
74,75,7.98641,0.0382567
74,76,7.9932,0.0383634
74,77,7.99856,0.0382462
74,78,7.99996,0.0377848
74,79,7.99757,0.0373865
74,80,7.99882,0.0369432
74,81,7.99752,0.0365131
74,82,8.00252,0.0364154
74,83,8.00095,0.0360134
74,84,8.00107,0.0355874
74,85,7.99901,0.0352315
74,86,7.99814,0.034835
74,87,8.00211,0.0346643
74,88,7.99949,0.0343723
74,89,8.00079,0.0340133
74,90,7.99997,0.0336477
74,91,7.99884,0.0332988
74,92,8.00399,0.0333377
74,93,8.0031,0.032993
74,94,8.0036,0.0326477
74,95,8.0039,0.0323072
74,96,8.00241,0.0320069
74,97,7.99926,0.031835
74,98,7.99938,0.0315121
74,99,8.00202,0.0313068
75,0,8.3384,0
75,1,8.12375,0.214654
75,2,8.09648,0.126895
75,3,7.86142,0.251608
75,4,7.88396,0.196195
75,5,7.89739,0.160754
75,6,7.9205,0.137814
75,7,7.92676,0.119514
75,8,7.96439,0.111918
75,9,7.9741,0.100572
75,10,7.93901,0.0975043
75,11,7.89401,0.0997395
75,12,7.92468,0.0967395
75,13,7.93904,0.0907061
75,14,7.96462,0.088232
75,15,7.998,0.0890306
75,16,7.97927,0.0857031
75,17,7.98103,0.0808208
75,18,7.98874,0.0768365
75,19,7.9918,0.072958
75,20,7.97401,0.0716427
75,21,7.99825,0.0724834
75,22,7.98624,0.0702943
75,23,7.99747,0.0682322
75,24,8.01376,0.067443
75,25,8.02629,0.0659977
75,26,8.01657,0.0642454
75,27,8.02556,0.0625569
75,28,8.02841,0.0604286
75,29,8.01501,0.0598988
75,30,8.02126,0.0582708
75,31,8.00664,0.0582828
75,32,8.02697,0.0600369
75,33,8.0184,0.0588722
75,34,8.02521,0.0575696
75,35,8.02512,0.0559477
75,36,8.02353,0.0544377
75,37,8.02343,0.0529858
75,38,8.01269,0.0527141
75,39,8.00824,0.0515721
75,40,8.01975,0.0515993
75,41,8.01707,0.0504272
75,42,8.01635,0.0492457
75,43,8.00718,0.0489793
75,44,8.01079,0.0480146
75,45,8.01756,0.0474452
75,46,8.0171,0.046427
75,47,8.01993,0.0455376
75,48,8.02983,0.0456842
75,49,8.04193,0.0463674
75,50,8.04532,0.0455756
75,51,8.05024,0.0449601
75,52,8.04323,0.0446576
75,53,8.03137,0.0453996
75,54,8.02656,0.0448246
75,55,8.02806,0.0440421
75,56,8.02865,0.0432667
75,57,8.04317,0.0449252
75,58,8.03199,0.0455506
75,59,8.03817,0.0452085
75,60,8.04605,0.045154
75,61,8.04723,0.0444355
75,62,8.04761,0.0437262
75,63,8.03489,0.0448774
75,64,8.03718,0.0442408
75,65,8.03784,0.0435703
75,66,8.03728,0.0429188
75,67,8.04055,0.0424096
75,68,8.03856,0.0418376
75,69,8.03621,0.0413027
75,70,8.0369,0.0407225
75,71,8.049,0.0419382
75,72,8.04481,0.0415712
75,73,8.04582,0.0410178
75,74,8.04637,0.040471
75,75,8.0514,0.0402503
75,76,8.05733,0.0401646
75,77,8.06202,0.0399233
75,78,8.06142,0.0394193
75,79,8.05966,0.0389636
75,80,8.05998,0.038481
75,81,8.05889,0.0380245
75,82,8.06348,0.0378426
75,83,8.06279,0.0373957
75,84,8.06298,0.0369536
75,85,8.06141,0.0365552
75,86,8.06053,0.0361433
75,87,8.06452,0.0359525
75,88,8.06107,0.0357136
75,89,8.0628,0.035357
75,90,8.06161,0.0349865
75,91,8.05981,0.0346509
75,92,8.06542,0.0347327
75,93,8.06466,0.0343698
75,94,8.06399,0.0340127
75,95,8.06395,0.0336565
75,96,8.06257,0.0333364
75,97,8.05885,0.0332038
75,98,8.05957,0.0328746
75,99,8.06156,0.032605
76,0,8.27706,0
76,1,8.18248,0.0945756
76,2,8.15446,0.0613744
76,3,7.90683,0.251401
76,4,7.93566,0.196856
76,5,7.95259,0.161621
76,6,7.97004,0.137706
76,7,7.96449,0.119385
76,8,8.00141,0.111572
76,9,8.00702,0.0999504
76,10,7.97258,0.0967453
76,11,7.92799,0.0989326
76,12,7.96337,0.0976393
76,13,7.98252,0.0924019
76,14,8.00395,0.0886513
76,15,8.04311,0.0917088
76,16,8.03326,0.0867068
76,17,8.03803,0.0818871
76,18,8.04813,0.0781127
76,19,8.04993,0.0741261
76,20,8.03129,0.0729312
76,21,8.05271,0.0727637
76,22,8.03918,0.0708323
76,23,8.05297,0.0692036
76,24,8.06954,0.068416
76,25,8.08139,0.0667902
76,26,8.07187,0.0649702
76,27,8.07817,0.0629239
76,28,8.08058,0.0607628
76,29,8.06796,0.0600436
76,30,8.07541,0.058551
76,31,8.06283,0.0580707
76,32,8.08408,0.0601592
76,33,8.07546,0.0589956
76,34,8.08507,0.0580857
76,35,8.08464,0.0564508
76,36,8.08442,0.0549043
76,37,8.08394,0.053442
76,38,8.07431,0.0529375
76,39,8.06796,0.0519868
76,40,8.07936,0.0519695
76,41,8.07643,0.0508017
76,42,8.07663,0.0496066
76,43,8.06787,0.0492514
76,44,8.0715,0.0482812
76,45,8.08029,0.0480308
76,46,8.07877,0.0470224
76,47,8.08221,0.0461603
76,48,8.0913,0.0461136
76,49,8.10211,0.0464579
76,50,8.10601,0.0457048
76,51,8.11042,0.0450334
76,52,8.10376,0.0446744
76,53,8.09269,0.0452154
76,54,8.08696,0.0447546
76,55,8.08809,0.0439627
76,56,8.08837,0.0431855
76,57,8.10274,0.0448003
76,58,8.09164,0.0454111
76,59,8.09705,0.0449735
76,60,8.10541,0.0450143
76,61,8.10784,0.0443487
76,62,8.1076,0.0436397
76,63,8.09379,0.0451183
76,64,8.09519,0.0444409
76,65,8.09474,0.0437648
76,66,8.09295,0.0431437
76,67,8.09559,0.0425868
76,68,8.09423,0.041987
76,69,8.09201,0.0414426
76,70,8.09269,0.0408605
76,71,8.10497,0.0421183
76,72,8.09983,0.041855
76,73,8.09983,0.0412855
76,74,8.10136,0.0407602
76,75,8.10473,0.0403607
76,76,8.11051,0.0402513
76,77,8.11521,0.040008
76,78,8.11496,0.0394991
76,79,8.11304,0.0390496
76,80,8.11405,0.0385777
76,81,8.11358,0.0381072
76,82,8.11749,0.0378478
76,83,8.11651,0.0374073
76,84,8.11672,0.0369652
76,85,8.1153,0.0365605
76,86,8.11337,0.0361892
76,87,8.11616,0.035884
76,88,8.11255,0.0356624
76,89,8.11349,0.0352767
76,90,8.11381,0.0348883
76,91,8.11243,0.0345346
76,92,8.11818,0.0346426
76,93,8.11782,0.034274
76,94,8.11632,0.0339446
76,95,8.11661,0.0335904
76,96,8.11571,0.0332546
76,97,8.11158,0.0331713
76,98,8.11265,0.032852
76,99,8.1128,0.0325222
77,0,8.25292,0
77,1,8.17381,0.079103
77,2,8.17095,0.0457596
77,3,7.91709,0.255923
77,4,7.96229,0.203326
77,5,7.98583,0.167675
77,6,8.00998,0.143756
77,7,8.00165,0.124775
77,8,8.04227,0.117299
77,9,8.04118,0.104921
77,10,8.01881,0.0975047
77,11,7.97902,0.0974991
77,12,8.0014,0.0924376
77,13,8.02469,0.0886912
77,14,8.04753,0.0856686
77,15,8.08231,0.0873586
77,16,8.07033,0.0829299
77,17,8.07688,0.0784613
77,18,8.08886,0.0751778
77,19,8.08771,0.0713291
77,20,8.07249,0.0695348
77,21,8.08961,0.068474
77,22,8.07691,0.0666499
77,23,8.09392,0.0660409
77,24,8.1098,0.0653047
77,25,8.12034,0.0636212
77,26,8.11141,0.0618675
77,27,8.11962,0.0601804
77,28,8.12289,0.05816
77,29,8.11179,0.0572732
77,30,8.11993,0.055989
77,31,8.10817,0.0554709
77,32,8.12936,0.0577878
77,33,8.12172,0.056581
77,34,8.13294,0.0560753
77,35,8.13136,0.0545182
77,36,8.12903,0.0530758
77,37,8.12862,0.0516618
77,38,8.12032,0.0509998
77,39,8.11247,0.0503243
77,40,8.12543,0.0507638
77,41,8.12211,0.0496518
77,42,8.12215,0.0484834
77,43,8.11324,0.0481994
77,44,8.11743,0.0473027
77,45,8.12444,0.0467913
77,46,8.12142,0.0458847
77,47,8.12452,0.0450254
77,48,8.13312,0.0449278
77,49,8.14437,0.0454342
77,50,8.14865,0.0447396
77,51,8.1521,0.0440062
77,52,8.14628,0.0435576
77,53,8.13697,0.0437466
77,54,8.13118,0.0433323
77,55,8.13359,0.0426197
77,56,8.13335,0.0418659
77,57,8.14729,0.0434342
77,58,8.13735,0.043833
77,59,8.14169,0.0433135
77,60,8.14876,0.0431813
77,61,8.15194,0.0425979
77,62,8.15277,0.0419244
77,63,8.14029,0.0431093
77,64,8.14116,0.04245
77,65,8.1436,0.0418725
77,66,8.1412,0.0413121
77,67,8.14515,0.0408906
77,68,8.14501,0.0402938
77,69,8.14294,0.0397679
77,70,8.14322,0.0392049
77,71,8.15538,0.0405237
77,72,8.1501,0.0403129
77,73,8.15092,0.0397729
77,74,8.15297,0.0392925
77,75,8.15532,0.0388435
77,76,8.16038,0.0386685
77,77,8.16577,0.0385476
77,78,8.16506,0.0380632
77,79,8.16288,0.0376476
77,80,8.1661,0.0373193
77,81,8.16618,0.0368614
77,82,8.17002,0.0366161
77,83,8.16794,0.0362373
77,84,8.16788,0.0358085
77,85,8.16682,0.0354057
77,86,8.16397,0.0351125
77,87,8.16724,0.0348653
77,88,8.16427,0.0345993
77,89,8.16511,0.0342231
77,90,8.16503,0.033845
77,91,8.16417,0.0334861
77,92,8.16979,0.0335979
77,93,8.169,0.033248
77,94,8.16771,0.0329213
77,95,8.16813,0.0325792
77,96,8.16746,0.0322485
77,97,8.1625,0.0323018
77,98,8.16314,0.0319803
77,99,8.16312,0.0316589
78,0,8.23901,0
78,1,8.10678,0.132231
78,2,8.16358,0.0951559
78,3,7.93618,0.237152
78,4,7.98894,0.191126
78,5,8.01077,0.157573
78,6,8.03218,0.134883
78,7,8.02996,0.116833
78,8,8.07296,0.11165
78,9,8.07104,0.0998812
78,10,8.06157,0.0908406
78,11,8.02529,0.0905181
78,12,8.04634,0.0858856
78,13,8.07161,0.0834337
78,14,8.09552,0.0812695
78,15,8.1298,0.0833904
78,16,8.12104,0.0788197
78,17,8.12643,0.0745071
78,18,8.14028,0.0718235
78,19,8.14035,0.0681378
78,20,8.12387,0.0668734
78,21,8.14144,0.0661376
78,22,8.12907,0.0643973
78,23,8.14489,0.0636539
78,24,8.15794,0.0624335
78,25,8.17003,0.0611916
78,26,8.16107,0.0595606
78,27,8.17074,0.0582036
78,28,8.17479,0.0563067
78,29,8.16552,0.0551823
78,30,8.17371,0.0539974
78,31,8.16472,0.05305
78,32,8.18605,0.055664
78,33,8.17874,0.0544942
78,34,8.18768,0.0536648
78,35,8.18434,0.0522597
78,36,8.1816,0.0509014
78,37,8.18092,0.0495485
78,38,8.17308,0.0488942
78,39,8.16626,0.0481407
78,40,8.18118,0.0492653
78,41,8.17629,0.0483266
78,42,8.17675,0.0471917
78,43,8.16623,0.0472918
78,44,8.17072,0.046446
78,45,8.1774,0.0459144
78,46,8.17493,0.044995
78,47,8.17629,0.0440686
78,48,8.18457,0.0439478
78,49,8.19468,0.0442289
78,50,8.19786,0.0434699
78,51,8.20245,0.0428724
78,52,8.19618,0.0425214
78,53,8.18717,0.0426882
78,54,8.18114,0.0423356
78,55,8.18241,0.0415919
78,56,8.18194,0.0408584
78,57,8.19696,0.0428646
78,58,8.18815,0.0430426
78,59,8.19189,0.042484
78,60,8.19681,0.0420698
78,61,8.19897,0.0414422
78,62,8.19869,0.04078
78,63,8.18711,0.0417758
78,64,8.18785,0.0411346
78,65,8.18971,0.0405494
78,66,8.18906,0.0399448
78,67,8.19305,0.0395539
78,68,8.19244,0.0389812
78,69,8.1905,0.0384691
78,70,8.19081,0.0379247
78,71,8.20321,0.0393987
78,72,8.19772,0.0392416
78,73,8.20034,0.0387959
78,74,8.2019,0.0383071
78,75,8.20505,0.0379311
78,76,8.20987,0.0377442
78,77,8.21563,0.0376994
78,78,8.21446,0.0372374
78,79,8.21252,0.0368204
78,80,8.21542,0.0364781
78,81,8.2166,0.0360501
78,82,8.21994,0.0357692
78,83,8.21695,0.0354675
78,84,8.2163,0.0350538
78,85,8.21526,0.0346593
78,86,8.21171,0.0344415
78,87,8.21494,0.0342005
78,88,8.21186,0.0339547
78,89,8.21269,0.0335857
78,90,8.213,0.033216
78,91,8.21072,0.0329317
78,92,8.21667,0.0331142
78,93,8.21593,0.0327683
78,94,8.21518,0.0324302
78,95,8.21518,0.0320906
78,96,8.21535,0.0317585
78,97,8.21164,0.031651
78,98,8.21257,0.0313435
78,99,8.21361,0.0310459
79,0,8.37946,0
79,1,8.20135,0.178113
79,2,8.26461,0.120735
79,3,8.03399,0.245911
79,4,8.0809,0.196172
79,5,8.09669,0.16095
79,6,8.11624,0.137425
79,7,8.12599,0.119413
79,8,8.16281,0.111563
79,9,8.15381,0.10019
79,10,8.13752,0.0920782
79,11,8.1071,0.08939
79,12,8.11987,0.0832114
79,13,8.14248,0.0802896
79,14,8.17048,0.0798173
79,15,8.1993,0.0800332
79,16,8.19407,0.07536
79,17,8.20143,0.0714307
79,18,8.21261,0.0684845
79,19,8.20976,0.0650324
79,20,8.19118,0.0645883
79,21,8.20792,0.0638155
79,22,8.1975,0.0618606
79,23,8.21159,0.0608803
79,24,8.2269,0.0603672
79,25,8.23155,0.0581849
79,26,8.22318,0.0566103
79,27,8.23295,0.0554184
79,28,8.23482,0.053506
79,29,8.22541,0.0525416
79,30,8.23557,0.0518239
79,31,8.22616,0.0510526
79,32,8.2478,0.0540073
79,33,8.23768,0.0533639
79,34,8.24693,0.0526375
79,35,8.24416,0.0512293
79,36,8.23837,0.0501616
79,37,8.23699,0.0488432
79,38,8.22889,0.0482591
79,39,8.22171,0.0475813
79,40,8.23603,0.0485636
79,41,8.23033,0.0477341
79,42,8.2294,0.0466201
79,43,8.21844,0.0468492
79,44,8.2234,0.0460639
79,45,8.23157,0.045786
79,46,8.22935,0.0448562
79,47,8.23131,0.0439555
79,48,8.23936,0.0437961
79,49,8.24969,0.044138
79,50,8.25257,0.0433594
79,51,8.2551,0.0425927
79,52,8.24816,0.0423537
79,53,8.23773,0.0428507
79,54,8.23301,0.0423293
79,55,8.2368,0.0417397
79,56,8.23789,0.0410152
79,57,8.25392,0.0433753
79,58,8.24515,0.0435276
79,59,8.2501,0.043081
79,60,8.25538,0.0426977
79,61,8.25613,0.0420101
79,62,8.25643,0.0413389
79,63,8.24339,0.0427285
79,64,8.24264,0.0420725
79,65,8.24555,0.0415319
79,66,8.2441,0.0409332
79,67,8.24733,0.0404558
79,68,8.24715,0.0398655
79,69,8.24589,0.0393123
79,70,8.24601,0.0387548
79,71,8.25865,0.0402474
79,72,8.2531,0.0400776
79,73,8.2559,0.0396313
79,74,8.25764,0.0391379
79,75,8.25904,0.038645
79,76,8.26383,0.0384395
79,77,8.26981,0.0384111
79,78,8.26827,0.0379529
79,79,8.26715,0.0374922
79,80,8.27132,0.0372601
79,81,8.27254,0.0368231
79,82,8.27522,0.0364754
79,83,8.27297,0.0361086
79,84,8.27239,0.035686
79,85,8.27114,0.0352909
79,86,8.26751,0.035071
79,87,8.27112,0.0348573
79,88,8.26831,0.0345775
79,89,8.26967,0.0342183
79,90,8.26922,0.0338433
79,91,8.26664,0.0335726
79,92,8.2731,0.0338317
79,93,8.27261,0.0334734
79,94,8.27343,0.0331295
79,95,8.27317,0.0327836
79,96,8.27393,0.0324529
79,97,8.27,0.0323595
79,98,8.26985,0.0320314
79,99,8.26931,0.0317139
80,0,8.43787,0
80,1,8.27691,0.160958
80,2,8.34971,0.11805
80,3,8.08989,0.272905
80,4,8.12791,0.214784
80,5,8.1448,0.176181
80,6,8.17038,0.151081
80,7,8.17817,0.131072
80,8,8.20643,0.118999
80,9,8.20655,0.106436
80,10,8.18964,0.0977486
80,11,8.15679,0.0950859
80,12,8.16494,0.0878453
80,13,8.18466,0.0836851
80,14,8.21915,0.0851993
80,15,8.2434,0.0833047
80,16,8.2377,0.0784581
80,17,8.24461,0.0742925
80,18,8.25567,0.0711392
80,19,8.25272,0.0675529
80,20,8.23401,0.0669243
80,21,8.24815,0.065357
80,22,8.23865,0.0631696
80,23,8.26046,0.0642917
80,24,8.27573,0.0635297
80,25,8.27945,0.0611509
80,26,8.27031,0.0595483
80,27,8.27934,0.0580887
80,28,8.28214,0.0561195
80,29,8.27312,0.0549618
80,30,8.28394,0.054249
80,31,8.27046,0.0542272
80,32,8.29178,0.0567184
80,33,8.28051,0.0561679
80,34,8.28927,0.0552394
80,35,8.28328,0.0540166
80,36,8.27677,0.0529382
80,37,8.27628,0.0515286
80,38,8.27134,0.0504329
80,39,8.26662,0.0493816
80,40,8.28247,0.0507034
80,41,8.27538,0.0499878
80,42,8.27442,0.048821
80,43,8.26538,0.048547
80,44,8.26835,0.0475491
80,45,8.27451,0.0469095
80,46,8.27218,0.0459596
80,47,8.27442,0.0450476
80,48,8.28258,0.0448666
80,49,8.29334,0.0452595
80,50,8.29681,0.0444985
80,51,8.30205,0.0439483
80,52,8.29454,0.0437611
80,53,8.2857,0.0438433
80,54,8.28153,0.0432408
80,55,8.2839,0.0425279
80,56,8.2843,0.0417771
80,57,8.30064,0.0441839
80,58,8.29097,0.044494
80,59,8.29654,0.0441
80,60,8.30193,0.0437044
80,61,8.30257,0.0429986
80,62,8.3041,0.0423382
80,63,8.29097,0.0436912
80,64,8.29131,0.0430151
80,65,8.29388,0.0424362
80,66,8.2928,0.041812
80,67,8.29627,0.0413381
80,68,8.29588,0.0407363
80,69,8.29441,0.0401771
80,70,8.29509,0.0396129
80,71,8.30674,0.0407598
80,72,8.30081,0.0406326
80,73,8.30117,0.0400814
80,74,8.30368,0.0396229
80,75,8.3049,0.0391172
80,76,8.30953,0.038883
80,77,8.3152,0.0387971
80,78,8.31288,0.0383733
80,79,8.3124,0.0378936
80,80,8.3153,0.0375353
80,81,8.3165,0.0370941
80,82,8.31888,0.0367219
80,83,8.31663,0.0363519
80,84,8.31516,0.0359518
80,85,8.31346,0.0355721
80,86,8.30951,0.0353822
80,87,8.31428,0.0353024
80,88,8.31159,0.0350068
80,89,8.31302,0.0346451
80,90,8.31229,0.0342701
80,91,8.30982,0.033985
80,92,8.31645,0.0342648
80,93,8.31654,0.0338984
80,94,8.31725,0.0335471
80,95,8.3171,0.0331961
80,96,8.31873,0.0328924
80,97,8.31525,0.032741
80,98,8.31503,0.0324094
80,99,8.31466,0.0320857
81,0,8.49572,0
81,1,8.31146,0.184258
81,2,8.44262,0.168883
81,3,8.18021,0.288312
81,4,8.19288,0.223685
81,5,8.19521,0.182653
81,6,8.23421,0.15922
81,7,8.23553,0.137895
81,8,8.26577,0.125315
81,9,8.26148,0.112167
81,10,8.2502,0.102084
81,11,8.22244,0.0972353
81,12,8.22101,0.089455
81,13,8.24191,0.0854165
81,14,8.27786,0.0872682
81,15,8.30477,0.0859519
81,16,8.30123,0.0808152
81,17,8.30775,0.0764713
81,18,8.31459,0.0726573
81,19,8.30805,0.0692377
81,20,8.29537,0.0670679
81,21,8.31024,0.0656527
81,22,8.29716,0.0640836
81,23,8.31595,0.0641704
81,24,8.33376,0.0640747
81,25,8.33943,0.0618212
81,26,8.32997,0.0602355
81,27,8.33632,0.0583913
81,28,8.33787,0.056363
81,29,8.33043,0.0549569
81,30,8.34114,0.0542221
81,31,8.3274,0.0542683
81,32,8.34743,0.0562835
81,33,8.3371,0.0555714
81,34,8.34486,0.0545149
81,35,8.34034,0.0531711
81,36,8.33267,0.0522798
81,37,8.33181,0.0508927
81,38,8.32773,0.0497388
81,39,8.32488,0.048563
81,40,8.3412,0.0500959
81,41,8.33534,0.0492373
81,42,8.33443,0.0480873
81,43,8.32295,0.0483644
81,44,8.3253,0.047336
81,45,8.33349,0.0470131
81,46,8.3287,0.0462503
81,47,8.33079,0.0453249
81,48,8.33984,0.0453029
81,49,8.35117,0.04581
81,50,8.35432,0.0450136
81,51,8.35887,0.0443732
81,52,8.35413,0.0437854
81,53,8.34677,0.0435933
81,54,8.34158,0.0431061
81,55,8.34326,0.0423626
81,56,8.34433,0.0416265
81,57,8.36,0.0438005
81,58,8.35084,0.0440155
81,59,8.3555,0.0435257
81,60,8.36115,0.0431779
81,61,8.36335,0.0425329
81,62,8.36624,0.0419518
81,63,8.35233,0.0435723
81,64,8.35186,0.0428993
81,65,8.35399,0.042298
81,66,8.35226,0.041698
81,67,8.35632,0.0412807
81,68,8.35553,0.0406857
81,69,8.35361,0.0401461
81,70,8.35737,0.0397546
81,71,8.36964,0.041075
81,72,8.36421,0.0408714
81,73,8.36464,0.0403177
81,74,8.36766,0.0398907
81,75,8.36918,0.0393919
81,76,8.37323,0.0390866
81,77,8.37916,0.039035
81,78,8.3763,0.0386435
81,79,8.37651,0.038158
81,80,8.37992,0.0378379
81,81,8.38151,0.0374072
81,82,8.38406,0.0370421
81,83,8.38276,0.0366218
81,84,8.38152,0.0362097
81,85,8.37889,0.0358827
81,86,8.37413,0.0357858
81,87,8.37871,0.0356728
81,88,8.37562,0.0354047
81,89,8.37561,0.0350091
81,90,8.37546,0.0346226
81,91,8.37265,0.0343595
81,92,8.37865,0.0345139
81,93,8.37813,0.0341488
81,94,8.37927,0.0338068
81,95,8.37789,0.0334812
81,96,8.38005,0.0332046
81,97,8.37619,0.0330901
81,98,8.37563,0.0327588
81,99,8.37513,0.0324336
82,0,8.37456,0
82,1,8.26413,0.110434
82,2,8.42746,0.175336
82,3,8.16316,0.291932
82,4,8.19235,0.228006
82,5,8.21268,0.187272
82,6,8.27416,0.169797
82,7,8.28779,0.147679
82,8,8.31918,0.13397
82,9,8.32433,0.119938
82,10,8.32037,0.10856
82,11,8.2875,0.104411
82,12,8.28284,0.096157
82,13,8.30385,0.0914696
82,14,8.33443,0.0904767
82,15,8.36186,0.0889679
82,16,8.35711,0.0837054
82,17,8.3627,0.0791156
82,18,8.36641,0.074928
82,19,8.36012,0.0713609
82,20,8.34602,0.0693265
82,21,8.36439,0.0686044
82,22,8.35459,0.0662825
82,23,8.37077,0.0654912
82,24,8.39482,0.0672627
82,25,8.40286,0.0651228
82,26,8.39241,0.0635298
82,27,8.39469,0.0612614
82,28,8.39623,0.0591312
82,29,8.38556,0.0581142
82,30,8.39568,0.057111
82,31,8.38056,0.0573266
82,32,8.40187,0.0595103
82,33,8.39288,0.0584301
82,34,8.40262,0.0575667
82,35,8.39759,0.0561707
82,36,8.39129,0.0549939
82,37,8.38979,0.0535481
82,38,8.38655,0.0522574
82,39,8.38511,0.0509546
82,40,8.39963,0.051774
82,41,8.39686,0.050602
82,42,8.39469,0.049459
82,43,8.38382,0.0495292
82,44,8.38627,0.0484779
82,45,8.39259,0.0478314
82,46,8.38706,0.0471274
82,47,8.38997,0.0462264
82,48,8.3986,0.0460885
82,49,8.41185,0.0470627
82,50,8.41552,0.046276
82,51,8.41992,0.0455901
82,52,8.41446,0.0450532
82,53,8.40656,0.0449121
82,54,8.40238,0.044285
82,55,8.40275,0.0434886
82,56,8.40483,0.0427691
82,57,8.42091,0.0449966
82,58,8.41071,0.0453882
82,59,8.41551,0.0448833
82,60,8.42195,0.0446082
82,61,8.42282,0.0438913
82,62,8.42729,0.0434198
82,63,8.41405,0.0447377
82,64,8.41362,0.0440461
82,65,8.41577,0.0434266
82,66,8.41389,0.0428148
82,67,8.41689,0.0422873
82,68,8.41673,0.0416702
82,69,8.41474,0.041119
82,70,8.41647,0.0405726
82,71,8.42807,0.0416541
82,72,8.42283,0.0414121
82,73,8.42285,0.0408487
82,74,8.42628,0.0404463
82,75,8.42748,0.0399283
82,76,8.43125,0.0395866
82,77,8.43748,0.0395687
82,78,8.43478,0.0391577
82,79,8.43571,0.0386764
82,80,8.43957,0.0383903
82,81,8.44046,0.0379297
82,82,8.44436,0.0376728
82,83,8.44272,0.037258
82,84,8.44171,0.0368307
82,85,8.43937,0.0364753
82,86,8.43392,0.0364635
82,87,8.43917,0.0364275
82,88,8.43711,0.0360747
82,89,8.43676,0.0356734
82,90,8.43724,0.0352824
82,91,8.43444,0.035009
82,92,8.44121,0.0352873
82,93,8.44101,0.0349106
82,94,8.44205,0.0345569
82,95,8.44116,0.0342067
82,96,8.44241,0.0338754
82,97,8.43859,0.0337452
82,98,8.43758,0.0334178
82,99,8.43762,0.033082
83,0,8.40952,0
83,1,8.29341,0.116106
83,2,8.48803,0.205841
83,3,8.23068,0.295658
83,4,8.26682,0.231851
83,5,8.26864,0.189314
83,6,8.33152,0.17191
83,7,8.34255,0.149287
83,8,8.37249,0.135021
83,9,8.36622,0.120929
83,10,8.36279,0.109438
83,11,8.34345,0.101758
83,12,8.34555,0.0936275
83,13,8.3646,0.0887506
83,14,8.39749,0.0889291
83,15,8.41883,0.0858796
83,16,8.41201,0.0809581
83,17,8.4138,0.0763491
83,18,8.42166,0.0726458
83,19,8.41513,0.0692269
83,20,8.40364,0.066843
83,21,8.42101,0.0660571
83,22,8.40923,0.0642089
83,23,8.42455,0.063355
83,24,8.44765,0.0650106
83,25,8.45571,0.0629783
83,26,8.44377,0.0617664
83,27,8.44657,0.0595853
83,28,8.44923,0.0575558
83,29,8.43841,0.0566479
83,30,8.45039,0.0560838
83,31,8.43437,0.056617
83,32,8.45769,0.0596243
83,33,8.4441,0.0594186
83,34,8.45385,0.0585145
83,35,8.44477,0.0575872
83,36,8.44008,0.0562046
83,37,8.43651,0.0548217
83,38,8.43298,0.0535145
83,39,8.43368,0.0521642
83,40,8.44595,0.0523337
83,41,8.44465,0.051089
83,42,8.44302,0.0499133
83,43,8.43272,0.0498416
83,44,8.43624,0.0488487
83,45,8.44387,0.0483796
83,46,8.43604,0.0479825
83,47,8.43868,0.0470465
83,48,8.44866,0.0471455
83,49,8.46317,0.0484168
83,50,8.46723,0.0476314
83,51,8.47119,0.046874
83,52,8.46659,0.0462105
83,53,8.4597,0.0458672
83,54,8.4555,0.0452207
83,55,8.45504,0.0444082
83,56,8.45823,0.0437382
83,57,8.47237,0.0452438
83,58,8.46373,0.0453008
83,59,8.46886,0.0448333
83,60,8.47405,0.0443968
83,61,8.47637,0.0437362
83,62,8.47964,0.0431609
83,63,8.46546,0.0447855
83,64,8.46693,0.0441155
83,65,8.46839,0.0434665
83,66,8.46665,0.0428479
83,67,8.46957,0.0423135
83,68,8.46919,0.0416975
83,69,8.46616,0.0412087
83,70,8.46855,0.0406941
83,71,8.48139,0.0421309
83,72,8.47805,0.0416839
83,73,8.47842,0.0411184
83,74,8.48329,0.0408577
83,75,8.4834,0.0403167
83,76,8.48749,0.0399991
83,77,8.49448,0.0400976
83,78,8.49108,0.0397325
83,79,8.49173,0.0392381
83,80,8.49651,0.0390442
83,81,8.4975,0.0385778
83,82,8.50133,0.0383026
83,83,8.49942,0.0378924
83,84,8.4992,0.0374446
83,85,8.49744,0.0370482
83,86,8.491,0.0371832
83,87,8.49627,0.0371344
83,88,8.49448,0.0367585
83,89,8.49419,0.0363489
83,90,8.49292,0.0359695
83,91,8.4904,0.0356657
83,92,8.49676,0.0358485
83,93,8.49587,0.0354761
83,94,8.49642,0.0351049
83,95,8.4958,0.0347428
83,96,8.49642,0.0343884
83,97,8.49309,0.0341987
83,98,8.49113,0.0339078
83,99,8.49041,0.0335747
84,0,8.48056,0
84,1,8.36636,0.114203
84,2,8.53676,0.182718
84,3,8.28004,0.287405
84,4,8.32351,0.226829
84,5,8.32206,0.18521
84,6,8.37328,0.164697
84,7,8.39318,0.144013
84,8,8.40831,0.127905
84,9,8.40013,0.114693
84,10,8.39454,0.103895
84,11,8.38132,0.0957594
84,12,8.38456,0.0881453
84,13,8.4043,0.0839615
84,14,8.44234,0.086927
84,15,8.46071,0.0833631
84,16,8.45874,0.0783308
84,17,8.45976,0.073858
84,18,8.46818,0.070368
84,19,8.45903,0.0673811
84,20,8.44957,0.0647863
84,21,8.46952,0.0649136
84,22,8.45644,0.0633913
84,23,8.47428,0.0632592
84,24,8.49736,0.0649189
84,25,8.50354,0.0626775
84,26,8.49115,0.0615716
84,27,8.49397,0.059399
84,28,8.49452,0.0573168
84,29,8.48393,0.0563772
84,30,8.49386,0.0554253
84,31,8.47821,0.0559011
84,32,8.50093,0.058755
84,33,8.48638,0.0588289
84,34,8.49539,0.0578291
84,35,8.48701,0.0568217
84,36,8.48,0.0557066
84,37,8.47934,0.0542249
84,38,8.4766,0.0528871
84,39,8.47635,0.0515486
84,40,8.48637,0.0512634
84,41,8.48284,0.0501523
84,42,8.48206,0.0489783
84,43,8.47137,0.0490323
84,44,8.47528,0.0480902
84,45,8.48281,0.047632
84,46,8.47559,0.0471636
84,47,8.47815,0.0462415
84,48,8.48889,0.0465444
84,49,8.50334,0.0478389
84,50,8.50749,0.0470744
84,51,8.51176,0.0463572
84,52,8.50836,0.0456009
84,53,8.50316,0.0450492
84,54,8.5014,0.0442575
84,55,8.5005,0.0434694
84,56,8.50283,0.0427635
84,57,8.5172,0.044409
84,58,8.50865,0.0444785
84,59,8.51301,0.0439478
84,60,8.51909,0.043646
84,61,8.5218,0.0430215
84,62,8.52378,0.0423794
84,63,8.50937,0.0441309
84,64,8.51213,0.0435346
84,65,8.51492,0.0429603
84,66,8.51261,0.0423768
84,67,8.51438,0.0417864
84,68,8.51455,0.0411767
84,69,8.51244,0.0406391
84,70,8.51532,0.0401661
84,71,8.52726,0.0413635
84,72,8.52273,0.041044
84,73,8.52352,0.0404934
84,74,8.52695,0.0400969
84,75,8.52733,0.0395676
84,76,8.53068,0.0391936
84,77,8.53809,0.0393919
84,78,8.53398,0.0391071
84,79,8.5346,0.0386202
84,80,8.54121,0.0387085
84,81,8.54197,0.0382412
84,82,8.54804,0.0382624
84,83,8.54473,0.0379486
84,84,8.54477,0.0374996
84,85,8.54268,0.0371201
84,86,8.53669,0.0371756
84,87,8.54147,0.0370592
84,88,8.54031,0.0366587
84,89,8.53945,0.0362593
84,90,8.53895,0.0358622
84,91,8.53684,0.0355324
84,92,8.54271,0.0356343
84,93,8.5423,0.0352555
84,94,8.54306,0.0348907
84,95,8.54224,0.034535
84,96,8.54318,0.0341898
84,97,8.53885,0.0341144
84,98,8.53668,0.0338377
84,99,8.53564,0.0335137
85,0,8.55893,0
85,1,8.43147,0.127466
85,2,8.60598,0.18939
85,3,8.32756,0.308947
85,4,8.35601,0.240994
85,5,8.37204,0.197422
85,6,8.42865,0.176197
85,7,8.46125,0.156033
85,8,8.46951,0.137856
85,9,8.45432,0.124234
85,10,8.44727,0.112595
85,11,8.43318,0.103746
85,12,8.43179,0.0954426
85,13,8.44336,0.0891164
85,14,8.48209,0.0915582
85,15,8.50363,0.0883117
85,16,8.49858,0.0831078
85,17,8.49521,0.0784274
85,18,8.50176,0.074474
85,19,8.49045,0.0715526
85,20,8.48201,0.0685816
85,21,8.50372,0.0689022
85,22,8.49247,0.0667927
85,23,8.50875,0.0659887
85,24,8.52921,0.0665197
85,25,8.53924,0.0646923
85,26,8.52769,0.0633144
85,27,8.52979,0.0610475
85,28,8.53141,0.058927
85,29,8.52216,0.0576743
85,30,8.53051,0.056404
85,31,8.51633,0.0564251
85,32,8.54047,0.0597818
85,33,8.52594,0.0597896
85,34,8.53474,0.0587194
85,35,8.52505,0.0578812
85,36,8.51946,0.0565728
85,37,8.52008,0.0550674
85,38,8.51723,0.0537123
85,39,8.51869,0.0523725
85,40,8.53033,0.052389
85,41,8.53011,0.0511269
85,42,8.52739,0.0499976
85,43,8.51691,0.0499597
85,44,8.52049,0.0489681
85,45,8.52717,0.0483546
85,46,8.51945,0.0479392
85,47,8.52104,0.0469568
85,48,8.53189,0.0472499
85,49,8.54662,0.0485823
85,50,8.55025,0.0477586
85,51,8.55519,0.0470907
85,52,8.55092,0.0463905
85,53,8.54765,0.0456407
85,54,8.54688,0.0448098
85,55,8.54654,0.0440036
85,56,8.5488,0.0432835
85,57,8.56253,0.0446939
85,58,8.55297,0.0449587
85,59,8.55821,0.0445126
85,60,8.56343,0.044087
85,61,8.56597,0.0434445
85,62,8.56772,0.0427848
85,63,8.55369,0.0443857
85,64,8.55669,0.0438001
85,65,8.56031,0.0432835
85,66,8.55792,0.0426996
85,67,8.56083,0.0421678
85,68,8.5605,0.0415535
85,69,8.56037,0.0409558
85,70,8.5631,0.0404671
85,71,8.57385,0.0413242
85,72,8.5715,0.0408217
85,73,8.57235,0.0402751
85,74,8.57558,0.039866
85,75,8.57674,0.039355
85,76,8.58116,0.0390917
85,77,8.58882,0.0393385
85,78,8.58465,0.0390605
85,79,8.58478,0.0385694
85,80,8.59081,0.0385656
85,81,8.59009,0.0380992
85,82,8.59619,0.0381286
85,83,8.59187,0.0379191
85,84,8.59162,0.0374712
85,85,8.58949,0.0370944
85,86,8.58408,0.0370624
85,87,8.58918,0.0369927
85,88,8.5885,0.0365811
85,89,8.58748,0.0361868
85,90,8.58729,0.0357874
85,91,8.58609,0.0354167
85,92,8.59183,0.035502
85,93,8.5915,0.0351239
85,94,8.59298,0.0347836
85,95,8.59213,0.0344298
85,96,8.59156,0.0340777
85,97,8.58752,0.0339699
85,98,8.58574,0.0336719
85,99,8.58448,0.0333572
86,0,8.60121,0
86,1,8.48904,0.11217
86,2,8.67057,0.192741
86,3,8.39204,0.310095
86,4,8.42221,0.242086
86,5,8.43511,0.198083
86,6,8.49677,0.178405
86,7,8.52888,0.157803
86,8,8.54723,0.140374
86,9,8.52997,0.126735
86,10,8.51922,0.115139
86,11,8.50101,0.106673
86,12,8.50362,0.0981599
86,13,8.51722,0.0918895
86,14,8.55638,0.0940843
86,15,8.57854,0.0907531
86,16,8.57139,0.0855463
86,17,8.56863,0.0807013
86,18,8.5721,0.0764148
86,19,8.56092,0.0733512
86,20,8.55444,0.0700706
86,21,8.57525,0.0699738
86,22,8.56485,0.0676659
86,23,8.57327,0.0653297
86,24,8.59445,0.0661448
86,25,8.60366,0.0642142
86,26,8.59502,0.0623907
86,27,8.59414,0.0601277
86,28,8.5953,0.0580289
86,29,8.58786,0.056552
86,30,8.59537,0.0552104
86,31,8.58046,0.0554982
86,32,8.60221,0.0580231
86,33,8.58881,0.0578644
86,34,8.59961,0.0572153
86,35,8.59034,0.0563715
86,36,8.58584,0.0550107
86,37,8.58277,0.0536316
86,38,8.57804,0.0524517
86,39,8.57802,0.0511236
86,40,8.58893,0.0510418
86,41,8.58943,0.0498142
86,42,8.58298,0.0490681
86,43,8.57239,0.0490952
86,44,8.57476,0.0480499
86,45,8.58117,0.0474295
86,46,8.57436,0.0469063
86,47,8.57426,0.0459188
86,48,8.58616,0.0465205
86,49,8.59886,0.0473157
86,50,8.6023,0.0465064
86,51,8.60856,0.0460312
86,52,8.60272,0.0455306
86,53,8.60041,0.0447394
86,54,8.60291,0.0439899
86,55,8.60344,0.0432004
86,56,8.60649,0.0425455
86,57,8.62133,0.0443595
86,58,8.61245,0.0444958
86,59,8.61843,0.0441541
86,60,8.62326,0.0436922
86,61,8.62497,0.0430158
86,62,8.62603,0.0423407
86,63,8.61175,0.04405
86,64,8.61473,0.0434687
86,65,8.61803,0.0429326
86,66,8.61608,0.042332
86,67,8.61983,0.0418729
86,68,8.6195,0.0412629
86,69,8.61802,0.0406961
86,70,8.62058,0.0402007
86,71,8.63143,0.0410974
86,72,8.62857,0.0406316
86,73,8.62805,0.0400821
86,74,8.63173,0.0397145
86,75,8.63385,0.0392462
86,76,8.6384,0.0389987
86,77,8.64534,0.0391162
86,78,8.64032,0.0389429
86,79,8.64062,0.0384542
86,80,8.64557,0.038298
86,81,8.64523,0.0378296
86,82,8.65234,0.0380407
86,83,8.64855,0.0377756
86,84,8.64697,0.0373618
86,85,8.64772,0.0369323
86,86,8.64233,0.0369011
86,87,8.64833,0.0369693
86,88,8.64843,0.0365517
86,89,8.64688,0.0361764
86,90,8.64522,0.0358153
86,91,8.64404,0.0354435
86,92,8.64932,0.0354557
86,93,8.64801,0.035101
86,94,8.64938,0.0347566
86,95,8.64912,0.0343937
86,96,8.6479,0.0340591
86,97,8.64333,0.0340176
86,98,8.64254,0.0336815
86,99,8.64085,0.0333855
87,0,8.63348,0
87,1,8.44709,0.186387
87,2,8.63812,0.219253
87,3,8.37207,0.30793
87,4,8.4067,0.241022
87,5,8.43343,0.198601
87,6,8.49216,0.177825
87,7,8.53018,0.158625
87,8,8.55293,0.141733
87,9,8.53845,0.127594
87,10,8.53463,0.115477
87,11,8.51995,0.106432
87,12,8.52783,0.0982198
87,13,8.54101,0.0918839
87,14,8.58434,0.0958897
87,15,8.60739,0.09261
87,16,8.60242,0.0871335
87,17,8.60333,0.0821553
87,18,8.60741,0.077818
87,19,8.60125,0.0740816
87,20,8.59703,0.0705916
87,21,8.62171,0.0716889
87,22,8.61117,0.0693068
87,23,8.61306,0.0663829
87,24,8.6312,0.0662084
87,25,8.63853,0.0640319
87,26,8.62889,0.0623651
87,27,8.62773,0.0601076
87,28,8.63292,0.0582288
87,29,8.6258,0.0567025
87,30,8.63362,0.0553981
87,31,8.61709,0.0561288
87,32,8.63484,0.0572247
87,33,8.62255,0.0568603
87,34,8.63516,0.0566318
87,35,8.62527,0.0559166
87,36,8.62198,0.0544839
87,37,8.62108,0.0530383
87,38,8.61753,0.0517825
87,39,8.61956,0.0505123
87,40,8.63157,0.0507077
87,41,8.62979,0.0495179
87,42,8.62511,0.0485786
87,43,8.61516,0.0484927
87,44,8.61834,0.0475097
87,45,8.62286,0.0466848
87,46,8.6179,0.04595
87,47,8.61784,0.0449826
87,48,8.62776,0.0451582
87,49,8.63982,0.0458599
87,50,8.64429,0.0451731
87,51,8.65169,0.044911
87,52,8.64676,0.0443305
87,53,8.64518,0.0435305
87,54,8.64921,0.0429215
87,55,8.64843,0.0421553
87,56,8.65156,0.0415274
87,57,8.66722,0.0437058
87,58,8.65686,0.0441894
87,59,8.66444,0.044102
87,60,8.66807,0.043525
87,61,8.6701,0.0428651
87,62,8.67139,0.0421989
87,63,8.65674,0.0440411
87,64,8.65964,0.043455
87,65,8.66164,0.0428385
87,66,8.66019,0.0422192
87,67,8.66351,0.0417261
87,68,8.66311,0.041119
87,69,8.66224,0.0405365
87,70,8.66472,0.0400381
87,71,8.67482,0.0407508
87,72,8.67176,0.0403054
87,73,8.6726,0.0397659
87,74,8.6774,0.0395246
87,75,8.67947,0.0390561
87,76,8.68364,0.0387704
87,77,8.69134,0.0390382
87,78,8.68583,0.0389334
87,79,8.68607,0.0384444
87,80,8.69126,0.03832
87,81,8.68981,0.0378777
87,82,8.69792,0.0382863
87,83,8.69314,0.0381283
87,84,8.69279,0.0376787
87,85,8.69403,0.0372587
87,86,8.68905,0.0371631
87,87,8.6941,0.0370833
87,88,8.69357,0.036668
87,89,8.69284,0.0362656
87,90,8.69003,0.0359754
87,91,8.68903,0.0355962
87,92,8.69424,0.035595
87,93,8.69318,0.0352304
87,94,8.69485,0.0348977
87,95,8.69531,0.0345353
87,96,8.69537,0.0341774
87,97,8.69092,0.0341188
87,98,8.69066,0.0337734
87,99,8.6881,0.0335323
88,0,8.67353,0
88,1,8.49665,0.176881
88,2,8.68781,0.216729
88,3,8.42652,0.302917
88,4,8.46956,0.238554
88,5,8.48919,0.195765
88,6,8.53594,0.171932
88,7,8.56668,0.152036
88,8,8.58775,0.135729
88,9,8.56613,0.123309
88,10,8.57317,0.111759
88,11,8.55554,0.103534
88,12,8.57404,0.097018
88,13,8.58816,0.0909244
88,14,8.63367,0.0961032
88,15,8.65787,0.0930962
88,16,8.65251,0.0876125
88,17,8.65224,0.0826023
88,18,8.65988,0.0785062
88,19,8.65395,0.0747132
88,20,8.65216,0.071089
88,21,8.67154,0.0704976
88,22,8.66059,0.068247
88,23,8.6641,0.0654357
88,24,8.67938,0.0645972
88,25,8.69033,0.0630218
88,26,8.68271,0.06112
88,27,8.68074,0.0589295
88,28,8.68614,0.0571168
88,29,8.67873,0.0556753
88,30,8.68821,0.054677
88,31,8.67019,0.0559247
88,32,8.68707,0.0567718
88,33,8.67275,0.0569066
88,34,8.68377,0.0563442
88,35,8.67608,0.0552943
88,36,8.67391,0.0538227
88,37,8.67659,0.0524556
88,38,8.67117,0.0513797
88,39,8.67197,0.0500852
88,40,8.68304,0.0500858
88,41,8.67898,0.0490466
88,42,8.67466,0.0480871
88,43,8.66677,0.0476401
88,44,8.67088,0.0467502
88,45,8.67559,0.0459653
88,46,8.67002,0.0453209
88,47,8.66926,0.0443731
88,48,8.67634,0.0440309
88,49,8.68884,0.0449167
88,50,8.69388,0.0443146
88,51,8.70071,0.0439873
88,52,8.69695,0.0433129
88,53,8.69524,0.0425374
88,54,8.69996,0.0420228
88,55,8.70008,0.0412657
88,56,8.70327,0.0406608
88,57,8.71856,0.042778
88,58,8.70821,0.0433009
88,59,8.71595,0.0432706
88,60,8.71751,0.0425838
88,61,8.72082,0.0420224
88,62,8.71992,0.04136
88,63,8.70582,0.0430819
88,64,8.70896,0.0425305
88,65,8.71055,0.041911
88,66,8.7094,0.0412967
88,67,8.71428,0.0409768
88,68,8.71318,0.0403935
88,69,8.71246,0.0398188
88,70,8.71577,0.0393933
88,71,8.72595,0.0401535
88,72,8.72384,0.039656
88,73,8.72373,0.0391166
88,74,8.72816,0.0388438
88,75,8.72955,0.0383549
88,76,8.73223,0.0379481
88,77,8.73918,0.038097
88,78,8.73448,0.0379046
88,79,8.73429,0.0374282
88,80,8.73857,0.0372103
88,81,8.73744,0.0367711
88,82,8.74504,0.0371111
88,83,8.74108,0.0368803
88,84,8.73944,0.0364806
88,85,8.74092,0.0360846
88,86,8.73512,0.0361363
88,87,8.74029,0.0360954
88,88,8.73997,0.035689
88,89,8.74001,0.0352903
88,90,8.73739,0.034999
88,91,8.73602,0.0346435
88,92,8.74036,0.0345425
88,93,8.7401,0.034174
88,94,8.74241,0.0338912
88,95,8.74352,0.0335545
88,96,8.74462,0.0332251
88,97,8.74112,0.0330709
88,98,8.74109,0.0327352
88,99,8.73967,0.0324371
89,0,8.73113,0
89,1,8.59949,0.131648
89,2,8.771,0.187598
89,3,8.49347,0.307599
89,4,8.5472,0.244249
89,5,8.57093,0.200835
89,6,8.60929,0.174017
89,7,8.64055,0.153911
89,8,8.6457,0.135834
89,9,8.62642,0.123013
89,10,8.62404,0.111295
89,11,8.60526,0.103319
89,12,8.62066,0.0962799
89,13,8.63377,0.0900975
89,14,8.68044,0.0959842
89,15,8.70788,0.0938857
89,16,8.70662,0.0881993
89,17,8.7096,0.0832086
89,18,8.71658,0.079016
89,19,8.71006,0.0752437
89,20,8.70688,0.0716418
89,21,8.72627,0.0710059
89,22,8.71353,0.0690346
89,23,8.71857,0.0662875
89,24,8.73286,0.0651677
89,25,8.74318,0.0634561
89,26,8.73485,0.0616259
89,27,8.7304,0.0595509
89,28,8.73392,0.0575681
89,29,8.72448,0.0564111
89,30,8.73481,0.055531
89,31,8.71766,0.0564368
89,32,8.73439,0.0572014
89,33,8.72065,0.0571696
89,34,8.72992,0.0562808
89,35,8.72323,0.0551027
89,36,8.72116,0.0536327
89,37,8.72369,0.0522637
89,38,8.71691,0.0513565
89,39,8.71442,0.0501179
89,40,8.72684,0.0504332
89,41,8.72378,0.0493128
89,42,8.71902,0.0483865
89,43,8.71128,0.0479041
89,44,8.71649,0.0471161
89,45,8.72038,0.0462443
89,46,8.71656,0.04541
89,47,8.71505,0.0444797
89,48,8.7201,0.0438541
89,49,8.73279,0.0448042
89,50,8.73845,0.0442797
89,51,8.74448,0.0438368
89,52,8.74246,0.0430494
89,53,8.74062,0.0422849
89,54,8.74553,0.0417991
89,55,8.74617,0.0410509
89,56,8.74732,0.0403407
89,57,8.76257,0.0424708
89,58,8.75237,0.0429716
89,59,8.76055,0.0430336
89,60,8.76136,0.04233
89,61,8.76457,0.0417652
89,62,8.76276,0.0411369
89,63,8.74845,0.0429414
89,64,8.75014,0.0423093
89,65,8.75219,0.0417134
89,66,8.75124,0.0410969
89,67,8.75607,0.0407748
89,68,8.75576,0.0401808
89,69,8.75494,0.039611
89,70,8.7589,0.0392487
89,71,8.76857,0.0398914
89,72,8.76742,0.039358
89,73,8.76629,0.038839
89,74,8.77034,0.0385313
89,75,8.77158,0.038041
89,76,8.77415,0.037632
89,77,8.78171,0.0379067
89,78,8.77663,0.0377671
89,79,8.77614,0.0372953
89,80,8.78093,0.0371425
89,81,8.77946,0.0367161
89,82,8.78647,0.0369424
89,83,8.78317,0.0366493
89,84,8.78189,0.0362381
89,85,8.78303,0.0358323
89,86,8.77815,0.0357528
89,87,8.78383,0.0357988
89,88,8.78278,0.03541
89,89,8.7833,0.0350182
89,90,8.78087,0.0347164
89,91,8.77885,0.0343964
89,92,8.78352,0.0343439
89,93,8.78313,0.0339788
89,94,8.78571,0.0337177
89,95,8.78735,0.033405
89,96,8.7888,0.0330906
89,97,8.78526,0.0329414
89,98,8.78513,0.0326072
89,99,8.78397,0.0323005
90,0,8.7926,0
90,1,8.66854,0.124057
90,2,8.82913,0.17584
90,3,8.57578,0.282216
90,4,8.61474,0.222047
90,5,8.61537,0.181302
90,6,8.65257,0.157681
90,7,8.69126,0.141929
90,8,8.69539,0.125238
90,9,8.67493,0.11387
90,10,8.66759,0.10326
90,11,8.64696,0.0964951
90,12,8.65987,0.0896956
90,13,8.67286,0.0840518
90,14,8.72357,0.093245
90,15,8.74999,0.0911354
90,16,8.74805,0.0856285
90,17,8.75008,0.0807568
90,18,8.75992,0.0770196
90,19,8.7558,0.0731836
90,20,8.75317,0.0696611
90,21,8.77478,0.0698468
90,22,8.76092,0.0681646
90,23,8.76321,0.0653027
90,24,8.77716,0.0641719
90,25,8.78967,0.0629103
90,26,8.78115,0.0611324
90,27,8.77589,0.0591427
90,28,8.77776,0.0570975
90,29,8.76826,0.0559741
90,30,8.77761,0.0549399
90,31,8.76204,0.0554253
90,32,8.77977,0.0565698
90,33,8.76387,0.0571402
90,34,8.77324,0.0562708
90,35,8.76509,0.0552897
90,36,8.76476,0.0537757
90,37,8.76751,0.0524133
90,38,8.7568,0.0521622
90,39,8.75541,0.0508605
90,40,8.76786,0.0511443
90,41,8.76538,0.0499737
90,42,8.76201,0.0489138
90,43,8.7567,0.0480826
90,44,8.76145,0.0472405
90,45,8.76388,0.0462665
90,46,8.76076,0.0453791
90,47,8.75877,0.0444681
90,48,8.76467,0.0439492
90,49,8.77882,0.0453249
90,50,8.78433,0.0447679
90,51,8.7888,0.0441253
90,52,8.78697,0.0433234
90,53,8.78506,0.0425565
90,54,8.78988,0.0420524
90,55,8.79027,0.0412965
90,56,8.79224,0.0406138
90,57,8.8067,0.0424461
90,58,8.79664,0.042916
90,59,8.80462,0.0429425
90,60,8.80454,0.0422327
90,61,8.8085,0.0417338
90,62,8.8081,0.041068
90,63,8.79408,0.0427818
90,64,8.79696,0.0422164
90,65,8.79943,0.041645
90,66,8.79763,0.0410578
90,67,8.80134,0.0406194
90,68,8.80035,0.0400386
90,69,8.80184,0.0394904
90,70,8.80503,0.0390608
90,71,8.81524,0.0398464
90,72,8.81405,0.0393148
90,73,8.81323,0.0387887
90,74,8.8179,0.038552
90,75,8.81983,0.0380905
90,76,8.82246,0.037684
90,77,8.82895,0.0377599
90,78,8.82471,0.0375188
90,79,8.82549,0.037055
90,80,8.82982,0.0368495
90,81,8.82739,0.0364781
90,82,8.83314,0.0364918
90,83,8.83039,0.0361599
90,84,8.82903,0.0357578
90,85,8.83107,0.0353987
90,86,8.82633,0.0353097
90,87,8.83235,0.0354209
90,88,8.83068,0.0350605
90,89,8.83103,0.0346706
90,90,8.82879,0.0343607
90,91,8.82682,0.0340424
90,92,8.83155,0.0340057
90,93,8.83133,0.0336427
90,94,8.83405,0.0333977
90,95,8.83611,0.0331119
90,96,8.8371,0.0327837
90,97,8.83316,0.0326854
90,98,8.83301,0.032354
90,99,8.83221,0.0320387
91,0,8.81328,0
91,1,8.72238,0.0908992
91,2,8.87476,0.161169
91,3,8.60574,0.292165
91,4,8.63371,0.228032
91,5,8.63946,0.186276
91,6,8.68309,0.163367
91,7,8.71259,0.144524
91,8,8.72282,0.127867
91,9,8.70313,0.116051
91,10,8.69761,0.105117
91,11,8.6799,0.0975784
91,12,8.69457,0.0909504
91,13,8.7061,0.0849893
91,14,8.75773,0.0944751
91,15,8.78688,0.0930579
91,16,8.78395,0.0874618
91,17,8.78606,0.0824869
91,18,8.80018,0.0792912
91,19,8.79113,0.0757648
91,20,8.78441,0.0723789
91,21,8.80103,0.0709831
91,22,8.78642,0.0693831
91,23,8.78836,0.0664576
91,24,8.80043,0.0648777
91,25,8.81317,0.0636202
91,26,8.80755,0.0614759
91,27,8.80417,0.0593359
91,28,8.80338,0.0572587
91,29,8.79526,0.055909
91,30,8.80724,0.0553858
91,31,8.79353,0.0553514
91,32,8.81233,0.056846
91,33,8.79544,0.057676
91,34,8.80407,0.0566641
91,35,8.79725,0.0554882
91,36,8.79785,0.0539711
91,37,8.8053,0.0530564
91,38,8.79365,0.0529751
91,39,8.79269,0.0516426
91,40,8.80782,0.0525917
91,41,8.80715,0.0513286
91,42,8.80234,0.0503513
91,43,8.79867,0.0493305
91,44,8.80235,0.0483617
91,45,8.80441,0.0473437
91,46,8.80174,0.0464022
91,47,8.80049,0.0454424
91,48,8.80754,0.0450593
91,49,8.82176,0.0463834
91,50,8.82546,0.045615
91,51,8.82903,0.0448712
91,52,8.82724,0.0440527
91,53,8.82638,0.0432378
91,54,8.83152,0.0427542
91,55,8.83126,0.0419846
91,56,8.83427,0.0413517
91,57,8.84944,0.0433699
91,58,8.84125,0.0434083
91,59,8.84912,0.043398
91,60,8.8498,0.0426861
91,61,8.8548,0.0422886
91,62,8.85434,0.0416144
91,63,8.83988,0.0434378
91,64,8.8423,0.042833
91,65,8.84564,0.0423111
91,66,8.84175,0.0418561
91,67,8.84566,0.0414208
91,68,8.84428,0.0408393
91,69,8.84592,0.0402847
91,70,8.84817,0.0397771
91,71,8.85863,0.0405913
91,72,8.85681,0.0400726
91,73,8.85594,0.039537
91,74,8.85955,0.0391736
91,75,8.86107,0.0386845
91,76,8.86427,0.0383129
91,77,8.8703,0.0382962
91,78,8.86575,0.0380813
91,79,8.86622,0.0376051
91,80,8.87061,0.0373971
91,81,8.87015,0.0369412
91,82,8.87548,0.0368803
91,83,8.87329,0.0365045
91,84,8.87169,0.0361077
91,85,8.87352,0.0357321
91,86,8.86754,0.0358211
91,87,8.87368,0.0359404
91,88,8.87291,0.0355426
91,89,8.87389,0.0351589
91,90,8.87239,0.0348027
91,91,8.87109,0.0344466
91,92,8.87509,0.0343083
91,93,8.87498,0.0339416
91,94,8.87682,0.0336329
91,95,8.87887,0.0333437
91,96,8.87979,0.0330109
91,97,8.87599,0.0328922
91,98,8.87629,0.0325597
91,99,8.87625,0.0322324
92,0,8.93101,0
92,1,8.79168,0.139336
92,2,8.94787,0.17569
92,3,8.66147,0.312182
92,4,8.6721,0.242049
92,5,8.67028,0.197641
92,6,8.70978,0.171642
92,7,8.74946,0.153852
92,8,8.76571,0.136655
92,9,8.75508,0.12269
92,10,8.74997,0.111095
92,11,8.73286,0.102849
92,12,8.75534,0.0972429
92,13,8.75827,0.0900771
92,14,8.81414,0.100763
92,15,8.84218,0.0983376
92,16,8.83636,0.0925555
92,17,8.83879,0.087296
92,18,8.85617,0.0843825
92,19,8.84757,0.0805126
92,20,8.84161,0.0768142
92,21,8.85729,0.0748998
92,22,8.84236,0.0731106
92,23,8.84174,0.0700008
92,24,8.85316,0.0681076
92,25,8.86641,0.0667631
92,26,8.86468,0.064266
92,27,8.86327,0.0619445
92,28,8.8635,0.0597708
92,29,8.85591,0.0582404
92,30,8.86863,0.0577489
92,31,8.8561,0.0573029
92,32,8.87333,0.0581526
92,33,8.85699,0.0587354
92,34,8.86614,0.0577613
92,35,8.85956,0.0565184
92,36,8.86116,0.0549929
92,37,8.8678,0.0539375
92,38,8.8558,0.0538913
92,39,8.85511,0.0525312
92,40,8.87165,0.0538384
92,41,8.87042,0.0525554
92,42,8.86509,0.0515939
92,43,8.86015,0.050649
92,44,8.86323,0.0496063
92,45,8.86453,0.0485332
92,46,8.86158,0.0475812
92,47,8.86214,0.0465828
92,48,8.86893,0.0461243
92,49,8.88246,0.0471745
92,50,8.88584,0.0463637
92,51,8.88828,0.045529
92,52,8.88465,0.0448091
92,53,8.88368,0.0439823
92,54,8.88793,0.0433839
92,55,8.88746,0.0426047
92,56,8.88898,0.0418783
92,57,8.90227,0.0432431
92,58,8.89426,0.0432515
92,59,8.90269,0.0433513
92,60,8.90343,0.0426411
92,61,8.90781,0.0421765
92,62,8.90764,0.0415019
92,63,8.89235,0.0436176
92,64,8.89644,0.043136
92,65,8.89792,0.0425032
92,66,8.89502,0.0419647
92,67,8.89923,0.0415566
92,68,8.89855,0.0409556
92,69,8.89839,0.0403666
92,70,8.89974,0.039817
92,71,8.908,0.0401196
92,72,8.90579,0.0396279
92,73,8.90337,0.0391638
92,74,8.9068,0.0387901
92,75,8.90874,0.0383256
92,76,8.91182,0.0379497
92,77,8.91732,0.0378619
92,78,8.91313,0.0376139
92,79,8.9137,0.0371451
92,80,8.91927,0.0371048
92,81,8.91815,0.0366669
92,82,8.92316,0.0365679
92,83,8.92137,0.0361744
92,84,8.91997,0.0357734
92,85,8.92217,0.0354233
92,86,8.9158,0.0355888
92,87,8.92138,0.0356216
92,88,8.92084,0.0352231
92,89,8.92174,0.0348411
92,90,8.92031,0.0344859
92,91,8.91805,0.0341836
92,92,8.92193,0.0340364
92,93,8.92234,0.0336749
92,94,8.92454,0.033391
92,95,8.92581,0.0330657
92,96,8.92675,0.0327366
92,97,8.92337,0.0325767
92,98,8.92411,0.0322545
92,99,8.92427,0.0319307
93,0,8.99865,0
93,1,8.85654,0.142117
93,2,8.95879,0.131103
93,3,8.71391,0.261845
93,4,8.70345,0.203093
93,5,8.70776,0.165881
93,6,8.73686,0.143183
93,7,8.77928,0.131055
93,8,8.79463,0.116595
93,9,8.78167,0.105089
93,10,8.77947,0.0950821
93,11,8.75939,0.0890894
93,12,8.78318,0.085333
93,13,8.78347,0.0790035
93,14,8.83987,0.0926862
93,15,8.8726,0.0926703
93,16,8.87017,0.0870825
93,17,8.87594,0.082305
93,18,8.8943,0.0799879
93,19,8.88771,0.0761688
93,20,8.88147,0.0727195
93,21,8.89273,0.0702443
93,22,8.88012,0.0682944
93,23,8.88036,0.0653873
93,24,8.89007,0.0634641
93,25,8.90197,0.0621243
93,26,8.90459,0.0598368
93,27,8.90485,0.0576607
93,28,8.90746,0.0556981
93,29,8.90046,0.0542635
93,30,8.91302,0.0539674
93,31,8.89799,0.0543733
93,32,8.91798,0.0563634
93,33,8.89961,0.0576846
93,34,8.90755,0.0565733
93,35,8.89921,0.0556089
93,36,8.90372,0.054273
93,37,8.90758,0.0529663
93,38,8.89576,0.0529272
93,39,8.8956,0.0515873
93,40,8.91207,0.052941
93,41,8.91045,0.0516906
93,42,8.90443,0.0508313
93,43,8.90134,0.0497589
93,44,8.90491,0.0487715
93,45,8.90617,0.0477161
93,46,8.90072,0.0470058
93,47,8.90058,0.0460164
93,48,8.90757,0.0456073
93,49,8.91981,0.0463296
93,50,8.92641,0.0458896
93,51,8.93041,0.0451756
93,52,8.92547,0.0445894
93,53,8.92517,0.0437569
93,54,8.93145,0.0434113
93,55,8.9318,0.0426304
93,56,8.93369,0.0419186
93,57,8.94626,0.0430642
93,58,8.93748,0.0432283
93,59,8.94526,0.0432072
93,60,8.94671,0.0425178
93,61,8.95169,0.0421223
93,62,8.95018,0.041476
93,63,8.93608,0.0431904
93,64,8.93971,0.0426761
93,65,8.94164,0.0420687
93,66,8.93835,0.0415666
93,67,8.94171,0.0410884
93,68,8.94189,0.0404889
93,69,8.94227,0.0399081
93,70,8.943,0.0393488
93,71,8.95091,0.039598
93,72,8.94932,0.0390844
93,73,8.94678,0.038636
93,74,8.95153,0.0384124
93,75,8.95173,0.0379041
93,76,8.95554,0.0376021
93,77,8.96128,0.0375589
93,78,8.95637,0.0374044
93,79,8.95603,0.0369355
93,80,8.96277,0.0370938
93,81,8.96165,0.0366557
93,82,8.96604,0.0364774
93,83,8.96416,0.0360899
93,84,8.96387,0.0356639
93,85,8.96594,0.0353074
93,86,8.95882,0.0356188
93,87,8.96485,0.035724
93,88,8.96368,0.0353397
93,89,8.96425,0.0349495
93,90,8.96204,0.0346342
93,91,8.96079,0.0342782
93,92,8.9654,0.0342196
93,93,8.96647,0.0338702
93,94,8.9687,0.0335862
93,95,8.96965,0.0332482
93,96,8.97099,0.0329306
93,97,8.96677,0.0328638
93,98,8.96775,0.0325449
93,99,8.96653,0.0322409
94,0,9.03051,0
94,1,8.88954,0.140973
94,2,9.00416,0.140581
94,3,8.75165,0.271377
94,4,8.75138,0.210208
94,5,8.76757,0.172395
94,6,8.79423,0.148121
94,7,8.83779,0.135471
94,8,8.8613,0.121764
94,9,8.84119,0.110751
94,10,8.84296,0.100193
94,11,8.81491,0.0956698
94,12,8.83785,0.0909438
94,13,8.83546,0.0842315
94,14,8.89285,0.0971732
94,15,8.92562,0.0966238
94,16,8.92555,0.0907623
94,17,8.92704,0.0855846
94,18,8.94383,0.0826762
94,19,8.93675,0.0787518
94,20,8.92649,0.0756076
94,21,8.93729,0.0728927
94,22,8.92619,0.0705295
94,23,8.92667,0.0675286
94,24,8.93835,0.0658142
94,25,8.94932,0.0641774
94,26,8.95344,0.0618921
94,27,8.9525,0.0596481
94,28,8.95413,0.0575777
94,29,8.94821,0.0559405
94,30,8.96081,0.0555558
94,31,8.94473,0.0561445
94,32,8.96542,0.058215
94,33,8.94646,0.0595719
94,34,8.95643,0.0586965
94,35,8.94806,0.0576533
94,36,8.95128,0.056166
94,37,8.95634,0.0549014
94,38,8.94397,0.0548865
94,39,8.94479,0.053503
94,40,8.96166,0.0548396
94,41,8.95839,0.0536179
94,42,8.95407,0.052534
94,43,8.9501,0.0514791
94,44,8.95365,0.0504469
94,45,8.95385,0.0493385
94,46,8.94825,0.0486001
94,47,8.94888,0.0475809
94,48,8.9563,0.0471867
94,49,8.96874,0.0478781
94,50,8.97686,0.0476269
94,51,8.98088,0.0468746
94,52,8.97677,0.0461644
94,53,8.97705,0.0453023
94,54,8.98236,0.0447864
94,55,8.98303,0.0439845
94,56,8.98676,0.0433666
94,57,8.99926,0.0444098
94,58,8.99218,0.0442217
94,59,8.99971,0.0441256
94,60,8.99834,0.0434176
94,61,9.00321,0.0429875
94,62,9.00226,0.0423103
94,63,8.98831,0.0439194
94,64,8.99248,0.0434394
94,65,8.99543,0.0428781
94,66,8.99069,0.0424986
94,67,8.99289,0.0419267
94,68,8.99293,0.0413147
94,69,8.99343,0.0407232
94,70,8.99379,0.0401472
94,71,9.00178,0.0403843
94,72,9.00074,0.039841
94,73,8.99742,0.0394384
94,74,9.00071,0.0390477
94,75,8.99833,0.038604
94,76,9.00184,0.0382613
94,77,9.00761,0.0382046
94,78,9.00237,0.0380799
94,79,9.00223,0.0376011
94,80,9.00869,0.0376921
94,81,9.00772,0.0372423
94,82,9.01118,0.0369527
94,83,9.00916,0.0365655
94,84,9.00835,0.0361419
94,85,9.00996,0.0357555
94,86,9.0019,0.0362494
94,87,9.00725,0.0362317
94,88,9.00616,0.0358387
94,89,9.00684,0.0354448
94,90,9.00461,0.035124
94,91,9.00502,0.0347425
94,92,9.00999,0.0347249
94,93,9.01074,0.0343617
94,94,9.01284,0.0340631
94,95,9.01468,0.0337563
94,96,9.01692,0.0334815
94,97,9.01231,0.0334568
94,98,9.01342,0.0331356
94,99,9.01314,0.0328037
95,0,9.07645,0
95,1,8.92905,0.147399
95,2,9.04101,0.140629
95,3,8.79528,0.265083
95,4,8.77565,0.206269
95,5,8.78739,0.168827
95,6,8.81898,0.146139
95,7,8.86483,0.13461
95,8,8.8922,0.12183
95,9,8.86608,0.112054
95,10,8.86772,0.10137
95,11,8.83798,0.097199
95,12,8.85929,0.0919162
95,13,8.85923,0.0850979
95,14,8.91269,0.0955724
95,15,8.94741,0.0959063
95,16,8.94584,0.090102
95,17,8.94981,0.0850415
95,18,8.96503,0.081869
95,19,8.96275,0.0777014
95,20,8.95526,0.0742871
95,21,8.9673,0.0718461
95,22,8.95527,0.069697
95,23,8.95255,0.0667853
95,24,8.9629,0.0648896
95,25,8.97261,0.0630948
95,26,8.97498,0.0607595
95,27,8.97659,0.0585714
95,28,8.97858,0.0565506
95,29,8.97511,0.0547431
95,30,8.98808,0.0545122
95,31,8.97131,0.0553812
95,32,8.9909,0.0571413
95,33,8.97537,0.0575716
95,34,8.98848,0.0574196
95,35,8.98104,0.0562952
95,36,8.98367,0.0548155
95,37,8.98963,0.0536857
95,38,8.97825,0.0535159
95,39,8.98096,0.0522314
95,40,8.99917,0.0540978
95,41,8.99628,0.052873
95,42,8.9915,0.0518492
95,43,8.98839,0.0507526
95,44,8.99461,0.0500007
95,45,8.99402,0.0489052
95,46,8.98896,0.0481201
95,47,8.99022,0.0471238
95,48,8.99552,0.0464553
95,49,9.00913,0.0475088
95,50,9.01556,0.0470091
95,51,9.01902,0.0462259
95,52,9.01646,0.0454176
95,53,9.01622,0.0445692
95,54,9.02139,0.044056
95,55,9.0216,0.0432626
95,56,9.02589,0.0427125
95,57,9.03626,0.0432338
95,58,9.0311,0.0428075
95,59,9.03807,0.0426611
95,60,9.03644,0.0419875
95,61,9.04004,0.0414615
95,62,9.03926,0.0408056
95,63,9.02421,0.042888
95,64,9.0281,0.0424013
95,65,9.03098,0.0418529
95,66,9.02675,0.0414395
95,67,9.02898,0.0408864
95,68,9.02906,0.0402896
95,69,9.02966,0.0397144
95,70,9.03108,0.0391765
95,71,9.03952,0.0395411
95,72,9.0384,0.0390118
95,73,9.03431,0.0386974
95,74,9.03742,0.038304
95,75,9.03536,0.0378525
95,76,9.03988,0.0376306
95,77,9.0452,0.037524
95,78,9.04116,0.0372656
95,79,9.04086,0.0367981
95,80,9.04737,0.0369196
95,81,9.04558,0.0365107
95,82,9.04929,0.0362589
95,83,9.04691,0.0359038
95,84,9.04628,0.0354845
95,85,9.04768,0.0350974
95,86,9.04038,0.0354516
95,87,9.04585,0.0354706
95,88,9.04497,0.0350807
95,89,9.04551,0.0346928
95,90,9.04355,0.0343651
95,91,9.0436,0.0339896
95,92,9.04872,0.0340088
95,93,9.05056,0.0336956
95,94,9.05293,0.0334227
95,95,9.05483,0.0331276
95,96,9.05678,0.0328423
95,97,9.05252,0.0327835
95,98,9.05365,0.0324703
95,99,9.05281,0.0321549
96,0,9.09868,0
96,1,8.97094,0.127736
96,2,9.07512,0.127642
96,3,8.82362,0.267207
96,4,8.79808,0.208548
96,5,8.82813,0.172909
96,6,8.84544,0.147157
96,7,8.89336,0.136154
96,8,8.92022,0.123044
96,9,8.89757,0.112361
96,10,8.90285,0.101771
96,11,8.87531,0.0969004
96,12,8.90094,0.0927484
96,13,8.89766,0.085931
96,14,8.94931,0.0952231
96,15,8.98141,0.0946799
96,16,8.98146,0.0889363
96,17,8.98081,0.0838525
96,18,8.99663,0.080879
96,19,8.99406,0.0767714
96,20,8.99126,0.0730779
96,21,9.00566,0.0711509
96,22,8.99231,0.069287
96,23,8.98644,0.0665963
96,24,8.99763,0.0648493
96,25,9.00796,0.0631557
96,26,9.01152,0.0608763
96,27,9.01364,0.0587
96,28,9.01669,0.056722
96,29,9.01727,0.0548017
96,30,9.02821,0.0541207
96,31,9.01146,0.0550135
96,32,9.03211,0.0571793
96,33,9.01358,0.0584827
96,34,9.02916,0.058884
96,35,9.02165,0.0577149
96,36,9.02643,0.0563364
96,37,9.0333,0.0552619
96,38,9.02276,0.0548489
96,39,9.02428,0.0534817
96,40,9.04257,0.0552759
96,41,9.03671,0.0542616
96,42,9.03253,0.0531489
96,43,9.03056,0.0519642
96,44,9.03802,0.0513413
96,45,9.03673,0.0502294
96,46,9.03237,0.0493417
96,47,9.03324,0.0483106
96,48,9.03859,0.0476156
96,49,9.05173,0.0484688
96,50,9.05898,0.0480592
96,51,9.06096,0.0471672
96,52,9.05688,0.0464477
96,53,9.05627,0.0455835
96,54,9.06149,0.0450494
96,55,9.06308,0.0442663
96,56,9.0674,0.0436974
96,57,9.07876,0.0444148
96,58,9.07533,0.0437901
96,59,9.08405,0.0439283
96,60,9.08057,0.0433424
96,61,9.08449,0.0428177
96,62,9.08401,0.0421353
96,63,9.06891,0.0441376
96,64,9.07281,0.0436282
96,65,9.07562,0.0430539
96,66,9.07111,0.0426459
96,67,9.07263,0.0420416
96,68,9.07291,0.0414288
96,69,9.07288,0.0408327
96,70,9.07674,0.0404378
96,71,9.0855,0.0408237
96,72,9.08369,0.0403014
96,73,9.0801,0.0399148
96,74,9.08291,0.0394795
96,75,9.0808,0.0390138
96,76,9.0856,0.038802
96,77,9.0909,0.0386658
96,78,9.08738,0.0383348
96,79,9.08718,0.0378531
96,80,9.09336,0.0378907
96,81,9.09152,0.0374713
96,82,9.09616,0.037307
96,83,9.09397,0.036925
96,84,9.0928,0.0365067
96,85,9.0947,0.0361297
96,86,9.08769,0.0363941
96,87,9.09288,0.0363501
96,88,9.09135,0.0359719
96,89,9.09203,0.0355765
96,90,9.08999,0.0352423
96,91,9.09002,0.0348572
96,92,9.0961,0.0350118
96,93,9.0966,0.034641
96,94,9.09893,0.0343537
96,95,9.10069,0.0340395
96,96,9.10231,0.0337256
96,97,9.09773,0.0336924
96,98,9.09882,0.0333683
96,99,9.09745,0.0330613
97,0,9.12788,0
97,1,9.02788,0.100001
97,2,9.13054,0.117783
97,3,8.88712,0.25727
97,4,8.88208,0.199345
97,5,8.88928,0.162923
97,6,8.90042,0.138145
97,7,8.94824,0.12884
97,8,8.968,0.115331
97,9,8.94833,0.105013
97,10,8.94999,0.0950024
97,11,8.91862,0.0922248
97,12,8.94693,0.089433
97,13,8.94621,0.082802
97,14,8.9971,0.0923668
97,15,9.03323,0.0936523
97,16,9.02738,0.0881651
97,17,9.0294,0.0831474
97,18,9.04413,0.0800158
97,19,9.04445,0.0759103
97,20,9.04488,0.0722064
97,21,9.05963,0.0704092
97,22,9.04421,0.0690237
97,23,9.03972,0.0662371
97,24,9.05081,0.0644926
97,25,9.06182,0.0629336
97,26,9.06465,0.060624
97,27,9.06799,0.0585142
97,28,9.07634,0.0570738
97,29,9.07851,0.0551812
97,30,9.09132,0.0548878
97,31,9.07846,0.0546797
97,32,9.09462,0.0554058
97,33,9.07492,0.0572485
97,34,9.09073,0.0577946
97,35,9.08168,0.056891
97,36,9.08489,0.0554252
97,37,9.08969,0.0541599
97,38,9.08042,0.0535607
97,39,9.08159,0.0522175
97,40,9.09958,0.0540119
97,41,9.09138,0.0533444
97,42,9.08745,0.0522366
97,43,9.08472,0.0511089
97,44,9.09001,0.0502402
97,45,9.08975,0.0491366
97,46,9.08555,0.0482627
97,47,9.08607,0.0472494
97,48,9.09343,0.0468568
97,49,9.1065,0.0477319
97,50,9.11558,0.0476607
97,51,9.11618,0.0467389
97,52,9.11054,0.0461935
97,53,9.11181,0.0453477
97,54,9.11698,0.0448149
97,55,9.11912,0.0440593
97,56,9.12228,0.0433949
97,57,9.13161,0.0436478
97,58,9.12778,0.0430724
97,59,9.13764,0.0434813
97,60,9.13194,0.0431403
97,61,9.13577,0.0426111
97,62,9.13334,0.0419994
97,63,9.11828,0.0439957
97,64,9.12351,0.043628
97,65,9.12594,0.0430303
97,66,9.12148,0.0426167
97,67,9.1218,0.0419865
97,68,9.1219,0.0413737
97,69,9.12213,0.040779
97,70,9.12728,0.0405286
97,71,9.13606,0.0409153
97,72,9.13309,0.0404603
97,73,9.12996,0.0400324
97,74,9.13276,0.0395942
97,75,9.13049,0.0391354
97,76,9.13483,0.0388663
97,77,9.13907,0.0385992
97,78,9.13542,0.0382824
97,79,9.13635,0.0378123
97,80,9.14324,0.0379733
97,81,9.1417,0.0375391
97,82,9.14513,0.0372427
97,83,9.14234,0.0369028
97,84,9.1399,0.0365476
97,85,9.1425,0.0362142
97,86,9.13539,0.0364946
97,87,9.14001,0.0363716
97,88,9.13737,0.0360574
97,89,9.13859,0.0356755
97,90,9.13557,0.0354104
97,91,9.13567,0.0350235
97,92,9.14149,0.0351291
97,93,9.1414,0.0347535
97,94,9.14359,0.0344556
97,95,9.14434,0.0341029
97,96,9.14661,0.0338262
97,97,9.14185,0.0338159
97,98,9.14274,0.0334842
97,99,9.14141,0.0331744
98,0,9.22369,0
98,1,9.13667,0.0870188
98,2,9.23466,0.110117
98,3,8.97906,0.267197
98,4,8.96248,0.207633
98,5,8.96431,0.169541
98,6,8.97578,0.143746
98,7,9.01813,0.131496
98,8,9.03992,0.117998
98,9,9.02386,0.106756
98,10,9.02465,0.0965679
98,11,8.98602,0.0962464
98,12,9.01286,0.0925115
98,13,9.01391,0.0856554
98,14,9.06235,0.0933042
98,15,9.08945,0.0913884
98,16,9.0777,0.0866458
98,17,9.07611,0.0817057
98,18,9.09134,0.0787714
98,19,9.09373,0.0747674
98,20,9.09262,0.0711267
98,21,9.10778,0.0694918
98,22,9.09403,0.0678113
98,23,9.08915,0.0651069
98,24,9.09643,0.0628711
98,25,9.10995,0.0618992
98,26,9.1113,0.0595778
98,27,9.11547,0.0575617
98,28,9.1234,0.0561044
98,29,9.12555,0.054245
98,30,9.13522,0.0533481
98,31,9.12377,0.0529068
98,32,9.14138,0.0542182
98,33,9.12411,0.055361
98,34,9.1402,0.0561108
98,35,9.13079,0.0553362
98,36,9.13267,0.0538527
98,37,9.13765,0.0526532
98,38,9.12738,0.0523039
98,39,9.12876,0.0509981
98,40,9.14621,0.0527104
98,41,9.13787,0.052111
98,42,9.13579,0.0509272
98,43,9.13166,0.0499275
98,44,9.13768,0.0491751
98,45,9.1372,0.0480966
98,46,9.13139,0.0474189
98,47,9.13129,0.0464206
98,48,9.14004,0.0462983
98,49,9.15373,0.047383
98,50,9.16312,0.0473839
98,51,9.16341,0.0464647
98,52,9.15905,0.0457875
98,53,9.15901,0.0449316
98,54,9.16396,0.0443834
98,55,9.16701,0.0436902
98,56,9.16972,0.0430023
98,57,9.17854,0.0431666
98,58,9.17445,0.0426257
98,59,9.18392,0.0429668
98,60,9.17799,0.042671
98,61,9.18091,0.0420788
98,62,9.17747,0.0415486
98,63,9.16323,0.0433027
98,64,9.16875,0.042987
98,65,9.17026,0.0423576
98,66,9.16482,0.0420732
98,67,9.16617,0.0414718
98,68,9.16539,0.0408738
98,69,9.16533,0.0402857
98,70,9.17121,0.0401477
98,71,9.17947,0.0404392
98,72,9.17631,0.0400062
98,73,9.1746,0.0394989
98,74,9.17689,0.0390358
98,75,9.17495,0.0385676
98,76,9.17922,0.0383028
98,77,9.18391,0.0380981
98,78,9.18036,0.0377803
98,79,9.18079,0.0373076
98,80,9.1884,0.0376218
98,81,9.18658,0.0372047
98,82,9.18939,0.036861
98,83,9.1864,0.0365418
98,84,9.18455,0.0361566
98,85,9.18674,0.0358009
98,86,9.17965,0.0360907
98,87,9.18401,0.0359432
98,88,9.18083,0.0356789
98,89,9.18293,0.0353426
98,90,9.17938,0.0351313
98,91,9.18004,0.0347536
98,92,9.18604,0.0348982
98,93,9.18573,0.0345263
98,94,9.18789,0.0342288
98,95,9.18771,0.0338708
98,96,9.18984,0.0335872
98,97,9.1858,0.0334864
98,98,9.18703,0.0331691
98,99,9.1867,0.0328373
99,0,9.26999,0
99,1,9.19216,0.0778296
99,2,9.26771,0.0879062
99,3,9.00383,0.271103
99,4,9.00641,0.210011
99,5,9.0193,0.171957
99,6,9.0296,0.145695
99,7,9.07015,0.132532
99,8,9.08848,0.11831
99,9,9.06861,0.10767
99,10,9.06499,0.097458
99,11,9.03153,0.0950521
99,12,9.06514,0.0936736
99,13,9.06339,0.0867425
99,14,9.10896,0.0927198
99,15,9.13309,0.090028
99,16,9.12618,0.0848487
99,17,9.12214,0.080098
99,18,9.13369,0.0766406
99,19,9.13306,0.0727104
99,20,9.12818,0.0693333
99,21,9.14209,0.0675542
99,22,9.1265,0.0664062
99,23,9.11844,0.0640885
99,24,9.1287,0.0623229
99,25,9.14055,0.0610384
99,26,9.13805,0.0587872
99,27,9.14435,0.056998
99,28,9.15355,0.055761
99,29,9.15626,0.0539382
99,30,9.16469,0.0528459
99,31,9.15444,0.0521831
99,32,9.17435,0.0543556
99,33,9.16024,0.0545901
99,34,9.1729,0.0544993
99,35,9.16175,0.0541236
99,36,9.16347,0.0526683
99,37,9.16589,0.0513206
99,38,9.15511,0.0511363
99,39,9.15971,0.0500534
99,40,9.17691,0.0517594
99,41,9.16888,0.0511468
99,42,9.16575,0.0500407
99,43,9.16583,0.0488902
99,44,9.17201,0.0481895
99,45,9.17218,0.0471306
99,46,9.16542,0.0466095
99,47,9.16449,0.0456375
99,48,9.17241,0.0453927
99,49,9.1856,0.0463907
99,50,9.19522,0.0464791
99,51,9.19364,0.0456039
99,52,9.18749,0.0451568
99,53,9.18881,0.0443322
99,54,9.1944,0.0438768
99,55,9.19794,0.0432315
99,56,9.19886,0.0424763
99,57,9.20855,0.0428471
99,58,9.20616,0.0421824
99,59,9.21598,0.042619
99,60,9.21094,0.0422161
99,61,9.21495,0.0417228
99,62,9.21274,0.0411144
99,63,9.19763,0.043196
99,64,9.20306,0.0428712
99,65,9.20558,0.0422918
99,66,9.20106,0.0419002
99,67,9.20182,0.0412865
99,68,9.20037,0.0407095
99,69,9.20003,0.0401252
99,70,9.20561,0.0399474
99,71,9.2143,0.0403361
99,72,9.21085,0.0399293
99,73,9.20971,0.0394025
99,74,9.21197,0.0389393
99,75,9.20968,0.0384915
99,76,9.2139,0.0382225
99,77,9.21798,0.0379484
99,78,9.2142,0.0376544
99,79,9.21415,0.0371808
99,80,9.22186,0.0375192
99,81,9.22044,0.0370858
99,82,9.22308,0.0367312
99,83,9.21983,0.0364365
99,84,9.21863,0.0360256
99,85,9.22158,0.0357264
99,86,9.21474,0.0359689
99,87,9.22031,0.0359905
99,88,9.21783,0.0356702
99,89,9.21988,0.0353314
99,90,9.21669,0.0350861
99,91,9.21579,0.0347142
99,92,9.22167,0.034838
99,93,9.2206,0.0344819
99,94,9.2234,0.0342314
99,95,9.22271,0.0338799
99,96,9.22596,0.0336857
99,97,9.22206,0.0335674
99,98,9.22398,0.0332819
99,99,9.22284,0.0329669
