# best solutions
1, 17, 19, 8, 11, 21, 34, 32, 22, 20, 23, 4, 18, 25, 13, 6, 15, 33, 5, 24, 16, 9, 28, 10, 3, 31, 30, 7, 26, 2, 29, 27, 14, 12, 1,8.74192
1, 16, 22, 27, 21, 32, 31, 12, 8, 3, 7, 19, 30, 34, 15, 20, 26, 25, 2, 29, 5, 13, 17, 4, 23, 18, 9, 10, 11, 14, 33, 6, 28, 24, 1,8.11216
1, 17, 26, 8, 11, 21, 34, 32, 22, 20, 23, 4, 18, 25, 13, 6, 15, 33, 5, 24, 16, 9, 28, 10, 3, 31, 30, 7, 19, 2, 29, 27, 14, 12, 1,7.95625
1, 31, 24, 20, 4, 2, 34, 6, 19, 27, 17, 26, 8, 14, 10, 15, 30, 33, 12, 9, 25, 16, 13, 11, 21, 32, 22, 23, 7, 3, 28, 5, 29, 18, 1,7.66889
1, 17, 19, 8, 26, 31, 15, 2, 10, 24, 14, 30, 33, 12, 9, 25, 16, 13, 6, 11, 21, 34, 32, 22, 20, 23, 4, 7, 3, 28, 27, 5, 29, 18, 1,7.4117
1, 31, 24, 20, 4, 2, 34, 6, 19, 27, 17, 26, 8, 14, 10, 15, 30, 33, 12, 9, 25, 29, 5, 28, 3, 7, 23, 22, 32, 21, 11, 13, 16, 18, 1,6.74454
1, 31, 15, 20, 4, 2, 34, 6, 19, 27, 29, 5, 28, 3, 7, 23, 30, 33, 12, 9, 25, 16, 13, 17, 26, 8, 14, 10, 24, 22, 32, 21, 11, 18, 1,5.61404
1, 31, 15, 20, 4, 2, 34, 6, 19, 27, 29, 5, 28, 3, 7, 23, 30, 33, 12, 9, 25, 16, 13, 17, 26, 8, 14, 10, 24, 22, 32, 21, 11, 18, 1,5.61404
1, 31, 15, 20, 4, 2, 34, 6, 19, 27, 29, 5, 28, 3, 7, 23, 30, 33, 12, 9, 25, 16, 13, 17, 24, 8, 14, 26, 10, 11, 18, 21, 22, 32, 1,5.19544
1, 31, 15, 20, 4, 2, 34, 6, 19, 27, 29, 5, 28, 3, 7, 23, 30, 33, 12, 9, 25, 16, 13, 17, 24, 8, 14, 26, 10, 11, 18, 21, 22, 32, 1,5.19544
1, 31, 15, 20, 4, 2, 34, 6, 19, 27, 29, 5, 28, 3, 7, 23, 30, 33, 12, 9, 25, 16, 13, 17, 14, 8, 26, 24, 10, 11, 18, 21, 22, 32, 1,4.85431
1, 31, 15, 20, 4, 2, 34, 6, 19, 27, 29, 5, 28, 3, 7, 23, 30, 33, 12, 9, 25, 16, 13, 17, 14, 8, 26, 24, 10, 11, 18, 21, 22, 32, 1,4.85431
1, 31, 12, 15, 20, 4, 2, 34, 6, 19, 27, 29, 5, 28, 3, 7, 23, 30, 33, 9, 25, 16, 13, 17, 24, 26, 10, 11, 18, 8, 14, 21, 22, 32, 1,4.65162
1, 31, 12, 15, 20, 4, 2, 34, 13, 19, 27, 29, 5, 28, 3, 7, 23, 30, 33, 9, 25, 16, 6, 17, 24, 26, 10, 11, 18, 8, 14, 21, 22, 32, 1,4.59761
1, 31, 15, 12, 9, 25, 16, 13, 17, 24, 26, 10, 11, 18, 8, 14, 21, 22, 33, 20, 4, 2, 34, 6, 19, 27, 29, 5, 28, 3, 7, 23, 30, 32, 1,4.52201
1, 31, 12, 15, 20, 4, 2, 34, 13, 19, 27, 29, 5, 28, 6, 3, 7, 23, 30, 33, 9, 8, 18, 11, 10, 26, 24, 17, 16, 25, 14, 21, 22, 32, 1,4.16923
1, 31, 12, 15, 20, 4, 2, 34, 13, 19, 27, 29, 5, 28, 6, 3, 7, 23, 30, 33, 17, 16, 25, 14, 21, 22, 32, 9, 8, 18, 11, 10, 26, 24, 1,3.84681
1, 31, 12, 15, 20, 4, 2, 34, 13, 19, 27, 29, 5, 28, 6, 3, 7, 23, 30, 33, 32, 22, 21, 14, 25, 16, 17, 24, 26, 10, 11, 18, 8, 9, 1,3.61887
1, 31, 12, 15, 20, 4, 2, 34, 13, 19, 27, 29, 5, 28, 6, 3, 7, 23, 30, 33, 32, 22, 21, 14, 25, 16, 17, 24, 26, 10, 11, 18, 8, 9, 1,3.61887
1, 31, 12, 15, 20, 4, 2, 3, 6, 28, 5, 29, 27, 19, 13, 34, 7, 23, 30, 33, 32, 22, 21, 14, 25, 16, 17, 24, 26, 10, 11, 18, 8, 9, 1,3.43912
1, 31, 12, 15, 20, 4, 2, 3, 6, 28, 5, 29, 27, 19, 13, 34, 7, 23, 30, 33, 32, 22, 21, 14, 25, 16, 17, 24, 9, 8, 18, 11, 10, 26, 1,3.34565
1, 31, 12, 15, 20, 23, 30, 33, 32, 22, 21, 14, 25, 16, 17, 3, 7, 4, 2, 34, 13, 19, 27, 29, 5, 28, 6, 24, 9, 8, 18, 11, 10, 26, 1,3.28049
1, 31, 12, 15, 20, 4, 2, 3, 6, 28, 5, 29, 27, 19, 13, 34, 7, 23, 30, 33, 32, 22, 21, 14, 25, 16, 17, 24, 26, 10, 11, 9, 8, 18, 1,3.00966
1, 31, 12, 15, 20, 4, 2, 3, 6, 28, 5, 29, 27, 19, 13, 34, 7, 23, 30, 33, 32, 22, 21, 14, 25, 16, 17, 24, 26, 10, 11, 9, 8, 18, 1,3.00966
1, 31, 12, 15, 20, 4, 2, 3, 6, 28, 5, 29, 27, 19, 13, 34, 7, 23, 30, 33, 32, 22, 21, 14, 25, 16, 17, 24, 26, 10, 11, 9, 8, 18, 1,3.00966
1, 31, 12, 15, 20, 4, 2, 3, 6, 28, 5, 29, 27, 19, 13, 34, 7, 23, 30, 33, 32, 22, 21, 14, 25, 16, 17, 24, 26, 10, 11, 9, 8, 18, 1,3.00966
1, 31, 12, 15, 20, 4, 2, 3, 6, 28, 5, 29, 27, 19, 14, 34, 7, 23, 30, 33, 32, 22, 21, 13, 25, 16, 17, 24, 26, 10, 11, 9, 8, 18, 1,2.90123
1, 31, 12, 15, 20, 4, 2, 14, 6, 28, 5, 29, 27, 19, 13, 34, 7, 23, 30, 33, 32, 22, 21, 3, 25, 16, 17, 24, 26, 10, 11, 9, 8, 18, 1,3.00386
1, 31, 12, 15, 20, 4, 2, 21, 22, 32, 33, 30, 23, 7, 34, 13, 19, 27, 29, 5, 28, 6, 3, 14, 25, 16, 17, 24, 26, 10, 11, 9, 8, 18, 1,2.83896
1, 31, 12, 15, 20, 4, 2, 21, 22, 32, 33, 30, 23, 7, 34, 13, 19, 27, 29, 5, 28, 6, 3, 14, 25, 16, 17, 24, 26, 10, 11, 9, 8, 18, 1,2.83896
1, 31, 12, 15, 20, 4, 2, 21, 22, 32, 33, 30, 23, 7, 34, 13, 19, 27, 29, 5, 28, 6, 3, 14, 25, 16, 17, 24, 26, 10, 11, 9, 8, 18, 1,2.83896
1, 31, 12, 15, 20, 4, 2, 21, 22, 32, 33, 30, 23, 7, 34, 13, 19, 27, 29, 5, 28, 6, 16, 25, 14, 3, 17, 24, 26, 10, 11, 9, 8, 18, 1,2.82965
1, 31, 12, 15, 20, 4, 2, 21, 22, 32, 33, 30, 23, 7, 34, 14, 19, 27, 29, 5, 28, 6, 3, 13, 25, 16, 17, 24, 26, 10, 11, 9, 8, 18, 1,2.6304
1, 31, 12, 15, 20, 4, 2, 21, 22, 32, 33, 30, 23, 7, 34, 14, 19, 27, 29, 5, 28, 6, 3, 13, 25, 16, 17, 24, 26, 10, 11, 9, 8, 18, 1,2.6304
1, 31, 12, 15, 20, 4, 2, 21, 22, 32, 33, 30, 23, 7, 34, 14, 19, 27, 29, 5, 28, 6, 11, 10, 26, 24, 17, 16, 25, 13, 3, 9, 8, 18, 1,2.60021
1, 31, 12, 15, 20, 4, 2, 21, 22, 32, 33, 30, 23, 7, 34, 14, 19, 27, 29, 5, 28, 6, 11, 10, 26, 24, 17, 16, 25, 13, 3, 9, 8, 18, 1,2.60021
1, 31, 12, 15, 20, 4, 2, 21, 22, 32, 33, 30, 23, 7, 34, 14, 19, 27, 29, 5, 28, 6, 11, 10, 26, 24, 17, 16, 25, 13, 3, 9, 8, 18, 1,2.60021
1, 31, 18, 8, 9, 3, 13, 25, 16, 17, 24, 26, 10, 11, 6, 28, 5, 29, 27, 19, 14, 34, 7, 23, 30, 33, 32, 22, 21, 2, 4, 20, 15, 12, 1,2.59562
1, 31, 12, 15, 20, 4, 2, 21, 22, 32, 33, 30, 23, 7, 34, 14, 19, 27, 29, 5, 28, 6, 11, 10, 26, 24, 17, 3, 25, 13, 16, 9, 8, 18, 1,2.59883
1, 31, 12, 15, 20, 4, 2, 21, 22, 32, 33, 30, 23, 7, 34, 14, 19, 27, 29, 5, 28, 6, 11, 10, 8, 24, 17, 3, 25, 13, 16, 9, 26, 18, 1,2.51804
1, 31, 12, 15, 20, 4, 2, 21, 22, 32, 33, 30, 23, 7, 34, 14, 19, 27, 29, 5, 28, 6, 11, 10, 8, 24, 17, 3, 25, 13, 16, 9, 26, 18, 1,2.51804
1, 31, 12, 15, 20, 4, 32, 21, 22, 2, 33, 30, 23, 7, 34, 14, 19, 27, 29, 5, 28, 6, 11, 10, 8, 24, 17, 3, 25, 13, 16, 9, 26, 18, 1,2.44093
1, 31, 12, 15, 20, 4, 2, 21, 22, 32, 33, 30, 23, 7, 34, 14, 24, 8, 10, 11, 6, 28, 5, 29, 27, 19, 17, 3, 25, 13, 16, 9, 26, 18, 1,2.28202
1, 31, 12, 15, 20, 4, 2, 21, 22, 32, 33, 30, 23, 7, 34, 14, 24, 8, 10, 11, 6, 28, 5, 29, 27, 19, 17, 3, 25, 13, 16, 9, 26, 18, 1,2.28202
1, 31, 12, 15, 20, 4, 32, 21, 22, 2, 33, 30, 23, 7, 34, 14, 24, 8, 10, 11, 6, 28, 5, 29, 27, 19, 17, 3, 25, 13, 16, 9, 26, 18, 1,2.20491
1, 31, 12, 15, 20, 4, 32, 21, 22, 2, 33, 30, 23, 7, 34, 14, 24, 8, 10, 11, 6, 28, 5, 29, 27, 19, 17, 3, 25, 13, 16, 9, 26, 18, 1,2.20491
1, 31, 12, 15, 20, 4, 32, 21, 22, 2, 33, 30, 23, 7, 34, 14, 24, 8, 10, 11, 6, 28, 5, 29, 27, 19, 17, 3, 25, 13, 16, 9, 26, 18, 1,2.20491
1, 31, 12, 15, 20, 4, 32, 2, 33, 21, 22, 30, 23, 7, 34, 14, 24, 8, 10, 11, 6, 28, 5, 29, 27, 19, 17, 3, 25, 13, 16, 9, 26, 18, 1,2.14651
1, 31, 12, 15, 20, 4, 32, 2, 33, 21, 22, 30, 23, 7, 34, 14, 24, 8, 10, 11, 6, 28, 5, 29, 27, 19, 17, 3, 25, 13, 16, 9, 26, 18, 1,2.14651
1, 31, 12, 15, 20, 4, 32, 2, 33, 21, 22, 30, 23, 7, 34, 14, 24, 8, 10, 11, 6, 28, 5, 29, 27, 19, 17, 3, 25, 13, 16, 9, 26, 18, 1,2.14651
1, 31, 12, 15, 20, 4, 32, 2, 33, 23, 7, 30, 21, 22, 34, 14, 24, 8, 10, 11, 6, 28, 5, 29, 27, 19, 17, 3, 25, 13, 16, 9, 26, 18, 1,2.13167
1, 31, 12, 15, 20, 4, 32, 2, 33, 21, 22, 30, 23, 7, 34, 14, 24, 8, 10, 11, 6, 28, 3, 17, 19, 27, 29, 5, 25, 13, 16, 9, 26, 18, 1,2.12403
1, 31, 12, 15, 20, 4, 32, 2, 33, 21, 22, 30, 23, 7, 34, 14, 8, 24, 10, 11, 6, 28, 5, 29, 27, 19, 17, 3, 25, 13, 16, 9, 26, 18, 1,2.08361
1, 31, 12, 15, 20, 4, 32, 2, 33, 23, 7, 30, 21, 22, 34, 14, 8, 24, 10, 11, 6, 28, 5, 29, 27, 19, 17, 3, 25, 13, 16, 9, 26, 18, 1,2.06876
1, 31, 12, 15, 20, 4, 32, 2, 33, 23, 7, 30, 21, 22, 34, 14, 8, 24, 10, 11, 6, 28, 3, 17, 19, 27, 29, 5, 25, 13, 16, 9, 26, 18, 1,2.04628
1, 31, 12, 15, 20, 4, 32, 2, 33, 23, 7, 30, 21, 22, 34, 14, 8, 24, 10, 11, 6, 28, 3, 17, 19, 27, 29, 5, 25, 13, 16, 9, 26, 18, 1,2.04628
1, 31, 12, 15, 20, 4, 32, 30, 7, 23, 33, 2, 21, 22, 34, 14, 8, 24, 10, 11, 6, 28, 3, 17, 19, 27, 29, 5, 25, 13, 16, 9, 26, 18, 1,1.88034
1, 31, 12, 15, 20, 4, 32, 30, 7, 23, 33, 2, 21, 22, 34, 14, 8, 24, 10, 11, 6, 28, 3, 17, 19, 27, 29, 5, 25, 13, 16, 9, 26, 18, 1,1.88034
1, 31, 12, 15, 20, 4, 32, 30, 7, 23, 33, 2, 21, 22, 34, 14, 8, 24, 10, 11, 6, 28, 3, 17, 19, 27, 29, 5, 25, 13, 16, 9, 26, 18, 1,1.88034
1, 31, 18, 26, 9, 16, 13, 25, 5, 29, 27, 19, 17, 3, 28, 6, 11, 10, 24, 8, 14, 34, 22, 21, 2, 33, 23, 7, 30, 32, 4, 20, 15, 12, 1,1.87574
1, 31, 18, 26, 9, 16, 13, 25, 5, 29, 27, 19, 17, 3, 28, 6, 11, 10, 24, 8, 14, 34, 22, 21, 2, 33, 23, 7, 30, 32, 4, 20, 15, 12, 1,1.87574
1, 31, 18, 26, 9, 16, 13, 25, 5, 29, 27, 19, 17, 3, 28, 6, 11, 10, 24, 8, 14, 34, 22, 21, 2, 33, 23, 7, 30, 32, 4, 20, 15, 12, 1,1.87574
1, 31, 18, 26, 9, 16, 13, 25, 5, 29, 27, 19, 17, 3, 28, 6, 11, 10, 24, 8, 14, 34, 22, 21, 2, 33, 23, 7, 30, 32, 4, 20, 15, 12, 1,1.87574
1, 31, 18, 26, 9, 16, 13, 25, 5, 29, 27, 19, 17, 3, 28, 6, 11, 10, 24, 8, 14, 34, 22, 21, 2, 33, 23, 7, 30, 32, 4, 20, 15, 12, 1,1.87574
1, 31, 18, 26, 9, 16, 13, 25, 5, 29, 27, 19, 17, 3, 28, 6, 11, 10, 24, 8, 14, 34, 22, 21, 2, 33, 23, 7, 30, 32, 4, 20, 15, 12, 1,1.87574
1, 31, 18, 26, 9, 16, 13, 25, 5, 29, 27, 19, 17, 3, 28, 6, 11, 10, 24, 8, 14, 34, 22, 21, 2, 33, 23, 7, 30, 32, 4, 20, 15, 12, 1,1.87574
1, 31, 18, 26, 9, 16, 13, 25, 5, 29, 27, 19, 17, 3, 28, 6, 11, 10, 24, 8, 14, 34, 22, 21, 2, 33, 23, 7, 30, 32, 4, 20, 15, 12, 1,1.87574
1, 31, 18, 26, 9, 16, 13, 25, 5, 29, 27, 19, 17, 3, 28, 6, 11, 10, 24, 8, 14, 34, 22, 21, 2, 33, 23, 7, 30, 32, 4, 20, 15, 12, 1,1.87574
1, 31, 18, 26, 9, 16, 13, 25, 5, 29, 27, 19, 17, 3, 28, 6, 11, 10, 24, 8, 14, 34, 22, 21, 2, 33, 23, 7, 30, 32, 4, 20, 15, 12, 1,1.87574
1, 31, 18, 26, 9, 16, 13, 25, 5, 29, 27, 19, 17, 3, 28, 6, 11, 10, 24, 8, 14, 34, 22, 21, 2, 33, 23, 7, 30, 32, 4, 20, 15, 12, 1,1.87574
1, 31, 18, 26, 9, 16, 13, 25, 5, 29, 27, 19, 17, 3, 28, 6, 11, 10, 24, 8, 14, 34, 22, 21, 2, 33, 23, 7, 30, 32, 4, 20, 15, 12, 1,1.87574
1, 31, 18, 26, 9, 16, 13, 25, 5, 29, 27, 19, 17, 3, 6, 28, 11, 10, 24, 8, 14, 34, 22, 21, 2, 33, 23, 7, 30, 32, 4, 20, 15, 12, 1,1.69802
1, 31, 18, 26, 9, 16, 13, 25, 5, 29, 27, 19, 17, 3, 6, 28, 11, 10, 24, 8, 14, 34, 22, 21, 2, 33, 23, 7, 30, 32, 4, 20, 15, 12, 1,1.69802
1, 31, 18, 26, 9, 16, 13, 25, 5, 29, 27, 19, 17, 3, 6, 28, 11, 10, 24, 8, 14, 34, 22, 21, 2, 33, 23, 7, 30, 32, 4, 20, 15, 12, 1,1.69802
1, 31, 18, 26, 9, 16, 13, 25, 5, 29, 27, 19, 17, 3, 6, 28, 11, 10, 24, 8, 14, 34, 22, 21, 2, 33, 23, 7, 30, 32, 4, 20, 15, 12, 1,1.69802
1, 31, 18, 26, 9, 16, 13, 25, 5, 29, 27, 19, 17, 3, 6, 28, 11, 10, 24, 8, 34, 14, 22, 21, 2, 33, 23, 7, 30, 32, 4, 20, 15, 12, 1,1.67259
1, 31, 18, 26, 9, 16, 13, 25, 5, 29, 27, 19, 17, 3, 6, 28, 11, 10, 24, 8, 14, 34, 22, 21, 2, 33, 32, 7, 30, 23, 4, 20, 15, 12, 1,1.6724
1, 31, 18, 26, 9, 16, 13, 25, 5, 29, 27, 19, 17, 3, 6, 28, 11, 10, 24, 8, 14, 34, 22, 21, 2, 33, 32, 7, 30, 23, 4, 20, 15, 12, 1,1.6724
1, 31, 18, 26, 9, 16, 13, 25, 5, 29, 27, 19, 17, 3, 6, 28, 11, 10, 24, 8, 34, 14, 22, 21, 2, 33, 32, 7, 30, 23, 4, 20, 15, 12, 1,1.64697
1, 31, 18, 26, 9, 16, 13, 25, 5, 29, 27, 19, 17, 3, 6, 28, 11, 10, 24, 8, 34, 14, 22, 21, 2, 33, 32, 7, 30, 23, 4, 20, 15, 12, 1,1.64697
1, 31, 18, 26, 9, 16, 13, 25, 5, 29, 27, 19, 17, 3, 6, 28, 11, 10, 24, 8, 34, 14, 22, 21, 2, 33, 32, 7, 30, 23, 4, 20, 15, 12, 1,1.64697
1, 31, 18, 26, 9, 16, 13, 25, 5, 29, 27, 19, 17, 3, 6, 28, 11, 10, 24, 8, 34, 14, 22, 21, 2, 33, 32, 7, 30, 23, 4, 20, 15, 12, 1,1.64697
1, 31, 18, 26, 9, 16, 13, 25, 5, 29, 27, 19, 17, 3, 6, 28, 11, 10, 24, 8, 34, 14, 22, 21, 2, 33, 32, 7, 30, 23, 4, 20, 15, 12, 1,1.64697
1, 31, 18, 26, 9, 16, 13, 25, 5, 29, 27, 19, 17, 3, 6, 28, 11, 10, 24, 8, 34, 14, 22, 21, 2, 33, 32, 7, 30, 23, 4, 20, 15, 12, 1,1.64697
1, 31, 18, 26, 9, 16, 13, 25, 5, 29, 27, 19, 17, 3, 6, 28, 11, 10, 24, 8, 34, 14, 22, 21, 2, 33, 32, 7, 30, 23, 4, 20, 15, 12, 1,1.64697
1, 31, 18, 26, 34, 16, 13, 25, 5, 29, 27, 19, 17, 3, 6, 28, 11, 10, 24, 8, 9, 14, 22, 21, 2, 33, 32, 7, 30, 23, 4, 20, 15, 12, 1,1.62872
1, 31, 18, 26, 34, 16, 13, 25, 5, 29, 27, 19, 17, 3, 6, 28, 11, 10, 24, 8, 9, 14, 22, 21, 2, 33, 32, 7, 30, 23, 4, 20, 15, 12, 1,1.62872
1, 31, 18, 26, 34, 16, 13, 25, 5, 29, 27, 19, 17, 3, 6, 28, 11, 10, 24, 8, 9, 14, 22, 21, 2, 33, 32, 7, 30, 23, 4, 20, 15, 12, 1,1.62872
1, 31, 18, 26, 34, 16, 13, 25, 5, 29, 27, 19, 17, 3, 6, 28, 11, 10, 24, 8, 9, 14, 22, 21, 2, 33, 30, 7, 32, 23, 4, 20, 15, 12, 1,1.62384
1, 31, 18, 26, 34, 16, 13, 25, 5, 29, 27, 19, 17, 3, 6, 28, 11, 10, 24, 8, 9, 14, 22, 21, 2, 33, 30, 7, 32, 23, 4, 20, 15, 12, 1,1.62384
1, 31, 18, 26, 34, 3, 17, 19, 27, 29, 5, 25, 13, 16, 6, 28, 11, 10, 24, 8, 9, 14, 22, 21, 2, 33, 32, 7, 30, 23, 4, 20, 15, 12, 1,1.61446
1, 31, 18, 26, 34, 3, 16, 17, 19, 27, 29, 5, 25, 13, 6, 28, 11, 10, 24, 8, 9, 14, 22, 21, 2, 33, 32, 7, 30, 23, 4, 20, 15, 12, 1,1.53429
1, 31, 18, 26, 34, 3, 16, 17, 19, 27, 29, 5, 25, 13, 6, 28, 11, 10, 24, 8, 9, 14, 22, 21, 2, 33, 32, 7, 30, 23, 4, 20, 15, 12, 1,1.53429
1, 31, 18, 26, 34, 9, 8, 24, 10, 11, 28, 6, 16, 13, 25, 5, 29, 27, 19, 17, 3, 14, 22, 21, 2, 33, 32, 7, 30, 23, 4, 20, 15, 12, 1,1.52016
1, 31, 18, 26, 34, 9, 8, 24, 10, 11, 28, 6, 16, 13, 25, 5, 29, 27, 19, 17, 3, 14, 22, 21, 2, 33, 32, 7, 30, 23, 4, 20, 15, 12, 1,1.52016
1, 31, 18, 26, 34, 9, 8, 24, 10, 11, 28, 6, 16, 13, 25, 5, 29, 27, 19, 17, 3, 14, 22, 21, 2, 33, 30, 7, 32, 23, 4, 20, 15, 12, 1,1.51528
1, 31, 18, 26, 34, 9, 8, 24, 10, 11, 28, 6, 16, 13, 25, 5, 29, 27, 19, 17, 3, 14, 22, 21, 2, 33, 30, 7, 32, 23, 4, 20, 15, 12, 1,1.51528
1, 31, 18, 26, 34, 9, 8, 24, 10, 11, 28, 6, 16, 13, 25, 5, 29, 27, 19, 17, 3, 14, 22, 21, 2, 33, 30, 7, 32, 23, 4, 20, 15, 12, 1,1.51528
1, 31, 18, 26, 34, 9, 8, 24, 10, 11, 28, 6, 16, 13, 25, 5, 29, 27, 19, 17, 3, 14, 22, 21, 2, 33, 30, 7, 32, 23, 4, 20, 15, 12, 1,1.51528
1, 31, 18, 26, 34, 9, 8, 24, 10, 11, 28, 6, 16, 13, 25, 5, 29, 27, 19, 17, 3, 14, 22, 21, 2, 33, 30, 7, 32, 23, 4, 20, 15, 12, 1,1.51528
1, 12, 15, 20, 4, 23, 32, 7, 30, 33, 2, 21, 22, 14, 3, 17, 19, 27, 29, 5, 25, 13, 16, 6, 28, 11, 10, 24, 8, 9, 34, 26, 18, 31, 1,1.51528
1, 12, 15, 20, 4, 23, 32, 7, 30, 33, 2, 21, 22, 14, 3, 17, 19, 27, 29, 5, 25, 13, 16, 6, 28, 11, 10, 24, 8, 9, 34, 26, 18, 31, 1,1.51528
1, 12, 15, 20, 4, 23, 32, 7, 30, 33, 2, 21, 22, 14, 3, 17, 19, 27, 29, 5, 25, 13, 16, 6, 28, 11, 10, 24, 8, 9, 34, 26, 18, 31, 1,1.51528
1, 12, 15, 20, 4, 23, 32, 7, 30, 33, 2, 21, 22, 14, 3, 17, 19, 27, 29, 5, 25, 13, 16, 6, 28, 11, 10, 24, 8, 9, 34, 26, 18, 31, 1,1.51528
1, 12, 15, 20, 4, 23, 32, 7, 30, 33, 2, 21, 22, 14, 3, 17, 19, 27, 29, 5, 25, 13, 16, 6, 28, 11, 10, 24, 8, 9, 34, 26, 18, 31, 1,1.51528
1, 12, 15, 20, 4, 23, 32, 7, 30, 33, 2, 21, 22, 14, 3, 17, 19, 27, 29, 5, 25, 13, 16, 6, 28, 11, 10, 24, 8, 9, 26, 34, 18, 31, 1,1.4449
1, 12, 15, 20, 4, 23, 32, 7, 30, 33, 2, 22, 21, 14, 3, 17, 19, 27, 29, 5, 25, 13, 16, 6, 28, 11, 10, 24, 8, 9, 34, 26, 18, 31, 1,1.48162
1, 12, 15, 20, 4, 23, 32, 7, 30, 33, 2, 21, 22, 14, 3, 17, 19, 29, 27, 5, 25, 13, 16, 6, 28, 11, 10, 24, 8, 9, 34, 26, 18, 31, 1,1.42161
1, 12, 15, 20, 4, 23, 32, 7, 30, 33, 2, 21, 22, 14, 3, 17, 19, 29, 27, 5, 25, 13, 16, 6, 28, 11, 10, 24, 8, 9, 34, 26, 18, 31, 1,1.42161
1, 12, 15, 20, 4, 23, 32, 7, 30, 33, 2, 22, 21, 14, 3, 17, 19, 29, 27, 5, 25, 13, 16, 6, 28, 11, 10, 24, 8, 9, 34, 26, 18, 31, 1,1.38795
1, 12, 15, 20, 4, 23, 32, 7, 30, 33, 2, 22, 21, 14, 3, 17, 19, 29, 27, 5, 25, 13, 16, 6, 28, 11, 10, 24, 8, 9, 34, 26, 18, 31, 1,1.38795
1, 12, 15, 20, 4, 23, 32, 7, 30, 33, 2, 22, 21, 14, 3, 17, 19, 29, 27, 5, 25, 13, 16, 6, 28, 11, 10, 24, 8, 9, 34, 26, 18, 31, 1,1.38795
1, 12, 15, 20, 4, 23, 32, 7, 30, 33, 2, 22, 21, 14, 3, 17, 19, 29, 27, 5, 25, 13, 16, 6, 28, 11, 10, 24, 8, 9, 34, 26, 18, 31, 1,1.38795
1, 12, 15, 20, 4, 23, 32, 7, 30, 33, 2, 22, 21, 14, 3, 17, 19, 29, 27, 5, 25, 13, 16, 6, 28, 11, 26, 10, 24, 8, 9, 34, 18, 31, 1,1.33253
1, 18, 31, 12, 15, 20, 4, 23, 32, 7, 30, 33, 2, 22, 21, 14, 3, 17, 19, 29, 27, 5, 25, 13, 16, 6, 28, 11, 26, 10, 24, 8, 9, 34, 1,1.32215
1, 18, 31, 12, 15, 20, 4, 23, 32, 7, 30, 33, 2, 22, 21, 14, 3, 17, 19, 29, 27, 5, 25, 13, 16, 6, 28, 11, 26, 10, 24, 8, 9, 34, 1,1.32215
1, 18, 31, 12, 15, 20, 4, 23, 32, 7, 30, 33, 2, 22, 21, 14, 3, 17, 19, 29, 27, 5, 25, 13, 16, 6, 28, 11, 26, 10, 24, 8, 9, 34, 1,1.32215
1, 18, 31, 12, 34, 9, 8, 24, 10, 26, 11, 28, 6, 16, 13, 25, 5, 27, 29, 19, 17, 3, 14, 21, 22, 2, 33, 30, 7, 32, 23, 4, 20, 15, 1,1.3183
1, 18, 31, 12, 15, 20, 23, 4, 32, 7, 30, 33, 2, 22, 21, 14, 3, 17, 19, 29, 27, 5, 25, 13, 16, 6, 28, 11, 26, 10, 24, 8, 9, 34, 1,1.31301
1, 18, 31, 12, 15, 20, 23, 4, 32, 7, 30, 33, 2, 22, 21, 14, 3, 17, 19, 29, 27, 5, 25, 13, 16, 6, 28, 11, 26, 10, 24, 8, 9, 34, 1,1.31301
1, 18, 31, 12, 15, 20, 23, 4, 32, 7, 30, 33, 2, 22, 21, 14, 3, 17, 19, 29, 27, 5, 25, 13, 16, 6, 28, 11, 26, 10, 24, 8, 9, 34, 1,1.31301
1, 18, 31, 12, 15, 20, 23, 4, 32, 7, 30, 33, 2, 22, 21, 14, 3, 17, 19, 29, 27, 5, 25, 13, 16, 6, 28, 11, 26, 10, 24, 8, 9, 34, 1,1.31301
1, 18, 31, 12, 15, 20, 23, 4, 32, 7, 30, 33, 2, 22, 21, 14, 3, 17, 19, 29, 27, 5, 25, 13, 16, 6, 28, 11, 26, 10, 24, 8, 9, 34, 1,1.31301
1, 18, 31, 12, 15, 20, 23, 4, 32, 7, 30, 33, 2, 22, 21, 14, 3, 17, 19, 29, 27, 5, 25, 13, 16, 6, 28, 11, 10, 26, 24, 8, 9, 34, 1,1.28969
1, 18, 31, 12, 15, 20, 23, 4, 32, 7, 30, 33, 2, 22, 21, 14, 3, 17, 19, 29, 27, 5, 25, 13, 16, 6, 28, 11, 10, 26, 24, 8, 9, 34, 1,1.28969
1, 18, 31, 12, 15, 20, 23, 4, 32, 7, 30, 33, 2, 22, 21, 14, 3, 17, 19, 29, 27, 5, 25, 13, 16, 6, 28, 11, 10, 26, 24, 8, 9, 34, 1,1.28969
1, 18, 31, 12, 15, 20, 23, 4, 32, 7, 30, 33, 2, 22, 21, 14, 3, 17, 19, 29, 27, 5, 25, 13, 16, 6, 28, 11, 10, 26, 24, 8, 9, 34, 1,1.28969
1, 18, 31, 12, 15, 20, 23, 4, 32, 7, 30, 33, 2, 22, 21, 14, 3, 17, 19, 29, 27, 5, 25, 13, 16, 6, 28, 11, 10, 26, 24, 8, 9, 34, 1,1.28969
1, 18, 31, 12, 15, 20, 23, 4, 32, 7, 30, 33, 2, 22, 21, 14, 3, 17, 19, 29, 27, 5, 25, 13, 16, 6, 28, 11, 24, 26, 10, 8, 9, 34, 1,1.27585
1, 18, 31, 12, 15, 20, 23, 4, 32, 7, 30, 33, 2, 22, 21, 14, 3, 17, 19, 29, 27, 5, 25, 13, 16, 6, 28, 11, 24, 26, 10, 8, 9, 34, 1,1.27585
1, 18, 31, 12, 15, 20, 23, 4, 32, 7, 30, 33, 2, 22, 21, 14, 3, 17, 19, 29, 27, 5, 25, 13, 16, 6, 28, 11, 24, 26, 10, 8, 9, 34, 1,1.27585
1, 18, 31, 12, 15, 20, 23, 4, 30, 7, 32, 33, 2, 22, 21, 14, 3, 17, 19, 29, 27, 5, 25, 13, 16, 6, 28, 11, 24, 26, 10, 8, 9, 34, 1,1.27312
1, 18, 31, 12, 15, 20, 23, 4, 30, 7, 32, 33, 2, 22, 21, 14, 3, 17, 19, 29, 27, 5, 25, 13, 16, 6, 28, 11, 24, 26, 10, 8, 9, 34, 1,1.27312
1, 18, 31, 12, 15, 20, 23, 4, 7, 30, 32, 33, 2, 22, 21, 14, 3, 17, 19, 29, 27, 5, 25, 13, 16, 6, 28, 11, 24, 26, 10, 8, 9, 34, 1,1.27266
1, 18, 31, 12, 15, 20, 23, 4, 30, 7, 32, 33, 2, 22, 21, 14, 3, 17, 19, 29, 27, 5, 25, 13, 16, 6, 28, 11, 24, 26, 10, 8, 9, 34, 1,1.27312
1, 18, 31, 12, 15, 20, 23, 4, 30, 7, 32, 33, 2, 22, 21, 14, 3, 17, 19, 29, 27, 5, 25, 13, 16, 6, 28, 11, 24, 9, 8, 10, 26, 34, 1,1.26268
1, 18, 31, 12, 15, 20, 23, 4, 30, 7, 32, 33, 2, 22, 21, 14, 3, 17, 19, 29, 27, 5, 25, 13, 16, 6, 28, 11, 24, 9, 8, 10, 26, 34, 1,1.26268
1, 18, 31, 12, 15, 20, 23, 4, 30, 7, 32, 33, 2, 22, 21, 14, 3, 17, 19, 29, 27, 5, 25, 13, 16, 6, 28, 11, 24, 9, 8, 10, 26, 34, 1,1.26268
1, 18, 31, 12, 15, 20, 23, 4, 30, 7, 32, 33, 2, 22, 21, 14, 3, 17, 19, 29, 27, 5, 25, 13, 16, 6, 28, 11, 24, 9, 8, 10, 26, 34, 1,1.26268
1, 18, 31, 12, 15, 20, 23, 4, 30, 7, 32, 33, 2, 22, 21, 14, 3, 17, 19, 29, 27, 5, 25, 13, 16, 6, 28, 11, 24, 9, 8, 10, 26, 34, 1,1.26268
1, 18, 31, 12, 15, 20, 23, 4, 30, 7, 32, 33, 2, 22, 21, 14, 3, 17, 19, 29, 27, 5, 25, 13, 16, 6, 28, 11, 24, 9, 8, 10, 26, 34, 1,1.26268
1, 18, 31, 12, 34, 20, 23, 4, 30, 7, 32, 33, 2, 22, 21, 14, 3, 17, 19, 29, 27, 5, 25, 13, 16, 6, 28, 11, 24, 9, 8, 10, 26, 15, 1,1.25587
1, 18, 31, 12, 34, 20, 23, 4, 30, 7, 32, 33, 2, 22, 21, 14, 3, 17, 19, 29, 27, 5, 25, 13, 16, 6, 28, 11, 24, 9, 8, 10, 26, 15, 1,1.25587
1, 18, 31, 12, 34, 20, 23, 4, 30, 7, 32, 33, 2, 22, 21, 14, 3, 17, 19, 29, 27, 5, 25, 13, 16, 6, 28, 11, 24, 9, 8, 10, 26, 15, 1,1.25587
1, 18, 31, 12, 34, 20, 23, 4, 30, 7, 32, 33, 2, 22, 21, 14, 3, 17, 19, 29, 27, 5, 25, 13, 16, 6, 28, 11, 24, 9, 8, 10, 26, 15, 1,1.25587
1, 18, 31, 12, 34, 20, 23, 4, 30, 7, 32, 33, 2, 22, 21, 14, 3, 17, 19, 29, 27, 5, 25, 13, 16, 6, 28, 11, 24, 9, 8, 10, 26, 15, 1,1.25587
1, 18, 31, 12, 34, 20, 23, 4, 30, 7, 32, 33, 2, 22, 21, 14, 3, 17, 19, 29, 27, 5, 25, 13, 16, 6, 28, 11, 24, 9, 8, 10, 26, 15, 1,1.25587
1, 18, 31, 12, 34, 20, 23, 4, 30, 7, 32, 33, 2, 22, 21, 14, 3, 17, 19, 29, 27, 5, 25, 13, 16, 6, 28, 11, 24, 9, 8, 10, 26, 15, 1,1.25587
1, 18, 31, 12, 34, 20, 23, 4, 30, 7, 32, 33, 2, 22, 21, 14, 3, 17, 19, 29, 27, 5, 25, 13, 16, 6, 28, 11, 24, 9, 8, 10, 26, 15, 1,1.25587
1, 18, 31, 12, 34, 20, 23, 4, 30, 7, 32, 33, 2, 22, 21, 14, 3, 17, 19, 29, 27, 5, 25, 13, 16, 6, 28, 11, 24, 9, 8, 10, 26, 15, 1,1.25587
1, 18, 31, 12, 34, 20, 23, 4, 30, 7, 32, 33, 2, 22, 21, 14, 3, 17, 19, 29, 27, 5, 25, 13, 16, 6, 28, 11, 24, 9, 8, 10, 26, 15, 1,1.25587
1, 18, 31, 12, 34, 20, 23, 4, 30, 7, 32, 33, 2, 22, 21, 14, 3, 17, 19, 29, 27, 5, 25, 13, 16, 6, 28, 11, 24, 9, 8, 10, 26, 15, 1,1.25587
1, 18, 31, 12, 34, 20, 23, 4, 30, 7, 32, 33, 2, 22, 21, 14, 3, 17, 19, 29, 27, 5, 25, 13, 16, 6, 28, 11, 24, 9, 8, 10, 26, 15, 1,1.25587
1, 18, 31, 12, 34, 20, 23, 4, 30, 7, 32, 33, 2, 22, 21, 14, 3, 17, 19, 29, 27, 5, 25, 13, 16, 6, 28, 11, 24, 9, 8, 10, 26, 15, 1,1.25587
1, 18, 31, 12, 34, 20, 23, 4, 30, 7, 32, 33, 2, 22, 21, 14, 3, 17, 19, 29, 27, 5, 25, 13, 16, 6, 28, 11, 24, 9, 8, 10, 26, 15, 1,1.25587
1, 18, 31, 12, 34, 20, 23, 4, 30, 7, 32, 22, 2, 33, 21, 14, 3, 17, 19, 29, 27, 5, 25, 13, 16, 6, 28, 11, 24, 9, 8, 10, 26, 15, 1,1.17877
1, 18, 31, 12, 34, 20, 23, 4, 30, 7, 32, 22, 2, 33, 21, 14, 3, 17, 19, 29, 27, 5, 25, 13, 16, 6, 28, 11, 24, 9, 8, 10, 26, 15, 1,1.17877
1, 18, 31, 12, 34, 20, 23, 4, 30, 7, 32, 22, 2, 33, 21, 14, 3, 17, 19, 29, 27, 5, 25, 13, 16, 6, 28, 11, 24, 9, 8, 10, 26, 15, 1,1.17877
1, 18, 31, 12, 34, 20, 23, 4, 30, 7, 32, 22, 2, 33, 21, 14, 3, 17, 19, 29, 27, 5, 25, 13, 16, 6, 28, 11, 24, 9, 8, 10, 26, 15, 1,1.17877
1, 18, 31, 12, 34, 20, 23, 4, 30, 7, 32, 22, 2, 33, 21, 14, 3, 17, 19, 29, 27, 5, 25, 13, 16, 6, 28, 11, 24, 9, 8, 10, 26, 15, 1,1.17877
1, 18, 31, 12, 34, 20, 23, 4, 30, 7, 32, 22, 2, 33, 21, 16, 14, 3, 17, 19, 29, 27, 5, 25, 13, 6, 28, 11, 24, 9, 8, 10, 26, 15, 1,1.13917
1, 18, 31, 12, 34, 20, 23, 4, 30, 7, 32, 22, 2, 33, 21, 16, 14, 3, 17, 19, 29, 27, 5, 25, 13, 6, 28, 11, 24, 9, 8, 10, 26, 15, 1,1.13917
1, 18, 31, 12, 34, 20, 23, 4, 30, 7, 32, 22, 2, 33, 21, 16, 14, 3, 17, 19, 29, 27, 5, 25, 13, 6, 28, 11, 24, 9, 8, 10, 26, 15, 1,1.13917
1, 18, 31, 12, 34, 20, 23, 4, 30, 7, 32, 22, 2, 33, 21, 16, 14, 3, 17, 19, 29, 27, 5, 25, 13, 6, 28, 11, 24, 9, 8, 10, 26, 15, 1,1.13917
1, 18, 31, 12, 34, 20, 23, 4, 30, 7, 32, 22, 2, 33, 21, 16, 14, 3, 17, 19, 29, 27, 5, 25, 13, 6, 28, 11, 24, 9, 8, 10, 26, 15, 1,1.13917
1, 18, 31, 12, 34, 20, 23, 4, 30, 7, 32, 22, 2, 33, 21, 16, 14, 3, 17, 19, 29, 27, 5, 25, 13, 6, 28, 11, 24, 9, 8, 10, 26, 15, 1,1.13917
1, 18, 31, 12, 34, 20, 23, 4, 30, 7, 32, 22, 2, 33, 21, 16, 14, 3, 17, 19, 29, 27, 5, 25, 13, 6, 28, 11, 24, 9, 8, 10, 26, 15, 1,1.13917
1, 18, 31, 12, 34, 20, 23, 4, 30, 7, 32, 22, 2, 33, 21, 16, 14, 3, 17, 19, 29, 27, 5, 25, 13, 6, 28, 11, 24, 9, 8, 10, 26, 15, 1,1.13917
1, 18, 31, 12, 34, 20, 23, 4, 30, 7, 32, 22, 2, 33, 21, 16, 14, 3, 17, 19, 29, 27, 5, 25, 13, 6, 28, 11, 24, 9, 8, 10, 26, 15, 1,1.13917
1, 18, 31, 12, 34, 20, 23, 4, 30, 7, 32, 22, 2, 33, 21, 14, 16, 3, 17, 19, 29, 27, 5, 25, 13, 6, 28, 11, 24, 9, 8, 10, 26, 15, 1,1.09939
1, 18, 31, 12, 34, 20, 23, 4, 30, 7, 32, 22, 2, 33, 21, 14, 16, 3, 17, 19, 29, 27, 5, 25, 13, 6, 28, 11, 24, 9, 8, 10, 26, 15, 1,1.09939
1, 18, 31, 12, 34, 20, 23, 4, 30, 7, 32, 22, 2, 33, 21, 14, 16, 3, 17, 19, 29, 27, 5, 25, 13, 6, 28, 11, 24, 9, 8, 10, 26, 15, 1,1.09939
1, 18, 31, 12, 34, 20, 23, 4, 30, 7, 32, 22, 2, 33, 21, 14, 16, 3, 17, 19, 29, 27, 5, 25, 13, 6, 28, 11, 24, 9, 8, 10, 26, 15, 1,1.09939
1, 18, 31, 12, 34, 20, 23, 4, 30, 7, 32, 22, 2, 33, 21, 14, 16, 3, 17, 19, 29, 27, 5, 25, 13, 6, 28, 11, 24, 9, 8, 10, 26, 15, 1,1.09939
1, 18, 31, 12, 34, 20, 23, 4, 30, 7, 32, 22, 2, 33, 21, 14, 16, 3, 17, 19, 29, 27, 5, 25, 13, 6, 28, 11, 24, 9, 8, 10, 26, 15, 1,1.09939
1, 18, 31, 12, 34, 20, 23, 4, 30, 7, 32, 22, 2, 33, 21, 14, 16, 3, 17, 19, 29, 27, 5, 25, 13, 6, 28, 11, 24, 9, 8, 10, 26, 15, 1,1.09939
1, 18, 31, 12, 34, 20, 23, 4, 30, 7, 32, 22, 2, 33, 21, 14, 16, 3, 17, 19, 29, 27, 5, 25, 13, 6, 28, 11, 24, 9, 8, 10, 26, 15, 1,1.09939
1, 18, 31, 12, 34, 20, 23, 4, 30, 7, 32, 22, 2, 33, 21, 14, 16, 3, 17, 19, 29, 27, 5, 25, 13, 6, 28, 11, 24, 9, 8, 10, 26, 15, 1,1.09939
1, 18, 31, 12, 34, 20, 23, 4, 30, 7, 32, 22, 2, 33, 21, 14, 16, 3, 17, 19, 29, 27, 5, 25, 13, 6, 28, 11, 24, 9, 8, 10, 26, 15, 1,1.09939
1, 18, 31, 12, 34, 20, 23, 4, 30, 7, 32, 22, 2, 33, 21, 14, 16, 3, 17, 19, 29, 27, 5, 25, 13, 6, 28, 11, 24, 9, 8, 10, 26, 15, 1,1.09939
1, 18, 31, 12, 34, 20, 23, 4, 30, 7, 32, 22, 2, 33, 21, 14, 16, 3, 17, 19, 29, 27, 5, 25, 13, 6, 28, 11, 24, 9, 8, 10, 26, 15, 1,1.09939
1, 18, 31, 12, 34, 20, 23, 4, 30, 7, 32, 22, 2, 33, 21, 14, 16, 3, 17, 19, 29, 27, 5, 25, 13, 6, 28, 11, 24, 9, 8, 10, 26, 15, 1,1.09939
1, 18, 31, 12, 34, 20, 23, 4, 30, 7, 32, 22, 2, 33, 21, 14, 3, 16, 17, 19, 29, 27, 5, 25, 13, 6, 28, 11, 24, 9, 8, 10, 26, 15, 1,1.09859
1, 18, 31, 12, 34, 20, 23, 4, 30, 7, 32, 22, 2, 33, 21, 14, 3, 16, 17, 19, 29, 27, 5, 25, 13, 6, 28, 11, 24, 9, 8, 10, 26, 15, 1,1.09859
1, 18, 31, 12, 34, 20, 23, 4, 30, 7, 32, 22, 2, 33, 21, 14, 3, 16, 17, 19, 29, 27, 5, 25, 13, 6, 28, 11, 24, 9, 8, 10, 26, 15, 1,1.09859
1, 18, 31, 12, 34, 20, 23, 4, 30, 7, 32, 22, 2, 33, 21, 14, 3, 16, 17, 19, 29, 27, 5, 25, 13, 6, 28, 11, 24, 9, 8, 10, 26, 15, 1,1.09859
1, 18, 31, 12, 34, 20, 23, 4, 30, 7, 32, 22, 2, 33, 21, 14, 3, 16, 17, 19, 29, 27, 5, 25, 13, 6, 28, 11, 24, 9, 8, 10, 26, 15, 1,1.09859
1, 18, 31, 12, 34, 20, 23, 4, 30, 7, 32, 22, 2, 33, 21, 14, 3, 16, 17, 19, 29, 27, 5, 25, 13, 6, 28, 11, 24, 9, 8, 10, 26, 15, 1,1.09859
1, 18, 31, 12, 34, 20, 23, 4, 30, 7, 32, 22, 2, 33, 21, 14, 3, 16, 17, 19, 29, 27, 5, 25, 13, 6, 28, 11, 24, 9, 8, 10, 26, 15, 1,1.09859
1, 18, 31, 12, 34, 20, 23, 4, 30, 7, 32, 22, 2, 33, 21, 14, 3, 16, 17, 19, 29, 27, 5, 25, 13, 6, 28, 11, 24, 9, 8, 10, 26, 15, 1,1.09859
1, 18, 31, 12, 34, 20, 23, 4, 30, 7, 32, 22, 2, 33, 21, 14, 3, 16, 17, 19, 29, 27, 5, 25, 13, 6, 28, 11, 24, 9, 8, 10, 26, 15, 1,1.09859
1, 18, 31, 12, 34, 20, 23, 4, 30, 7, 32, 22, 2, 33, 21, 14, 3, 16, 17, 19, 29, 27, 5, 25, 13, 6, 28, 11, 24, 9, 8, 10, 26, 15, 1,1.09859
1, 18, 31, 12, 34, 20, 23, 4, 30, 7, 32, 22, 2, 33, 21, 14, 3, 16, 17, 19, 29, 27, 5, 25, 13, 6, 28, 11, 24, 9, 8, 10, 26, 15, 1,1.09859
1, 18, 31, 12, 34, 20, 23, 4, 30, 7, 32, 22, 2, 33, 21, 14, 3, 16, 17, 19, 29, 27, 5, 25, 13, 6, 28, 11, 24, 9, 8, 10, 26, 15, 1,1.09859
1, 18, 31, 12, 34, 20, 23, 4, 30, 7, 32, 22, 2, 33, 21, 14, 3, 16, 17, 19, 29, 27, 5, 25, 13, 6, 28, 11, 24, 9, 8, 10, 26, 15, 1,1.09859
1, 18, 31, 12, 34, 20, 23, 4, 30, 7, 32, 22, 2, 33, 21, 14, 3, 16, 17, 19, 29, 27, 5, 25, 13, 6, 28, 11, 24, 9, 8, 10, 26, 15, 1,1.09859
1, 18, 31, 12, 34, 20, 23, 4, 30, 7, 32, 22, 2, 33, 21, 14, 3, 16, 17, 19, 29, 27, 5, 25, 13, 6, 28, 11, 24, 9, 8, 10, 26, 15, 1,1.09859
1, 18, 31, 12, 34, 20, 23, 4, 30, 7, 32, 22, 2, 33, 21, 14, 3, 16, 17, 19, 29, 27, 5, 25, 13, 6, 28, 11, 24, 9, 8, 10, 26, 15, 1,1.09859
1, 18, 31, 12, 34, 20, 23, 4, 30, 7, 32, 22, 2, 33, 21, 14, 3, 16, 17, 19, 29, 27, 5, 25, 13, 6, 28, 11, 24, 9, 8, 10, 26, 15, 1,1.09859
1, 18, 31, 12, 34, 20, 23, 4, 30, 7, 32, 22, 2, 33, 21, 14, 3, 16, 17, 19, 29, 27, 5, 25, 13, 6, 28, 11, 24, 9, 8, 10, 26, 15, 1,1.09859
1, 18, 31, 12, 34, 20, 23, 4, 30, 7, 32, 22, 2, 33, 21, 14, 3, 16, 17, 19, 29, 27, 5, 25, 13, 6, 28, 11, 24, 9, 8, 10, 26, 15, 1,1.09859
1, 18, 31, 12, 34, 20, 23, 4, 30, 7, 32, 22, 2, 33, 21, 14, 3, 16, 17, 19, 29, 27, 5, 25, 13, 6, 28, 11, 24, 9, 8, 10, 26, 15, 1,1.09859
1, 18, 31, 12, 34, 20, 23, 4, 30, 7, 32, 22, 2, 33, 21, 14, 3, 16, 17, 19, 29, 27, 5, 25, 13, 6, 28, 11, 24, 9, 8, 10, 26, 15, 1,1.09859
1, 18, 31, 12, 34, 20, 23, 4, 30, 7, 32, 22, 2, 33, 21, 14, 3, 16, 17, 19, 29, 27, 5, 25, 13, 6, 28, 11, 24, 9, 8, 10, 26, 15, 1,1.09859
1, 18, 31, 12, 34, 20, 23, 4, 30, 7, 32, 22, 2, 33, 21, 14, 3, 16, 17, 19, 29, 27, 5, 25, 13, 6, 28, 11, 24, 9, 8, 10, 26, 15, 1,1.09859
1, 18, 31, 12, 34, 20, 23, 4, 30, 7, 32, 22, 2, 33, 21, 14, 3, 16, 17, 19, 29, 27, 5, 25, 13, 6, 28, 11, 24, 9, 8, 10, 26, 15, 1,1.09859
1, 18, 31, 12, 34, 20, 23, 4, 30, 7, 32, 22, 2, 33, 21, 14, 3, 16, 17, 19, 29, 27, 5, 25, 13, 6, 28, 11, 24, 9, 8, 10, 26, 15, 1,1.09859
1, 18, 31, 12, 34, 20, 23, 4, 30, 7, 32, 22, 2, 33, 21, 14, 3, 16, 17, 19, 29, 27, 5, 25, 13, 6, 28, 11, 24, 9, 8, 10, 26, 15, 1,1.09859
1, 18, 31, 12, 34, 20, 23, 4, 30, 7, 32, 22, 2, 33, 21, 14, 3, 16, 17, 19, 29, 27, 5, 25, 13, 6, 28, 11, 24, 9, 8, 10, 26, 15, 1,1.09859
1, 18, 31, 12, 34, 20, 23, 4, 30, 7, 32, 22, 2, 33, 21, 14, 3, 16, 17, 19, 29, 27, 5, 25, 13, 6, 28, 11, 24, 9, 8, 10, 26, 15, 1,1.09859
1, 18, 31, 12, 34, 20, 23, 4, 30, 7, 32, 22, 2, 33, 21, 14, 3, 16, 17, 19, 29, 27, 5, 25, 13, 6, 28, 11, 24, 9, 8, 10, 26, 15, 1,1.09859
1, 18, 31, 12, 34, 20, 23, 4, 30, 7, 32, 22, 2, 33, 21, 14, 3, 16, 17, 19, 29, 27, 5, 25, 13, 6, 28, 11, 24, 9, 8, 10, 26, 15, 1,1.09859
1, 18, 31, 12, 34, 20, 23, 4, 30, 7, 32, 22, 2, 33, 21, 14, 3, 16, 17, 19, 29, 27, 5, 25, 13, 6, 28, 11, 24, 9, 8, 10, 26, 15, 1,1.09859
1, 18, 31, 12, 34, 20, 23, 4, 30, 7, 32, 22, 2, 33, 21, 14, 3, 16, 17, 19, 29, 27, 5, 25, 13, 6, 28, 11, 24, 9, 8, 10, 26, 15, 1,1.09859
1, 18, 31, 12, 34, 20, 23, 4, 30, 7, 32, 22, 2, 33, 21, 14, 3, 16, 17, 19, 29, 27, 5, 25, 13, 6, 28, 11, 24, 9, 8, 10, 26, 15, 1,1.09859
1, 18, 31, 12, 34, 20, 23, 4, 30, 7, 32, 22, 2, 33, 21, 14, 3, 16, 17, 19, 29, 27, 5, 25, 13, 6, 28, 11, 24, 9, 8, 10, 26, 15, 1,1.09859
1, 18, 31, 12, 34, 20, 23, 4, 30, 7, 32, 22, 2, 33, 21, 14, 3, 16, 17, 19, 29, 27, 5, 25, 13, 6, 28, 11, 24, 9, 8, 10, 26, 15, 1,1.09859
1, 18, 31, 12, 34, 20, 23, 4, 30, 7, 32, 22, 2, 33, 21, 14, 3, 16, 17, 19, 29, 27, 5, 25, 13, 6, 28, 11, 24, 9, 8, 10, 26, 15, 1,1.09859
1, 18, 31, 12, 34, 20, 23, 4, 30, 7, 32, 22, 2, 33, 21, 14, 3, 16, 17, 19, 29, 27, 5, 25, 13, 6, 28, 11, 24, 9, 8, 10, 26, 15, 1,1.09859
1, 18, 31, 12, 34, 20, 23, 4, 30, 7, 32, 22, 2, 33, 21, 14, 3, 16, 17, 19, 29, 27, 5, 25, 13, 6, 28, 11, 24, 9, 8, 10, 26, 15, 1,1.09859
1, 18, 31, 12, 34, 20, 23, 4, 30, 7, 32, 22, 2, 33, 21, 14, 3, 16, 17, 19, 29, 27, 5, 25, 13, 6, 28, 11, 24, 9, 8, 10, 26, 15, 1,1.09859
1, 18, 31, 12, 34, 20, 23, 4, 30, 7, 32, 22, 2, 33, 21, 14, 3, 16, 17, 19, 29, 27, 5, 25, 13, 6, 28, 11, 24, 9, 8, 10, 26, 15, 1,1.09859
1, 18, 31, 12, 34, 20, 23, 4, 30, 7, 32, 22, 2, 33, 21, 14, 3, 16, 17, 19, 29, 27, 5, 25, 13, 6, 28, 11, 24, 9, 8, 10, 26, 15, 1,1.09859
1, 18, 31, 12, 34, 20, 23, 4, 30, 7, 32, 22, 2, 33, 21, 14, 3, 16, 17, 19, 29, 27, 5, 25, 13, 6, 28, 11, 24, 9, 8, 10, 26, 15, 1,1.09859
1, 18, 31, 12, 34, 20, 23, 4, 30, 7, 32, 22, 2, 33, 21, 14, 3, 16, 17, 19, 29, 27, 5, 25, 13, 6, 28, 11, 24, 9, 8, 10, 26, 15, 1,1.09859
1, 18, 31, 12, 34, 20, 23, 4, 30, 7, 32, 22, 2, 33, 21, 14, 3, 16, 17, 19, 29, 27, 5, 25, 13, 6, 28, 11, 24, 9, 8, 10, 26, 15, 1,1.09859
1, 18, 31, 12, 34, 20, 23, 4, 30, 7, 32, 22, 2, 33, 21, 14, 3, 16, 17, 19, 29, 27, 5, 25, 13, 6, 28, 11, 24, 9, 8, 10, 26, 15, 1,1.09859
1, 18, 31, 12, 34, 20, 23, 4, 30, 7, 32, 22, 2, 33, 21, 14, 3, 16, 17, 19, 29, 27, 5, 25, 13, 6, 28, 11, 24, 9, 8, 10, 26, 15, 1,1.09859
1, 18, 31, 12, 34, 20, 23, 4, 30, 7, 32, 22, 2, 33, 21, 14, 3, 16, 17, 19, 29, 27, 5, 25, 13, 6, 28, 11, 24, 9, 8, 10, 26, 15, 1,1.09859
1, 18, 31, 12, 34, 20, 23, 4, 30, 7, 32, 22, 2, 33, 21, 14, 3, 16, 17, 19, 29, 27, 5, 25, 13, 6, 28, 11, 24, 9, 8, 10, 26, 15, 1,1.09859
1, 18, 31, 12, 34, 20, 23, 4, 30, 7, 32, 22, 2, 33, 21, 14, 3, 16, 17, 19, 29, 27, 5, 25, 13, 6, 28, 11, 24, 9, 8, 10, 26, 15, 1,1.09859
1, 18, 31, 12, 34, 20, 23, 4, 30, 7, 32, 22, 2, 33, 21, 14, 3, 16, 17, 19, 29, 27, 5, 25, 13, 6, 28, 11, 24, 9, 8, 10, 26, 15, 1,1.09859
1, 18, 31, 12, 34, 20, 23, 4, 30, 7, 32, 22, 2, 33, 21, 14, 3, 16, 17, 19, 29, 27, 5, 25, 13, 6, 28, 11, 24, 9, 8, 10, 26, 15, 1,1.09859
1, 18, 31, 12, 34, 20, 23, 4, 30, 7, 32, 22, 2, 33, 21, 14, 3, 16, 17, 19, 29, 27, 5, 25, 13, 6, 28, 11, 24, 9, 8, 10, 26, 15, 1,1.09859
1, 18, 31, 12, 34, 20, 23, 4, 30, 7, 32, 22, 2, 33, 21, 14, 3, 16, 17, 19, 29, 27, 5, 25, 13, 6, 28, 11, 24, 9, 8, 10, 26, 15, 1,1.09859
1, 18, 31, 12, 34, 20, 23, 4, 30, 7, 32, 22, 2, 33, 21, 14, 3, 16, 17, 19, 29, 27, 5, 25, 13, 6, 28, 11, 24, 9, 8, 10, 26, 15, 1,1.09859
1, 18, 31, 12, 34, 20, 23, 4, 30, 7, 32, 22, 2, 33, 21, 14, 3, 16, 17, 19, 29, 27, 5, 25, 13, 6, 28, 11, 24, 9, 8, 10, 26, 15, 1,1.09859
1, 18, 31, 12, 34, 20, 23, 4, 30, 7, 32, 22, 2, 33, 21, 14, 3, 16, 17, 19, 29, 27, 5, 25, 13, 6, 28, 11, 24, 9, 8, 10, 26, 15, 1,1.09859
1, 18, 31, 12, 34, 20, 23, 4, 30, 7, 32, 22, 2, 33, 21, 14, 3, 16, 17, 19, 29, 27, 5, 25, 13, 6, 28, 11, 24, 9, 8, 10, 26, 15, 1,1.09859
1, 18, 31, 12, 34, 20, 23, 4, 30, 7, 32, 22, 2, 33, 21, 14, 3, 16, 17, 19, 29, 27, 5, 25, 13, 6, 28, 11, 24, 9, 8, 10, 26, 15, 1,1.09859
1, 18, 31, 12, 34, 20, 23, 4, 30, 7, 32, 22, 2, 33, 21, 14, 3, 16, 17, 19, 29, 27, 5, 25, 13, 6, 28, 11, 24, 9, 8, 10, 26, 15, 1,1.09859
1, 18, 31, 12, 34, 20, 23, 4, 30, 7, 32, 22, 2, 33, 21, 14, 3, 16, 17, 19, 29, 27, 5, 25, 13, 6, 28, 11, 24, 9, 8, 10, 26, 15, 1,1.09859
1, 18, 31, 12, 34, 20, 23, 4, 30, 7, 32, 22, 2, 33, 21, 14, 3, 16, 17, 19, 29, 27, 5, 25, 13, 6, 28, 11, 24, 9, 8, 10, 26, 15, 1,1.09859
1, 18, 31, 12, 34, 20, 23, 4, 30, 7, 32, 22, 2, 33, 21, 14, 3, 16, 17, 19, 29, 27, 5, 25, 13, 6, 28, 11, 24, 9, 8, 10, 26, 15, 1,1.09859
1, 18, 31, 12, 34, 20, 23, 4, 30, 7, 32, 22, 2, 33, 21, 14, 3, 16, 17, 19, 29, 27, 5, 25, 13, 6, 28, 11, 24, 9, 8, 10, 26, 15, 1,1.09859
1, 18, 31, 12, 34, 20, 23, 4, 30, 7, 32, 22, 2, 33, 21, 14, 3, 16, 17, 19, 29, 27, 5, 25, 13, 6, 28, 11, 24, 9, 8, 10, 26, 15, 1,1.09859
1, 18, 31, 12, 34, 20, 23, 4, 30, 7, 32, 22, 2, 33, 21, 14, 3, 16, 17, 19, 29, 27, 5, 25, 13, 6, 28, 11, 24, 9, 8, 10, 26, 15, 1,1.09859
1, 18, 31, 12, 34, 20, 23, 4, 30, 7, 32, 22, 2, 33, 21, 14, 3, 16, 17, 19, 29, 27, 5, 25, 13, 6, 28, 11, 24, 9, 8, 10, 26, 15, 1,1.09859
1, 18, 31, 12, 34, 20, 23, 4, 30, 7, 32, 22, 2, 33, 21, 14, 3, 16, 17, 19, 29, 27, 5, 25, 13, 6, 28, 11, 24, 9, 8, 10, 26, 15, 1,1.09859
1, 18, 31, 12, 34, 20, 23, 4, 30, 7, 32, 22, 2, 33, 21, 14, 3, 16, 17, 19, 29, 27, 5, 25, 13, 6, 28, 11, 24, 9, 8, 10, 26, 15, 1,1.09859
1, 18, 31, 12, 34, 20, 23, 4, 30, 7, 32, 22, 2, 33, 21, 14, 3, 16, 17, 19, 29, 27, 5, 25, 13, 6, 28, 11, 24, 9, 8, 10, 26, 15, 1,1.09859
1, 18, 31, 12, 34, 20, 23, 4, 30, 7, 32, 22, 2, 33, 21, 14, 3, 16, 17, 19, 29, 27, 5, 25, 13, 6, 28, 11, 24, 9, 8, 10, 26, 15, 1,1.09859
1, 18, 31, 12, 34, 20, 23, 4, 30, 7, 32, 22, 2, 33, 21, 14, 3, 16, 17, 19, 29, 27, 5, 25, 13, 6, 28, 11, 24, 9, 8, 10, 26, 15, 1,1.09859
1, 18, 31, 12, 34, 20, 23, 4, 30, 7, 32, 22, 2, 33, 21, 14, 3, 16, 17, 19, 29, 27, 5, 25, 13, 6, 28, 11, 24, 9, 8, 10, 26, 15, 1,1.09859
1, 18, 31, 12, 34, 20, 23, 4, 30, 7, 32, 22, 2, 33, 21, 14, 3, 16, 17, 19, 29, 27, 5, 25, 13, 6, 28, 11, 24, 9, 8, 10, 26, 15, 1,1.09859
1, 18, 31, 12, 34, 20, 23, 4, 30, 7, 32, 22, 2, 33, 21, 14, 3, 16, 17, 19, 29, 27, 5, 25, 13, 6, 28, 11, 24, 9, 8, 10, 26, 15, 1,1.09859
1, 18, 31, 12, 34, 20, 23, 4, 30, 7, 32, 22, 2, 33, 21, 14, 3, 16, 17, 19, 29, 27, 5, 25, 13, 6, 28, 11, 24, 9, 8, 10, 26, 15, 1,1.09859
1, 18, 31, 12, 34, 20, 23, 4, 30, 7, 32, 22, 2, 33, 21, 14, 3, 16, 17, 19, 29, 27, 5, 25, 13, 6, 28, 11, 24, 9, 8, 10, 26, 15, 1,1.09859
1, 18, 31, 12, 34, 20, 23, 4, 30, 7, 32, 22, 2, 33, 21, 14, 3, 16, 17, 19, 29, 27, 5, 25, 13, 6, 28, 11, 24, 9, 8, 10, 26, 15, 1,1.09859
1, 18, 31, 12, 34, 20, 23, 4, 30, 7, 32, 22, 2, 33, 21, 14, 3, 16, 17, 19, 29, 27, 5, 25, 13, 6, 28, 11, 24, 9, 8, 10, 26, 15, 1,1.09859
1, 18, 31, 12, 34, 20, 23, 4, 30, 7, 32, 22, 2, 33, 21, 14, 3, 16, 17, 19, 29, 27, 5, 25, 13, 6, 28, 11, 24, 9, 8, 10, 26, 15, 1,1.09859
1, 18, 31, 12, 34, 20, 23, 4, 30, 7, 32, 22, 2, 33, 21, 14, 3, 16, 17, 19, 29, 27, 5, 25, 13, 6, 28, 11, 24, 9, 8, 10, 26, 15, 1,1.09859
1, 18, 31, 12, 34, 20, 23, 4, 30, 7, 32, 22, 2, 33, 21, 14, 3, 16, 17, 19, 29, 27, 5, 25, 13, 6, 28, 11, 24, 9, 8, 10, 26, 15, 1,1.09859
1, 18, 31, 12, 34, 20, 23, 4, 30, 7, 32, 22, 2, 33, 21, 14, 3, 16, 17, 19, 29, 27, 5, 25, 13, 6, 28, 11, 24, 9, 8, 10, 26, 15, 1,1.09859
1, 18, 31, 12, 34, 20, 23, 4, 30, 7, 32, 22, 2, 33, 21, 14, 3, 16, 17, 19, 29, 27, 5, 25, 13, 6, 28, 11, 24, 9, 8, 10, 26, 15, 1,1.09859
1, 18, 31, 12, 34, 20, 23, 4, 30, 7, 32, 22, 2, 33, 21, 14, 3, 16, 17, 19, 29, 27, 5, 25, 13, 6, 28, 11, 24, 9, 8, 10, 26, 15, 1,1.09859
1, 18, 31, 12, 34, 20, 23, 4, 30, 7, 32, 22, 2, 33, 21, 14, 3, 16, 17, 19, 29, 27, 5, 25, 13, 6, 28, 11, 24, 9, 8, 10, 26, 15, 1,1.09859
1, 18, 31, 12, 34, 20, 23, 4, 30, 7, 32, 22, 2, 33, 21, 14, 3, 16, 17, 19, 29, 27, 5, 25, 13, 6, 28, 11, 24, 9, 8, 10, 26, 15, 1,1.09859
1, 18, 31, 12, 34, 20, 23, 4, 30, 7, 32, 22, 2, 33, 21, 14, 3, 16, 17, 19, 29, 27, 5, 25, 13, 6, 28, 11, 24, 9, 8, 10, 26, 15, 1,1.09859
1, 18, 31, 12, 34, 20, 23, 4, 30, 7, 32, 22, 2, 33, 21, 14, 3, 16, 17, 19, 29, 27, 5, 25, 13, 6, 28, 11, 24, 9, 8, 10, 26, 15, 1,1.09859
1, 18, 31, 12, 34, 20, 23, 4, 30, 7, 32, 22, 2, 33, 21, 14, 3, 16, 17, 19, 29, 27, 5, 25, 13, 6, 28, 11, 24, 9, 8, 10, 26, 15, 1,1.09859
1, 18, 31, 12, 34, 20, 23, 4, 30, 7, 32, 22, 2, 33, 21, 14, 3, 16, 17, 19, 29, 27, 5, 25, 13, 6, 28, 11, 24, 9, 8, 10, 26, 15, 1,1.09859
1, 18, 31, 12, 34, 20, 23, 4, 30, 7, 32, 22, 2, 33, 21, 14, 3, 16, 17, 19, 29, 27, 5, 25, 13, 6, 28, 11, 24, 9, 8, 10, 26, 15, 1,1.09859
1, 18, 31, 12, 34, 20, 23, 4, 30, 7, 32, 22, 2, 33, 21, 14, 3, 16, 17, 19, 29, 27, 5, 25, 13, 6, 28, 11, 24, 9, 8, 10, 26, 15, 1,1.09859
1, 18, 31, 12, 34, 20, 23, 4, 30, 7, 32, 22, 2, 33, 21, 14, 3, 16, 17, 19, 29, 27, 5, 25, 13, 6, 28, 11, 24, 9, 8, 10, 26, 15, 1,1.09859
1, 18, 31, 12, 34, 20, 23, 4, 30, 7, 32, 22, 2, 33, 21, 14, 3, 16, 17, 19, 29, 27, 5, 25, 13, 6, 28, 11, 24, 9, 8, 10, 26, 15, 1,1.09859
1, 18, 31, 12, 34, 20, 23, 4, 30, 7, 32, 22, 2, 33, 21, 14, 3, 16, 17, 19, 29, 27, 5, 25, 13, 6, 28, 11, 24, 9, 8, 10, 26, 15, 1,1.09859
1, 18, 31, 12, 34, 20, 23, 4, 30, 7, 32, 22, 2, 33, 21, 14, 3, 16, 17, 19, 29, 27, 5, 25, 13, 6, 28, 11, 24, 9, 8, 10, 26, 15, 1,1.09859
1, 18, 31, 12, 34, 20, 23, 4, 30, 7, 32, 22, 2, 33, 21, 14, 3, 16, 17, 19, 29, 27, 5, 25, 13, 6, 28, 11, 24, 9, 8, 10, 26, 15, 1,1.09859
1, 18, 31, 12, 34, 20, 23, 4, 30, 7, 32, 22, 2, 33, 21, 14, 3, 16, 17, 19, 29, 27, 5, 25, 13, 6, 28, 11, 24, 9, 8, 10, 26, 15, 1,1.09859
1, 18, 31, 12, 34, 20, 23, 4, 30, 7, 32, 22, 2, 33, 21, 14, 3, 16, 17, 19, 29, 27, 5, 25, 13, 6, 28, 11, 24, 9, 8, 10, 26, 15, 1,1.09859
1, 18, 31, 12, 34, 20, 23, 4, 30, 7, 32, 22, 2, 33, 21, 14, 3, 16, 17, 19, 29, 27, 5, 25, 13, 6, 28, 11, 24, 9, 8, 10, 26, 15, 1,1.09859
1, 18, 31, 12, 34, 20, 23, 4, 30, 7, 32, 22, 2, 33, 21, 14, 3, 16, 17, 19, 29, 27, 5, 25, 13, 6, 28, 11, 24, 9, 8, 10, 26, 15, 1,1.09859
1, 18, 31, 12, 34, 20, 23, 4, 30, 7, 32, 22, 2, 33, 21, 14, 3, 16, 17, 19, 29, 27, 5, 25, 13, 6, 28, 11, 24, 9, 8, 10, 26, 15, 1,1.09859
1, 18, 31, 12, 34, 20, 23, 4, 30, 7, 32, 22, 2, 33, 21, 14, 3, 16, 17, 19, 29, 27, 5, 25, 13, 6, 28, 11, 24, 9, 8, 10, 26, 15, 1,1.09859
1, 18, 31, 12, 34, 20, 23, 4, 30, 7, 32, 22, 2, 33, 21, 14, 3, 16, 17, 19, 29, 27, 5, 25, 13, 6, 28, 11, 24, 9, 8, 10, 26, 15, 1,1.09859
1, 18, 31, 12, 34, 20, 23, 4, 30, 7, 32, 22, 2, 33, 21, 14, 3, 16, 17, 19, 29, 27, 5, 25, 13, 6, 28, 11, 24, 9, 8, 10, 26, 15, 1,1.09859
1, 18, 31, 12, 34, 20, 23, 4, 30, 7, 32, 22, 2, 33, 21, 14, 3, 16, 17, 19, 29, 27, 5, 25, 13, 6, 28, 11, 24, 9, 8, 10, 26, 15, 1,1.09859
1, 18, 31, 12, 34, 20, 23, 4, 30, 7, 32, 22, 2, 33, 21, 14, 3, 16, 17, 19, 29, 27, 5, 25, 13, 6, 28, 11, 24, 9, 8, 10, 26, 15, 1,1.09859
1, 18, 31, 12, 34, 20, 23, 4, 30, 7, 32, 22, 2, 33, 21, 14, 3, 16, 17, 19, 29, 27, 5, 25, 13, 6, 28, 11, 24, 9, 8, 10, 26, 15, 1,1.09859
1, 18, 31, 12, 34, 20, 23, 4, 30, 7, 32, 22, 2, 33, 21, 14, 3, 16, 17, 19, 29, 27, 5, 25, 13, 6, 28, 11, 24, 9, 8, 10, 26, 15, 1,1.09859
1, 18, 31, 12, 34, 20, 23, 4, 30, 7, 32, 22, 2, 33, 21, 14, 3, 16, 17, 19, 29, 27, 5, 25, 13, 6, 28, 11, 24, 9, 8, 10, 26, 15, 1,1.09859
1, 18, 31, 12, 34, 20, 23, 4, 30, 7, 32, 22, 2, 33, 21, 14, 3, 16, 17, 19, 29, 27, 5, 25, 13, 6, 28, 11, 24, 9, 8, 10, 26, 15, 1,1.09859
1, 18, 31, 12, 34, 20, 23, 4, 30, 7, 32, 22, 2, 33, 21, 14, 3, 16, 17, 19, 29, 27, 5, 25, 13, 6, 28, 11, 24, 9, 8, 10, 26, 15, 1,1.09859
1, 18, 31, 12, 34, 20, 23, 4, 30, 7, 32, 22, 2, 33, 21, 14, 3, 16, 17, 19, 29, 27, 5, 25, 13, 6, 28, 11, 24, 9, 8, 10, 26, 15, 1,1.09859
1, 18, 31, 12, 34, 20, 23, 4, 30, 7, 32, 22, 2, 33, 21, 14, 3, 16, 17, 19, 29, 27, 5, 25, 13, 6, 28, 11, 24, 9, 8, 10, 26, 15, 1,1.09859
1, 18, 31, 12, 34, 20, 23, 4, 30, 7, 32, 22, 2, 33, 21, 14, 3, 16, 17, 19, 29, 27, 5, 25, 13, 6, 28, 11, 24, 9, 8, 10, 26, 15, 1,1.09859
1, 18, 31, 12, 34, 20, 23, 4, 30, 7, 32, 22, 2, 33, 21, 14, 3, 16, 17, 19, 29, 27, 5, 25, 13, 6, 28, 11, 24, 9, 8, 10, 26, 15, 1,1.09859
1, 18, 31, 12, 34, 20, 23, 4, 30, 7, 32, 22, 2, 33, 21, 14, 3, 16, 17, 19, 29, 27, 5, 25, 13, 6, 28, 11, 24, 9, 8, 10, 26, 15, 1,1.09859
1, 18, 31, 12, 34, 20, 23, 4, 30, 7, 32, 22, 2, 33, 21, 14, 3, 16, 17, 19, 29, 27, 5, 25, 13, 6, 28, 11, 24, 9, 8, 10, 26, 15, 1,1.09859
1, 18, 31, 12, 34, 20, 23, 4, 30, 7, 32, 22, 2, 33, 21, 14, 3, 16, 17, 19, 29, 27, 5, 25, 13, 6, 28, 11, 24, 9, 8, 10, 26, 15, 1,1.09859
1, 18, 31, 12, 34, 20, 23, 4, 30, 7, 32, 22, 2, 33, 21, 14, 3, 16, 17, 19, 29, 27, 5, 25, 13, 6, 28, 11, 24, 9, 8, 10, 26, 15, 1,1.09859
1, 18, 31, 12, 34, 20, 23, 4, 30, 7, 32, 22, 2, 33, 21, 14, 3, 16, 17, 19, 29, 27, 5, 25, 13, 6, 28, 11, 24, 9, 8, 10, 26, 15, 1,1.09859
1, 18, 31, 15, 12, 34, 20, 23, 4, 30, 7, 32, 22, 2, 33, 21, 14, 3, 16, 17, 19, 29, 27, 5, 25, 13, 6, 28, 11, 24, 9, 8, 10, 26, 1,1.09605
1, 18, 31, 15, 12, 34, 20, 23, 4, 30, 7, 32, 22, 2, 33, 21, 14, 3, 16, 17, 19, 29, 27, 5, 25, 13, 6, 28, 11, 24, 9, 8, 10, 26, 1,1.09605
1, 18, 31, 15, 12, 34, 20, 23, 4, 30, 7, 32, 22, 2, 33, 21, 14, 3, 16, 17, 19, 29, 27, 5, 25, 13, 6, 28, 11, 24, 9, 8, 10, 26, 1,1.09605
1, 18, 31, 15, 12, 34, 20, 23, 4, 30, 7, 32, 22, 2, 33, 21, 14, 3, 16, 17, 19, 29, 27, 5, 25, 13, 6, 28, 11, 24, 9, 8, 10, 26, 1,1.09605
1, 18, 31, 15, 12, 34, 20, 23, 4, 30, 7, 32, 22, 2, 33, 21, 14, 3, 16, 17, 19, 29, 27, 5, 25, 13, 6, 28, 11, 24, 9, 8, 10, 26, 1,1.09605
1, 18, 31, 15, 12, 34, 20, 23, 4, 30, 7, 32, 22, 2, 33, 21, 14, 3, 16, 17, 19, 29, 27, 5, 25, 13, 6, 28, 11, 24, 9, 8, 10, 26, 1,1.09605
1, 18, 31, 15, 12, 34, 20, 23, 4, 30, 7, 32, 22, 2, 33, 21, 14, 3, 16, 17, 19, 29, 27, 5, 25, 13, 6, 28, 11, 24, 9, 8, 10, 26, 1,1.09605
1, 18, 31, 15, 12, 34, 20, 23, 4, 30, 7, 32, 22, 2, 33, 21, 14, 3, 16, 17, 19, 29, 27, 5, 25, 13, 6, 28, 11, 24, 9, 8, 10, 26, 1,1.09605
1, 31, 18, 15, 12, 34, 20, 23, 4, 30, 7, 32, 22, 2, 33, 21, 14, 3, 16, 17, 19, 29, 27, 5, 25, 13, 6, 28, 11, 24, 9, 8, 10, 26, 1,1.09486
1, 31, 18, 15, 12, 34, 20, 23, 4, 30, 7, 32, 22, 2, 33, 21, 14, 3, 16, 17, 19, 29, 27, 5, 25, 13, 6, 28, 11, 24, 9, 8, 10, 26, 1,1.09486
1, 31, 18, 15, 12, 34, 20, 23, 4, 30, 7, 32, 22, 2, 33, 21, 14, 3, 16, 17, 19, 29, 27, 5, 25, 13, 6, 28, 11, 24, 9, 8, 10, 26, 1,1.09486
1, 31, 18, 15, 12, 34, 20, 23, 4, 30, 7, 32, 22, 2, 33, 21, 14, 3, 16, 17, 19, 29, 27, 5, 25, 13, 6, 28, 11, 24, 9, 8, 10, 26, 1,1.09486
1, 31, 18, 15, 12, 34, 20, 23, 4, 30, 7, 32, 22, 2, 33, 21, 14, 3, 16, 17, 19, 29, 27, 5, 25, 13, 6, 28, 11, 24, 9, 8, 10, 26, 1,1.09486
1, 31, 18, 15, 34, 12, 20, 23, 4, 30, 7, 32, 22, 2, 33, 21, 14, 3, 16, 17, 19, 29, 27, 5, 25, 13, 6, 28, 11, 24, 9, 8, 10, 26, 1,1.08921
1, 31, 18, 15, 34, 12, 20, 23, 4, 30, 7, 32, 22, 2, 33, 21, 14, 3, 16, 17, 19, 29, 27, 5, 25, 13, 6, 28, 11, 24, 9, 8, 10, 26, 1,1.08921
1, 31, 18, 15, 34, 12, 20, 23, 4, 30, 7, 32, 22, 2, 33, 21, 14, 3, 16, 17, 19, 29, 27, 5, 25, 13, 6, 28, 11, 24, 9, 8, 10, 26, 1,1.08921
1, 31, 18, 15, 34, 12, 20, 23, 4, 30, 7, 32, 22, 2, 33, 21, 14, 3, 16, 17, 19, 29, 27, 5, 25, 13, 6, 28, 11, 24, 9, 8, 10, 26, 1,1.08921
1, 31, 18, 15, 34, 12, 20, 23, 4, 7, 30, 32, 22, 2, 33, 21, 14, 3, 16, 17, 19, 29, 27, 5, 25, 13, 6, 28, 11, 24, 9, 8, 10, 26, 1,1.08875
1, 31, 18, 15, 34, 12, 20, 23, 4, 7, 30, 32, 22, 2, 33, 21, 14, 3, 16, 17, 19, 29, 27, 5, 25, 13, 6, 28, 11, 24, 9, 8, 10, 26, 1,1.08875
1, 31, 18, 26, 10, 8, 9, 24, 11, 28, 6, 13, 25, 5, 27, 29, 19, 17, 16, 3, 14, 21, 33, 2, 22, 32, 7, 30, 4, 23, 20, 12, 34, 15, 1,1.0779
1, 31, 18, 26, 10, 8, 9, 24, 11, 28, 6, 13, 25, 5, 27, 29, 19, 17, 16, 3, 14, 21, 33, 2, 22, 32, 7, 30, 4, 23, 20, 12, 34, 15, 1,1.0779
1, 31, 18, 26, 10, 8, 9, 24, 11, 28, 6, 13, 25, 5, 27, 29, 19, 17, 16, 3, 14, 21, 33, 2, 22, 32, 7, 30, 4, 23, 20, 12, 34, 15, 1,1.0779
1, 31, 18, 26, 10, 8, 9, 24, 11, 28, 6, 13, 25, 5, 27, 29, 19, 17, 16, 3, 14, 21, 33, 2, 22, 32, 7, 30, 4, 23, 20, 12, 34, 15, 1,1.0779
1, 31, 18, 26, 10, 8, 9, 24, 11, 28, 6, 13, 25, 5, 27, 29, 19, 17, 16, 3, 14, 21, 33, 2, 22, 32, 7, 30, 4, 23, 20, 12, 34, 15, 1,1.0779
1, 31, 18, 26, 10, 8, 9, 24, 11, 28, 6, 13, 25, 5, 27, 29, 19, 17, 16, 3, 14, 21, 33, 2, 22, 32, 7, 30, 4, 23, 20, 12, 34, 15, 1,1.0779
1, 31, 18, 26, 10, 8, 9, 24, 11, 28, 6, 13, 25, 5, 27, 29, 19, 17, 16, 3, 14, 21, 33, 2, 22, 32, 30, 7, 4, 23, 20, 12, 34, 15, 1,1.07744
1, 31, 18, 26, 10, 8, 9, 24, 11, 28, 6, 13, 25, 5, 27, 29, 19, 17, 16, 3, 14, 21, 33, 2, 22, 32, 30, 7, 4, 23, 20, 12, 34, 15, 1,1.07744
1, 31, 18, 26, 10, 8, 9, 24, 11, 28, 6, 13, 25, 5, 27, 29, 19, 17, 16, 3, 14, 21, 33, 2, 22, 32, 7, 30, 4, 23, 20, 15, 34, 12, 1,1.07253
1, 31, 18, 26, 10, 8, 9, 24, 11, 28, 6, 13, 25, 5, 27, 29, 19, 17, 16, 3, 14, 21, 33, 2, 22, 32, 7, 30, 4, 23, 20, 15, 34, 12, 1,1.07253
1, 31, 18, 26, 10, 8, 9, 24, 11, 28, 6, 13, 25, 5, 27, 29, 19, 17, 16, 3, 14, 21, 33, 2, 22, 32, 7, 30, 4, 23, 20, 15, 34, 12, 1,1.07253
1, 31, 18, 26, 10, 8, 9, 24, 11, 28, 6, 13, 25, 5, 27, 29, 19, 17, 16, 3, 14, 21, 33, 2, 22, 32, 7, 30, 4, 23, 20, 15, 34, 12, 1,1.07253
1, 31, 18, 26, 10, 8, 9, 24, 11, 28, 6, 13, 25, 5, 27, 29, 19, 17, 16, 3, 14, 21, 33, 2, 22, 32, 7, 30, 4, 23, 20, 15, 34, 12, 1,1.07253
1, 31, 18, 26, 10, 8, 9, 24, 11, 28, 6, 13, 25, 5, 27, 29, 19, 17, 16, 3, 14, 21, 33, 2, 22, 32, 7, 30, 4, 23, 20, 15, 34, 12, 1,1.07253
1, 31, 18, 26, 10, 8, 9, 24, 11, 28, 6, 13, 25, 5, 27, 29, 19, 17, 16, 3, 14, 21, 33, 2, 22, 32, 7, 30, 4, 23, 20, 15, 34, 12, 1,1.07253
1, 31, 18, 26, 10, 8, 9, 24, 11, 28, 6, 13, 25, 5, 27, 29, 19, 17, 16, 3, 14, 21, 33, 2, 22, 32, 7, 30, 4, 23, 20, 15, 34, 12, 1,1.07253
1, 31, 18, 26, 10, 8, 9, 24, 11, 28, 6, 13, 25, 5, 27, 29, 19, 17, 16, 3, 14, 21, 33, 2, 22, 32, 7, 30, 4, 23, 20, 15, 34, 12, 1,1.07253
1, 31, 18, 26, 10, 8, 9, 24, 11, 28, 6, 13, 25, 5, 27, 29, 19, 17, 16, 3, 14, 21, 33, 2, 22, 32, 7, 30, 4, 23, 20, 15, 34, 12, 1,1.07253
1, 31, 18, 26, 10, 8, 9, 24, 11, 28, 6, 13, 25, 5, 27, 29, 19, 17, 16, 3, 14, 21, 33, 2, 22, 32, 7, 30, 4, 23, 20, 15, 34, 12, 1,1.07253
1, 31, 18, 26, 10, 8, 9, 24, 11, 28, 6, 13, 25, 5, 27, 29, 19, 17, 16, 3, 14, 21, 33, 2, 22, 32, 7, 30, 4, 23, 20, 15, 34, 12, 1,1.07253
1, 31, 18, 26, 10, 8, 9, 24, 11, 28, 6, 13, 25, 5, 27, 29, 19, 17, 16, 3, 14, 21, 33, 2, 22, 32, 7, 30, 4, 23, 20, 15, 34, 12, 1,1.07253
1, 31, 18, 26, 10, 8, 9, 24, 11, 28, 6, 13, 25, 5, 27, 29, 19, 17, 16, 3, 14, 21, 33, 2, 22, 32, 7, 30, 4, 23, 20, 15, 34, 12, 1,1.07253
1, 31, 18, 26, 10, 8, 9, 24, 11, 28, 6, 13, 25, 5, 27, 29, 19, 17, 16, 3, 14, 21, 33, 2, 22, 32, 7, 30, 4, 23, 20, 15, 34, 12, 1,1.07253
1, 31, 18, 26, 10, 8, 9, 24, 11, 28, 6, 13, 25, 5, 27, 29, 19, 17, 16, 3, 14, 21, 33, 2, 22, 32, 7, 30, 4, 23, 20, 15, 34, 12, 1,1.07253
1, 31, 18, 26, 10, 8, 9, 24, 11, 28, 6, 13, 25, 5, 27, 29, 19, 17, 16, 3, 14, 21, 33, 2, 22, 32, 7, 30, 4, 23, 20, 15, 34, 12, 1,1.07253
1, 31, 18, 26, 10, 8, 9, 24, 11, 28, 6, 13, 25, 5, 27, 29, 19, 17, 16, 3, 14, 21, 33, 2, 22, 32, 7, 30, 4, 23, 20, 15, 34, 12, 1,1.07253
1, 31, 18, 26, 10, 8, 9, 24, 11, 28, 6, 13, 25, 5, 27, 29, 19, 17, 16, 3, 14, 21, 33, 2, 22, 32, 7, 30, 4, 23, 20, 15, 34, 12, 1,1.07253
1, 31, 18, 26, 10, 8, 9, 24, 11, 28, 6, 13, 25, 5, 27, 29, 19, 17, 16, 3, 14, 21, 33, 2, 22, 32, 7, 30, 4, 23, 20, 15, 34, 12, 1,1.07253
1, 31, 18, 26, 10, 8, 9, 24, 11, 28, 6, 13, 25, 5, 27, 29, 19, 17, 16, 3, 14, 21, 33, 2, 22, 32, 7, 30, 4, 23, 20, 15, 34, 12, 1,1.07253
1, 31, 18, 26, 10, 8, 9, 24, 11, 28, 6, 13, 25, 5, 27, 29, 19, 17, 16, 3, 14, 21, 33, 2, 22, 32, 7, 30, 4, 23, 20, 15, 34, 12, 1,1.07253
1, 31, 18, 26, 10, 8, 9, 24, 11, 28, 6, 13, 25, 5, 27, 29, 19, 17, 16, 3, 14, 21, 33, 2, 22, 32, 7, 30, 4, 23, 20, 15, 34, 12, 1,1.07253
1, 31, 18, 26, 10, 8, 9, 24, 11, 28, 6, 13, 25, 5, 27, 29, 19, 17, 16, 3, 14, 21, 33, 2, 22, 32, 7, 30, 4, 23, 20, 15, 34, 12, 1,1.07253
1, 31, 18, 26, 10, 8, 9, 24, 11, 28, 6, 13, 25, 5, 27, 29, 19, 17, 16, 3, 14, 21, 33, 2, 22, 32, 7, 30, 4, 23, 20, 15, 34, 12, 1,1.07253
1, 31, 18, 26, 10, 8, 9, 24, 11, 28, 6, 13, 25, 5, 27, 29, 19, 17, 16, 3, 14, 21, 33, 2, 22, 32, 7, 30, 4, 23, 20, 15, 34, 12, 1,1.07253
1, 31, 18, 26, 10, 8, 9, 24, 11, 28, 6, 13, 25, 5, 27, 29, 19, 17, 16, 3, 14, 21, 33, 2, 22, 32, 7, 30, 4, 23, 20, 15, 34, 12, 1,1.07253
1, 31, 18, 26, 10, 8, 9, 24, 11, 28, 6, 13, 25, 5, 27, 29, 19, 17, 16, 3, 14, 21, 33, 2, 22, 32, 7, 30, 4, 23, 20, 15, 34, 12, 1,1.07253
1, 31, 18, 26, 10, 8, 9, 24, 11, 28, 6, 13, 25, 5, 27, 29, 19, 17, 16, 3, 14, 21, 33, 2, 22, 32, 7, 30, 4, 23, 20, 15, 34, 12, 1,1.07253
1, 31, 18, 26, 10, 8, 9, 24, 11, 28, 6, 13, 25, 5, 27, 29, 19, 17, 16, 3, 14, 21, 33, 2, 22, 32, 7, 30, 4, 23, 20, 15, 34, 12, 1,1.07253
1, 31, 18, 26, 10, 8, 9, 24, 11, 28, 6, 13, 25, 5, 27, 29, 19, 17, 16, 3, 14, 21, 33, 2, 22, 32, 7, 30, 4, 23, 20, 15, 34, 12, 1,1.07253
1, 31, 18, 26, 10, 8, 9, 24, 11, 28, 6, 13, 25, 5, 27, 29, 19, 17, 16, 3, 14, 21, 33, 2, 22, 32, 7, 30, 4, 23, 20, 15, 34, 12, 1,1.07253
1, 31, 18, 26, 10, 8, 9, 24, 11, 28, 6, 13, 25, 5, 27, 29, 19, 17, 16, 3, 14, 21, 33, 2, 22, 32, 7, 30, 4, 23, 20, 15, 34, 12, 1,1.07253
1, 31, 18, 26, 10, 8, 9, 24, 11, 28, 6, 13, 25, 5, 27, 29, 19, 17, 16, 3, 14, 21, 33, 2, 22, 32, 7, 30, 4, 23, 20, 15, 34, 12, 1,1.07253
1, 31, 18, 26, 10, 8, 9, 24, 11, 28, 6, 13, 25, 5, 27, 29, 19, 17, 16, 3, 14, 21, 33, 2, 22, 32, 7, 30, 4, 23, 20, 15, 34, 12, 1,1.07253
1, 31, 18, 26, 10, 8, 9, 24, 11, 28, 6, 13, 25, 5, 27, 29, 19, 17, 16, 3, 14, 21, 33, 2, 22, 32, 7, 30, 4, 23, 20, 15, 34, 12, 1,1.07253
1, 31, 18, 26, 10, 8, 9, 24, 11, 28, 6, 13, 25, 5, 27, 29, 19, 17, 16, 3, 14, 21, 33, 2, 22, 32, 7, 30, 4, 23, 20, 15, 34, 12, 1,1.07253
1, 31, 18, 26, 10, 8, 9, 24, 11, 28, 6, 13, 25, 5, 27, 29, 19, 17, 16, 3, 14, 21, 33, 2, 22, 32, 7, 30, 4, 23, 20, 15, 34, 12, 1,1.07253
1, 31, 18, 26, 10, 8, 9, 24, 11, 28, 6, 13, 25, 5, 27, 29, 19, 17, 16, 3, 14, 21, 33, 2, 22, 32, 7, 30, 4, 23, 20, 15, 34, 12, 1,1.07253
1, 31, 18, 26, 10, 8, 9, 24, 11, 28, 6, 13, 25, 5, 27, 29, 19, 17, 16, 3, 14, 21, 33, 2, 22, 32, 7, 30, 4, 23, 20, 15, 34, 12, 1,1.07253
1, 31, 18, 26, 10, 8, 9, 24, 11, 28, 6, 13, 25, 5, 27, 29, 19, 17, 16, 3, 14, 21, 33, 2, 22, 32, 7, 30, 4, 23, 20, 15, 34, 12, 1,1.07253
1, 31, 18, 26, 10, 8, 9, 24, 11, 28, 6, 13, 25, 5, 27, 29, 19, 17, 16, 3, 14, 21, 33, 2, 22, 32, 7, 30, 4, 23, 20, 15, 34, 12, 1,1.07253
1, 31, 18, 26, 10, 8, 9, 24, 11, 28, 6, 13, 25, 5, 27, 29, 19, 17, 16, 3, 14, 21, 33, 2, 22, 32, 7, 30, 4, 23, 20, 15, 34, 12, 1,1.07253
1, 31, 18, 26, 10, 8, 9, 24, 11, 28, 6, 13, 25, 5, 27, 29, 19, 17, 16, 3, 14, 21, 33, 2, 22, 32, 7, 30, 4, 23, 20, 15, 34, 12, 1,1.07253
1, 31, 18, 26, 10, 8, 9, 24, 11, 28, 6, 13, 25, 5, 27, 29, 19, 17, 16, 3, 14, 21, 33, 2, 22, 32, 7, 30, 4, 23, 20, 15, 34, 12, 1,1.07253
1, 31, 18, 26, 10, 8, 9, 24, 11, 28, 6, 13, 25, 5, 27, 29, 19, 17, 16, 3, 14, 21, 33, 2, 22, 32, 7, 30, 4, 23, 20, 15, 34, 12, 1,1.07253
1, 31, 18, 26, 10, 8, 9, 24, 11, 28, 6, 13, 25, 5, 27, 29, 19, 17, 16, 3, 14, 21, 33, 2, 22, 32, 7, 30, 4, 23, 20, 15, 34, 12, 1,1.07253
1, 31, 18, 26, 10, 8, 9, 24, 11, 28, 6, 13, 25, 5, 27, 29, 19, 17, 16, 3, 14, 21, 33, 2, 22, 32, 7, 30, 4, 23, 20, 15, 34, 12, 1,1.07253
1, 31, 18, 26, 10, 8, 9, 24, 11, 28, 6, 13, 25, 5, 27, 29, 19, 17, 16, 3, 14, 21, 33, 2, 22, 32, 7, 30, 4, 23, 20, 15, 34, 12, 1,1.07253
1, 31, 18, 26, 10, 8, 9, 24, 11, 28, 6, 13, 25, 5, 27, 29, 19, 17, 16, 3, 14, 21, 33, 2, 22, 32, 7, 30, 4, 23, 20, 15, 34, 12, 1,1.07253
1, 31, 18, 26, 10, 8, 9, 24, 11, 28, 6, 13, 25, 5, 27, 29, 19, 17, 16, 3, 14, 21, 33, 2, 22, 32, 7, 30, 4, 23, 20, 15, 34, 12, 1,1.07253
1, 31, 18, 26, 10, 8, 9, 24, 11, 28, 6, 13, 25, 5, 27, 29, 19, 17, 16, 3, 14, 21, 33, 2, 22, 32, 7, 30, 4, 23, 20, 15, 34, 12, 1,1.07253
1, 31, 18, 26, 10, 8, 9, 24, 11, 28, 6, 13, 25, 5, 27, 29, 19, 17, 16, 3, 14, 21, 33, 2, 22, 32, 7, 30, 4, 23, 20, 15, 34, 12, 1,1.07253
1, 31, 18, 26, 10, 8, 9, 24, 11, 28, 6, 13, 25, 5, 27, 29, 19, 17, 16, 3, 14, 21, 33, 2, 22, 32, 7, 30, 4, 23, 20, 15, 34, 12, 1,1.07253
1, 31, 18, 26, 10, 8, 9, 24, 11, 28, 6, 13, 25, 5, 27, 29, 19, 17, 16, 3, 14, 21, 33, 2, 22, 32, 7, 30, 4, 23, 20, 15, 34, 12, 1,1.07253
1, 31, 18, 26, 10, 8, 9, 24, 11, 28, 6, 13, 25, 5, 27, 29, 19, 17, 16, 3, 14, 21, 33, 2, 22, 32, 7, 30, 4, 23, 20, 15, 34, 12, 1,1.07253
1, 31, 18, 26, 10, 8, 9, 24, 11, 28, 6, 13, 25, 5, 27, 29, 19, 17, 16, 3, 14, 21, 33, 2, 22, 32, 7, 30, 4, 23, 20, 15, 34, 12, 1,1.07253
1, 31, 18, 26, 10, 8, 9, 24, 11, 28, 6, 13, 25, 5, 27, 29, 19, 17, 16, 3, 14, 21, 33, 2, 22, 32, 7, 30, 4, 23, 20, 15, 34, 12, 1,1.07253
1, 31, 18, 26, 10, 8, 9, 24, 11, 28, 6, 13, 25, 5, 27, 29, 19, 17, 16, 3, 14, 21, 33, 2, 22, 32, 7, 30, 4, 23, 20, 15, 34, 12, 1,1.07253
1, 31, 18, 26, 10, 8, 9, 24, 11, 28, 6, 13, 25, 5, 27, 29, 19, 17, 16, 3, 14, 21, 33, 2, 22, 32, 7, 30, 4, 23, 20, 15, 34, 12, 1,1.07253
1, 31, 18, 26, 10, 8, 9, 24, 11, 28, 6, 13, 25, 5, 27, 29, 19, 17, 16, 3, 14, 21, 33, 2, 22, 32, 7, 30, 4, 23, 20, 15, 34, 12, 1,1.07253
1, 31, 18, 26, 10, 8, 9, 24, 11, 28, 6, 13, 25, 5, 27, 29, 19, 17, 16, 3, 14, 21, 33, 2, 22, 32, 7, 30, 4, 23, 20, 15, 34, 12, 1,1.07253
1, 31, 18, 26, 10, 8, 9, 24, 11, 28, 6, 13, 25, 5, 27, 29, 19, 17, 16, 3, 14, 21, 33, 2, 22, 32, 7, 30, 4, 23, 20, 15, 34, 12, 1,1.07253
1, 31, 18, 26, 10, 8, 9, 24, 11, 28, 6, 13, 25, 5, 27, 29, 19, 17, 16, 3, 14, 21, 33, 2, 22, 32, 7, 30, 4, 23, 20, 15, 34, 12, 1,1.07253
1, 31, 18, 26, 10, 8, 9, 24, 11, 28, 6, 13, 25, 5, 27, 29, 19, 17, 16, 3, 14, 21, 33, 2, 22, 32, 7, 30, 4, 23, 20, 15, 34, 12, 1,1.07253
1, 31, 18, 26, 10, 8, 9, 24, 11, 28, 6, 13, 25, 5, 27, 29, 19, 17, 16, 3, 14, 21, 33, 2, 22, 32, 7, 30, 4, 23, 20, 15, 34, 12, 1,1.07253
1, 31, 18, 26, 10, 8, 9, 24, 11, 28, 6, 13, 25, 5, 27, 29, 19, 17, 16, 3, 14, 21, 33, 2, 22, 32, 7, 30, 4, 23, 20, 34, 15, 12, 1,1.06863
1, 31, 18, 26, 10, 8, 9, 24, 11, 28, 6, 13, 25, 5, 27, 29, 19, 17, 16, 3, 14, 21, 33, 2, 22, 32, 7, 30, 4, 23, 20, 34, 15, 12, 1,1.06863
1, 31, 18, 26, 10, 8, 9, 24, 11, 28, 6, 13, 25, 5, 27, 29, 19, 17, 16, 3, 14, 21, 33, 2, 22, 32, 7, 30, 4, 23, 20, 34, 15, 12, 1,1.06863
1, 31, 18, 26, 10, 8, 9, 24, 11, 28, 6, 13, 25, 5, 27, 29, 19, 17, 16, 3, 14, 21, 33, 2, 22, 32, 7, 30, 4, 23, 20, 34, 15, 12, 1,1.06863
1, 31, 18, 26, 10, 8, 9, 24, 11, 28, 6, 13, 25, 5, 27, 29, 19, 17, 16, 3, 14, 21, 33, 2, 22, 32, 7, 30, 4, 23, 20, 34, 15, 12, 1,1.06863
1, 31, 18, 26, 10, 8, 9, 24, 11, 28, 6, 13, 25, 5, 27, 29, 19, 17, 16, 3, 14, 21, 33, 2, 22, 32, 7, 30, 4, 23, 20, 34, 15, 12, 1,1.06863
1, 31, 18, 26, 10, 8, 9, 24, 11, 28, 6, 13, 25, 5, 27, 29, 19, 17, 16, 3, 14, 21, 33, 2, 22, 32, 7, 30, 4, 23, 20, 34, 15, 12, 1,1.06863
1, 31, 18, 26, 10, 8, 9, 24, 11, 28, 6, 13, 25, 5, 27, 29, 19, 17, 16, 3, 14, 21, 33, 2, 22, 32, 7, 30, 4, 23, 20, 34, 15, 12, 1,1.06863
1, 31, 18, 26, 10, 8, 9, 24, 11, 28, 6, 13, 25, 5, 27, 29, 19, 17, 16, 3, 14, 21, 33, 2, 22, 32, 7, 30, 4, 23, 20, 34, 15, 12, 1,1.06863
1, 31, 18, 26, 10, 8, 9, 24, 11, 28, 6, 13, 25, 5, 27, 29, 19, 17, 16, 3, 14, 21, 33, 2, 22, 32, 7, 30, 4, 23, 20, 34, 15, 12, 1,1.06863
1, 31, 18, 26, 10, 8, 9, 24, 11, 28, 6, 13, 25, 5, 27, 29, 19, 17, 16, 3, 14, 21, 33, 2, 22, 32, 7, 30, 4, 23, 20, 34, 15, 12, 1,1.06863
1, 31, 18, 26, 10, 8, 9, 24, 11, 28, 6, 13, 25, 5, 27, 29, 19, 17, 16, 3, 14, 21, 33, 2, 22, 32, 7, 30, 4, 23, 20, 34, 15, 12, 1,1.06863
1, 31, 18, 26, 10, 8, 9, 24, 11, 28, 6, 13, 25, 5, 27, 29, 19, 17, 16, 3, 14, 21, 33, 2, 22, 32, 7, 30, 4, 23, 20, 34, 15, 12, 1,1.06863
1, 31, 18, 26, 10, 8, 9, 24, 11, 28, 6, 13, 25, 5, 27, 29, 19, 17, 16, 3, 14, 21, 33, 2, 22, 32, 7, 30, 4, 23, 20, 34, 15, 12, 1,1.06863
1, 31, 18, 26, 10, 8, 9, 24, 11, 28, 6, 13, 25, 5, 27, 29, 19, 17, 16, 3, 14, 21, 33, 2, 22, 32, 7, 30, 4, 23, 20, 34, 15, 12, 1,1.06863
1, 31, 18, 26, 10, 8, 9, 24, 11, 28, 6, 13, 25, 5, 27, 29, 19, 17, 16, 3, 14, 21, 33, 2, 22, 32, 7, 30, 4, 23, 20, 34, 15, 12, 1,1.06863
1, 31, 18, 26, 10, 8, 9, 24, 11, 28, 6, 13, 25, 5, 27, 29, 19, 17, 16, 3, 14, 21, 33, 2, 22, 32, 7, 30, 4, 23, 20, 34, 15, 12, 1,1.06863
1, 31, 18, 26, 10, 8, 9, 24, 11, 28, 6, 13, 25, 5, 27, 29, 19, 17, 16, 3, 14, 21, 33, 2, 22, 32, 7, 30, 4, 23, 20, 34, 15, 12, 1,1.06863
1, 31, 18, 26, 10, 8, 9, 24, 11, 28, 6, 13, 25, 5, 27, 29, 19, 17, 16, 3, 14, 21, 33, 2, 22, 32, 7, 30, 4, 23, 20, 34, 15, 12, 1,1.06863
1, 31, 18, 26, 10, 8, 9, 24, 11, 28, 6, 13, 25, 5, 27, 29, 19, 17, 16, 3, 14, 21, 33, 2, 22, 32, 7, 30, 4, 23, 20, 34, 15, 12, 1,1.06863
1, 31, 18, 26, 10, 8, 9, 24, 11, 28, 6, 13, 25, 5, 27, 29, 19, 17, 16, 3, 14, 21, 33, 2, 22, 32, 7, 30, 4, 23, 20, 34, 15, 12, 1,1.06863
1, 31, 18, 26, 10, 8, 9, 24, 11, 28, 6, 13, 25, 5, 27, 29, 19, 17, 16, 3, 14, 21, 33, 2, 22, 32, 7, 30, 4, 23, 20, 34, 15, 12, 1,1.06863
1, 31, 18, 26, 10, 8, 9, 24, 11, 28, 6, 13, 25, 5, 27, 29, 19, 17, 16, 3, 14, 21, 33, 2, 22, 32, 7, 30, 4, 23, 20, 34, 15, 12, 1,1.06863
1, 31, 18, 26, 10, 8, 9, 24, 11, 28, 6, 13, 25, 5, 27, 29, 19, 17, 16, 3, 14, 21, 33, 2, 22, 32, 7, 30, 4, 23, 20, 34, 15, 12, 1,1.06863
1, 31, 18, 26, 10, 8, 9, 24, 11, 28, 6, 13, 25, 5, 27, 29, 19, 17, 16, 3, 14, 21, 33, 2, 22, 32, 7, 30, 4, 23, 20, 34, 15, 12, 1,1.06863
1, 31, 18, 26, 10, 8, 9, 24, 11, 28, 6, 13, 25, 5, 27, 29, 19, 17, 16, 3, 14, 21, 33, 2, 22, 32, 7, 30, 4, 23, 20, 34, 15, 12, 1,1.06863
1, 31, 18, 26, 10, 8, 9, 24, 11, 28, 6, 13, 25, 5, 27, 29, 19, 17, 16, 3, 14, 21, 33, 2, 22, 32, 7, 30, 4, 23, 20, 34, 15, 12, 1,1.06863
1, 31, 18, 26, 10, 8, 9, 24, 11, 28, 6, 13, 25, 5, 27, 29, 19, 17, 16, 3, 14, 21, 33, 2, 22, 32, 7, 30, 4, 23, 20, 34, 15, 12, 1,1.06863
1, 31, 18, 26, 10, 8, 9, 24, 11, 28, 6, 13, 25, 5, 27, 29, 19, 17, 16, 3, 14, 21, 33, 2, 22, 32, 7, 30, 4, 23, 20, 34, 15, 12, 1,1.06863
1, 31, 18, 26, 10, 8, 9, 24, 11, 28, 6, 13, 25, 5, 27, 29, 19, 17, 16, 3, 14, 21, 33, 2, 22, 32, 7, 30, 4, 23, 20, 34, 15, 12, 1,1.06863
1, 31, 18, 26, 10, 8, 9, 24, 11, 28, 6, 13, 25, 5, 27, 29, 19, 17, 16, 3, 14, 21, 33, 2, 22, 32, 7, 30, 4, 23, 20, 34, 15, 12, 1,1.06863
1, 31, 18, 26, 10, 8, 9, 24, 11, 28, 6, 13, 25, 5, 27, 29, 19, 17, 16, 3, 14, 21, 33, 2, 22, 32, 7, 30, 4, 23, 20, 34, 15, 12, 1,1.06863
1, 31, 18, 26, 10, 8, 9, 24, 11, 28, 6, 13, 25, 5, 27, 29, 19, 17, 16, 3, 14, 21, 33, 2, 22, 32, 7, 30, 4, 23, 20, 34, 15, 12, 1,1.06863
1, 31, 18, 26, 10, 8, 9, 24, 11, 28, 6, 13, 25, 5, 27, 29, 19, 17, 16, 3, 14, 21, 33, 2, 22, 32, 7, 30, 4, 23, 20, 34, 15, 12, 1,1.06863
1, 31, 18, 26, 10, 8, 9, 24, 11, 28, 6, 13, 25, 5, 27, 29, 19, 17, 16, 3, 14, 21, 33, 2, 22, 32, 7, 30, 4, 23, 20, 34, 15, 12, 1,1.06863
1, 31, 18, 26, 10, 8, 9, 24, 11, 28, 6, 13, 25, 5, 27, 29, 19, 17, 16, 3, 14, 21, 33, 2, 22, 32, 7, 30, 4, 23, 20, 34, 15, 12, 1,1.06863
1, 31, 18, 26, 10, 8, 9, 24, 11, 28, 6, 13, 25, 5, 27, 29, 19, 17, 16, 3, 14, 21, 33, 2, 22, 32, 7, 30, 4, 23, 20, 34, 15, 12, 1,1.06863
1, 31, 18, 26, 10, 8, 9, 24, 11, 28, 6, 13, 25, 5, 27, 29, 19, 17, 16, 3, 14, 21, 33, 2, 22, 32, 7, 30, 4, 23, 20, 34, 15, 12, 1,1.06863
1, 31, 18, 26, 10, 8, 9, 24, 11, 28, 6, 13, 25, 5, 27, 29, 19, 17, 16, 3, 14, 21, 33, 2, 22, 32, 7, 30, 4, 23, 20, 34, 15, 12, 1,1.06863
1, 31, 18, 26, 10, 8, 9, 24, 11, 28, 6, 13, 25, 5, 27, 29, 19, 17, 16, 3, 14, 21, 33, 2, 22, 32, 7, 30, 4, 23, 20, 34, 15, 12, 1,1.06863
1, 31, 18, 26, 10, 8, 9, 24, 11, 28, 6, 13, 25, 5, 27, 29, 19, 17, 16, 3, 14, 21, 33, 2, 22, 32, 7, 30, 4, 23, 20, 34, 15, 12, 1,1.06863
1, 31, 18, 26, 10, 8, 9, 24, 11, 28, 6, 13, 25, 5, 27, 29, 19, 17, 16, 3, 14, 21, 33, 2, 22, 32, 7, 30, 4, 23, 20, 34, 15, 12, 1,1.06863
1, 31, 18, 26, 10, 8, 9, 24, 11, 28, 6, 13, 25, 5, 27, 29, 19, 17, 16, 3, 14, 21, 33, 2, 22, 32, 7, 30, 4, 23, 20, 34, 15, 12, 1,1.06863
1, 31, 18, 26, 10, 8, 9, 24, 11, 28, 6, 13, 25, 5, 27, 29, 19, 17, 16, 3, 14, 21, 33, 2, 22, 32, 7, 30, 4, 23, 20, 34, 15, 12, 1,1.06863
1, 31, 18, 26, 10, 8, 9, 24, 11, 28, 6, 13, 25, 5, 27, 29, 19, 17, 16, 3, 14, 21, 33, 2, 22, 32, 7, 30, 4, 23, 20, 34, 15, 12, 1,1.06863
1, 31, 18, 26, 10, 8, 9, 24, 11, 28, 6, 13, 25, 5, 27, 29, 19, 17, 16, 3, 14, 21, 33, 2, 22, 32, 7, 30, 4, 23, 20, 34, 15, 12, 1,1.06863
1, 31, 18, 26, 10, 8, 9, 24, 11, 28, 6, 13, 25, 5, 27, 29, 19, 17, 16, 3, 14, 21, 33, 2, 22, 32, 7, 30, 4, 23, 20, 34, 15, 12, 1,1.06863
1, 31, 18, 26, 10, 8, 9, 24, 11, 28, 6, 13, 25, 5, 27, 29, 19, 17, 16, 3, 14, 21, 33, 2, 22, 32, 7, 30, 4, 23, 20, 34, 15, 12, 1,1.06863
1, 31, 18, 26, 10, 8, 9, 24, 11, 28, 6, 13, 25, 5, 27, 29, 19, 17, 16, 3, 14, 21, 33, 2, 22, 32, 7, 30, 4, 23, 20, 34, 15, 12, 1,1.06863
1, 31, 18, 26, 10, 8, 9, 24, 11, 28, 6, 13, 25, 5, 27, 29, 19, 17, 16, 3, 14, 21, 33, 2, 22, 32, 7, 30, 4, 23, 20, 34, 15, 12, 1,1.06863
1, 31, 18, 26, 10, 8, 9, 24, 11, 28, 6, 13, 25, 5, 27, 29, 19, 17, 16, 3, 14, 21, 33, 2, 22, 32, 7, 30, 4, 23, 20, 34, 15, 12, 1,1.06863
1, 31, 18, 26, 10, 8, 9, 24, 11, 28, 6, 13, 25, 5, 27, 29, 19, 17, 16, 3, 14, 21, 33, 2, 22, 32, 7, 30, 4, 23, 20, 34, 15, 12, 1,1.06863
1, 31, 18, 26, 10, 8, 9, 24, 11, 28, 6, 13, 25, 5, 27, 29, 19, 17, 16, 3, 14, 21, 33, 2, 22, 32, 7, 30, 4, 23, 20, 34, 15, 12, 1,1.06863
1, 31, 18, 26, 10, 8, 9, 24, 11, 28, 6, 13, 25, 5, 27, 29, 19, 17, 16, 3, 14, 21, 33, 2, 22, 32, 7, 30, 4, 23, 20, 34, 15, 12, 1,1.06863
1, 31, 18, 26, 10, 8, 9, 24, 11, 28, 6, 13, 25, 5, 27, 29, 19, 17, 16, 3, 14, 21, 33, 2, 22, 32, 7, 30, 4, 23, 20, 34, 15, 12, 1,1.06863
1, 31, 18, 26, 10, 8, 9, 24, 11, 28, 6, 13, 25, 5, 27, 29, 19, 17, 16, 3, 14, 21, 33, 2, 22, 32, 7, 30, 4, 23, 20, 34, 15, 12, 1,1.06863
1, 31, 18, 26, 10, 8, 9, 24, 11, 28, 6, 13, 25, 5, 27, 29, 19, 17, 16, 3, 14, 21, 33, 2, 22, 32, 7, 30, 4, 23, 20, 34, 15, 12, 1,1.06863
1, 31, 18, 26, 10, 8, 9, 24, 11, 28, 6, 13, 25, 5, 27, 29, 19, 17, 16, 3, 14, 21, 33, 2, 22, 32, 7, 30, 4, 23, 20, 34, 15, 12, 1,1.06863
1, 31, 18, 26, 10, 8, 9, 24, 11, 28, 6, 13, 25, 5, 27, 29, 19, 17, 16, 3, 14, 21, 33, 2, 22, 32, 7, 30, 4, 23, 20, 34, 15, 12, 1,1.06863
1, 31, 18, 26, 10, 8, 9, 24, 11, 28, 6, 13, 25, 5, 27, 29, 19, 17, 16, 3, 14, 21, 33, 2, 22, 32, 7, 30, 4, 23, 20, 34, 15, 12, 1,1.06863
1, 31, 18, 26, 10, 8, 9, 24, 11, 28, 6, 13, 25, 5, 27, 29, 19, 17, 16, 3, 14, 21, 33, 2, 22, 32, 7, 30, 4, 23, 20, 34, 15, 12, 1,1.06863
1, 31, 18, 26, 10, 8, 9, 24, 11, 28, 6, 13, 25, 5, 27, 29, 19, 17, 16, 3, 14, 21, 33, 2, 22, 32, 7, 30, 4, 23, 20, 34, 15, 12, 1,1.06863
1, 31, 18, 26, 10, 8, 9, 24, 11, 28, 6, 13, 25, 5, 27, 29, 19, 17, 16, 3, 14, 21, 33, 2, 22, 32, 7, 30, 4, 23, 20, 34, 15, 12, 1,1.06863
1, 31, 18, 26, 10, 8, 9, 24, 11, 28, 6, 13, 25, 5, 27, 29, 19, 17, 16, 3, 14, 21, 33, 2, 22, 32, 7, 30, 4, 23, 20, 34, 15, 12, 1,1.06863
1, 31, 18, 26, 10, 8, 9, 24, 11, 28, 6, 13, 25, 5, 27, 29, 19, 17, 16, 3, 14, 21, 33, 2, 22, 32, 7, 30, 4, 23, 20, 34, 15, 12, 1,1.06863
1, 31, 18, 26, 10, 8, 9, 24, 11, 28, 6, 13, 25, 5, 27, 29, 19, 17, 16, 3, 14, 21, 33, 2, 22, 32, 7, 30, 4, 23, 20, 34, 15, 12, 1,1.06863
1, 31, 18, 26, 10, 8, 9, 24, 11, 28, 6, 13, 25, 5, 27, 29, 19, 17, 16, 3, 14, 21, 33, 2, 22, 32, 7, 30, 4, 23, 20, 34, 15, 12, 1,1.06863
1, 31, 18, 26, 10, 8, 9, 24, 11, 28, 6, 13, 25, 5, 27, 29, 19, 17, 16, 3, 14, 21, 33, 2, 22, 32, 7, 30, 4, 23, 20, 34, 15, 12, 1,1.06863
1, 31, 18, 26, 10, 8, 9, 24, 11, 28, 6, 13, 25, 5, 27, 29, 19, 17, 16, 3, 14, 21, 33, 2, 22, 32, 7, 30, 4, 23, 20, 34, 15, 12, 1,1.06863
1, 31, 18, 26, 10, 8, 9, 24, 11, 28, 6, 13, 25, 5, 27, 29, 19, 17, 16, 3, 14, 21, 33, 2, 22, 32, 7, 30, 4, 23, 20, 34, 15, 12, 1,1.06863
1, 31, 18, 26, 10, 8, 9, 24, 11, 28, 6, 13, 25, 5, 27, 29, 19, 17, 16, 3, 14, 21, 33, 2, 22, 32, 7, 30, 4, 23, 20, 34, 15, 12, 1,1.06863
1, 31, 18, 26, 10, 8, 9, 24, 11, 28, 6, 13, 25, 5, 27, 29, 19, 17, 16, 3, 14, 21, 33, 2, 22, 32, 7, 30, 4, 23, 20, 34, 15, 12, 1,1.06863
1, 31, 18, 26, 10, 8, 9, 24, 11, 28, 6, 13, 25, 5, 27, 29, 19, 17, 16, 3, 14, 21, 33, 2, 22, 32, 7, 30, 4, 23, 20, 34, 15, 12, 1,1.06863
1, 31, 18, 26, 10, 8, 9, 24, 11, 28, 6, 13, 25, 5, 27, 29, 19, 17, 16, 3, 14, 21, 33, 2, 22, 32, 7, 30, 4, 23, 20, 34, 15, 12, 1,1.06863
1, 31, 18, 26, 10, 8, 9, 24, 11, 28, 6, 13, 25, 5, 27, 29, 19, 17, 16, 3, 14, 21, 33, 2, 22, 32, 7, 30, 4, 23, 20, 34, 15, 12, 1,1.06863
1, 31, 18, 26, 10, 8, 9, 24, 11, 28, 6, 13, 25, 5, 27, 29, 19, 17, 16, 3, 14, 21, 33, 2, 22, 32, 7, 30, 4, 23, 20, 34, 15, 12, 1,1.06863
1, 31, 18, 26, 10, 8, 9, 24, 11, 28, 6, 13, 25, 5, 27, 29, 19, 17, 16, 3, 14, 21, 33, 2, 22, 32, 7, 30, 4, 23, 20, 34, 15, 12, 1,1.06863
1, 31, 18, 26, 10, 8, 9, 24, 11, 28, 6, 13, 25, 5, 27, 29, 19, 17, 16, 3, 14, 21, 33, 2, 22, 32, 7, 30, 4, 23, 20, 34, 15, 12, 1,1.06863
1, 31, 18, 26, 10, 8, 9, 24, 11, 28, 6, 13, 25, 5, 27, 29, 19, 17, 16, 3, 14, 21, 33, 2, 22, 32, 7, 30, 4, 23, 20, 34, 15, 12, 1,1.06863
1, 31, 18, 26, 10, 8, 9, 24, 11, 28, 6, 13, 25, 5, 27, 29, 19, 17, 16, 3, 14, 21, 33, 2, 22, 32, 7, 30, 4, 23, 20, 34, 15, 12, 1,1.06863
1, 31, 18, 26, 10, 8, 9, 24, 11, 28, 6, 13, 25, 5, 27, 29, 19, 17, 16, 3, 14, 21, 33, 2, 22, 32, 7, 30, 4, 23, 20, 34, 15, 12, 1,1.06863
1, 31, 18, 26, 10, 8, 9, 24, 11, 28, 6, 13, 25, 5, 27, 29, 19, 17, 16, 3, 14, 21, 33, 2, 22, 32, 7, 30, 4, 23, 20, 34, 15, 12, 1,1.06863
1, 31, 18, 26, 10, 8, 9, 24, 11, 28, 6, 13, 25, 5, 27, 29, 19, 17, 16, 3, 14, 21, 33, 2, 22, 32, 7, 30, 4, 23, 20, 34, 15, 12, 1,1.06863
1, 31, 18, 26, 10, 8, 9, 24, 11, 28, 6, 13, 25, 5, 27, 29, 19, 17, 16, 3, 14, 21, 33, 2, 22, 32, 7, 30, 4, 23, 20, 34, 15, 12, 1,1.06863
1, 31, 18, 26, 10, 8, 9, 24, 11, 28, 6, 13, 25, 5, 27, 29, 19, 17, 16, 3, 14, 21, 33, 2, 22, 32, 7, 30, 4, 23, 20, 34, 15, 12, 1,1.06863
1, 31, 18, 26, 10, 8, 9, 24, 11, 28, 6, 13, 25, 5, 27, 29, 19, 17, 16, 3, 14, 21, 33, 2, 22, 32, 7, 30, 4, 23, 20, 34, 15, 12, 1,1.06863
1, 31, 18, 26, 10, 8, 9, 24, 11, 28, 6, 13, 25, 5, 27, 29, 19, 17, 16, 3, 14, 21, 33, 2, 22, 32, 7, 30, 4, 23, 20, 34, 15, 12, 1,1.06863
1, 31, 18, 26, 10, 8, 9, 24, 11, 28, 6, 13, 25, 5, 27, 29, 19, 17, 16, 3, 14, 21, 33, 2, 22, 32, 7, 30, 4, 23, 20, 34, 15, 12, 1,1.06863
1, 31, 18, 26, 10, 8, 9, 24, 11, 28, 6, 13, 25, 5, 27, 29, 19, 17, 16, 3, 14, 21, 33, 2, 22, 32, 7, 30, 4, 23, 20, 34, 15, 12, 1,1.06863
1, 31, 18, 26, 10, 8, 9, 24, 11, 28, 6, 13, 25, 5, 27, 29, 19, 17, 16, 3, 14, 21, 33, 2, 22, 32, 7, 30, 4, 23, 20, 34, 15, 12, 1,1.06863
1, 31, 18, 26, 10, 8, 9, 24, 11, 28, 6, 13, 25, 5, 27, 29, 19, 17, 16, 3, 14, 21, 33, 2, 22, 32, 7, 30, 4, 23, 20, 34, 15, 12, 1,1.06863
1, 31, 18, 26, 10, 8, 9, 24, 11, 28, 6, 13, 25, 5, 27, 29, 19, 17, 16, 3, 14, 21, 33, 2, 22, 32, 7, 30, 4, 23, 20, 34, 15, 12, 1,1.06863
1, 31, 18, 26, 10, 8, 9, 24, 11, 28, 6, 13, 25, 5, 27, 29, 19, 17, 16, 3, 14, 21, 33, 2, 22, 32, 7, 30, 4, 23, 20, 34, 15, 12, 1,1.06863
1, 31, 18, 26, 10, 8, 9, 24, 11, 28, 6, 13, 25, 5, 27, 29, 19, 17, 16, 3, 14, 21, 33, 2, 22, 32, 7, 30, 4, 23, 20, 34, 15, 12, 1,1.06863
1, 31, 18, 26, 10, 8, 9, 24, 11, 28, 6, 13, 25, 5, 27, 29, 19, 17, 16, 3, 14, 21, 33, 2, 22, 32, 7, 30, 4, 23, 20, 34, 15, 12, 1,1.06863
1, 31, 18, 26, 10, 8, 9, 24, 11, 28, 6, 13, 25, 5, 27, 29, 19, 17, 16, 3, 14, 21, 33, 2, 22, 32, 7, 30, 4, 23, 20, 34, 15, 12, 1,1.06863
1, 31, 18, 26, 10, 8, 9, 24, 11, 28, 6, 13, 25, 5, 27, 29, 19, 17, 16, 3, 14, 21, 33, 2, 22, 32, 7, 30, 4, 23, 20, 34, 15, 12, 1,1.06863
1, 31, 18, 26, 10, 8, 9, 24, 11, 28, 6, 13, 25, 5, 27, 29, 19, 17, 16, 3, 14, 21, 33, 2, 22, 32, 7, 30, 4, 23, 20, 34, 15, 12, 1,1.06863
1, 31, 18, 26, 10, 8, 9, 24, 11, 28, 6, 13, 25, 5, 27, 29, 19, 17, 16, 3, 14, 21, 33, 2, 22, 32, 7, 30, 4, 23, 20, 34, 15, 12, 1,1.06863
1, 31, 18, 26, 10, 8, 9, 24, 11, 28, 6, 13, 25, 5, 27, 29, 19, 17, 16, 3, 14, 21, 33, 2, 22, 32, 7, 30, 4, 23, 20, 34, 15, 12, 1,1.06863
1, 31, 18, 26, 10, 8, 9, 24, 11, 28, 6, 13, 25, 5, 27, 29, 19, 17, 16, 3, 14, 21, 33, 2, 22, 32, 7, 30, 4, 23, 20, 34, 15, 12, 1,1.06863
1, 31, 18, 26, 10, 8, 9, 24, 11, 28, 6, 13, 25, 5, 27, 29, 19, 17, 16, 3, 14, 21, 33, 2, 22, 32, 7, 30, 4, 23, 20, 34, 15, 12, 1,1.06863
1, 31, 18, 26, 10, 8, 9, 24, 11, 28, 6, 13, 25, 5, 27, 29, 19, 17, 16, 3, 14, 21, 33, 2, 22, 32, 7, 30, 4, 23, 20, 34, 15, 12, 1,1.06863
1, 31, 18, 26, 10, 8, 9, 24, 11, 28, 6, 13, 25, 5, 27, 29, 19, 17, 16, 3, 14, 21, 33, 2, 22, 32, 7, 30, 4, 23, 20, 34, 15, 12, 1,1.06863
1, 31, 18, 26, 10, 8, 9, 24, 11, 28, 6, 13, 25, 5, 27, 29, 19, 17, 16, 3, 14, 21, 33, 2, 22, 32, 7, 30, 4, 23, 20, 34, 15, 12, 1,1.06863
1, 31, 18, 26, 10, 8, 9, 24, 11, 28, 6, 13, 25, 5, 27, 29, 19, 17, 16, 3, 14, 21, 33, 2, 22, 32, 7, 30, 4, 23, 20, 34, 15, 12, 1,1.06863
1, 31, 18, 26, 10, 8, 9, 24, 11, 28, 6, 13, 25, 5, 27, 29, 19, 17, 16, 3, 14, 21, 33, 2, 22, 32, 7, 30, 4, 23, 20, 34, 15, 12, 1,1.06863
1, 31, 18, 26, 10, 8, 9, 24, 11, 28, 6, 13, 25, 5, 27, 29, 19, 17, 16, 3, 14, 21, 33, 2, 22, 32, 7, 30, 4, 23, 20, 34, 15, 12, 1,1.06863
1, 31, 18, 26, 10, 8, 9, 24, 11, 28, 6, 13, 25, 5, 27, 29, 19, 17, 16, 3, 14, 21, 33, 2, 22, 32, 7, 30, 4, 23, 20, 34, 15, 12, 1,1.06863
1, 31, 18, 26, 10, 8, 9, 24, 11, 28, 6, 13, 25, 5, 27, 29, 19, 17, 16, 3, 14, 21, 33, 2, 22, 32, 7, 30, 4, 23, 20, 34, 15, 12, 1,1.06863
1, 31, 18, 26, 10, 8, 9, 24, 11, 28, 6, 13, 25, 5, 27, 29, 19, 17, 16, 3, 14, 21, 33, 2, 22, 32, 7, 30, 4, 23, 20, 34, 15, 12, 1,1.06863
1, 31, 18, 26, 10, 8, 9, 24, 11, 28, 6, 13, 25, 5, 27, 29, 19, 17, 16, 3, 14, 21, 33, 2, 22, 32, 30, 7, 4, 23, 20, 34, 15, 12, 1,1.06817
1, 31, 18, 26, 10, 8, 9, 24, 11, 28, 6, 13, 25, 5, 27, 29, 19, 17, 16, 3, 14, 21, 33, 2, 22, 32, 30, 7, 4, 23, 20, 34, 15, 12, 1,1.06817
1, 31, 18, 26, 10, 8, 9, 24, 11, 28, 6, 13, 25, 5, 27, 29, 19, 17, 16, 3, 14, 21, 33, 2, 22, 32, 30, 7, 4, 23, 20, 34, 15, 12, 1,1.06817
1, 31, 18, 26, 10, 8, 9, 24, 11, 28, 6, 13, 25, 5, 27, 29, 19, 17, 16, 3, 14, 21, 33, 2, 22, 32, 30, 7, 4, 23, 20, 34, 15, 12, 1,1.06817
1, 31, 18, 26, 10, 8, 9, 24, 11, 28, 6, 13, 25, 5, 27, 29, 19, 17, 16, 3, 14, 21, 33, 2, 22, 32, 30, 7, 4, 23, 20, 34, 15, 12, 1,1.06817
1, 31, 18, 26, 10, 8, 9, 24, 11, 28, 6, 13, 25, 5, 27, 29, 19, 17, 16, 3, 14, 21, 33, 2, 22, 32, 30, 7, 4, 23, 20, 34, 15, 12, 1,1.06817
1, 31, 18, 26, 10, 8, 9, 24, 11, 28, 6, 13, 25, 5, 27, 29, 19, 17, 16, 3, 14, 21, 33, 2, 22, 32, 30, 7, 4, 23, 20, 34, 15, 12, 1,1.06817
1, 31, 18, 26, 10, 8, 9, 24, 11, 28, 6, 13, 25, 5, 27, 29, 19, 17, 16, 3, 14, 21, 33, 2, 22, 32, 30, 7, 4, 23, 20, 34, 15, 12, 1,1.06817
1, 31, 18, 26, 10, 8, 9, 24, 11, 28, 6, 13, 25, 5, 27, 29, 19, 17, 16, 3, 14, 21, 33, 2, 22, 32, 30, 7, 4, 23, 20, 34, 15, 12, 1,1.06817
1, 31, 18, 26, 10, 8, 9, 24, 11, 28, 6, 13, 25, 5, 27, 29, 19, 17, 16, 3, 14, 21, 33, 2, 22, 32, 30, 7, 4, 23, 20, 34, 15, 12, 1,1.06817
1, 31, 18, 26, 10, 8, 9, 24, 11, 28, 6, 13, 25, 5, 27, 29, 19, 17, 16, 3, 14, 21, 33, 2, 22, 32, 30, 7, 4, 23, 20, 34, 15, 12, 1,1.06817
1, 31, 18, 26, 10, 8, 9, 24, 11, 28, 6, 13, 25, 5, 27, 29, 19, 17, 16, 3, 14, 21, 33, 2, 22, 32, 30, 7, 4, 23, 20, 34, 15, 12, 1,1.06817
1, 31, 18, 26, 10, 8, 9, 24, 11, 28, 6, 13, 25, 5, 27, 29, 19, 17, 16, 3, 14, 21, 33, 2, 22, 32, 30, 7, 4, 23, 20, 34, 15, 12, 1,1.06817
1, 31, 18, 26, 10, 8, 9, 24, 11, 28, 6, 13, 25, 5, 27, 29, 19, 17, 16, 3, 14, 21, 33, 2, 22, 32, 30, 7, 4, 23, 20, 34, 15, 12, 1,1.06817
1, 31, 18, 26, 10, 8, 9, 24, 11, 28, 6, 13, 25, 5, 27, 29, 19, 17, 16, 3, 14, 21, 33, 2, 22, 32, 30, 7, 4, 23, 20, 34, 15, 12, 1,1.06817
1, 31, 18, 26, 10, 8, 9, 24, 11, 28, 6, 13, 25, 5, 27, 29, 19, 17, 16, 3, 14, 21, 33, 2, 22, 32, 30, 7, 4, 23, 20, 34, 15, 12, 1,1.06817
1, 31, 18, 26, 10, 8, 9, 24, 11, 28, 6, 13, 25, 5, 27, 29, 19, 17, 16, 3, 14, 21, 33, 2, 22, 32, 30, 7, 4, 23, 20, 34, 15, 12, 1,1.06817
1, 31, 18, 26, 10, 8, 9, 24, 11, 28, 6, 13, 25, 5, 27, 29, 19, 17, 16, 3, 14, 21, 33, 2, 22, 32, 30, 7, 4, 23, 20, 34, 15, 12, 1,1.06817
1, 31, 18, 26, 10, 8, 9, 24, 11, 28, 6, 13, 25, 5, 27, 29, 19, 17, 16, 3, 14, 21, 33, 2, 22, 32, 30, 7, 4, 23, 20, 34, 15, 12, 1,1.06817
1, 31, 18, 26, 10, 8, 9, 24, 11, 28, 6, 13, 25, 5, 27, 29, 19, 17, 16, 3, 14, 21, 33, 2, 22, 32, 30, 7, 4, 23, 20, 34, 15, 12, 1,1.06817
1, 31, 18, 26, 10, 8, 9, 24, 11, 28, 6, 13, 25, 5, 27, 29, 19, 17, 16, 3, 14, 21, 33, 2, 22, 32, 30, 7, 4, 23, 20, 34, 15, 12, 1,1.06817
1, 31, 18, 26, 10, 8, 9, 24, 11, 28, 6, 13, 25, 5, 27, 29, 19, 17, 16, 3, 14, 21, 33, 2, 22, 32, 30, 7, 4, 23, 20, 34, 15, 12, 1,1.06817
1, 31, 18, 26, 10, 8, 9, 24, 11, 28, 6, 13, 25, 5, 27, 29, 19, 17, 16, 3, 14, 21, 33, 2, 22, 32, 30, 7, 4, 23, 20, 34, 15, 12, 1,1.06817
1, 31, 18, 26, 10, 8, 9, 24, 11, 28, 6, 13, 25, 5, 27, 29, 19, 17, 16, 3, 14, 21, 33, 2, 22, 32, 30, 7, 4, 23, 20, 34, 15, 12, 1,1.06817
1, 31, 18, 26, 10, 8, 9, 24, 11, 28, 6, 13, 25, 5, 27, 29, 19, 17, 16, 3, 14, 21, 33, 2, 22, 32, 30, 7, 4, 23, 20, 34, 15, 12, 1,1.06817
1, 31, 18, 26, 10, 8, 9, 24, 11, 28, 6, 13, 25, 5, 27, 29, 19, 17, 16, 3, 14, 21, 33, 2, 22, 32, 30, 7, 4, 23, 20, 34, 15, 12, 1,1.06817
1, 31, 18, 26, 10, 8, 9, 24, 11, 28, 6, 13, 25, 5, 27, 29, 19, 17, 16, 3, 14, 21, 33, 2, 22, 32, 30, 7, 4, 23, 20, 34, 15, 12, 1,1.06817
1, 31, 18, 26, 10, 8, 9, 24, 11, 28, 6, 13, 25, 5, 27, 29, 19, 17, 16, 3, 14, 21, 33, 2, 22, 32, 30, 7, 4, 23, 20, 34, 15, 12, 1,1.06817
1, 31, 18, 26, 10, 8, 9, 24, 11, 28, 6, 13, 25, 5, 27, 29, 19, 17, 16, 3, 14, 21, 33, 2, 22, 32, 30, 7, 4, 23, 20, 34, 15, 12, 1,1.06817
1, 31, 18, 26, 10, 8, 9, 24, 11, 28, 6, 13, 25, 5, 27, 29, 19, 17, 16, 3, 14, 21, 33, 2, 22, 32, 30, 7, 4, 23, 20, 34, 15, 12, 1,1.06817
1, 31, 18, 26, 10, 8, 9, 24, 11, 28, 6, 13, 25, 5, 27, 29, 19, 17, 16, 3, 14, 21, 33, 2, 22, 32, 30, 7, 4, 23, 20, 34, 15, 12, 1,1.06817
1, 31, 18, 26, 10, 8, 9, 24, 11, 28, 6, 13, 25, 5, 27, 29, 19, 17, 16, 3, 14, 21, 33, 2, 22, 32, 30, 7, 4, 23, 20, 34, 15, 12, 1,1.06817
1, 31, 18, 26, 10, 8, 9, 24, 11, 28, 6, 13, 25, 5, 27, 29, 19, 17, 16, 3, 14, 21, 33, 2, 22, 32, 30, 7, 4, 23, 20, 34, 15, 12, 1,1.06817
1, 31, 18, 26, 10, 8, 9, 24, 11, 28, 6, 13, 25, 5, 27, 29, 19, 17, 16, 3, 14, 21, 33, 2, 22, 32, 30, 7, 4, 23, 20, 34, 15, 12, 1,1.06817
1, 31, 18, 26, 10, 8, 9, 24, 11, 28, 6, 13, 25, 5, 27, 29, 19, 17, 16, 3, 14, 21, 33, 2, 22, 32, 30, 7, 4, 23, 20, 34, 15, 12, 1,1.06817
1, 31, 18, 26, 10, 8, 9, 24, 11, 28, 6, 13, 25, 5, 27, 29, 19, 17, 16, 3, 14, 21, 33, 2, 22, 32, 30, 7, 4, 23, 20, 34, 15, 12, 1,1.06817
1, 31, 18, 26, 10, 8, 9, 24, 11, 28, 6, 13, 25, 5, 27, 29, 19, 17, 16, 3, 14, 21, 33, 2, 22, 32, 30, 7, 4, 23, 20, 34, 15, 12, 1,1.06817
1, 31, 18, 26, 10, 8, 9, 24, 11, 28, 6, 13, 25, 5, 27, 29, 19, 17, 16, 3, 14, 21, 33, 2, 22, 32, 30, 7, 4, 23, 20, 34, 15, 12, 1,1.06817
1, 31, 18, 26, 10, 8, 9, 24, 11, 28, 6, 13, 25, 5, 27, 29, 19, 17, 16, 3, 14, 21, 33, 2, 22, 32, 30, 7, 4, 23, 20, 34, 15, 12, 1,1.06817
1, 31, 18, 26, 10, 8, 9, 24, 11, 28, 6, 13, 25, 5, 27, 29, 19, 17, 16, 3, 14, 21, 33, 2, 22, 32, 30, 7, 4, 23, 20, 34, 15, 12, 1,1.06817
1, 31, 18, 26, 10, 8, 9, 24, 11, 28, 6, 13, 25, 5, 27, 29, 19, 17, 16, 3, 14, 21, 33, 2, 22, 32, 30, 7, 4, 23, 20, 34, 15, 12, 1,1.06817
1, 31, 18, 26, 10, 8, 9, 24, 11, 28, 6, 13, 25, 5, 27, 29, 19, 17, 16, 3, 14, 21, 33, 2, 22, 32, 30, 7, 4, 23, 20, 34, 15, 12, 1,1.06817
1, 31, 18, 26, 10, 8, 9, 24, 11, 28, 6, 13, 25, 5, 27, 29, 19, 17, 16, 3, 14, 21, 33, 2, 22, 32, 30, 7, 4, 23, 20, 34, 15, 12, 1,1.06817
1, 31, 18, 26, 10, 8, 9, 24, 11, 28, 6, 13, 25, 5, 27, 29, 19, 17, 16, 3, 14, 21, 33, 2, 22, 32, 30, 7, 4, 23, 20, 34, 15, 12, 1,1.06817
1, 31, 18, 26, 10, 8, 9, 24, 11, 28, 6, 13, 25, 5, 27, 29, 19, 17, 16, 3, 14, 21, 33, 2, 22, 32, 30, 7, 4, 23, 20, 34, 15, 12, 1,1.06817
1, 31, 18, 26, 10, 8, 9, 24, 11, 28, 6, 13, 25, 5, 27, 29, 19, 17, 16, 3, 14, 21, 33, 2, 22, 32, 30, 7, 4, 23, 20, 34, 15, 12, 1,1.06817
1, 31, 18, 26, 10, 8, 9, 24, 11, 28, 6, 13, 25, 5, 27, 29, 19, 17, 16, 3, 14, 21, 33, 2, 22, 32, 30, 7, 4, 23, 20, 34, 15, 12, 1,1.06817
1, 31, 18, 26, 10, 8, 9, 24, 11, 28, 6, 13, 25, 5, 27, 29, 19, 17, 16, 3, 14, 21, 33, 2, 22, 32, 30, 7, 4, 23, 20, 34, 15, 12, 1,1.06817
1, 31, 18, 26, 10, 8, 9, 24, 11, 28, 6, 13, 25, 5, 27, 29, 19, 17, 16, 3, 14, 21, 33, 2, 22, 32, 30, 7, 4, 23, 20, 34, 15, 12, 1,1.06817
1, 31, 18, 26, 10, 8, 9, 24, 11, 28, 6, 13, 25, 5, 27, 29, 19, 17, 16, 3, 14, 21, 33, 2, 22, 32, 30, 7, 4, 23, 20, 34, 15, 12, 1,1.06817
1, 31, 18, 26, 10, 8, 9, 24, 11, 28, 6, 13, 25, 5, 27, 29, 19, 17, 16, 3, 14, 21, 33, 2, 22, 32, 30, 7, 4, 23, 20, 34, 15, 12, 1,1.06817
1, 31, 18, 26, 10, 8, 9, 24, 11, 28, 6, 13, 25, 5, 27, 29, 19, 17, 16, 3, 14, 21, 33, 2, 22, 32, 30, 7, 4, 23, 20, 34, 15, 12, 1,1.06817
1, 31, 18, 26, 10, 8, 9, 24, 11, 28, 6, 13, 25, 5, 27, 29, 19, 17, 16, 3, 14, 21, 33, 2, 22, 32, 30, 7, 4, 23, 20, 34, 15, 12, 1,1.06817
1, 31, 18, 26, 10, 8, 9, 24, 11, 28, 6, 13, 25, 5, 27, 29, 19, 17, 16, 3, 14, 21, 33, 2, 22, 32, 30, 7, 4, 23, 20, 34, 15, 12, 1,1.06817
1, 31, 18, 26, 10, 8, 9, 24, 11, 28, 6, 13, 25, 5, 27, 29, 19, 17, 16, 3, 14, 21, 33, 2, 22, 32, 30, 7, 4, 23, 20, 34, 15, 12, 1,1.06817
1, 31, 18, 26, 10, 8, 9, 24, 11, 28, 6, 13, 25, 5, 27, 29, 19, 17, 16, 3, 14, 21, 33, 2, 22, 32, 30, 7, 4, 23, 20, 34, 15, 12, 1,1.06817
1, 31, 18, 26, 10, 8, 9, 24, 11, 28, 6, 13, 25, 5, 27, 29, 19, 17, 16, 3, 14, 21, 33, 2, 22, 32, 30, 7, 4, 23, 20, 34, 15, 12, 1,1.06817
1, 31, 18, 26, 10, 8, 9, 24, 11, 28, 6, 13, 25, 5, 27, 29, 19, 17, 16, 3, 14, 21, 33, 2, 22, 32, 30, 7, 4, 23, 20, 34, 15, 12, 1,1.06817
1, 31, 18, 26, 10, 8, 9, 24, 11, 28, 6, 13, 25, 5, 27, 29, 19, 17, 16, 3, 14, 21, 33, 2, 22, 32, 30, 7, 4, 23, 20, 34, 15, 12, 1,1.06817
1, 31, 18, 26, 10, 8, 9, 24, 11, 28, 6, 13, 25, 5, 27, 29, 19, 17, 16, 3, 14, 21, 33, 2, 22, 32, 30, 7, 4, 23, 20, 34, 15, 12, 1,1.06817
1, 31, 18, 26, 10, 8, 9, 24, 11, 28, 6, 13, 25, 5, 27, 29, 19, 17, 16, 3, 14, 21, 33, 2, 22, 32, 30, 7, 4, 23, 20, 34, 15, 12, 1,1.06817
1, 31, 18, 26, 10, 8, 9, 24, 11, 28, 6, 13, 25, 5, 27, 29, 19, 17, 16, 3, 14, 21, 33, 2, 22, 32, 30, 7, 4, 23, 20, 34, 15, 12, 1,1.06817
1, 31, 18, 26, 10, 8, 9, 24, 11, 28, 6, 13, 25, 5, 27, 29, 19, 17, 16, 3, 14, 21, 33, 2, 22, 32, 30, 7, 4, 23, 20, 34, 15, 12, 1,1.06817
1, 31, 18, 26, 10, 8, 9, 24, 11, 28, 6, 13, 25, 5, 27, 29, 19, 17, 16, 3, 14, 21, 33, 2, 22, 32, 30, 7, 4, 23, 20, 34, 15, 12, 1,1.06817
1, 31, 18, 26, 10, 8, 9, 24, 11, 28, 6, 13, 25, 5, 27, 29, 19, 17, 16, 3, 14, 21, 33, 2, 22, 32, 30, 7, 4, 23, 20, 34, 15, 12, 1,1.06817
1, 31, 18, 26, 10, 8, 9, 24, 11, 28, 6, 13, 25, 5, 27, 29, 19, 17, 16, 3, 14, 21, 33, 2, 22, 32, 30, 7, 4, 23, 20, 34, 15, 12, 1,1.06817
1, 31, 18, 26, 10, 8, 9, 24, 11, 28, 6, 13, 25, 5, 27, 29, 19, 17, 16, 3, 14, 21, 33, 2, 22, 32, 30, 7, 4, 23, 20, 34, 15, 12, 1,1.06817
1, 31, 18, 26, 10, 8, 9, 24, 11, 28, 6, 13, 25, 5, 27, 29, 19, 17, 16, 3, 14, 21, 33, 2, 22, 32, 30, 7, 4, 23, 20, 34, 15, 12, 1,1.06817
1, 31, 18, 26, 10, 8, 9, 24, 11, 28, 6, 13, 25, 5, 27, 29, 19, 17, 16, 3, 14, 21, 33, 2, 22, 32, 30, 7, 4, 23, 20, 34, 15, 12, 1,1.06817
1, 31, 18, 26, 10, 8, 9, 24, 11, 28, 6, 13, 25, 5, 27, 29, 19, 17, 16, 3, 14, 21, 33, 2, 22, 32, 30, 7, 4, 23, 20, 34, 15, 12, 1,1.06817
1, 31, 18, 26, 10, 8, 9, 24, 11, 28, 6, 13, 25, 5, 27, 29, 19, 17, 16, 3, 14, 21, 33, 2, 22, 32, 30, 7, 4, 23, 20, 34, 15, 12, 1,1.06817
1, 31, 18, 26, 10, 8, 9, 24, 11, 28, 6, 13, 25, 5, 27, 29, 19, 17, 16, 3, 14, 21, 33, 2, 22, 32, 30, 7, 4, 23, 20, 34, 15, 12, 1,1.06817
1, 31, 18, 26, 10, 8, 9, 24, 11, 28, 6, 13, 25, 5, 27, 29, 19, 17, 16, 3, 14, 21, 33, 2, 22, 32, 30, 7, 4, 23, 20, 34, 15, 12, 1,1.06817
1, 31, 18, 26, 10, 8, 9, 24, 11, 28, 6, 13, 25, 5, 27, 29, 19, 17, 16, 3, 14, 21, 33, 2, 22, 32, 30, 7, 4, 23, 20, 34, 15, 12, 1,1.06817
1, 31, 18, 26, 10, 8, 9, 24, 11, 28, 6, 13, 25, 5, 27, 29, 19, 17, 16, 3, 14, 21, 33, 2, 22, 32, 30, 7, 4, 23, 20, 34, 15, 12, 1,1.06817
1, 31, 18, 26, 10, 8, 9, 24, 11, 28, 6, 13, 25, 5, 27, 29, 19, 17, 16, 3, 14, 21, 33, 2, 22, 32, 30, 7, 4, 23, 20, 34, 15, 12, 1,1.06817
1, 31, 18, 26, 10, 8, 9, 24, 11, 28, 6, 13, 25, 5, 27, 29, 19, 17, 16, 3, 14, 21, 33, 2, 22, 32, 30, 7, 4, 23, 20, 34, 15, 12, 1,1.06817
1, 31, 18, 26, 10, 8, 9, 24, 11, 28, 6, 13, 25, 5, 27, 29, 19, 17, 16, 3, 14, 21, 33, 2, 22, 32, 30, 7, 4, 23, 20, 34, 15, 12, 1,1.06817
1, 31, 18, 26, 10, 8, 9, 24, 11, 28, 6, 13, 25, 5, 27, 29, 19, 17, 16, 3, 14, 21, 33, 2, 22, 32, 30, 7, 4, 23, 20, 34, 15, 12, 1,1.06817
1, 31, 18, 26, 10, 8, 9, 24, 11, 28, 6, 13, 25, 5, 27, 29, 19, 17, 16, 3, 14, 21, 33, 2, 22, 32, 30, 7, 4, 23, 20, 34, 15, 12, 1,1.06817
1, 31, 18, 26, 10, 8, 9, 24, 11, 28, 6, 13, 25, 5, 27, 29, 19, 17, 16, 3, 14, 21, 33, 2, 22, 32, 30, 7, 4, 23, 20, 34, 15, 12, 1,1.06817
1, 31, 18, 26, 10, 8, 9, 24, 11, 28, 6, 13, 25, 5, 27, 29, 19, 17, 16, 3, 14, 21, 33, 2, 22, 32, 30, 7, 4, 23, 20, 34, 15, 12, 1,1.06817
1, 31, 18, 26, 10, 8, 9, 24, 11, 28, 6, 13, 25, 5, 27, 29, 19, 17, 16, 3, 14, 21, 33, 2, 22, 32, 30, 7, 4, 23, 20, 34, 15, 12, 1,1.06817
1, 31, 18, 26, 10, 8, 9, 24, 11, 28, 6, 13, 25, 5, 27, 29, 19, 17, 16, 3, 14, 21, 33, 2, 22, 32, 30, 7, 4, 23, 20, 34, 15, 12, 1,1.06817
1, 31, 18, 26, 10, 8, 9, 24, 11, 28, 6, 13, 25, 5, 27, 29, 19, 17, 16, 3, 14, 21, 33, 2, 22, 32, 30, 7, 4, 23, 20, 34, 15, 12, 1,1.06817
1, 31, 18, 26, 10, 8, 9, 24, 11, 28, 6, 13, 25, 5, 27, 29, 19, 17, 16, 3, 14, 21, 33, 2, 22, 32, 30, 7, 4, 23, 20, 34, 15, 12, 1,1.06817
1, 31, 18, 26, 10, 8, 9, 24, 11, 28, 6, 13, 25, 5, 27, 29, 19, 17, 16, 3, 14, 21, 33, 2, 22, 32, 30, 7, 4, 23, 20, 34, 15, 12, 1,1.06817
1, 31, 18, 26, 10, 8, 9, 24, 11, 28, 6, 13, 25, 5, 27, 29, 19, 17, 16, 3, 14, 21, 33, 2, 22, 32, 30, 7, 4, 23, 20, 34, 15, 12, 1,1.06817
1, 31, 18, 26, 10, 8, 9, 24, 11, 28, 6, 13, 25, 5, 27, 29, 19, 17, 16, 3, 14, 21, 33, 2, 22, 32, 30, 7, 4, 23, 20, 34, 15, 12, 1,1.06817
1, 31, 18, 26, 10, 8, 9, 24, 11, 28, 6, 13, 25, 5, 27, 29, 19, 17, 16, 3, 14, 21, 33, 2, 22, 32, 30, 7, 4, 23, 20, 34, 15, 12, 1,1.06817
1, 31, 18, 26, 10, 8, 9, 24, 11, 28, 6, 13, 25, 5, 27, 29, 19, 17, 16, 3, 14, 21, 33, 2, 22, 32, 30, 7, 4, 23, 20, 34, 15, 12, 1,1.06817
1, 31, 18, 26, 10, 8, 9, 24, 11, 28, 6, 13, 25, 5, 27, 29, 19, 17, 16, 3, 14, 21, 33, 2, 22, 32, 30, 7, 4, 23, 20, 34, 15, 12, 1,1.06817
1, 31, 18, 26, 10, 8, 9, 24, 11, 28, 6, 13, 25, 5, 27, 29, 19, 17, 16, 3, 14, 21, 33, 2, 22, 32, 30, 7, 4, 23, 20, 34, 15, 12, 1,1.06817
1, 31, 18, 26, 10, 8, 9, 24, 11, 28, 6, 13, 25, 5, 27, 29, 19, 17, 16, 3, 14, 21, 33, 2, 22, 32, 30, 7, 4, 23, 20, 34, 15, 12, 1,1.06817
1, 31, 18, 26, 10, 8, 9, 24, 11, 28, 6, 13, 25, 5, 27, 29, 19, 17, 16, 3, 14, 21, 33, 2, 22, 32, 30, 7, 4, 23, 20, 34, 15, 12, 1,1.06817
1, 31, 18, 26, 10, 8, 9, 24, 11, 28, 6, 13, 25, 5, 27, 29, 19, 17, 16, 3, 14, 21, 33, 2, 22, 32, 30, 7, 4, 23, 20, 34, 15, 12, 1,1.06817
1, 31, 18, 26, 10, 8, 9, 24, 11, 28, 6, 13, 25, 5, 27, 29, 19, 17, 16, 3, 14, 21, 33, 2, 22, 32, 30, 7, 4, 23, 20, 34, 15, 12, 1,1.06817
1, 31, 18, 26, 10, 8, 9, 24, 11, 28, 6, 13, 25, 5, 27, 29, 19, 17, 16, 3, 14, 21, 33, 2, 22, 32, 30, 7, 4, 23, 20, 34, 15, 12, 1,1.06817
1, 31, 18, 26, 10, 8, 9, 24, 11, 28, 6, 13, 25, 5, 27, 29, 19, 17, 16, 3, 14, 21, 33, 2, 22, 32, 30, 7, 4, 23, 20, 34, 15, 12, 1,1.06817
1, 31, 18, 26, 10, 8, 9, 24, 11, 28, 6, 13, 25, 5, 27, 29, 19, 17, 16, 3, 14, 21, 33, 2, 22, 32, 30, 7, 4, 23, 20, 34, 15, 12, 1,1.06817
1, 31, 18, 26, 10, 8, 9, 24, 11, 28, 6, 13, 25, 5, 27, 29, 19, 17, 16, 3, 14, 21, 33, 2, 22, 32, 30, 7, 4, 23, 20, 34, 15, 12, 1,1.06817
1, 31, 18, 26, 10, 8, 9, 24, 11, 28, 6, 13, 25, 5, 27, 29, 19, 17, 16, 3, 14, 21, 33, 2, 22, 32, 30, 7, 4, 23, 20, 34, 15, 12, 1,1.06817
1, 31, 18, 26, 10, 8, 9, 24, 11, 28, 6, 13, 25, 5, 27, 29, 19, 17, 16, 3, 14, 21, 33, 2, 22, 32, 30, 7, 4, 23, 20, 34, 15, 12, 1,1.06817
1, 31, 18, 26, 10, 8, 9, 24, 11, 28, 6, 13, 25, 5, 27, 29, 19, 17, 16, 3, 14, 21, 33, 2, 22, 32, 30, 7, 4, 23, 20, 34, 15, 12, 1,1.06817
1, 31, 18, 26, 10, 8, 9, 24, 11, 28, 6, 13, 25, 5, 27, 29, 19, 17, 16, 3, 14, 21, 33, 2, 22, 32, 30, 7, 4, 23, 20, 34, 15, 12, 1,1.06817
1, 31, 18, 26, 10, 8, 9, 24, 11, 28, 6, 13, 25, 5, 27, 29, 19, 17, 16, 3, 14, 21, 33, 2, 22, 32, 30, 7, 4, 23, 20, 34, 15, 12, 1,1.06817
1, 31, 18, 26, 10, 8, 9, 24, 11, 28, 6, 13, 25, 5, 27, 29, 19, 17, 16, 3, 14, 21, 33, 2, 22, 32, 30, 7, 4, 23, 20, 34, 15, 12, 1,1.06817
1, 31, 18, 26, 10, 8, 9, 24, 11, 28, 6, 13, 25, 5, 27, 29, 19, 17, 16, 3, 14, 21, 33, 2, 22, 32, 30, 7, 4, 23, 20, 34, 15, 12, 1,1.06817
1, 31, 18, 26, 10, 8, 9, 24, 11, 28, 6, 13, 25, 5, 27, 29, 19, 17, 16, 3, 14, 21, 33, 2, 22, 32, 30, 7, 4, 23, 20, 34, 15, 12, 1,1.06817
1, 31, 18, 26, 10, 8, 9, 24, 11, 28, 6, 13, 25, 5, 27, 29, 19, 17, 16, 3, 14, 21, 33, 2, 22, 32, 30, 7, 4, 23, 20, 34, 15, 12, 1,1.06817
1, 31, 18, 26, 10, 8, 9, 24, 11, 28, 6, 13, 25, 5, 27, 29, 19, 17, 16, 3, 14, 21, 33, 2, 22, 32, 30, 7, 4, 23, 20, 34, 15, 12, 1,1.06817
1, 31, 18, 26, 10, 8, 9, 24, 11, 28, 6, 13, 25, 5, 27, 29, 19, 17, 16, 3, 14, 21, 33, 2, 22, 32, 30, 7, 4, 23, 20, 34, 15, 12, 1,1.06817
1, 31, 18, 26, 10, 8, 9, 24, 11, 28, 6, 13, 25, 5, 27, 29, 19, 17, 16, 3, 14, 21, 33, 2, 22, 32, 30, 7, 4, 23, 20, 34, 15, 12, 1,1.06817
1, 31, 18, 26, 10, 8, 9, 24, 11, 28, 6, 13, 25, 5, 27, 29, 19, 17, 16, 3, 14, 21, 33, 2, 22, 32, 30, 7, 4, 23, 20, 34, 15, 12, 1,1.06817
1, 31, 18, 26, 10, 8, 9, 24, 11, 28, 6, 13, 25, 5, 27, 29, 19, 17, 16, 3, 14, 21, 33, 2, 22, 32, 30, 7, 4, 23, 20, 34, 15, 12, 1,1.06817
1, 31, 18, 26, 10, 8, 9, 24, 11, 28, 6, 13, 25, 5, 27, 29, 19, 17, 16, 3, 14, 21, 33, 2, 22, 32, 30, 7, 4, 23, 20, 34, 15, 12, 1,1.06817
1, 31, 18, 26, 10, 8, 9, 24, 11, 28, 6, 13, 25, 5, 27, 29, 19, 17, 16, 3, 14, 21, 33, 2, 22, 32, 30, 7, 4, 23, 20, 34, 15, 12, 1,1.06817
1, 31, 18, 26, 10, 8, 9, 24, 11, 28, 6, 13, 25, 5, 27, 29, 19, 17, 16, 3, 14, 21, 33, 2, 22, 32, 30, 7, 4, 23, 20, 34, 15, 12, 1,1.06817
1, 31, 18, 26, 10, 8, 9, 24, 11, 28, 6, 13, 25, 5, 27, 29, 19, 17, 16, 3, 14, 21, 33, 2, 22, 32, 30, 7, 4, 23, 20, 34, 15, 12, 1,1.06817
1, 31, 18, 26, 10, 8, 9, 24, 11, 28, 6, 13, 25, 5, 27, 29, 19, 17, 16, 3, 14, 21, 33, 2, 22, 32, 30, 7, 4, 23, 20, 34, 15, 12, 1,1.06817
1, 31, 18, 26, 10, 8, 9, 24, 11, 28, 6, 13, 25, 5, 27, 29, 19, 17, 16, 3, 14, 21, 33, 2, 22, 32, 30, 7, 4, 23, 20, 34, 15, 12, 1,1.06817
1, 31, 18, 26, 10, 8, 9, 24, 11, 28, 6, 13, 25, 5, 27, 29, 19, 17, 16, 3, 14, 21, 33, 2, 22, 32, 30, 7, 4, 23, 20, 34, 15, 12, 1,1.06817
1, 31, 18, 26, 10, 8, 9, 24, 11, 28, 6, 13, 25, 5, 27, 29, 19, 17, 16, 3, 14, 21, 33, 2, 22, 32, 30, 7, 4, 23, 20, 34, 15, 12, 1,1.06817
1, 31, 18, 26, 10, 8, 9, 24, 11, 28, 6, 13, 25, 5, 27, 29, 19, 17, 16, 3, 14, 21, 33, 2, 22, 32, 30, 7, 4, 23, 20, 34, 15, 12, 1,1.06817
1, 31, 18, 26, 10, 8, 9, 24, 11, 28, 6, 13, 25, 5, 27, 29, 19, 17, 16, 3, 14, 21, 33, 2, 22, 32, 30, 7, 4, 23, 20, 34, 15, 12, 1,1.06817
1, 31, 18, 26, 10, 8, 9, 24, 11, 28, 6, 13, 25, 5, 27, 29, 19, 17, 16, 3, 14, 21, 33, 2, 22, 32, 30, 7, 4, 23, 20, 34, 15, 12, 1,1.06817
1, 31, 18, 26, 10, 8, 9, 24, 11, 28, 6, 13, 25, 5, 27, 29, 19, 17, 16, 3, 14, 21, 33, 2, 22, 32, 30, 7, 4, 23, 20, 34, 15, 12, 1,1.06817
1, 31, 18, 26, 10, 8, 9, 24, 11, 28, 6, 13, 25, 5, 27, 29, 19, 17, 16, 3, 14, 21, 33, 2, 22, 32, 30, 7, 4, 23, 20, 34, 15, 12, 1,1.06817
1, 31, 18, 26, 10, 8, 9, 24, 11, 28, 6, 13, 25, 5, 27, 29, 19, 17, 16, 3, 14, 21, 33, 2, 22, 32, 30, 7, 4, 23, 20, 34, 15, 12, 1,1.06817
1, 31, 18, 26, 10, 8, 9, 24, 11, 28, 6, 13, 25, 5, 27, 29, 19, 17, 16, 3, 14, 21, 33, 2, 22, 32, 30, 7, 4, 23, 20, 34, 15, 12, 1,1.06817
1, 31, 18, 26, 10, 8, 9, 24, 11, 28, 6, 13, 25, 5, 27, 29, 19, 17, 16, 3, 14, 21, 33, 2, 22, 32, 30, 7, 4, 23, 20, 34, 15, 12, 1,1.06817
1, 31, 18, 26, 10, 8, 9, 24, 11, 28, 6, 13, 25, 5, 27, 29, 19, 17, 16, 3, 14, 21, 33, 2, 22, 32, 30, 7, 4, 23, 20, 34, 15, 12, 1,1.06817
1, 31, 18, 26, 10, 8, 9, 24, 11, 28, 6, 13, 25, 5, 27, 29, 19, 17, 16, 3, 14, 21, 33, 2, 22, 32, 30, 7, 4, 23, 20, 34, 15, 12, 1,1.06817
1, 31, 18, 26, 10, 8, 9, 24, 11, 28, 6, 13, 25, 5, 27, 29, 19, 17, 16, 3, 14, 21, 33, 2, 22, 32, 30, 7, 4, 23, 20, 34, 15, 12, 1,1.06817
1, 31, 18, 26, 10, 8, 9, 24, 11, 28, 6, 13, 25, 5, 27, 29, 19, 17, 16, 3, 14, 21, 33, 2, 22, 32, 30, 7, 4, 23, 20, 34, 15, 12, 1,1.06817
1, 31, 18, 26, 10, 8, 9, 24, 11, 28, 6, 13, 25, 5, 27, 29, 19, 17, 16, 3, 14, 21, 33, 2, 22, 32, 30, 7, 4, 23, 20, 34, 15, 12, 1,1.06817
1, 31, 18, 26, 10, 8, 9, 24, 11, 28, 6, 13, 25, 5, 27, 29, 19, 17, 16, 3, 14, 21, 33, 2, 22, 32, 30, 7, 4, 23, 20, 34, 15, 12, 1,1.06817
1, 31, 18, 26, 10, 8, 9, 24, 11, 28, 6, 13, 25, 5, 27, 29, 19, 17, 16, 3, 14, 21, 33, 2, 22, 32, 30, 7, 4, 23, 20, 34, 15, 12, 1,1.06817
1, 31, 18, 26, 10, 8, 9, 24, 11, 28, 6, 13, 25, 5, 27, 29, 19, 17, 16, 3, 14, 21, 33, 2, 22, 32, 30, 7, 4, 23, 20, 34, 15, 12, 1,1.06817
1, 31, 18, 26, 10, 8, 9, 24, 11, 28, 6, 13, 25, 5, 27, 29, 19, 17, 16, 3, 14, 21, 33, 2, 22, 32, 30, 7, 4, 23, 20, 34, 15, 12, 1,1.06817
1, 31, 18, 26, 10, 8, 9, 24, 11, 28, 6, 13, 25, 5, 27, 29, 19, 17, 16, 3, 14, 21, 33, 2, 22, 32, 30, 7, 4, 23, 20, 34, 15, 12, 1,1.06817
1, 31, 18, 26, 10, 8, 9, 24, 11, 28, 6, 13, 25, 5, 27, 29, 19, 17, 16, 3, 14, 21, 33, 2, 22, 32, 30, 7, 4, 23, 20, 34, 15, 12, 1,1.06817
1, 31, 18, 26, 10, 8, 9, 24, 11, 28, 6, 13, 25, 5, 27, 29, 19, 17, 16, 3, 14, 21, 33, 2, 22, 32, 30, 7, 4, 23, 20, 34, 15, 12, 1,1.06817
1, 31, 18, 26, 10, 8, 9, 24, 11, 28, 6, 13, 25, 5, 27, 29, 19, 17, 16, 3, 14, 21, 33, 2, 22, 32, 30, 7, 4, 23, 20, 34, 15, 12, 1,1.06817
1, 31, 18, 26, 10, 8, 9, 24, 11, 28, 6, 13, 25, 5, 27, 29, 19, 17, 16, 3, 14, 21, 33, 2, 22, 32, 30, 7, 4, 23, 20, 34, 15, 12, 1,1.06817
1, 31, 18, 26, 10, 8, 9, 24, 11, 28, 6, 13, 25, 5, 27, 29, 19, 17, 16, 3, 14, 21, 33, 2, 22, 32, 30, 7, 4, 23, 20, 34, 15, 12, 1,1.06817
1, 31, 18, 26, 10, 8, 9, 24, 11, 28, 6, 13, 25, 5, 27, 29, 19, 17, 16, 3, 14, 21, 33, 2, 22, 32, 30, 7, 4, 23, 20, 34, 15, 12, 1,1.06817
1, 31, 18, 26, 10, 8, 9, 24, 11, 28, 6, 13, 25, 5, 27, 29, 19, 17, 16, 3, 14, 21, 33, 2, 22, 32, 30, 7, 4, 23, 20, 34, 15, 12, 1,1.06817
1, 31, 18, 26, 10, 8, 9, 24, 11, 28, 6, 13, 25, 5, 27, 29, 19, 17, 16, 3, 14, 21, 33, 2, 22, 32, 30, 7, 4, 23, 20, 34, 15, 12, 1,1.06817
1, 31, 18, 26, 10, 8, 9, 24, 11, 28, 6, 13, 25, 5, 27, 29, 19, 17, 16, 3, 14, 21, 33, 2, 22, 32, 30, 7, 4, 23, 20, 34, 15, 12, 1,1.06817
1, 31, 18, 26, 10, 8, 9, 24, 11, 28, 6, 13, 25, 5, 27, 29, 19, 17, 16, 3, 14, 21, 33, 2, 22, 32, 30, 7, 4, 23, 20, 34, 15, 12, 1,1.06817
1, 31, 18, 26, 10, 8, 9, 24, 11, 28, 6, 13, 25, 5, 27, 29, 19, 17, 16, 3, 14, 21, 33, 2, 22, 32, 30, 7, 4, 23, 20, 34, 15, 12, 1,1.06817
1, 31, 18, 26, 10, 8, 9, 24, 11, 28, 6, 13, 25, 5, 27, 29, 19, 17, 16, 3, 14, 21, 33, 2, 22, 32, 30, 7, 4, 23, 20, 34, 15, 12, 1,1.06817
1, 31, 18, 26, 10, 8, 9, 24, 11, 28, 6, 13, 25, 5, 27, 29, 19, 17, 16, 3, 14, 21, 33, 2, 22, 32, 30, 7, 4, 23, 20, 34, 15, 12, 1,1.06817
1, 31, 18, 26, 10, 8, 9, 24, 11, 28, 6, 13, 25, 5, 27, 29, 19, 17, 16, 3, 14, 21, 33, 2, 22, 32, 30, 7, 4, 23, 20, 34, 15, 12, 1,1.06817
1, 31, 18, 26, 10, 8, 9, 24, 11, 28, 6, 13, 25, 5, 27, 29, 19, 17, 16, 3, 14, 21, 33, 2, 22, 32, 30, 7, 4, 23, 20, 34, 15, 12, 1,1.06817
1, 31, 18, 26, 10, 8, 9, 24, 11, 28, 6, 13, 25, 5, 27, 29, 19, 17, 16, 3, 14, 21, 33, 2, 22, 32, 30, 7, 4, 23, 20, 34, 15, 12, 1,1.06817
1, 31, 18, 26, 10, 8, 9, 24, 11, 28, 6, 13, 25, 5, 27, 29, 19, 17, 16, 3, 14, 21, 33, 2, 22, 32, 30, 7, 4, 23, 20, 34, 15, 12, 1,1.06817
1, 31, 18, 26, 10, 8, 9, 24, 11, 28, 6, 13, 25, 5, 27, 29, 19, 17, 16, 3, 14, 21, 33, 2, 22, 32, 30, 7, 4, 23, 20, 34, 15, 12, 1,1.06817
1, 31, 18, 26, 10, 8, 9, 24, 11, 28, 6, 13, 25, 5, 27, 29, 19, 17, 16, 3, 14, 21, 33, 2, 22, 32, 30, 7, 4, 23, 20, 34, 15, 12, 1,1.06817
1, 31, 18, 26, 10, 8, 9, 24, 11, 28, 6, 13, 25, 5, 27, 29, 19, 17, 16, 3, 14, 21, 33, 2, 22, 32, 30, 7, 4, 23, 20, 34, 15, 12, 1,1.06817
1, 31, 18, 26, 10, 8, 9, 24, 11, 28, 6, 13, 25, 5, 27, 29, 19, 17, 16, 3, 14, 21, 33, 2, 22, 32, 30, 7, 4, 23, 20, 34, 15, 12, 1,1.06817
1, 31, 18, 26, 10, 8, 9, 24, 11, 28, 6, 13, 25, 5, 27, 29, 19, 17, 16, 3, 14, 21, 33, 2, 22, 32, 30, 7, 4, 23, 20, 34, 15, 12, 1,1.06817
1, 31, 18, 26, 10, 8, 9, 24, 11, 28, 6, 13, 25, 5, 27, 29, 19, 17, 16, 3, 14, 21, 33, 2, 22, 32, 30, 7, 4, 23, 20, 34, 15, 12, 1,1.06817
1, 31, 18, 26, 10, 8, 9, 24, 11, 28, 6, 13, 25, 5, 27, 29, 19, 17, 16, 3, 14, 21, 33, 2, 22, 32, 30, 7, 4, 23, 20, 34, 15, 12, 1,1.06817
1, 31, 18, 26, 10, 8, 9, 24, 11, 28, 6, 13, 25, 5, 27, 29, 19, 17, 16, 3, 14, 21, 33, 2, 22, 32, 30, 7, 4, 23, 20, 34, 15, 12, 1,1.06817
1, 31, 18, 26, 10, 8, 9, 24, 11, 28, 6, 13, 25, 5, 27, 29, 19, 17, 16, 3, 14, 21, 33, 2, 22, 32, 30, 7, 4, 23, 20, 34, 15, 12, 1,1.06817
1, 31, 18, 26, 10, 8, 9, 24, 11, 28, 6, 13, 25, 5, 27, 29, 19, 17, 16, 3, 14, 21, 33, 2, 22, 32, 30, 7, 4, 23, 20, 34, 15, 12, 1,1.06817
1, 31, 18, 26, 10, 8, 9, 24, 11, 28, 6, 13, 25, 5, 27, 29, 19, 17, 16, 3, 14, 21, 33, 2, 22, 32, 30, 7, 4, 23, 20, 34, 15, 12, 1,1.06817
1, 31, 18, 26, 10, 8, 9, 24, 11, 28, 6, 13, 25, 5, 27, 29, 19, 17, 16, 3, 14, 21, 33, 2, 22, 32, 30, 7, 4, 23, 20, 34, 15, 12, 1,1.06817
1, 31, 18, 26, 10, 8, 9, 24, 11, 28, 6, 13, 25, 5, 27, 29, 19, 17, 16, 3, 14, 21, 33, 2, 22, 32, 30, 7, 4, 23, 20, 34, 15, 12, 1,1.06817
1, 31, 18, 26, 10, 8, 9, 24, 11, 28, 6, 13, 25, 5, 27, 29, 19, 17, 16, 3, 14, 21, 33, 2, 22, 32, 30, 7, 4, 23, 20, 34, 15, 12, 1,1.06817
1, 31, 18, 26, 10, 8, 9, 24, 11, 28, 6, 13, 25, 5, 27, 29, 19, 17, 16, 3, 14, 21, 33, 2, 22, 32, 30, 7, 4, 23, 20, 34, 15, 12, 1,1.06817
1, 31, 18, 26, 10, 8, 9, 24, 11, 28, 6, 13, 25, 5, 27, 29, 19, 17, 16, 3, 14, 21, 33, 2, 22, 32, 30, 7, 4, 23, 20, 34, 15, 12, 1,1.06817
1, 31, 18, 26, 10, 8, 9, 24, 11, 28, 6, 13, 25, 5, 27, 29, 19, 17, 16, 3, 14, 21, 33, 2, 22, 32, 30, 7, 4, 23, 20, 34, 15, 12, 1,1.06817
1, 31, 18, 26, 10, 8, 9, 24, 11, 28, 6, 13, 25, 5, 27, 29, 19, 17, 16, 3, 14, 21, 33, 2, 22, 32, 30, 7, 4, 23, 20, 34, 15, 12, 1,1.06817
1, 31, 18, 26, 10, 8, 9, 24, 11, 28, 6, 13, 25, 5, 27, 29, 19, 17, 16, 3, 14, 21, 33, 2, 22, 32, 30, 7, 4, 23, 20, 34, 15, 12, 1,1.06817
1, 31, 18, 26, 10, 8, 9, 24, 11, 28, 6, 13, 25, 5, 27, 29, 19, 17, 16, 3, 14, 21, 33, 2, 22, 32, 30, 7, 4, 23, 20, 34, 15, 12, 1,1.06817
1, 31, 18, 26, 10, 8, 9, 24, 11, 28, 6, 13, 25, 5, 27, 29, 19, 17, 16, 3, 14, 21, 33, 2, 22, 32, 30, 7, 4, 23, 20, 34, 15, 12, 1,1.06817
1, 31, 18, 26, 10, 8, 9, 24, 11, 28, 6, 13, 25, 5, 27, 29, 19, 17, 16, 3, 14, 21, 33, 2, 22, 32, 30, 7, 4, 23, 20, 34, 15, 12, 1,1.06817
1, 31, 18, 26, 10, 8, 9, 24, 11, 28, 6, 13, 25, 5, 27, 29, 19, 17, 16, 3, 14, 21, 33, 2, 22, 32, 30, 7, 4, 23, 20, 34, 15, 12, 1,1.06817
1, 31, 18, 26, 10, 8, 9, 24, 11, 28, 6, 13, 25, 5, 27, 29, 19, 17, 16, 3, 14, 21, 33, 2, 22, 32, 30, 7, 4, 23, 20, 34, 15, 12, 1,1.06817
1, 31, 18, 26, 10, 8, 9, 24, 11, 28, 6, 13, 25, 5, 27, 29, 19, 17, 16, 3, 14, 21, 33, 2, 22, 32, 30, 7, 4, 23, 20, 34, 15, 12, 1,1.06817
1, 31, 18, 26, 10, 8, 9, 24, 11, 28, 6, 13, 25, 5, 27, 29, 19, 17, 16, 3, 14, 21, 33, 2, 22, 32, 30, 7, 4, 23, 20, 34, 15, 12, 1,1.06817
1, 31, 18, 26, 10, 8, 9, 24, 11, 28, 6, 13, 25, 5, 27, 29, 19, 17, 16, 3, 14, 21, 33, 2, 22, 32, 30, 7, 4, 23, 20, 34, 15, 12, 1,1.06817
1, 31, 18, 26, 10, 8, 9, 24, 11, 28, 6, 13, 25, 5, 27, 29, 19, 17, 16, 3, 14, 21, 33, 2, 22, 32, 30, 7, 4, 23, 20, 34, 15, 12, 1,1.06817
1, 31, 18, 26, 10, 8, 9, 24, 11, 28, 6, 13, 25, 5, 27, 29, 19, 17, 16, 3, 14, 21, 33, 2, 22, 32, 30, 7, 4, 23, 20, 34, 15, 12, 1,1.06817
1, 31, 18, 26, 10, 8, 9, 24, 11, 28, 6, 13, 25, 5, 27, 29, 19, 17, 16, 3, 14, 21, 33, 2, 22, 32, 30, 7, 4, 23, 20, 34, 15, 12, 1,1.06817
1, 31, 18, 26, 10, 8, 9, 24, 11, 28, 6, 13, 25, 5, 27, 29, 19, 17, 16, 3, 14, 21, 33, 2, 22, 32, 30, 7, 4, 23, 20, 34, 15, 12, 1,1.06817
1, 31, 18, 26, 10, 8, 9, 24, 11, 28, 6, 13, 25, 5, 27, 29, 19, 17, 16, 3, 14, 21, 33, 2, 22, 32, 30, 7, 4, 23, 20, 34, 15, 12, 1,1.06817
1, 31, 18, 26, 10, 8, 9, 24, 11, 28, 6, 13, 25, 5, 27, 29, 19, 17, 16, 3, 14, 21, 33, 2, 22, 32, 30, 7, 4, 23, 20, 34, 15, 12, 1,1.06817
1, 31, 18, 26, 10, 8, 9, 24, 11, 28, 6, 13, 25, 5, 27, 29, 19, 17, 16, 3, 14, 21, 33, 2, 22, 32, 30, 7, 4, 23, 20, 34, 15, 12, 1,1.06817
1, 31, 18, 26, 10, 8, 9, 24, 11, 28, 6, 13, 25, 5, 27, 29, 19, 17, 16, 3, 14, 21, 33, 2, 22, 32, 30, 7, 4, 23, 20, 34, 15, 12, 1,1.06817
1, 31, 18, 26, 10, 8, 9, 24, 11, 28, 6, 13, 25, 5, 27, 29, 19, 17, 16, 3, 14, 21, 33, 2, 22, 32, 30, 7, 4, 23, 20, 34, 15, 12, 1,1.06817
1, 31, 18, 26, 10, 8, 9, 24, 11, 28, 6, 13, 25, 5, 27, 29, 19, 17, 16, 3, 14, 21, 33, 2, 22, 32, 30, 7, 4, 23, 20, 34, 15, 12, 1,1.06817
1, 31, 18, 26, 10, 8, 9, 24, 11, 28, 6, 13, 25, 5, 27, 29, 19, 17, 16, 3, 14, 21, 33, 2, 22, 32, 30, 7, 4, 23, 20, 34, 15, 12, 1,1.06817
1, 31, 18, 26, 10, 8, 9, 24, 11, 28, 6, 13, 25, 5, 27, 29, 19, 17, 16, 3, 14, 21, 33, 2, 22, 32, 30, 7, 4, 23, 20, 34, 15, 12, 1,1.06817
1, 31, 18, 26, 10, 8, 9, 24, 11, 28, 6, 13, 25, 5, 27, 29, 19, 17, 16, 3, 14, 21, 33, 2, 22, 32, 30, 7, 4, 23, 20, 34, 15, 12, 1,1.06817
1, 31, 18, 26, 10, 8, 9, 24, 11, 28, 6, 13, 25, 5, 27, 29, 19, 17, 16, 3, 14, 21, 33, 2, 22, 32, 30, 7, 4, 23, 20, 34, 15, 12, 1,1.06817
1, 31, 18, 26, 10, 8, 9, 24, 11, 28, 6, 13, 25, 5, 27, 29, 19, 17, 16, 3, 14, 21, 33, 2, 22, 32, 30, 7, 4, 23, 20, 34, 15, 12, 1,1.06817
1, 31, 18, 26, 10, 8, 9, 24, 11, 28, 6, 13, 25, 5, 27, 29, 19, 17, 16, 3, 14, 21, 33, 2, 22, 32, 30, 7, 4, 23, 20, 34, 15, 12, 1,1.06817
1, 31, 18, 26, 10, 8, 9, 24, 11, 28, 6, 13, 25, 5, 27, 29, 19, 17, 16, 3, 14, 21, 33, 2, 22, 32, 30, 7, 4, 23, 20, 34, 15, 12, 1,1.06817
1, 31, 18, 26, 10, 8, 9, 24, 11, 28, 6, 13, 25, 5, 27, 29, 19, 17, 16, 3, 14, 21, 33, 2, 22, 32, 30, 7, 4, 23, 20, 34, 15, 12, 1,1.06817
1, 31, 18, 26, 10, 8, 9, 24, 11, 28, 6, 13, 25, 5, 27, 29, 19, 17, 16, 3, 14, 21, 33, 2, 22, 32, 30, 7, 4, 23, 20, 34, 15, 12, 1,1.06817
1, 31, 18, 26, 10, 8, 9, 24, 11, 28, 6, 13, 25, 5, 27, 29, 19, 17, 16, 3, 14, 21, 33, 2, 22, 32, 30, 7, 4, 23, 20, 34, 15, 12, 1,1.06817
1, 31, 18, 26, 10, 8, 9, 24, 11, 28, 6, 13, 25, 5, 27, 29, 19, 17, 16, 3, 14, 21, 33, 2, 22, 32, 30, 7, 4, 23, 20, 34, 15, 12, 1,1.06817
1, 31, 18, 26, 10, 8, 9, 24, 11, 28, 6, 13, 25, 5, 27, 29, 19, 17, 16, 3, 14, 21, 33, 2, 22, 32, 30, 7, 4, 23, 20, 34, 15, 12, 1,1.06817
1, 31, 18, 26, 10, 8, 9, 24, 11, 28, 6, 13, 25, 5, 27, 29, 19, 17, 16, 3, 14, 21, 33, 2, 22, 32, 30, 7, 4, 23, 20, 34, 15, 12, 1,1.06817
1, 31, 18, 26, 10, 8, 9, 24, 11, 28, 6, 13, 25, 5, 27, 29, 19, 17, 16, 3, 14, 21, 33, 2, 22, 32, 30, 7, 4, 23, 20, 34, 15, 12, 1,1.06817
1, 31, 18, 26, 10, 8, 9, 24, 11, 28, 6, 13, 25, 5, 27, 29, 19, 17, 16, 3, 14, 21, 33, 2, 22, 32, 30, 7, 4, 23, 20, 34, 15, 12, 1,1.06817
1, 31, 18, 26, 10, 8, 9, 24, 11, 28, 6, 13, 25, 5, 27, 29, 19, 17, 16, 3, 14, 21, 33, 2, 22, 32, 30, 7, 4, 23, 20, 34, 15, 12, 1,1.06817
1, 31, 18, 26, 10, 8, 9, 24, 11, 28, 6, 13, 25, 5, 27, 29, 19, 17, 16, 3, 14, 21, 33, 2, 22, 32, 30, 7, 4, 23, 20, 34, 15, 12, 1,1.06817
1, 31, 18, 26, 10, 8, 9, 24, 11, 28, 6, 13, 25, 5, 27, 29, 19, 17, 16, 3, 14, 21, 33, 2, 22, 32, 30, 7, 4, 23, 20, 34, 15, 12, 1,1.06817
1, 31, 18, 26, 10, 8, 9, 24, 11, 28, 6, 13, 25, 5, 27, 29, 19, 17, 16, 3, 14, 21, 33, 2, 22, 32, 30, 7, 4, 23, 20, 34, 15, 12, 1,1.06817
1, 31, 18, 26, 10, 8, 9, 24, 11, 28, 6, 13, 25, 5, 27, 29, 19, 17, 16, 3, 14, 21, 33, 2, 22, 32, 30, 7, 4, 23, 20, 34, 15, 12, 1,1.06817
1, 31, 18, 26, 10, 8, 9, 24, 11, 28, 6, 13, 25, 5, 27, 29, 19, 17, 16, 3, 14, 21, 33, 2, 22, 32, 30, 7, 4, 23, 20, 34, 15, 12, 1,1.06817
1, 31, 18, 26, 10, 8, 9, 24, 11, 28, 6, 13, 25, 5, 27, 29, 19, 17, 16, 3, 14, 21, 33, 2, 22, 32, 30, 7, 4, 23, 20, 34, 15, 12, 1,1.06817
1, 31, 18, 26, 10, 8, 9, 24, 11, 28, 6, 13, 25, 5, 27, 29, 19, 17, 16, 3, 14, 21, 33, 2, 22, 32, 30, 7, 4, 23, 20, 34, 15, 12, 1,1.06817
1, 31, 18, 26, 10, 8, 9, 24, 11, 28, 6, 13, 25, 5, 27, 29, 19, 17, 16, 3, 14, 21, 33, 2, 22, 32, 30, 7, 4, 23, 20, 34, 15, 12, 1,1.06817
1, 31, 18, 26, 10, 8, 9, 24, 11, 28, 6, 13, 25, 5, 27, 29, 19, 17, 16, 3, 14, 21, 33, 2, 22, 32, 30, 7, 4, 23, 20, 34, 15, 12, 1,1.06817
1, 31, 18, 26, 10, 8, 9, 24, 11, 28, 6, 13, 25, 5, 27, 29, 19, 17, 16, 3, 14, 21, 33, 2, 22, 32, 30, 7, 4, 23, 20, 34, 15, 12, 1,1.06817
1, 31, 18, 26, 10, 8, 9, 24, 11, 28, 6, 13, 25, 5, 27, 29, 19, 17, 16, 3, 14, 21, 33, 2, 22, 32, 30, 7, 4, 23, 20, 34, 15, 12, 1,1.06817
1, 31, 18, 26, 10, 8, 9, 24, 11, 28, 6, 13, 25, 5, 27, 29, 19, 17, 16, 3, 14, 21, 33, 2, 22, 32, 30, 7, 4, 23, 20, 34, 15, 12, 1,1.06817
1, 31, 18, 26, 10, 8, 9, 24, 11, 28, 6, 13, 25, 5, 27, 29, 19, 17, 16, 3, 14, 21, 33, 2, 22, 32, 30, 7, 4, 23, 20, 34, 15, 12, 1,1.06817
1, 31, 18, 26, 10, 8, 9, 24, 11, 28, 6, 13, 25, 5, 27, 29, 19, 17, 16, 3, 14, 21, 33, 2, 22, 32, 30, 7, 4, 23, 20, 34, 15, 12, 1,1.06817
1, 31, 18, 26, 10, 8, 9, 24, 11, 28, 6, 13, 25, 5, 27, 29, 19, 17, 16, 3, 14, 21, 33, 2, 22, 32, 30, 7, 4, 23, 20, 34, 15, 12, 1,1.06817
1, 31, 18, 26, 10, 8, 9, 24, 11, 28, 6, 13, 25, 5, 27, 29, 19, 17, 16, 3, 14, 21, 33, 2, 22, 32, 30, 7, 4, 23, 20, 34, 15, 12, 1,1.06817
1, 31, 18, 26, 10, 8, 9, 24, 11, 28, 6, 13, 25, 5, 27, 29, 19, 17, 16, 3, 14, 21, 33, 2, 22, 32, 30, 7, 4, 23, 20, 34, 15, 12, 1,1.06817
1, 31, 18, 26, 10, 8, 9, 24, 11, 28, 6, 13, 25, 5, 27, 29, 19, 17, 16, 3, 14, 21, 33, 2, 22, 32, 30, 7, 4, 23, 20, 34, 15, 12, 1,1.06817
1, 31, 18, 26, 10, 8, 9, 24, 11, 28, 6, 13, 25, 5, 27, 29, 19, 17, 16, 3, 14, 21, 33, 2, 22, 32, 30, 7, 4, 23, 20, 34, 15, 12, 1,1.06817
1, 31, 18, 26, 10, 8, 9, 24, 11, 28, 6, 13, 25, 5, 27, 29, 19, 17, 16, 3, 14, 21, 33, 2, 22, 32, 30, 7, 4, 23, 20, 34, 15, 12, 1,1.06817
1, 31, 18, 26, 10, 8, 9, 24, 11, 28, 6, 13, 25, 5, 27, 29, 19, 17, 16, 3, 14, 21, 33, 2, 22, 32, 30, 7, 4, 23, 20, 34, 15, 12, 1,1.06817
1, 31, 18, 26, 10, 8, 9, 24, 11, 28, 6, 13, 25, 5, 27, 29, 19, 17, 16, 3, 14, 21, 33, 2, 22, 32, 30, 7, 4, 23, 20, 34, 15, 12, 1,1.06817
1, 31, 18, 26, 10, 8, 9, 24, 11, 28, 6, 13, 25, 5, 27, 29, 19, 17, 16, 3, 14, 21, 33, 2, 22, 32, 30, 7, 4, 23, 20, 34, 15, 12, 1,1.06817
1, 31, 18, 26, 10, 8, 9, 24, 11, 28, 6, 13, 25, 5, 27, 29, 19, 17, 16, 3, 14, 21, 33, 2, 22, 32, 30, 7, 4, 23, 20, 34, 15, 12, 1,1.06817
1, 31, 18, 26, 10, 8, 9, 24, 11, 28, 6, 13, 25, 5, 27, 29, 19, 17, 16, 3, 14, 21, 33, 2, 22, 32, 30, 7, 4, 23, 20, 34, 15, 12, 1,1.06817
1, 31, 18, 26, 10, 8, 9, 24, 11, 28, 6, 13, 25, 5, 27, 29, 19, 17, 16, 3, 14, 21, 33, 2, 22, 32, 30, 7, 4, 23, 20, 34, 15, 12, 1,1.06817
1, 31, 18, 26, 10, 8, 9, 24, 11, 28, 6, 13, 25, 5, 27, 29, 19, 17, 16, 3, 14, 21, 33, 2, 22, 32, 30, 7, 4, 23, 20, 34, 15, 12, 1,1.06817
1, 31, 18, 26, 10, 8, 9, 24, 11, 28, 6, 13, 25, 5, 27, 29, 19, 17, 16, 3, 14, 21, 33, 2, 22, 32, 30, 7, 4, 23, 20, 34, 15, 12, 1,1.06817
1, 31, 18, 26, 10, 8, 9, 24, 11, 28, 6, 13, 25, 5, 27, 29, 19, 17, 16, 3, 14, 21, 33, 2, 22, 32, 30, 7, 4, 23, 20, 34, 15, 12, 1,1.06817
1, 31, 18, 26, 10, 8, 9, 24, 11, 28, 6, 13, 25, 5, 27, 29, 19, 17, 16, 3, 14, 21, 33, 2, 22, 32, 30, 7, 4, 23, 20, 34, 15, 12, 1,1.06817
1, 31, 18, 26, 10, 8, 9, 24, 11, 28, 6, 13, 25, 5, 27, 29, 19, 17, 16, 3, 14, 21, 33, 2, 22, 32, 30, 7, 4, 23, 20, 34, 15, 12, 1,1.06817
1, 31, 18, 26, 10, 8, 9, 24, 11, 28, 6, 13, 25, 5, 27, 29, 19, 17, 16, 3, 14, 21, 33, 2, 22, 32, 30, 7, 4, 23, 20, 34, 15, 12, 1,1.06817
1, 31, 18, 26, 10, 8, 9, 24, 11, 28, 6, 13, 25, 5, 27, 29, 19, 17, 16, 3, 14, 21, 33, 2, 22, 32, 30, 7, 4, 23, 20, 34, 15, 12, 1,1.06817
1, 31, 18, 26, 10, 8, 9, 24, 11, 28, 6, 13, 25, 5, 27, 29, 19, 17, 16, 3, 14, 21, 33, 2, 22, 32, 30, 7, 4, 23, 20, 34, 15, 12, 1,1.06817
1, 31, 18, 26, 10, 8, 9, 24, 11, 28, 6, 13, 25, 5, 27, 29, 19, 17, 16, 3, 14, 21, 33, 2, 22, 32, 30, 7, 4, 23, 20, 34, 15, 12, 1,1.06817
1, 31, 18, 26, 10, 8, 9, 24, 11, 28, 6, 13, 25, 5, 27, 29, 19, 17, 16, 3, 14, 21, 33, 2, 22, 32, 30, 7, 4, 23, 20, 34, 15, 12, 1,1.06817
1, 31, 18, 26, 10, 8, 9, 24, 11, 28, 6, 13, 25, 5, 27, 29, 19, 17, 16, 3, 14, 21, 33, 2, 22, 32, 30, 7, 4, 23, 20, 34, 15, 12, 1,1.06817
1, 31, 18, 26, 10, 8, 9, 24, 11, 28, 6, 13, 25, 5, 27, 29, 19, 17, 16, 3, 14, 21, 33, 2, 22, 32, 30, 7, 4, 23, 20, 34, 15, 12, 1,1.06817
1, 31, 18, 26, 10, 8, 9, 24, 11, 28, 6, 13, 25, 5, 27, 29, 19, 17, 16, 3, 14, 21, 33, 2, 22, 32, 30, 7, 4, 23, 20, 34, 15, 12, 1,1.06817
1, 31, 18, 26, 10, 8, 9, 24, 11, 28, 6, 13, 25, 5, 27, 29, 19, 17, 16, 3, 14, 21, 33, 2, 22, 32, 30, 7, 4, 23, 20, 34, 15, 12, 1,1.06817
1, 31, 18, 26, 10, 8, 9, 24, 11, 28, 6, 13, 25, 5, 27, 29, 19, 17, 16, 3, 14, 21, 33, 2, 22, 32, 30, 7, 4, 23, 20, 34, 15, 12, 1,1.06817
1, 31, 18, 26, 10, 8, 9, 24, 11, 28, 6, 13, 25, 5, 27, 29, 19, 17, 16, 3, 14, 21, 33, 2, 22, 32, 30, 7, 4, 23, 20, 34, 15, 12, 1,1.06817
1, 31, 18, 26, 10, 8, 9, 24, 11, 28, 6, 13, 25, 5, 27, 29, 19, 17, 16, 3, 14, 21, 33, 2, 22, 32, 30, 7, 4, 23, 20, 34, 15, 12, 1,1.06817
1, 31, 18, 26, 10, 8, 9, 24, 11, 28, 6, 13, 25, 5, 27, 29, 19, 17, 16, 3, 14, 21, 33, 2, 22, 32, 30, 7, 4, 23, 20, 34, 15, 12, 1,1.06817
1, 31, 18, 26, 10, 8, 9, 24, 11, 28, 6, 13, 25, 5, 27, 29, 19, 17, 16, 3, 14, 21, 33, 2, 22, 32, 30, 7, 4, 23, 20, 34, 15, 12, 1,1.06817
1, 31, 18, 26, 10, 8, 9, 24, 11, 28, 6, 13, 25, 5, 27, 29, 19, 17, 16, 3, 14, 21, 33, 2, 22, 32, 30, 7, 4, 23, 20, 34, 15, 12, 1,1.06817
1, 31, 18, 26, 10, 8, 9, 24, 11, 28, 6, 13, 25, 5, 27, 29, 19, 17, 16, 3, 14, 21, 33, 2, 22, 32, 30, 7, 4, 23, 20, 34, 15, 12, 1,1.06817
1, 31, 18, 26, 10, 8, 9, 24, 11, 28, 6, 13, 25, 5, 27, 29, 19, 17, 16, 3, 14, 21, 33, 2, 22, 32, 30, 7, 4, 23, 20, 34, 15, 12, 1,1.06817
1, 31, 18, 26, 10, 8, 9, 24, 11, 28, 6, 13, 25, 5, 27, 29, 19, 33, 2, 17, 16, 3, 14, 21, 22, 32, 30, 7, 4, 23, 20, 34, 15, 12, 1,1.05757
1, 31, 18, 26, 10, 8, 9, 24, 11, 28, 6, 13, 25, 5, 27, 29, 19, 33, 2, 17, 16, 3, 14, 21, 22, 32, 30, 7, 4, 23, 20, 34, 15, 12, 1,1.05757
1, 31, 18, 26, 10, 8, 9, 24, 11, 28, 6, 13, 25, 5, 27, 29, 19, 33, 2, 17, 16, 3, 14, 21, 22, 32, 30, 7, 4, 23, 20, 34, 15, 12, 1,1.05757
1, 31, 18, 26, 10, 8, 9, 24, 11, 28, 6, 13, 25, 5, 27, 29, 19, 33, 2, 17, 16, 3, 14, 21, 22, 32, 30, 7, 4, 23, 20, 34, 15, 12, 1,1.05757
1, 31, 18, 26, 10, 8, 9, 24, 11, 28, 6, 13, 25, 5, 27, 29, 19, 33, 2, 17, 16, 3, 14, 21, 22, 32, 30, 7, 4, 23, 20, 34, 15, 12, 1,1.05757
1, 31, 18, 26, 10, 8, 9, 24, 11, 28, 6, 13, 25, 5, 27, 29, 19, 33, 2, 17, 16, 3, 14, 21, 22, 32, 30, 7, 4, 23, 20, 34, 15, 12, 1,1.05757
1, 31, 18, 26, 10, 8, 9, 24, 11, 28, 6, 13, 25, 5, 27, 29, 19, 33, 2, 17, 16, 3, 14, 21, 22, 32, 30, 7, 4, 23, 20, 34, 15, 12, 1,1.05757
1, 31, 18, 26, 10, 8, 9, 24, 11, 28, 6, 13, 25, 5, 27, 29, 19, 33, 2, 17, 16, 3, 14, 21, 22, 32, 30, 7, 4, 23, 20, 34, 15, 12, 1,1.05757
1, 31, 18, 26, 10, 8, 9, 24, 11, 28, 6, 13, 25, 5, 27, 29, 19, 33, 2, 17, 16, 3, 14, 21, 22, 32, 30, 7, 4, 23, 20, 34, 15, 12, 1,1.05757
1, 31, 18, 26, 10, 8, 9, 24, 11, 28, 6, 13, 25, 5, 27, 29, 19, 33, 2, 17, 16, 3, 14, 21, 22, 32, 30, 7, 4, 23, 20, 34, 15, 12, 1,1.05757
1, 31, 18, 26, 10, 8, 9, 24, 11, 28, 6, 13, 25, 5, 27, 29, 19, 33, 2, 17, 16, 3, 14, 21, 22, 32, 30, 7, 4, 23, 20, 34, 15, 12, 1,1.05757
1, 31, 18, 26, 10, 8, 9, 24, 11, 28, 6, 13, 25, 5, 27, 29, 19, 33, 2, 17, 16, 3, 14, 21, 22, 32, 30, 7, 4, 23, 20, 34, 15, 12, 1,1.05757
1, 31, 18, 26, 10, 8, 9, 24, 11, 28, 6, 13, 25, 5, 27, 29, 19, 33, 2, 17, 16, 3, 14, 21, 22, 32, 30, 7, 4, 23, 20, 34, 15, 12, 1,1.05757
1, 31, 18, 26, 10, 8, 9, 24, 11, 28, 6, 13, 25, 5, 27, 29, 19, 33, 2, 17, 16, 3, 14, 21, 22, 32, 30, 7, 4, 23, 20, 34, 15, 12, 1,1.05757
1, 31, 18, 26, 10, 8, 9, 24, 11, 28, 6, 13, 25, 5, 27, 29, 19, 33, 2, 17, 16, 3, 14, 21, 22, 32, 30, 7, 4, 23, 20, 34, 15, 12, 1,1.05757
1, 31, 18, 26, 10, 8, 9, 24, 11, 28, 6, 13, 25, 5, 27, 29, 19, 33, 2, 17, 16, 3, 14, 21, 22, 32, 30, 7, 4, 23, 20, 34, 15, 12, 1,1.05757
1, 31, 18, 26, 10, 8, 9, 24, 11, 28, 6, 13, 25, 5, 27, 29, 19, 33, 2, 17, 16, 3, 14, 21, 22, 32, 30, 7, 4, 23, 20, 34, 15, 12, 1,1.05757
1, 31, 18, 26, 10, 8, 9, 24, 11, 28, 6, 13, 25, 5, 27, 29, 19, 33, 2, 17, 16, 3, 14, 21, 22, 32, 30, 7, 4, 23, 20, 34, 15, 12, 1,1.05757
1, 31, 18, 26, 10, 8, 9, 24, 11, 28, 6, 13, 25, 5, 27, 29, 19, 33, 2, 17, 16, 3, 14, 21, 22, 32, 30, 7, 4, 23, 20, 34, 15, 12, 1,1.05757
1, 31, 18, 26, 10, 8, 9, 24, 11, 28, 6, 13, 25, 5, 27, 29, 19, 33, 2, 17, 16, 3, 14, 21, 22, 32, 30, 7, 4, 23, 20, 34, 15, 12, 1,1.05757
1, 31, 18, 26, 10, 8, 9, 24, 11, 28, 6, 13, 25, 5, 27, 29, 19, 33, 2, 17, 16, 3, 14, 21, 22, 32, 30, 7, 4, 23, 20, 34, 15, 12, 1,1.05757
1, 31, 18, 26, 10, 8, 9, 24, 11, 28, 6, 13, 25, 5, 27, 29, 19, 33, 2, 17, 16, 3, 14, 21, 22, 32, 30, 7, 4, 23, 20, 34, 15, 12, 1,1.05757
1, 31, 18, 26, 10, 8, 9, 24, 11, 28, 6, 13, 25, 5, 27, 29, 19, 33, 2, 17, 16, 3, 14, 21, 22, 32, 30, 7, 4, 23, 20, 34, 15, 12, 1,1.05757
1, 31, 18, 26, 10, 8, 9, 24, 11, 28, 6, 13, 25, 5, 27, 29, 19, 33, 2, 17, 16, 3, 14, 21, 22, 32, 30, 7, 4, 23, 20, 34, 15, 12, 1,1.05757
1, 31, 18, 26, 10, 8, 9, 24, 11, 28, 6, 13, 25, 5, 27, 29, 19, 33, 2, 17, 16, 3, 14, 21, 22, 32, 30, 7, 4, 23, 20, 34, 15, 12, 1,1.05757
1, 31, 18, 26, 10, 8, 9, 24, 11, 28, 6, 13, 25, 5, 27, 29, 19, 33, 2, 17, 16, 3, 14, 21, 22, 32, 30, 7, 4, 23, 20, 34, 15, 12, 1,1.05757
1, 31, 18, 26, 10, 8, 9, 24, 11, 28, 6, 13, 25, 5, 27, 29, 19, 33, 2, 17, 16, 3, 14, 21, 22, 32, 30, 7, 4, 23, 20, 34, 15, 12, 1,1.05757
1, 31, 18, 26, 10, 8, 9, 24, 11, 28, 6, 13, 25, 5, 27, 29, 19, 33, 2, 17, 16, 3, 14, 21, 22, 32, 30, 7, 4, 23, 20, 34, 15, 12, 1,1.05757
1, 31, 18, 26, 10, 8, 9, 24, 11, 28, 6, 13, 25, 5, 27, 29, 19, 33, 2, 17, 16, 3, 14, 21, 22, 32, 30, 7, 4, 23, 20, 34, 15, 12, 1,1.05757
1, 31, 18, 26, 10, 8, 9, 24, 11, 28, 6, 13, 25, 5, 27, 29, 19, 33, 2, 17, 16, 3, 14, 21, 22, 32, 30, 7, 4, 23, 20, 34, 15, 12, 1,1.05757
1, 31, 18, 26, 10, 8, 9, 24, 11, 28, 6, 13, 25, 5, 27, 29, 19, 33, 2, 17, 16, 3, 14, 21, 22, 32, 30, 7, 4, 23, 20, 34, 15, 12, 1,1.05757
1, 31, 18, 26, 10, 8, 9, 24, 11, 28, 6, 13, 25, 5, 27, 29, 19, 33, 2, 17, 16, 3, 14, 21, 22, 32, 30, 7, 4, 23, 20, 34, 15, 12, 1,1.05757
1, 31, 18, 26, 10, 8, 9, 24, 11, 28, 6, 13, 25, 5, 27, 29, 19, 33, 2, 17, 16, 3, 14, 21, 22, 32, 30, 7, 4, 23, 20, 34, 15, 12, 1,1.05757
1, 31, 18, 26, 10, 8, 9, 24, 11, 28, 6, 13, 25, 5, 27, 29, 19, 33, 2, 17, 16, 3, 14, 21, 22, 32, 30, 7, 4, 23, 20, 34, 15, 12, 1,1.05757
1, 31, 18, 26, 10, 8, 9, 24, 11, 28, 6, 13, 25, 5, 27, 29, 19, 33, 2, 17, 16, 3, 14, 21, 22, 32, 30, 7, 4, 23, 20, 34, 15, 12, 1,1.05757
1, 31, 18, 26, 10, 8, 9, 24, 11, 28, 6, 13, 25, 5, 27, 29, 19, 33, 2, 17, 16, 3, 14, 21, 22, 32, 30, 7, 4, 23, 20, 34, 15, 12, 1,1.05757
1, 31, 18, 26, 10, 8, 9, 24, 11, 28, 6, 13, 25, 5, 27, 29, 19, 33, 2, 17, 16, 3, 14, 21, 22, 32, 30, 7, 4, 23, 20, 34, 15, 12, 1,1.05757
1, 31, 18, 26, 10, 8, 9, 24, 11, 28, 6, 13, 25, 5, 27, 29, 19, 33, 2, 17, 16, 3, 14, 21, 22, 32, 30, 7, 4, 23, 20, 34, 15, 12, 1,1.05757
1, 31, 18, 26, 10, 8, 9, 24, 11, 28, 6, 13, 25, 5, 27, 29, 19, 33, 2, 17, 16, 3, 14, 21, 22, 32, 30, 7, 4, 23, 20, 34, 15, 12, 1,1.05757
1, 31, 18, 26, 10, 8, 9, 24, 11, 28, 6, 13, 25, 5, 27, 29, 19, 33, 2, 17, 16, 3, 14, 21, 22, 32, 30, 7, 4, 23, 20, 34, 15, 12, 1,1.05757
1, 31, 18, 26, 10, 8, 9, 24, 11, 28, 6, 13, 25, 5, 27, 29, 19, 33, 2, 17, 16, 3, 14, 21, 22, 32, 30, 7, 4, 23, 20, 34, 15, 12, 1,1.05757
1, 31, 18, 26, 10, 8, 9, 24, 11, 28, 6, 13, 25, 5, 27, 29, 19, 33, 2, 17, 16, 3, 14, 21, 22, 32, 30, 7, 4, 23, 20, 34, 15, 12, 1,1.05757
1, 31, 18, 26, 10, 8, 9, 24, 11, 28, 6, 13, 25, 5, 27, 29, 19, 33, 2, 17, 16, 3, 14, 21, 22, 32, 30, 7, 4, 23, 20, 34, 15, 12, 1,1.05757
1, 31, 18, 26, 10, 8, 9, 24, 11, 28, 6, 13, 25, 5, 27, 29, 19, 33, 2, 17, 16, 3, 14, 21, 22, 32, 30, 7, 4, 23, 20, 34, 15, 12, 1,1.05757
1, 31, 18, 26, 10, 8, 9, 24, 11, 28, 6, 13, 25, 5, 27, 29, 19, 33, 2, 17, 16, 3, 14, 21, 22, 32, 30, 7, 4, 23, 20, 34, 15, 12, 1,1.05757
1, 31, 18, 26, 10, 8, 9, 24, 11, 28, 6, 13, 25, 5, 27, 29, 19, 33, 2, 17, 16, 3, 14, 21, 22, 32, 30, 7, 4, 23, 20, 34, 15, 12, 1,1.05757
1, 31, 18, 26, 10, 8, 9, 24, 11, 28, 6, 13, 25, 5, 27, 29, 19, 33, 2, 17, 16, 3, 14, 21, 22, 32, 30, 7, 4, 23, 20, 34, 15, 12, 1,1.05757
1, 31, 18, 26, 10, 8, 9, 24, 11, 28, 6, 13, 25, 5, 27, 29, 19, 33, 2, 17, 16, 3, 14, 21, 22, 32, 30, 7, 4, 23, 20, 34, 15, 12, 1,1.05757
1, 31, 18, 26, 10, 8, 9, 24, 11, 28, 6, 13, 25, 5, 27, 29, 19, 33, 2, 17, 16, 3, 14, 21, 22, 32, 30, 7, 4, 23, 20, 34, 15, 12, 1,1.05757
1, 31, 18, 26, 10, 8, 9, 24, 11, 28, 6, 13, 25, 5, 27, 29, 19, 33, 2, 17, 16, 3, 14, 21, 22, 32, 30, 7, 4, 23, 20, 34, 15, 12, 1,1.05757
1, 31, 18, 26, 10, 8, 9, 24, 11, 28, 6, 13, 25, 5, 27, 29, 19, 33, 2, 17, 16, 3, 14, 21, 22, 32, 30, 7, 4, 23, 20, 34, 15, 12, 1,1.05757
1, 31, 18, 26, 10, 8, 9, 24, 11, 28, 6, 13, 25, 5, 27, 29, 19, 33, 2, 17, 16, 3, 14, 21, 22, 32, 30, 7, 4, 23, 20, 34, 15, 12, 1,1.05757
1, 31, 18, 26, 10, 8, 9, 24, 11, 28, 6, 13, 25, 5, 27, 29, 19, 33, 2, 17, 16, 3, 14, 21, 22, 32, 30, 7, 4, 23, 20, 34, 15, 12, 1,1.05757
1, 31, 18, 26, 10, 8, 9, 24, 11, 28, 6, 13, 25, 5, 27, 29, 19, 33, 2, 17, 16, 3, 14, 21, 22, 32, 30, 7, 4, 23, 20, 34, 15, 12, 1,1.05757
1, 31, 18, 26, 10, 8, 9, 24, 11, 28, 6, 13, 25, 5, 27, 29, 19, 33, 2, 17, 16, 3, 14, 21, 22, 32, 30, 7, 4, 23, 20, 34, 15, 12, 1,1.05757
1, 31, 18, 26, 10, 8, 9, 24, 11, 28, 6, 13, 25, 5, 27, 29, 19, 33, 2, 17, 16, 3, 14, 21, 22, 32, 30, 7, 4, 23, 20, 34, 15, 12, 1,1.05757
1, 31, 18, 26, 10, 8, 9, 24, 11, 28, 6, 13, 25, 5, 27, 29, 19, 33, 2, 17, 16, 3, 14, 21, 22, 32, 30, 7, 4, 23, 20, 34, 15, 12, 1,1.05757
1, 31, 18, 26, 10, 8, 9, 24, 11, 28, 6, 13, 25, 5, 27, 29, 19, 33, 2, 17, 16, 3, 14, 21, 22, 32, 30, 7, 4, 23, 20, 34, 15, 12, 1,1.05757
1, 31, 18, 26, 10, 8, 9, 24, 11, 28, 6, 13, 25, 5, 27, 29, 19, 33, 2, 17, 16, 3, 14, 21, 22, 32, 30, 7, 4, 23, 20, 34, 15, 12, 1,1.05757
1, 31, 18, 26, 10, 8, 9, 24, 11, 28, 6, 13, 25, 5, 27, 29, 19, 33, 2, 17, 16, 3, 14, 21, 22, 32, 30, 7, 4, 23, 20, 34, 15, 12, 1,1.05757
1, 31, 18, 26, 10, 8, 9, 24, 11, 28, 6, 13, 25, 5, 27, 29, 19, 33, 2, 17, 16, 3, 14, 21, 22, 32, 30, 7, 4, 23, 20, 34, 15, 12, 1,1.05757
1, 31, 18, 26, 10, 8, 9, 24, 11, 28, 6, 13, 25, 5, 27, 29, 19, 33, 2, 17, 16, 3, 14, 21, 22, 32, 30, 7, 4, 23, 20, 34, 15, 12, 1,1.05757
1, 31, 18, 26, 10, 8, 9, 24, 11, 28, 6, 13, 25, 5, 27, 29, 19, 33, 2, 17, 16, 3, 14, 21, 22, 32, 30, 7, 4, 23, 20, 34, 15, 12, 1,1.05757
1, 31, 18, 26, 10, 8, 9, 24, 11, 28, 6, 13, 25, 5, 27, 29, 19, 33, 2, 17, 16, 3, 14, 21, 22, 32, 30, 7, 4, 23, 20, 34, 15, 12, 1,1.05757
1, 31, 18, 26, 10, 8, 9, 24, 11, 28, 6, 13, 25, 5, 27, 29, 19, 33, 2, 17, 16, 3, 14, 21, 22, 32, 30, 7, 4, 23, 20, 34, 15, 12, 1,1.05757
1, 31, 18, 26, 10, 8, 9, 24, 11, 28, 6, 13, 25, 5, 27, 29, 19, 33, 2, 17, 16, 3, 14, 21, 22, 32, 30, 7, 4, 23, 20, 34, 15, 12, 1,1.05757
1, 31, 18, 26, 10, 8, 9, 24, 11, 28, 6, 13, 25, 5, 27, 29, 19, 33, 2, 17, 16, 3, 14, 21, 22, 32, 30, 7, 4, 23, 20, 34, 15, 12, 1,1.05757
1, 31, 18, 26, 10, 8, 9, 24, 11, 28, 6, 13, 25, 5, 27, 29, 19, 33, 2, 17, 16, 3, 14, 21, 22, 32, 30, 7, 4, 23, 20, 34, 15, 12, 1,1.05757
1, 31, 18, 26, 10, 8, 9, 24, 11, 28, 6, 13, 25, 5, 27, 29, 19, 33, 2, 17, 16, 3, 14, 21, 22, 32, 30, 7, 4, 23, 20, 34, 15, 12, 1,1.05757
1, 31, 18, 26, 10, 8, 9, 24, 11, 28, 6, 13, 25, 5, 27, 29, 19, 33, 2, 17, 16, 3, 14, 21, 22, 32, 30, 7, 4, 23, 20, 34, 15, 12, 1,1.05757
1, 31, 18, 26, 10, 8, 9, 24, 11, 28, 6, 13, 25, 5, 27, 29, 19, 33, 2, 17, 16, 3, 14, 21, 22, 32, 30, 7, 4, 23, 20, 34, 15, 12, 1,1.05757
1, 31, 18, 26, 10, 8, 9, 24, 11, 28, 6, 13, 25, 5, 27, 29, 19, 33, 2, 17, 16, 3, 14, 21, 22, 32, 30, 7, 4, 23, 20, 34, 15, 12, 1,1.05757
1, 31, 18, 26, 10, 8, 9, 24, 11, 28, 6, 13, 25, 5, 27, 29, 19, 33, 2, 17, 16, 3, 14, 21, 22, 32, 30, 7, 4, 23, 20, 34, 15, 12, 1,1.05757
1, 31, 18, 26, 10, 8, 9, 24, 11, 28, 6, 13, 25, 5, 27, 29, 19, 33, 2, 17, 16, 3, 14, 21, 22, 32, 30, 7, 4, 23, 20, 34, 15, 12, 1,1.05757
1, 31, 18, 26, 10, 8, 9, 24, 11, 28, 6, 13, 25, 5, 27, 29, 19, 33, 2, 17, 16, 3, 14, 21, 22, 32, 30, 7, 4, 23, 20, 34, 15, 12, 1,1.05757
1, 31, 18, 26, 10, 8, 9, 24, 11, 28, 6, 13, 25, 5, 27, 29, 19, 33, 2, 17, 16, 3, 14, 21, 22, 32, 30, 7, 4, 23, 20, 34, 15, 12, 1,1.05757
1, 31, 18, 26, 10, 8, 9, 24, 11, 28, 6, 13, 25, 5, 27, 29, 19, 33, 2, 17, 16, 3, 14, 21, 22, 32, 30, 7, 4, 23, 20, 34, 15, 12, 1,1.05757
1, 31, 18, 26, 10, 8, 9, 24, 11, 28, 6, 13, 25, 5, 27, 29, 19, 33, 2, 17, 16, 3, 14, 21, 22, 32, 30, 7, 4, 23, 20, 34, 15, 12, 1,1.05757
1, 31, 18, 26, 10, 8, 9, 24, 11, 28, 6, 13, 25, 5, 27, 29, 19, 33, 2, 17, 16, 3, 14, 21, 22, 32, 30, 7, 4, 23, 20, 34, 15, 12, 1,1.05757
1, 31, 18, 26, 10, 8, 9, 24, 11, 28, 6, 13, 25, 5, 27, 29, 19, 33, 2, 17, 16, 3, 14, 21, 22, 32, 30, 7, 4, 23, 20, 34, 15, 12, 1,1.05757
1, 31, 18, 26, 10, 8, 9, 24, 11, 28, 6, 13, 25, 5, 27, 29, 19, 33, 2, 17, 16, 3, 14, 21, 22, 32, 30, 7, 4, 23, 20, 34, 15, 12, 1,1.05757
1, 31, 18, 26, 10, 8, 9, 24, 11, 28, 6, 13, 25, 5, 27, 29, 19, 33, 2, 17, 16, 3, 14, 21, 22, 32, 30, 7, 4, 23, 20, 34, 15, 12, 1,1.05757
1, 31, 18, 26, 10, 8, 9, 24, 11, 28, 6, 13, 25, 5, 27, 29, 19, 33, 2, 17, 16, 3, 14, 21, 22, 32, 30, 7, 4, 23, 20, 34, 15, 12, 1,1.05757
1, 31, 18, 26, 10, 8, 9, 24, 11, 28, 6, 13, 25, 5, 27, 29, 19, 33, 2, 17, 16, 3, 14, 21, 22, 32, 30, 7, 4, 23, 20, 34, 15, 12, 1,1.05757
1, 31, 18, 26, 10, 8, 9, 24, 11, 28, 6, 13, 25, 5, 27, 29, 19, 33, 2, 17, 16, 3, 14, 21, 22, 32, 30, 7, 4, 23, 20, 34, 15, 12, 1,1.05757
1, 31, 18, 26, 10, 8, 9, 24, 11, 28, 6, 13, 25, 5, 27, 29, 19, 33, 2, 17, 16, 3, 14, 21, 22, 32, 30, 7, 4, 23, 20, 34, 15, 12, 1,1.05757
1, 31, 18, 26, 10, 8, 9, 24, 11, 28, 6, 13, 25, 5, 27, 29, 19, 33, 2, 17, 16, 3, 14, 21, 22, 32, 30, 7, 4, 23, 20, 34, 15, 12, 1,1.05757
1, 31, 18, 26, 10, 8, 9, 24, 11, 28, 6, 13, 25, 5, 27, 29, 19, 33, 2, 17, 16, 3, 14, 21, 22, 32, 30, 7, 4, 23, 20, 34, 15, 12, 1,1.05757
1, 31, 18, 26, 10, 8, 9, 24, 11, 28, 6, 13, 25, 5, 27, 29, 19, 33, 2, 17, 16, 3, 14, 21, 22, 32, 30, 7, 4, 23, 20, 34, 15, 12, 1,1.05757
1, 31, 18, 26, 10, 8, 9, 24, 11, 28, 6, 13, 25, 5, 27, 29, 19, 33, 2, 17, 16, 3, 14, 21, 22, 32, 30, 7, 4, 23, 20, 34, 15, 12, 1,1.05757
1, 31, 18, 26, 10, 8, 9, 24, 11, 28, 6, 13, 25, 5, 27, 29, 19, 33, 2, 17, 16, 3, 14, 21, 22, 32, 30, 7, 4, 23, 20, 34, 15, 12, 1,1.05757
1, 31, 18, 26, 10, 8, 9, 24, 11, 28, 6, 13, 25, 5, 27, 29, 19, 33, 2, 17, 16, 3, 14, 21, 22, 32, 30, 7, 4, 23, 20, 34, 15, 12, 1,1.05757
1, 31, 18, 26, 10, 8, 9, 24, 11, 28, 6, 13, 25, 5, 27, 29, 19, 33, 2, 17, 16, 3, 14, 21, 22, 32, 30, 7, 4, 23, 20, 34, 15, 12, 1,1.05757
1, 31, 18, 26, 10, 8, 9, 24, 11, 28, 6, 13, 25, 5, 27, 29, 19, 33, 2, 17, 16, 3, 14, 21, 22, 32, 30, 7, 4, 23, 20, 34, 15, 12, 1,1.05757
1, 31, 18, 26, 10, 8, 9, 24, 11, 28, 6, 13, 25, 5, 27, 29, 19, 33, 2, 17, 16, 3, 14, 21, 22, 32, 30, 7, 4, 23, 20, 34, 15, 12, 1,1.05757
1, 31, 18, 26, 10, 8, 9, 24, 11, 28, 6, 13, 25, 5, 27, 29, 19, 33, 2, 17, 16, 3, 14, 21, 22, 32, 30, 7, 4, 23, 20, 34, 15, 12, 1,1.05757
1, 31, 18, 26, 10, 8, 9, 24, 11, 28, 6, 13, 25, 5, 27, 29, 19, 33, 2, 17, 16, 3, 14, 21, 22, 32, 30, 7, 4, 23, 20, 34, 15, 12, 1,1.05757
1, 31, 18, 26, 10, 8, 9, 24, 11, 28, 6, 13, 25, 5, 27, 29, 19, 33, 2, 17, 16, 3, 14, 21, 22, 32, 30, 7, 4, 23, 20, 34, 15, 12, 1,1.05757
1, 31, 18, 26, 10, 8, 9, 24, 11, 28, 6, 13, 25, 5, 27, 29, 19, 33, 2, 17, 16, 3, 14, 21, 22, 32, 30, 7, 4, 23, 20, 34, 15, 12, 1,1.05757
1, 31, 18, 26, 10, 8, 9, 24, 11, 28, 6, 13, 25, 5, 27, 29, 19, 33, 2, 17, 16, 3, 14, 21, 22, 32, 30, 7, 4, 23, 20, 34, 15, 12, 1,1.05757
1, 31, 18, 26, 10, 8, 9, 24, 11, 28, 6, 13, 25, 5, 27, 29, 19, 33, 2, 17, 16, 3, 14, 21, 22, 32, 30, 7, 4, 23, 20, 34, 15, 12, 1,1.05757
1, 31, 18, 26, 10, 8, 9, 24, 11, 28, 6, 13, 25, 5, 27, 29, 19, 33, 2, 17, 16, 3, 14, 21, 22, 32, 30, 7, 4, 23, 20, 34, 15, 12, 1,1.05757
1, 31, 18, 26, 10, 8, 9, 24, 11, 28, 6, 13, 25, 5, 27, 29, 19, 33, 2, 17, 16, 3, 14, 21, 22, 32, 30, 7, 4, 23, 20, 34, 15, 12, 1,1.05757
1, 31, 18, 26, 10, 8, 9, 24, 11, 28, 6, 13, 25, 5, 27, 29, 19, 33, 2, 17, 16, 3, 14, 21, 22, 32, 30, 7, 4, 23, 20, 34, 15, 12, 1,1.05757
1, 31, 18, 26, 10, 8, 9, 24, 11, 28, 6, 13, 25, 5, 27, 29, 19, 33, 2, 17, 16, 3, 14, 21, 22, 32, 30, 7, 4, 23, 20, 34, 15, 12, 1,1.05757
1, 31, 18, 26, 10, 8, 9, 24, 11, 28, 6, 13, 25, 5, 27, 29, 19, 33, 2, 17, 16, 3, 14, 21, 22, 32, 30, 7, 4, 23, 20, 34, 15, 12, 1,1.05757
1, 31, 18, 26, 10, 8, 9, 24, 11, 28, 6, 13, 25, 5, 27, 29, 19, 33, 2, 17, 16, 3, 14, 21, 22, 32, 30, 7, 4, 23, 20, 34, 15, 12, 1,1.05757
1, 31, 18, 26, 10, 8, 9, 24, 11, 28, 6, 13, 25, 5, 27, 29, 19, 33, 2, 17, 16, 3, 14, 21, 22, 32, 30, 7, 4, 23, 20, 34, 15, 12, 1,1.05757
1, 31, 18, 26, 10, 8, 9, 24, 11, 28, 6, 13, 25, 5, 27, 29, 19, 33, 2, 17, 16, 3, 14, 21, 22, 32, 30, 7, 4, 23, 20, 34, 15, 12, 1,1.05757
1, 31, 18, 26, 10, 8, 9, 24, 11, 28, 6, 13, 25, 5, 27, 29, 19, 33, 2, 17, 16, 3, 14, 21, 22, 32, 30, 7, 4, 23, 20, 34, 15, 12, 1,1.05757
1, 31, 18, 26, 10, 8, 9, 24, 11, 28, 6, 13, 25, 5, 27, 29, 19, 33, 2, 17, 16, 3, 14, 21, 22, 32, 30, 7, 4, 23, 20, 34, 15, 12, 1,1.05757
1, 31, 18, 26, 10, 8, 9, 24, 11, 28, 6, 13, 25, 5, 27, 29, 19, 33, 2, 17, 16, 3, 14, 21, 22, 32, 30, 7, 4, 23, 20, 34, 15, 12, 1,1.05757
1, 31, 18, 26, 10, 8, 9, 24, 11, 28, 6, 13, 25, 5, 27, 29, 19, 33, 2, 17, 16, 3, 14, 21, 22, 32, 30, 7, 4, 23, 20, 34, 15, 12, 1,1.05757
1, 31, 18, 26, 10, 8, 9, 24, 11, 28, 6, 13, 25, 5, 27, 29, 19, 33, 2, 17, 16, 3, 14, 21, 22, 32, 30, 7, 4, 23, 20, 34, 15, 12, 1,1.05757
1, 31, 18, 26, 10, 8, 9, 24, 11, 28, 6, 13, 25, 5, 27, 29, 19, 33, 2, 17, 16, 3, 14, 21, 22, 32, 30, 7, 4, 23, 20, 34, 15, 12, 1,1.05757
1, 31, 18, 26, 10, 8, 9, 24, 11, 28, 6, 13, 25, 5, 27, 29, 19, 33, 2, 17, 16, 3, 14, 21, 22, 32, 30, 7, 4, 23, 20, 34, 15, 12, 1,1.05757
1, 31, 18, 26, 10, 8, 9, 24, 11, 28, 6, 13, 25, 5, 27, 29, 19, 33, 2, 17, 16, 3, 14, 21, 22, 32, 30, 7, 4, 23, 20, 34, 15, 12, 1,1.05757
1, 31, 18, 26, 10, 8, 9, 24, 11, 28, 6, 13, 25, 5, 27, 29, 19, 33, 2, 17, 16, 3, 14, 21, 22, 32, 30, 7, 4, 23, 20, 34, 15, 12, 1,1.05757
1, 31, 18, 26, 10, 8, 9, 24, 11, 28, 6, 13, 25, 5, 27, 29, 19, 33, 2, 17, 16, 3, 14, 21, 22, 32, 30, 7, 4, 23, 20, 34, 15, 12, 1,1.05757
1, 31, 18, 26, 10, 8, 9, 24, 11, 28, 6, 13, 25, 5, 27, 29, 19, 33, 2, 17, 16, 3, 14, 21, 22, 32, 30, 7, 4, 23, 20, 34, 15, 12, 1,1.05757
1, 31, 18, 26, 10, 8, 9, 24, 11, 28, 6, 13, 25, 5, 27, 29, 19, 33, 2, 17, 16, 3, 14, 21, 22, 32, 30, 7, 4, 23, 20, 34, 15, 12, 1,1.05757
1, 31, 18, 26, 10, 8, 9, 24, 11, 28, 6, 13, 25, 5, 27, 29, 19, 33, 2, 17, 16, 3, 14, 21, 22, 32, 30, 7, 4, 23, 20, 34, 15, 12, 1,1.05757
1, 31, 18, 26, 10, 8, 9, 24, 11, 28, 6, 13, 25, 5, 27, 29, 19, 33, 2, 17, 16, 3, 14, 21, 22, 32, 30, 7, 4, 23, 20, 34, 15, 12, 1,1.05757
1, 31, 18, 26, 10, 8, 9, 24, 11, 28, 6, 13, 25, 5, 27, 29, 19, 33, 2, 17, 16, 3, 14, 21, 22, 32, 30, 7, 4, 23, 20, 34, 15, 12, 1,1.05757
1, 31, 18, 26, 10, 8, 9, 24, 11, 28, 6, 13, 25, 5, 27, 29, 19, 33, 2, 17, 16, 3, 14, 21, 22, 32, 30, 7, 4, 23, 20, 34, 15, 12, 1,1.05757
1, 31, 18, 26, 10, 8, 9, 24, 11, 28, 6, 13, 25, 5, 27, 29, 19, 33, 2, 17, 16, 3, 14, 21, 22, 32, 30, 7, 4, 23, 20, 34, 15, 12, 1,1.05757
1, 31, 18, 26, 10, 8, 9, 24, 11, 28, 6, 13, 25, 5, 27, 29, 19, 33, 2, 17, 16, 3, 14, 21, 22, 32, 30, 7, 4, 23, 20, 34, 15, 12, 1,1.05757
1, 31, 18, 26, 10, 8, 9, 24, 11, 28, 6, 13, 25, 5, 27, 29, 19, 33, 2, 17, 16, 3, 14, 21, 22, 32, 30, 7, 4, 23, 20, 34, 15, 12, 1,1.05757
1, 31, 18, 26, 10, 8, 9, 24, 11, 28, 6, 13, 25, 5, 27, 29, 19, 33, 2, 17, 16, 3, 14, 21, 22, 32, 30, 7, 4, 23, 20, 34, 15, 12, 1,1.05757
1, 31, 18, 26, 10, 8, 9, 24, 11, 28, 6, 13, 25, 5, 27, 29, 19, 33, 2, 17, 16, 3, 14, 21, 22, 32, 30, 7, 4, 23, 20, 34, 15, 12, 1,1.05757
1, 31, 18, 26, 10, 8, 9, 24, 11, 28, 6, 13, 25, 5, 27, 29, 19, 33, 2, 17, 16, 3, 14, 21, 22, 32, 30, 7, 4, 23, 20, 34, 15, 12, 1,1.05757
1, 31, 18, 26, 10, 8, 9, 24, 11, 28, 6, 13, 25, 5, 27, 29, 19, 33, 2, 17, 16, 3, 14, 21, 22, 32, 30, 7, 4, 23, 20, 34, 15, 12, 1,1.05757
1, 31, 18, 26, 10, 8, 9, 24, 11, 28, 6, 13, 25, 5, 27, 29, 19, 33, 2, 17, 16, 3, 14, 21, 22, 32, 30, 7, 4, 23, 20, 34, 15, 12, 1,1.05757
1, 31, 18, 26, 10, 8, 9, 24, 11, 28, 6, 13, 25, 5, 27, 29, 19, 33, 2, 17, 16, 3, 14, 21, 22, 32, 30, 7, 4, 23, 20, 34, 15, 12, 1,1.05757
1, 31, 18, 26, 10, 8, 9, 24, 11, 28, 6, 13, 25, 5, 27, 29, 19, 33, 2, 17, 16, 3, 14, 21, 22, 32, 30, 7, 4, 23, 20, 34, 15, 12, 1,1.05757
1, 31, 18, 26, 10, 8, 9, 24, 11, 28, 6, 13, 25, 5, 27, 29, 19, 33, 2, 17, 16, 3, 14, 21, 22, 32, 30, 7, 4, 23, 20, 34, 15, 12, 1,1.05757
1, 31, 18, 26, 10, 8, 9, 24, 11, 28, 6, 13, 25, 5, 27, 29, 19, 33, 2, 17, 16, 3, 14, 21, 22, 32, 30, 7, 4, 23, 20, 34, 15, 12, 1,1.05757
1, 31, 18, 26, 10, 8, 9, 24, 11, 28, 6, 13, 25, 5, 27, 29, 19, 33, 2, 17, 16, 3, 14, 21, 22, 32, 30, 7, 4, 23, 20, 34, 15, 12, 1,1.05757
1, 31, 18, 26, 10, 8, 9, 24, 11, 28, 6, 13, 25, 5, 27, 29, 19, 33, 2, 17, 16, 3, 14, 21, 22, 32, 30, 7, 4, 23, 20, 34, 15, 12, 1,1.05757
1, 31, 18, 26, 10, 8, 9, 24, 11, 28, 6, 13, 25, 5, 27, 29, 19, 33, 2, 17, 16, 3, 14, 21, 22, 32, 30, 7, 4, 23, 20, 34, 15, 12, 1,1.05757
1, 31, 18, 26, 10, 8, 9, 24, 11, 28, 6, 13, 25, 5, 27, 29, 19, 33, 2, 17, 16, 3, 14, 21, 22, 32, 30, 7, 4, 23, 20, 34, 15, 12, 1,1.05757
1, 31, 18, 26, 10, 8, 9, 24, 11, 28, 6, 13, 25, 5, 27, 29, 19, 33, 2, 17, 16, 3, 14, 21, 22, 32, 30, 7, 4, 23, 20, 34, 15, 12, 1,1.05757
1, 31, 18, 26, 10, 8, 9, 24, 11, 28, 6, 13, 25, 5, 27, 29, 19, 33, 2, 17, 16, 3, 14, 21, 22, 32, 30, 7, 4, 23, 20, 34, 15, 12, 1,1.05757
1, 31, 18, 26, 10, 8, 9, 24, 11, 28, 6, 13, 25, 5, 27, 29, 19, 33, 2, 17, 16, 3, 14, 21, 22, 32, 30, 7, 4, 23, 20, 34, 15, 12, 1,1.05757
1, 31, 18, 26, 10, 8, 9, 24, 11, 28, 6, 13, 25, 5, 27, 29, 19, 33, 2, 17, 16, 3, 14, 21, 22, 32, 30, 7, 4, 23, 20, 34, 15, 12, 1,1.05757
1, 31, 18, 26, 10, 8, 9, 24, 11, 28, 6, 13, 25, 5, 27, 29, 19, 33, 2, 17, 16, 3, 14, 21, 22, 32, 30, 7, 4, 23, 20, 34, 15, 12, 1,1.05757
1, 31, 18, 26, 10, 8, 9, 24, 11, 28, 6, 13, 25, 5, 27, 29, 19, 33, 2, 17, 16, 3, 14, 21, 22, 32, 30, 7, 4, 23, 20, 34, 15, 12, 1,1.05757
1, 31, 18, 26, 10, 8, 9, 24, 11, 28, 6, 13, 25, 5, 27, 29, 19, 33, 2, 17, 16, 3, 14, 21, 22, 32, 30, 7, 4, 23, 20, 34, 15, 12, 1,1.05757
1, 31, 18, 26, 10, 8, 9, 24, 11, 28, 6, 13, 25, 5, 27, 29, 19, 33, 2, 17, 16, 3, 14, 21, 22, 32, 30, 7, 4, 23, 20, 34, 15, 12, 1,1.05757
1, 31, 18, 26, 10, 8, 9, 24, 11, 28, 6, 13, 25, 5, 27, 29, 19, 33, 2, 17, 16, 3, 14, 21, 22, 32, 30, 7, 4, 23, 20, 34, 15, 12, 1,1.05757
1, 31, 18, 26, 10, 8, 9, 24, 11, 28, 6, 13, 25, 5, 27, 29, 19, 33, 2, 17, 16, 3, 14, 21, 22, 32, 30, 7, 4, 23, 20, 34, 15, 12, 1,1.05757
1, 31, 18, 26, 10, 8, 9, 24, 11, 28, 6, 13, 25, 5, 27, 29, 19, 33, 2, 17, 16, 3, 14, 21, 22, 32, 30, 7, 4, 23, 20, 34, 15, 12, 1,1.05757
1, 31, 18, 26, 10, 8, 9, 24, 11, 28, 6, 13, 25, 5, 27, 29, 19, 33, 2, 17, 16, 3, 14, 21, 22, 32, 30, 7, 4, 23, 20, 34, 15, 12, 1,1.05757
1, 31, 18, 26, 10, 8, 9, 24, 11, 28, 6, 13, 25, 5, 27, 29, 19, 33, 2, 17, 16, 3, 14, 21, 22, 32, 30, 7, 4, 23, 20, 34, 15, 12, 1,1.05757
1, 31, 18, 26, 10, 8, 9, 24, 11, 28, 6, 13, 25, 5, 27, 29, 19, 33, 2, 17, 16, 3, 14, 21, 22, 32, 30, 7, 4, 23, 20, 34, 15, 12, 1,1.05757
1, 31, 18, 26, 10, 8, 9, 24, 11, 28, 6, 13, 25, 5, 27, 29, 19, 33, 2, 17, 16, 3, 14, 21, 22, 32, 30, 7, 4, 23, 20, 34, 15, 12, 1,1.05757
1, 31, 18, 26, 10, 8, 9, 24, 11, 28, 6, 13, 25, 5, 27, 29, 19, 33, 2, 17, 16, 3, 14, 21, 22, 32, 30, 7, 4, 23, 20, 34, 15, 12, 1,1.05757
1, 31, 18, 26, 10, 8, 9, 24, 11, 28, 6, 13, 25, 5, 27, 29, 19, 33, 2, 17, 16, 3, 14, 21, 22, 32, 30, 7, 4, 23, 20, 34, 15, 12, 1,1.05757
1, 31, 18, 26, 10, 8, 9, 24, 11, 28, 6, 13, 25, 5, 27, 29, 19, 33, 2, 17, 16, 3, 14, 21, 22, 32, 30, 7, 4, 23, 20, 34, 15, 12, 1,1.05757
1, 31, 18, 26, 10, 8, 9, 24, 11, 28, 6, 13, 25, 5, 27, 29, 19, 33, 2, 17, 16, 3, 14, 21, 22, 32, 30, 7, 4, 23, 20, 34, 15, 12, 1,1.05757
1, 31, 18, 26, 10, 8, 9, 24, 11, 28, 6, 13, 25, 5, 27, 29, 19, 33, 2, 17, 16, 3, 14, 21, 22, 32, 30, 7, 4, 23, 20, 34, 15, 12, 1,1.05757
1, 31, 18, 26, 10, 8, 9, 24, 11, 28, 6, 13, 25, 5, 27, 29, 19, 33, 2, 17, 16, 3, 14, 21, 22, 32, 30, 7, 4, 23, 20, 34, 15, 12, 1,1.05757
1, 31, 18, 26, 10, 8, 9, 24, 11, 28, 6, 13, 25, 5, 27, 29, 19, 33, 2, 17, 16, 3, 14, 21, 22, 32, 30, 7, 4, 23, 20, 34, 15, 12, 1,1.05757
1, 31, 18, 26, 10, 8, 9, 24, 11, 28, 6, 13, 25, 5, 27, 29, 19, 33, 2, 17, 16, 3, 14, 21, 22, 32, 30, 7, 4, 23, 20, 34, 15, 12, 1,1.05757
1, 31, 18, 26, 10, 8, 9, 24, 11, 28, 6, 13, 25, 5, 27, 29, 19, 33, 2, 17, 16, 3, 14, 21, 22, 32, 30, 7, 4, 23, 20, 34, 15, 12, 1,1.05757
1, 31, 18, 26, 10, 8, 9, 24, 11, 28, 6, 13, 25, 5, 27, 29, 19, 33, 2, 17, 16, 3, 14, 21, 22, 32, 30, 7, 4, 23, 20, 34, 15, 12, 1,1.05757
1, 31, 18, 26, 10, 8, 9, 24, 11, 28, 6, 13, 25, 5, 27, 29, 19, 33, 2, 17, 16, 3, 14, 21, 22, 32, 30, 7, 4, 23, 20, 34, 15, 12, 1,1.05757
1, 31, 18, 26, 10, 8, 9, 24, 11, 28, 6, 13, 25, 5, 27, 29, 19, 33, 2, 17, 16, 3, 14, 21, 22, 32, 30, 7, 4, 23, 20, 34, 15, 12, 1,1.05757
1, 31, 18, 26, 10, 8, 9, 24, 11, 28, 6, 13, 25, 5, 27, 29, 19, 33, 2, 17, 16, 3, 14, 21, 22, 32, 30, 7, 4, 23, 20, 34, 15, 12, 1,1.05757
1, 31, 18, 26, 10, 8, 9, 24, 11, 28, 6, 13, 25, 5, 27, 29, 19, 33, 2, 17, 16, 3, 14, 21, 22, 32, 30, 7, 4, 23, 20, 34, 15, 12, 1,1.05757
1, 31, 18, 26, 10, 8, 9, 24, 11, 28, 6, 13, 25, 5, 27, 29, 19, 33, 2, 17, 16, 3, 14, 21, 22, 32, 30, 7, 4, 23, 20, 34, 15, 12, 1,1.05757
1, 31, 18, 26, 10, 8, 9, 24, 11, 28, 6, 13, 25, 5, 27, 29, 19, 33, 2, 17, 16, 3, 14, 21, 22, 32, 30, 7, 4, 23, 20, 34, 15, 12, 1,1.05757
1, 31, 18, 26, 10, 8, 9, 24, 11, 28, 6, 13, 25, 5, 27, 29, 19, 33, 2, 17, 16, 3, 14, 21, 22, 32, 30, 7, 4, 23, 20, 34, 15, 12, 1,1.05757
1, 31, 18, 26, 10, 8, 9, 24, 11, 28, 6, 13, 25, 5, 27, 29, 19, 33, 2, 17, 16, 3, 14, 21, 22, 32, 30, 7, 4, 23, 20, 34, 15, 12, 1,1.05757
1, 31, 18, 26, 10, 8, 9, 24, 11, 28, 6, 13, 25, 5, 27, 29, 19, 33, 2, 17, 16, 3, 14, 21, 22, 32, 30, 7, 4, 23, 20, 34, 15, 12, 1,1.05757
1, 31, 18, 26, 10, 8, 9, 24, 11, 28, 6, 13, 25, 5, 27, 29, 19, 33, 2, 17, 16, 3, 14, 21, 22, 32, 30, 7, 4, 23, 20, 34, 15, 12, 1,1.05757
1, 31, 18, 26, 10, 8, 9, 24, 11, 28, 6, 13, 25, 5, 27, 29, 19, 33, 2, 17, 16, 3, 14, 21, 22, 32, 30, 7, 4, 23, 20, 34, 15, 12, 1,1.05757
1, 31, 18, 26, 10, 8, 9, 24, 11, 28, 6, 13, 25, 5, 27, 29, 19, 33, 2, 17, 16, 3, 14, 21, 22, 32, 30, 7, 4, 23, 20, 34, 15, 12, 1,1.05757
1, 31, 18, 26, 10, 8, 9, 24, 11, 28, 6, 13, 25, 5, 27, 29, 19, 33, 2, 17, 16, 3, 14, 21, 22, 32, 30, 7, 4, 23, 20, 34, 15, 12, 1,1.05757
1, 31, 18, 26, 10, 8, 9, 24, 11, 28, 6, 13, 25, 5, 27, 29, 19, 33, 2, 17, 16, 3, 14, 21, 22, 32, 30, 7, 4, 23, 20, 34, 15, 12, 1,1.05757
1, 31, 18, 26, 10, 8, 9, 24, 11, 28, 6, 13, 25, 5, 27, 29, 19, 33, 2, 17, 16, 3, 14, 21, 22, 32, 30, 7, 4, 23, 20, 34, 15, 12, 1,1.05757
1, 31, 18, 26, 10, 8, 9, 24, 11, 28, 6, 13, 25, 5, 27, 29, 19, 33, 2, 17, 16, 3, 14, 21, 22, 32, 30, 7, 4, 23, 20, 34, 15, 12, 1,1.05757
1, 31, 18, 26, 10, 8, 9, 24, 11, 28, 6, 13, 25, 5, 27, 29, 19, 33, 2, 17, 16, 3, 14, 21, 22, 32, 30, 7, 4, 23, 20, 34, 15, 12, 1,1.05757
1, 31, 18, 26, 10, 8, 9, 24, 11, 28, 6, 13, 25, 5, 27, 29, 19, 33, 2, 17, 16, 3, 14, 21, 22, 32, 30, 7, 4, 23, 20, 34, 15, 12, 1,1.05757
1, 31, 18, 26, 10, 8, 9, 24, 11, 28, 6, 13, 25, 5, 27, 29, 19, 33, 2, 17, 16, 3, 14, 21, 22, 32, 30, 7, 4, 23, 20, 34, 15, 12, 1,1.05757
1, 31, 18, 26, 10, 8, 9, 24, 11, 28, 6, 13, 25, 5, 27, 29, 19, 33, 2, 17, 16, 3, 14, 21, 22, 32, 30, 7, 4, 23, 20, 34, 15, 12, 1,1.05757
1, 31, 18, 26, 10, 8, 9, 24, 11, 28, 6, 13, 25, 5, 27, 29, 19, 33, 2, 17, 16, 3, 14, 21, 22, 32, 30, 7, 4, 23, 20, 34, 15, 12, 1,1.05757
1, 31, 18, 26, 10, 8, 9, 24, 11, 28, 6, 13, 25, 5, 27, 29, 19, 33, 2, 17, 16, 3, 14, 21, 22, 32, 30, 7, 4, 23, 20, 34, 15, 12, 1,1.05757
1, 31, 18, 26, 10, 8, 9, 24, 11, 28, 6, 13, 25, 5, 27, 29, 19, 33, 2, 17, 16, 3, 14, 21, 22, 32, 30, 7, 4, 23, 20, 34, 15, 12, 1,1.05757
1, 31, 18, 26, 10, 8, 9, 24, 11, 28, 6, 13, 25, 5, 27, 29, 19, 33, 2, 17, 16, 3, 14, 21, 22, 32, 30, 7, 4, 23, 20, 34, 15, 12, 1,1.05757
1, 31, 18, 26, 10, 8, 9, 24, 11, 28, 6, 13, 25, 5, 27, 29, 19, 33, 2, 17, 16, 3, 14, 21, 22, 32, 30, 7, 4, 23, 20, 34, 15, 12, 1,1.05757
1, 31, 18, 26, 10, 8, 9, 24, 11, 28, 6, 13, 25, 5, 27, 29, 19, 33, 2, 17, 16, 3, 14, 21, 22, 32, 30, 7, 4, 23, 20, 34, 15, 12, 1,1.05757
1, 31, 18, 26, 10, 8, 9, 24, 11, 28, 6, 13, 25, 5, 27, 29, 19, 33, 2, 17, 16, 3, 14, 21, 22, 32, 30, 7, 4, 23, 20, 34, 15, 12, 1,1.05757
1, 31, 18, 26, 10, 8, 9, 24, 11, 28, 6, 13, 25, 5, 27, 29, 19, 33, 2, 17, 16, 3, 14, 21, 22, 32, 30, 7, 4, 23, 20, 34, 15, 12, 1,1.05757
1, 31, 18, 26, 10, 8, 9, 24, 11, 28, 6, 13, 25, 5, 27, 29, 19, 33, 2, 17, 16, 3, 14, 21, 22, 32, 30, 7, 4, 23, 20, 34, 15, 12, 1,1.05757
1, 31, 18, 26, 10, 8, 9, 24, 11, 28, 6, 13, 25, 5, 27, 29, 19, 33, 2, 17, 16, 3, 14, 21, 22, 32, 30, 7, 4, 23, 20, 34, 15, 12, 1,1.05757
1, 31, 18, 26, 10, 8, 9, 24, 11, 28, 6, 13, 25, 5, 27, 29, 19, 33, 2, 17, 16, 3, 14, 21, 22, 32, 30, 7, 4, 23, 20, 34, 15, 12, 1,1.05757
1, 31, 18, 26, 10, 8, 9, 24, 11, 28, 6, 13, 25, 5, 27, 29, 19, 33, 2, 17, 16, 3, 14, 21, 22, 32, 30, 7, 4, 23, 20, 34, 15, 12, 1,1.05757
1, 31, 18, 26, 10, 8, 9, 24, 11, 28, 6, 13, 25, 5, 27, 29, 19, 33, 2, 17, 16, 3, 14, 21, 22, 32, 30, 7, 4, 23, 20, 34, 15, 12, 1,1.05757
1, 31, 18, 26, 10, 8, 9, 24, 11, 28, 6, 13, 25, 5, 27, 29, 19, 33, 2, 17, 16, 3, 14, 21, 22, 32, 30, 7, 4, 23, 20, 34, 15, 12, 1,1.05757
1, 31, 18, 26, 10, 8, 9, 24, 11, 28, 6, 13, 25, 5, 27, 29, 19, 33, 2, 17, 16, 3, 14, 21, 22, 32, 30, 7, 4, 23, 20, 34, 15, 12, 1,1.05757
1, 31, 18, 26, 10, 8, 9, 24, 11, 28, 6, 13, 25, 5, 27, 29, 19, 33, 2, 17, 16, 3, 14, 21, 22, 32, 30, 7, 4, 23, 20, 34, 15, 12, 1,1.05757
1, 31, 18, 26, 10, 8, 9, 24, 11, 28, 6, 13, 25, 5, 27, 29, 19, 33, 2, 17, 16, 3, 14, 21, 22, 32, 30, 7, 4, 23, 20, 34, 15, 12, 1,1.05757
1, 31, 18, 26, 10, 8, 9, 24, 11, 28, 6, 13, 25, 5, 27, 29, 19, 33, 2, 17, 16, 3, 14, 21, 22, 32, 30, 7, 4, 23, 20, 34, 15, 12, 1,1.05757
1, 31, 18, 26, 10, 8, 9, 24, 11, 28, 6, 13, 25, 5, 27, 29, 19, 33, 2, 17, 16, 3, 14, 21, 22, 32, 30, 7, 4, 23, 20, 34, 15, 12, 1,1.05757
1, 31, 18, 26, 10, 8, 9, 24, 11, 28, 6, 13, 25, 5, 27, 29, 19, 33, 2, 17, 16, 3, 14, 21, 22, 32, 30, 7, 4, 23, 20, 34, 15, 12, 1,1.05757
1, 31, 18, 26, 10, 8, 9, 24, 11, 28, 6, 13, 25, 5, 27, 29, 19, 33, 2, 17, 16, 3, 14, 21, 22, 32, 30, 7, 4, 23, 20, 34, 15, 12, 1,1.05757
1, 31, 18, 26, 10, 8, 9, 24, 11, 28, 6, 13, 25, 5, 27, 29, 19, 33, 2, 17, 16, 3, 14, 21, 22, 32, 30, 7, 4, 23, 20, 34, 15, 12, 1,1.05757
1, 31, 18, 26, 10, 8, 9, 24, 11, 28, 6, 13, 25, 5, 27, 29, 19, 33, 2, 17, 16, 3, 14, 21, 22, 32, 30, 7, 4, 23, 20, 34, 15, 12, 1,1.05757
1, 31, 18, 26, 10, 8, 9, 24, 11, 28, 6, 13, 25, 5, 27, 29, 19, 33, 2, 17, 16, 3, 14, 21, 22, 32, 30, 7, 4, 23, 20, 34, 15, 12, 1,1.05757
1, 31, 18, 26, 10, 8, 9, 24, 11, 28, 6, 13, 25, 5, 27, 29, 19, 33, 2, 17, 16, 3, 14, 21, 22, 32, 30, 7, 4, 23, 20, 34, 15, 12, 1,1.05757
1, 31, 18, 26, 10, 8, 9, 24, 11, 28, 6, 13, 25, 5, 27, 29, 19, 33, 2, 17, 16, 3, 14, 21, 22, 32, 30, 7, 4, 23, 20, 34, 15, 12, 1,1.05757
1, 31, 18, 26, 10, 8, 9, 24, 11, 28, 6, 13, 25, 5, 27, 29, 19, 33, 2, 17, 16, 3, 14, 21, 22, 32, 30, 7, 4, 23, 20, 34, 15, 12, 1,1.05757
1, 31, 18, 26, 10, 8, 9, 24, 11, 28, 6, 13, 25, 5, 27, 29, 19, 33, 2, 17, 16, 3, 14, 21, 22, 32, 30, 7, 4, 23, 20, 34, 15, 12, 1,1.05757
1, 31, 18, 26, 10, 8, 9, 24, 11, 28, 6, 13, 25, 5, 27, 29, 19, 33, 2, 17, 16, 3, 14, 21, 22, 32, 30, 7, 4, 23, 20, 34, 15, 12, 1,1.05757
1, 31, 18, 26, 10, 8, 9, 24, 11, 28, 6, 13, 25, 5, 27, 29, 19, 33, 2, 17, 16, 3, 14, 21, 22, 32, 30, 7, 4, 23, 20, 34, 15, 12, 1,1.05757
1, 31, 18, 26, 10, 8, 9, 24, 11, 28, 6, 13, 25, 5, 27, 29, 19, 33, 2, 17, 16, 3, 14, 21, 22, 32, 30, 7, 4, 23, 20, 34, 15, 12, 1,1.05757
1, 31, 18, 26, 10, 8, 9, 24, 11, 28, 6, 13, 25, 5, 27, 29, 19, 33, 2, 17, 16, 3, 14, 21, 22, 32, 30, 7, 4, 23, 20, 34, 15, 12, 1,1.05757
1, 31, 18, 26, 10, 8, 9, 24, 11, 28, 6, 13, 25, 5, 27, 29, 19, 33, 2, 17, 16, 3, 14, 21, 22, 32, 30, 7, 4, 23, 20, 34, 15, 12, 1,1.05757
1, 31, 18, 26, 10, 8, 9, 24, 11, 28, 6, 13, 25, 5, 27, 29, 19, 33, 2, 17, 16, 3, 14, 21, 22, 32, 30, 7, 4, 23, 20, 34, 15, 12, 1,1.05757
1, 31, 18, 26, 10, 8, 9, 24, 11, 28, 6, 13, 25, 5, 27, 29, 19, 33, 2, 17, 16, 3, 14, 21, 22, 32, 30, 7, 4, 23, 20, 34, 15, 12, 1,1.05757
1, 31, 18, 26, 10, 8, 9, 24, 11, 28, 6, 13, 25, 5, 27, 29, 19, 33, 2, 17, 16, 3, 14, 21, 22, 32, 30, 7, 4, 23, 20, 34, 15, 12, 1,1.05757
1, 31, 18, 26, 10, 8, 9, 24, 11, 28, 6, 13, 25, 5, 27, 29, 19, 33, 2, 17, 16, 3, 14, 21, 22, 32, 30, 7, 4, 23, 20, 34, 15, 12, 1,1.05757
1, 31, 18, 26, 10, 8, 9, 24, 11, 28, 6, 13, 25, 5, 27, 29, 19, 33, 2, 17, 16, 3, 14, 21, 22, 32, 30, 7, 4, 23, 20, 34, 15, 12, 1,1.05757
1, 31, 18, 26, 10, 8, 9, 24, 11, 28, 6, 13, 25, 5, 27, 29, 19, 33, 2, 17, 16, 3, 14, 21, 22, 32, 30, 7, 4, 23, 20, 34, 15, 12, 1,1.05757
1, 31, 18, 26, 10, 8, 9, 24, 11, 28, 6, 13, 25, 5, 27, 29, 19, 33, 2, 17, 16, 3, 14, 21, 22, 32, 30, 7, 4, 23, 20, 34, 15, 12, 1,1.05757
1, 31, 18, 26, 10, 8, 9, 24, 11, 28, 6, 13, 25, 5, 27, 29, 19, 33, 2, 17, 16, 3, 14, 21, 22, 32, 30, 7, 4, 23, 20, 34, 15, 12, 1,1.05757
1, 31, 18, 26, 10, 8, 9, 24, 11, 28, 6, 13, 25, 5, 27, 29, 19, 33, 2, 17, 16, 3, 14, 21, 22, 32, 30, 7, 4, 23, 20, 34, 15, 12, 1,1.05757
1, 31, 18, 26, 10, 8, 9, 24, 11, 28, 6, 13, 25, 5, 27, 29, 19, 33, 2, 17, 16, 3, 14, 21, 22, 32, 30, 7, 4, 23, 20, 34, 15, 12, 1,1.05757
1, 31, 18, 26, 10, 8, 9, 24, 11, 28, 6, 13, 25, 5, 27, 29, 19, 33, 2, 17, 16, 3, 14, 21, 22, 32, 30, 7, 4, 23, 20, 34, 15, 12, 1,1.05757
1, 31, 18, 26, 10, 8, 9, 24, 11, 28, 6, 13, 25, 5, 27, 29, 19, 33, 2, 17, 16, 3, 14, 21, 22, 32, 30, 7, 4, 23, 20, 34, 15, 12, 1,1.05757
1, 31, 18, 26, 10, 8, 9, 24, 11, 28, 6, 13, 25, 5, 27, 29, 19, 33, 2, 17, 16, 3, 14, 21, 22, 32, 30, 7, 4, 23, 20, 34, 15, 12, 1,1.05757
1, 31, 18, 26, 10, 8, 9, 24, 11, 28, 6, 13, 25, 5, 27, 29, 19, 33, 2, 17, 16, 3, 14, 21, 22, 32, 30, 7, 4, 23, 20, 34, 15, 12, 1,1.05757
1, 31, 18, 26, 10, 8, 9, 24, 11, 28, 6, 13, 25, 5, 27, 29, 19, 33, 2, 17, 16, 3, 14, 21, 22, 32, 30, 7, 4, 23, 20, 34, 15, 12, 1,1.05757
